{"type":"FeatureCollection","features":[{"type":"Feature","properties":{"block_count":19,"land_area_km2":0.536,"centroid":[-80.006732,40.452746],"bbox":[-80.014568,40.449438,-80.000906,40.456219],"boundary_source":"Dissolved from 2010 Census blocks (BlockCodes2016)","id":"allegheny-center","name":"Allegheny Center","geography":"neighborhood"},"geometry":{"type":"Polygon","coordinates":[[[-80.002744,40.450055],[-80.001205,40.450367],[-80.00134,40.450776],[-80.000906,40.450857],[-80.002621,40.456219],[-80.014568,40.453966],[-80.014018,40.452405],[-80.013571,40.452436],[-80.013185,40.45237],[-80.011113,40.451543],[-80.009627,40.451818],[-80.008948,40.449953],[-80.008312,40.449689],[-80.00741,40.449492],[-80.006547,40.449438],[-80.005909,40.449472],[-80.004693,40.449657],[-80.002744,40.450055]]]}},{"type":"Feature","properties":{"block_count":24,"land_area_km2":0.3618,"centroid":[-80.01446,40.450867],"bbox":[-80.019429,40.448497,-80.00873,40.453966],"boundary_source":"Dissolved from 2010 Census blocks (BlockCodes2016)","id":"allegheny-west","name":"Allegheny West","geography":"neighborhood"},"geometry":{"type":"Polygon","coordinates":[[[-80.011113,40.451543],[-80.013185,40.45237],[-80.013571,40.452436],[-80.014018,40.452405],[-80.014568,40.453966],[-80.015472,40.453834],[-80.019429,40.453102],[-80.018068,40.448883],[-80.015887,40.448826],[-80.01556,40.448634],[-80.012138,40.448589],[-80.010482,40.448497],[-80.010413,40.448906],[-80.00873,40.449242],[-80.009188,40.450673],[-80.009627,40.451818],[-80.011113,40.451543]]]}},{"type":"Feature","properties":{"block_count":117,"land_area_km2":0.766,"centroid":[-79.993788,40.42297],"bbox":[-80.003838,40.418261,-79.987728,40.428936],"boundary_source":"Dissolved from 2010 Census blocks (BlockCodes2016)","id":"allentown","name":"Allentown","geography":"neighborhood"},"geometry":{"type":"Polygon","coordinates":[[[-79.990609,40.425417],[-79.990785,40.425569],[-79.992118,40.426305],[-79.992638,40.426428],[-79.993404,40.426447],[-79.993565,40.4265],[-79.993755,40.426621],[-79.994043,40.427013],[-79.994521,40.427332],[-79.994823,40.427456],[-79.995848,40.427691],[-79.996414,40.427943],[-79.996786,40.428194],[-79.997076,40.428214],[-79.997548,40.428393],[-79.998034,40.428303],[-79.998436,40.428439],[-79.998936,40.428467],[-79.999483,40.428138],[-79.999602,40.428112],[-79.999775,40.428171],[-80.000333,40.428626],[-80.001428,40.428936],[-80.001629,40.428863],[-80.002058,40.428573],[-80.00265,40.42848],[-80.003242,40.42808],[-80.003838,40.42783],[-80.002072,40.427631],[-80.00073,40.427593],[-79.998974,40.426772],[-79.998652,40.427159],[-79.998438,40.427299],[-79.99825,40.427183],[-79.998449,40.427038],[-79.998218,40.426896],[-79.998029,40.427033],[-79.997829,40.426901],[-79.998018,40.426758],[-79.997798,40.426615],[-79.99762,40.426749],[-79.997446,40.426616],[-79.997599,40.42648],[-79.997766,40.426127],[-79.997548,40.425992],[-79.997527,40.425723],[-79.997281,40.418261],[-79.989629,40.418457],[-79.988449,40.418504],[-79.988348,40.418576],[-79.988187,40.418509],[-79.988097,40.418535],[-79.988034,40.418977],[-79.988102,40.419188],[-79.988157,40.419907],[-79.988141,40.420604],[-79.988248,40.422319],[-79.988877,40.422266],[-79.988922,40.422818],[-79.988691,40.422843],[-79.988546,40.42331],[-79.988053,40.423791],[-79.987784,40.424329],[-79.987728,40.424866],[-79.987939,40.424853],[-79.988027,40.424916],[-79.988199,40.424936],[-79.989051,40.424932],[-79.989485,40.424871],[-79.990191,40.424911],[-79.990353,40.425053],[-79.990609,40.425417]]]}},{"type":"Feature","properties":{"block_count":69,"land_area_km2":1.2756,"centroid":[-79.967541,40.414462],"bbox":[-79.982259,40.40928,-79.955328,40.421257],"boundary_source":"Dissolved from 2010 Census blocks (BlockCodes2016)","id":"arlington","name":"Arlington","geography":"neighborhood"},"geometry":{"type":"Polygon","coordinates":[[[-79.965451,40.416071],[-79.965676,40.417339],[-79.966578,40.417192],[-79.967064,40.417184],[-79.970376,40.417633],[-79.970902,40.417649],[-79.975699,40.417128],[-79.976025,40.417165],[-79.976582,40.417682],[-79.976754,40.417751],[-79.978348,40.417923],[-79.978869,40.417957],[-79.98041,40.417739],[-79.982259,40.417667],[-79.982185,40.416083],[-79.981887,40.416106],[-79.981795,40.414111],[-79.977972,40.414232],[-79.976999,40.413915],[-79.975621,40.413249],[-79.974981,40.413127],[-79.973518,40.412664],[-79.973,40.412552],[-79.972033,40.412458],[-79.971456,40.412243],[-79.969312,40.411873],[-79.968595,40.41191],[-79.968036,40.41186],[-79.967497,40.411661],[-79.966593,40.411099],[-79.965889,40.41074],[-79.964883,40.410143],[-79.964484,40.409702],[-79.96444,40.409577],[-79.96448,40.40928],[-79.963882,40.40958],[-79.963543,40.409556],[-79.963567,40.409485],[-79.96283,40.409671],[-79.962001,40.409676],[-79.961232,40.409782],[-79.960549,40.409822],[-79.960142,40.409915],[-79.959693,40.409906],[-79.95949,40.409751],[-79.959055,40.409778],[-79.958292,40.409969],[-79.957811,40.410337],[-79.957264,40.410556],[-79.956782,40.41063],[-79.956366,40.410631],[-79.955976,40.410467],[-79.955328,40.410535],[-79.955523,40.411024],[-79.956005,40.410905],[-79.956236,40.411905],[-79.956137,40.415075],[-79.956371,40.416288],[-79.956789,40.417259],[-79.956627,40.417316],[-79.957386,40.418443],[-79.957899,40.419006],[-79.958163,40.419221],[-79.961288,40.421257],[-79.961429,40.421121],[-79.961618,40.42124],[-79.961989,40.420928],[-79.960998,40.420252],[-79.961769,40.419252],[-79.960228,40.41806],[-79.959482,40.418639],[-79.958421,40.417781],[-79.959281,40.417171],[-79.959094,40.417183],[-79.9587,40.416566],[-79.958479,40.416649],[-79.958396,40.414997],[-79.957991,40.414661],[-79.95798,40.413548],[-79.958789,40.413574],[-79.958637,40.413186],[-79.959412,40.413206],[-79.960096,40.413936],[-79.96043,40.414938],[-79.961084,40.415014],[-79.961394,40.415314],[-79.962347,40.415148],[-79.962967,40.415091],[-79.965248,40.415155],[-79.965313,40.415124],[-79.965451,40.416071]]]}},{"type":"Feature","properties":{"block_count":8,"land_area_km2":0.3542,"centroid":[-79.962382,40.417636],"bbox":[-79.968456,40.413186,-79.95798,40.424273],"boundary_source":"Dissolved from 2010 Census blocks (BlockCodes2016)","id":"arlington-heights","name":"Arlington Heights","geography":"neighborhood"},"geometry":{"type":"Polygon","coordinates":[[[-79.958479,40.416649],[-79.9587,40.416566],[-79.959094,40.417183],[-79.959281,40.417171],[-79.958421,40.417781],[-79.959482,40.418639],[-79.960228,40.41806],[-79.961769,40.419252],[-79.960998,40.420252],[-79.961989,40.420928],[-79.962351,40.420627],[-79.963407,40.421388],[-79.964297,40.421917],[-79.965537,40.422792],[-79.966032,40.423048],[-79.967434,40.424022],[-79.967756,40.4242],[-79.968394,40.424273],[-79.968456,40.424121],[-79.968274,40.423669],[-79.967622,40.423285],[-79.967402,40.423009],[-79.967245,40.422934],[-79.966971,40.422914],[-79.965401,40.422139],[-79.963928,40.421078],[-79.96448,40.419258],[-79.964789,40.418792],[-79.965091,40.41855],[-79.965464,40.418368],[-79.965833,40.418271],[-79.966732,40.41817],[-79.966908,40.41803],[-79.966885,40.417931],[-79.966711,40.417835],[-79.965762,40.417734],[-79.965495,40.41759],[-79.965472,40.417374],[-79.965676,40.417339],[-79.965313,40.415124],[-79.965248,40.415155],[-79.962967,40.415091],[-79.962347,40.415148],[-79.961394,40.415314],[-79.961084,40.415014],[-79.96043,40.414938],[-79.960096,40.413936],[-79.959412,40.413206],[-79.958637,40.413186],[-79.958789,40.413574],[-79.95798,40.413548],[-79.957991,40.414661],[-79.958396,40.414997],[-79.958479,40.416649]]]}},{"type":"Feature","properties":{"block_count":48,"land_area_km2":2.5091,"centroid":[-80.039351,40.410237],"bbox":[-80.051202,40.399041,-80.029633,40.424838],"boundary_source":"Dissolved from 2010 Census blocks (BlockCodes2016)","id":"banksville","name":"Banksville","geography":"neighborhood"},"geometry":{"type":"Polygon","coordinates":[[[-80.034237,40.407007],[-80.033369,40.407494],[-80.032917,40.407921],[-80.032559,40.408413],[-80.031923,40.409528],[-80.031622,40.41013],[-80.031239,40.411099],[-80.030076,40.414759],[-80.029944,40.415899],[-80.029633,40.42243],[-80.029733,40.423117],[-80.030059,40.424192],[-80.030305,40.424499],[-80.030587,40.424742],[-80.030774,40.424838],[-80.030451,40.423314],[-80.030431,40.422718],[-80.030568,40.422285],[-80.030773,40.421759],[-80.031134,40.421328],[-80.031775,40.420741],[-80.032465,40.420344],[-80.033409,40.420032],[-80.034579,40.419921],[-80.035704,40.420016],[-80.039679,40.420563],[-80.049854,40.404127],[-80.049862,40.404018],[-80.050226,40.403525],[-80.051202,40.401943],[-80.049877,40.401307],[-80.048402,40.400917],[-80.048654,40.400746],[-80.045051,40.399041],[-80.041827,40.399397],[-80.042078,40.399746],[-80.039764,40.401319],[-80.036416,40.404277],[-80.036343,40.404261],[-80.036293,40.405286],[-80.035513,40.405235],[-80.035217,40.405719],[-80.03505,40.405849],[-80.034398,40.405949],[-80.033775,40.406172],[-80.034026,40.406726],[-80.034237,40.407007]]]}},{"type":"Feature","properties":{"block_count":22,"land_area_km2":0.4617,"centroid":[-79.974404,40.451037],"bbox":[-79.983916,40.446369,-79.964925,40.455708],"boundary_source":"Dissolved from 2010 Census blocks (BlockCodes2016)","id":"bedford-dwellings","name":"Bedford Dwellings","geography":"neighborhood"},"geometry":{"type":"Polygon","coordinates":[[[-79.969754,40.450793],[-79.968921,40.451149],[-79.969457,40.451997],[-79.966665,40.453175],[-79.966443,40.453177],[-79.965981,40.452975],[-79.964925,40.452883],[-79.965676,40.453665],[-79.965787,40.453844],[-79.96607,40.455576],[-79.965983,40.455708],[-79.968706,40.454904],[-79.97293,40.453235],[-79.973857,40.452811],[-79.976099,40.451397],[-79.977138,40.450931],[-79.978061,40.450662],[-79.98019,40.450214],[-79.981302,40.449857],[-79.981909,40.449611],[-79.983916,40.448582],[-79.983652,40.447642],[-79.982723,40.446369],[-79.972998,40.450493],[-79.972523,40.44962],[-79.969754,40.450793]]]}},{"type":"Feature","properties":{"block_count":163,"land_area_km2":3.7786,"centroid":[-80.024577,40.41261],"bbox":[-80.036697,40.397205,-80.010056,40.429912],"boundary_source":"Dissolved from 2010 Census blocks (BlockCodes2016)","id":"beechview","name":"Beechview","geography":"neighborhood"},"geometry":{"type":"Polygon","coordinates":[[[-80.014321,40.414615],[-80.014764,40.414925],[-80.015147,40.415335],[-80.015433,40.416037],[-80.015679,40.416963],[-80.016142,40.418053],[-80.016238,40.418815],[-80.016114,40.419916],[-80.016195,40.42039],[-80.016397,40.42085],[-80.016635,40.421156],[-80.017782,40.422349],[-80.019594,40.423984],[-80.021033,40.423429],[-80.021205,40.423417],[-80.021335,40.42349],[-80.021428,40.423667],[-80.021478,40.423996],[-80.021442,40.424599],[-80.021334,40.424868],[-80.021122,40.425184],[-80.021748,40.425435],[-80.02278,40.425703],[-80.023433,40.425928],[-80.024518,40.426479],[-80.027238,40.429461],[-80.027765,40.429912],[-80.029221,40.428899],[-80.030026,40.428211],[-80.030344,40.427803],[-80.030576,40.427386],[-80.030918,40.426337],[-80.030918,40.425605],[-80.030774,40.424838],[-80.030587,40.424742],[-80.030305,40.424499],[-80.030059,40.424192],[-80.029733,40.423117],[-80.029633,40.42243],[-80.029944,40.415899],[-80.030076,40.414759],[-80.030199,40.414289],[-80.031239,40.411099],[-80.031622,40.41013],[-80.031923,40.409528],[-80.032559,40.408413],[-80.032917,40.407921],[-80.033369,40.407494],[-80.034237,40.407007],[-80.034026,40.406726],[-80.033775,40.406172],[-80.034398,40.405949],[-80.03505,40.405849],[-80.035217,40.405719],[-80.035513,40.405235],[-80.036293,40.405286],[-80.036343,40.404261],[-80.035471,40.404286],[-80.035442,40.404038],[-80.035622,40.401698],[-80.036697,40.400785],[-80.032666,40.401535],[-80.032482,40.401729],[-80.032244,40.401355],[-80.031468,40.400397],[-80.031757,40.400089],[-80.02939,40.397205],[-80.026163,40.398335],[-80.023814,40.400124],[-80.022171,40.40174],[-80.019685,40.403707],[-80.019353,40.404048],[-80.019178,40.404308],[-80.0188,40.405355],[-80.018146,40.407756],[-80.01778,40.408449],[-80.01745,40.408765],[-80.015815,40.410228],[-80.015325,40.410549],[-80.011537,40.41147],[-80.011353,40.41156],[-80.010842,40.41197],[-80.010261,40.412632],[-80.010056,40.413066],[-80.011045,40.413569],[-80.013802,40.414362],[-80.014321,40.414615]]]}},{"type":"Feature","properties":{"block_count":142,"land_area_km2":1.0857,"centroid":[-80.003423,40.416543],"bbox":[-80.011293,40.411087,-79.997043,40.421774],"boundary_source":"Dissolved from 2010 Census blocks (BlockCodes2016)","id":"beltzhoover","name":"Beltzhoover","geography":"neighborhood"},"geometry":{"type":"Polygon","coordinates":[[[-80.006933,40.411973],[-80.006086,40.411087],[-80.00546,40.411297],[-80.00261,40.411908],[-80.002007,40.412001],[-80.001653,40.412015],[-79.999852,40.411781],[-79.999443,40.411786],[-79.998979,40.411902],[-79.998613,40.412094],[-79.997311,40.413126],[-79.997125,40.413412],[-79.997043,40.41388],[-79.997063,40.415302],[-79.997149,40.415373],[-79.997184,40.415868],[-79.997401,40.421648],[-79.998253,40.421441],[-79.998462,40.421724],[-80.002467,40.421774],[-80.002368,40.421097],[-80.002486,40.421029],[-80.005136,40.420756],[-80.006111,40.420591],[-80.006389,40.420533],[-80.008905,40.419693],[-80.009336,40.419416],[-80.011184,40.417952],[-80.011293,40.417589],[-80.011028,40.415925],[-80.011022,40.415571],[-80.010913,40.41544],[-80.010792,40.415043],[-80.009788,40.414155],[-80.009676,40.413965],[-80.010056,40.413066],[-80.009421,40.414352],[-80.007995,40.413001],[-80.007555,40.412684],[-80.006933,40.411973]]]}},{"type":"Feature","properties":{"block_count":192,"land_area_km2":1.8186,"centroid":[-79.946199,40.460416],"bbox":[-79.957961,40.452585,-79.935108,40.466163],"boundary_source":"Dissolved from 2010 Census blocks (BlockCodes2016)","id":"bloomfield","name":"Bloomfield","geography":"neighborhood"},"geometry":{"type":"Polygon","coordinates":[[[-79.940034,40.464616],[-79.951565,40.466163],[-79.952307,40.466142],[-79.957961,40.465182],[-79.95717,40.462383],[-79.956455,40.462534],[-79.953963,40.462902],[-79.953694,40.462776],[-79.955936,40.460303],[-79.955476,40.459914],[-79.954265,40.458487],[-79.953749,40.458025],[-79.952991,40.457629],[-79.952534,40.4575],[-79.95148,40.457344],[-79.951001,40.455925],[-79.949775,40.453114],[-79.949688,40.452585],[-79.943082,40.454566],[-79.944272,40.45525],[-79.942875,40.455672],[-79.941985,40.455939],[-79.941493,40.45504],[-79.93649,40.456565],[-79.937034,40.457532],[-79.937058,40.457675],[-79.936074,40.462976],[-79.935825,40.462921],[-79.935108,40.464734],[-79.939327,40.46453],[-79.940034,40.464616]]]}},{"type":"Feature","properties":{"block_count":88,"land_area_km2":0.8602,"centroid":[-79.984966,40.436307],"bbox":[-79.995975,40.433526,-79.972643,40.438927],"boundary_source":"Dissolved from 2010 Census blocks (BlockCodes2016)","id":"bluff","name":"Bluff","geography":"neighborhood"},"geometry":{"type":"Polygon","coordinates":[[[-79.994655,40.435743],[-79.995975,40.433899],[-79.994986,40.433782],[-79.993067,40.433675],[-79.992729,40.433582],[-79.990479,40.433526],[-79.988201,40.433628],[-79.986929,40.433748],[-79.985032,40.434078],[-79.983847,40.434486],[-79.982985,40.434677],[-79.982115,40.434723],[-79.982093,40.434633],[-79.97789,40.435294],[-79.974152,40.434396],[-79.973327,40.434251],[-79.972643,40.437695],[-79.973546,40.437948],[-79.975887,40.438147],[-79.993899,40.438927],[-79.994105,40.438432],[-79.994475,40.438308],[-79.994285,40.438038],[-79.994033,40.438031],[-79.994339,40.43639],[-79.994655,40.435743]]]}},{"type":"Feature","properties":{"block_count":28,"land_area_km2":0.8172,"centroid":[-80.001215,40.407722],"bbox":[-80.010056,40.401583,-79.996486,40.414352],"boundary_source":"Dissolved from 2010 Census blocks (BlockCodes2016)","id":"bon-air","name":"Bon Air","geography":"neighborhood"},"geometry":{"type":"Polygon","coordinates":[[[-80.008921,40.413921],[-80.009421,40.414352],[-80.010056,40.413066],[-80.009509,40.41288],[-80.008979,40.412552],[-80.008676,40.412273],[-80.008317,40.411862],[-80.007815,40.410655],[-80.007629,40.410413],[-80.007279,40.410057],[-80.006318,40.409539],[-80.005984,40.409278],[-80.005655,40.408718],[-80.005626,40.408256],[-80.005767,40.407095],[-80.005572,40.406496],[-80.00517,40.406017],[-80.003262,40.404642],[-80.002656,40.404134],[-80.002291,40.40356],[-80.00161,40.401913],[-80.000308,40.402131],[-79.999526,40.402181],[-79.999419,40.401654],[-79.998976,40.401602],[-79.997085,40.401583],[-79.996769,40.401679],[-79.996486,40.401705],[-79.996584,40.404802],[-79.996774,40.407838],[-79.996743,40.408312],[-79.9968,40.409679],[-79.996947,40.411013],[-79.996797,40.411394],[-79.996893,40.411945],[-79.997028,40.413693],[-79.997058,40.413718],[-79.997125,40.413412],[-79.997443,40.412999],[-79.998613,40.412094],[-79.999136,40.411845],[-79.999443,40.411786],[-79.999852,40.411781],[-80.001653,40.412015],[-80.002259,40.411974],[-80.00546,40.411297],[-80.006086,40.411087],[-80.007309,40.412368],[-80.007479,40.412611],[-80.007995,40.413001],[-80.008921,40.413921]]]}},{"type":"Feature","properties":{"block_count":167,"land_area_km2":2.9153,"centroid":[-80.036968,40.483314],"bbox":[-80.051638,40.47177,-80.02507,40.491455],"boundary_source":"Dissolved from 2010 Census blocks (BlockCodes2016)","id":"brighton-heights","name":"Brighton Heights","geography":"neighborhood"},"geometry":{"type":"Polygon","coordinates":[[[-80.025642,40.4829],[-80.025118,40.485248],[-80.02507,40.485851],[-80.026738,40.488982],[-80.027035,40.489844],[-80.027653,40.490699],[-80.027784,40.4911],[-80.035759,40.490929],[-80.03749,40.490065],[-80.039659,40.491035],[-80.040712,40.491455],[-80.046444,40.487163],[-80.046669,40.487038],[-80.046682,40.487154],[-80.04702,40.487015],[-80.047927,40.486299],[-80.048168,40.486375],[-80.048592,40.48642],[-80.049828,40.485624],[-80.049932,40.485387],[-80.050003,40.484783],[-80.050304,40.484485],[-80.050672,40.48422],[-80.050604,40.484176],[-80.051638,40.483362],[-80.05087,40.482812],[-80.049374,40.481566],[-80.048095,40.48024],[-80.047569,40.479528],[-80.046438,40.477732],[-80.043349,40.478715],[-80.043077,40.478862],[-80.041174,40.475995],[-80.04017,40.47518],[-80.038346,40.47283],[-80.037709,40.47177],[-80.037436,40.471775],[-80.03736,40.471819],[-80.037271,40.472104],[-80.037863,40.47286],[-80.036528,40.474903],[-80.035782,40.474677],[-80.035303,40.47428],[-80.035243,40.474167],[-80.035275,40.474087],[-80.036286,40.47316],[-80.036501,40.472813],[-80.036495,40.47262],[-80.034862,40.474143],[-80.035117,40.475091],[-80.034163,40.475795],[-80.03311,40.476276],[-80.032434,40.476461],[-80.031876,40.476498],[-80.030561,40.476437],[-80.030212,40.476476],[-80.030087,40.476585],[-80.029883,40.477116],[-80.029511,40.477527],[-80.028222,40.478055],[-80.027875,40.478345],[-80.027289,40.479868],[-80.026681,40.480261],[-80.025582,40.480738],[-80.025697,40.482652],[-80.025642,40.4829]]]}},{"type":"Feature","properties":{"block_count":272,"land_area_km2":5.3961,"centroid":[-80.012585,40.396451],"bbox":[-80.031144,40.380442,-79.997302,40.413066],"boundary_source":"Dissolved from 2010 Census blocks (BlockCodes2016)","id":"brookline","name":"Brookline","geography":"neighborhood"},"geometry":{"type":"Polygon","coordinates":[[[-80.000431,40.400894],[-80.000516,40.401558],[-80.000665,40.402068],[-80.00161,40.401913],[-80.002291,40.40356],[-80.002656,40.404134],[-80.003262,40.404642],[-80.00517,40.406017],[-80.005572,40.406496],[-80.005767,40.407095],[-80.005626,40.408256],[-80.005655,40.408718],[-80.005984,40.409278],[-80.006318,40.409539],[-80.007279,40.410057],[-80.007629,40.410413],[-80.007815,40.410655],[-80.008317,40.411862],[-80.008676,40.412273],[-80.008979,40.412552],[-80.009509,40.41288],[-80.010056,40.413066],[-80.010246,40.412654],[-80.010693,40.412121],[-80.011353,40.41156],[-80.011756,40.411389],[-80.012529,40.411204],[-80.012851,40.41117],[-80.015247,40.410578],[-80.015815,40.410228],[-80.01778,40.408449],[-80.01793,40.408199],[-80.018214,40.407553],[-80.018527,40.406254],[-80.019034,40.404658],[-80.019178,40.404308],[-80.019548,40.403841],[-80.022171,40.40174],[-80.023814,40.400124],[-80.026163,40.398335],[-80.031144,40.396613],[-80.030698,40.395351],[-80.030767,40.395007],[-80.028678,40.391263],[-80.027827,40.391598],[-80.018907,40.386816],[-80.018159,40.38645],[-80.017108,40.386314],[-80.016418,40.385129],[-80.014913,40.38607],[-80.013819,40.386562],[-80.013567,40.38609],[-80.01361,40.385706],[-80.014158,40.385765],[-80.01339,40.383481],[-80.012492,40.383399],[-80.012577,40.383067],[-80.012316,40.383029],[-80.01233,40.382974],[-80.013174,40.382835],[-80.012579,40.380889],[-80.010382,40.380442],[-80.010028,40.380921],[-80.009027,40.381016],[-80.008948,40.381137],[-80.008842,40.381138],[-80.008267,40.380892],[-80.008135,40.380874],[-80.007884,40.380959],[-80.007685,40.38113],[-80.007356,40.380898],[-80.007158,40.381531],[-80.007405,40.382129],[-80.007676,40.383012],[-80.006326,40.383472],[-80.006426,40.383456],[-80.006448,40.383503],[-80.006214,40.3836],[-80.006004,40.383814],[-80.006016,40.383976],[-80.006449,40.384674],[-80.006651,40.384783],[-80.006802,40.384945],[-80.006989,40.385481],[-80.006844,40.38577],[-80.007685,40.387224],[-80.007446,40.387519],[-80.007767,40.388234],[-80.007167,40.388372],[-80.007006,40.388471],[-80.007324,40.388696],[-80.007424,40.388836],[-80.006947,40.389037],[-80.006774,40.388844],[-80.005907,40.388809],[-80.00588,40.388374],[-80.004648,40.388365],[-80.002905,40.388723],[-80.002768,40.38871],[-80.002164,40.388193],[-79.999267,40.388943],[-79.999192,40.388925],[-79.999401,40.389818],[-79.999442,40.390279],[-79.998914,40.390432],[-79.998607,40.39047],[-79.998568,40.389791],[-79.997838,40.389746],[-79.997823,40.391199],[-79.99791,40.392186],[-79.99763,40.392702],[-79.997606,40.392893],[-79.997344,40.39299],[-79.997392,40.393411],[-79.997302,40.394942],[-79.997384,40.395244],[-79.997666,40.395649],[-79.999528,40.397838],[-79.999878,40.398364],[-80.000109,40.398867],[-80.000212,40.39927],[-80.000431,40.400894]]]}},{"type":"Feature","properties":{"block_count":60,"land_area_km2":0.5603,"centroid":[-80.021868,40.459946],"bbox":[-80.030734,40.4552,-80.015348,40.463783],"boundary_source":"Dissolved from 2010 Census blocks (BlockCodes2016)","id":"california-kirkbride","name":"California-Kirkbride","geography":"neighborhood"},"geometry":{"type":"Polygon","coordinates":[[[-80.020593,40.456684],[-80.020109,40.4552],[-80.018251,40.455555],[-80.018075,40.455769],[-80.017775,40.455769],[-80.017475,40.455869],[-80.016511,40.455883],[-80.015348,40.456096],[-80.016394,40.459252],[-80.018347,40.46043],[-80.018796,40.461268],[-80.019244,40.461882],[-80.019624,40.462261],[-80.020834,40.463127],[-80.021049,40.463194],[-80.021586,40.463253],[-80.022035,40.46338],[-80.022707,40.463783],[-80.026809,40.462995],[-80.026793,40.462939],[-80.027598,40.462848],[-80.028757,40.462634],[-80.029053,40.462868],[-80.029106,40.462832],[-80.029415,40.463079],[-80.029575,40.462963],[-80.029876,40.462869],[-80.029896,40.462722],[-80.030734,40.462101],[-80.030692,40.462004],[-80.030352,40.461819],[-80.029391,40.461403],[-80.027203,40.460556],[-80.025307,40.459927],[-80.024623,40.45962],[-80.023443,40.458804],[-80.023541,40.458681],[-80.023456,40.458159],[-80.020593,40.456684]]]}},{"type":"Feature","properties":{"block_count":299,"land_area_km2":4.3306,"centroid":[-79.986071,40.394932],"bbox":[-80.000665,40.379435,-79.973035,40.408165],"boundary_source":"Dissolved from 2010 Census blocks (BlockCodes2016)","id":"carrick","name":"Carrick","geography":"neighborhood"},"geometry":{"type":"Polygon","coordinates":[[[-79.992015,40.385367],[-79.990558,40.385658],[-79.990345,40.385025],[-79.992932,40.384477],[-79.993293,40.384209],[-79.993549,40.383909],[-79.993369,40.383841],[-79.992883,40.383789],[-79.99189,40.383965],[-79.989724,40.383998],[-79.989261,40.38407],[-79.988185,40.38434],[-79.987205,40.384443],[-79.98691,40.38373],[-79.986556,40.38183],[-79.985629,40.381649],[-79.984226,40.38157],[-79.98492,40.381186],[-79.985565,40.380714],[-79.98476,40.379435],[-79.984506,40.379975],[-79.983342,40.381516],[-79.982754,40.381487],[-79.981947,40.380642],[-79.978928,40.381649],[-79.978028,40.381847],[-79.977854,40.381833],[-79.977645,40.381743],[-79.977345,40.381307],[-79.977093,40.381226],[-79.976755,40.381141],[-79.976142,40.381301],[-79.976845,40.382844],[-79.97765,40.384143],[-79.977495,40.384235],[-79.976472,40.385386],[-79.974081,40.384792],[-79.975756,40.387212],[-79.975413,40.38828],[-79.973083,40.388717],[-79.973246,40.39084],[-79.973565,40.392199],[-79.973035,40.392463],[-79.973226,40.392778],[-79.973638,40.392752],[-79.973903,40.393433],[-79.975788,40.393122],[-79.979395,40.399044],[-79.979739,40.399462],[-79.979995,40.400214],[-79.979994,40.400695],[-79.97981,40.401294],[-79.9793,40.401946],[-79.975892,40.404375],[-79.977877,40.405707],[-79.978262,40.406149],[-79.978612,40.406378],[-79.97925,40.406702],[-79.980479,40.40716],[-79.981091,40.40784],[-79.981434,40.405738],[-79.982119,40.40588],[-79.985929,40.406007],[-79.986262,40.406059],[-79.987011,40.40603],[-79.987665,40.406075],[-79.991908,40.407172],[-79.992447,40.407379],[-79.994456,40.40774],[-79.995237,40.407812],[-79.996051,40.408033],[-79.996749,40.408165],[-79.996774,40.407838],[-79.996584,40.404802],[-79.996486,40.401705],[-79.996769,40.401679],[-79.997085,40.401583],[-79.998976,40.401602],[-79.999419,40.401654],[-79.999526,40.402181],[-80.000665,40.402068],[-80.000516,40.401558],[-80.000212,40.39927],[-80.000007,40.398624],[-79.999694,40.398055],[-79.997446,40.395345],[-79.997182,40.395526],[-79.997125,40.39567],[-79.996966,40.395539],[-79.996328,40.394569],[-79.996298,40.394445],[-79.995765,40.394514],[-79.995547,40.394349],[-79.99549,40.394242],[-79.99533,40.393151],[-79.994474,40.393217],[-79.994381,40.392533],[-79.993505,40.392592],[-79.993423,40.392264],[-79.99301,40.392144],[-79.992882,40.391418],[-79.992809,40.391329],[-79.993209,40.3914],[-79.99294,40.390322],[-79.992737,40.390366],[-79.992745,40.390217],[-79.992484,40.390196],[-79.99218,40.390347],[-79.9914,40.389498],[-79.99137,40.389152],[-79.991449,40.388466],[-79.991319,40.387668],[-79.992235,40.387441],[-79.991993,40.38586],[-79.992015,40.385367]]]}},{"type":"Feature","properties":{"block_count":196,"land_area_km2":1.6819,"centroid":[-79.998532,40.440803],"bbox":[-80.013374,40.433906,-79.984963,40.447348],"boundary_source":"Dissolved from 2010 Census blocks (BlockCodes2016)","id":"central-business-district","name":"Central Business District","geography":"neighborhood"},"geometry":{"type":"Polygon","coordinates":[[[-80.009689,40.439595],[-80.008797,40.439144],[-80.005083,40.437649],[-80.001289,40.436246],[-79.999558,40.435272],[-79.999256,40.434968],[-79.998443,40.434564],[-79.996891,40.434064],[-79.996017,40.433906],[-79.995854,40.434181],[-79.995767,40.434169],[-79.995698,40.434258],[-79.994588,40.435842],[-79.994339,40.43639],[-79.994033,40.438031],[-79.994285,40.438038],[-79.994475,40.438308],[-79.994105,40.438432],[-79.993899,40.438927],[-79.985057,40.438542],[-79.984963,40.43955],[-79.988109,40.443935],[-79.988136,40.44405],[-79.988359,40.443997],[-79.990977,40.442893],[-79.99077,40.442815],[-79.990992,40.442656],[-79.991797,40.441844],[-79.992264,40.441494],[-79.992744,40.441338],[-79.992409,40.442001],[-79.99191,40.442814],[-79.992112,40.442806],[-79.991808,40.443388],[-79.991513,40.443744],[-79.990894,40.444254],[-79.990709,40.444581],[-79.990548,40.445015],[-79.990458,40.445667],[-79.991308,40.445165],[-79.992129,40.444825],[-79.992505,40.444777],[-79.993095,40.444821],[-79.993656,40.445011],[-79.993859,40.444937],[-79.99395,40.445167],[-79.994301,40.445349],[-79.99459,40.445607],[-79.995457,40.446817],[-79.99518,40.446864],[-79.994884,40.446801],[-79.994902,40.446894],[-79.995102,40.446935],[-79.995488,40.447104],[-79.995841,40.447348],[-79.995646,40.447068],[-79.995694,40.447037],[-79.998108,40.446036],[-79.99998,40.445398],[-80.002849,40.444553],[-80.00775,40.443379],[-80.007704,40.443276],[-80.008193,40.443187],[-80.00846,40.443203],[-80.008853,40.443112],[-80.008945,40.443339],[-80.008909,40.4431],[-80.013107,40.442105],[-80.013294,40.441953],[-80.013374,40.441806],[-80.013367,40.441559],[-80.013137,40.44129],[-80.011139,40.440241],[-80.009918,40.439712],[-80.010109,40.439539],[-80.009863,40.439677],[-80.009689,40.439595]]]}},{"type":"Feature","properties":{"block_count":207,"land_area_km2":2.4975,"centroid":[-79.953674,40.472863],"bbox":[-79.967128,40.465182,-79.934571,40.48142],"boundary_source":"Dissolved from 2010 Census blocks (BlockCodes2016)","id":"central-lawrenceville","name":"Central Lawrenceville","geography":"neighborhood"},"geometry":{"type":"Polygon","coordinates":[[[-79.956678,40.4654],[-79.952307,40.466142],[-79.95193,40.46617],[-79.951377,40.466148],[-79.946446,40.465466],[-79.946116,40.466964],[-79.946746,40.467453],[-79.947243,40.467973],[-79.947357,40.468214],[-79.947382,40.468447],[-79.947333,40.468679],[-79.946955,40.469387],[-79.946463,40.469997],[-79.945669,40.470753],[-79.944495,40.471634],[-79.943705,40.471945],[-79.941728,40.472353],[-79.94015,40.472897],[-79.939082,40.473081],[-79.937816,40.473056],[-79.93665,40.472855],[-79.935299,40.472514],[-79.93484,40.472336],[-79.934571,40.472166],[-79.935075,40.47256],[-79.934937,40.472542],[-79.936519,40.474101],[-79.936529,40.474268],[-79.93794,40.474157],[-79.938207,40.474095],[-79.938371,40.474117],[-79.942514,40.47734],[-79.944414,40.478645],[-79.946254,40.477696],[-79.946571,40.47759],[-79.947058,40.477612],[-79.949106,40.47819],[-79.950435,40.477572],[-79.950908,40.47741],[-79.952386,40.477633],[-79.953582,40.477334],[-79.953981,40.4773],[-79.95439,40.477466],[-79.955954,40.478516],[-79.959919,40.48142],[-79.960212,40.481061],[-79.9603,40.481142],[-79.960612,40.480834],[-79.960566,40.480758],[-79.960817,40.480665],[-79.961494,40.480169],[-79.961968,40.479677],[-79.962463,40.479043],[-79.963211,40.4778],[-79.964088,40.476547],[-79.964509,40.475812],[-79.964782,40.475663],[-79.964904,40.475543],[-79.965192,40.474938],[-79.965738,40.474411],[-79.965716,40.473966],[-79.966068,40.473675],[-79.966313,40.473263],[-79.966571,40.472665],[-79.967128,40.471904],[-79.963846,40.469936],[-79.958233,40.465445],[-79.957961,40.465182],[-79.956678,40.4654]]]}},{"type":"Feature","properties":{"block_count":112,"land_area_km2":0.6726,"centroid":[-80.011001,40.456944],"bbox":[-80.020109,40.453102,-80.001567,40.461217],"boundary_source":"Dissolved from 2010 Census blocks (BlockCodes2016)","id":"central-northside","name":"Central Northside","geography":"neighborhood"},"geometry":{"type":"Polygon","coordinates":[[[-80.009593,40.454901],[-80.001567,40.456413],[-80.002123,40.458133],[-80.002238,40.458682],[-80.002958,40.458548],[-80.004649,40.458756],[-80.005534,40.458972],[-80.00684,40.459073],[-80.007764,40.458855],[-80.007944,40.459128],[-80.008271,40.45931],[-80.00845,40.459494],[-80.008553,40.459892],[-80.008736,40.461217],[-80.00899,40.461187],[-80.009296,40.460889],[-80.009969,40.460037],[-80.010202,40.459896],[-80.012172,40.460072],[-80.012892,40.460258],[-80.012951,40.460208],[-80.015449,40.459736],[-80.015359,40.459466],[-80.01642,40.459273],[-80.015348,40.456096],[-80.016511,40.455883],[-80.017475,40.455869],[-80.017775,40.455769],[-80.018075,40.455769],[-80.018251,40.455555],[-80.020109,40.4552],[-80.019429,40.453102],[-80.009593,40.454901]]]}},{"type":"Feature","properties":{"block_count":67,"land_area_km2":0.725,"centroid":[-79.954674,40.438617],"bbox":[-79.962071,40.434233,-79.948953,40.443175],"boundary_source":"Dissolved from 2010 Census blocks (BlockCodes2016)","id":"central-oakland","name":"Central Oakland","geography":"neighborhood"},"geometry":{"type":"Polygon","coordinates":[[[-79.961667,40.438808],[-79.958119,40.435904],[-79.957569,40.435619],[-79.956408,40.435124],[-79.954729,40.434612],[-79.952213,40.434245],[-79.951686,40.434233],[-79.94986,40.43443],[-79.949599,40.436021],[-79.949581,40.436505],[-79.949861,40.43931],[-79.949832,40.439817],[-79.949694,40.440236],[-79.94948,40.440574],[-79.948953,40.44118],[-79.950343,40.441956],[-79.951675,40.442408],[-79.952289,40.442237],[-79.95266,40.441809],[-79.953037,40.442027],[-79.953545,40.443175],[-79.955389,40.442684],[-79.956438,40.441949],[-79.957438,40.442514],[-79.962071,40.439131],[-79.961667,40.438808]]]}},{"type":"Feature","properties":{"block_count":24,"land_area_km2":0.3427,"centroid":[-80.070579,40.457821],"bbox":[-80.075887,40.453276,-80.066901,40.462672],"boundary_source":"Dissolved from 2010 Census blocks (BlockCodes2016)","id":"chartiers-city","name":"Chartiers City","geography":"neighborhood"},"geometry":{"type":"Polygon","coordinates":[[[-80.073205,40.457632],[-80.07296,40.455596],[-80.072881,40.455439],[-80.072398,40.454993],[-80.071992,40.454274],[-80.071986,40.453971],[-80.072203,40.453431],[-80.072157,40.453276],[-80.070189,40.454284],[-80.070002,40.454472],[-80.068722,40.455222],[-80.067114,40.455997],[-80.067125,40.456833],[-80.067468,40.457173],[-80.066901,40.457342],[-80.067217,40.457757],[-80.067455,40.457899],[-80.066982,40.459745],[-80.06723,40.459868],[-80.068986,40.460446],[-80.069464,40.460423],[-80.06996,40.460474],[-80.073263,40.461316],[-80.073878,40.461558],[-80.074392,40.461875],[-80.075437,40.462672],[-80.075887,40.461834],[-80.073355,40.461],[-80.073219,40.460861],[-80.073205,40.457632]]]}},{"type":"Feature","properties":{"block_count":45,"land_area_km2":0.9814,"centroid":[-80.027552,40.45274],"bbox":[-80.035974,40.445004,-80.016893,40.462062],"boundary_source":"Dissolved from 2010 Census blocks (BlockCodes2016)","id":"chateau","name":"Chateau","geography":"neighborhood"},"geometry":{"type":"Polygon","coordinates":[[[-80.035518,40.4606],[-80.035072,40.45988],[-80.034907,40.458761],[-80.03485,40.457928],[-80.034692,40.457674],[-80.03467,40.457471],[-80.034736,40.456553],[-80.034585,40.456281],[-80.034484,40.455109],[-80.034119,40.454025],[-80.033773,40.453482],[-80.032638,40.452324],[-80.031618,40.451428],[-80.031503,40.451247],[-80.031209,40.450987],[-80.030878,40.450494],[-80.02939,40.449355],[-80.028248,40.448607],[-80.027221,40.448067],[-80.02597,40.447313],[-80.025625,40.447175],[-80.025388,40.44716],[-80.025144,40.447018],[-80.025067,40.446916],[-80.024949,40.446881],[-80.024864,40.446907],[-80.023965,40.446548],[-80.022326,40.44635],[-80.021565,40.446158],[-80.021421,40.446175],[-80.018956,40.445481],[-80.017473,40.445171],[-80.017155,40.445047],[-80.016893,40.445004],[-80.018897,40.451518],[-80.024157,40.450531],[-80.025127,40.450393],[-80.02527,40.450815],[-80.026642,40.450565],[-80.026802,40.451056],[-80.027283,40.450976],[-80.027499,40.451399],[-80.029305,40.456898],[-80.029146,40.456926],[-80.029453,40.457344],[-80.030635,40.460983],[-80.03138,40.461559],[-80.032131,40.462062],[-80.032742,40.46189],[-80.035974,40.461301],[-80.035518,40.4606]]]}},{"type":"Feature","properties":{"block_count":97,"land_area_km2":1.9461,"centroid":[-80.052582,40.445017],"bbox":[-80.06284,40.437504,-80.041611,40.452603],"boundary_source":"Dissolved from 2010 Census blocks (BlockCodes2016)","id":"crafton-heights","name":"Crafton Heights","geography":"neighborhood"},"geometry":{"type":"Polygon","coordinates":[[[-80.047343,40.439602],[-80.0474,40.439678],[-80.047431,40.439983],[-80.04604,40.440473],[-80.045879,40.440568],[-80.045701,40.44076],[-80.045123,40.44195],[-80.045113,40.4421],[-80.045306,40.441949],[-80.045783,40.442333],[-80.043256,40.444318],[-80.042782,40.443994],[-80.041611,40.44497],[-80.04184,40.445273],[-80.042098,40.445449],[-80.04244,40.445572],[-80.043152,40.445653],[-80.043451,40.445738],[-80.043727,40.44589],[-80.043965,40.446143],[-80.044095,40.446474],[-80.04415,40.446898],[-80.044002,40.447758],[-80.044068,40.448004],[-80.045078,40.450153],[-80.045281,40.450422],[-80.051109,40.451495],[-80.051719,40.451676],[-80.052648,40.452134],[-80.053482,40.452419],[-80.054445,40.452603],[-80.05502,40.452556],[-80.055173,40.452465],[-80.055247,40.452109],[-80.059958,40.450677],[-80.06284,40.448545],[-80.062276,40.448099],[-80.062095,40.44801],[-80.059957,40.445636],[-80.058497,40.444588],[-80.058044,40.444419],[-80.056799,40.44433],[-80.055371,40.443936],[-80.060127,40.442398],[-80.060511,40.442209],[-80.060838,40.4419],[-80.060921,40.441742],[-80.061216,40.440632],[-80.059399,40.439152],[-80.057596,40.437534],[-80.055858,40.437767],[-80.053575,40.437956],[-80.053215,40.437911],[-80.052357,40.437572],[-80.050944,40.437504],[-80.050552,40.437591],[-80.049465,40.438075],[-80.049215,40.438121],[-80.04887,40.43815],[-80.047753,40.438098],[-80.047295,40.438153],[-80.04738,40.439581],[-80.047343,40.439602]]]}},{"type":"Feature","properties":{"block_count":71,"land_area_km2":0.6705,"centroid":[-79.983719,40.442712],"bbox":[-79.992744,40.438229,-79.97446,40.448582],"boundary_source":"Dissolved from 2010 Census blocks (BlockCodes2016)","id":"crawford-roberts","name":"Crawford-Roberts","geography":"neighborhood"},"geometry":{"type":"Polygon","coordinates":[[[-79.988136,40.44405],[-79.988109,40.443935],[-79.985002,40.439632],[-79.984963,40.43955],[-79.985057,40.438542],[-79.977545,40.438229],[-79.977472,40.438328],[-79.976208,40.438885],[-79.974674,40.439469],[-79.974513,40.439634],[-79.97446,40.439951],[-79.974862,40.439839],[-79.975723,40.439214],[-79.976641,40.439268],[-79.977356,40.43937],[-79.978344,40.440118],[-79.977945,40.440496],[-79.978655,40.440843],[-79.978878,40.441075],[-79.978958,40.441232],[-79.979017,40.441761],[-79.979204,40.442162],[-79.979672,40.442698],[-79.979273,40.442872],[-79.980004,40.44387],[-79.980342,40.443632],[-79.982429,40.446493],[-79.982723,40.446369],[-79.983652,40.447642],[-79.983916,40.448582],[-79.985049,40.447942],[-79.991036,40.444167],[-79.991513,40.443744],[-79.991808,40.443388],[-79.992112,40.442806],[-79.99191,40.442814],[-79.992409,40.442001],[-79.992744,40.441338],[-79.992264,40.441494],[-79.991797,40.441844],[-79.990992,40.442656],[-79.99077,40.442815],[-79.990977,40.442893],[-79.988359,40.443997],[-79.988136,40.44405]]]}},{"type":"Feature","properties":{"block_count":121,"land_area_km2":1.6068,"centroid":[-80.024744,40.435367],"bbox":[-80.033001,40.425176,-80.017728,40.443623],"boundary_source":"Dissolved from 2010 Census blocks (BlockCodes2016)","id":"duquesne-heights","name":"Duquesne Heights","geography":"neighborhood"},"geometry":{"type":"Polygon","coordinates":[[[-80.024071,40.426248],[-80.023433,40.425928],[-80.02278,40.425703],[-80.021748,40.425435],[-80.021122,40.425184],[-80.021096,40.425233],[-80.020989,40.425176],[-80.020814,40.425598],[-80.020816,40.425725],[-80.019756,40.425701],[-80.019988,40.425916],[-80.020609,40.426198],[-80.020602,40.426325],[-80.020112,40.427875],[-80.019963,40.428003],[-80.019401,40.428871],[-80.019168,40.428865],[-80.018737,40.429274],[-80.018627,40.429881],[-80.019454,40.430035],[-80.017975,40.434803],[-80.019173,40.434982],[-80.019019,40.435397],[-80.018287,40.436286],[-80.018826,40.43637],[-80.018583,40.437365],[-80.018226,40.437776],[-80.018925,40.438141],[-80.017728,40.439736],[-80.019507,40.440361],[-80.021226,40.441075],[-80.027954,40.443623],[-80.02907,40.44326],[-80.029409,40.442965],[-80.030191,40.442066],[-80.030493,40.441818],[-80.032456,40.43982],[-80.032763,40.439268],[-80.032874,40.4388],[-80.033001,40.437215],[-80.032941,40.436526],[-80.032803,40.436153],[-80.032662,40.435936],[-80.032225,40.435459],[-80.031513,40.435],[-80.029531,40.43387],[-80.028581,40.433379],[-80.028111,40.432957],[-80.027163,40.431777],[-80.026688,40.431307],[-80.026122,40.430884],[-80.027129,40.43033],[-80.027765,40.429912],[-80.027238,40.429461],[-80.024518,40.426479],[-80.024071,40.426248]]]}},{"type":"Feature","properties":{"block_count":128,"land_area_km2":0.6109,"centroid":[-79.9978,40.455457],"bbox":[-80.002621,40.450367,-79.991304,40.461223],"boundary_source":"Dissolved from 2010 Census blocks (BlockCodes2016)","id":"east-allegheny","name":"East Allegheny","geography":"neighborhood"},"geometry":{"type":"Polygon","coordinates":[[[-80.001567,40.456413],[-80.002621,40.456219],[-80.000906,40.450857],[-80.00134,40.450776],[-80.001205,40.450367],[-80.000682,40.450541],[-79.998148,40.451082],[-79.997578,40.451272],[-79.997481,40.451389],[-79.996746,40.45173],[-79.995662,40.452371],[-79.993442,40.453819],[-79.992281,40.454771],[-79.992928,40.455228],[-79.993606,40.455248],[-79.994293,40.454935],[-79.994504,40.454919],[-79.994669,40.455404],[-79.993099,40.455788],[-79.991304,40.456734],[-79.994586,40.458175],[-79.994827,40.458211],[-79.995477,40.458101],[-79.995435,40.458331],[-79.994643,40.459719],[-79.99395,40.460536],[-79.993186,40.461223],[-79.993358,40.461166],[-79.993786,40.460815],[-79.99518,40.459948],[-79.996469,40.459303],[-79.996868,40.459233],[-79.997456,40.459011],[-79.999177,40.458648],[-79.999516,40.459721],[-79.999698,40.459666],[-79.99973,40.459878],[-80.000044,40.459771],[-80.00005,40.459961],[-80.000976,40.45942],[-80.000828,40.458954],[-80.002238,40.458682],[-80.002123,40.458133],[-80.001567,40.456413]]]}},{"type":"Feature","properties":{"block_count":48,"land_area_km2":1.1222,"centroid":[-80.074576,40.420226],"bbox":[-80.085679,40.413399,-80.066096,40.426039],"boundary_source":"Dissolved from 2010 Census blocks (BlockCodes2016)","id":"east-carnegie","name":"East Carnegie","geography":"neighborhood"},"geometry":{"type":"Polygon","coordinates":[[[-80.074297,40.413739],[-80.073862,40.413399],[-80.073289,40.413824],[-80.072631,40.414448],[-80.072315,40.41489],[-80.071908,40.415617],[-80.071775,40.415724],[-80.071526,40.415814],[-80.068737,40.415941],[-80.068046,40.416003],[-80.067663,40.416087],[-80.067282,40.416221],[-80.066552,40.416665],[-80.066168,40.417146],[-80.0661,40.417301],[-80.066096,40.417499],[-80.066608,40.419384],[-80.066882,40.420621],[-80.067156,40.420619],[-80.067262,40.420682],[-80.067281,40.421171],[-80.068306,40.422328],[-80.06873,40.422625],[-80.071085,40.424035],[-80.072235,40.424544],[-80.072371,40.424667],[-80.072593,40.42552],[-80.072696,40.425679],[-80.073207,40.426039],[-80.073717,40.425546],[-80.074313,40.425326],[-80.075503,40.424982],[-80.080519,40.423723],[-80.083346,40.423726],[-80.083598,40.423791],[-80.085542,40.423842],[-80.085679,40.423125],[-80.085626,40.422827],[-80.085191,40.421758],[-80.08467,40.420859],[-80.084258,40.420336],[-80.083828,40.4201],[-80.083078,40.420005],[-80.081444,40.420196],[-80.079287,40.420139],[-80.078239,40.420296],[-80.076213,40.420726],[-80.075673,40.420766],[-80.075298,40.420719],[-80.075127,40.420625],[-80.074909,40.420307],[-80.075028,40.419779],[-80.07539,40.419028],[-80.07583,40.41836],[-80.076528,40.417616],[-80.077217,40.417124],[-80.078693,40.416491],[-80.077353,40.415262],[-80.07715,40.415441],[-80.076765,40.415165],[-80.076672,40.415233],[-80.075921,40.414651],[-80.075831,40.41472],[-80.075133,40.41419],[-80.075039,40.414256],[-80.074297,40.413739]]]}},{"type":"Feature","properties":{"block_count":83,"land_area_km2":1.403,"centroid":[-79.875287,40.453868],"bbox":[-79.885944,40.448918,-79.865794,40.461607],"boundary_source":"Dissolved from 2010 Census blocks (BlockCodes2016)","id":"east-hills","name":"East Hills","geography":"neighborhood"},"geometry":{"type":"Polygon","coordinates":[[[-79.867602,40.449464],[-79.867561,40.449389],[-79.86714,40.449392],[-79.86638,40.452812],[-79.865794,40.455765],[-79.872644,40.457455],[-79.872556,40.457643],[-79.87162,40.458389],[-79.871627,40.458707],[-79.871771,40.459468],[-79.871591,40.460585],[-79.870632,40.460752],[-79.869222,40.460526],[-79.869102,40.460973],[-79.870573,40.46119],[-79.871378,40.461108],[-79.872284,40.460884],[-79.87266,40.460736],[-79.87314,40.460427],[-79.874504,40.459263],[-79.875344,40.459791],[-79.87521,40.459905],[-79.875272,40.459945],[-79.875644,40.459955],[-79.875531,40.461549],[-79.876902,40.461607],[-79.876295,40.459701],[-79.877399,40.45983],[-79.877493,40.459408],[-79.877281,40.459384],[-79.877366,40.45896],[-79.879241,40.459152],[-79.879203,40.458874],[-79.878793,40.458292],[-79.878194,40.457694],[-79.877686,40.457094],[-79.878039,40.456826],[-79.879634,40.455376],[-79.879931,40.455244],[-79.880866,40.455048],[-79.883014,40.455405],[-79.884086,40.455485],[-79.885944,40.455074],[-79.885468,40.453436],[-79.885372,40.453168],[-79.885172,40.452868],[-79.885258,40.452696],[-79.885213,40.452548],[-79.884899,40.452131],[-79.884778,40.451852],[-79.884029,40.448918],[-79.882899,40.449151],[-79.882185,40.449189],[-79.881614,40.449379],[-79.881472,40.44931],[-79.881216,40.449352],[-79.878312,40.449922],[-79.872685,40.449367],[-79.86904,40.449389],[-79.869051,40.44946],[-79.867602,40.449464]]]}},{"type":"Feature","properties":{"block_count":137,"land_area_km2":1.504,"centroid":[-79.924606,40.464661],"bbox":[-79.934256,40.457262,-79.915681,40.473909],"boundary_source":"Dissolved from 2010 Census blocks (BlockCodes2016)","id":"east-liberty","name":"East Liberty","geography":"neighborhood"},"geometry":{"type":"Polygon","coordinates":[[[-79.917832,40.468814],[-79.921241,40.469756],[-79.926574,40.471629],[-79.931194,40.473437],[-79.931309,40.473509],[-79.931463,40.473909],[-79.931524,40.473857],[-79.931716,40.472041],[-79.932787,40.470637],[-79.927517,40.46875],[-79.934066,40.457927],[-79.934256,40.457577],[-79.934057,40.457262],[-79.921973,40.460868],[-79.922372,40.460252],[-79.922533,40.460094],[-79.922313,40.460258],[-79.922148,40.460555],[-79.921973,40.460681],[-79.921973,40.460368],[-79.920968,40.459897],[-79.92055,40.459634],[-79.917412,40.457481],[-79.916739,40.45809],[-79.91644,40.458742],[-79.915771,40.459858],[-79.915681,40.460106],[-79.915895,40.461135],[-79.916071,40.46167],[-79.916376,40.462265],[-79.916787,40.46279],[-79.917406,40.463446],[-79.918354,40.464335],[-79.91877,40.464627],[-79.919904,40.46507],[-79.919455,40.465739],[-79.919053,40.46612],[-79.917798,40.466604],[-79.91603,40.467016],[-79.916921,40.468439],[-79.916948,40.468581],[-79.917832,40.468814]]]}},{"type":"Feature","properties":{"block_count":162,"land_area_km2":1.5893,"centroid":[-80.038677,40.444406],"bbox":[-80.047431,40.435711,-80.027722,40.453204],"boundary_source":"Dissolved from 2010 Census blocks (BlockCodes2016)","id":"elliott","name":"Elliott","geography":"neighborhood"},"geometry":{"type":"Polygon","coordinates":[[[-80.042463,40.444263],[-80.042782,40.443994],[-80.043256,40.444318],[-80.045783,40.442333],[-80.045306,40.441949],[-80.045113,40.4421],[-80.045123,40.44195],[-80.045701,40.44076],[-80.045879,40.440568],[-80.04604,40.440473],[-80.047431,40.439983],[-80.0474,40.439678],[-80.047343,40.439602],[-80.04738,40.439581],[-80.047295,40.438153],[-80.046231,40.43829],[-80.045367,40.438292],[-80.044733,40.438248],[-80.043475,40.437998],[-80.041273,40.437346],[-80.039758,40.437089],[-80.039603,40.437026],[-80.039128,40.436629],[-80.038758,40.436457],[-80.037477,40.435993],[-80.036201,40.435711],[-80.036021,40.435748],[-80.035898,40.435827],[-80.035778,40.436142],[-80.035682,40.436605],[-80.035646,40.437673],[-80.035226,40.438711],[-80.035157,40.439592],[-80.035711,40.440578],[-80.037106,40.44071],[-80.03705,40.441278],[-80.036547,40.441279],[-80.03544,40.441665],[-80.035663,40.442037],[-80.035654,40.442099],[-80.034714,40.442508],[-80.033161,40.443044],[-80.032807,40.44262],[-80.032084,40.442889],[-80.029742,40.443987],[-80.029428,40.444097],[-80.028777,40.444485],[-80.028305,40.444217],[-80.028206,40.444256],[-80.027722,40.445065],[-80.028896,40.445689],[-80.032109,40.447815],[-80.036219,40.450908],[-80.038881,40.453204],[-80.039388,40.452875],[-80.040948,40.452057],[-80.042311,40.451547],[-80.044629,40.450469],[-80.045078,40.450153],[-80.044068,40.448004],[-80.044002,40.447758],[-80.04415,40.446898],[-80.044095,40.446474],[-80.043965,40.446143],[-80.043727,40.44589],[-80.043451,40.445738],[-80.043152,40.445653],[-80.04244,40.445572],[-80.042098,40.445449],[-80.04184,40.445273],[-80.041611,40.44497],[-80.042463,40.444263]]]}},{"type":"Feature","properties":{"block_count":40,"land_area_km2":0.6028,"centroid":[-80.054738,40.461034],"bbox":[-80.075437,40.452616,-80.038881,40.465161],"boundary_source":"Dissolved from 2010 Census blocks (BlockCodes2016)","id":"esplen","name":"Esplen","geography":"neighborhood"},"geometry":{"type":"Polygon","coordinates":[[[-80.041917,40.454709],[-80.041524,40.45427],[-80.041294,40.453814],[-80.040966,40.4534],[-80.040483,40.453004],[-80.039898,40.452616],[-80.039388,40.452875],[-80.038881,40.453204],[-80.040489,40.454794],[-80.04237,40.456418],[-80.045023,40.458494],[-80.047258,40.460053],[-80.047251,40.460161],[-80.047423,40.460338],[-80.047438,40.460428],[-80.047546,40.460488],[-80.047697,40.460422],[-80.05004,40.462053],[-80.051089,40.463089],[-80.051664,40.463918],[-80.051973,40.464596],[-80.052203,40.464864],[-80.052505,40.464934],[-80.052584,40.465161],[-80.054946,40.464481],[-80.056578,40.463937],[-80.057965,40.463534],[-80.05835,40.46349],[-80.059651,40.463959],[-80.060313,40.464124],[-80.060988,40.464078],[-80.062196,40.463355],[-80.063378,40.462744],[-80.064622,40.462371],[-80.067227,40.461215],[-80.068164,40.46091],[-80.069389,40.460855],[-80.070327,40.460975],[-80.070452,40.461063],[-80.072334,40.461374],[-80.074759,40.463612],[-80.074976,40.463549],[-80.075437,40.462672],[-80.074392,40.461875],[-80.073878,40.461558],[-80.073263,40.461316],[-80.070503,40.460591],[-80.06996,40.460474],[-80.069464,40.460423],[-80.068777,40.460469],[-80.067361,40.460797],[-80.064638,40.461324],[-80.063005,40.461737],[-80.062506,40.461841],[-80.062049,40.461873],[-80.061673,40.461819],[-80.05838,40.460744],[-80.05739,40.460588],[-80.056496,40.460575],[-80.05584,40.460691],[-80.054931,40.460932],[-80.053841,40.461303],[-80.053457,40.461382],[-80.053027,40.461399],[-80.052322,40.46128],[-80.051748,40.461014],[-80.049544,40.459506],[-80.04858,40.458916],[-80.044472,40.456678],[-80.043729,40.456193],[-80.042585,40.455324],[-80.041917,40.454709]]]}},{"type":"Feature","properties":{"block_count":24,"land_area_km2":2.5203,"centroid":[-80.084782,40.450779],"bbox":[-80.095509,40.439731,-80.068616,40.459977],"boundary_source":"Dissolved from 2010 Census blocks (BlockCodes2016)","id":"fairywood","name":"Fairywood","geography":"neighborhood"},"geometry":{"type":"Polygon","coordinates":[[[-80.084701,40.442049],[-80.084068,40.441929],[-80.083466,40.441203],[-80.082601,40.440333],[-80.082077,40.440086],[-80.080771,40.439731],[-80.080733,40.439987],[-80.080477,40.440408],[-80.080471,40.440556],[-80.078118,40.441349],[-80.076352,40.441808],[-80.078505,40.446527],[-80.077629,40.446905],[-80.076948,40.44714],[-80.076352,40.447246],[-80.076534,40.448007],[-80.073149,40.448653],[-80.072945,40.448325],[-80.071587,40.448621],[-80.068616,40.447845],[-80.069715,40.448762],[-80.069944,40.448886],[-80.071463,40.449285],[-80.072635,40.449431],[-80.072936,40.449607],[-80.073372,40.450146],[-80.073892,40.450636],[-80.075082,40.451557],[-80.076602,40.452526],[-80.077681,40.453455],[-80.080149,40.455832],[-80.080209,40.456156],[-80.080732,40.456173],[-80.082062,40.457237],[-80.084055,40.459164],[-80.084112,40.459307],[-80.084251,40.459377],[-80.083913,40.459466],[-80.086118,40.459809],[-80.086782,40.459856],[-80.088024,40.459737],[-80.089723,40.459796],[-80.089806,40.459753],[-80.091127,40.459885],[-80.09205,40.459857],[-80.093856,40.459977],[-80.094013,40.459925],[-80.094396,40.459937],[-80.094858,40.459815],[-80.095296,40.45958],[-80.095422,40.459452],[-80.095509,40.459064],[-80.095504,40.458231],[-80.095426,40.458148],[-80.095458,40.458007],[-80.095235,40.456639],[-80.095369,40.45657],[-80.095196,40.456381],[-80.095182,40.456017],[-80.095081,40.455823],[-80.094672,40.453997],[-80.094508,40.45365],[-80.094604,40.45301],[-80.094567,40.452317],[-80.094654,40.45193],[-80.0945,40.451331],[-80.094024,40.450872],[-80.093375,40.450754],[-80.092726,40.450853],[-80.091708,40.451303],[-80.090949,40.45146],[-80.090621,40.451419],[-80.089949,40.450971],[-80.089716,40.450724],[-80.089583,40.450454],[-80.089601,40.449782],[-80.091024,40.44905],[-80.090273,40.447522],[-80.090108,40.446579],[-80.090399,40.44541],[-80.090165,40.444162],[-80.089237,40.443333],[-80.088103,40.442951],[-80.085574,40.442324],[-80.084701,40.442049]]]}},{"type":"Feature","properties":{"block_count":73,"land_area_km2":0.6452,"centroid":[-80.004265,40.46281],"bbox":[-80.010043,40.458548,-79.999516,40.468444],"boundary_source":"Dissolved from 2010 Census blocks (BlockCodes2016)","id":"fineview","name":"Fineview","geography":"neighborhood"},"geometry":{"type":"Polygon","coordinates":[[[-80.003842,40.465727],[-80.005088,40.465426],[-80.005316,40.465292],[-80.005603,40.465015],[-80.005848,40.465502],[-80.00582,40.465585],[-80.005889,40.465876],[-80.010043,40.4651],[-80.009534,40.463442],[-80.008835,40.462328],[-80.008795,40.462187],[-80.008675,40.46066],[-80.008496,40.459599],[-80.008331,40.459355],[-80.007944,40.459128],[-80.007764,40.458855],[-80.00684,40.459073],[-80.005534,40.458972],[-80.004649,40.458756],[-80.002958,40.458548],[-80.000828,40.458954],[-80.000976,40.45942],[-80.00005,40.459961],[-80.000044,40.459771],[-79.99973,40.459878],[-79.999698,40.459666],[-79.999516,40.459721],[-79.999682,40.460484],[-79.999896,40.46412],[-80.000032,40.464994],[-80.000275,40.465661],[-80.000577,40.466205],[-80.002209,40.468444],[-80.002505,40.467914],[-80.003503,40.467532],[-80.004502,40.467387],[-80.005498,40.46731],[-80.005918,40.467374],[-80.005778,40.467135],[-80.003733,40.466304],[-80.003618,40.466143],[-80.00361,40.465971],[-80.003842,40.465727]]]}},{"type":"Feature","properties":{"block_count":26,"land_area_km2":0.2751,"centroid":[-79.934379,40.460965],"bbox":[-79.937058,40.456565,-79.930673,40.464772],"boundary_source":"Dissolved from 2010 Census blocks (BlockCodes2016)","id":"friendship","name":"Friendship","geography":"neighborhood"},"geometry":{"type":"Polygon","coordinates":[[[-79.931617,40.461959],[-79.930673,40.463493],[-79.934518,40.464772],[-79.935108,40.464734],[-79.935825,40.462921],[-79.936074,40.462976],[-79.937058,40.457675],[-79.937034,40.457532],[-79.93649,40.456565],[-79.934057,40.457262],[-79.934256,40.457577],[-79.931617,40.461959]]]}},{"type":"Feature","properties":{"block_count":91,"land_area_km2":1.1847,"centroid":[-79.937825,40.468287],"bbox":[-79.947382,40.463493,-79.927517,40.473093],"boundary_source":"Dissolved from 2010 Census blocks (BlockCodes2016)","id":"garfield","name":"Garfield","geography":"neighborhood"},"geometry":{"type":"Polygon","coordinates":[[[-79.938608,40.464562],[-79.934518,40.464772],[-79.930673,40.463493],[-79.927517,40.46875],[-79.932851,40.470651],[-79.934542,40.472147],[-79.93484,40.472336],[-79.935617,40.472613],[-79.937089,40.472943],[-79.937816,40.473056],[-79.938642,40.473093],[-79.939082,40.473081],[-79.93974,40.472992],[-79.940335,40.472844],[-79.942058,40.472258],[-79.943705,40.471945],[-79.944153,40.471799],[-79.944792,40.471445],[-79.945669,40.470753],[-79.946227,40.470239],[-79.946775,40.469648],[-79.947333,40.468679],[-79.947382,40.468447],[-79.947357,40.468214],[-79.947243,40.467973],[-79.946746,40.467453],[-79.946116,40.466964],[-79.946446,40.465466],[-79.939382,40.464533],[-79.938608,40.464562]]]}},{"type":"Feature","properties":{"block_count":18,"land_area_km2":1.2053,"centroid":[-79.930295,40.406041],"bbox":[-79.937879,40.398582,-79.919691,40.412711],"boundary_source":"Dissolved from 2010 Census blocks (BlockCodes2016)","id":"glen-hazel","name":"Glen Hazel","geography":"neighborhood"},"geometry":{"type":"Polygon","coordinates":[[[-79.919846,40.411708],[-79.921217,40.412711],[-79.921799,40.41247],[-79.922,40.411947],[-79.922155,40.411762],[-79.922428,40.411701],[-79.922774,40.411804],[-79.922919,40.411489],[-79.923278,40.411241],[-79.9241,40.410958],[-79.924848,40.41056],[-79.925358,40.410409],[-79.926077,40.410494],[-79.926338,40.410425],[-79.92647,40.410315],[-79.926955,40.410232],[-79.927228,40.410334],[-79.92736,40.410633],[-79.929413,40.409745],[-79.930479,40.411232],[-79.932795,40.410703],[-79.93432,40.41075],[-79.937373,40.409936],[-79.936866,40.408557],[-79.937089,40.40784],[-79.936964,40.407801],[-79.937093,40.407472],[-79.936357,40.407141],[-79.935243,40.406343],[-79.936096,40.404986],[-79.935421,40.404822],[-79.935993,40.403618],[-79.935923,40.403603],[-79.936324,40.403462],[-79.936158,40.403104],[-79.935928,40.403001],[-79.936215,40.402529],[-79.936511,40.402168],[-79.937131,40.401003],[-79.937314,40.400744],[-79.937879,40.400164],[-79.937709,40.400085],[-79.936305,40.400004],[-79.936033,40.399941],[-79.935924,40.399866],[-79.935736,40.3996],[-79.935587,40.398582],[-79.932595,40.399246],[-79.932056,40.39956],[-79.931639,40.399683],[-79.931136,40.399908],[-79.93016,40.400642],[-79.928069,40.402015],[-79.926129,40.403744],[-79.924527,40.405702],[-79.923449,40.407111],[-79.92294,40.407512],[-79.922752,40.407807],[-79.922565,40.408301],[-79.921976,40.409305],[-79.921897,40.409412],[-79.921667,40.409531],[-79.92148,40.409926],[-79.920705,40.410757],[-79.919691,40.411592],[-79.919846,40.411708]]]}},{"type":"Feature","properties":{"block_count":171,"land_area_km2":1.989,"centroid":[-79.937604,40.424343],"bbox":[-79.952288,40.418871,-79.925732,40.430103],"boundary_source":"Dissolved from 2010 Census blocks (BlockCodes2016)","id":"greenfield","name":"Greenfield","geography":"neighborhood"},"geometry":{"type":"Polygon","coordinates":[[[-79.929521,40.419061],[-79.929553,40.419159],[-79.929135,40.41925],[-79.929215,40.419753],[-79.928168,40.419683],[-79.928132,40.419102],[-79.926774,40.418911],[-79.927057,40.419354],[-79.927151,40.419608],[-79.926096,40.419542],[-79.926285,40.423542],[-79.925732,40.425423],[-79.925789,40.425485],[-79.926231,40.425659],[-79.926457,40.425822],[-79.926559,40.425838],[-79.926442,40.426243],[-79.926461,40.426411],[-79.926593,40.426646],[-79.927909,40.427622],[-79.92676,40.428152],[-79.929949,40.428852],[-79.930398,40.428927],[-79.931674,40.429008],[-79.932773,40.428989],[-79.933352,40.428932],[-79.936099,40.428544],[-79.936928,40.428533],[-79.937923,40.428634],[-79.93903,40.42884],[-79.939722,40.429304],[-79.940134,40.429511],[-79.940047,40.429812],[-79.941856,40.430103],[-79.943138,40.429649],[-79.943466,40.429264],[-79.944474,40.429084],[-79.950784,40.427513],[-79.950881,40.427341],[-79.950798,40.427203],[-79.951704,40.426309],[-79.952109,40.425763],[-79.952236,40.425429],[-79.952288,40.424898],[-79.952036,40.424917],[-79.950794,40.425488],[-79.949835,40.425665],[-79.949785,40.425607],[-79.949927,40.425538],[-79.950873,40.425179],[-79.951014,40.425043],[-79.951037,40.424912],[-79.950875,40.425033],[-79.950647,40.425076],[-79.950078,40.424883],[-79.949506,40.425095],[-79.947559,40.421993],[-79.941039,40.418871],[-79.937605,40.419162],[-79.936023,40.419394],[-79.93383,40.419788],[-79.93369,40.419732],[-79.932308,40.419835],[-79.932211,40.418956],[-79.930698,40.419037],[-79.930694,40.418923],[-79.930279,40.418929],[-79.929502,40.419002],[-79.929521,40.419061]]]}},{"type":"Feature","properties":{"block_count":40,"land_area_km2":4.4796,"centroid":[-79.947135,40.392254],"bbox":[-79.970961,40.373941,-79.925507,40.410346],"boundary_source":"Dissolved from 2010 Census blocks (BlockCodes2016)","id":"hays","name":"Hays","geography":"neighborhood"},"geometry":{"type":"Polygon","coordinates":[[[-79.932038,40.385894],[-79.931359,40.388236],[-79.931232,40.389176],[-79.93123,40.390752],[-79.932357,40.391499],[-79.932902,40.396724],[-79.933213,40.396796],[-79.933263,40.396743],[-79.933069,40.396173],[-79.933107,40.396017],[-79.933213,40.396139],[-79.933364,40.39664],[-79.933508,40.396808],[-79.933838,40.396635],[-79.937099,40.396337],[-79.937631,40.39624],[-79.937558,40.395827],[-79.937384,40.395504],[-79.937112,40.395267],[-79.936713,40.395161],[-79.938793,40.395026],[-79.938156,40.39298],[-79.94387,40.394168],[-79.94439,40.394404],[-79.945308,40.394929],[-79.944933,40.395417],[-79.946078,40.395905],[-79.947379,40.396914],[-79.950608,40.399618],[-79.951053,40.400238],[-79.951517,40.400029],[-79.95284,40.401705],[-79.952555,40.402184],[-79.952921,40.40267],[-79.953201,40.402518],[-79.953492,40.403205],[-79.953288,40.403258],[-79.95492,40.406845],[-79.956032,40.406617],[-79.955971,40.406887],[-79.956283,40.407188],[-79.956625,40.407774],[-79.956644,40.408229],[-79.956112,40.409116],[-79.956203,40.409432],[-79.956131,40.410309],[-79.956582,40.410346],[-79.959048,40.40974],[-79.95907,40.409061],[-79.959292,40.409057],[-79.959311,40.408727],[-79.960098,40.408755],[-79.960393,40.407761],[-79.960489,40.407771],[-79.960909,40.407561],[-79.961354,40.408079],[-79.962227,40.408155],[-79.96303,40.407881],[-79.963563,40.408795],[-79.963884,40.408737],[-79.965887,40.40723],[-79.969061,40.40537],[-79.969503,40.405062],[-79.970106,40.404756],[-79.970736,40.403465],[-79.970961,40.403423],[-79.970871,40.403254],[-79.970865,40.402811],[-79.969054,40.400468],[-79.964795,40.399687],[-79.963904,40.399715],[-79.963476,40.398325],[-79.962989,40.398068],[-79.962565,40.397946],[-79.961057,40.397828],[-79.958798,40.397443],[-79.958451,40.397313],[-79.958161,40.397112],[-79.957731,40.389844],[-79.954913,40.389871],[-79.954353,40.389979],[-79.954207,40.390103],[-79.954023,40.39016],[-79.952436,40.390183],[-79.95187,40.390293],[-79.950099,40.390801],[-79.949774,40.390816],[-79.949522,40.390726],[-79.949502,40.39124],[-79.949154,40.391229],[-79.949202,40.390591],[-79.947282,40.390049],[-79.947073,40.390171],[-79.945171,40.390254],[-79.944395,40.390177],[-79.943841,40.389031],[-79.943647,40.389101],[-79.942093,40.388214],[-79.936124,40.3888],[-79.935384,40.383613],[-79.93553,40.382501],[-79.935473,40.38095],[-79.938278,40.38016],[-79.942535,40.37967],[-79.942889,40.379325],[-79.943152,40.379484],[-79.94406,40.378574],[-79.943332,40.378157],[-79.9455,40.376079],[-79.943666,40.374965],[-79.942734,40.375965],[-79.939439,40.373941],[-79.926577,40.374999],[-79.926768,40.375635],[-79.926818,40.376024],[-79.926817,40.376513],[-79.926719,40.37705],[-79.926482,40.377679],[-79.925507,40.379607],[-79.925844,40.379819],[-79.926978,40.380838],[-79.927697,40.381389],[-79.929346,40.382482],[-79.930472,40.383069],[-79.93047,40.383284],[-79.932086,40.384182],[-79.932343,40.384284],[-79.932341,40.384941],[-79.932038,40.385894]]]}},{"type":"Feature","properties":{"block_count":201,"land_area_km2":4.1121,"centroid":[-79.941155,40.412321],"bbox":[-79.959646,40.398131,-79.922484,40.429417],"boundary_source":"Dissolved from 2010 Census blocks (BlockCodes2016)","id":"hazelwood","name":"Hazelwood","geography":"neighborhood"},"geometry":{"type":"Polygon","coordinates":[[[-79.952973,40.425983],[-79.953651,40.425988],[-79.954009,40.426269],[-79.955148,40.427478],[-79.955285,40.427386],[-79.956544,40.428683],[-79.957068,40.429085],[-79.957592,40.42937],[-79.957886,40.429417],[-79.958507,40.42938],[-79.959278,40.429177],[-79.959646,40.428988],[-79.958088,40.427915],[-79.958052,40.427802],[-79.957743,40.427493],[-79.957549,40.427496],[-79.956521,40.426608],[-79.955615,40.425676],[-79.953466,40.423233],[-79.953431,40.422931],[-79.952906,40.422003],[-79.952777,40.421921],[-79.952086,40.419798],[-79.951957,40.41976],[-79.951769,40.417326],[-79.951683,40.413371],[-79.951812,40.413178],[-79.951337,40.410039],[-79.951279,40.409921],[-79.951071,40.409766],[-79.951222,40.409623],[-79.951294,40.409426],[-79.950769,40.407389],[-79.950539,40.40714],[-79.950281,40.405853],[-79.950007,40.405148],[-79.949511,40.404216],[-79.949138,40.403748],[-79.948922,40.403346],[-79.948635,40.403136],[-79.948542,40.403004],[-79.948326,40.402475],[-79.947571,40.401788],[-79.946881,40.400926],[-79.946487,40.400715],[-79.945833,40.400169],[-79.945431,40.400012],[-79.944727,40.399438],[-79.944317,40.399295],[-79.943441,40.398881],[-79.942902,40.398683],[-79.941408,40.398331],[-79.940482,40.398219],[-79.938707,40.398131],[-79.937587,40.398165],[-79.936948,40.398241],[-79.936567,40.398386],[-79.936337,40.398677],[-79.936187,40.398554],[-79.935734,40.398545],[-79.935587,40.398582],[-79.935736,40.3996],[-79.935924,40.399866],[-79.936033,40.399941],[-79.936305,40.400004],[-79.937709,40.400085],[-79.937879,40.400164],[-79.937314,40.400744],[-79.937131,40.401003],[-79.936511,40.402168],[-79.936215,40.402529],[-79.935928,40.403001],[-79.936158,40.403104],[-79.936324,40.403462],[-79.935923,40.403603],[-79.935993,40.403618],[-79.935421,40.404822],[-79.936096,40.404986],[-79.935243,40.406343],[-79.936357,40.407141],[-79.937093,40.407472],[-79.936964,40.407801],[-79.937089,40.40784],[-79.936866,40.408557],[-79.937373,40.409936],[-79.93432,40.41075],[-79.932795,40.410703],[-79.930479,40.411232],[-79.929413,40.409745],[-79.92736,40.410633],[-79.927228,40.410334],[-79.926955,40.410232],[-79.92647,40.410315],[-79.926338,40.410425],[-79.926077,40.410494],[-79.925358,40.410409],[-79.925172,40.410441],[-79.924609,40.410668],[-79.9241,40.410958],[-79.923278,40.411241],[-79.922919,40.411489],[-79.922774,40.411804],[-79.922822,40.411942],[-79.92278,40.412202],[-79.922484,40.413055],[-79.922529,40.413217],[-79.923054,40.413608],[-79.923617,40.413796],[-79.924934,40.415004],[-79.92499,40.415161],[-79.924909,40.415449],[-79.925654,40.416355],[-79.925799,40.416647],[-79.925944,40.417589],[-79.926206,40.418237],[-79.926774,40.418911],[-79.928132,40.419102],[-79.928168,40.419683],[-79.929215,40.419753],[-79.929135,40.41925],[-79.929553,40.419159],[-79.929502,40.419002],[-79.930279,40.418929],[-79.930694,40.418923],[-79.930698,40.419037],[-79.932211,40.418956],[-79.932308,40.419835],[-79.93369,40.419732],[-79.93383,40.419788],[-79.936023,40.419394],[-79.937605,40.419162],[-79.941039,40.418871],[-79.947559,40.421993],[-79.949506,40.425095],[-79.950078,40.424883],[-79.950647,40.425076],[-79.950875,40.425033],[-79.951037,40.424912],[-79.951014,40.425043],[-79.950873,40.425179],[-79.949927,40.425538],[-79.949785,40.425607],[-79.949835,40.425665],[-79.950794,40.425488],[-79.952036,40.424917],[-79.952288,40.424898],[-79.952236,40.425429],[-79.952109,40.425763],[-79.951956,40.426016],[-79.951234,40.426785],[-79.951353,40.426734],[-79.951886,40.426224],[-79.952212,40.426046],[-79.952543,40.42598],[-79.952973,40.425983]]]}},{"type":"Feature","properties":{"block_count":155,"land_area_km2":2.8694,"centroid":[-79.917148,40.477622],"bbox":[-79.928583,40.467016,-79.906066,40.487842],"boundary_source":"Dissolved from 2010 Census blocks (BlockCodes2016)","id":"highland-park","name":"Highland Park","geography":"neighborhood"},"geometry":{"type":"Polygon","coordinates":[[[-79.919788,40.469354],[-79.916948,40.468581],[-79.916921,40.468439],[-79.91603,40.467016],[-79.914935,40.4673],[-79.914271,40.467531],[-79.911707,40.468605],[-79.910856,40.469075],[-79.909546,40.470181],[-79.909237,40.470245],[-79.908622,40.470281],[-79.907835,40.479647],[-79.907845,40.480494],[-79.90806,40.48225],[-79.907951,40.483495],[-79.907929,40.48362],[-79.907351,40.48404],[-79.90653,40.483936],[-79.906375,40.484565],[-79.906066,40.485224],[-79.907731,40.485277],[-79.907997,40.48536],[-79.908206,40.485508],[-79.908227,40.485684],[-79.911205,40.486475],[-79.911291,40.486382],[-79.913092,40.486842],[-79.913204,40.486608],[-79.913411,40.48644],[-79.913536,40.486427],[-79.915488,40.486896],[-79.916246,40.486971],[-79.917586,40.487281],[-79.918409,40.487405],[-79.92007,40.487842],[-79.920245,40.487416],[-79.920526,40.487199],[-79.920443,40.486915],[-79.920511,40.486675],[-79.920798,40.486389],[-79.922038,40.485574],[-79.922845,40.484847],[-79.924225,40.483232],[-79.924152,40.483152],[-79.924815,40.481899],[-79.927163,40.481066],[-79.927333,40.480991],[-79.927336,40.480939],[-79.927573,40.480768],[-79.927362,40.480693],[-79.927493,40.47866],[-79.927628,40.477905],[-79.928583,40.475332],[-79.928314,40.474717],[-79.928349,40.472318],[-79.9264,40.471566],[-79.921666,40.469899],[-79.919788,40.469354]]]}},{"type":"Feature","properties":{"block_count":90,"land_area_km2":1.1204,"centroid":[-79.890191,40.459078],"bbox":[-79.901115,40.45505,-79.877686,40.464668],"boundary_source":"Dissolved from 2010 Census blocks (BlockCodes2016)","id":"homewood-north","name":"Homewood North","geography":"neighborhood"},"geometry":{"type":"Polygon","coordinates":[[[-79.889993,40.461679],[-79.893095,40.462408],[-79.894351,40.462573],[-79.894453,40.462543],[-79.896197,40.464035],[-79.898976,40.464668],[-79.90063,40.464239],[-79.899027,40.463865],[-79.901115,40.45849],[-79.886111,40.455076],[-79.885837,40.455095],[-79.884052,40.455486],[-79.883014,40.455405],[-79.880933,40.45505],[-79.879931,40.455244],[-79.879634,40.455376],[-79.878039,40.456826],[-79.877686,40.457094],[-79.878194,40.457694],[-79.878793,40.458292],[-79.879203,40.458874],[-79.879241,40.459152],[-79.879314,40.459112],[-79.889992,40.461829],[-79.889993,40.461679]]]}},{"type":"Feature","properties":{"block_count":141,"land_area_km2":1.0198,"centroid":[-79.892856,40.453303],"bbox":[-79.905479,40.446907,-79.884087,40.45849],"boundary_source":"Dissolved from 2010 Census blocks (BlockCodes2016)","id":"homewood-south","name":"Homewood South","geography":"neighborhood"},"geometry":{"type":"Polygon","coordinates":[[[-79.888406,40.447773],[-79.888184,40.447659],[-79.88593,40.446907],[-79.884576,40.449303],[-79.884087,40.449144],[-79.884778,40.451852],[-79.884899,40.452131],[-79.885213,40.452548],[-79.885258,40.452696],[-79.885172,40.452868],[-79.885372,40.453168],[-79.885468,40.453436],[-79.885944,40.455074],[-79.886111,40.455076],[-79.901115,40.45849],[-79.902224,40.455693],[-79.902754,40.454906],[-79.902909,40.454892],[-79.905264,40.455556],[-79.905479,40.455245],[-79.90323,40.45436],[-79.899631,40.453052],[-79.894826,40.45118],[-79.893611,40.450645],[-79.892887,40.450168],[-79.892601,40.450561],[-79.892423,40.450455],[-79.892423,40.450266],[-79.891768,40.450098],[-79.891154,40.449821],[-79.890444,40.449459],[-79.889816,40.449051],[-79.889005,40.44833],[-79.888547,40.447844],[-79.888406,40.447773]]]}},{"type":"Feature","properties":{"block_count":46,"land_area_km2":0.5151,"centroid":[-79.903948,40.459431],"bbox":[-79.909687,40.454879,-79.899027,40.464239],"boundary_source":"Dissolved from 2010 Census blocks (BlockCodes2016)","id":"homewood-west","name":"Homewood West","geography":"neighborhood"},"geometry":{"type":"Polygon","coordinates":[[[-79.9013,40.458015],[-79.899027,40.463865],[-79.90063,40.464239],[-79.904188,40.463314],[-79.905639,40.462585],[-79.905595,40.462259],[-79.905791,40.461785],[-79.906056,40.461349],[-79.906769,40.460382],[-79.907188,40.459914],[-79.907241,40.459742],[-79.909127,40.457189],[-79.909687,40.456565],[-79.907678,40.455853],[-79.906148,40.455386],[-79.905801,40.455378],[-79.905479,40.455245],[-79.905264,40.455556],[-79.902842,40.454879],[-79.902754,40.454906],[-79.90226,40.455619],[-79.9013,40.458015]]]}},{"type":"Feature","properties":{"block_count":120,"land_area_km2":0.7761,"centroid":[-79.993011,40.413552],"bbox":[-79.997281,40.407172,-79.988039,40.418576],"boundary_source":"Dissolved from 2010 Census blocks (BlockCodes2016)","id":"knoxville","name":"Knoxville","geography":"neighborhood"},"geometry":{"type":"Polygon","coordinates":[[[-79.997081,40.414541],[-79.997058,40.413718],[-79.996988,40.413515],[-79.99695,40.412569],[-79.996797,40.411394],[-79.996947,40.411013],[-79.996829,40.410138],[-79.996749,40.408165],[-79.996051,40.408033],[-79.995237,40.407812],[-79.994456,40.40774],[-79.992447,40.407379],[-79.991908,40.407172],[-79.991598,40.407682],[-79.99035,40.410409],[-79.990323,40.410583],[-79.990209,40.410718],[-79.989523,40.412223],[-79.988039,40.414434],[-79.988234,40.418469],[-79.988183,40.41851],[-79.988348,40.418576],[-79.988449,40.418504],[-79.989629,40.418457],[-79.997281,40.418261],[-79.997149,40.415373],[-79.997063,40.415302],[-79.997081,40.414541]]]}},{"type":"Feature","properties":{"block_count":107,"land_area_km2":1.1529,"centroid":[-79.912119,40.46226],"bbox":[-79.919904,40.454037,-79.905595,40.470281],"boundary_source":"Dissolved from 2010 Census blocks (BlockCodes2016)","id":"larimer","name":"Larimer","geography":"neighborhood"},"geometry":{"type":"Polygon","coordinates":[[[-79.919455,40.465739],[-79.919904,40.46507],[-79.91877,40.464627],[-79.918354,40.464335],[-79.917406,40.463446],[-79.916787,40.46279],[-79.916376,40.462265],[-79.916071,40.46167],[-79.915809,40.460871],[-79.915681,40.460106],[-79.915771,40.459858],[-79.91644,40.458742],[-79.916739,40.45809],[-79.917412,40.457481],[-79.912424,40.454037],[-79.912284,40.454091],[-79.909403,40.45684],[-79.907241,40.459742],[-79.907188,40.459914],[-79.906769,40.460382],[-79.906056,40.461349],[-79.905791,40.461785],[-79.905595,40.462259],[-79.905711,40.462955],[-79.905932,40.463372],[-79.908337,40.466647],[-79.908728,40.467348],[-79.908819,40.467896],[-79.908622,40.470281],[-79.909237,40.470245],[-79.909546,40.470181],[-79.910856,40.469075],[-79.911395,40.468758],[-79.912027,40.468469],[-79.914271,40.467531],[-79.914935,40.4673],[-79.917461,40.4667],[-79.918211,40.466466],[-79.919053,40.46612],[-79.919455,40.465739]]]}},{"type":"Feature","properties":{"block_count":109,"land_area_km2":2.5419,"centroid":[-79.914111,40.371402],"bbox":[-79.926817,40.361566,-79.900295,40.380942],"boundary_source":"Dissolved from 2010 Census blocks (BlockCodes2016)","id":"lincoln-place","name":"Lincoln Place","geography":"neighborhood"},"geometry":{"type":"Polygon","coordinates":[[[-79.911234,40.379306],[-79.911394,40.379542],[-79.911484,40.379576],[-79.911689,40.380541],[-79.912933,40.38086],[-79.913528,40.380942],[-79.913979,40.380878],[-79.914308,40.380769],[-79.918153,40.379386],[-79.919824,40.378165],[-79.920063,40.378044],[-79.920496,40.378069],[-79.92183,40.378656],[-79.923034,40.378879],[-79.923491,40.379139],[-79.923586,40.379151],[-79.923913,40.379061],[-79.924873,40.379359],[-79.925507,40.379607],[-79.925747,40.3792],[-79.92666,40.377246],[-79.926817,40.376513],[-79.926768,40.375635],[-79.926577,40.374999],[-79.924982,40.375091],[-79.924682,40.373062],[-79.923438,40.370532],[-79.92236,40.370712],[-79.922285,40.368633],[-79.920665,40.365361],[-79.918452,40.365459],[-79.91373,40.365514],[-79.913313,40.364636],[-79.911898,40.365008],[-79.911292,40.364072],[-79.910821,40.362849],[-79.908669,40.363505],[-79.908629,40.363458],[-79.908208,40.363572],[-79.907207,40.361566],[-79.905993,40.362086],[-79.904944,40.362165],[-79.905252,40.362861],[-79.900295,40.365255],[-79.901317,40.367513],[-79.903438,40.371889],[-79.90854,40.370452],[-79.911818,40.372805],[-79.908844,40.376692],[-79.909336,40.376895],[-79.908347,40.378153],[-79.910293,40.378546],[-79.910398,40.378439],[-79.910585,40.378768],[-79.910675,40.378684],[-79.911234,40.379306]]]}},{"type":"Feature","properties":{"block_count":159,"land_area_km2":4.6042,"centroid":[-79.896865,40.476261],"bbox":[-79.908819,40.461679,-79.883968,40.492614],"boundary_source":"Dissolved from 2010 Census blocks (BlockCodes2016)","id":"lincoln-lemington-belmar","name":"Lincoln-Lemington-Belmar","geography":"neighborhood"},"geometry":{"type":"MultiPolygon","coordinates":[[[[-79.90144,40.46403],[-79.898976,40.464668],[-79.896197,40.464035],[-79.894453,40.462543],[-79.894351,40.462573],[-79.893095,40.462408],[-79.889993,40.461679],[-79.889974,40.462108],[-79.888283,40.470037],[-79.887722,40.473142],[-79.886561,40.478184],[-79.885361,40.478592],[-79.884983,40.478813],[-79.884665,40.479312],[-79.883968,40.48233],[-79.885086,40.482353],[-79.885482,40.482567],[-79.888099,40.482486],[-79.890436,40.482767],[-79.891213,40.482811],[-79.891803,40.482971],[-79.895053,40.483356],[-79.895614,40.483472],[-79.896513,40.483752],[-79.896966,40.483763],[-79.898138,40.483962],[-79.899627,40.484044],[-79.900267,40.484171],[-79.900705,40.484199],[-79.90187,40.484435],[-79.902223,40.484457],[-79.902568,40.484655],[-79.90287,40.484726],[-79.903424,40.484996],[-79.904114,40.485089],[-79.904725,40.485227],[-79.906066,40.485224],[-79.906375,40.484565],[-79.90653,40.483936],[-79.907351,40.48404],[-79.907929,40.48362],[-79.908067,40.482511],[-79.907845,40.480494],[-79.907835,40.479647],[-79.908819,40.467896],[-79.908728,40.467348],[-79.908337,40.466647],[-79.905932,40.463372],[-79.905711,40.462955],[-79.905639,40.462585],[-79.904188,40.463314],[-79.90144,40.46403]]],[[[-79.8846,40.490782],[-79.884604,40.490922],[-79.88724,40.491151],[-79.893799,40.492105],[-79.896912,40.492614],[-79.896914,40.492488],[-79.896875,40.49248],[-79.896961,40.491735],[-79.897604,40.487879],[-79.895589,40.487285],[-79.893972,40.486933],[-79.894037,40.48679],[-79.895475,40.487044],[-79.900506,40.488428],[-79.901418,40.488719],[-79.901382,40.488921],[-79.901626,40.488985],[-79.901601,40.488367],[-79.901679,40.488146],[-79.901679,40.487517],[-79.893477,40.485733],[-79.8927,40.485711],[-79.890873,40.485502],[-79.890701,40.485436],[-79.890579,40.485277],[-79.888111,40.485197],[-79.888175,40.48644],[-79.88633,40.486563],[-79.884556,40.486774],[-79.884618,40.488375],[-79.884484,40.488949],[-79.884568,40.489615],[-79.8846,40.490782]]]]}},{"type":"Feature","properties":{"block_count":96,"land_area_km2":1.1163,"centroid":[-79.964369,40.464791],"bbox":[-79.972761,40.459437,-79.953694,40.471904],"boundary_source":"Dissolved from 2010 Census blocks (BlockCodes2016)","id":"lower-lawrenceville","name":"Lower Lawrenceville","geography":"neighborhood"},"geometry":{"type":"Polygon","coordinates":[[[-79.95922,40.466235],[-79.963846,40.469936],[-79.967128,40.471904],[-79.970086,40.468161],[-79.971853,40.465832],[-79.972761,40.464958],[-79.968074,40.461012],[-79.967155,40.460552],[-79.96664,40.460607],[-79.966079,40.459437],[-79.960891,40.460373],[-79.958195,40.460816],[-79.957695,40.460843],[-79.9571,40.460767],[-79.956595,40.460646],[-79.956133,40.460446],[-79.955936,40.460303],[-79.953694,40.462776],[-79.953963,40.462902],[-79.956455,40.462534],[-79.95717,40.462383],[-79.957961,40.465182],[-79.95922,40.466235]]]}},{"type":"Feature","properties":{"block_count":83,"land_area_km2":0.7231,"centroid":[-80.025047,40.455499],"bbox":[-80.03138,40.450393,-80.018897,40.462101],"boundary_source":"Dissolved from 2010 Census blocks (BlockCodes2016)","id":"manchester","name":"Manchester","geography":"neighborhood"},"geometry":{"type":"Polygon","coordinates":[[[-80.0192,40.452405],[-80.020593,40.456684],[-80.023456,40.458159],[-80.023541,40.458681],[-80.023443,40.458804],[-80.024623,40.45962],[-80.024959,40.459788],[-80.027203,40.460556],[-80.029391,40.461403],[-80.030352,40.461819],[-80.030692,40.462004],[-80.030734,40.462101],[-80.030829,40.462078],[-80.031312,40.461741],[-80.03138,40.461559],[-80.030635,40.460983],[-80.030582,40.460885],[-80.029453,40.457344],[-80.029146,40.456926],[-80.029305,40.456898],[-80.029016,40.455974],[-80.027593,40.451662],[-80.027283,40.450976],[-80.026802,40.451056],[-80.026642,40.450565],[-80.02527,40.450815],[-80.025127,40.450393],[-80.024157,40.450531],[-80.018897,40.451518],[-80.0192,40.452405]]]}},{"type":"Feature","properties":{"block_count":167,"land_area_km2":3.237,"centroid":[-80.034007,40.469489],"bbox":[-80.049399,40.455547,-80.017149,40.482748],"boundary_source":"Dissolved from 2010 Census blocks (BlockCodes2016)","id":"marshall-shadeland","name":"Marshall-Shadeland","geography":"neighborhood"},"geometry":{"type":"MultiPolygon","coordinates":[[[[-80.025677,40.482748],[-80.025582,40.480738],[-80.026681,40.480261],[-80.027289,40.479868],[-80.027875,40.478345],[-80.028222,40.478055],[-80.029511,40.477527],[-80.029883,40.477116],[-80.030087,40.476585],[-80.030212,40.476476],[-80.030561,40.476437],[-80.031876,40.476498],[-80.032434,40.476461],[-80.03311,40.476276],[-80.034163,40.475795],[-80.035117,40.475091],[-80.034862,40.474143],[-80.036495,40.47262],[-80.036501,40.472813],[-80.036286,40.47316],[-80.035275,40.474087],[-80.035243,40.474167],[-80.035303,40.47428],[-80.035782,40.474677],[-80.036528,40.474903],[-80.037863,40.47286],[-80.037271,40.472104],[-80.037345,40.471834],[-80.037436,40.471775],[-80.037709,40.47177],[-80.038346,40.47283],[-80.04017,40.47518],[-80.041174,40.475995],[-80.043077,40.478862],[-80.043349,40.478715],[-80.046365,40.477756],[-80.045978,40.476976],[-80.045854,40.476356],[-80.045325,40.475131],[-80.044845,40.474201],[-80.04439,40.47348],[-80.044669,40.473474],[-80.044623,40.473073],[-80.044421,40.472827],[-80.044335,40.472453],[-80.044106,40.472266],[-80.043667,40.472195],[-80.043595,40.472144],[-80.04325,40.471241],[-80.043092,40.47055],[-80.042079,40.468911],[-80.041516,40.468274],[-80.041101,40.467971],[-80.040627,40.467368],[-80.040663,40.467233],[-80.040066,40.466439],[-80.039815,40.466415],[-80.03832,40.464731],[-80.037221,40.463303],[-80.035974,40.461301],[-80.032742,40.46189],[-80.032131,40.462062],[-80.03138,40.461559],[-80.031312,40.461741],[-80.030829,40.462078],[-80.030734,40.462101],[-80.029896,40.462722],[-80.029876,40.462869],[-80.029575,40.462963],[-80.029415,40.463079],[-80.029106,40.462832],[-80.029053,40.462868],[-80.028757,40.462634],[-80.027598,40.462848],[-80.026793,40.462939],[-80.026809,40.462995],[-80.022707,40.463783],[-80.023568,40.46439],[-80.02468,40.465456],[-80.024826,40.465659],[-80.02533,40.469015],[-80.025828,40.470612],[-80.023693,40.47117],[-80.022622,40.472168],[-80.020603,40.472173],[-80.017176,40.472311],[-80.017251,40.474133],[-80.017149,40.474138],[-80.017371,40.477294],[-80.018531,40.477265],[-80.018869,40.476989],[-80.019715,40.476589],[-80.021524,40.476519],[-80.021533,40.476614],[-80.021588,40.476633],[-80.02181,40.476534],[-80.021923,40.476626],[-80.022101,40.476646],[-80.022932,40.476569],[-80.024629,40.47657],[-80.025326,40.476207],[-80.025818,40.476211],[-80.026161,40.476358],[-80.026349,40.476195],[-80.026611,40.476337],[-80.026124,40.476553],[-80.026241,40.476647],[-80.026461,40.476541],[-80.026729,40.476704],[-80.026847,40.476594],[-80.026632,40.476472],[-80.026761,40.476423],[-80.027297,40.476728],[-80.026584,40.477454],[-80.026996,40.477683],[-80.025803,40.478892],[-80.025808,40.478975],[-80.025974,40.478965],[-80.026001,40.479369],[-80.023509,40.479397],[-80.024924,40.48177],[-80.02498,40.481761],[-80.025677,40.482748]]],[[[-80.041039,40.464055],[-80.041282,40.464337],[-80.041951,40.464658],[-80.042511,40.465185],[-80.043561,40.466509],[-80.044135,40.467153],[-80.044438,40.467399],[-80.044538,40.467675],[-80.04553,40.468728],[-80.046472,40.470051],[-80.046716,40.470283],[-80.047083,40.470403],[-80.047687,40.470394],[-80.047917,40.470329],[-80.048356,40.470003],[-80.048686,40.469646],[-80.048902,40.469292],[-80.049349,40.468115],[-80.049399,40.467818],[-80.049255,40.466594],[-80.049104,40.466068],[-80.048781,40.465314],[-80.048414,40.464635],[-80.048055,40.464231],[-80.047401,40.463797],[-80.046819,40.463311],[-80.045769,40.462658],[-80.044856,40.461926],[-80.044612,40.461653],[-80.043441,40.460679],[-80.042923,40.460031],[-80.040601,40.458066],[-80.038295,40.455803],[-80.037948,40.455564],[-80.037856,40.455547],[-80.037684,40.455645],[-80.037604,40.455829],[-80.037618,40.457212],[-80.037855,40.458426],[-80.038343,40.459907],[-80.039055,40.461494],[-80.039256,40.46178],[-80.039515,40.461908],[-80.039687,40.462076],[-80.039931,40.46265],[-80.041039,40.464055]]]]}},{"type":"Feature","properties":{"block_count":91,"land_area_km2":0.7904,"centroid":[-79.972889,40.447714],"bbox":[-79.982429,40.442872,-79.96436,40.453177],"boundary_source":"Dissolved from 2010 Census blocks (BlockCodes2016)","id":"middle-hill","name":"Middle Hill","geography":"neighborhood"},"geometry":{"type":"Polygon","coordinates":[[[-79.97555,40.449409],[-79.982429,40.446493],[-79.980342,40.443632],[-79.980004,40.44387],[-79.979273,40.442872],[-79.975616,40.444438],[-79.975045,40.44366],[-79.970873,40.445405],[-79.968957,40.446087],[-79.965165,40.448713],[-79.96487,40.448777],[-79.965344,40.449937],[-79.965372,40.450155],[-79.96436,40.451959],[-79.964377,40.452271],[-79.964925,40.452883],[-79.965981,40.452975],[-79.966443,40.453177],[-79.966665,40.453175],[-79.969457,40.451997],[-79.968921,40.451149],[-79.970462,40.450491],[-79.972523,40.44962],[-79.972998,40.450493],[-79.97555,40.449409]]]}},{"type":"Feature","properties":{"block_count":100,"land_area_km2":0.9871,"centroid":[-79.927359,40.48364],"bbox":[-79.93766,40.472318,-79.913092,40.490427],"boundary_source":"Dissolved from 2010 Census blocks (BlockCodes2016)","id":"morningside","name":"Morningside","geography":"neighborhood"},"geometry":{"type":"Polygon","coordinates":[[[-79.931753,40.476373],[-79.93184,40.476084],[-79.931799,40.475391],[-79.931916,40.475217],[-79.931309,40.473509],[-79.928349,40.472318],[-79.928314,40.474717],[-79.928583,40.475332],[-79.927628,40.477905],[-79.927493,40.47866],[-79.927362,40.480693],[-79.927573,40.480768],[-79.927336,40.480939],[-79.927333,40.480991],[-79.927163,40.481066],[-79.924815,40.481899],[-79.924152,40.483152],[-79.924225,40.483232],[-79.922845,40.484847],[-79.922038,40.485574],[-79.920798,40.486389],[-79.920511,40.486675],[-79.920443,40.486915],[-79.920526,40.487199],[-79.920245,40.487416],[-79.92007,40.487842],[-79.918409,40.487405],[-79.917586,40.487281],[-79.916246,40.486971],[-79.915488,40.486896],[-79.913536,40.486427],[-79.913411,40.48644],[-79.913204,40.486608],[-79.913092,40.486842],[-79.913743,40.487008],[-79.913794,40.487131],[-79.916332,40.487855],[-79.916368,40.487739],[-79.91818,40.488184],[-79.918367,40.488124],[-79.91859,40.488173],[-79.918756,40.488355],[-79.918914,40.488404],[-79.924524,40.489597],[-79.9252,40.489707],[-79.925674,40.489882],[-79.927695,40.490223],[-79.932809,40.490427],[-79.933994,40.490331],[-79.935111,40.490328],[-79.93555,40.490207],[-79.936089,40.490213],[-79.936787,40.49007],[-79.93766,40.489962],[-79.937156,40.488429],[-79.935405,40.489053],[-79.934852,40.489169],[-79.933278,40.489145],[-79.933255,40.489062],[-79.932635,40.489026],[-79.932151,40.489025],[-79.931563,40.489144],[-79.930233,40.489134],[-79.929744,40.489115],[-79.927872,40.488849],[-79.925532,40.488308],[-79.925674,40.487937],[-79.925976,40.487618],[-79.92697,40.487686],[-79.929832,40.485388],[-79.93202,40.478584],[-79.931716,40.476482],[-79.931881,40.476368],[-79.931753,40.476373]]]}},{"type":"Feature","properties":{"block_count":265,"land_area_km2":2.9632,"centroid":[-80.010704,40.426751],"bbox":[-80.021478,40.413066,-79.996786,40.439736],"boundary_source":"Dissolved from 2010 Census blocks (BlockCodes2016)","id":"mount-washington","name":"Mount Washington","geography":"neighborhood"},"geometry":{"type":"Polygon","coordinates":[[[-80.002009,40.421775],[-79.998462,40.421724],[-79.998253,40.421441],[-79.997401,40.421648],[-79.997543,40.425938],[-79.997548,40.425992],[-79.997766,40.426127],[-79.997599,40.42648],[-79.997446,40.426616],[-79.99762,40.426749],[-79.997798,40.426615],[-79.998018,40.426758],[-79.997829,40.426901],[-79.998029,40.427033],[-79.998218,40.426896],[-79.998449,40.427038],[-79.99825,40.427183],[-79.998438,40.427299],[-79.998652,40.427159],[-79.998974,40.426772],[-80.00073,40.427593],[-80.002072,40.427631],[-80.003838,40.42783],[-80.003242,40.42808],[-80.00265,40.42848],[-80.002058,40.428573],[-80.001629,40.428863],[-80.001428,40.428936],[-80.000333,40.428626],[-79.999664,40.428121],[-79.999483,40.428138],[-79.998936,40.428467],[-79.998436,40.428439],[-79.998034,40.428303],[-79.997548,40.428393],[-79.997076,40.428214],[-79.996786,40.428194],[-79.99806,40.428916],[-79.998296,40.429006],[-79.998461,40.428893],[-79.998636,40.428907],[-80.000708,40.42966],[-80.003101,40.430711],[-80.00561,40.431716],[-80.005178,40.432184],[-80.006076,40.432612],[-80.008421,40.434034],[-80.011341,40.436209],[-80.012252,40.436807],[-80.013418,40.437467],[-80.013678,40.437662],[-80.013941,40.437769],[-80.016477,40.43922],[-80.017728,40.439736],[-80.018925,40.438141],[-80.018226,40.437776],[-80.018583,40.437365],[-80.018826,40.43637],[-80.018287,40.436286],[-80.019019,40.435397],[-80.019173,40.434982],[-80.017975,40.434803],[-80.019454,40.430035],[-80.018627,40.429881],[-80.018737,40.429274],[-80.019168,40.428865],[-80.019401,40.428871],[-80.019963,40.428003],[-80.020112,40.427875],[-80.020602,40.426325],[-80.020609,40.426198],[-80.019988,40.425916],[-80.019756,40.425701],[-80.020816,40.425725],[-80.020814,40.425598],[-80.020989,40.425176],[-80.021096,40.425233],[-80.021442,40.424599],[-80.021478,40.423996],[-80.021392,40.423554],[-80.02127,40.42344],[-80.021104,40.423412],[-80.019594,40.423984],[-80.017782,40.422349],[-80.016635,40.421156],[-80.016397,40.42085],[-80.016195,40.42039],[-80.016114,40.419916],[-80.016238,40.418815],[-80.016142,40.418053],[-80.015679,40.416963],[-80.015275,40.415607],[-80.015147,40.415335],[-80.015003,40.415166],[-80.014523,40.414737],[-80.013802,40.414362],[-80.011045,40.413569],[-80.010056,40.413066],[-80.009676,40.413965],[-80.009788,40.414155],[-80.010792,40.415043],[-80.010913,40.41544],[-80.011022,40.415571],[-80.011028,40.415925],[-80.011293,40.417589],[-80.011184,40.417952],[-80.009336,40.419416],[-80.008905,40.419693],[-80.006389,40.420533],[-80.006111,40.420591],[-80.005136,40.420756],[-80.002486,40.421029],[-80.002368,40.421097],[-80.002467,40.421774],[-80.002009,40.421775]]]}},{"type":"Feature","properties":{"block_count":19,"land_area_km2":0.2683,"centroid":[-79.979379,40.410868],"bbox":[-79.981795,40.406256,-79.976985,40.414232],"boundary_source":"Dissolved from 2010 Census blocks (BlockCodes2016)","id":"mt-oliver","name":"Mt. Oliver","geography":"neighborhood"},"geometry":{"type":"Polygon","coordinates":[[[-79.981659,40.411954],[-79.981571,40.410415],[-79.980801,40.409485],[-79.981091,40.40784],[-79.980479,40.40716],[-79.97925,40.406702],[-79.978412,40.406256],[-79.978461,40.406802],[-79.9774,40.409419],[-79.97723,40.410603],[-79.977302,40.411253],[-79.97724,40.411514],[-79.977074,40.411569],[-79.977113,40.412122],[-79.976985,40.412982],[-79.977112,40.413388],[-79.977572,40.414024],[-79.977713,40.41415],[-79.977972,40.414232],[-79.981795,40.414111],[-79.981659,40.411954]]]}},{"type":"Feature","properties":{"block_count":80,"land_area_km2":2.0575,"centroid":[-79.922593,40.387907],"bbox":[-79.932343,40.378044,-79.913306,40.399306],"boundary_source":"Dissolved from 2010 Census blocks (BlockCodes2016)","id":"new-homestead","name":"New Homestead","geography":"neighborhood"},"geometry":{"type":"Polygon","coordinates":[[[-79.932038,40.385894],[-79.932341,40.384941],[-79.932343,40.384284],[-79.932086,40.384182],[-79.93047,40.383284],[-79.930472,40.383069],[-79.929346,40.382482],[-79.927697,40.381389],[-79.926978,40.380838],[-79.925844,40.379819],[-79.925507,40.379607],[-79.924873,40.379359],[-79.923913,40.379061],[-79.923586,40.379151],[-79.923491,40.379139],[-79.923034,40.378879],[-79.92183,40.378656],[-79.920496,40.378069],[-79.920063,40.378044],[-79.919824,40.378165],[-79.918153,40.379386],[-79.916241,40.380079],[-79.917314,40.381597],[-79.916084,40.382113],[-79.9174,40.38451],[-79.917163,40.384709],[-79.917786,40.388003],[-79.918466,40.388475],[-79.916785,40.390778],[-79.917091,40.390913],[-79.916688,40.391502],[-79.91637,40.391363],[-79.9149,40.39339],[-79.916912,40.393921],[-79.913306,40.396972],[-79.9164,40.398784],[-79.916598,40.398607],[-79.918244,40.399306],[-79.922142,40.395997],[-79.923334,40.395116],[-79.923597,40.394808],[-79.929619,40.389731],[-79.929701,40.389745],[-79.93123,40.390752],[-79.931232,40.389176],[-79.931359,40.388236],[-79.932038,40.385894]]]}},{"type":"Feature","properties":{"block_count":61,"land_area_km2":1.2814,"centroid":[-79.953588,40.448276],"bbox":[-79.963381,40.441345,-79.946521,40.460303],"boundary_source":"Dissolved from 2010 Census blocks (BlockCodes2016)","id":"north-oakland","name":"North Oakland","geography":"neighborhood"},"geometry":{"type":"Polygon","coordinates":[[[-79.954095,40.453365],[-79.954071,40.453098],[-79.954153,40.452816],[-79.954904,40.450976],[-79.955479,40.450518],[-79.958781,40.448262],[-79.959091,40.447899],[-79.959196,40.447698],[-79.959543,40.447598],[-79.959817,40.447396],[-79.959964,40.447203],[-79.960035,40.446998],[-79.960279,40.445837],[-79.960427,40.445651],[-79.960599,40.44555],[-79.960888,40.445473],[-79.96114,40.445468],[-79.961583,40.44554],[-79.961947,40.445532],[-79.962441,40.445405],[-79.962783,40.445212],[-79.963252,40.444663],[-79.963381,40.444068],[-79.963323,40.443751],[-79.963202,40.443521],[-79.963053,40.443375],[-79.961988,40.442768],[-79.961119,40.443606],[-79.961002,40.443654],[-79.960748,40.443632],[-79.959878,40.443147],[-79.959333,40.443555],[-79.956438,40.441949],[-79.955389,40.442684],[-79.953545,40.443175],[-79.953037,40.442027],[-79.95266,40.441809],[-79.952289,40.442237],[-79.951675,40.442408],[-79.950343,40.441956],[-79.949244,40.441345],[-79.94878,40.442029],[-79.947565,40.443406],[-79.947009,40.444391],[-79.946671,40.444779],[-79.946521,40.445054],[-79.946542,40.445354],[-79.947051,40.446498],[-79.947454,40.447139],[-79.947688,40.447038],[-79.947462,40.447152],[-79.947173,40.447169],[-79.948014,40.447934],[-79.948867,40.450357],[-79.948751,40.450392],[-79.949674,40.4525],[-79.949775,40.453114],[-79.951001,40.455925],[-79.95148,40.457344],[-79.952534,40.4575],[-79.952991,40.457629],[-79.953749,40.458025],[-79.954265,40.458487],[-79.955476,40.459914],[-79.955936,40.460303],[-79.957064,40.459146],[-79.957359,40.458763],[-79.956236,40.458385],[-79.955993,40.45825],[-79.955812,40.458075],[-79.955184,40.45697],[-79.954402,40.454043],[-79.954095,40.453365]]]}},{"type":"Feature","properties":{"block_count":89,"land_area_km2":0.7914,"centroid":[-80.00596,40.448275],"bbox":[-80.018068,40.444742,-79.991762,40.453819],"boundary_source":"Dissolved from 2010 Census blocks (BlockCodes2016)","id":"north-shore","name":"North Shore","geography":"neighborhood"},"geometry":{"type":"Polygon","coordinates":[[[-80.000274,40.447717],[-79.99857,40.448227],[-79.998304,40.448419],[-79.997959,40.448524],[-79.997737,40.448683],[-79.995416,40.449722],[-79.994942,40.450013],[-79.994575,40.450178],[-79.994511,40.450272],[-79.993533,40.450882],[-79.993267,40.450898],[-79.993138,40.45097],[-79.992966,40.451371],[-79.992018,40.452123],[-79.991762,40.452403],[-79.993442,40.453819],[-79.995662,40.452371],[-79.996746,40.45173],[-79.997481,40.451389],[-79.997578,40.451272],[-79.998148,40.451082],[-80.000682,40.450541],[-80.001205,40.450367],[-80.004693,40.449657],[-80.005909,40.449472],[-80.006547,40.449438],[-80.00741,40.449492],[-80.008312,40.449689],[-80.008948,40.449953],[-80.00873,40.449242],[-80.010413,40.448906],[-80.010482,40.448497],[-80.012138,40.448589],[-80.01556,40.448634],[-80.015887,40.448826],[-80.018068,40.448883],[-80.017715,40.447582],[-80.016893,40.445004],[-80.016588,40.444975],[-80.016449,40.445156],[-80.016467,40.444956],[-80.01501,40.444742],[-80.012083,40.444866],[-80.008771,40.445329],[-80.005118,40.446018],[-80.003904,40.446467],[-80.003659,40.446654],[-80.002796,40.446867],[-80.002494,40.446896],[-80.001696,40.447268],[-80.001337,40.447341],[-80.000984,40.4475],[-80.000574,40.447537],[-80.000274,40.447717]]]}},{"type":"Feature","properties":{"block_count":36,"land_area_km2":0.8115,"centroid":[-80.00259,40.477635],"bbox":[-80.007846,40.472254,-79.995346,40.483327],"boundary_source":"Dissolved from 2010 Census blocks (BlockCodes2016)","id":"northview-heights","name":"Northview Heights","geography":"neighborhood"},"geometry":{"type":"Polygon","coordinates":[[[-80.007785,40.477634],[-80.007767,40.47674],[-80.007463,40.47589],[-80.005964,40.473731],[-80.00503,40.472254],[-80.002868,40.473201],[-80.00055,40.473292],[-80.0005,40.474176],[-79.999213,40.474314],[-79.997696,40.474594],[-79.997282,40.474573],[-79.996431,40.474429],[-79.996084,40.474456],[-79.995833,40.474536],[-79.995987,40.477332],[-79.995346,40.477361],[-79.996517,40.479186],[-79.998539,40.478906],[-79.998778,40.479814],[-80.001683,40.480082],[-80.001767,40.482428],[-80.003188,40.482376],[-80.003206,40.482659],[-80.003866,40.483094],[-80.004291,40.483303],[-80.004661,40.483327],[-80.004826,40.483285],[-80.00559,40.482555],[-80.005976,40.482359],[-80.006244,40.482645],[-80.006478,40.482796],[-80.006911,40.482945],[-80.007846,40.483127],[-80.007554,40.481681],[-80.007508,40.4808],[-80.007549,40.479895],[-80.007785,40.477634]]]}},{"type":"Feature","properties":{"block_count":16,"land_area_km2":0.6537,"centroid":[-80.06581,40.42692],"bbox":[-80.073207,40.420609,-80.053773,40.431358],"boundary_source":"Dissolved from 2010 Census blocks (BlockCodes2016)","id":"oakwood","name":"Oakwood","geography":"neighborhood"},"geometry":{"type":"Polygon","coordinates":[[[-80.072681,40.42659],[-80.073207,40.426039],[-80.072696,40.425679],[-80.072593,40.42552],[-80.072325,40.424614],[-80.071085,40.424035],[-80.068478,40.422468],[-80.067361,40.421282],[-80.06724,40.421026],[-80.067262,40.420682],[-80.067156,40.420619],[-80.067025,40.420609],[-80.066882,40.420621],[-80.067211,40.422458],[-80.067164,40.422884],[-80.065514,40.425117],[-80.064665,40.425714],[-80.063952,40.426291],[-80.063605,40.426382],[-80.06157,40.426372],[-80.057235,40.426439],[-80.056411,40.426705],[-80.05434,40.42754],[-80.054002,40.427719],[-80.053773,40.427938],[-80.054199,40.42802],[-80.056073,40.428112],[-80.058262,40.42902],[-80.059154,40.429331],[-80.059706,40.428351],[-80.059787,40.428283],[-80.060008,40.428299],[-80.062166,40.429049],[-80.063173,40.427866],[-80.064364,40.428758],[-80.065546,40.430349],[-80.066444,40.430544],[-80.068022,40.431191],[-80.06858,40.431358],[-80.069504,40.42993],[-80.070567,40.428629],[-80.072681,40.42659]]]}},{"type":"Feature","properties":{"block_count":124,"land_area_km2":2.1731,"centroid":[-79.99703,40.383361],"bbox":[-80.007767,40.373976,-79.984226,40.39567],"boundary_source":"Dissolved from 2010 Census blocks (BlockCodes2016)","id":"overbrook","name":"Overbrook","geography":"neighborhood"},"geometry":{"type":"Polygon","coordinates":[[[-80.004648,40.388365],[-80.00588,40.388374],[-80.005907,40.388809],[-80.006774,40.388844],[-80.006947,40.389037],[-80.007424,40.388836],[-80.007324,40.388696],[-80.007006,40.388471],[-80.007167,40.388372],[-80.007767,40.388234],[-80.007446,40.387519],[-80.007685,40.387224],[-80.006844,40.38577],[-80.006989,40.385481],[-80.006917,40.385212],[-80.006802,40.384945],[-80.006651,40.384783],[-80.006449,40.384674],[-80.006016,40.383976],[-80.006004,40.383814],[-80.006214,40.3836],[-80.006448,40.383503],[-80.006426,40.383456],[-80.006326,40.383472],[-80.005121,40.383883],[-80.003653,40.382041],[-80.003335,40.38117],[-80.001728,40.379699],[-80.00222,40.379287],[-80.003176,40.37884],[-80.004181,40.37817],[-80.004865,40.377632],[-80.005361,40.377133],[-80.005689,40.376613],[-80.005875,40.375989],[-80.006136,40.37549],[-80.00625,40.375306],[-80.006708,40.374861],[-80.005606,40.374678],[-80.004977,40.374461],[-80.004132,40.373976],[-80.003772,40.374393],[-80.002716,40.374569],[-80.001439,40.374887],[-80.000627,40.375509],[-80.000282,40.376017],[-79.999123,40.377344],[-79.998051,40.376472],[-79.996919,40.376148],[-79.994945,40.375666],[-79.994401,40.375718],[-79.993999,40.375839],[-79.994132,40.376728],[-79.99411,40.376926],[-79.99358,40.378321],[-79.992881,40.378637],[-79.992361,40.378659],[-79.990873,40.378946],[-79.990117,40.378763],[-79.989608,40.378787],[-79.989667,40.378655],[-79.986032,40.377822],[-79.98582,40.378241],[-79.985725,40.378286],[-79.985306,40.378813],[-79.984999,40.379335],[-79.984917,40.379434],[-79.98476,40.379435],[-79.985565,40.380714],[-79.98492,40.381186],[-79.984226,40.38157],[-79.985629,40.381649],[-79.986556,40.38183],[-79.98691,40.38373],[-79.987205,40.384443],[-79.988185,40.38434],[-79.989261,40.38407],[-79.989724,40.383998],[-79.99189,40.383965],[-79.992883,40.383789],[-79.993369,40.383841],[-79.993549,40.383909],[-79.993293,40.384209],[-79.992932,40.384477],[-79.990345,40.385025],[-79.990558,40.385658],[-79.992015,40.385367],[-79.991993,40.38586],[-79.992235,40.387441],[-79.991319,40.387668],[-79.991449,40.388466],[-79.99137,40.389152],[-79.9914,40.389498],[-79.99218,40.390347],[-79.992484,40.390196],[-79.992745,40.390217],[-79.992737,40.390366],[-79.99294,40.390322],[-79.993209,40.3914],[-79.992809,40.391329],[-79.992882,40.391418],[-79.99301,40.392144],[-79.993423,40.392264],[-79.993505,40.392592],[-79.994381,40.392533],[-79.994474,40.393217],[-79.99533,40.393151],[-79.99549,40.394242],[-79.995547,40.394349],[-79.995765,40.394514],[-79.996298,40.394445],[-79.996328,40.394569],[-79.996966,40.395539],[-79.997125,40.39567],[-79.997182,40.395526],[-79.997446,40.395345],[-79.997302,40.394942],[-79.997285,40.39467],[-79.997392,40.393411],[-79.997344,40.39299],[-79.997606,40.392893],[-79.99763,40.392702],[-79.99791,40.392186],[-79.997823,40.391199],[-79.997838,40.389746],[-79.998568,40.389791],[-79.998607,40.39047],[-79.998914,40.390432],[-79.999442,40.390279],[-79.999401,40.389818],[-79.999192,40.388925],[-79.999267,40.388943],[-80.002164,40.388193],[-80.002632,40.388619],[-80.002768,40.38871],[-80.002905,40.388723],[-80.004648,40.388365]]]}},{"type":"Feature","properties":{"block_count":99,"land_area_km2":3.1242,"centroid":[-80.017749,40.486074],"bbox":[-80.027794,40.47477,-80.007508,40.497709],"boundary_source":"Dissolved from 2010 Census blocks (BlockCodes2016)","id":"perry-north","name":"Perry North","geography":"neighborhood"},"geometry":{"type":"Polygon","coordinates":[[[-80.025118,40.485248],[-80.025677,40.482748],[-80.02498,40.481761],[-80.024924,40.48177],[-80.023509,40.479397],[-80.026001,40.479369],[-80.025974,40.478965],[-80.025808,40.478975],[-80.025803,40.478892],[-80.026996,40.477683],[-80.026584,40.477454],[-80.027297,40.476728],[-80.026761,40.476423],[-80.026632,40.476472],[-80.026847,40.476594],[-80.026729,40.476704],[-80.026461,40.476541],[-80.026241,40.476647],[-80.026124,40.476553],[-80.026611,40.476337],[-80.026349,40.476195],[-80.026161,40.476358],[-80.025818,40.476211],[-80.025326,40.476207],[-80.024629,40.47657],[-80.022932,40.476569],[-80.022101,40.476646],[-80.021923,40.476626],[-80.02181,40.476534],[-80.021588,40.476633],[-80.021533,40.476614],[-80.021524,40.476519],[-80.019715,40.476589],[-80.018869,40.476989],[-80.018531,40.477265],[-80.015727,40.477327],[-80.015255,40.477421],[-80.014216,40.477444],[-80.014468,40.477283],[-80.01518,40.477253],[-80.015452,40.477178],[-80.015685,40.477],[-80.01587,40.47672],[-80.015874,40.47647],[-80.015785,40.476321],[-80.01496,40.475795],[-80.014856,40.475656],[-80.014603,40.47504],[-80.01443,40.47477],[-80.014289,40.474834],[-80.013911,40.474857],[-80.011696,40.474906],[-80.011249,40.47495],[-80.01177,40.475327],[-80.012106,40.475654],[-80.012073,40.475823],[-80.012168,40.476107],[-80.012134,40.476155],[-80.011522,40.476268],[-80.01056,40.476343],[-80.007759,40.476707],[-80.00779,40.477583],[-80.007549,40.479895],[-80.007508,40.4808],[-80.007554,40.481681],[-80.007846,40.483127],[-80.008453,40.483253],[-80.008762,40.483374],[-80.00898,40.483482],[-80.009186,40.483734],[-80.010623,40.490558],[-80.010986,40.491692],[-80.01107,40.491685],[-80.011309,40.492355],[-80.011413,40.493046],[-80.01174,40.493996],[-80.012268,40.49611],[-80.01247,40.496712],[-80.013523,40.496519],[-80.014001,40.496478],[-80.01443,40.496585],[-80.01606,40.497371],[-80.016288,40.497438],[-80.016587,40.497436],[-80.017226,40.497327],[-80.017703,40.497343],[-80.017868,40.497246],[-80.01783,40.497353],[-80.020079,40.497709],[-80.019966,40.49723],[-80.019944,40.496781],[-80.020047,40.496227],[-80.02025,40.495702],[-80.020595,40.495113],[-80.020977,40.494615],[-80.021308,40.494312],[-80.022009,40.49382],[-80.02294,40.495253],[-80.024218,40.495005],[-80.024725,40.495411],[-80.025485,40.495282],[-80.026035,40.496773],[-80.027794,40.496492],[-80.027768,40.491024],[-80.027653,40.490699],[-80.027035,40.489844],[-80.026882,40.489308],[-80.026706,40.488917],[-80.025113,40.485979],[-80.025048,40.485739],[-80.025118,40.485248]]]}},{"type":"Feature","properties":{"block_count":168,"land_area_km2":2.3456,"centroid":[-80.014137,40.468216],"bbox":[-80.025828,40.459273,-80.002209,40.477444],"boundary_source":"Dissolved from 2010 Census blocks (BlockCodes2016)","id":"perry-south","name":"Perry South","geography":"neighborhood"},"geometry":{"type":"Polygon","coordinates":[[[-80.008332,40.476635],[-80.01056,40.476343],[-80.011522,40.476268],[-80.012134,40.476155],[-80.012168,40.476107],[-80.012073,40.475823],[-80.012106,40.475654],[-80.01177,40.475327],[-80.011249,40.47495],[-80.011696,40.474906],[-80.013911,40.474857],[-80.014289,40.474834],[-80.01443,40.47477],[-80.014603,40.47504],[-80.014856,40.475656],[-80.01496,40.475795],[-80.015785,40.476321],[-80.015874,40.47647],[-80.01587,40.47672],[-80.015685,40.477],[-80.015452,40.477178],[-80.01518,40.477253],[-80.014468,40.477283],[-80.014216,40.477444],[-80.015255,40.477421],[-80.015727,40.477327],[-80.017371,40.477294],[-80.017149,40.474138],[-80.017251,40.474133],[-80.017176,40.472311],[-80.020603,40.472173],[-80.022622,40.472168],[-80.023693,40.47117],[-80.025828,40.470612],[-80.02533,40.469015],[-80.024826,40.465659],[-80.02468,40.465456],[-80.023568,40.46439],[-80.022352,40.463553],[-80.021834,40.463319],[-80.020834,40.463127],[-80.020386,40.462843],[-80.019624,40.462261],[-80.019244,40.461882],[-80.018796,40.461268],[-80.018347,40.46043],[-80.01642,40.459273],[-80.015359,40.459466],[-80.015449,40.459736],[-80.012951,40.460208],[-80.012892,40.460258],[-80.012172,40.460072],[-80.010324,40.459887],[-80.010046,40.459964],[-80.009072,40.461141],[-80.008736,40.461217],[-80.008835,40.462328],[-80.009534,40.463442],[-80.010043,40.4651],[-80.005889,40.465876],[-80.00582,40.465585],[-80.005848,40.465502],[-80.005603,40.465015],[-80.005316,40.465292],[-80.005088,40.465426],[-80.003842,40.465727],[-80.00361,40.465971],[-80.003618,40.466143],[-80.003733,40.466304],[-80.005778,40.467135],[-80.005918,40.467374],[-80.005498,40.46731],[-80.004502,40.467387],[-80.003503,40.467532],[-80.002505,40.467914],[-80.002209,40.468444],[-80.004984,40.472184],[-80.005964,40.473731],[-80.007236,40.475523],[-80.007463,40.47589],[-80.007759,40.476707],[-80.008332,40.476635]]]}},{"type":"Feature","properties":{"block_count":151,"land_area_km2":2.5992,"centroid":[-79.907657,40.445707],"bbox":[-79.921586,40.43801,-79.893225,40.454037],"boundary_source":"Dissolved from 2010 Census blocks (BlockCodes2016)","id":"point-breeze","name":"Point Breeze","geography":"neighborhood"},"geometry":{"type":"Polygon","coordinates":[[[-79.897198,40.447814],[-79.907822,40.451355],[-79.908654,40.451665],[-79.909843,40.452268],[-79.912424,40.454037],[-79.912593,40.453979],[-79.920712,40.452894],[-79.92023,40.451218],[-79.920269,40.450957],[-79.921503,40.447904],[-79.921586,40.44751],[-79.920513,40.443851],[-79.915848,40.444691],[-79.915668,40.444778],[-79.915444,40.444997],[-79.91442,40.44616],[-79.914125,40.446357],[-79.91389,40.446451],[-79.91234,40.446734],[-79.91165,40.446696],[-79.913083,40.438028],[-79.911381,40.43801],[-79.905345,40.438088],[-79.904815,40.438189],[-79.902184,40.439293],[-79.901748,40.439407],[-79.9014,40.439459],[-79.894682,40.439831],[-79.893584,40.444589],[-79.893225,40.446494],[-79.897198,40.447814]]]}},{"type":"Feature","properties":{"block_count":39,"land_area_km2":0.7563,"centroid":[-79.902107,40.451664],"bbox":[-79.912424,40.446494,-79.892423,40.456565],"boundary_source":"Dissolved from 2010 Census blocks (BlockCodes2016)","id":"point-breeze-north","name":"Point Breeze North","geography":"neighborhood"},"geometry":{"type":"Polygon","coordinates":[[[-79.90323,40.45436],[-79.905801,40.455378],[-79.906148,40.455386],[-79.907678,40.455853],[-79.909687,40.456565],[-79.912284,40.454091],[-79.912424,40.454037],[-79.909843,40.452268],[-79.909261,40.45194],[-79.908644,40.451661],[-79.907822,40.451355],[-79.893225,40.446494],[-79.892788,40.448588],[-79.892431,40.44994],[-79.892423,40.450455],[-79.892601,40.450561],[-79.892887,40.450168],[-79.893611,40.450645],[-79.894826,40.45118],[-79.899631,40.453052],[-79.90323,40.45436]]]}},{"type":"Feature","properties":{"block_count":35,"land_area_km2":0.6584,"centroid":[-79.966225,40.457655],"bbox":[-79.974947,40.452887,-79.955936,40.461012],"boundary_source":"Dissolved from 2010 Census blocks (BlockCodes2016)","id":"polish-hill","name":"Polish Hill","geography":"neighborhood"},"geometry":{"type":"Polygon","coordinates":[[[-79.965983,40.455708],[-79.96607,40.455576],[-79.966005,40.455191],[-79.965927,40.455265],[-79.964292,40.455955],[-79.96042,40.45698],[-79.957973,40.458512],[-79.957174,40.458333],[-79.957442,40.458645],[-79.957557,40.4587],[-79.957339,40.458634],[-79.957359,40.458763],[-79.957277,40.458904],[-79.955936,40.460303],[-79.956133,40.460446],[-79.956595,40.460646],[-79.9571,40.460767],[-79.957695,40.460843],[-79.958195,40.460816],[-79.960891,40.460373],[-79.966079,40.459437],[-79.96664,40.460607],[-79.967155,40.460552],[-79.968074,40.461012],[-79.974947,40.456294],[-79.974839,40.4562],[-79.974762,40.456208],[-79.974322,40.456455],[-79.973971,40.456449],[-79.973781,40.45635],[-79.972905,40.455613],[-79.973832,40.454737],[-79.97357,40.454557],[-79.973347,40.454177],[-79.973979,40.453612],[-79.974234,40.453321],[-79.973714,40.452887],[-79.971983,40.453629],[-79.96903,40.454787],[-79.965983,40.455708]]]}},{"type":"Feature","properties":{"block_count":40,"land_area_km2":0.5079,"centroid":[-79.897616,40.432894],"bbox":[-79.901368,40.426444,-79.89218,40.439831],"boundary_source":"Dissolved from 2010 Census blocks (BlockCodes2016)","id":"regent-square","name":"Regent Square","geography":"neighborhood"},"geometry":{"type":"Polygon","coordinates":[[[-79.897642,40.439661],[-79.900267,40.439516],[-79.899769,40.438712],[-79.89934,40.438212],[-79.899042,40.437734],[-79.89899,40.436443],[-79.898672,40.435568],[-79.901368,40.42723],[-79.900688,40.427208],[-79.899495,40.426962],[-79.898927,40.426907],[-79.898755,40.426829],[-79.898546,40.426638],[-79.898345,40.426573],[-79.897921,40.426614],[-79.897318,40.426482],[-79.897009,40.426492],[-79.896233,40.426926],[-79.895608,40.426614],[-79.895177,40.426484],[-79.894803,40.426444],[-79.894207,40.426493],[-79.893595,40.426631],[-79.893286,40.426772],[-79.893006,40.426977],[-79.892639,40.427545],[-79.89218,40.427888],[-79.892328,40.427972],[-79.892313,40.428057],[-79.892878,40.428265],[-79.893762,40.426922],[-79.894251,40.427015],[-79.895096,40.428166],[-79.896629,40.427511],[-79.897111,40.427609],[-79.896643,40.430135],[-79.895568,40.434962],[-79.895038,40.437668],[-79.894879,40.438719],[-79.894915,40.438842],[-79.894682,40.439831],[-79.897642,40.439661]]]}},{"type":"Feature","properties":{"block_count":14,"land_area_km2":0.9514,"centroid":[-80.034405,40.427026],"bbox":[-80.040698,40.419921,-80.027765,40.433914],"boundary_source":"Dissolved from 2010 Census blocks (BlockCodes2016)","id":"ridgemont","name":"Ridgemont","geography":"neighborhood"},"geometry":{"type":"Polygon","coordinates":[[[-80.035546,40.427201],[-80.037394,40.424267],[-80.038517,40.422351],[-80.039679,40.420563],[-80.034935,40.419943],[-80.034579,40.419921],[-80.033409,40.420032],[-80.032465,40.420344],[-80.031775,40.420741],[-80.031134,40.421328],[-80.030773,40.421759],[-80.030431,40.422718],[-80.030451,40.423314],[-80.030838,40.425078],[-80.030942,40.426032],[-80.030867,40.426567],[-80.030677,40.427153],[-80.030344,40.427803],[-80.030026,40.428211],[-80.029221,40.428899],[-80.027765,40.429912],[-80.028443,40.430318],[-80.029049,40.430578],[-80.032141,40.432532],[-80.034588,40.433735],[-80.035234,40.433894],[-80.036041,40.433914],[-80.03679,40.433862],[-80.03754,40.433734],[-80.037841,40.433608],[-80.038148,40.432862],[-80.038784,40.431992],[-80.039836,40.429415],[-80.04011,40.429049],[-80.040698,40.428683],[-80.038371,40.427846],[-80.037463,40.428545],[-80.034827,40.428358],[-80.035546,40.427201]]]}},{"type":"Feature","properties":{"block_count":165,"land_area_km2":2.3911,"centroid":[-79.932351,40.453471],"bbox":[-79.949688,40.447169,-79.912424,40.460868],"boundary_source":"Dissolved from 2010 Census blocks (BlockCodes2016)","id":"shadyside","name":"Shadyside","geography":"neighborhood"},"geometry":{"type":"Polygon","coordinates":[[[-79.944449,40.45416],[-79.949688,40.452585],[-79.948751,40.450392],[-79.948867,40.450357],[-79.948014,40.447934],[-79.947173,40.447169],[-79.9447,40.447258],[-79.935802,40.447911],[-79.931964,40.449071],[-79.927508,40.450514],[-79.922075,40.452686],[-79.912593,40.453979],[-79.912424,40.454037],[-79.92055,40.459634],[-79.920968,40.459897],[-79.921973,40.460368],[-79.921973,40.460681],[-79.922148,40.460555],[-79.922313,40.460258],[-79.922533,40.460094],[-79.922372,40.460252],[-79.921973,40.460868],[-79.92898,40.458758],[-79.93649,40.456565],[-79.941493,40.45504],[-79.941985,40.455939],[-79.944272,40.45525],[-79.943082,40.454566],[-79.944449,40.45416]]]}},{"type":"Feature","properties":{"block_count":218,"land_area_km2":2.3084,"centroid":[-80.05676,40.45543],"bbox":[-80.072157,40.448545,-80.039898,40.461873],"boundary_source":"Dissolved from 2010 Census blocks (BlockCodes2016)","id":"sheraden","name":"Sheraden","geography":"neighborhood"},"geometry":{"type":"Polygon","coordinates":[[[-80.060245,40.450477],[-80.059996,40.450657],[-80.05981,40.450729],[-80.055247,40.452109],[-80.055173,40.452465],[-80.055103,40.452536],[-80.054523,40.452605],[-80.054028,40.452536],[-80.053165,40.452329],[-80.052648,40.452134],[-80.051719,40.451676],[-80.051274,40.451536],[-80.045674,40.45052],[-80.045281,40.450422],[-80.045078,40.450153],[-80.044629,40.450469],[-80.042311,40.451547],[-80.040948,40.452057],[-80.039898,40.452616],[-80.040483,40.453004],[-80.040966,40.4534],[-80.041294,40.453814],[-80.041524,40.45427],[-80.041917,40.454709],[-80.042585,40.455324],[-80.043729,40.456193],[-80.044472,40.456678],[-80.04858,40.458916],[-80.049544,40.459506],[-80.051748,40.461014],[-80.052322,40.46128],[-80.053027,40.461399],[-80.053457,40.461382],[-80.053841,40.461303],[-80.054931,40.460932],[-80.05584,40.460691],[-80.056496,40.460575],[-80.05739,40.460588],[-80.05838,40.460744],[-80.061673,40.461819],[-80.062049,40.461873],[-80.062506,40.461841],[-80.064638,40.461324],[-80.068986,40.460446],[-80.06723,40.459868],[-80.066982,40.459745],[-80.067455,40.457899],[-80.067217,40.457757],[-80.066901,40.457342],[-80.067468,40.457173],[-80.067125,40.456833],[-80.067114,40.455997],[-80.068722,40.455222],[-80.070002,40.454472],[-80.070189,40.454284],[-80.072157,40.453276],[-80.069439,40.451569],[-80.066203,40.450618],[-80.065701,40.450409],[-80.064565,40.449735],[-80.06284,40.448545],[-80.060245,40.450477]]]}},{"type":"Feature","properties":{"block_count":90,"land_area_km2":1.3207,"centroid":[-79.95962,40.432938],"bbox":[-79.973327,40.42598,-79.949658,40.439131],"boundary_source":"Dissolved from 2010 Census blocks (BlockCodes2016)","id":"south-oakland","name":"South Oakland","geography":"neighborhood"},"geometry":{"type":"Polygon","coordinates":[[[-79.963192,40.438288],[-79.96347,40.438065],[-79.963932,40.437842],[-79.965336,40.437663],[-79.965747,40.437035],[-79.966059,40.436702],[-79.966492,40.436507],[-79.966925,40.436454],[-79.968796,40.436452],[-79.972643,40.437695],[-79.973327,40.434251],[-79.971881,40.433998],[-79.971011,40.433769],[-79.970199,40.433694],[-79.968266,40.433357],[-79.965068,40.432293],[-79.961782,40.430547],[-79.959878,40.429332],[-79.959646,40.428988],[-79.959278,40.429177],[-79.958507,40.42938],[-79.957886,40.429417],[-79.957592,40.42937],[-79.957068,40.429085],[-79.956544,40.428683],[-79.955285,40.427386],[-79.955148,40.427478],[-79.954009,40.426269],[-79.953651,40.425988],[-79.952543,40.42598],[-79.952212,40.426046],[-79.951886,40.426224],[-79.950798,40.427203],[-79.950881,40.427341],[-79.950784,40.427513],[-79.950431,40.427598],[-79.949913,40.428345],[-79.94973,40.428825],[-79.949658,40.429191],[-79.949667,40.429679],[-79.949884,40.433609],[-79.94986,40.43443],[-79.951866,40.434222],[-79.954729,40.434612],[-79.956408,40.435124],[-79.957569,40.435619],[-79.958119,40.435904],[-79.962071,40.439131],[-79.963192,40.438288]]]}},{"type":"Feature","properties":{"block_count":24,"land_area_km2":0.5272,"centroid":[-80.009935,40.43597],"bbox":[-80.028155,40.429147,-79.997514,40.444771],"boundary_source":"Dissolved from 2010 Census blocks (BlockCodes2016)","id":"south-shore","name":"South Shore","geography":"neighborhood"},"geometry":{"type":"Polygon","coordinates":[[[-80.002874,40.433739],[-80.003792,40.434177],[-80.006222,40.435457],[-80.008826,40.436667],[-80.012546,40.438251],[-80.01268,40.438196],[-80.013361,40.438511],[-80.015354,40.43956],[-80.016112,40.440032],[-80.020049,40.442214],[-80.020786,40.442498],[-80.024636,40.443491],[-80.02553,40.443776],[-80.027886,40.444771],[-80.028155,40.444291],[-80.02746,40.443843],[-80.026496,40.443328],[-80.027589,40.443742],[-80.027954,40.443623],[-80.021226,40.441075],[-80.019507,40.440361],[-80.017504,40.439658],[-80.016477,40.43922],[-80.013941,40.437769],[-80.013678,40.437662],[-80.013418,40.437467],[-80.011835,40.436551],[-80.008421,40.434034],[-80.006076,40.432612],[-80.005178,40.432184],[-80.00561,40.431716],[-80.003101,40.430711],[-80.00096,40.429757],[-79.999268,40.429147],[-79.997514,40.431707],[-79.997621,40.431737],[-79.998362,40.431721],[-79.998972,40.431911],[-79.999167,40.432116],[-79.999526,40.432186],[-80.002874,40.433739]]]}},{"type":"Feature","properties":{"block_count":216,"land_area_km2":2.3784,"centroid":[-79.974662,40.426964],"bbox":[-79.998956,40.410535,-79.954441,40.432683],"boundary_source":"Dissolved from 2010 Census blocks (BlockCodes2016)","id":"south-side-flats","name":"South Side Flats","geography":"neighborhood"},"geometry":{"type":"Polygon","coordinates":[[[-79.995353,40.431417],[-79.995697,40.431496],[-79.996689,40.431473],[-79.997514,40.431707],[-79.998956,40.429598],[-79.997891,40.429413],[-79.996287,40.428804],[-79.992406,40.427811],[-79.992653,40.427793],[-79.991071,40.427323],[-79.988546,40.426477],[-79.988022,40.426215],[-79.986475,40.425774],[-79.982954,40.425491],[-79.972102,40.42488],[-79.966739,40.424269],[-79.965974,40.424134],[-79.964961,40.423733],[-79.959626,40.420142],[-79.958163,40.419221],[-79.957899,40.419006],[-79.957386,40.418443],[-79.956627,40.417316],[-79.956789,40.417259],[-79.956371,40.416288],[-79.956245,40.415693],[-79.956137,40.415075],[-79.956236,40.411905],[-79.956005,40.410905],[-79.955523,40.411024],[-79.955328,40.410535],[-79.954526,40.410576],[-79.954555,40.410617],[-79.954441,40.410936],[-79.954635,40.41137],[-79.954513,40.411635],[-79.954484,40.412153],[-79.95452,40.412378],[-79.954858,40.413111],[-79.954974,40.416414],[-79.954867,40.417827],[-79.955248,40.419759],[-79.955873,40.421539],[-79.956082,40.421919],[-79.95639,40.422431],[-79.956901,40.423102],[-79.957139,40.423307],[-79.957354,40.423368],[-79.957591,40.423591],[-79.957943,40.42417],[-79.958791,40.425056],[-79.960013,40.425851],[-79.961688,40.427366],[-79.961895,40.427646],[-79.962336,40.427937],[-79.96479,40.429225],[-79.966363,40.429907],[-79.968236,40.430631],[-79.969242,40.430895],[-79.970371,40.431315],[-79.971563,40.431668],[-79.972284,40.431819],[-79.972668,40.431949],[-79.973774,40.431966],[-79.973689,40.432192],[-79.974845,40.432463],[-79.975186,40.432509],[-79.975897,40.432452],[-79.977593,40.432683],[-79.979095,40.432481],[-79.979591,40.432368],[-79.981502,40.432232],[-79.98174,40.432085],[-79.981869,40.432091],[-79.981991,40.432159],[-79.982379,40.432145],[-79.986511,40.431897],[-79.98705,40.431789],[-79.988453,40.431721],[-79.98876,40.431692],[-79.988956,40.431626],[-79.989675,40.431669],[-79.990463,40.431472],[-79.990952,40.431463],[-79.991168,40.431366],[-79.991247,40.431362],[-79.991398,40.431449],[-79.995099,40.431342],[-79.995353,40.431417]]]}},{"type":"Feature","properties":{"block_count":165,"land_area_km2":1.7967,"centroid":[-79.977806,40.421759],"bbox":[-79.999268,40.417128,-79.961288,40.429598],"boundary_source":"Dissolved from 2010 Census blocks (BlockCodes2016)","id":"south-side-slopes","name":"South Side Slopes","geography":"neighborhood"},"geometry":{"type":"Polygon","coordinates":[[[-79.976607,40.425126],[-79.982954,40.425491],[-79.986475,40.425774],[-79.988022,40.426215],[-79.988546,40.426477],[-79.991071,40.427323],[-79.992653,40.427793],[-79.992406,40.427811],[-79.996287,40.428804],[-79.997891,40.429413],[-79.998956,40.429598],[-79.999268,40.429147],[-79.998636,40.428907],[-79.998461,40.428893],[-79.998296,40.429006],[-79.99806,40.428916],[-79.997181,40.428441],[-79.996143,40.427799],[-79.995848,40.427691],[-79.994823,40.427456],[-79.994521,40.427332],[-79.994043,40.427013],[-79.993755,40.426621],[-79.993565,40.4265],[-79.993404,40.426447],[-79.992638,40.426428],[-79.992118,40.426305],[-79.990785,40.425569],[-79.990515,40.425319],[-79.990353,40.425053],[-79.990191,40.424911],[-79.989485,40.424871],[-79.989051,40.424932],[-79.988199,40.424936],[-79.988027,40.424916],[-79.987939,40.424853],[-79.987728,40.424866],[-79.987784,40.424329],[-79.988053,40.423791],[-79.988546,40.42331],[-79.988691,40.422843],[-79.988922,40.422818],[-79.988877,40.422266],[-79.988248,40.422319],[-79.988141,40.420604],[-79.988157,40.419907],[-79.988102,40.419188],[-79.988034,40.418977],[-79.988097,40.418535],[-79.988183,40.41851],[-79.986362,40.417556],[-79.98078,40.417716],[-79.978869,40.417957],[-79.976754,40.417751],[-79.976582,40.417682],[-79.976025,40.417165],[-79.975699,40.417128],[-79.970902,40.417649],[-79.970376,40.417633],[-79.967064,40.417184],[-79.966441,40.417208],[-79.965472,40.417374],[-79.965495,40.41759],[-79.965655,40.417707],[-79.966711,40.417835],[-79.966885,40.417931],[-79.966908,40.41803],[-79.966732,40.41817],[-79.965833,40.418271],[-79.965464,40.418368],[-79.965091,40.41855],[-79.964789,40.418792],[-79.96448,40.419258],[-79.963928,40.421078],[-79.965401,40.422139],[-79.966971,40.422914],[-79.967245,40.422934],[-79.967402,40.423009],[-79.967622,40.423285],[-79.968274,40.423669],[-79.968456,40.424121],[-79.968394,40.424273],[-79.967756,40.4242],[-79.967434,40.424022],[-79.966032,40.423048],[-79.965537,40.422792],[-79.964297,40.421917],[-79.963407,40.421388],[-79.962351,40.420627],[-79.961618,40.42124],[-79.961429,40.421121],[-79.961288,40.421257],[-79.964961,40.423733],[-79.965974,40.424134],[-79.966739,40.424269],[-79.972102,40.42488],[-79.976607,40.425126]]]}},{"type":"Feature","properties":{"block_count":40,"land_area_km2":0.6894,"centroid":[-79.989234,40.468487],"bbox":[-79.995477,40.457448,-79.983868,40.47742],"boundary_source":"Dissolved from 2010 Census blocks (BlockCodes2016)","id":"spring-garden","name":"Spring Garden","geography":"neighborhood"},"geometry":{"type":"Polygon","coordinates":[[[-79.994687,40.459643],[-79.995435,40.458331],[-79.995477,40.458101],[-79.994705,40.458212],[-79.992892,40.457448],[-79.992562,40.45799],[-79.992623,40.458335],[-79.992599,40.458586],[-79.992392,40.458776],[-79.992204,40.458793],[-79.990135,40.459365],[-79.988133,40.459688],[-79.987695,40.45994],[-79.987365,40.460216],[-79.987478,40.460635],[-79.986991,40.461768],[-79.985726,40.463906],[-79.985971,40.464036],[-79.985607,40.465395],[-79.985286,40.466127],[-79.984457,40.46605],[-79.983868,40.466322],[-79.985881,40.471901],[-79.987097,40.474687],[-79.988092,40.476763],[-79.988455,40.476913],[-79.988931,40.47704],[-79.992797,40.477393],[-79.993328,40.47742],[-79.995022,40.47736],[-79.993414,40.476661],[-79.993286,40.474592],[-79.992274,40.473556],[-79.991456,40.473601],[-79.990812,40.47265],[-79.990709,40.472358],[-79.990512,40.472051],[-79.990054,40.471541],[-79.989844,40.471087],[-79.989688,40.470895],[-79.989265,40.470867],[-79.988713,40.470685],[-79.988337,40.47043],[-79.987973,40.470023],[-79.987834,40.469503],[-79.987736,40.468594],[-79.987056,40.467766],[-79.986664,40.46633],[-79.986913,40.464319],[-79.98704,40.463835],[-79.987304,40.463693],[-79.988339,40.462102],[-79.988984,40.462488],[-79.989096,40.462384],[-79.989412,40.462238],[-79.991059,40.46156],[-79.991714,40.461891],[-79.992302,40.461727],[-79.993186,40.461223],[-79.994067,40.460415],[-79.994687,40.459643]]]}},{"type":"Feature","properties":{"block_count":91,"land_area_km2":1.6362,"centroid":[-79.99523,40.467221],"bbox":[-80.00503,40.458648,-79.986664,40.474594],"boundary_source":"Dissolved from 2010 Census blocks (BlockCodes2016)","id":"spring-hill-city-view","name":"Spring Hill-City View","geography":"neighborhood"},"geometry":{"type":"Polygon","coordinates":[[[-79.999804,40.462632],[-79.999682,40.460484],[-79.999521,40.459737],[-79.999177,40.458648],[-79.997456,40.459011],[-79.996868,40.459233],[-79.996664,40.459246],[-79.996372,40.459345],[-79.99518,40.459948],[-79.993786,40.460815],[-79.993358,40.461166],[-79.993186,40.461223],[-79.992302,40.461727],[-79.991714,40.461891],[-79.991059,40.46156],[-79.989412,40.462238],[-79.989096,40.462384],[-79.988984,40.462488],[-79.988339,40.462102],[-79.987304,40.463693],[-79.98704,40.463835],[-79.986913,40.464319],[-79.986664,40.46633],[-79.986721,40.466641],[-79.987056,40.467766],[-79.987736,40.468594],[-79.987834,40.469503],[-79.987973,40.470023],[-79.988337,40.47043],[-79.988713,40.470685],[-79.989265,40.470867],[-79.989688,40.470895],[-79.989844,40.471087],[-79.990054,40.471541],[-79.990512,40.472051],[-79.990709,40.472358],[-79.990812,40.47265],[-79.991456,40.473601],[-79.992274,40.473556],[-79.99186,40.473134],[-79.997545,40.472982],[-79.997611,40.474591],[-79.997696,40.474594],[-79.999213,40.474314],[-80.0005,40.474176],[-80.00055,40.473292],[-80.002868,40.473201],[-80.00503,40.472254],[-80.001082,40.466923],[-80.000338,40.465786],[-80.000126,40.465293],[-79.99997,40.46473],[-79.999804,40.462632]]]}},{"type":"Feature","properties":{"block_count":118,"land_area_km2":3.1696,"centroid":[-79.929435,40.443573],"bbox":[-79.949244,40.437563,-79.91165,40.452894],"boundary_source":"Dissolved from 2010 Census blocks (BlockCodes2016)","id":"squirrel-hill-north","name":"Squirrel Hill North","geography":"neighborhood"},"geometry":{"type":"Polygon","coordinates":[[[-79.929646,40.449827],[-79.931964,40.449071],[-79.935802,40.447911],[-79.9447,40.447258],[-79.947462,40.447152],[-79.947688,40.447038],[-79.947454,40.447139],[-79.947051,40.446498],[-79.946542,40.445354],[-79.946521,40.445054],[-79.946671,40.444779],[-79.947009,40.444391],[-79.947565,40.443406],[-79.94878,40.442029],[-79.949244,40.441345],[-79.948409,40.44086],[-79.948186,40.440799],[-79.947342,40.441431],[-79.947155,40.441492],[-79.942243,40.440482],[-79.942176,40.440444],[-79.94231,40.440172],[-79.942088,40.440107],[-79.941554,40.439794],[-79.940846,40.438967],[-79.940568,40.4388],[-79.940185,40.438699],[-79.939604,40.438684],[-79.938993,40.43855],[-79.938328,40.438354],[-79.936508,40.437704],[-79.935949,40.437579],[-79.935648,40.437563],[-79.934428,40.437711],[-79.933088,40.437703],[-79.926974,40.438073],[-79.913083,40.438028],[-79.91165,40.446696],[-79.91234,40.446734],[-79.91389,40.446451],[-79.914125,40.446357],[-79.91442,40.44616],[-79.915444,40.444997],[-79.915668,40.444778],[-79.915848,40.444691],[-79.920513,40.443851],[-79.921586,40.44751],[-79.921503,40.447904],[-79.920269,40.450957],[-79.92023,40.451218],[-79.920712,40.452894],[-79.922075,40.452686],[-79.92716,40.450643],[-79.929646,40.449827]]]}},{"type":"Feature","properties":{"block_count":195,"land_area_km2":6.9358,"centroid":[-79.92279,40.430031],"bbox":[-79.950431,40.411592,-79.898672,40.441492],"boundary_source":"Dissolved from 2010 Census blocks (BlockCodes2016)","id":"squirrel-hill-south","name":"Squirrel Hill South","geography":"neighborhood"},"geometry":{"type":"Polygon","coordinates":[[[-79.925853,40.424996],[-79.926285,40.423542],[-79.926096,40.419542],[-79.927151,40.419608],[-79.927057,40.419354],[-79.926817,40.41896],[-79.926206,40.418237],[-79.926048,40.417932],[-79.925944,40.417589],[-79.925799,40.416647],[-79.925654,40.416355],[-79.924909,40.415449],[-79.92499,40.415161],[-79.924971,40.415048],[-79.923617,40.413796],[-79.923054,40.413608],[-79.922496,40.413162],[-79.922484,40.413055],[-79.92281,40.412075],[-79.922774,40.411804],[-79.922428,40.411701],[-79.922155,40.411762],[-79.922,40.411947],[-79.921799,40.41247],[-79.921217,40.412711],[-79.919691,40.411592],[-79.917702,40.412841],[-79.917437,40.413363],[-79.916585,40.414025],[-79.916324,40.414054],[-79.915254,40.414611],[-79.915896,40.415099],[-79.915537,40.415291],[-79.915606,40.415465],[-79.915512,40.415685],[-79.915686,40.415751],[-79.916101,40.416085],[-79.916414,40.416563],[-79.916205,40.416814],[-79.91576,40.417057],[-79.915724,40.417278],[-79.915285,40.418134],[-79.914926,40.418423],[-79.914394,40.418729],[-79.914185,40.419078],[-79.913891,40.419283],[-79.912044,40.419856],[-79.911706,40.420055],[-79.910024,40.422107],[-79.909815,40.422263],[-79.909722,40.422545],[-79.908507,40.423926],[-79.908284,40.424032],[-79.907817,40.42414],[-79.907688,40.424071],[-79.907616,40.423949],[-79.907465,40.423925],[-79.907293,40.423977],[-79.907228,40.424094],[-79.907206,40.424612],[-79.906983,40.424889],[-79.906868,40.425699],[-79.906767,40.425869],[-79.906523,40.426002],[-79.905718,40.426134],[-79.905538,40.426267],[-79.905266,40.426328],[-79.905071,40.426317],[-79.904892,40.426211],[-79.904396,40.426121],[-79.90385,40.426152],[-79.903189,40.426362],[-79.902671,40.426672],[-79.902139,40.4271],[-79.901852,40.427192],[-79.901368,40.42723],[-79.898672,40.435568],[-79.89899,40.436443],[-79.899042,40.437734],[-79.89934,40.438212],[-79.899769,40.438712],[-79.900267,40.439516],[-79.9014,40.439459],[-79.901852,40.439386],[-79.902184,40.439293],[-79.904815,40.438189],[-79.905715,40.438064],[-79.911381,40.43801],[-79.926974,40.438073],[-79.933088,40.437703],[-79.934428,40.437711],[-79.935648,40.437563],[-79.935949,40.437579],[-79.936508,40.437704],[-79.938328,40.438354],[-79.938993,40.43855],[-79.939604,40.438684],[-79.940185,40.438699],[-79.940568,40.4388],[-79.940846,40.438967],[-79.941554,40.439794],[-79.942088,40.440107],[-79.94231,40.440172],[-79.942176,40.440444],[-79.942243,40.440482],[-79.947009,40.441483],[-79.947155,40.441492],[-79.947342,40.441431],[-79.948186,40.440799],[-79.948409,40.44086],[-79.948953,40.44118],[-79.94948,40.440574],[-79.949694,40.440236],[-79.949788,40.440008],[-79.949865,40.439517],[-79.949581,40.436505],[-79.949599,40.436021],[-79.949891,40.434039],[-79.949658,40.429191],[-79.94973,40.428825],[-79.949913,40.428345],[-79.950431,40.427598],[-79.944474,40.429084],[-79.943466,40.429264],[-79.943138,40.429649],[-79.941856,40.430103],[-79.940047,40.429812],[-79.940134,40.429511],[-79.939722,40.429304],[-79.93903,40.42884],[-79.937635,40.4286],[-79.936928,40.428533],[-79.936099,40.428544],[-79.932773,40.428989],[-79.931674,40.429008],[-79.930398,40.428927],[-79.929439,40.428758],[-79.92676,40.428152],[-79.927909,40.427622],[-79.926593,40.426646],[-79.926461,40.426411],[-79.926442,40.426243],[-79.926559,40.425838],[-79.925753,40.425462],[-79.925853,40.424996]]]}},{"type":"Feature","properties":{"block_count":14,"land_area_km2":0.8071,"centroid":[-79.972196,40.408803],"bbox":[-79.978474,40.40392,-79.963543,40.41415],"boundary_source":"Dissolved from 2010 Census blocks (BlockCodes2016)","id":"st-clair","name":"St. Clair","geography":"neighborhood"},"geometry":{"type":"Polygon","coordinates":[[[-79.977419,40.409359],[-79.978461,40.406802],[-79.978474,40.406606],[-79.978396,40.406399],[-79.978412,40.406256],[-79.978262,40.406149],[-79.977971,40.405777],[-79.975892,40.404375],[-79.976555,40.40392],[-79.975946,40.404034],[-79.975872,40.404196],[-79.975308,40.404496],[-79.974847,40.404633],[-79.973135,40.404869],[-79.972606,40.404811],[-79.972225,40.405017],[-79.969312,40.405479],[-79.96889,40.405645],[-79.966455,40.407015],[-79.965212,40.407973],[-79.965259,40.408328],[-79.964419,40.409176],[-79.96377,40.409502],[-79.963567,40.409485],[-79.963543,40.409556],[-79.963882,40.40958],[-79.96448,40.40928],[-79.96444,40.409577],[-79.964484,40.409702],[-79.964883,40.410143],[-79.965889,40.41074],[-79.966593,40.411099],[-79.967497,40.411661],[-79.968036,40.41186],[-79.968595,40.41191],[-79.969312,40.411873],[-79.971456,40.412243],[-79.972033,40.412458],[-79.973,40.412552],[-79.973518,40.412664],[-79.974981,40.413127],[-79.975621,40.413249],[-79.97668,40.413779],[-79.977713,40.41415],[-79.977264,40.413638],[-79.977079,40.413322],[-79.976985,40.412982],[-79.977113,40.412122],[-79.977074,40.411569],[-79.97724,40.411514],[-79.977302,40.411253],[-79.97723,40.410603],[-79.977419,40.409359]]]}},{"type":"Feature","properties":{"block_count":87,"land_area_km2":1.9114,"centroid":[-79.936954,40.481551],"bbox":[-79.948944,40.470637,-79.925532,40.489171],"boundary_source":"Dissolved from 2010 Census blocks (BlockCodes2016)","id":"stanton-heights","name":"Stanton Heights","geography":"neighborhood"},"geometry":{"type":"Polygon","coordinates":[[[-79.927006,40.487662],[-79.926565,40.487679],[-79.925978,40.487617],[-79.925674,40.487937],[-79.925532,40.488308],[-79.927872,40.488849],[-79.929744,40.489115],[-79.931563,40.489144],[-79.932151,40.489025],[-79.932635,40.489026],[-79.933255,40.489062],[-79.933278,40.489145],[-79.934463,40.489171],[-79.935087,40.489142],[-79.946298,40.485158],[-79.946211,40.485132],[-79.944519,40.48359],[-79.944106,40.48359],[-79.94317,40.48318],[-79.943278,40.483011],[-79.943447,40.48297],[-79.944564,40.483041],[-79.94524,40.483157],[-79.945,40.482941],[-79.945686,40.482414],[-79.945024,40.481849],[-79.946673,40.480503],[-79.946922,40.480691],[-79.947546,40.480077],[-79.947115,40.47969],[-79.94666,40.47941],[-79.947693,40.478639],[-79.946973,40.478102],[-79.947146,40.477997],[-79.94774,40.477961],[-79.948722,40.47826],[-79.948867,40.478346],[-79.948944,40.478173],[-79.947058,40.477612],[-79.946571,40.47759],[-79.946254,40.477696],[-79.944414,40.478645],[-79.942514,40.47734],[-79.938371,40.474117],[-79.938207,40.474095],[-79.93794,40.474157],[-79.936529,40.474268],[-79.936519,40.474101],[-79.934937,40.472542],[-79.935075,40.47256],[-79.934542,40.472147],[-79.93297,40.470724],[-79.932787,40.470637],[-79.931716,40.472041],[-79.931524,40.473857],[-79.931463,40.473909],[-79.931916,40.475217],[-79.931799,40.475391],[-79.93184,40.476084],[-79.931753,40.476373],[-79.931881,40.476368],[-79.931716,40.476482],[-79.93202,40.478584],[-79.929894,40.485212],[-79.929786,40.485456],[-79.927006,40.487662]]]}},{"type":"Feature","properties":{"block_count":133,"land_area_km2":1.5921,"centroid":[-79.981018,40.453838],"bbox":[-79.995537,40.444254,-79.968074,40.464958],"boundary_source":"Dissolved from 2010 Census blocks (BlockCodes2016)","id":"strip-district","name":"Strip District","geography":"neighborhood"},"geometry":{"type":"Polygon","coordinates":[[[-79.974182,40.453376],[-79.973347,40.454177],[-79.97357,40.454557],[-79.973832,40.454737],[-79.972905,40.455613],[-79.973781,40.45635],[-79.973971,40.456449],[-79.974322,40.456455],[-79.974762,40.456208],[-79.974839,40.4562],[-79.974947,40.456294],[-79.968074,40.461012],[-79.972761,40.464958],[-79.972866,40.46459],[-79.975583,40.461789],[-79.976057,40.461498],[-79.976107,40.461295],[-79.976373,40.461135],[-79.976517,40.460877],[-79.977365,40.460152],[-79.978931,40.458976],[-79.97965,40.45829],[-79.980031,40.458092],[-79.98067,40.457614],[-79.981173,40.457334],[-79.981353,40.457048],[-79.981698,40.456751],[-79.982079,40.456587],[-79.984622,40.454828],[-79.984773,40.454905],[-79.985298,40.454466],[-79.98524,40.454339],[-79.985887,40.453944],[-79.988179,40.451845],[-79.989106,40.451367],[-79.989307,40.451224],[-79.989551,40.450911],[-79.989989,40.450609],[-79.992066,40.449339],[-79.993215,40.448564],[-79.993934,40.448202],[-79.994473,40.447866],[-79.995537,40.447138],[-79.995102,40.446935],[-79.994902,40.446894],[-79.994884,40.446801],[-79.99518,40.446864],[-79.995457,40.446817],[-79.99459,40.445607],[-79.994301,40.445349],[-79.99395,40.445167],[-79.993859,40.444937],[-79.993656,40.445011],[-79.993095,40.444821],[-79.992505,40.444777],[-79.992129,40.444825],[-79.991308,40.445165],[-79.990458,40.445667],[-79.990548,40.445015],[-79.990894,40.444254],[-79.984771,40.448114],[-79.981909,40.449611],[-79.981302,40.449857],[-79.98019,40.450214],[-79.978061,40.450662],[-79.977424,40.450835],[-79.97683,40.451051],[-79.976099,40.451397],[-79.973714,40.452887],[-79.974234,40.453321],[-79.974182,40.453376]]]}},{"type":"Feature","properties":{"block_count":58,"land_area_km2":1.1414,"centroid":[-80.008226,40.491923],"bbox":[-80.017868,40.482359,-80.003206,40.501037],"boundary_source":"Dissolved from 2010 Census blocks (BlockCodes2016)","id":"summer-hill","name":"Summer Hill","geography":"neighborhood"},"geometry":{"type":"Polygon","coordinates":[[[-80.011569,40.493453],[-80.011413,40.493046],[-80.011309,40.492355],[-80.01107,40.491685],[-80.010986,40.491692],[-80.010623,40.490558],[-80.009186,40.483734],[-80.00898,40.483482],[-80.008453,40.483253],[-80.006911,40.482945],[-80.006478,40.482796],[-80.006244,40.482645],[-80.005976,40.482359],[-80.00559,40.482555],[-80.004894,40.483244],[-80.004661,40.483327],[-80.004188,40.483267],[-80.003206,40.482659],[-80.003703,40.490625],[-80.003992,40.496288],[-80.003932,40.496285],[-80.003951,40.497455],[-80.004022,40.497788],[-80.005009,40.49715],[-80.006336,40.49739],[-80.00746,40.497957],[-80.00776,40.497978],[-80.007789,40.497519],[-80.009124,40.497541],[-80.009228,40.498475],[-80.008913,40.499142],[-80.010681,40.499096],[-80.010817,40.501037],[-80.011166,40.500754],[-80.011673,40.500214],[-80.012074,40.499502],[-80.012198,40.499209],[-80.012258,40.498879],[-80.012861,40.498092],[-80.012956,40.498734],[-80.013257,40.49864],[-80.013608,40.49878],[-80.014769,40.499316],[-80.015759,40.499909],[-80.016551,40.499773],[-80.016984,40.499834],[-80.017245,40.498936],[-80.017868,40.497246],[-80.017703,40.497343],[-80.017226,40.497327],[-80.016587,40.497436],[-80.016288,40.497438],[-80.01606,40.497371],[-80.01443,40.496585],[-80.014001,40.496478],[-80.013523,40.496519],[-80.01247,40.496712],[-80.011569,40.493453]]]}},{"type":"Feature","properties":{"block_count":42,"land_area_km2":1.2337,"centroid":[-79.904885,40.421226],"bbox":[-79.916414,40.414611,-79.891006,40.427888],"boundary_source":"Dissolved from 2010 Census blocks (BlockCodes2016)","id":"swisshelm-park","name":"Swisshelm Park","geography":"neighborhood"},"geometry":{"type":"Polygon","coordinates":[[[-79.897805,40.423841],[-79.897637,40.424614],[-79.89782,40.424812],[-79.897542,40.425053],[-79.897324,40.426053],[-79.896749,40.426261],[-79.896712,40.42646],[-79.896121,40.426256],[-79.895246,40.42604],[-79.894694,40.425664],[-79.894194,40.425554],[-79.893474,40.425632],[-79.892085,40.426291],[-79.891006,40.427197],[-79.891057,40.427318],[-79.89218,40.427888],[-79.892618,40.427567],[-79.892906,40.427075],[-79.893286,40.426772],[-79.893595,40.426631],[-79.894005,40.426527],[-79.894803,40.426444],[-79.895435,40.426545],[-79.896233,40.426926],[-79.897009,40.426492],[-79.897239,40.426477],[-79.897921,40.426614],[-79.898453,40.426587],[-79.898755,40.426829],[-79.898927,40.426907],[-79.899495,40.426962],[-79.900688,40.427208],[-79.901715,40.427208],[-79.902139,40.4271],[-79.902671,40.426672],[-79.903189,40.426362],[-79.90385,40.426152],[-79.904396,40.426121],[-79.904892,40.426211],[-79.905071,40.426317],[-79.905266,40.426328],[-79.905538,40.426267],[-79.905718,40.426134],[-79.906623,40.425971],[-79.906767,40.425869],[-79.906868,40.425699],[-79.906983,40.424889],[-79.907206,40.424612],[-79.907228,40.424094],[-79.907293,40.423977],[-79.907465,40.423925],[-79.907616,40.423949],[-79.907688,40.424071],[-79.907817,40.42414],[-79.908284,40.424032],[-79.908507,40.423926],[-79.909722,40.422545],[-79.909815,40.422263],[-79.910024,40.422107],[-79.911706,40.420055],[-79.912044,40.419856],[-79.913891,40.419283],[-79.914185,40.419078],[-79.914394,40.418729],[-79.914926,40.418423],[-79.915285,40.418134],[-79.915724,40.417278],[-79.91576,40.417057],[-79.916205,40.416814],[-79.916414,40.416586],[-79.916101,40.416085],[-79.915686,40.415751],[-79.915512,40.415685],[-79.915606,40.415465],[-79.915537,40.415291],[-79.915896,40.415099],[-79.915254,40.414611],[-79.915131,40.414807],[-79.914909,40.41489],[-79.915035,40.415096],[-79.914882,40.414902],[-79.914589,40.415165],[-79.914568,40.415337],[-79.914346,40.415324],[-79.913713,40.415619],[-79.912728,40.415943],[-79.910565,40.416333],[-79.908898,40.416547],[-79.908639,40.416607],[-79.908051,40.41685],[-79.904005,40.41737],[-79.902791,40.41743],[-79.9019,40.417408],[-79.901196,40.417303],[-79.900715,40.417298],[-79.900363,40.4172],[-79.899881,40.417209],[-79.899272,40.417056],[-79.897805,40.423841]]]}},{"type":"Feature","properties":{"block_count":43,"land_area_km2":0.8907,"centroid":[-79.969335,40.443396],"bbox":[-79.979672,40.436453,-79.958474,40.449027],"boundary_source":"Dissolved from 2010 Census blocks (BlockCodes2016)","id":"terrace-village","name":"Terrace Village","geography":"neighborhood"},"geometry":{"type":"Polygon","coordinates":[[[-79.968333,40.441826],[-79.968591,40.442471],[-79.967985,40.442843],[-79.968016,40.442903],[-79.966063,40.443377],[-79.965757,40.442819],[-79.963252,40.444663],[-79.962783,40.445212],[-79.962546,40.445357],[-79.961947,40.445532],[-79.961583,40.44554],[-79.96114,40.445468],[-79.960888,40.445473],[-79.960599,40.44555],[-79.960427,40.445651],[-79.960243,40.445943],[-79.959964,40.447203],[-79.959817,40.447396],[-79.959543,40.447598],[-79.959196,40.447698],[-79.958907,40.448136],[-79.958474,40.448449],[-79.958755,40.448363],[-79.95935,40.448305],[-79.96206,40.448635],[-79.962112,40.448692],[-79.962074,40.448969],[-79.96271,40.449027],[-79.964543,40.44888],[-79.965165,40.448713],[-79.969054,40.446039],[-79.970873,40.445405],[-79.975045,40.44366],[-79.975616,40.444438],[-79.979672,40.442698],[-79.979204,40.442162],[-79.979017,40.441761],[-79.978958,40.441232],[-79.978878,40.441075],[-79.978655,40.440843],[-79.977945,40.440496],[-79.978344,40.440118],[-79.977356,40.43937],[-79.976641,40.439268],[-79.975723,40.439214],[-79.974862,40.439839],[-79.97446,40.439951],[-79.974513,40.439634],[-79.974674,40.439469],[-79.973406,40.439984],[-79.97302,40.43978],[-79.973213,40.440125],[-79.973814,40.440674],[-79.973948,40.440854],[-79.973632,40.440971],[-79.973336,40.440956],[-79.972278,40.440263],[-79.972075,40.440063],[-79.971904,40.439752],[-79.971684,40.439589],[-79.971322,40.439537],[-79.970488,40.439706],[-79.970078,40.439344],[-79.969781,40.439184],[-79.96855,40.438713],[-79.968167,40.437934],[-79.967421,40.43769],[-79.967028,40.437641],[-79.966991,40.436453],[-79.966492,40.436507],[-79.966209,40.436616],[-79.965907,40.436829],[-79.965336,40.437663],[-79.965472,40.439276],[-79.96603,40.439278],[-79.966084,40.439877],[-79.966638,40.439797],[-79.966463,40.439015],[-79.966576,40.438744],[-79.967553,40.43952],[-79.967506,40.439705],[-79.967901,40.441079],[-79.968066,40.441281],[-79.968333,40.441826]]]}},{"type":"Feature","properties":{"block_count":73,"land_area_km2":1.2254,"centroid":[-79.983054,40.462734],"bbox":[-79.994669,40.452403,-79.972402,40.47161],"boundary_source":"Dissolved from 2010 Census blocks (BlockCodes2016)","id":"troy-hill","name":"Troy Hill","geography":"neighborhood"},"geometry":{"type":"MultiPolygon","coordinates":[[[[-79.993012,40.453459],[-79.991762,40.452403],[-79.990107,40.453678],[-79.989985,40.453865],[-79.988691,40.454893],[-79.986694,40.456354],[-79.986356,40.456492],[-79.985206,40.457288],[-79.98479,40.457711],[-79.983791,40.458338],[-79.983597,40.458492],[-79.983489,40.458656],[-79.98285,40.459068],[-79.98272,40.459206],[-79.982534,40.459623],[-79.981916,40.460134],[-79.980774,40.461754],[-79.980106,40.462771],[-79.978971,40.464699],[-79.97785,40.466264],[-79.976557,40.467862],[-79.975788,40.468522],[-79.975098,40.468967],[-79.974575,40.469458],[-79.974678,40.469436],[-79.977261,40.470884],[-79.978792,40.47161],[-79.978857,40.471487],[-79.979695,40.470771],[-79.981146,40.469894],[-79.981813,40.469343],[-79.983019,40.467312],[-79.98296,40.467263],[-79.983849,40.466338],[-79.984457,40.46605],[-79.985286,40.466127],[-79.985607,40.465395],[-79.985971,40.464036],[-79.985726,40.463906],[-79.986991,40.461768],[-79.987478,40.460635],[-79.987365,40.460216],[-79.987695,40.45994],[-79.988133,40.459688],[-79.990135,40.459365],[-79.992204,40.458793],[-79.992392,40.458776],[-79.992599,40.458586],[-79.992623,40.458335],[-79.992562,40.45799],[-79.992892,40.457448],[-79.991304,40.456734],[-79.993099,40.455788],[-79.994669,40.455404],[-79.994504,40.454919],[-79.994293,40.454935],[-79.993606,40.455248],[-79.992928,40.455228],[-79.992281,40.454771],[-79.993442,40.453819],[-79.993012,40.453459]]],[[[-79.976757,40.463419],[-79.975915,40.464326],[-79.975584,40.464848],[-79.974751,40.465787],[-79.974571,40.466232],[-79.974435,40.466375],[-79.974291,40.466787],[-79.973285,40.468237],[-79.973099,40.468638],[-79.972545,40.469456],[-79.972402,40.469846],[-79.972459,40.469934],[-79.972661,40.47006],[-79.972884,40.470088],[-79.973128,40.470011],[-79.973861,40.469571],[-79.973911,40.469428],[-79.974321,40.469055],[-79.974911,40.468659],[-79.975399,40.468236],[-79.975773,40.468011],[-79.976053,40.467769],[-79.976168,40.467544],[-79.977296,40.466314],[-79.977541,40.46594],[-79.977936,40.465556],[-79.978173,40.465209],[-79.979394,40.463084],[-79.979803,40.462529],[-79.980342,40.46165],[-79.980565,40.461469],[-79.981125,40.460563],[-79.981139,40.460431],[-79.981261,40.460239],[-79.981261,40.460052],[-79.981197,40.459981],[-79.980981,40.459992],[-79.980614,40.460195],[-79.979148,40.461244],[-79.977553,40.462579],[-79.976757,40.463419]]]]}},{"type":"Feature","properties":{"block_count":46,"land_area_km2":0.8063,"centroid":[-79.95979,40.453181],"bbox":[-79.966005,40.448319,-79.954068,40.458763],"boundary_source":"Dissolved from 2010 Census blocks (BlockCodes2016)","id":"upper-hill","name":"Upper Hill","geography":"neighborhood"},"geometry":{"type":"Polygon","coordinates":[[[-79.958511,40.458189],[-79.96042,40.45698],[-79.964292,40.455955],[-79.965927,40.455265],[-79.966005,40.455191],[-79.965742,40.453753],[-79.964353,40.45221],[-79.96436,40.451959],[-79.965372,40.450155],[-79.965344,40.449937],[-79.96487,40.448777],[-79.964543,40.44888],[-79.96271,40.449027],[-79.962074,40.448969],[-79.962112,40.448692],[-79.96206,40.448635],[-79.959545,40.448319],[-79.958755,40.448363],[-79.958474,40.448449],[-79.958317,40.448548],[-79.955479,40.450518],[-79.954904,40.450976],[-79.954153,40.452816],[-79.954068,40.45322],[-79.954131,40.453481],[-79.954402,40.454043],[-79.955184,40.45697],[-79.955812,40.458075],[-79.955993,40.45825],[-79.95652,40.458503],[-79.957359,40.458763],[-79.957339,40.458634],[-79.957557,40.4587],[-79.957442,40.458645],[-79.957174,40.458333],[-79.957973,40.458512],[-79.958511,40.458189]]]}},{"type":"Feature","properties":{"block_count":76,"land_area_km2":1.0497,"centroid":[-79.949871,40.482959],"bbox":[-79.959919,40.477297,-79.937156,40.489962],"boundary_source":"Dissolved from 2010 Census blocks (BlockCodes2016)","id":"upper-lawrenceville","name":"Upper Lawrenceville","geography":"neighborhood"},"geometry":{"type":"Polygon","coordinates":[[[-79.945949,40.484871],[-79.946211,40.485132],[-79.946298,40.485158],[-79.937156,40.488429],[-79.93766,40.489962],[-79.938168,40.489867],[-79.939448,40.489471],[-79.939951,40.4894],[-79.940987,40.489065],[-79.943282,40.488505],[-79.944029,40.488208],[-79.945044,40.487978],[-79.945382,40.487829],[-79.947741,40.48728],[-79.948309,40.48706],[-79.948001,40.486674],[-79.948316,40.486918],[-79.948374,40.486874],[-79.948503,40.486918],[-79.948812,40.486868],[-79.950423,40.48639],[-79.95212,40.485731],[-79.952228,40.485676],[-79.952351,40.485468],[-79.952581,40.485517],[-79.952782,40.485495],[-79.954738,40.484616],[-79.955141,40.484402],[-79.955673,40.483984],[-79.95812,40.482811],[-79.958747,40.482408],[-79.959919,40.48142],[-79.955954,40.478516],[-79.95439,40.477466],[-79.954047,40.477315],[-79.953805,40.477297],[-79.953582,40.477334],[-79.952386,40.477633],[-79.950908,40.47741],[-79.950113,40.477713],[-79.949207,40.478161],[-79.948944,40.478173],[-79.948867,40.478346],[-79.948722,40.47826],[-79.94774,40.477961],[-79.947146,40.477997],[-79.946973,40.478102],[-79.947693,40.478639],[-79.94666,40.47941],[-79.947115,40.47969],[-79.947546,40.480077],[-79.946922,40.480691],[-79.946673,40.480503],[-79.945024,40.481849],[-79.945686,40.482414],[-79.945,40.482941],[-79.94524,40.483157],[-79.944564,40.483041],[-79.943447,40.48297],[-79.943278,40.483011],[-79.94317,40.48318],[-79.944106,40.48359],[-79.944519,40.48359],[-79.945949,40.484871]]]}},{"type":"Feature","properties":{"block_count":46,"land_area_km2":0.5185,"centroid":[-80.032541,40.436962],"bbox":[-80.038843,40.429912,-80.026122,40.444485],"boundary_source":"Dissolved from 2010 Census blocks (BlockCodes2016)","id":"west-end","name":"West End","geography":"neighborhood"},"geometry":{"type":"Polygon","coordinates":[[[-80.037106,40.44071],[-80.035711,40.440578],[-80.0357,40.440489],[-80.035193,40.439685],[-80.035156,40.439335],[-80.035226,40.438711],[-80.035646,40.437673],[-80.035682,40.436605],[-80.035898,40.435827],[-80.036094,40.435724],[-80.036388,40.435738],[-80.037477,40.435993],[-80.038625,40.436407],[-80.038843,40.436002],[-80.037831,40.43566],[-80.036681,40.435394],[-80.036767,40.435081],[-80.035836,40.434692],[-80.036498,40.4347],[-80.037057,40.434597],[-80.037206,40.43453],[-80.037637,40.434111],[-80.037841,40.433608],[-80.03754,40.433734],[-80.037144,40.433807],[-80.036041,40.433914],[-80.035234,40.433894],[-80.034588,40.433735],[-80.032141,40.432532],[-80.029049,40.430578],[-80.028443,40.430318],[-80.027765,40.429912],[-80.027129,40.43033],[-80.026122,40.430884],[-80.026688,40.431307],[-80.027163,40.431777],[-80.028111,40.432957],[-80.028581,40.433379],[-80.029531,40.43387],[-80.031756,40.435143],[-80.032225,40.435459],[-80.032482,40.435701],[-80.032803,40.436153],[-80.032997,40.436797],[-80.032874,40.4388],[-80.032763,40.439268],[-80.032456,40.43982],[-80.030493,40.441818],[-80.030191,40.442066],[-80.029409,40.442965],[-80.02907,40.44326],[-80.027589,40.443742],[-80.026496,40.443328],[-80.02746,40.443843],[-80.028155,40.444291],[-80.028305,40.444217],[-80.028777,40.444485],[-80.029428,40.444097],[-80.029742,40.443987],[-80.032084,40.442889],[-80.032807,40.44262],[-80.033161,40.443044],[-80.035295,40.442274],[-80.03567,40.442073],[-80.03544,40.441665],[-80.036547,40.441279],[-80.03705,40.441278],[-80.037106,40.44071]]]}},{"type":"Feature","properties":{"block_count":35,"land_area_km2":0.546,"centroid":[-79.966198,40.440319],"bbox":[-79.977545,40.436452,-79.957438,40.444663],"boundary_source":"Dissolved from 2010 Census blocks (BlockCodes2016)","id":"west-oakland","name":"West Oakland","geography":"neighborhood"},"geometry":{"type":"MultiPolygon","coordinates":[[[[-79.963058,40.438396],[-79.957438,40.442514],[-79.959333,40.443555],[-79.959878,40.443147],[-79.960838,40.443658],[-79.961119,40.443606],[-79.961988,40.442768],[-79.962881,40.44326],[-79.963202,40.443521],[-79.963323,40.443751],[-79.963381,40.444068],[-79.963252,40.444663],[-79.965757,40.442819],[-79.966063,40.443377],[-79.968016,40.442903],[-79.967985,40.442843],[-79.968591,40.442471],[-79.968066,40.441281],[-79.967901,40.441079],[-79.967506,40.439705],[-79.967553,40.43952],[-79.966576,40.438744],[-79.966463,40.439015],[-79.966638,40.439797],[-79.966084,40.439877],[-79.96603,40.439278],[-79.965472,40.439276],[-79.965336,40.437663],[-79.963932,40.437842],[-79.96347,40.438065],[-79.963058,40.438396]]],[[[-79.973926,40.439783],[-79.976208,40.438885],[-79.977472,40.438328],[-79.977545,40.438229],[-79.975476,40.438119],[-79.973546,40.437948],[-79.972825,40.437753],[-79.968796,40.436452],[-79.966991,40.436453],[-79.967028,40.437641],[-79.967421,40.43769],[-79.968167,40.437934],[-79.96855,40.438713],[-79.969781,40.439184],[-79.970078,40.439344],[-79.970488,40.439706],[-79.971322,40.439537],[-79.971684,40.439589],[-79.971904,40.439752],[-79.972075,40.440063],[-79.972278,40.440263],[-79.973239,40.440917],[-79.973524,40.440982],[-79.973948,40.440854],[-79.973814,40.440674],[-79.973213,40.440125],[-79.97302,40.43978],[-79.973406,40.439984],[-79.973926,40.439783]]]]}},{"type":"Feature","properties":{"block_count":76,"land_area_km2":1.7891,"centroid":[-80.048498,40.432922],"bbox":[-80.059154,40.425735,-80.035836,40.438297],"boundary_source":"Dissolved from 2010 Census blocks (BlockCodes2016)","id":"westwood","name":"Westwood","geography":"neighborhood"},"geometry":{"type":"Polygon","coordinates":[[[-80.052855,40.437767],[-80.053215,40.437911],[-80.053575,40.437956],[-80.055858,40.437767],[-80.057454,40.437566],[-80.059123,40.437135],[-80.058521,40.436752],[-80.057963,40.436473],[-80.057918,40.436399],[-80.057988,40.436353],[-80.058104,40.435212],[-80.058025,40.434508],[-80.057565,40.434515],[-80.057336,40.431513],[-80.05752,40.431282],[-80.057907,40.431459],[-80.059154,40.429331],[-80.058262,40.42902],[-80.056073,40.428112],[-80.054016,40.427991],[-80.05146,40.427138],[-80.050568,40.427071],[-80.04946,40.426812],[-80.048611,40.426338],[-80.047803,40.425735],[-80.047381,40.425957],[-80.047396,40.42701],[-80.046592,40.427031],[-80.046809,40.427372],[-80.046643,40.42942],[-80.044628,40.429062],[-80.043289,40.428193],[-80.042705,40.428674],[-80.04315,40.428044],[-80.042491,40.428618],[-80.04169,40.428987],[-80.040698,40.428683],[-80.040658,40.428702],[-80.04011,40.429049],[-80.039836,40.429415],[-80.038784,40.431992],[-80.038148,40.432862],[-80.037546,40.434232],[-80.037347,40.43443],[-80.037057,40.434597],[-80.036498,40.4347],[-80.035836,40.434692],[-80.036767,40.435081],[-80.036681,40.435394],[-80.037831,40.43566],[-80.038843,40.436002],[-80.038625,40.436407],[-80.039128,40.436629],[-80.039603,40.437026],[-80.039993,40.437135],[-80.040642,40.437212],[-80.041273,40.437346],[-80.043169,40.437919],[-80.044476,40.438208],[-80.045088,40.43828],[-80.045956,40.438297],[-80.046559,40.438264],[-80.047753,40.438098],[-80.04887,40.43815],[-80.049215,40.438121],[-80.049465,40.438075],[-80.050552,40.437591],[-80.050944,40.437504],[-80.052357,40.437572],[-80.052855,40.437767]]]}},{"type":"Feature","properties":{"block_count":32,"land_area_km2":1.0787,"centroid":[-80.075194,40.456211],"bbox":[-80.084251,40.447233,-80.061869,40.464749],"boundary_source":"Dissolved from 2010 Census blocks (BlockCodes2016)","id":"windgap","name":"Windgap","geography":"neighborhood"},"geometry":{"type":"Polygon","coordinates":[[[-80.073205,40.457632],[-80.073219,40.460861],[-80.073355,40.461],[-80.075887,40.461834],[-80.074976,40.463549],[-80.074759,40.463612],[-80.076265,40.464558],[-80.076707,40.464695],[-80.077343,40.464749],[-80.078059,40.464684],[-80.079397,40.463854],[-80.079934,40.463366],[-80.080249,40.46249],[-80.08089,40.461237],[-80.081453,40.460619],[-80.082273,40.459999],[-80.082624,40.459841],[-80.083157,40.459605],[-80.083702,40.459439],[-80.083913,40.459466],[-80.084251,40.459377],[-80.084112,40.459307],[-80.084055,40.459164],[-80.082062,40.457237],[-80.080844,40.456249],[-80.080632,40.456143],[-80.080209,40.456156],[-80.080149,40.455832],[-80.077681,40.453455],[-80.076848,40.452725],[-80.076602,40.452526],[-80.075082,40.451557],[-80.073892,40.450636],[-80.073582,40.450366],[-80.072936,40.449607],[-80.072796,40.449508],[-80.072635,40.449431],[-80.072344,40.449375],[-80.071463,40.449285],[-80.069944,40.448886],[-80.069715,40.448762],[-80.068616,40.447845],[-80.068359,40.447778],[-80.06714,40.44889],[-80.066682,40.44882],[-80.06631,40.449429],[-80.065368,40.449074],[-80.06532,40.448539],[-80.064288,40.448174],[-80.064323,40.447705],[-80.064013,40.447627],[-80.063661,40.44794],[-80.062611,40.447233],[-80.061869,40.447772],[-80.062095,40.44801],[-80.062276,40.448099],[-80.062764,40.448501],[-80.064565,40.449735],[-80.065401,40.450256],[-80.066203,40.450618],[-80.069439,40.451569],[-80.072157,40.453276],[-80.072203,40.453431],[-80.071986,40.453971],[-80.071992,40.454274],[-80.072398,40.454993],[-80.072881,40.455439],[-80.07296,40.455596],[-80.073205,40.457632]]]}}]}