{"type":"FeatureCollection","features":[{"type":"Feature","properties":{"block_count":97,"land_area_km2":0.8613,"centroid":[-79.98513,40.435724],"bbox":[-79.996679,40.432209,-79.972643,40.438927],"boundary_source":"Dissolved from 2010 Census blocks (BlockCodes2016)","id":"42003010300","name":"Tract 0103.00","geoid":"42003010300","geography":"census_tract_2010"},"geometry":{"type":"Polygon","coordinates":[[[-79.994547,40.435953],[-79.994608,40.436],[-79.995712,40.434419],[-79.996679,40.432912],[-79.990176,40.432209],[-79.989158,40.4323],[-79.975474,40.434369],[-79.973406,40.433853],[-79.972643,40.437695],[-79.973546,40.437948],[-79.975887,40.438147],[-79.993899,40.438927],[-79.994105,40.438432],[-79.993972,40.438476],[-79.994171,40.438034],[-79.994033,40.438031],[-79.994339,40.43639],[-79.994547,40.435953]]]}},{"type":"Feature","properties":{"block_count":212,"land_area_km2":1.6793,"centroid":[-80.000032,40.440685],"bbox":[-80.01629,40.432912,-79.984963,40.448074],"boundary_source":"Dissolved from 2010 Census blocks (BlockCodes2016)","id":"42003020100","name":"Tract 0201.00","geoid":"42003020100","geography":"census_tract_2010"},"geometry":{"type":"Polygon","coordinates":[[[-79.993859,40.444937],[-79.99395,40.445167],[-79.994301,40.445349],[-79.99459,40.445607],[-79.996346,40.448074],[-79.997924,40.447273],[-80.0,40.446601],[-80.00808,40.444297],[-80.014573,40.442975],[-80.01629,40.443207],[-80.014217,40.4407],[-80.000002,40.433369],[-79.999646,40.433233],[-79.996679,40.432912],[-79.995712,40.434419],[-79.994608,40.436],[-79.994547,40.435953],[-79.994339,40.43639],[-79.994033,40.438031],[-79.994171,40.438034],[-79.993972,40.438476],[-79.994105,40.438432],[-79.993899,40.438927],[-79.985057,40.438542],[-79.984963,40.43955],[-79.985002,40.439632],[-79.988109,40.443935],[-79.988136,40.44405],[-79.988315,40.443897],[-79.990683,40.442874],[-79.990992,40.442656],[-79.992035,40.441654],[-79.992409,40.442001],[-79.99191,40.442814],[-79.992112,40.442806],[-79.991808,40.443388],[-79.991614,40.443638],[-79.990894,40.444254],[-79.990548,40.445015],[-79.990458,40.445667],[-79.991308,40.445165],[-79.992129,40.444825],[-79.992505,40.444777],[-79.993095,40.444821],[-79.993656,40.445011],[-79.993859,40.444937]]]}},{"type":"Feature","properties":{"block_count":143,"land_area_km2":1.5931,"centroid":[-79.981494,40.454257],"bbox":[-79.996346,40.444254,-79.968074,40.46587],"boundary_source":"Dissolved from 2010 Census blocks (BlockCodes2016)","id":"42003020300","name":"Tract 0203.00","geoid":"42003020300","geography":"census_tract_2010"},"geometry":{"type":"Polygon","coordinates":[[[-79.974182,40.453376],[-79.973347,40.454177],[-79.97357,40.454557],[-79.973832,40.454737],[-79.972905,40.455613],[-79.973781,40.45635],[-79.973971,40.456449],[-79.974322,40.456455],[-79.974762,40.456208],[-79.974839,40.4562],[-79.974947,40.456294],[-79.968074,40.461012],[-79.972761,40.464958],[-79.973908,40.46587],[-79.976016,40.463091],[-79.979634,40.460081],[-79.980621,40.45904],[-79.992395,40.450413],[-79.995621,40.448442],[-79.996346,40.448074],[-79.99459,40.445607],[-79.994301,40.445349],[-79.99395,40.445167],[-79.993859,40.444937],[-79.993656,40.445011],[-79.993095,40.444821],[-79.992505,40.444777],[-79.992129,40.444825],[-79.991308,40.445165],[-79.990458,40.445667],[-79.990548,40.445015],[-79.990894,40.444254],[-79.984771,40.448114],[-79.981909,40.449611],[-79.981302,40.449857],[-79.98019,40.450214],[-79.978061,40.450662],[-79.977424,40.450835],[-79.97683,40.451051],[-79.976099,40.451397],[-79.973714,40.452887],[-79.974234,40.453321],[-79.974182,40.453376]]]}},{"type":"Feature","properties":{"block_count":67,"land_area_km2":0.6676,"centroid":[-79.983769,40.442735],"bbox":[-79.992409,40.438229,-79.975723,40.448582],"boundary_source":"Dissolved from 2010 Census blocks (BlockCodes2016)","id":"42003030500","name":"Tract 0305.00","geoid":"42003030500","geography":"census_tract_2010"},"geometry":{"type":"Polygon","coordinates":[[[-79.988834,40.445527],[-79.991036,40.444167],[-79.991614,40.443638],[-79.991808,40.443388],[-79.992112,40.442806],[-79.99191,40.442814],[-79.992409,40.442001],[-79.992035,40.441654],[-79.990992,40.442656],[-79.990683,40.442874],[-79.988315,40.443897],[-79.988136,40.44405],[-79.988109,40.443935],[-79.985002,40.439632],[-79.984963,40.43955],[-79.985057,40.438542],[-79.977545,40.438229],[-79.977472,40.438328],[-79.976208,40.438885],[-79.975723,40.439214],[-79.976641,40.439268],[-79.977356,40.43937],[-79.978344,40.440118],[-79.977945,40.440496],[-79.978655,40.440843],[-79.978878,40.441075],[-79.978958,40.441232],[-79.979017,40.441761],[-79.979204,40.442162],[-79.979672,40.442698],[-79.979273,40.442872],[-79.980004,40.44387],[-79.980342,40.443632],[-79.982429,40.446493],[-79.982723,40.446369],[-79.983652,40.447642],[-79.983916,40.448582],[-79.985049,40.447942],[-79.988834,40.445527]]]}},{"type":"Feature","properties":{"block_count":41,"land_area_km2":0.6133,"centroid":[-79.966359,40.440108],"bbox":[-79.977545,40.436452,-79.957438,40.444663],"boundary_source":"Dissolved from 2010 Census blocks (BlockCodes2016)","id":"42003040200","name":"Tract 0402.00","geoid":"42003040200","geography":"census_tract_2010"},"geometry":{"type":"Polygon","coordinates":[[[-79.973406,40.439984],[-79.973759,40.440172],[-79.974862,40.439839],[-79.976208,40.438885],[-79.977472,40.438328],[-79.977545,40.438229],[-79.975476,40.438119],[-79.973546,40.437948],[-79.972825,40.437753],[-79.968796,40.436452],[-79.966925,40.436454],[-79.966492,40.436507],[-79.966209,40.436616],[-79.965907,40.436829],[-79.965336,40.437663],[-79.963932,40.437842],[-79.963408,40.438106],[-79.959902,40.440745],[-79.957438,40.442514],[-79.959333,40.443555],[-79.959878,40.443147],[-79.960838,40.443658],[-79.961119,40.443606],[-79.961988,40.442768],[-79.962881,40.44326],[-79.963202,40.443521],[-79.963323,40.443751],[-79.963381,40.444068],[-79.963252,40.444663],[-79.965757,40.442819],[-79.966063,40.443377],[-79.968016,40.442903],[-79.967985,40.442843],[-79.968591,40.442471],[-79.968072,40.441172],[-79.967946,40.441147],[-79.967901,40.441079],[-79.967499,40.439648],[-79.967562,40.439508],[-79.967757,40.43938],[-79.967994,40.439349],[-79.968356,40.439378],[-79.968713,40.438771],[-79.969781,40.439184],[-79.970078,40.439344],[-79.970488,40.439706],[-79.971322,40.439537],[-79.971684,40.439589],[-79.971904,40.439752],[-79.972075,40.440063],[-79.972278,40.440263],[-79.973239,40.440917],[-79.973578,40.440979],[-79.973948,40.440854],[-79.973814,40.440674],[-79.973213,40.440125],[-79.97302,40.43978],[-79.973406,40.439984]]]}},{"type":"Feature","properties":{"block_count":16,"land_area_km2":0.1995,"centroid":[-79.949373,40.447346],"bbox":[-79.952724,40.44444,-79.946382,40.450392],"boundary_source":"Dissolved from 2010 Census blocks (BlockCodes2016)","id":"42003040400","name":"Tract 0404.00","geoid":"42003040400","geography":"census_tract_2010"},"geometry":{"type":"Polygon","coordinates":[[[-79.950738,40.4498],[-79.952724,40.448358],[-79.95192,40.446629],[-79.951911,40.446476],[-79.951703,40.446615],[-79.951334,40.446737],[-79.950588,40.4468],[-79.950366,40.445158],[-79.94877,40.445275],[-79.948654,40.44444],[-79.946903,40.444514],[-79.946671,40.444779],[-79.946517,40.445082],[-79.946382,40.445186],[-79.946462,40.445485],[-79.946973,40.446569],[-79.947173,40.447169],[-79.946873,40.447186],[-79.947691,40.447976],[-79.948751,40.450392],[-79.950738,40.4498]]]}},{"type":"Feature","properties":{"block_count":41,"land_area_km2":0.4719,"centroid":[-79.955959,40.439617],"bbox":[-79.962071,40.435124,-79.949244,40.443175],"boundary_source":"Dissolved from 2010 Census blocks (BlockCodes2016)","id":"42003040500","name":"Tract 0405.00","geoid":"42003040500","geography":"census_tract_2010"},"geometry":{"type":"Polygon","coordinates":[[[-79.952639,40.439376],[-79.952335,40.439672],[-79.951551,40.439221],[-79.950614,40.439372],[-79.950838,40.439814],[-79.950144,40.440408],[-79.949675,40.440718],[-79.949482,40.440934],[-79.949244,40.441345],[-79.950343,40.441956],[-79.951675,40.442408],[-79.952289,40.442237],[-79.95266,40.441809],[-79.953037,40.442027],[-79.953545,40.443175],[-79.955389,40.442684],[-79.956438,40.441949],[-79.957438,40.442514],[-79.962071,40.439131],[-79.958119,40.435904],[-79.957569,40.435619],[-79.956408,40.435124],[-79.956174,40.435774],[-79.956176,40.43595],[-79.952639,40.439376]]]}},{"type":"Feature","properties":{"block_count":26,"land_area_km2":0.2531,"centroid":[-79.952287,40.436755],"bbox":[-79.956408,40.434233,-79.948953,40.441345],"boundary_source":"Dissolved from 2010 Census blocks (BlockCodes2016)","id":"42003040600","name":"Tract 0406.00","geoid":"42003040600","geography":"census_tract_2010"},"geometry":{"type":"Polygon","coordinates":[[[-79.955578,40.434863],[-79.954659,40.434599],[-79.952213,40.434245],[-79.951686,40.434233],[-79.94986,40.43443],[-79.949599,40.436021],[-79.949581,40.436505],[-79.949861,40.43931],[-79.949832,40.439817],[-79.949694,40.440236],[-79.94948,40.440574],[-79.948953,40.44118],[-79.949244,40.441345],[-79.949482,40.440934],[-79.949675,40.440718],[-79.950144,40.440408],[-79.950838,40.439814],[-79.950614,40.439372],[-79.951551,40.439221],[-79.952335,40.439672],[-79.956176,40.43595],[-79.956174,40.435774],[-79.956408,40.435124],[-79.955578,40.434863]]]}},{"type":"Feature","properties":{"block_count":55,"land_area_km2":0.9209,"centroid":[-79.958024,40.433304],"bbox":[-79.972981,40.427408,-79.949658,40.439131],"boundary_source":"Dissolved from 2010 Census blocks (BlockCodes2016)","id":"42003040900","name":"Tract 0409.00","geoid":"42003040900","geography":"census_tract_2010"},"geometry":{"type":"Polygon","coordinates":[[[-79.962657,40.433401],[-79.959929,40.432216],[-79.959092,40.431771],[-79.958003,40.430929],[-79.95578,40.428651],[-79.955076,40.428166],[-79.954714,40.427974],[-79.953874,40.427645],[-79.953058,40.427463],[-79.952561,40.427408],[-79.951468,40.427418],[-79.951078,40.427453],[-79.950431,40.427598],[-79.949913,40.428345],[-79.94973,40.428825],[-79.949658,40.429191],[-79.949884,40.433609],[-79.94986,40.43443],[-79.951686,40.434233],[-79.952213,40.434245],[-79.954729,40.434612],[-79.956408,40.435124],[-79.957569,40.435619],[-79.958119,40.435904],[-79.962071,40.439131],[-79.963408,40.438106],[-79.963805,40.43789],[-79.964061,40.437819],[-79.965336,40.437663],[-79.965907,40.436829],[-79.966209,40.436616],[-79.966708,40.436475],[-79.968796,40.436452],[-79.972643,40.437695],[-79.972981,40.436007],[-79.971715,40.435989],[-79.969995,40.435793],[-79.969304,40.435775],[-79.969859,40.435869],[-79.969582,40.435863],[-79.969584,40.435945],[-79.968672,40.435759],[-79.967568,40.43546],[-79.966531,40.435089],[-79.962657,40.433401]]]}},{"type":"Feature","properties":{"block_count":91,"land_area_km2":0.7904,"centroid":[-79.972889,40.447714],"bbox":[-79.982429,40.442872,-79.96436,40.453177],"boundary_source":"Dissolved from 2010 Census blocks (BlockCodes2016)","id":"42003050100","name":"Tract 0501.00","geoid":"42003050100","geography":"census_tract_2010"},"geometry":{"type":"Polygon","coordinates":[[[-79.97555,40.449409],[-79.982429,40.446493],[-79.980342,40.443632],[-79.980004,40.44387],[-79.979273,40.442872],[-79.975616,40.444438],[-79.975045,40.44366],[-79.970873,40.445405],[-79.968957,40.446087],[-79.965165,40.448713],[-79.96487,40.448777],[-79.965344,40.449937],[-79.965372,40.450155],[-79.96436,40.451959],[-79.964377,40.452271],[-79.964925,40.452883],[-79.965981,40.452975],[-79.966443,40.453177],[-79.966665,40.453175],[-79.969457,40.451997],[-79.968921,40.451149],[-79.970462,40.450491],[-79.972523,40.44962],[-79.972998,40.450493],[-79.97555,40.449409]]]}},{"type":"Feature","properties":{"block_count":46,"land_area_km2":0.8063,"centroid":[-79.95979,40.453181],"bbox":[-79.966005,40.448319,-79.954068,40.458763],"boundary_source":"Dissolved from 2010 Census blocks (BlockCodes2016)","id":"42003050600","name":"Tract 0506.00","geoid":"42003050600","geography":"census_tract_2010"},"geometry":{"type":"Polygon","coordinates":[[[-79.958511,40.458189],[-79.96042,40.45698],[-79.964292,40.455955],[-79.965927,40.455265],[-79.966005,40.455191],[-79.965742,40.453753],[-79.964353,40.45221],[-79.96436,40.451959],[-79.965372,40.450155],[-79.965344,40.449937],[-79.96487,40.448777],[-79.964543,40.44888],[-79.96271,40.449027],[-79.962074,40.448969],[-79.962112,40.448692],[-79.96206,40.448635],[-79.959545,40.448319],[-79.958755,40.448363],[-79.958474,40.448449],[-79.958317,40.448548],[-79.955479,40.450518],[-79.954904,40.450976],[-79.954153,40.452816],[-79.954068,40.45322],[-79.954131,40.453481],[-79.954402,40.454043],[-79.955184,40.45697],[-79.955812,40.458075],[-79.955993,40.45825],[-79.95652,40.458503],[-79.957359,40.458763],[-79.957339,40.458634],[-79.957557,40.4587],[-79.957442,40.458645],[-79.957174,40.458333],[-79.957973,40.458512],[-79.958511,40.458189]]]}},{"type":"Feature","properties":{"block_count":23,"land_area_km2":0.4627,"centroid":[-79.974392,40.451044],"bbox":[-79.983916,40.446369,-79.964925,40.455869],"boundary_source":"Dissolved from 2010 Census blocks (BlockCodes2016)","id":"42003050900","name":"Tract 0509.00","geoid":"42003050900","geography":"census_tract_2010"},"geometry":{"type":"Polygon","coordinates":[[[-79.967476,40.455248],[-79.96903,40.454787],[-79.973399,40.453033],[-79.974287,40.452556],[-79.975971,40.451469],[-79.97683,40.451051],[-79.97772,40.450749],[-79.98019,40.450214],[-79.981302,40.449857],[-79.981909,40.449611],[-79.983916,40.448582],[-79.983652,40.447642],[-79.982723,40.446369],[-79.972998,40.450493],[-79.972523,40.44962],[-79.970462,40.450491],[-79.968921,40.451149],[-79.969457,40.451997],[-79.966665,40.453175],[-79.966443,40.453177],[-79.965981,40.452975],[-79.964925,40.452883],[-79.965676,40.453665],[-79.965787,40.453844],[-79.96607,40.455576],[-79.965983,40.455708],[-79.965974,40.455869],[-79.967476,40.455248]]]}},{"type":"Feature","properties":{"block_count":27,"land_area_km2":0.6439,"centroid":[-79.967526,40.444386],"bbox":[-79.975045,40.438771,-79.958474,40.449027],"boundary_source":"Dissolved from 2010 Census blocks (BlockCodes2016)","id":"42003051000","name":"Tract 0510.00","geoid":"42003051000","geography":"census_tract_2010"},"geometry":{"type":"Polygon","coordinates":[[[-79.969542,40.439085],[-79.968713,40.438771],[-79.968356,40.439378],[-79.967994,40.439349],[-79.967757,40.43938],[-79.967562,40.439508],[-79.967499,40.439648],[-79.967901,40.441079],[-79.967946,40.441147],[-79.968072,40.441172],[-79.968591,40.442471],[-79.967985,40.442843],[-79.968016,40.442903],[-79.966063,40.443377],[-79.965757,40.442819],[-79.963252,40.444663],[-79.962783,40.445212],[-79.962546,40.445357],[-79.961947,40.445532],[-79.961583,40.44554],[-79.96114,40.445468],[-79.960888,40.445473],[-79.960599,40.44555],[-79.960427,40.445651],[-79.960243,40.445943],[-79.959964,40.447203],[-79.959817,40.447396],[-79.959543,40.447598],[-79.959196,40.447698],[-79.958907,40.448136],[-79.958474,40.448449],[-79.958755,40.448363],[-79.95935,40.448305],[-79.96206,40.448635],[-79.962112,40.448692],[-79.962074,40.448969],[-79.96271,40.449027],[-79.964543,40.44888],[-79.965165,40.448713],[-79.968957,40.446087],[-79.970873,40.445405],[-79.975045,40.44366],[-79.974521,40.442939],[-79.974392,40.442638],[-79.974238,40.441405],[-79.973948,40.440854],[-79.973578,40.440979],[-79.973239,40.440917],[-79.972278,40.440263],[-79.972075,40.440063],[-79.971904,40.439752],[-79.971684,40.439589],[-79.971322,40.439537],[-79.970488,40.439706],[-79.970078,40.439344],[-79.969542,40.439085]]]}},{"type":"Feature","properties":{"block_count":11,"land_area_km2":0.1836,"centroid":[-79.976463,40.44166],"bbox":[-79.979672,40.439214,-79.97302,40.444438],"boundary_source":"Dissolved from 2010 Census blocks (BlockCodes2016)","id":"42003051100","name":"Tract 0511.00","geoid":"42003051100","geography":"census_tract_2010"},"geometry":{"type":"Polygon","coordinates":[[[-79.975045,40.44366],[-79.975616,40.444438],[-79.979672,40.442698],[-79.979204,40.442162],[-79.979017,40.441761],[-79.978958,40.441232],[-79.978878,40.441075],[-79.978655,40.440843],[-79.977945,40.440496],[-79.978344,40.440118],[-79.977356,40.43937],[-79.976641,40.439268],[-79.975723,40.439214],[-79.974862,40.439839],[-79.973759,40.440172],[-79.97302,40.43978],[-79.973213,40.440125],[-79.973814,40.440674],[-79.97413,40.441146],[-79.974287,40.441611],[-79.974331,40.442436],[-79.974392,40.442638],[-79.974521,40.442939],[-79.975045,40.44366]]]}},{"type":"Feature","properties":{"block_count":98,"land_area_km2":1.1193,"centroid":[-79.965051,40.465264],"bbox":[-79.973908,40.459437,-79.952827,40.472818],"boundary_source":"Dissolved from 2010 Census blocks (BlockCodes2016)","id":"42003060300","name":"Tract 0603.00","geoid":"42003060300","geography":"census_tract_2010"},"geometry":{"type":"Polygon","coordinates":[[[-79.95922,40.466235],[-79.963846,40.469936],[-79.968639,40.472818],[-79.969312,40.471826],[-79.970036,40.471108],[-79.970767,40.470658],[-79.97156,40.468988],[-79.973908,40.46587],[-79.972761,40.464958],[-79.968074,40.461012],[-79.967155,40.460552],[-79.96664,40.460607],[-79.966079,40.459437],[-79.960891,40.460373],[-79.958195,40.460816],[-79.957695,40.460843],[-79.9571,40.460767],[-79.956595,40.460646],[-79.956133,40.460446],[-79.955936,40.460303],[-79.953755,40.462719],[-79.952827,40.463615],[-79.952965,40.463608],[-79.95316,40.463489],[-79.953873,40.463295],[-79.95377,40.463152],[-79.953877,40.462881],[-79.953963,40.462902],[-79.956455,40.462534],[-79.95717,40.462383],[-79.957961,40.465182],[-79.95922,40.466235]]]}},{"type":"Feature","properties":{"block_count":34,"land_area_km2":0.6575,"centroid":[-79.966224,40.457658],"bbox":[-79.974947,40.452887,-79.955936,40.461012],"boundary_source":"Dissolved from 2010 Census blocks (BlockCodes2016)","id":"42003060500","name":"Tract 0605.00","geoid":"42003060500","geography":"census_tract_2010"},"geometry":{"type":"Polygon","coordinates":[[[-79.973629,40.456222],[-79.972905,40.455613],[-79.973832,40.454737],[-79.97357,40.454557],[-79.973347,40.454177],[-79.973979,40.453612],[-79.974234,40.453321],[-79.973714,40.452887],[-79.971983,40.453629],[-79.96903,40.454787],[-79.96723,40.455335],[-79.965974,40.455869],[-79.965983,40.455708],[-79.96607,40.455576],[-79.966005,40.455191],[-79.965927,40.455265],[-79.964292,40.455955],[-79.96042,40.45698],[-79.957973,40.458512],[-79.957174,40.458333],[-79.957442,40.458645],[-79.957557,40.4587],[-79.957339,40.458634],[-79.957359,40.458763],[-79.957277,40.458904],[-79.955936,40.460303],[-79.956133,40.460446],[-79.956595,40.460646],[-79.9571,40.460767],[-79.957695,40.460843],[-79.958195,40.460816],[-79.960891,40.460373],[-79.966079,40.459437],[-79.96664,40.460607],[-79.967155,40.460552],[-79.968074,40.461012],[-79.974947,40.456294],[-79.974839,40.4562],[-79.974762,40.456208],[-79.974409,40.456426],[-79.974133,40.456474],[-79.973899,40.456422],[-79.973629,40.456222]]]}},{"type":"Feature","properties":{"block_count":46,"land_area_km2":0.4285,"centroid":[-79.935202,40.450782],"bbox":[-79.940948,40.447686,-79.929646,40.454746],"boundary_source":"Dissolved from 2010 Census blocks (BlockCodes2016)","id":"42003070300","name":"Tract 0703.00","geoid":"42003070300","geography":"census_tract_2010"},"geometry":{"type":"Polygon","coordinates":[[[-79.929646,40.449827],[-79.932568,40.454746],[-79.936805,40.452707],[-79.940948,40.451316],[-79.938838,40.447686],[-79.935724,40.447927],[-79.931964,40.449071],[-79.929646,40.449827]]]}},{"type":"Feature","properties":{"block_count":39,"land_area_km2":0.4128,"centroid":[-79.928955,40.456024],"bbox":[-79.934057,40.452062,-79.925043,40.459954],"boundary_source":"Dissolved from 2010 Census blocks (BlockCodes2016)","id":"42003070500","name":"Tract 0705.00","geoid":"42003070500","geography":"census_tract_2010"},"geometry":{"type":"Polygon","coordinates":[[[-79.928821,40.452752],[-79.925341,40.454161],[-79.925043,40.459954],[-79.934057,40.457262],[-79.930979,40.452062],[-79.928821,40.452752]]]}},{"type":"Feature","properties":{"block_count":26,"land_area_km2":0.2897,"centroid":[-79.925477,40.45327],"bbox":[-79.930979,40.449827,-79.920712,40.457378],"boundary_source":"Dissolved from 2010 Census blocks (BlockCodes2016)","id":"42003070600","name":"Tract 0706.00","geoid":"42003070600","geography":"census_tract_2010"},"geometry":{"type":"Polygon","coordinates":[[[-79.925787,40.451201],[-79.922075,40.452686],[-79.920712,40.452894],[-79.922546,40.455862],[-79.922577,40.456006],[-79.922454,40.456791],[-79.925198,40.457378],[-79.925341,40.454161],[-79.928475,40.45288],[-79.930979,40.452062],[-79.929646,40.449827],[-79.927508,40.450514],[-79.925787,40.451201]]]}},{"type":"Feature","properties":{"block_count":28,"land_area_km2":0.452,"centroid":[-79.919791,40.456512],"bbox":[-79.925198,40.452894,-79.912424,40.460868],"boundary_source":"Dissolved from 2010 Census blocks (BlockCodes2016)","id":"42003070800","name":"Tract 0708.00","geoid":"42003070800","geography":"census_tract_2010"},"geometry":{"type":"Polygon","coordinates":[[[-79.922454,40.456791],[-79.922577,40.456006],[-79.922546,40.455862],[-79.920712,40.452894],[-79.912593,40.453979],[-79.912424,40.454037],[-79.920968,40.459897],[-79.921504,40.460483],[-79.921973,40.460868],[-79.925043,40.459954],[-79.925198,40.457378],[-79.922454,40.456791]]]}},{"type":"Feature","properties":{"block_count":26,"land_area_km2":0.8032,"centroid":[-79.941939,40.452037],"bbox":[-79.949688,40.447186,-79.932568,40.457262],"boundary_source":"Dissolved from 2010 Census blocks (BlockCodes2016)","id":"42003070900","name":"Tract 0709.00","geoid":"42003070900","geography":"census_tract_2010"},"geometry":{"type":"Polygon","coordinates":[[[-79.944449,40.45416],[-79.949688,40.452585],[-79.947691,40.447976],[-79.946873,40.447186],[-79.945369,40.447215],[-79.938838,40.447686],[-79.940948,40.451316],[-79.936805,40.452707],[-79.932568,40.454746],[-79.934057,40.457262],[-79.93649,40.456565],[-79.941493,40.45504],[-79.941985,40.455939],[-79.944272,40.45525],[-79.943082,40.454566],[-79.944449,40.45416]]]}},{"type":"Feature","properties":{"block_count":43,"land_area_km2":0.3456,"centroid":[-79.951343,40.45998],"bbox":[-79.955936,40.456873,-79.947093,40.463615],"boundary_source":"Dissolved from 2010 Census blocks (BlockCodes2016)","id":"42003080200","name":"Tract 0802.00","geoid":"42003080200","geography":"census_tract_2010"},"geometry":{"type":"Polygon","coordinates":[[[-79.951812,40.463146],[-79.952554,40.463547],[-79.952827,40.463615],[-79.953755,40.462719],[-79.955936,40.460303],[-79.955264,40.459687],[-79.954046,40.458268],[-79.953453,40.457844],[-79.952991,40.457629],[-79.952534,40.4575],[-79.951806,40.457384],[-79.947515,40.456873],[-79.947391,40.458011],[-79.948236,40.458457],[-79.9471,40.460516],[-79.947093,40.460615],[-79.951812,40.463146]]]}},{"type":"Feature","properties":{"block_count":33,"land_area_km2":0.4304,"centroid":[-79.945901,40.456336],"bbox":[-79.95148,40.452585,-79.938591,40.460615],"boundary_source":"Dissolved from 2010 Census blocks (BlockCodes2016)","id":"42003080400","name":"Tract 0804.00","geoid":"42003080400","geography":"census_tract_2010"},"geometry":{"type":"Polygon","coordinates":[[[-79.947431,40.459902],[-79.948236,40.458457],[-79.947391,40.458011],[-79.947515,40.456873],[-79.95148,40.457344],[-79.951001,40.455925],[-79.949775,40.453114],[-79.949688,40.452585],[-79.943082,40.454566],[-79.944272,40.45525],[-79.941985,40.455939],[-79.941493,40.45504],[-79.938591,40.45591],[-79.938767,40.456149],[-79.939055,40.456313],[-79.947093,40.460615],[-79.9471,40.460516],[-79.947431,40.459902]]]}},{"type":"Feature","properties":{"block_count":30,"land_area_km2":0.4049,"centroid":[-79.939673,40.460202],"bbox":[-79.943729,40.45591,-79.936074,40.464153],"boundary_source":"Dissolved from 2010 Census blocks (BlockCodes2016)","id":"42003080600","name":"Tract 0806.00","geoid":"42003080600","geography":"census_tract_2010"},"geometry":{"type":"Polygon","coordinates":[[[-79.940127,40.463936],[-79.941271,40.464153],[-79.941347,40.464099],[-79.941596,40.462204],[-79.943218,40.462342],[-79.943729,40.458812],[-79.939055,40.456313],[-79.938767,40.456149],[-79.938591,40.45591],[-79.93649,40.456565],[-79.937034,40.457532],[-79.937058,40.457675],[-79.936074,40.462976],[-79.937287,40.463269],[-79.937224,40.463373],[-79.937337,40.463403],[-79.940127,40.463936]]]}},{"type":"Feature","properties":{"block_count":26,"land_area_km2":0.2751,"centroid":[-79.934379,40.460965],"bbox":[-79.937058,40.456565,-79.930673,40.464772],"boundary_source":"Dissolved from 2010 Census blocks (BlockCodes2016)","id":"42003080700","name":"Tract 0807.00","geoid":"42003080700","geography":"census_tract_2010"},"geometry":{"type":"Polygon","coordinates":[[[-79.931617,40.461959],[-79.930673,40.463493],[-79.934518,40.464772],[-79.935108,40.464734],[-79.935825,40.462921],[-79.936074,40.462976],[-79.937058,40.457675],[-79.937034,40.457532],[-79.93649,40.456565],[-79.934057,40.457262],[-79.934256,40.457577],[-79.931617,40.461959]]]}},{"type":"Feature","properties":{"block_count":39,"land_area_km2":0.3802,"centroid":[-79.944257,40.462994],"bbox":[-79.949866,40.458812,-79.935108,40.465698],"boundary_source":"Dissolved from 2010 Census blocks (BlockCodes2016)","id":"42003080900","name":"Tract 0809.00","geoid":"42003080900","geography":"census_tract_2010"},"geometry":{"type":"Polygon","coordinates":[[[-79.938734,40.463675],[-79.937337,40.463403],[-79.937224,40.463373],[-79.937287,40.463269],[-79.935825,40.462921],[-79.935108,40.464734],[-79.939382,40.464533],[-79.942858,40.464968],[-79.948068,40.465698],[-79.948317,40.464649],[-79.948482,40.464223],[-79.949861,40.462183],[-79.949866,40.462087],[-79.943729,40.458812],[-79.943218,40.462342],[-79.941596,40.462204],[-79.941347,40.464099],[-79.941271,40.464153],[-79.938734,40.463675]]]}},{"type":"Feature","properties":{"block_count":74,"land_area_km2":0.6723,"centroid":[-79.961959,40.475307],"bbox":[-79.968639,40.468707,-79.955699,40.482055],"boundary_source":"Dissolved from 2010 Census blocks (BlockCodes2016)","id":"42003090100","name":"Tract 0901.00","geoid":"42003090100","geography":"census_tract_2010"},"geometry":{"type":"Polygon","coordinates":[[[-79.965716,40.476502],[-79.966619,40.475318],[-79.967371,40.474553],[-79.968639,40.472818],[-79.963846,40.469936],[-79.96229,40.468707],[-79.96091,40.469796],[-79.95963,40.471696],[-79.957796,40.474205],[-79.957728,40.474534],[-79.957605,40.476188],[-79.956947,40.477013],[-79.955699,40.478347],[-79.959827,40.481329],[-79.960535,40.481872],[-79.96069,40.482055],[-79.962997,40.479958],[-79.96384,40.479046],[-79.964635,40.478098],[-79.965716,40.476502]]]}},{"type":"Feature","properties":{"block_count":63,"land_area_km2":0.4419,"centroid":[-79.957194,40.46891],"bbox":[-79.96229,40.465182,-79.95165,40.473859],"boundary_source":"Dissolved from 2010 Census blocks (BlockCodes2016)","id":"42003090200","name":"Tract 0902.00","geoid":"42003090200","geography":"census_tract_2010"},"geometry":{"type":"Polygon","coordinates":[[[-79.956678,40.4654],[-79.952307,40.466142],[-79.95193,40.46617],[-79.951905,40.466429],[-79.95165,40.466731],[-79.951774,40.466968],[-79.952441,40.466876],[-79.952678,40.46777],[-79.953094,40.467942],[-79.954144,40.468496],[-79.955031,40.469052],[-79.954389,40.469636],[-79.95539,40.470359],[-79.954618,40.470998],[-79.954548,40.470964],[-79.954153,40.471294],[-79.956294,40.472815],[-79.956421,40.472709],[-79.958046,40.473859],[-79.95963,40.471696],[-79.96091,40.469796],[-79.96229,40.468707],[-79.958233,40.465445],[-79.957961,40.465182],[-79.956678,40.4654]]]}},{"type":"Feature","properties":{"block_count":46,"land_area_km2":0.2545,"centroid":[-79.952942,40.464367],"bbox":[-79.957961,40.462087,-79.948068,40.46617],"boundary_source":"Dissolved from 2010 Census blocks (BlockCodes2016)","id":"42003090300","name":"Tract 0903.00","geoid":"42003090300","geography":"census_tract_2010"},"geometry":{"type":"Polygon","coordinates":[[[-79.954572,40.462807],[-79.953963,40.462902],[-79.953877,40.462881],[-79.95377,40.463152],[-79.953873,40.463295],[-79.95316,40.463489],[-79.952965,40.463608],[-79.952738,40.463607],[-79.952377,40.46346],[-79.949866,40.462087],[-79.949861,40.462183],[-79.948482,40.464223],[-79.948317,40.464649],[-79.948068,40.465698],[-79.951377,40.466148],[-79.95193,40.46617],[-79.952848,40.466054],[-79.957961,40.465182],[-79.95717,40.462383],[-79.956455,40.462534],[-79.954572,40.462807]]]}},{"type":"Feature","properties":{"block_count":27,"land_area_km2":0.7243,"centroid":[-79.936987,40.477132],"bbox":[-79.944414,40.470637,-79.931194,40.482014],"boundary_source":"Dissolved from 2010 Census blocks (BlockCodes2016)","id":"42003100500","name":"Tract 1005.00","geoid":"42003100500","geography":"census_tract_2010"},"geometry":{"type":"Polygon","coordinates":[[[-79.942716,40.477479],[-79.938371,40.474117],[-79.937925,40.474057],[-79.937107,40.474149],[-79.934542,40.472147],[-79.93297,40.470724],[-79.932787,40.470637],[-79.931716,40.472041],[-79.931534,40.472382],[-79.931194,40.473437],[-79.931309,40.473509],[-79.931414,40.473757],[-79.932409,40.476566],[-79.932516,40.476915],[-79.932966,40.479369],[-79.933039,40.479641],[-79.933208,40.479855],[-79.934117,40.480344],[-79.934777,40.480588],[-79.937951,40.481408],[-79.940601,40.482014],[-79.943079,40.479954],[-79.944135,40.478872],[-79.944414,40.478645],[-79.942716,40.477479]]]}},{"type":"Feature","properties":{"block_count":80,"land_area_km2":1.0499,"centroid":[-79.949754,40.483882],"bbox":[-79.96069,40.4773,-79.937156,40.491067],"boundary_source":"Dissolved from 2010 Census blocks (BlockCodes2016)","id":"42003101100","name":"Tract 1011.00","geoid":"42003101100","geography":"census_tract_2010"},"geometry":{"type":"Polygon","coordinates":[[[-79.951054,40.487655],[-79.953195,40.486955],[-79.955351,40.485907],[-79.956394,40.485282],[-79.958568,40.483799],[-79.96069,40.482055],[-79.960535,40.481872],[-79.959827,40.481329],[-79.955954,40.478516],[-79.95439,40.477466],[-79.953981,40.4773],[-79.953582,40.477334],[-79.952386,40.477633],[-79.950908,40.47741],[-79.950113,40.477713],[-79.949207,40.478161],[-79.948944,40.478173],[-79.948867,40.478346],[-79.948722,40.47826],[-79.94774,40.477961],[-79.947146,40.477997],[-79.946973,40.478102],[-79.947693,40.478639],[-79.94666,40.47941],[-79.947115,40.47969],[-79.947546,40.480077],[-79.946922,40.480691],[-79.946673,40.480503],[-79.945024,40.481849],[-79.945686,40.482414],[-79.945,40.482941],[-79.94524,40.483157],[-79.944564,40.483041],[-79.943447,40.48297],[-79.943278,40.483011],[-79.94317,40.48318],[-79.944106,40.48359],[-79.944519,40.48359],[-79.946211,40.485132],[-79.946298,40.485158],[-79.937156,40.488429],[-79.938012,40.491067],[-79.940911,40.490486],[-79.944669,40.48942],[-79.947837,40.488706],[-79.94933,40.488254],[-79.951054,40.487655]]]}},{"type":"Feature","properties":{"block_count":103,"land_area_km2":0.9654,"centroid":[-79.926844,40.485184],"bbox":[-79.938012,40.472318,-79.912414,40.491689],"boundary_source":"Dissolved from 2010 Census blocks (BlockCodes2016)","id":"42003101400","name":"Tract 1014.00","geoid":"42003101400","geography":"census_tract_2010"},"geometry":{"type":"Polygon","coordinates":[[[-79.918464,40.489508],[-79.921036,40.490036],[-79.923567,40.490717],[-79.927922,40.491538],[-79.92944,40.491627],[-79.93218,40.491689],[-79.935572,40.491491],[-79.937113,40.491255],[-79.938012,40.491067],[-79.937156,40.488429],[-79.935405,40.489053],[-79.934852,40.489169],[-79.933278,40.489145],[-79.933255,40.489062],[-79.932635,40.489026],[-79.932151,40.489025],[-79.931563,40.489144],[-79.930233,40.489134],[-79.929744,40.489115],[-79.927872,40.488849],[-79.925532,40.488308],[-79.925674,40.487937],[-79.925976,40.487618],[-79.92697,40.487686],[-79.929832,40.485388],[-79.93202,40.478584],[-79.931716,40.476482],[-79.931881,40.476368],[-79.931753,40.476373],[-79.93184,40.476084],[-79.931799,40.475391],[-79.931916,40.475217],[-79.931414,40.473757],[-79.931309,40.473509],[-79.931194,40.473437],[-79.928349,40.472318],[-79.928314,40.474717],[-79.928583,40.475332],[-79.928123,40.476601],[-79.927773,40.478768],[-79.927573,40.480768],[-79.924328,40.483161],[-79.922845,40.484847],[-79.922352,40.48532],[-79.921778,40.485763],[-79.920798,40.486389],[-79.920603,40.486566],[-79.920458,40.486785],[-79.920445,40.486958],[-79.920526,40.487199],[-79.920245,40.487416],[-79.92007,40.487842],[-79.918409,40.487405],[-79.917586,40.487281],[-79.916246,40.486971],[-79.915488,40.486896],[-79.913536,40.486427],[-79.913411,40.48644],[-79.913204,40.486608],[-79.912414,40.488258],[-79.918464,40.489508]]]}},{"type":"Feature","properties":{"block_count":23,"land_area_km2":0.4646,"centroid":[-79.93932,40.470372],"bbox":[-79.947382,40.46751,-79.932787,40.473093],"boundary_source":"Dissolved from 2010 Census blocks (BlockCodes2016)","id":"42003101600","name":"Tract 1016.00","geoid":"42003101600","geography":"census_tract_2010"},"geometry":{"type":"Polygon","coordinates":[[[-79.934021,40.468666],[-79.932787,40.470637],[-79.93297,40.470724],[-79.934542,40.472147],[-79.93484,40.472336],[-79.935617,40.472613],[-79.937089,40.472943],[-79.937816,40.473056],[-79.938642,40.473093],[-79.939413,40.473044],[-79.94015,40.472897],[-79.941728,40.472353],[-79.943705,40.471945],[-79.944495,40.471634],[-79.945669,40.470753],[-79.94667,40.469773],[-79.946955,40.469387],[-79.947212,40.468917],[-79.947382,40.468447],[-79.947294,40.468052],[-79.947064,40.467759],[-79.946808,40.46751],[-79.946571,40.467522],[-79.946042,40.467773],[-79.945927,40.46778],[-79.944481,40.469832],[-79.942582,40.470286],[-79.942583,40.469909],[-79.942217,40.469825],[-79.942198,40.468745],[-79.934617,40.467687],[-79.934021,40.468666]]]}},{"type":"Feature","properties":{"block_count":52,"land_area_km2":0.3925,"centroid":[-79.941065,40.466884],"bbox":[-79.946808,40.464533,-79.934617,40.470286],"boundary_source":"Dissolved from 2010 Census blocks (BlockCodes2016)","id":"42003101700","name":"Tract 1017.00","geoid":"42003101700","geography":"census_tract_2010"},"geometry":{"type":"Polygon","coordinates":[[[-79.940222,40.468471],[-79.942212,40.468748],[-79.942217,40.469825],[-79.942583,40.469909],[-79.942582,40.470286],[-79.944481,40.469832],[-79.945927,40.46778],[-79.946042,40.467773],[-79.946571,40.467522],[-79.946808,40.46751],[-79.946116,40.466964],[-79.946446,40.465466],[-79.939382,40.464533],[-79.936441,40.464676],[-79.934617,40.467687],[-79.940222,40.468471]]]}},{"type":"Feature","properties":{"block_count":63,"land_area_km2":1.1971,"centroid":[-79.936912,40.484162],"bbox":[-79.948944,40.475217,-79.925532,40.489171],"boundary_source":"Dissolved from 2010 Census blocks (BlockCodes2016)","id":"42003101800","name":"Tract 1018.00","geoid":"42003101800","geography":"census_tract_2010"},"geometry":{"type":"Polygon","coordinates":[[[-79.927006,40.487662],[-79.926565,40.487679],[-79.925978,40.487617],[-79.925674,40.487937],[-79.925532,40.488308],[-79.927872,40.488849],[-79.929744,40.489115],[-79.931563,40.489144],[-79.932151,40.489025],[-79.932635,40.489026],[-79.933255,40.489062],[-79.933278,40.489145],[-79.934463,40.489171],[-79.935087,40.489142],[-79.946298,40.485158],[-79.946211,40.485132],[-79.944519,40.48359],[-79.944106,40.48359],[-79.94317,40.48318],[-79.943278,40.483011],[-79.943447,40.48297],[-79.944564,40.483041],[-79.94524,40.483157],[-79.945,40.482941],[-79.945686,40.482414],[-79.945024,40.481849],[-79.946673,40.480503],[-79.946922,40.480691],[-79.947546,40.480077],[-79.947115,40.47969],[-79.94666,40.47941],[-79.947693,40.478639],[-79.946973,40.478102],[-79.947146,40.477997],[-79.94774,40.477961],[-79.948722,40.47826],[-79.948867,40.478346],[-79.948944,40.478173],[-79.94689,40.47758],[-79.946571,40.47759],[-79.946254,40.477696],[-79.944353,40.478677],[-79.943079,40.479954],[-79.940601,40.482014],[-79.940247,40.481957],[-79.934777,40.480588],[-79.934117,40.480344],[-79.933208,40.479855],[-79.933039,40.479641],[-79.932966,40.479369],[-79.932516,40.476915],[-79.931916,40.475217],[-79.931799,40.475391],[-79.93184,40.476084],[-79.931753,40.476373],[-79.931881,40.476368],[-79.931716,40.476482],[-79.93202,40.478584],[-79.929832,40.485388],[-79.927006,40.487662]]]}},{"type":"Feature","properties":{"block_count":87,"land_area_km2":0.815,"centroid":[-79.923163,40.475554],"bbox":[-79.928583,40.46969,-79.916175,40.480768],"boundary_source":"Dissolved from 2010 Census blocks (BlockCodes2016)","id":"42003110200","name":"Tract 1102.00","geoid":"42003110200","geography":"census_tract_2010"},"geometry":{"type":"Polygon","coordinates":[[[-79.920175,40.471531],[-79.918786,40.474502],[-79.916175,40.47848],[-79.919679,40.4798],[-79.920156,40.478963],[-79.922263,40.479663],[-79.922382,40.479474],[-79.925575,40.480069],[-79.927573,40.480768],[-79.927773,40.478768],[-79.928123,40.476601],[-79.928583,40.475332],[-79.928314,40.474717],[-79.928349,40.472318],[-79.9264,40.471566],[-79.921025,40.46969],[-79.920175,40.471531]]]}},{"type":"Feature","properties":{"block_count":41,"land_area_km2":0.6352,"centroid":[-79.915596,40.472712],"bbox":[-79.921025,40.467016,-79.910815,40.478835],"boundary_source":"Dissolved from 2010 Census blocks (BlockCodes2016)","id":"42003110600","name":"Tract 1106.00","geoid":"42003110600","geography":"census_tract_2010"},"geometry":{"type":"Polygon","coordinates":[[[-79.919788,40.469354],[-79.916948,40.468581],[-79.916921,40.468439],[-79.91603,40.467016],[-79.914605,40.46741],[-79.915126,40.467958],[-79.914632,40.468232],[-79.914828,40.468496],[-79.914839,40.468832],[-79.912744,40.469226],[-79.912385,40.469355],[-79.912113,40.469521],[-79.911786,40.469842],[-79.911598,40.470314],[-79.910815,40.475132],[-79.912393,40.47516],[-79.912348,40.475365],[-79.913235,40.475476],[-79.913319,40.475186],[-79.914305,40.475281],[-79.913868,40.477472],[-79.913755,40.477614],[-79.913536,40.477678],[-79.913117,40.478207],[-79.913109,40.478322],[-79.913341,40.478718],[-79.913879,40.478634],[-79.914976,40.478808],[-79.915936,40.478835],[-79.918786,40.474502],[-79.921025,40.46969],[-79.919788,40.469354]]]}},{"type":"Feature","properties":{"block_count":49,"land_area_km2":0.5374,"centroid":[-79.924475,40.468978],"bbox":[-79.932787,40.46507,-79.91603,40.473437],"boundary_source":"Dissolved from 2010 Census blocks (BlockCodes2016)","id":"42003111300","name":"Tract 1113.00","geoid":"42003111300","geography":"census_tract_2010"},"geometry":{"type":"Polygon","coordinates":[[[-79.917832,40.468814],[-79.921666,40.469899],[-79.926574,40.471629],[-79.931194,40.473437],[-79.931534,40.472382],[-79.931716,40.472041],[-79.932787,40.470637],[-79.927517,40.46875],[-79.928123,40.467723],[-79.928008,40.467648],[-79.924257,40.466297],[-79.923475,40.466061],[-79.922408,40.465877],[-79.921635,40.465681],[-79.919904,40.46507],[-79.919455,40.465739],[-79.919053,40.46612],[-79.917798,40.466604],[-79.91603,40.467016],[-79.916921,40.468439],[-79.916948,40.468581],[-79.917832,40.468814]]]}},{"type":"Feature","properties":{"block_count":16,"land_area_km2":0.3276,"centroid":[-79.931839,40.467005],"bbox":[-79.936441,40.463493,-79.927517,40.470637],"boundary_source":"Dissolved from 2010 Census blocks (BlockCodes2016)","id":"42003111400","name":"Tract 1114.00","geoid":"42003111400","geography":"census_tract_2010"},"geometry":{"type":"Polygon","coordinates":[[[-79.936116,40.465221],[-79.936441,40.464676],[-79.934518,40.464772],[-79.930673,40.463493],[-79.927517,40.46875],[-79.932787,40.470637],[-79.936116,40.465221]]]}},{"type":"Feature","properties":{"block_count":85,"land_area_km2":0.96,"centroid":[-79.924649,40.462218],"bbox":[-79.934256,40.457262,-79.915681,40.467723],"boundary_source":"Dissolved from 2010 Census blocks (BlockCodes2016)","id":"42003111500","name":"Tract 1115.00","geoid":"42003111500","geography":"census_tract_2010"},"geometry":{"type":"Polygon","coordinates":[[[-79.931397,40.462324],[-79.934256,40.457577],[-79.934057,40.457262],[-79.921973,40.460868],[-79.921504,40.460483],[-79.920968,40.459897],[-79.917412,40.457481],[-79.916739,40.45809],[-79.916616,40.458416],[-79.915771,40.459858],[-79.915681,40.460106],[-79.915809,40.460871],[-79.916071,40.46167],[-79.916376,40.462265],[-79.916787,40.46279],[-79.917406,40.463446],[-79.918354,40.464335],[-79.91877,40.464627],[-79.920424,40.465275],[-79.921635,40.465681],[-79.922408,40.465877],[-79.923475,40.466061],[-79.924257,40.466297],[-79.927709,40.467534],[-79.928123,40.467723],[-79.931397,40.462324]]]}},{"type":"Feature","properties":{"block_count":73,"land_area_km2":1.0805,"centroid":[-79.902917,40.469396],"bbox":[-79.908819,40.462585,-79.896047,40.476232],"boundary_source":"Dissolved from 2010 Census blocks (BlockCodes2016)","id":"42003120300","name":"Tract 1203.00","geoid":"42003120300","geography":"census_tract_2010"},"geometry":{"type":"Polygon","coordinates":[[[-79.90144,40.46403],[-79.898976,40.464668],[-79.898811,40.46478],[-79.898018,40.465625],[-79.897438,40.467107],[-79.89677,40.468147],[-79.896602,40.468385],[-79.896047,40.468749],[-79.899249,40.472722],[-79.898741,40.472831],[-79.898474,40.473251],[-79.898082,40.473547],[-79.898281,40.473738],[-79.898471,40.474303],[-79.898371,40.474968],[-79.89847,40.476232],[-79.900596,40.475763],[-79.901505,40.475485],[-79.902099,40.475208],[-79.903643,40.474179],[-79.903948,40.474066],[-79.904563,40.474025],[-79.908275,40.474216],[-79.908819,40.467896],[-79.908758,40.467453],[-79.908337,40.466647],[-79.905932,40.463372],[-79.905711,40.462955],[-79.905639,40.462585],[-79.904188,40.463314],[-79.90144,40.46403]]]}},{"type":"Feature","properties":{"block_count":47,"land_area_km2":0.4368,"centroid":[-79.910448,40.465339],"bbox":[-79.91603,40.461056,-79.905639,40.470281],"boundary_source":"Dissolved from 2010 Census blocks (BlockCodes2016)","id":"42003120400","name":"Tract 1204.00","geoid":"42003120400","geography":"census_tract_2010"},"geometry":{"type":"Polygon","coordinates":[[[-79.91603,40.467016],[-79.915519,40.466181],[-79.909789,40.461056],[-79.907125,40.461839],[-79.905639,40.462585],[-79.905711,40.462955],[-79.905932,40.463372],[-79.908337,40.466647],[-79.908728,40.467348],[-79.908819,40.467896],[-79.908622,40.470281],[-79.909237,40.470245],[-79.909546,40.470181],[-79.910856,40.469075],[-79.911707,40.468605],[-79.914271,40.467531],[-79.914935,40.4673],[-79.91603,40.467016]]]}},{"type":"Feature","properties":{"block_count":46,"land_area_km2":0.5151,"centroid":[-79.903948,40.459431],"bbox":[-79.909687,40.454879,-79.899027,40.464239],"boundary_source":"Dissolved from 2010 Census blocks (BlockCodes2016)","id":"42003120700","name":"Tract 1207.00","geoid":"42003120700","geography":"census_tract_2010"},"geometry":{"type":"Polygon","coordinates":[[[-79.9013,40.458015],[-79.899027,40.463865],[-79.90063,40.464239],[-79.904188,40.463314],[-79.905639,40.462585],[-79.905595,40.462259],[-79.905791,40.461785],[-79.906056,40.461349],[-79.906769,40.460382],[-79.907188,40.459914],[-79.907241,40.459742],[-79.909127,40.457189],[-79.909687,40.456565],[-79.907678,40.455853],[-79.906148,40.455386],[-79.905801,40.455378],[-79.905479,40.455245],[-79.905264,40.455556],[-79.902842,40.454879],[-79.902754,40.454906],[-79.90226,40.455619],[-79.9013,40.458015]]]}},{"type":"Feature","properties":{"block_count":60,"land_area_km2":0.7161,"centroid":[-79.913137,40.46038],"bbox":[-79.919904,40.454037,-79.905595,40.467016],"boundary_source":"Dissolved from 2010 Census blocks (BlockCodes2016)","id":"42003120800","name":"Tract 1208.00","geoid":"42003120800","geography":"census_tract_2010"},"geometry":{"type":"Polygon","coordinates":[[[-79.919455,40.465739],[-79.919904,40.46507],[-79.91877,40.464627],[-79.918354,40.464335],[-79.917406,40.463446],[-79.916787,40.46279],[-79.916376,40.462265],[-79.916071,40.46167],[-79.915809,40.460871],[-79.915681,40.460106],[-79.915771,40.459858],[-79.91644,40.458742],[-79.916739,40.45809],[-79.917412,40.457481],[-79.912424,40.454037],[-79.912284,40.454091],[-79.909403,40.45684],[-79.907241,40.459742],[-79.907188,40.459914],[-79.906769,40.460382],[-79.906056,40.461349],[-79.905791,40.461785],[-79.905595,40.462259],[-79.905639,40.462585],[-79.907125,40.461839],[-79.909789,40.461056],[-79.915519,40.466181],[-79.91603,40.467016],[-79.917461,40.4667],[-79.918211,40.466466],[-79.919053,40.46612],[-79.919455,40.465739]]]}},{"type":"Feature","properties":{"block_count":52,"land_area_km2":0.7722,"centroid":[-79.888695,40.459251],"bbox":[-79.901115,40.455055,-79.877686,40.464668],"boundary_source":"Dissolved from 2010 Census blocks (BlockCodes2016)","id":"42003130100","name":"Tract 1301.00","geoid":"42003130100","geography":"census_tract_2010"},"geometry":{"type":"Polygon","coordinates":[[[-79.894727,40.461439],[-79.892663,40.460974],[-79.892593,40.460914],[-79.892687,40.46063],[-79.890448,40.460111],[-79.891072,40.458522],[-79.888374,40.45791],[-79.887726,40.45651],[-79.888093,40.455527],[-79.886111,40.455076],[-79.885837,40.455095],[-79.884052,40.455486],[-79.883014,40.455405],[-79.880818,40.455055],[-79.879931,40.455244],[-79.879634,40.455376],[-79.878039,40.456826],[-79.877686,40.457094],[-79.878194,40.457694],[-79.878793,40.458292],[-79.879147,40.458767],[-79.879203,40.458874],[-79.879066,40.459151],[-79.879241,40.459152],[-79.879314,40.459112],[-79.889992,40.461829],[-79.889993,40.461679],[-79.893095,40.462408],[-79.894351,40.462573],[-79.894453,40.462543],[-79.896197,40.464035],[-79.898976,40.464668],[-79.90063,40.464239],[-79.899027,40.463865],[-79.901115,40.45849],[-79.898528,40.457906],[-79.897553,40.460394],[-79.897556,40.462082],[-79.894727,40.461439]]]}},{"type":"Feature","properties":{"block_count":39,"land_area_km2":0.3485,"centroid":[-79.893498,40.458696],"bbox":[-79.898528,40.455527,-79.887726,40.462082],"boundary_source":"Dissolved from 2010 Census blocks (BlockCodes2016)","id":"42003130200","name":"Tract 1302.00","geoid":"42003130200","geography":"census_tract_2010"},"geometry":{"type":"Polygon","coordinates":[[[-79.897597,40.460283],[-79.898528,40.457906],[-79.888093,40.455527],[-79.887726,40.45651],[-79.888374,40.45791],[-79.891072,40.458522],[-79.890448,40.460111],[-79.892687,40.46063],[-79.892593,40.460914],[-79.892663,40.460974],[-79.897556,40.462082],[-79.897531,40.460605],[-79.897597,40.460283]]]}},{"type":"Feature","properties":{"block_count":79,"land_area_km2":0.5463,"centroid":[-79.896836,40.454633],"bbox":[-79.905479,40.450168,-79.890744,40.45849],"boundary_source":"Dissolved from 2010 Census blocks (BlockCodes2016)","id":"42003130300","name":"Tract 1303.00","geoid":"42003130300","geography":"census_tract_2010"},"geometry":{"type":"Polygon","coordinates":[[[-79.902677,40.455016],[-79.902754,40.454906],[-79.902909,40.454892],[-79.905264,40.455556],[-79.905479,40.455245],[-79.90323,40.45436],[-79.899631,40.453052],[-79.894826,40.45118],[-79.893611,40.450645],[-79.892887,40.450168],[-79.891487,40.452219],[-79.890744,40.4541],[-79.892629,40.45453],[-79.891902,40.456393],[-79.901115,40.45849],[-79.902224,40.455693],[-79.902677,40.455016]]]}},{"type":"Feature","properties":{"block_count":63,"land_area_km2":0.4741,"centroid":[-79.888283,40.451771],"bbox":[-79.892841,40.446907,-79.884087,40.456393],"boundary_source":"Dissolved from 2010 Census blocks (BlockCodes2016)","id":"42003130400","name":"Tract 1304.00","geoid":"42003130400","geography":"census_tract_2010"},"geometry":{"type":"Polygon","coordinates":[[[-79.888406,40.447773],[-79.888184,40.447659],[-79.88593,40.446907],[-79.884576,40.449303],[-79.884087,40.449144],[-79.884778,40.451852],[-79.884899,40.452131],[-79.885213,40.452548],[-79.885258,40.452696],[-79.885172,40.452868],[-79.885372,40.453168],[-79.885468,40.453436],[-79.885944,40.455074],[-79.886111,40.455076],[-79.891902,40.456393],[-79.892629,40.45453],[-79.890744,40.4541],[-79.891487,40.452219],[-79.892841,40.450227],[-79.892641,40.45022],[-79.892423,40.450455],[-79.892423,40.450266],[-79.891768,40.450098],[-79.890444,40.449459],[-79.889816,40.449051],[-79.889005,40.44833],[-79.888547,40.447844],[-79.888406,40.447773]]]}},{"type":"Feature","properties":{"block_count":83,"land_area_km2":1.4039,"centroid":[-79.87528,40.453864],"bbox":[-79.885944,40.448918,-79.865794,40.461607],"boundary_source":"Dissolved from 2010 Census blocks (BlockCodes2016)","id":"42003130600","name":"Tract 1306.00","geoid":"42003130600","geography":"census_tract_2010"},"geometry":{"type":"Polygon","coordinates":[[[-79.885414,40.455184],[-79.885944,40.455074],[-79.885468,40.453436],[-79.885372,40.453168],[-79.885172,40.452868],[-79.885258,40.452696],[-79.885213,40.452548],[-79.884899,40.452131],[-79.884778,40.451852],[-79.884029,40.448918],[-79.882899,40.449151],[-79.882185,40.449189],[-79.881614,40.449379],[-79.881472,40.44931],[-79.881216,40.449352],[-79.878312,40.449922],[-79.872685,40.449367],[-79.86714,40.449392],[-79.86638,40.452812],[-79.865794,40.455765],[-79.872644,40.457455],[-79.872556,40.457643],[-79.87162,40.458389],[-79.871627,40.458707],[-79.871771,40.459468],[-79.871591,40.460585],[-79.870632,40.460752],[-79.869222,40.460526],[-79.869102,40.460973],[-79.870573,40.46119],[-79.871378,40.461108],[-79.872284,40.460884],[-79.87266,40.460736],[-79.87314,40.460427],[-79.874504,40.459263],[-79.875344,40.459791],[-79.87521,40.459905],[-79.875272,40.459945],[-79.875644,40.459955],[-79.875531,40.461549],[-79.876902,40.461607],[-79.876295,40.459701],[-79.877399,40.45983],[-79.877493,40.459408],[-79.877281,40.459384],[-79.877366,40.45896],[-79.879066,40.459151],[-79.879203,40.458874],[-79.879147,40.458767],[-79.878793,40.458292],[-79.878194,40.457694],[-79.877686,40.457094],[-79.878039,40.456826],[-79.879634,40.455376],[-79.879931,40.455244],[-79.880866,40.455048],[-79.883014,40.455405],[-79.884052,40.455486],[-79.885414,40.455184]]]}},{"type":"Feature","properties":{"block_count":47,"land_area_km2":1.4656,"centroid":[-79.937355,40.442743],"bbox":[-79.949244,40.437563,-79.927714,40.447792],"boundary_source":"Dissolved from 2010 Census blocks (BlockCodes2016)","id":"42003140100","name":"Tract 1401.00","geoid":"42003140100","geography":"census_tract_2010"},"geometry":{"type":"Polygon","coordinates":[[[-79.930237,40.445197],[-79.934012,40.44685],[-79.937291,40.447792],[-79.945369,40.447215],[-79.947173,40.447169],[-79.946973,40.446569],[-79.946462,40.445485],[-79.946382,40.445186],[-79.946517,40.445082],[-79.946671,40.444779],[-79.947009,40.444391],[-79.947565,40.443406],[-79.94878,40.442029],[-79.949244,40.441345],[-79.948409,40.44086],[-79.948186,40.440799],[-79.947342,40.441431],[-79.947155,40.441492],[-79.942243,40.440482],[-79.942176,40.440444],[-79.94231,40.440172],[-79.942088,40.440107],[-79.941554,40.439794],[-79.940846,40.438967],[-79.940568,40.4388],[-79.940185,40.438699],[-79.939604,40.438684],[-79.938993,40.43855],[-79.938328,40.438354],[-79.936508,40.437704],[-79.935949,40.437579],[-79.935648,40.437563],[-79.934428,40.437711],[-79.933088,40.437703],[-79.927714,40.438039],[-79.927728,40.439522],[-79.927925,40.444121],[-79.930237,40.445197]]]}},{"type":"Feature","properties":{"block_count":20,"land_area_km2":0.7595,"centroid":[-79.926307,40.447799],"bbox":[-79.937291,40.443851,-79.92023,40.452894],"boundary_source":"Dissolved from 2010 Census blocks (BlockCodes2016)","id":"42003140200","name":"Tract 1402.00","geoid":"42003140200","geography":"census_tract_2010"},"geometry":{"type":"Polygon","coordinates":[[[-79.929646,40.449827],[-79.931964,40.449071],[-79.935724,40.447927],[-79.937291,40.447792],[-79.934012,40.44685],[-79.930237,40.445197],[-79.927925,40.444121],[-79.927182,40.444061],[-79.920513,40.443851],[-79.921586,40.44751],[-79.921503,40.447904],[-79.920269,40.450957],[-79.92023,40.451218],[-79.920712,40.452894],[-79.922075,40.452686],[-79.92716,40.450643],[-79.929646,40.449827]]]}},{"type":"Feature","properties":{"block_count":50,"land_area_km2":0.9417,"centroid":[-79.919581,40.441449],"bbox":[-79.927925,40.438028,-79.91165,40.446734],"boundary_source":"Dissolved from 2010 Census blocks (BlockCodes2016)","id":"42003140300","name":"Tract 1403.00","geoid":"42003140300","geography":"census_tract_2010"},"geometry":{"type":"Polygon","coordinates":[[[-79.91241,40.442104],[-79.91165,40.446696],[-79.91234,40.446734],[-79.91389,40.446451],[-79.914125,40.446357],[-79.91442,40.44616],[-79.915444,40.444997],[-79.915668,40.444778],[-79.915848,40.444691],[-79.920513,40.443851],[-79.927182,40.444061],[-79.927925,40.444121],[-79.927728,40.439522],[-79.927714,40.438039],[-79.926255,40.438074],[-79.913083,40.438028],[-79.91241,40.442104]]]}},{"type":"Feature","properties":{"block_count":38,"land_area_km2":0.8343,"centroid":[-79.915735,40.449343],"bbox":[-79.921586,40.443851,-79.908192,40.454037],"boundary_source":"Dissolved from 2010 Census blocks (BlockCodes2016)","id":"42003140400","name":"Tract 1404.00","geoid":"42003140400","geography":"census_tract_2010"},"geometry":{"type":"Polygon","coordinates":[[[-79.921074,40.445719],[-79.920513,40.443851],[-79.915848,40.444691],[-79.915668,40.444778],[-79.915444,40.444997],[-79.91442,40.44616],[-79.914125,40.446357],[-79.91389,40.446451],[-79.91234,40.446734],[-79.911435,40.446978],[-79.908192,40.451487],[-79.908957,40.451794],[-79.909843,40.452268],[-79.912424,40.454037],[-79.912593,40.453979],[-79.920712,40.452894],[-79.92023,40.451218],[-79.920269,40.450957],[-79.921503,40.447904],[-79.921586,40.44751],[-79.921074,40.445719]]]}},{"type":"Feature","properties":{"block_count":38,"land_area_km2":0.7557,"centroid":[-79.902115,40.451665],"bbox":[-79.912424,40.446494,-79.892423,40.456565],"boundary_source":"Dissolved from 2010 Census blocks (BlockCodes2016)","id":"42003140500","name":"Tract 1405.00","geoid":"42003140500","geography":"census_tract_2010"},"geometry":{"type":"Polygon","coordinates":[[[-79.90323,40.45436],[-79.905801,40.455378],[-79.906148,40.455386],[-79.907678,40.455853],[-79.909687,40.456565],[-79.912284,40.454091],[-79.912424,40.454037],[-79.909843,40.452268],[-79.909261,40.45194],[-79.908644,40.451661],[-79.907822,40.451355],[-79.893225,40.446494],[-79.892788,40.448588],[-79.892431,40.44994],[-79.892423,40.450455],[-79.892641,40.45022],[-79.892841,40.450227],[-79.892887,40.450168],[-79.893611,40.450645],[-79.894826,40.45118],[-79.899631,40.453052],[-79.90323,40.45436]]]}},{"type":"Feature","properties":{"block_count":68,"land_area_km2":0.8881,"centroid":[-79.901383,40.44591],"bbox":[-79.911435,40.439557,-79.893225,40.451487],"boundary_source":"Dissolved from 2010 Census blocks (BlockCodes2016)","id":"42003140600","name":"Tract 1406.00","geoid":"42003140600","geography":"census_tract_2010"},"geometry":{"type":"Polygon","coordinates":[[[-79.899877,40.444715],[-79.900134,40.444315],[-79.898771,40.443838],[-79.898743,40.443746],[-79.899329,40.442368],[-79.89938,40.441836],[-79.899505,40.441459],[-79.899735,40.441256],[-79.899777,40.441129],[-79.900036,40.441164],[-79.900286,40.440979],[-79.900251,40.440865],[-79.899879,40.440795],[-79.899924,40.44064],[-79.899879,40.440396],[-79.899681,40.440056],[-79.89958,40.43975],[-79.899485,40.43969],[-79.899485,40.439557],[-79.894682,40.439831],[-79.893584,40.444589],[-79.893225,40.446494],[-79.908192,40.451487],[-79.911435,40.446978],[-79.908285,40.44594],[-79.908444,40.445654],[-79.908191,40.44557],[-79.90873,40.444495],[-79.905877,40.44436],[-79.905196,40.445013],[-79.90528,40.445045],[-79.904786,40.445864],[-79.904431,40.445815],[-79.904109,40.445858],[-79.903365,40.446373],[-79.903227,40.446333],[-79.903112,40.446407],[-79.899555,40.445237],[-79.899877,40.444715]]]}},{"type":"Feature","properties":{"block_count":38,"land_area_km2":1.0891,"centroid":[-79.91661,40.433268],"bbox":[-79.923485,40.426122,-79.907464,40.438056],"boundary_source":"Dissolved from 2010 Census blocks (BlockCodes2016)","id":"42003140800","name":"Tract 1408.00","geoid":"42003140800","geography":"census_tract_2010"},"geometry":{"type":"Polygon","coordinates":[[[-79.922833,40.434754],[-79.923485,40.429738],[-79.920157,40.428901],[-79.917537,40.428152],[-79.915992,40.427897],[-79.915556,40.427877],[-79.914853,40.428018],[-79.914582,40.428],[-79.914034,40.427781],[-79.91327,40.427079],[-79.912489,40.426473],[-79.91224,40.426376],[-79.910062,40.426122],[-79.908804,40.426405],[-79.907793,40.42632],[-79.907464,40.426485],[-79.907897,40.426581],[-79.911853,40.428356],[-79.913404,40.429005],[-79.915144,40.429836],[-79.915334,40.429887],[-79.915215,40.430307],[-79.915189,40.430965],[-79.915092,40.430969],[-79.915105,40.431393],[-79.91405,40.432052],[-79.912871,40.432588],[-79.911915,40.433139],[-79.911174,40.432876],[-79.909072,40.433968],[-79.909416,40.435809],[-79.909015,40.436065],[-79.908829,40.436459],[-79.908902,40.436812],[-79.909082,40.437051],[-79.90922,40.437146],[-79.909779,40.43736],[-79.911511,40.437854],[-79.911475,40.438013],[-79.922984,40.438056],[-79.922833,40.434754]]]}},{"type":"Feature","properties":{"block_count":41,"land_area_km2":0.5079,"centroid":[-79.897616,40.432894],"bbox":[-79.901368,40.426444,-79.89218,40.439831],"boundary_source":"Dissolved from 2010 Census blocks (BlockCodes2016)","id":"42003141000","name":"Tract 1410.00","geoid":"42003141000","geography":"census_tract_2010"},"geometry":{"type":"Polygon","coordinates":[[[-79.897642,40.439661],[-79.900267,40.439516],[-79.899769,40.438712],[-79.89934,40.438212],[-79.899042,40.437734],[-79.89899,40.436443],[-79.898672,40.435568],[-79.901368,40.42723],[-79.900688,40.427208],[-79.899495,40.426962],[-79.898927,40.426907],[-79.898755,40.426829],[-79.898546,40.426638],[-79.898345,40.426573],[-79.897921,40.426614],[-79.897318,40.426482],[-79.897009,40.426492],[-79.896233,40.426926],[-79.895608,40.426614],[-79.895177,40.426484],[-79.894803,40.426444],[-79.894207,40.426493],[-79.893595,40.426631],[-79.893286,40.426772],[-79.893006,40.426977],[-79.892639,40.427545],[-79.89218,40.427888],[-79.892328,40.427972],[-79.892313,40.428057],[-79.892878,40.428265],[-79.893762,40.426922],[-79.894251,40.427015],[-79.895096,40.428166],[-79.896629,40.427511],[-79.897111,40.427609],[-79.896643,40.430135],[-79.895568,40.434962],[-79.895038,40.437668],[-79.894879,40.438719],[-79.894915,40.438842],[-79.894682,40.439831],[-79.897642,40.439661]]]}},{"type":"Feature","properties":{"block_count":46,"land_area_km2":1.2263,"centroid":[-79.904948,40.420686],"bbox":[-79.916414,40.414896,-79.891006,40.427888],"boundary_source":"Dissolved from 2010 Census blocks (BlockCodes2016)","id":"42003141100","name":"Tract 1411.00","geoid":"42003141100","geography":"census_tract_2010"},"geometry":{"type":"Polygon","coordinates":[[[-79.897805,40.423841],[-79.897324,40.426053],[-79.896749,40.426261],[-79.896712,40.42646],[-79.896121,40.426256],[-79.895246,40.42604],[-79.894694,40.425664],[-79.894194,40.425554],[-79.893474,40.425632],[-79.892085,40.426291],[-79.891006,40.427197],[-79.891057,40.427318],[-79.89218,40.427888],[-79.892618,40.427567],[-79.892906,40.427075],[-79.893286,40.426772],[-79.893595,40.426631],[-79.894005,40.426527],[-79.894803,40.426444],[-79.895435,40.426545],[-79.896233,40.426926],[-79.897009,40.426492],[-79.897239,40.426477],[-79.897921,40.426614],[-79.898453,40.426587],[-79.898755,40.426829],[-79.898927,40.426907],[-79.899495,40.426962],[-79.900688,40.427208],[-79.901715,40.427208],[-79.902139,40.4271],[-79.902671,40.426672],[-79.903189,40.426362],[-79.90385,40.426152],[-79.904396,40.426121],[-79.904892,40.426211],[-79.905071,40.426317],[-79.905266,40.426328],[-79.905538,40.426267],[-79.905718,40.426134],[-79.906623,40.425971],[-79.906767,40.425869],[-79.906868,40.425699],[-79.906983,40.424889],[-79.907206,40.424612],[-79.907228,40.424094],[-79.907293,40.423977],[-79.907465,40.423925],[-79.907616,40.423949],[-79.907688,40.424071],[-79.907817,40.42414],[-79.908284,40.424032],[-79.908507,40.423926],[-79.909722,40.422545],[-79.909815,40.422263],[-79.910024,40.422107],[-79.911706,40.420055],[-79.912044,40.419856],[-79.913891,40.419283],[-79.914185,40.419078],[-79.914394,40.418729],[-79.915177,40.418241],[-79.915465,40.417856],[-79.915537,40.417596],[-79.915724,40.417278],[-79.91576,40.417057],[-79.916205,40.416814],[-79.916414,40.416586],[-79.916101,40.416085],[-79.915609,40.415703],[-79.914872,40.415569],[-79.914678,40.415482],[-79.911652,40.414972],[-79.911536,40.414896],[-79.911057,40.415042],[-79.907358,40.415796],[-79.906272,40.415969],[-79.899542,40.415871],[-79.898575,40.420372],[-79.898009,40.422733],[-79.897805,40.423841]]]}},{"type":"Feature","properties":{"block_count":30,"land_area_km2":0.898,"centroid":[-79.928289,40.433438],"bbox":[-79.937862,40.428152,-79.922831,40.438073],"boundary_source":"Dissolved from 2010 Census blocks (BlockCodes2016)","id":"42003141300","name":"Tract 1413.00","geoid":"42003141300","geography":"census_tract_2010"},"geometry":{"type":"Polygon","coordinates":[[[-79.933073,40.43028],[-79.933046,40.430228],[-79.932993,40.430235],[-79.933167,40.429226],[-79.935417,40.428837],[-79.936829,40.428703],[-79.937812,40.428726],[-79.937862,40.428627],[-79.936928,40.428533],[-79.936099,40.428544],[-79.933352,40.428932],[-79.932773,40.428989],[-79.931674,40.429008],[-79.930398,40.428927],[-79.929949,40.428852],[-79.92676,40.428152],[-79.923608,40.429579],[-79.923485,40.429738],[-79.922855,40.434452],[-79.922831,40.435007],[-79.922984,40.438056],[-79.926974,40.438073],[-79.933088,40.437703],[-79.934033,40.437707],[-79.934011,40.43739],[-79.933045,40.433435],[-79.933227,40.433398],[-79.933556,40.433225],[-79.934199,40.432503],[-79.934436,40.432326],[-79.934946,40.432126],[-79.93452,40.432025],[-79.933556,40.431955],[-79.932267,40.432065],[-79.932562,40.431481],[-79.932615,40.431481],[-79.932605,40.431378],[-79.933073,40.43028]]]}},{"type":"Feature","properties":{"block_count":101,"land_area_km2":2.0493,"centroid":[-79.918755,40.421318],"bbox":[-79.927909,40.410757,-79.905766,40.429738],"boundary_source":"Dissolved from 2010 Census blocks (BlockCodes2016)","id":"42003141400","name":"Tract 1414.00","geoid":"42003141400","geography":"census_tract_2010"},"geometry":{"type":"Polygon","coordinates":[[[-79.925853,40.424996],[-79.926285,40.423542],[-79.926096,40.419542],[-79.927151,40.419608],[-79.926817,40.41896],[-79.92625,40.418296],[-79.926048,40.417932],[-79.925944,40.417589],[-79.925869,40.416913],[-79.925654,40.416355],[-79.924909,40.415449],[-79.92499,40.415161],[-79.924934,40.415004],[-79.923617,40.413796],[-79.923118,40.41363],[-79.923398,40.413317],[-79.92302,40.413082],[-79.923125,40.41268],[-79.92282,40.412613],[-79.922594,40.412737],[-79.92281,40.412075],[-79.922774,40.411804],[-79.922552,40.411716],[-79.922303,40.411707],[-79.922115,40.41179],[-79.922012,40.41193],[-79.921703,40.411772],[-79.92156,40.41222],[-79.921309,40.41236],[-79.920761,40.411627],[-79.92027,40.412026],[-79.918572,40.410757],[-79.91727,40.411908],[-79.915403,40.413226],[-79.912693,40.414523],[-79.911536,40.414896],[-79.911652,40.414972],[-79.914678,40.415482],[-79.914872,40.415569],[-79.915609,40.415703],[-79.916101,40.416085],[-79.916414,40.416586],[-79.916205,40.416814],[-79.91576,40.417057],[-79.915724,40.417278],[-79.915285,40.418134],[-79.914926,40.418423],[-79.914394,40.418729],[-79.914286,40.418949],[-79.914042,40.419199],[-79.913503,40.419428],[-79.912044,40.419856],[-79.911706,40.420055],[-79.910024,40.422107],[-79.909815,40.422263],[-79.909722,40.422545],[-79.908507,40.423926],[-79.908284,40.424032],[-79.907817,40.42414],[-79.907688,40.424071],[-79.907616,40.423949],[-79.907465,40.423925],[-79.907293,40.423977],[-79.907228,40.424094],[-79.907206,40.424612],[-79.906983,40.424889],[-79.906868,40.425699],[-79.906767,40.425869],[-79.906623,40.425971],[-79.906117,40.426076],[-79.90621,40.4263],[-79.906196,40.426428],[-79.905766,40.427509],[-79.905807,40.427652],[-79.906009,40.427762],[-79.906517,40.427797],[-79.906836,40.427692],[-79.907027,40.427456],[-79.907158,40.427018],[-79.907464,40.426485],[-79.907793,40.42632],[-79.908804,40.426405],[-79.910062,40.426122],[-79.911266,40.426287],[-79.911925,40.426314],[-79.912489,40.426473],[-79.91327,40.427079],[-79.913861,40.427658],[-79.91423,40.427884],[-79.914582,40.428],[-79.914853,40.428018],[-79.915556,40.427877],[-79.915992,40.427897],[-79.917537,40.428152],[-79.920157,40.428901],[-79.923485,40.429738],[-79.923608,40.429579],[-79.927909,40.427622],[-79.926593,40.426646],[-79.926461,40.426411],[-79.926442,40.426243],[-79.926559,40.425838],[-79.925753,40.425462],[-79.925853,40.424996]]]}},{"type":"Feature","properties":{"block_count":79,"land_area_km2":0.8205,"centroid":[-79.94438,40.425007],"bbox":[-79.952288,40.418871,-79.93903,40.430103],"boundary_source":"Dissolved from 2010 Census blocks (BlockCodes2016)","id":"42003151600","name":"Tract 1516.00","geoid":"42003151600","geography":"census_tract_2010"},"geometry":{"type":"Polygon","coordinates":[[[-79.951321,40.425258],[-79.950794,40.425488],[-79.949835,40.425665],[-79.949785,40.425607],[-79.949927,40.425538],[-79.950873,40.425179],[-79.951014,40.425043],[-79.951037,40.424912],[-79.950875,40.425033],[-79.950647,40.425076],[-79.950078,40.424883],[-79.949506,40.425095],[-79.947559,40.421993],[-79.941039,40.418871],[-79.939835,40.418952],[-79.939724,40.429013],[-79.93903,40.42884],[-79.939722,40.429304],[-79.940134,40.429511],[-79.940047,40.429812],[-79.941856,40.430103],[-79.943138,40.429649],[-79.943466,40.429264],[-79.944474,40.429084],[-79.946842,40.428474],[-79.947648,40.428601],[-79.949119,40.429124],[-79.949393,40.428886],[-79.949658,40.429191],[-79.949814,40.428581],[-79.950081,40.428062],[-79.950431,40.427598],[-79.951956,40.426016],[-79.952236,40.425429],[-79.952288,40.424898],[-79.952036,40.424917],[-79.951321,40.425258]]]}},{"type":"Feature","properties":{"block_count":95,"land_area_km2":1.1896,"centroid":[-79.933107,40.42395],"bbox":[-79.939835,40.418891,-79.925732,40.429015],"boundary_source":"Dissolved from 2010 Census blocks (BlockCodes2016)","id":"42003151700","name":"Tract 1517.00","geoid":"42003151700","geography":"census_tract_2010"},"geometry":{"type":"Polygon","coordinates":[[[-79.929521,40.419061],[-79.929553,40.419159],[-79.929135,40.41925],[-79.929215,40.419753],[-79.928168,40.419683],[-79.928132,40.419102],[-79.926774,40.418911],[-79.927057,40.419354],[-79.927151,40.419608],[-79.926096,40.419542],[-79.926285,40.423542],[-79.925732,40.425423],[-79.925789,40.425485],[-79.926231,40.425659],[-79.926457,40.425822],[-79.926559,40.425838],[-79.926442,40.426243],[-79.926461,40.426411],[-79.926593,40.426646],[-79.927909,40.427622],[-79.92676,40.428152],[-79.929439,40.428758],[-79.93072,40.428955],[-79.93201,40.429015],[-79.932773,40.428989],[-79.935633,40.428589],[-79.936928,40.428533],[-79.937923,40.428634],[-79.939372,40.428908],[-79.939724,40.429013],[-79.939835,40.418952],[-79.937605,40.419162],[-79.936023,40.419394],[-79.93383,40.419788],[-79.93369,40.419732],[-79.932308,40.419835],[-79.932211,40.418956],[-79.930698,40.419037],[-79.930694,40.418891],[-79.929502,40.419002],[-79.929521,40.419061]]]}},{"type":"Feature","properties":{"block_count":87,"land_area_km2":1.0531,"centroid":[-79.971332,40.420859],"bbox":[-79.982167,40.417129,-79.961288,40.425053],"boundary_source":"Dissolved from 2010 Census blocks (BlockCodes2016)","id":"42003160800","name":"Tract 1608.00","geoid":"42003160800","geography":"census_tract_2010"},"geometry":{"type":"Polygon","coordinates":[[[-79.975976,40.417163],[-79.975685,40.417129],[-79.970902,40.417649],[-79.970376,40.417633],[-79.967064,40.417184],[-79.966441,40.417208],[-79.965105,40.417431],[-79.964039,40.418266],[-79.963596,40.419024],[-79.96304,40.419286],[-79.962724,40.420099],[-79.962568,40.420188],[-79.962728,40.420321],[-79.961618,40.42124],[-79.961429,40.421121],[-79.961288,40.421257],[-79.964961,40.423733],[-79.965974,40.424134],[-79.966739,40.424269],[-79.972102,40.42488],[-79.974962,40.425053],[-79.974983,40.424834],[-79.976112,40.424894],[-79.976171,40.42343],[-79.976432,40.42335],[-79.976802,40.423468],[-79.977552,40.423574],[-79.977704,40.423462],[-79.97779,40.423004],[-79.978372,40.422256],[-79.979361,40.421671],[-79.978945,40.421797],[-79.979456,40.421275],[-79.97951,40.421008],[-79.979845,40.420817],[-79.980213,40.420679],[-79.98082,40.42069],[-79.980741,40.421019],[-79.981121,40.42096],[-79.981158,40.420714],[-79.981943,40.420862],[-79.981936,40.420355],[-79.982167,40.420096],[-79.982164,40.419884],[-79.9817,40.419845],[-79.98067,40.420002],[-79.980696,40.420324],[-79.980304,40.420371],[-79.980284,40.42007],[-79.980115,40.420077],[-79.980186,40.419341],[-79.980057,40.419323],[-79.980158,40.41885],[-79.980464,40.418724],[-79.979869,40.418149],[-79.979689,40.418067],[-79.978869,40.417957],[-79.976754,40.417751],[-79.976582,40.417682],[-79.975976,40.417163]]]}},{"type":"Feature","properties":{"block_count":82,"land_area_km2":1.2508,"centroid":[-79.964303,40.424891],"bbox":[-79.976607,40.410546,-79.952317,40.433853],"boundary_source":"Dissolved from 2010 Census blocks (BlockCodes2016)","id":"42003160900","name":"Tract 1609.00","geoid":"42003160900","geography":"census_tract_2010"},"geometry":{"type":"Polygon","coordinates":[[[-79.973669,40.431511],[-79.973955,40.431558],[-79.974848,40.431962],[-79.975817,40.431756],[-79.975995,40.430469],[-79.976031,40.4303],[-79.976094,40.430253],[-79.976607,40.425126],[-79.972102,40.42488],[-79.966739,40.424269],[-79.965974,40.424134],[-79.964961,40.423733],[-79.959626,40.420142],[-79.958163,40.419221],[-79.957899,40.419006],[-79.957386,40.418443],[-79.956414,40.417],[-79.955901,40.415388],[-79.955754,40.414277],[-79.955836,40.410947],[-79.955252,40.411062],[-79.955098,40.410546],[-79.952955,40.410659],[-79.953093,40.411183],[-79.952317,40.411237],[-79.954573,40.420769],[-79.955973,40.424569],[-79.960296,40.428635],[-79.973406,40.433853],[-79.973365,40.433012],[-79.973774,40.431966],[-79.973454,40.431953],[-79.973669,40.431511]]]}},{"type":"Feature","properties":{"block_count":145,"land_area_km2":1.1148,"centroid":[-79.984967,40.429818],"bbox":[-79.999005,40.425126,-79.973365,40.434369],"boundary_source":"Dissolved from 2010 Census blocks (BlockCodes2016)","id":"42003170200","name":"Tract 1702.00","geoid":"42003170200","geography":"census_tract_2010"},"geometry":{"type":"Polygon","coordinates":[[[-79.97915,40.433811],[-79.989158,40.4323],[-79.990176,40.432209],[-79.996679,40.432912],[-79.999005,40.429537],[-79.997992,40.429215],[-79.997771,40.429031],[-79.994568,40.428289],[-79.992653,40.427793],[-79.991071,40.427323],[-79.988546,40.426477],[-79.988022,40.426215],[-79.986475,40.425774],[-79.982954,40.425491],[-79.976607,40.425126],[-79.976094,40.430253],[-79.976031,40.4303],[-79.975995,40.430469],[-79.975817,40.431756],[-79.974848,40.431962],[-79.973955,40.431558],[-79.973669,40.431511],[-79.973454,40.431953],[-79.973774,40.431966],[-79.973365,40.433012],[-79.973406,40.433853],[-79.975474,40.434369],[-79.97915,40.433811]]]}},{"type":"Feature","properties":{"block_count":74,"land_area_km2":0.8077,"centroid":[-79.984675,40.422746],"bbox":[-79.999268,40.417556,-79.974962,40.429537],"boundary_source":"Dissolved from 2010 Census blocks (BlockCodes2016)","id":"42003170600","name":"Tract 1706.00","geoid":"42003170600","geography":"census_tract_2010"},"geometry":{"type":"Polygon","coordinates":[[[-79.981126,40.420888],[-79.981121,40.42096],[-79.980741,40.421019],[-79.98082,40.42069],[-79.980213,40.420679],[-79.979845,40.420817],[-79.97951,40.421008],[-79.979456,40.421275],[-79.978945,40.421797],[-79.979361,40.421671],[-79.978372,40.422256],[-79.97779,40.423004],[-79.977704,40.423462],[-79.977552,40.423574],[-79.976802,40.423468],[-79.976432,40.42335],[-79.976171,40.42343],[-79.976112,40.424894],[-79.974983,40.424834],[-79.974962,40.425053],[-79.982954,40.425491],[-79.986475,40.425774],[-79.988022,40.426215],[-79.988546,40.426477],[-79.991071,40.427323],[-79.992653,40.427793],[-79.994568,40.428289],[-79.997771,40.429031],[-79.997992,40.429215],[-79.999005,40.429537],[-79.999268,40.429147],[-79.998636,40.428907],[-79.998461,40.428893],[-79.998296,40.429006],[-79.99806,40.428916],[-79.997181,40.428441],[-79.996143,40.427799],[-79.995848,40.427691],[-79.994823,40.427456],[-79.994521,40.427332],[-79.994043,40.427013],[-79.993755,40.426621],[-79.993565,40.4265],[-79.993404,40.426447],[-79.992638,40.426428],[-79.992118,40.426305],[-79.990785,40.425569],[-79.990515,40.425319],[-79.990353,40.425053],[-79.990191,40.424911],[-79.989485,40.424871],[-79.989051,40.424932],[-79.988199,40.424936],[-79.988027,40.424916],[-79.987939,40.424853],[-79.987728,40.424866],[-79.987784,40.424329],[-79.988053,40.423791],[-79.988546,40.42331],[-79.988691,40.422843],[-79.988922,40.422818],[-79.988877,40.422266],[-79.988323,40.422306],[-79.987329,40.422469],[-79.98731,40.42168],[-79.987871,40.421468],[-79.988224,40.42139],[-79.988118,40.419795],[-79.987616,40.419781],[-79.988114,40.419683],[-79.988102,40.419188],[-79.988034,40.418977],[-79.988097,40.418535],[-79.988183,40.41851],[-79.986362,40.417556],[-79.98078,40.417716],[-79.978869,40.417957],[-79.979796,40.418111],[-79.980464,40.418724],[-79.980158,40.41885],[-79.980057,40.419323],[-79.980186,40.419341],[-79.980115,40.420077],[-79.980284,40.42007],[-79.980304,40.420371],[-79.980696,40.420324],[-79.98067,40.420002],[-79.9817,40.419845],[-79.982164,40.419884],[-79.982167,40.420096],[-79.981936,40.420355],[-79.981943,40.420862],[-79.981158,40.420714],[-79.981126,40.420888]]]}},{"type":"Feature","properties":{"block_count":121,"land_area_km2":0.7738,"centroid":[-79.993729,40.422959],"bbox":[-80.003838,40.418261,-79.98731,40.428936],"boundary_source":"Dissolved from 2010 Census blocks (BlockCodes2016)","id":"42003180300","name":"Tract 1803.00","geoid":"42003180300","geography":"census_tract_2010"},"geometry":{"type":"Polygon","coordinates":[[[-79.990609,40.425417],[-79.990785,40.425569],[-79.992118,40.426305],[-79.992638,40.426428],[-79.993404,40.426447],[-79.993565,40.4265],[-79.993755,40.426621],[-79.994043,40.427013],[-79.994521,40.427332],[-79.994823,40.427456],[-79.995848,40.427691],[-79.996414,40.427943],[-79.996786,40.428194],[-79.997076,40.428214],[-79.997548,40.428393],[-79.998034,40.428303],[-79.998436,40.428439],[-79.998936,40.428467],[-79.999483,40.428138],[-79.999602,40.428112],[-79.999775,40.428171],[-80.000333,40.428626],[-80.001428,40.428936],[-80.001629,40.428863],[-80.002058,40.428573],[-80.00265,40.42848],[-80.003242,40.42808],[-80.003838,40.42783],[-80.002072,40.427631],[-80.00073,40.427593],[-79.998974,40.426772],[-79.998652,40.427159],[-79.998438,40.427299],[-79.99825,40.427183],[-79.998449,40.427038],[-79.998218,40.426896],[-79.998029,40.427033],[-79.997829,40.426901],[-79.998018,40.426758],[-79.997798,40.426615],[-79.99762,40.426749],[-79.997446,40.426616],[-79.997599,40.42648],[-79.997766,40.426127],[-79.997548,40.425992],[-79.997527,40.425723],[-79.997281,40.418261],[-79.989629,40.418457],[-79.988449,40.418504],[-79.988348,40.418576],[-79.988187,40.418509],[-79.988097,40.418535],[-79.988034,40.418977],[-79.988102,40.419188],[-79.988114,40.419683],[-79.987616,40.419781],[-79.988118,40.419795],[-79.988224,40.42139],[-79.987871,40.421468],[-79.98731,40.42168],[-79.987329,40.422469],[-79.988323,40.422306],[-79.988877,40.422266],[-79.988922,40.422818],[-79.988691,40.422843],[-79.988546,40.42331],[-79.988053,40.423791],[-79.987784,40.424329],[-79.987728,40.424866],[-79.987939,40.424853],[-79.988027,40.424916],[-79.988199,40.424936],[-79.989051,40.424932],[-79.989485,40.424871],[-79.990191,40.424911],[-79.990353,40.425053],[-79.990609,40.425417]]]}},{"type":"Feature","properties":{"block_count":51,"land_area_km2":0.3929,"centroid":[-80.001296,40.424649],"bbox":[-80.005315,40.421441,-79.997401,40.42783],"boundary_source":"Dissolved from 2010 Census blocks (BlockCodes2016)","id":"42003180700","name":"Tract 1807.00","geoid":"42003180700","geography":"census_tract_2010"},"geometry":{"type":"Polygon","coordinates":[[[-80.002467,40.421774],[-79.998462,40.421724],[-79.998253,40.421441],[-79.997401,40.421648],[-79.997543,40.425938],[-79.997548,40.425992],[-79.997766,40.426127],[-79.997599,40.42648],[-79.997446,40.426616],[-79.99762,40.426749],[-79.997798,40.426615],[-79.998018,40.426758],[-79.997829,40.426901],[-79.998029,40.427033],[-79.998218,40.426896],[-79.998449,40.427038],[-79.99825,40.427183],[-79.998438,40.427299],[-79.998652,40.427159],[-79.998974,40.426772],[-80.00073,40.427593],[-80.002072,40.427631],[-80.003838,40.42783],[-80.005315,40.427165],[-80.005103,40.427134],[-80.00517,40.427016],[-80.004945,40.422199],[-80.002745,40.422266],[-80.002514,40.422222],[-80.002467,40.421774]]]}},{"type":"Feature","properties":{"block_count":63,"land_area_km2":0.8363,"centroid":[-80.014593,40.432974],"bbox":[-80.020839,40.425825,-80.00271,40.439736],"boundary_source":"Dissolved from 2010 Census blocks (BlockCodes2016)","id":"42003190300","name":"Tract 1903.00","geoid":"42003190300","geography":"census_tract_2010"},"geometry":{"type":"Polygon","coordinates":[[[-80.011397,40.436247],[-80.013615,40.437614],[-80.013734,40.437553],[-80.013678,40.437662],[-80.013941,40.437769],[-80.016477,40.43922],[-80.017728,40.439736],[-80.018925,40.438141],[-80.018226,40.437776],[-80.018583,40.437365],[-80.018826,40.43637],[-80.018287,40.436286],[-80.019019,40.435397],[-80.019173,40.434982],[-80.017975,40.434803],[-80.019454,40.430035],[-80.018627,40.429881],[-80.018737,40.429274],[-80.019168,40.428865],[-80.019401,40.428871],[-80.019963,40.428003],[-80.020256,40.427809],[-80.020839,40.426302],[-80.019988,40.425916],[-80.01989,40.425825],[-80.019058,40.426001],[-80.018175,40.426311],[-80.017408,40.426762],[-80.017029,40.427081],[-80.015082,40.429125],[-80.013613,40.43027],[-80.012763,40.430523],[-80.010716,40.430895],[-80.010421,40.431189],[-80.010575,40.431269],[-80.010495,40.431358],[-80.01047,40.431574],[-80.009903,40.43334],[-80.008944,40.432785],[-80.005939,40.431186],[-80.005922,40.43115],[-80.006472,40.430514],[-80.005843,40.430747],[-80.005571,40.430751],[-80.005344,40.430695],[-80.004097,40.430116],[-80.003159,40.430271],[-80.002896,40.43037],[-80.002756,40.430481],[-80.00271,40.430533],[-80.003101,40.430711],[-80.00561,40.431716],[-80.005178,40.432184],[-80.006076,40.432612],[-80.008421,40.434034],[-80.011397,40.436247]]]}},{"type":"Feature","properties":{"block_count":121,"land_area_km2":1.6044,"centroid":[-80.024761,40.435391],"bbox":[-80.032997,40.425233,-80.017728,40.443623],"boundary_source":"Dissolved from 2010 Census blocks (BlockCodes2016)","id":"42003191100","name":"Tract 1911.00","geoid":"42003191100","geography":"census_tract_2010"},"geometry":{"type":"Polygon","coordinates":[[[-80.020839,40.426302],[-80.020256,40.427809],[-80.019963,40.428003],[-80.019401,40.428871],[-80.019168,40.428865],[-80.018737,40.429274],[-80.018627,40.429881],[-80.019454,40.430035],[-80.017975,40.434803],[-80.019173,40.434982],[-80.019019,40.435397],[-80.018287,40.436286],[-80.018826,40.43637],[-80.018583,40.437365],[-80.018226,40.437776],[-80.018925,40.438141],[-80.017728,40.439736],[-80.019507,40.440361],[-80.021226,40.441075],[-80.027954,40.443623],[-80.02907,40.44326],[-80.029409,40.442965],[-80.030191,40.442066],[-80.030493,40.441818],[-80.032456,40.43982],[-80.032763,40.439268],[-80.032874,40.4388],[-80.032997,40.436797],[-80.032803,40.436153],[-80.032482,40.435701],[-80.032035,40.435315],[-80.029531,40.43387],[-80.028581,40.433379],[-80.028111,40.432957],[-80.027163,40.431777],[-80.026688,40.431307],[-80.026296,40.43101],[-80.028034,40.430076],[-80.027765,40.429912],[-80.027238,40.429461],[-80.024518,40.426479],[-80.024195,40.426285],[-80.021444,40.425473],[-80.021096,40.425233],[-80.020967,40.425528],[-80.021081,40.425732],[-80.019756,40.425701],[-80.019163,40.425978],[-80.01989,40.425825],[-80.019988,40.425916],[-80.020839,40.426302]]]}},{"type":"Feature","properties":{"block_count":78,"land_area_km2":0.9453,"centroid":[-80.011101,40.427302],"bbox":[-80.021478,40.421965,-79.996786,40.43334],"boundary_source":"Dissolved from 2010 Census blocks (BlockCodes2016)","id":"42003191400","name":"Tract 1914.00","geoid":"42003191400","geography":"census_tract_2010"},"geometry":{"type":"Polygon","coordinates":[[[-80.008049,40.432302],[-80.009903,40.43334],[-80.01047,40.431574],[-80.010495,40.431358],[-80.010575,40.431269],[-80.010421,40.431189],[-80.010716,40.430895],[-80.012763,40.430523],[-80.013613,40.43027],[-80.015082,40.429125],[-80.017029,40.427081],[-80.017408,40.426762],[-80.018175,40.426311],[-80.019163,40.425978],[-80.019756,40.425701],[-80.021081,40.425732],[-80.021024,40.42569],[-80.020974,40.425456],[-80.021442,40.424599],[-80.021478,40.423996],[-80.021428,40.423667],[-80.021335,40.42349],[-80.021205,40.423417],[-80.021033,40.423429],[-80.019063,40.42416],[-80.018603,40.424224],[-80.01721,40.422955],[-80.016307,40.421965],[-80.014875,40.422669],[-80.013832,40.422477],[-80.012341,40.422445],[-80.011679,40.423053],[-80.01062,40.424273],[-80.010268,40.42457],[-80.009118,40.42426],[-80.008248,40.42563],[-80.007807,40.426201],[-80.006788,40.426705],[-80.005611,40.42701],[-80.005613,40.42705],[-80.003242,40.42808],[-80.00265,40.42848],[-80.002002,40.428597],[-80.001531,40.428919],[-80.001344,40.428927],[-80.000333,40.428626],[-79.999664,40.428121],[-79.999483,40.428138],[-79.998936,40.428467],[-79.998436,40.428439],[-79.998034,40.428303],[-79.997548,40.428393],[-79.997076,40.428214],[-79.996786,40.428194],[-79.99806,40.428916],[-79.998296,40.429006],[-79.998461,40.428893],[-79.99878,40.428955],[-80.00096,40.429757],[-80.00271,40.430533],[-80.003047,40.430302],[-80.004097,40.430116],[-80.005344,40.430695],[-80.005571,40.430751],[-80.005843,40.430747],[-80.006472,40.430514],[-80.005922,40.43117],[-80.008049,40.432302]]]}},{"type":"Feature","properties":{"block_count":74,"land_area_km2":0.8092,"centroid":[-80.010809,40.420485],"bbox":[-80.019594,40.413066,-80.002368,40.427165],"boundary_source":"Dissolved from 2010 Census blocks (BlockCodes2016)","id":"42003191500","name":"Tract 1915.00","geoid":"42003191500","geography":"census_tract_2010"},"geometry":{"type":"Polygon","coordinates":[[[-80.016382,40.422055],[-80.01721,40.422955],[-80.018603,40.424224],[-80.018862,40.424212],[-80.019594,40.423984],[-80.017782,40.422349],[-80.016635,40.421156],[-80.016259,40.420586],[-80.016114,40.419916],[-80.016238,40.418815],[-80.016142,40.418053],[-80.015679,40.416963],[-80.015275,40.415607],[-80.015147,40.415335],[-80.015003,40.415166],[-80.014523,40.414737],[-80.013802,40.414362],[-80.011045,40.413569],[-80.010056,40.413066],[-80.009421,40.414352],[-80.010429,40.414729],[-80.010792,40.415043],[-80.010913,40.41544],[-80.011022,40.415571],[-80.011097,40.415578],[-80.011028,40.415925],[-80.011229,40.417086],[-80.01072,40.417632],[-80.010736,40.417748],[-80.010677,40.417843],[-80.009868,40.418347],[-80.009339,40.418949],[-80.008549,40.419618],[-80.008391,40.419732],[-80.007761,40.419963],[-80.007677,40.420088],[-80.006389,40.420533],[-80.00606,40.420601],[-80.005136,40.420756],[-80.002486,40.421029],[-80.002368,40.421097],[-80.002514,40.422222],[-80.002745,40.422266],[-80.004945,40.422199],[-80.00517,40.427016],[-80.005103,40.427134],[-80.005315,40.427165],[-80.005613,40.42705],[-80.005611,40.42701],[-80.006788,40.426705],[-80.007807,40.426201],[-80.008248,40.42563],[-80.009118,40.42426],[-80.010268,40.42457],[-80.01062,40.424273],[-80.011679,40.423053],[-80.012341,40.422445],[-80.013832,40.422477],[-80.014875,40.422669],[-80.016307,40.421965],[-80.016382,40.422055]]]}},{"type":"Feature","properties":{"block_count":93,"land_area_km2":2.4288,"centroid":[-80.023225,40.417299],"bbox":[-80.032008,40.407116,-80.009789,40.430076],"boundary_source":"Dissolved from 2010 Census blocks (BlockCodes2016)","id":"42003191600","name":"Tract 1916.00","geoid":"42003191600","geography":"census_tract_2010"},"geometry":{"type":"Polygon","coordinates":[[[-80.014321,40.414615],[-80.014764,40.414925],[-80.015147,40.415335],[-80.015433,40.416037],[-80.015679,40.416963],[-80.016142,40.418053],[-80.016238,40.418815],[-80.016114,40.419916],[-80.016195,40.42039],[-80.016397,40.42085],[-80.016635,40.421156],[-80.017782,40.422349],[-80.019594,40.423984],[-80.021033,40.423429],[-80.021205,40.423417],[-80.021335,40.42349],[-80.021428,40.423667],[-80.021478,40.423996],[-80.021442,40.424599],[-80.021096,40.425233],[-80.021444,40.425473],[-80.024195,40.426285],[-80.024518,40.426479],[-80.027238,40.429461],[-80.027765,40.429912],[-80.028034,40.430076],[-80.028838,40.429629],[-80.029697,40.428926],[-80.030109,40.428464],[-80.030484,40.427897],[-80.030893,40.426965],[-80.030988,40.426371],[-80.031002,40.425851],[-80.03086,40.424882],[-80.030587,40.424742],[-80.030207,40.424398],[-80.030059,40.424192],[-80.029733,40.423117],[-80.029633,40.42243],[-80.029944,40.415899],[-80.030076,40.414759],[-80.030199,40.414289],[-80.031239,40.411099],[-80.031622,40.41013],[-80.032008,40.409376],[-80.031853,40.409399],[-80.031566,40.40932],[-80.031215,40.409434],[-80.030803,40.409352],[-80.02859,40.408561],[-80.027338,40.408575],[-80.02729,40.407674],[-80.026979,40.407116],[-80.025669,40.40778],[-80.025342,40.407989],[-80.024931,40.40842],[-80.02477,40.408702],[-80.024626,40.409343],[-80.024673,40.410568],[-80.021844,40.410663],[-80.0197,40.409185],[-80.01778,40.408449],[-80.015815,40.410228],[-80.015325,40.410549],[-80.012851,40.41117],[-80.011801,40.411541],[-80.011489,40.41168],[-80.010564,40.412304],[-80.010261,40.412632],[-80.010145,40.412855],[-80.009789,40.412868],[-80.010078,40.413013],[-80.010056,40.413066],[-80.011045,40.413569],[-80.013802,40.414362],[-80.014321,40.414615]]]}},{"type":"Feature","properties":{"block_count":51,"land_area_km2":1.8632,"centroid":[-80.012436,40.403797],"bbox":[-80.023814,40.392661,-80.00161,40.412865],"boundary_source":"Dissolved from 2010 Census blocks (BlockCodes2016)","id":"42003191700","name":"Tract 1917.00","geoid":"42003191700","geography":"census_tract_2010"},"geometry":{"type":"Polygon","coordinates":[[[-80.009319,40.412612],[-80.009504,40.412865],[-80.010145,40.412855],[-80.010261,40.412632],[-80.010557,40.41231],[-80.011489,40.41168],[-80.012851,40.41117],[-80.015247,40.410578],[-80.015815,40.410228],[-80.01778,40.408449],[-80.01793,40.408199],[-80.018214,40.407553],[-80.018527,40.406254],[-80.019034,40.404658],[-80.019178,40.404308],[-80.019353,40.404048],[-80.019685,40.403707],[-80.022171,40.40174],[-80.023814,40.400124],[-80.023032,40.400065],[-80.020274,40.400031],[-80.020744,40.399538],[-80.021173,40.399211],[-80.0187,40.397411],[-80.017966,40.398],[-80.016062,40.396623],[-80.014697,40.396306],[-80.016385,40.392661],[-80.015823,40.392683],[-80.015161,40.392853],[-80.01502,40.392952],[-80.014662,40.393814],[-80.014104,40.395848],[-80.013884,40.396198],[-80.013504,40.39661],[-80.01155,40.397622],[-80.009271,40.399294],[-80.008783,40.399525],[-80.007663,40.399723],[-80.007499,40.399787],[-80.006897,40.400222],[-80.006472,40.400427],[-80.004615,40.400858],[-80.001918,40.401859],[-80.00161,40.401913],[-80.002291,40.40356],[-80.002656,40.404134],[-80.003262,40.404642],[-80.00517,40.406017],[-80.005572,40.406496],[-80.005767,40.407095],[-80.005626,40.408256],[-80.005655,40.408718],[-80.005984,40.409278],[-80.006318,40.409539],[-80.007279,40.410057],[-80.007815,40.410655],[-80.00823,40.411637],[-80.008405,40.411593],[-80.008483,40.411771],[-80.008887,40.412308],[-80.009319,40.412612]]]}},{"type":"Feature","properties":{"block_count":123,"land_area_km2":1.4533,"centroid":[-80.016336,40.388926],"bbox":[-80.030767,40.380442,-80.006004,40.39623],"boundary_source":"Dissolved from 2010 Census blocks (BlockCodes2016)","id":"42003191800","name":"Tract 1918.00","geoid":"42003191800","geography":"census_tract_2010"},"geometry":{"type":"Polygon","coordinates":[[[-80.013137,40.392156],[-80.014276,40.392111],[-80.015845,40.39179],[-80.016333,40.391768],[-80.017103,40.391883],[-80.017738,40.392116],[-80.023175,40.396001],[-80.023461,40.396176],[-80.023662,40.39623],[-80.024093,40.3955],[-80.024575,40.395131],[-80.025859,40.394411],[-80.026634,40.394222],[-80.027164,40.394189],[-80.027949,40.39432],[-80.030353,40.395277],[-80.030698,40.395351],[-80.030767,40.395007],[-80.028678,40.391263],[-80.027827,40.391598],[-80.018907,40.386816],[-80.018159,40.38645],[-80.017108,40.386314],[-80.016418,40.385129],[-80.014913,40.38607],[-80.013819,40.386562],[-80.013567,40.38609],[-80.01361,40.385706],[-80.014158,40.385765],[-80.01339,40.383481],[-80.012492,40.383399],[-80.012577,40.383067],[-80.012316,40.383029],[-80.01233,40.382974],[-80.013174,40.382835],[-80.012579,40.380889],[-80.010382,40.380442],[-80.010028,40.380921],[-80.009027,40.381016],[-80.008948,40.381137],[-80.008842,40.381138],[-80.008267,40.380892],[-80.008135,40.380874],[-80.007884,40.380959],[-80.007685,40.38113],[-80.007356,40.380898],[-80.007158,40.381531],[-80.007405,40.382129],[-80.007676,40.383012],[-80.006326,40.383472],[-80.006426,40.383456],[-80.006448,40.383503],[-80.006214,40.3836],[-80.006004,40.383814],[-80.006016,40.383976],[-80.006449,40.384674],[-80.006651,40.384783],[-80.006802,40.384945],[-80.006989,40.385481],[-80.006844,40.38577],[-80.007685,40.387224],[-80.007446,40.387519],[-80.007767,40.388234],[-80.007167,40.388372],[-80.007006,40.388471],[-80.007324,40.388696],[-80.008194,40.389907],[-80.008493,40.39012],[-80.009803,40.390839],[-80.009175,40.391069],[-80.008721,40.392161],[-80.00878,40.392384],[-80.013137,40.392156]]]}},{"type":"Feature","properties":{"block_count":55,"land_area_km2":0.6087,"centroid":[-80.022166,40.39621],"bbox":[-80.031144,40.391768,-80.014697,40.400124],"boundary_source":"Dissolved from 2010 Census blocks (BlockCodes2016)","id":"42003191900","name":"Tract 1919.00","geoid":"42003191900","geography":"census_tract_2010"},"geometry":{"type":"Polygon","coordinates":[[[-80.017966,40.398],[-80.0187,40.397411],[-80.021173,40.399211],[-80.020744,40.399538],[-80.020274,40.400031],[-80.023032,40.400065],[-80.023814,40.400124],[-80.02626,40.398282],[-80.026731,40.398158],[-80.03034,40.396862],[-80.031144,40.396613],[-80.030718,40.395355],[-80.030353,40.395277],[-80.028183,40.394395],[-80.027654,40.394251],[-80.027164,40.394189],[-80.026355,40.394269],[-80.025859,40.394411],[-80.025574,40.394541],[-80.024575,40.395131],[-80.024093,40.3955],[-80.023662,40.39623],[-80.023461,40.396176],[-80.017738,40.392116],[-80.017103,40.391883],[-80.016333,40.391768],[-80.015959,40.391774],[-80.015267,40.391899],[-80.01512,40.392683],[-80.01502,40.392952],[-80.015161,40.392853],[-80.015823,40.392683],[-80.016385,40.392661],[-80.014697,40.396306],[-80.016062,40.396623],[-80.017966,40.398]]]}},{"type":"Feature","properties":{"block_count":71,"land_area_km2":1.3628,"centroid":[-80.027049,40.404433],"bbox":[-80.036697,40.397205,-80.01778,40.410663],"boundary_source":"Dissolved from 2010 Census blocks (BlockCodes2016)","id":"42003192000","name":"Tract 1920.00","geoid":"42003192000","geography":"census_tract_2010"},"geometry":{"type":"Polygon","coordinates":[[[-80.023726,40.410601],[-80.024673,40.410568],[-80.024626,40.409343],[-80.02477,40.408702],[-80.024931,40.40842],[-80.025342,40.407989],[-80.025669,40.40778],[-80.026979,40.407116],[-80.02729,40.407674],[-80.027338,40.408575],[-80.02859,40.408561],[-80.030803,40.409352],[-80.031215,40.409434],[-80.031566,40.40932],[-80.031853,40.409399],[-80.032008,40.409376],[-80.032566,40.408402],[-80.033109,40.407713],[-80.033369,40.407494],[-80.034237,40.407007],[-80.034026,40.406726],[-80.033775,40.406172],[-80.034398,40.405949],[-80.03505,40.405849],[-80.035217,40.405719],[-80.035513,40.405235],[-80.036293,40.405286],[-80.036343,40.404261],[-80.035471,40.404286],[-80.035442,40.404038],[-80.035622,40.401698],[-80.036697,40.400785],[-80.032666,40.401535],[-80.032482,40.401729],[-80.032244,40.401355],[-80.031468,40.400397],[-80.031757,40.400089],[-80.02939,40.397205],[-80.026163,40.398335],[-80.02369,40.400229],[-80.022171,40.40174],[-80.019685,40.403707],[-80.019353,40.404048],[-80.019178,40.404308],[-80.018527,40.406254],[-80.018146,40.407756],[-80.01778,40.408449],[-80.0197,40.409185],[-80.021844,40.410663],[-80.023726,40.410601]]]}},{"type":"Feature","properties":{"block_count":94,"land_area_km2":0.8818,"centroid":[-80.063624,40.454056],"bbox":[-80.072157,40.448545,-80.054523,40.460685],"boundary_source":"Dissolved from 2010 Census blocks (BlockCodes2016)","id":"42003202200","name":"Tract 2022.00","geoid":"42003202200","geography":"census_tract_2010"},"geometry":{"type":"Polygon","coordinates":[[[-80.060245,40.450477],[-80.059996,40.450657],[-80.05981,40.450729],[-80.055247,40.452109],[-80.055173,40.452465],[-80.055103,40.452536],[-80.054523,40.452605],[-80.054579,40.453285],[-80.055744,40.453853],[-80.05838,40.454294],[-80.05826,40.454707],[-80.059557,40.454932],[-80.059341,40.455613],[-80.059638,40.455366],[-80.060258,40.45595],[-80.061101,40.455433],[-80.06141,40.455718],[-80.062073,40.456351],[-80.061307,40.456832],[-80.061071,40.457037],[-80.06162,40.45757],[-80.061892,40.457943],[-80.06193,40.45833],[-80.062091,40.458275],[-80.062165,40.458348],[-80.062077,40.458689],[-80.062326,40.459465],[-80.062547,40.45958],[-80.062761,40.460001],[-80.062591,40.460452],[-80.062461,40.460435],[-80.06249,40.460685],[-80.064333,40.460665],[-80.06439,40.460158],[-80.064177,40.459647],[-80.064322,40.459493],[-80.064754,40.459364],[-80.064841,40.459231],[-80.064814,40.459107],[-80.065675,40.459358],[-80.065712,40.459839],[-80.066957,40.459864],[-80.067455,40.457899],[-80.067217,40.457757],[-80.066901,40.457342],[-80.067343,40.457156],[-80.067391,40.457199],[-80.067468,40.457173],[-80.067125,40.456833],[-80.067114,40.455997],[-80.068722,40.455222],[-80.070002,40.454472],[-80.070189,40.454284],[-80.072157,40.453276],[-80.069439,40.451569],[-80.066203,40.450618],[-80.065701,40.450409],[-80.064565,40.449735],[-80.06284,40.448545],[-80.060245,40.450477]]]}},{"type":"Feature","properties":{"block_count":51,"land_area_km2":2.5212,"centroid":[-80.039334,40.410279],"bbox":[-80.051202,40.399041,-80.029633,40.424882],"boundary_source":"Dissolved from 2010 Census blocks (BlockCodes2016)","id":"42003202300","name":"Tract 2023.00","geoid":"42003202300","geography":"census_tract_2010"},"geometry":{"type":"Polygon","coordinates":[[[-80.034237,40.407007],[-80.033369,40.407494],[-80.032917,40.407921],[-80.032559,40.408413],[-80.031923,40.409528],[-80.031622,40.41013],[-80.031239,40.411099],[-80.030076,40.414759],[-80.029944,40.415899],[-80.029633,40.42243],[-80.029733,40.423117],[-80.030059,40.424192],[-80.030207,40.424398],[-80.030587,40.424742],[-80.03086,40.424882],[-80.030547,40.423404],[-80.030509,40.423003],[-80.03054,40.422735],[-80.030761,40.422107],[-80.030904,40.421811],[-80.031336,40.42126],[-80.031872,40.420788],[-80.032535,40.420423],[-80.032942,40.420269],[-80.033636,40.420101],[-80.03397,40.42005],[-80.034669,40.420029],[-80.035944,40.420129],[-80.037855,40.42042],[-80.039647,40.420621],[-80.049854,40.404127],[-80.049862,40.404018],[-80.050226,40.403525],[-80.051202,40.401943],[-80.045051,40.399041],[-80.041827,40.399397],[-80.042078,40.399746],[-80.039764,40.401319],[-80.036416,40.404277],[-80.036343,40.404261],[-80.036293,40.405286],[-80.035513,40.405235],[-80.035217,40.405719],[-80.03505,40.405849],[-80.034398,40.405949],[-80.033775,40.406172],[-80.034026,40.406726],[-80.034237,40.407007]]]}},{"type":"Feature","properties":{"block_count":83,"land_area_km2":0.7231,"centroid":[-80.025047,40.455499],"bbox":[-80.03138,40.450393,-80.018897,40.462101],"boundary_source":"Dissolved from 2010 Census blocks (BlockCodes2016)","id":"42003210700","name":"Tract 2107.00","geoid":"42003210700","geography":"census_tract_2010"},"geometry":{"type":"Polygon","coordinates":[[[-80.0192,40.452405],[-80.020593,40.456684],[-80.023456,40.458159],[-80.023541,40.458681],[-80.023443,40.458804],[-80.024623,40.45962],[-80.024959,40.459788],[-80.027203,40.460556],[-80.029391,40.461403],[-80.030352,40.461819],[-80.030692,40.462004],[-80.030734,40.462101],[-80.030829,40.462078],[-80.031312,40.461741],[-80.03138,40.461559],[-80.030635,40.460983],[-80.030582,40.460885],[-80.029453,40.457344],[-80.029146,40.456926],[-80.029305,40.456898],[-80.029016,40.455974],[-80.027593,40.451662],[-80.027283,40.450976],[-80.026802,40.451056],[-80.026642,40.450565],[-80.02527,40.450815],[-80.025127,40.450393],[-80.024157,40.450531],[-80.018897,40.451518],[-80.0192,40.452405]]]}},{"type":"Feature","properties":{"block_count":66,"land_area_km2":0.4289,"centroid":[-80.010426,40.456063],"bbox":[-80.020109,40.453102,-80.001567,40.459073],"boundary_source":"Dissolved from 2010 Census blocks (BlockCodes2016)","id":"42003220600","name":"Tract 2206.00","geoid":"42003220600","geography":"census_tract_2010"},"geometry":{"type":"Polygon","coordinates":[[[-80.009593,40.454901],[-80.001567,40.456413],[-80.002123,40.458133],[-80.002238,40.458682],[-80.002958,40.458548],[-80.004649,40.458756],[-80.005534,40.458972],[-80.00684,40.459073],[-80.007257,40.458982],[-80.00717,40.458724],[-80.007665,40.458631],[-80.007355,40.457675],[-80.009261,40.457321],[-80.00942,40.45734],[-80.011056,40.457056],[-80.015391,40.456234],[-80.015348,40.456096],[-80.016165,40.455944],[-80.016511,40.455883],[-80.017475,40.455869],[-80.017775,40.455769],[-80.018075,40.455769],[-80.018251,40.455555],[-80.020109,40.4552],[-80.019429,40.453102],[-80.009593,40.454901]]]}},{"type":"Feature","properties":{"block_count":80,"land_area_km2":1.2254,"centroid":[-79.982651,40.46227],"bbox":[-79.994669,40.451588,-79.970767,40.47161],"boundary_source":"Dissolved from 2010 Census blocks (BlockCodes2016)","id":"42003240600","name":"Tract 2406.00","geoid":"42003240600","geography":"census_tract_2010"},"geometry":{"type":"Polygon","coordinates":[[[-79.993012,40.453459],[-79.990791,40.451588],[-79.980621,40.45904],[-79.979634,40.460081],[-79.976016,40.463091],[-79.97156,40.468988],[-79.970767,40.470658],[-79.971745,40.47047],[-79.972852,40.470341],[-79.973398,40.470087],[-79.974109,40.469563],[-79.974678,40.469436],[-79.977261,40.470884],[-79.978792,40.47161],[-79.978857,40.471487],[-79.979695,40.470771],[-79.981146,40.469894],[-79.981813,40.469343],[-79.983019,40.467312],[-79.98296,40.467263],[-79.983849,40.466338],[-79.984457,40.46605],[-79.985286,40.466127],[-79.985607,40.465395],[-79.985971,40.464036],[-79.985726,40.463906],[-79.986991,40.461768],[-79.987478,40.460635],[-79.987365,40.460216],[-79.987695,40.45994],[-79.988133,40.459688],[-79.990135,40.459365],[-79.992204,40.458793],[-79.992392,40.458776],[-79.992599,40.458586],[-79.992623,40.458335],[-79.992562,40.45799],[-79.992892,40.457448],[-79.991304,40.456734],[-79.993099,40.455788],[-79.994669,40.455404],[-79.994504,40.454919],[-79.994293,40.454935],[-79.993606,40.455248],[-79.992928,40.455228],[-79.992281,40.454771],[-79.993442,40.453819],[-79.993012,40.453459]]]}},{"type":"Feature","properties":{"block_count":38,"land_area_km2":0.6823,"centroid":[-79.989213,40.468562],"bbox":[-79.995477,40.457448,-79.983868,40.47742],"boundary_source":"Dissolved from 2010 Census blocks (BlockCodes2016)","id":"42003241200","name":"Tract 2412.00","geoid":"42003241200","geography":"census_tract_2010"},"geometry":{"type":"Polygon","coordinates":[[[-79.994687,40.459643],[-79.995435,40.458331],[-79.995477,40.458101],[-79.994705,40.458212],[-79.99427,40.458045],[-79.994089,40.458274],[-79.994082,40.457965],[-79.992892,40.457448],[-79.992562,40.45799],[-79.992623,40.458335],[-79.992599,40.458586],[-79.992392,40.458776],[-79.992204,40.458793],[-79.990135,40.459365],[-79.988133,40.459688],[-79.987695,40.45994],[-79.987365,40.460216],[-79.987478,40.460635],[-79.986991,40.461768],[-79.985726,40.463906],[-79.985971,40.464036],[-79.985607,40.465395],[-79.985286,40.466127],[-79.984457,40.46605],[-79.983868,40.466322],[-79.985881,40.471901],[-79.987097,40.474687],[-79.988092,40.476763],[-79.988455,40.476913],[-79.988931,40.47704],[-79.992797,40.477393],[-79.993328,40.47742],[-79.995022,40.47736],[-79.993414,40.476661],[-79.993286,40.474592],[-79.992274,40.473556],[-79.991456,40.473601],[-79.990812,40.47265],[-79.990709,40.472358],[-79.990512,40.472051],[-79.990054,40.471541],[-79.989844,40.471087],[-79.989688,40.470895],[-79.989265,40.470867],[-79.988713,40.470685],[-79.988337,40.47043],[-79.987973,40.470023],[-79.987834,40.469503],[-79.987736,40.468594],[-79.987056,40.467766],[-79.986664,40.46633],[-79.986913,40.464319],[-79.98704,40.463835],[-79.987304,40.463693],[-79.988339,40.462102],[-79.988984,40.462488],[-79.989009,40.462459],[-79.988841,40.462249],[-79.991257,40.461469],[-79.991619,40.46147],[-79.992177,40.461114],[-79.992302,40.461727],[-79.993186,40.461223],[-79.994067,40.460415],[-79.994687,40.459643]]]}},{"type":"Feature","properties":{"block_count":46,"land_area_km2":0.2437,"centroid":[-80.012012,40.458492],"bbox":[-80.01642,40.456234,-80.00717,40.461217],"boundary_source":"Dissolved from 2010 Census blocks (BlockCodes2016)","id":"42003250300","name":"Tract 2503.00","geoid":"42003250300","geography":"census_tract_2010"},"geometry":{"type":"Polygon","coordinates":[[[-80.007665,40.458631],[-80.00717,40.458724],[-80.007257,40.458982],[-80.007764,40.458855],[-80.007944,40.459128],[-80.008271,40.45931],[-80.00845,40.459494],[-80.008553,40.459892],[-80.008736,40.461217],[-80.009072,40.461141],[-80.009969,40.460037],[-80.010202,40.459896],[-80.012172,40.460072],[-80.012892,40.460258],[-80.012951,40.460208],[-80.015449,40.459736],[-80.015359,40.459466],[-80.01642,40.459273],[-80.015391,40.456234],[-80.011056,40.457056],[-80.00942,40.45734],[-80.009261,40.457321],[-80.007355,40.457675],[-80.007665,40.458631]]]}},{"type":"Feature","properties":{"block_count":60,"land_area_km2":0.5603,"centroid":[-80.021868,40.459946],"bbox":[-80.030734,40.4552,-80.015348,40.463783],"boundary_source":"Dissolved from 2010 Census blocks (BlockCodes2016)","id":"42003250700","name":"Tract 2507.00","geoid":"42003250700","geography":"census_tract_2010"},"geometry":{"type":"Polygon","coordinates":[[[-80.020593,40.456684],[-80.020109,40.4552],[-80.018251,40.455555],[-80.018075,40.455769],[-80.017775,40.455769],[-80.017475,40.455869],[-80.016511,40.455883],[-80.015348,40.456096],[-80.016394,40.459252],[-80.018347,40.46043],[-80.018796,40.461268],[-80.019244,40.461882],[-80.019624,40.462261],[-80.020834,40.463127],[-80.021049,40.463194],[-80.021586,40.463253],[-80.022035,40.46338],[-80.022707,40.463783],[-80.026809,40.462995],[-80.026793,40.462939],[-80.027598,40.462848],[-80.028757,40.462634],[-80.029053,40.462868],[-80.029106,40.462832],[-80.029415,40.463079],[-80.029575,40.462963],[-80.029876,40.462869],[-80.029896,40.462722],[-80.030734,40.462101],[-80.030692,40.462004],[-80.030352,40.461819],[-80.029391,40.461403],[-80.027203,40.460556],[-80.025307,40.459927],[-80.024623,40.45962],[-80.023443,40.458804],[-80.023541,40.458681],[-80.023456,40.458159],[-80.020593,40.456684]]]}},{"type":"Feature","properties":{"block_count":71,"land_area_km2":0.6436,"centroid":[-80.004276,40.462816],"bbox":[-80.010043,40.458548,-79.99973,40.468444],"boundary_source":"Dissolved from 2010 Census blocks (BlockCodes2016)","id":"42003250900","name":"Tract 2509.00","geoid":"42003250900","geography":"census_tract_2010"},"geometry":{"type":"Polygon","coordinates":[[[-80.003842,40.465727],[-80.005088,40.465426],[-80.005316,40.465292],[-80.005603,40.465015],[-80.005848,40.465502],[-80.00582,40.465585],[-80.005889,40.465876],[-80.010043,40.4651],[-80.009534,40.463442],[-80.008835,40.462328],[-80.008795,40.462187],[-80.008675,40.46066],[-80.008496,40.459599],[-80.008331,40.459355],[-80.007944,40.459128],[-80.007764,40.458855],[-80.00684,40.459073],[-80.005534,40.458972],[-80.004649,40.458756],[-80.002958,40.458548],[-80.000828,40.458954],[-80.000976,40.45942],[-80.00005,40.459961],[-80.000044,40.459771],[-79.99973,40.459878],[-79.99981,40.46275],[-79.999922,40.464394],[-80.000032,40.464994],[-80.000275,40.465661],[-80.000577,40.466205],[-80.002209,40.468444],[-80.002505,40.467914],[-80.003503,40.467532],[-80.004502,40.467387],[-80.005498,40.46731],[-80.005918,40.467374],[-80.005778,40.467135],[-80.003733,40.466304],[-80.003618,40.466143],[-80.00361,40.465971],[-80.003842,40.465727]]]}},{"type":"Feature","properties":{"block_count":70,"land_area_km2":1.4309,"centroid":[-80.018364,40.49141],"bbox":[-80.027794,40.482337,-80.007697,40.497709],"boundary_source":"Dissolved from 2010 Census blocks (BlockCodes2016)","id":"42003260200","name":"Tract 2602.00","geoid":"42003260200","geography":"census_tract_2010"},"geometry":{"type":"Polygon","coordinates":[[[-80.019214,40.490002],[-80.019953,40.489542],[-80.019826,40.489381],[-80.020324,40.488292],[-80.020153,40.487715],[-80.020243,40.487676],[-80.020237,40.487615],[-80.018875,40.486726],[-80.017583,40.486723],[-80.017517,40.486799],[-80.01704,40.486819],[-80.016825,40.486069],[-80.016444,40.486092],[-80.01708,40.485],[-80.017657,40.483586],[-80.017997,40.483189],[-80.018137,40.482689],[-80.017996,40.482661],[-80.017757,40.482337],[-80.014441,40.483864],[-80.014475,40.483912],[-80.013934,40.4843],[-80.01466,40.484354],[-80.014986,40.484459],[-80.015269,40.484605],[-80.015472,40.484796],[-80.015739,40.485338],[-80.016233,40.486781],[-80.016293,40.487053],[-80.016274,40.487832],[-80.016416,40.488018],[-80.018206,40.489236],[-80.018348,40.489509],[-80.014872,40.488039],[-80.011595,40.487774],[-80.011259,40.487727],[-80.010925,40.487597],[-80.01074,40.487457],[-80.009745,40.486341],[-80.009186,40.483734],[-80.00898,40.483482],[-80.008762,40.483374],[-80.008453,40.483253],[-80.007697,40.4831],[-80.00874,40.485494],[-80.009411,40.488487],[-80.009624,40.48843],[-80.009729,40.4892],[-80.010297,40.491659],[-80.009945,40.491681],[-80.010176,40.492639],[-80.010576,40.493449],[-80.010908,40.49384],[-80.011391,40.493679],[-80.01174,40.493996],[-80.012042,40.495183],[-80.011886,40.495178],[-80.01247,40.496712],[-80.013523,40.496519],[-80.014001,40.496478],[-80.01443,40.496585],[-80.01606,40.497371],[-80.016288,40.497438],[-80.016587,40.497436],[-80.017226,40.497327],[-80.017703,40.497343],[-80.017868,40.497246],[-80.01783,40.497353],[-80.020079,40.497709],[-80.019966,40.49723],[-80.019944,40.496781],[-80.020047,40.496227],[-80.02025,40.495702],[-80.020595,40.495113],[-80.020977,40.494615],[-80.021308,40.494312],[-80.022009,40.49382],[-80.02294,40.495253],[-80.024218,40.495005],[-80.024725,40.495411],[-80.025485,40.495282],[-80.026035,40.496773],[-80.027794,40.496492],[-80.027768,40.491024],[-80.027653,40.490699],[-80.027035,40.489844],[-80.026882,40.489308],[-80.026706,40.488917],[-80.025113,40.485979],[-80.025048,40.485739],[-80.025118,40.485248],[-80.024224,40.485821],[-80.024785,40.485825],[-80.02514,40.486855],[-80.024611,40.487029],[-80.024491,40.486677],[-80.023144,40.487179],[-80.023108,40.487487],[-80.022369,40.48917],[-80.022134,40.489115],[-80.02211,40.48917],[-80.022007,40.489148],[-80.021747,40.489771],[-80.02159,40.489864],[-80.021592,40.490037],[-80.022074,40.490064],[-80.021554,40.491328],[-80.020967,40.491162],[-80.020886,40.491369],[-80.02036,40.491238],[-80.019784,40.490319],[-80.020595,40.490371],[-80.020453,40.490705],[-80.021159,40.490884],[-80.021412,40.490276],[-80.021428,40.489899],[-80.020403,40.489831],[-80.020414,40.490282],[-80.019725,40.490239],[-80.019214,40.490002]]]}},{"type":"Feature","properties":{"block_count":32,"land_area_km2":0.6719,"centroid":[-80.011692,40.481778],"bbox":[-80.018348,40.47477,-80.007508,40.489509],"boundary_source":"Dissolved from 2010 Census blocks (BlockCodes2016)","id":"42003260700","name":"Tract 2607.00","geoid":"42003260700","geography":"census_tract_2010"},"geometry":{"type":"Polygon","coordinates":[[[-80.012703,40.480195],[-80.012004,40.479914],[-80.01179,40.479682],[-80.01196,40.478689],[-80.012662,40.478733],[-80.012736,40.478352],[-80.012793,40.478352],[-80.012855,40.478148],[-80.013435,40.478102],[-80.01358,40.478039],[-80.014381,40.477313],[-80.014556,40.477266],[-80.015222,40.477248],[-80.015452,40.477178],[-80.015685,40.477],[-80.01587,40.47672],[-80.015874,40.47647],[-80.015785,40.476321],[-80.01496,40.475795],[-80.014856,40.475656],[-80.014603,40.47504],[-80.01443,40.47477],[-80.014289,40.474834],[-80.013911,40.474857],[-80.011696,40.474906],[-80.011249,40.47495],[-80.01177,40.475327],[-80.012106,40.475654],[-80.012073,40.475823],[-80.012168,40.476107],[-80.012134,40.476155],[-80.011522,40.476268],[-80.01056,40.476343],[-80.007759,40.476707],[-80.00779,40.477583],[-80.007549,40.479895],[-80.007508,40.4808],[-80.007554,40.481681],[-80.007846,40.483127],[-80.008453,40.483253],[-80.008762,40.483374],[-80.00898,40.483482],[-80.009186,40.483734],[-80.009745,40.486341],[-80.01074,40.487457],[-80.010925,40.487597],[-80.011259,40.487727],[-80.011595,40.487774],[-80.014872,40.488039],[-80.018348,40.489509],[-80.018206,40.489236],[-80.016416,40.488018],[-80.016274,40.487832],[-80.016293,40.487053],[-80.016233,40.486781],[-80.015739,40.485338],[-80.015472,40.484796],[-80.015269,40.484605],[-80.01466,40.484354],[-80.013935,40.484301],[-80.013647,40.484236],[-80.012951,40.483657],[-80.012899,40.483447],[-80.012932,40.483292],[-80.013621,40.482417],[-80.013778,40.482143],[-80.013792,40.482014],[-80.013351,40.480894],[-80.013071,40.480417],[-80.013686,40.479992],[-80.013197,40.479801],[-80.013163,40.479845],[-80.012993,40.479771],[-80.012703,40.480195]]]}},{"type":"Feature","properties":{"block_count":37,"land_area_km2":0.812,"centroid":[-80.00259,40.477637],"bbox":[-80.007846,40.472254,-79.995346,40.483327],"boundary_source":"Dissolved from 2010 Census blocks (BlockCodes2016)","id":"42003260900","name":"Tract 2609.00","geoid":"42003260900","geography":"census_tract_2010"},"geometry":{"type":"Polygon","coordinates":[[[-80.007785,40.477634],[-80.007767,40.47674],[-80.007463,40.47589],[-80.005964,40.473731],[-80.00503,40.472254],[-80.002868,40.473201],[-80.00055,40.473292],[-80.0005,40.474176],[-79.999213,40.474314],[-79.997696,40.474594],[-79.997282,40.474573],[-79.996431,40.474429],[-79.996084,40.474456],[-79.995833,40.474536],[-79.995987,40.477332],[-79.995346,40.477361],[-79.996517,40.479186],[-79.998539,40.478906],[-79.998778,40.479814],[-80.001683,40.480082],[-80.001767,40.482428],[-80.003188,40.482376],[-80.00322,40.482939],[-80.003594,40.482907],[-80.004291,40.483303],[-80.004661,40.483327],[-80.004826,40.483285],[-80.00559,40.482555],[-80.005976,40.482359],[-80.006244,40.482645],[-80.006478,40.482796],[-80.006911,40.482945],[-80.007846,40.483127],[-80.007554,40.481681],[-80.007508,40.4808],[-80.007549,40.479895],[-80.007785,40.477634]]]}},{"type":"Feature","properties":{"block_count":46,"land_area_km2":1.0578,"centroid":[-80.008108,40.492214],"bbox":[-80.017868,40.482359,-80.00322,40.501037],"boundary_source":"Dissolved from 2010 Census blocks (BlockCodes2016)","id":"42003261200","name":"Tract 2612.00","geoid":"42003261200","geography":"census_tract_2010"},"geometry":{"type":"Polygon","coordinates":[[[-80.012956,40.498734],[-80.013257,40.49864],[-80.013608,40.49878],[-80.014769,40.499316],[-80.015759,40.499909],[-80.016551,40.499773],[-80.016984,40.499834],[-80.017245,40.498936],[-80.017868,40.497246],[-80.017703,40.497343],[-80.017226,40.497327],[-80.016587,40.497436],[-80.016288,40.497438],[-80.01606,40.497371],[-80.01443,40.496585],[-80.014001,40.496478],[-80.013523,40.496519],[-80.01247,40.496712],[-80.011886,40.495178],[-80.012042,40.495183],[-80.01174,40.493996],[-80.011391,40.493679],[-80.010908,40.49384],[-80.010576,40.493449],[-80.010176,40.492639],[-80.009945,40.491681],[-80.010297,40.491659],[-80.009729,40.4892],[-80.009624,40.48843],[-80.009411,40.488487],[-80.00874,40.485494],[-80.007697,40.4831],[-80.006911,40.482945],[-80.006478,40.482796],[-80.006244,40.482645],[-80.005976,40.482359],[-80.00559,40.482555],[-80.004932,40.483211],[-80.00472,40.48332],[-80.004238,40.483289],[-80.003594,40.482907],[-80.00322,40.482939],[-80.003703,40.490625],[-80.003992,40.496288],[-80.003932,40.496285],[-80.003951,40.497455],[-80.004022,40.497788],[-80.005009,40.49715],[-80.006336,40.49739],[-80.00746,40.497957],[-80.00776,40.497978],[-80.007789,40.497519],[-80.009124,40.497541],[-80.009228,40.498475],[-80.008913,40.499142],[-80.010681,40.499096],[-80.010817,40.501037],[-80.011166,40.500754],[-80.011673,40.500214],[-80.012074,40.499502],[-80.012198,40.499209],[-80.012258,40.498879],[-80.012373,40.498756],[-80.012956,40.498734]]]}},{"type":"Feature","properties":{"block_count":87,"land_area_km2":1.212,"centroid":[-80.012059,40.465664],"bbox":[-80.020706,40.459273,-80.002209,40.472254],"boundary_source":"Dissolved from 2010 Census blocks (BlockCodes2016)","id":"42003261400","name":"Tract 2614.00","geoid":"42003261400","geography":"census_tract_2010"},"geometry":{"type":"Polygon","coordinates":[[[-80.01616,40.45932],[-80.015359,40.459466],[-80.015449,40.459736],[-80.012951,40.460208],[-80.012892,40.460258],[-80.012172,40.460072],[-80.010324,40.459887],[-80.010046,40.459964],[-80.009072,40.461141],[-80.008736,40.461217],[-80.008835,40.462328],[-80.009534,40.463442],[-80.010043,40.4651],[-80.005889,40.465876],[-80.00582,40.465585],[-80.005848,40.465502],[-80.005603,40.465015],[-80.005316,40.465292],[-80.005088,40.465426],[-80.003842,40.465727],[-80.003675,40.465857],[-80.003607,40.466088],[-80.003733,40.466304],[-80.005778,40.467135],[-80.005918,40.467374],[-80.005498,40.46731],[-80.004502,40.467387],[-80.003503,40.467532],[-80.002505,40.467914],[-80.002209,40.468444],[-80.00503,40.472254],[-80.007261,40.471274],[-80.013713,40.470018],[-80.013955,40.469928],[-80.013965,40.469848],[-80.015749,40.467955],[-80.018442,40.467015],[-80.019481,40.466599],[-80.019772,40.466457],[-80.020335,40.465962],[-80.020615,40.465299],[-80.020583,40.464241],[-80.02033,40.463574],[-80.020706,40.463537],[-80.020566,40.462972],[-80.019624,40.462261],[-80.019244,40.461882],[-80.018796,40.461268],[-80.018347,40.46043],[-80.01642,40.459273],[-80.01616,40.45932]]]}},{"type":"Feature","properties":{"block_count":83,"land_area_km2":1.1616,"centroid":[-80.0165,40.470971],"bbox":[-80.025928,40.462972,-80.00503,40.477444],"boundary_source":"Dissolved from 2010 Census blocks (BlockCodes2016)","id":"42003261500","name":"Tract 2615.00","geoid":"42003261500","geography":"census_tract_2010"},"geometry":{"type":"Polygon","coordinates":[[[-80.008332,40.476635],[-80.01056,40.476343],[-80.011522,40.476268],[-80.012134,40.476155],[-80.012168,40.476107],[-80.012073,40.475823],[-80.012106,40.475654],[-80.01177,40.475327],[-80.011249,40.47495],[-80.011696,40.474906],[-80.013911,40.474857],[-80.014289,40.474834],[-80.01443,40.47477],[-80.014603,40.47504],[-80.014856,40.475656],[-80.01496,40.475795],[-80.015785,40.476321],[-80.015874,40.47647],[-80.01587,40.47672],[-80.015685,40.477],[-80.015452,40.477178],[-80.01518,40.477253],[-80.014468,40.477283],[-80.014216,40.477444],[-80.015255,40.477421],[-80.015727,40.477327],[-80.017371,40.477294],[-80.017149,40.474138],[-80.016643,40.472798],[-80.016627,40.472343],[-80.017093,40.472119],[-80.017871,40.472783],[-80.018003,40.472797],[-80.017965,40.47245],[-80.018304,40.472422],[-80.018764,40.472694],[-80.019675,40.472925],[-80.020229,40.472991],[-80.021569,40.472731],[-80.021988,40.472702],[-80.022197,40.472737],[-80.022698,40.472275],[-80.023347,40.471884],[-80.024272,40.471218],[-80.024521,40.471137],[-80.025067,40.471085],[-80.025928,40.47092],[-80.02533,40.469015],[-80.024826,40.465659],[-80.02468,40.465456],[-80.023568,40.46439],[-80.022373,40.463566],[-80.022035,40.46338],[-80.021586,40.463253],[-80.021049,40.463194],[-80.020566,40.462972],[-80.020706,40.463537],[-80.02033,40.463574],[-80.020583,40.464241],[-80.020615,40.465299],[-80.020335,40.465962],[-80.019772,40.466457],[-80.019481,40.466599],[-80.018442,40.467015],[-80.015749,40.467955],[-80.013965,40.469848],[-80.013955,40.469928],[-80.013713,40.470018],[-80.007261,40.471274],[-80.00503,40.472254],[-80.005964,40.473731],[-80.007463,40.47589],[-80.007759,40.476707],[-80.008332,40.476635]]]}},{"type":"Feature","properties":{"block_count":99,"land_area_km2":1.6465,"centroid":[-79.995222,40.467179],"bbox":[-80.00503,40.458479,-79.986664,40.474594],"boundary_source":"Dissolved from 2010 Census blocks (BlockCodes2016)","id":"42003262000","name":"Tract 2620.00","geoid":"42003262000","geography":"census_tract_2010"},"geometry":{"type":"Polygon","coordinates":[[[-79.999804,40.462632],[-79.99977,40.460322],[-79.999698,40.459666],[-79.999516,40.459721],[-79.999146,40.458479],[-79.998494,40.458617],[-79.996868,40.459233],[-79.996664,40.459246],[-79.996372,40.459345],[-79.99518,40.459948],[-79.993786,40.460815],[-79.993358,40.461166],[-79.993186,40.461223],[-79.992302,40.461727],[-79.992177,40.461114],[-79.991619,40.46147],[-79.991257,40.461469],[-79.988841,40.462249],[-79.989009,40.462459],[-79.988984,40.462488],[-79.988339,40.462102],[-79.987304,40.463693],[-79.98704,40.463835],[-79.986913,40.464319],[-79.986664,40.46633],[-79.986721,40.466641],[-79.987056,40.467766],[-79.987736,40.468594],[-79.987834,40.469503],[-79.987973,40.470023],[-79.988337,40.47043],[-79.988713,40.470685],[-79.989265,40.470867],[-79.989688,40.470895],[-79.989844,40.471087],[-79.990054,40.471541],[-79.990512,40.472051],[-79.990709,40.472358],[-79.990812,40.47265],[-79.991456,40.473601],[-79.992274,40.473556],[-79.99186,40.473134],[-79.997545,40.472982],[-79.997611,40.474591],[-79.997696,40.474594],[-79.999213,40.474314],[-80.0005,40.474176],[-80.00055,40.473292],[-80.002868,40.473201],[-80.00503,40.472254],[-80.001082,40.466923],[-80.000338,40.465786],[-80.000126,40.465293],[-79.99997,40.46473],[-79.999804,40.462632]]]}},{"type":"Feature","properties":{"block_count":65,"land_area_km2":1.0402,"centroid":[-80.043855,40.48321],"bbox":[-80.053179,40.477106,-80.033961,40.489569],"boundary_source":"Dissolved from 2010 Census blocks (BlockCodes2016)","id":"42003270100","name":"Tract 2701.00","geoid":"42003270100","geography":"census_tract_2010"},"geometry":{"type":"Polygon","coordinates":[[[-80.043077,40.478862],[-80.042942,40.479144],[-80.042992,40.479596],[-80.035222,40.48147],[-80.033961,40.481707],[-80.035155,40.482407],[-80.035233,40.482496],[-80.03582,40.484311],[-80.03696,40.486856],[-80.037525,40.487006],[-80.040949,40.487647],[-80.043251,40.489569],[-80.046444,40.487163],[-80.046669,40.487038],[-80.046682,40.487154],[-80.04702,40.487015],[-80.047927,40.486299],[-80.048168,40.486375],[-80.048592,40.48642],[-80.049828,40.485624],[-80.049932,40.485387],[-80.049977,40.484843],[-80.050094,40.484681],[-80.050672,40.48422],[-80.050604,40.484176],[-80.050715,40.484085],[-80.053179,40.48217],[-80.051722,40.481287],[-80.049741,40.479143],[-80.048476,40.4773],[-80.048394,40.477106],[-80.043349,40.478715],[-80.043077,40.478862]]]}},{"type":"Feature","properties":{"block_count":40,"land_area_km2":0.6044,"centroid":[-80.036836,40.477819],"bbox":[-80.043077,40.47177,-80.030835,40.481707],"boundary_source":"Dissolved from 2010 Census blocks (BlockCodes2016)","id":"42003270300","name":"Tract 2703.00","geoid":"42003270300","geography":"census_tract_2010"},"geometry":{"type":"Polygon","coordinates":[[[-80.036993,40.474172],[-80.036528,40.474903],[-80.035782,40.474677],[-80.035303,40.47428],[-80.035243,40.474167],[-80.035275,40.474087],[-80.036286,40.47316],[-80.036501,40.472813],[-80.036495,40.47262],[-80.034862,40.474143],[-80.035117,40.475091],[-80.034163,40.475795],[-80.03332,40.476194],[-80.032434,40.476461],[-80.031718,40.476489],[-80.031743,40.476795],[-80.031681,40.47727],[-80.030884,40.478907],[-80.030835,40.479179],[-80.030887,40.479344],[-80.031485,40.480171],[-80.031702,40.480392],[-80.033961,40.481707],[-80.035222,40.48147],[-80.042992,40.479596],[-80.042942,40.479144],[-80.043077,40.478862],[-80.041174,40.475995],[-80.04017,40.47518],[-80.038346,40.47283],[-80.037709,40.47177],[-80.037436,40.471775],[-80.03736,40.471819],[-80.037271,40.472104],[-80.037863,40.47286],[-80.036993,40.474172]]]}},{"type":"Feature","properties":{"block_count":23,"land_area_km2":0.3955,"centroid":[-80.028505,40.465407],"bbox":[-80.033619,40.462101,-80.022707,40.468979],"boundary_source":"Dissolved from 2010 Census blocks (BlockCodes2016)","id":"42003270400","name":"Tract 2704.00","geoid":"42003270400","geography":"census_tract_2010"},"geometry":{"type":"Polygon","coordinates":[[[-80.025046,40.467108],[-80.025147,40.467804],[-80.026649,40.467526],[-80.027137,40.468979],[-80.029972,40.468425],[-80.029847,40.468026],[-80.030885,40.467819],[-80.03324,40.465656],[-80.033619,40.465449],[-80.032257,40.463663],[-80.031502,40.46302],[-80.030734,40.462101],[-80.029896,40.462722],[-80.029876,40.462869],[-80.029575,40.462963],[-80.029415,40.463079],[-80.029106,40.462832],[-80.029053,40.462868],[-80.028757,40.462634],[-80.027598,40.462848],[-80.026793,40.462939],[-80.026809,40.462995],[-80.022707,40.463783],[-80.023568,40.46439],[-80.02468,40.465456],[-80.024826,40.465659],[-80.025046,40.467108]]]}},{"type":"Feature","properties":{"block_count":63,"land_area_km2":1.2708,"centroid":[-80.031995,40.485701],"bbox":[-80.043251,40.476437,-80.02507,40.491455],"boundary_source":"Dissolved from 2010 Census blocks (BlockCodes2016)","id":"42003270800","name":"Tract 2708.00","geoid":"42003270800","geography":"census_tract_2010"},"geometry":{"type":"Polygon","coordinates":[[[-80.025642,40.4829],[-80.025118,40.485248],[-80.02507,40.485851],[-80.026738,40.488982],[-80.027035,40.489844],[-80.027653,40.490699],[-80.027784,40.4911],[-80.035759,40.490929],[-80.03749,40.490065],[-80.039659,40.491035],[-80.040712,40.491455],[-80.043251,40.489569],[-80.040949,40.487647],[-80.037525,40.487006],[-80.03696,40.486856],[-80.03582,40.484311],[-80.035233,40.482496],[-80.035155,40.482407],[-80.031702,40.480392],[-80.031485,40.480171],[-80.030887,40.479344],[-80.030835,40.479179],[-80.030884,40.478907],[-80.031681,40.47727],[-80.031743,40.476795],[-80.031718,40.476489],[-80.030561,40.476437],[-80.030344,40.476441],[-80.030158,40.476513],[-80.030087,40.476585],[-80.029883,40.477116],[-80.029511,40.477527],[-80.028222,40.478055],[-80.027875,40.478345],[-80.027289,40.479868],[-80.026681,40.480261],[-80.025611,40.480701],[-80.025577,40.480913],[-80.025697,40.482652],[-80.025642,40.4829]]]}},{"type":"Feature","properties":{"block_count":96,"land_area_km2":1.3678,"centroid":[-80.02833,40.473044],"bbox":[-80.037863,40.465449,-80.016627,40.482748],"boundary_source":"Dissolved from 2010 Census blocks (BlockCodes2016)","id":"42003271500","name":"Tract 2715.00","geoid":"42003271500","geography":"census_tract_2010"},"geometry":{"type":"Polygon","coordinates":[[[-80.025677,40.482748],[-80.025582,40.480738],[-80.026681,40.480261],[-80.027289,40.479868],[-80.027875,40.478345],[-80.028113,40.478134],[-80.028275,40.478031],[-80.029511,40.477527],[-80.029883,40.477116],[-80.030087,40.476585],[-80.030212,40.476476],[-80.030561,40.476437],[-80.031876,40.476498],[-80.032434,40.476461],[-80.03311,40.476276],[-80.034163,40.475795],[-80.035117,40.475091],[-80.034862,40.474143],[-80.036495,40.47262],[-80.036501,40.472813],[-80.036286,40.47316],[-80.035275,40.474087],[-80.035243,40.474167],[-80.035303,40.47428],[-80.035782,40.474677],[-80.036528,40.474903],[-80.037863,40.47286],[-80.037271,40.472104],[-80.03736,40.471819],[-80.037436,40.471775],[-80.037709,40.47177],[-80.036673,40.470029],[-80.036484,40.469564],[-80.036424,40.469589],[-80.036309,40.469385],[-80.035574,40.467751],[-80.0351,40.467125],[-80.033768,40.4657],[-80.033619,40.465449],[-80.03324,40.465656],[-80.030885,40.467819],[-80.029847,40.468026],[-80.029972,40.468425],[-80.027137,40.468979],[-80.026649,40.467526],[-80.025147,40.467804],[-80.02533,40.469015],[-80.025928,40.47092],[-80.025067,40.471085],[-80.024521,40.471137],[-80.024272,40.471218],[-80.023347,40.471884],[-80.022698,40.472275],[-80.022197,40.472737],[-80.021988,40.472702],[-80.021569,40.472731],[-80.020229,40.472991],[-80.019675,40.472925],[-80.018764,40.472694],[-80.018304,40.472422],[-80.017965,40.47245],[-80.018003,40.472797],[-80.017871,40.472783],[-80.017093,40.472119],[-80.016627,40.472343],[-80.016643,40.472798],[-80.017149,40.474138],[-80.017371,40.477294],[-80.018531,40.477265],[-80.018869,40.476989],[-80.019715,40.476589],[-80.021524,40.476519],[-80.021533,40.476614],[-80.021588,40.476633],[-80.02181,40.476534],[-80.021923,40.476626],[-80.022101,40.476646],[-80.022932,40.476569],[-80.024629,40.47657],[-80.025326,40.476207],[-80.025818,40.476211],[-80.026161,40.476358],[-80.026349,40.476195],[-80.026611,40.476337],[-80.026124,40.476553],[-80.026241,40.476647],[-80.026461,40.476541],[-80.026729,40.476704],[-80.026847,40.476594],[-80.026632,40.476472],[-80.026761,40.476423],[-80.027297,40.476728],[-80.026584,40.477454],[-80.026996,40.477683],[-80.025803,40.478892],[-80.025808,40.478975],[-80.025974,40.478965],[-80.026001,40.479369],[-80.023509,40.479397],[-80.024924,40.48177],[-80.02498,40.481761],[-80.025677,40.482748]]]}},{"type":"Feature","properties":{"block_count":65,"land_area_km2":1.329,"centroid":[-80.051957,40.447133],"bbox":[-80.06284,40.441101,-80.041611,40.452605],"boundary_source":"Dissolved from 2010 Census blocks (BlockCodes2016)","id":"42003281400","name":"Tract 2814.00","geoid":"42003281400","geography":"census_tract_2010"},"geometry":{"type":"Polygon","coordinates":[[[-80.055202,40.452333],[-80.055247,40.452109],[-80.059958,40.450677],[-80.06284,40.448545],[-80.062276,40.448099],[-80.062095,40.44801],[-80.059957,40.445636],[-80.058497,40.444588],[-80.058044,40.444419],[-80.056799,40.44433],[-80.054343,40.443639],[-80.051716,40.442663],[-80.050577,40.442304],[-80.04872,40.441845],[-80.047236,40.441131],[-80.046724,40.441101],[-80.046378,40.441184],[-80.046082,40.44134],[-80.045306,40.441949],[-80.045783,40.442333],[-80.043256,40.444318],[-80.042782,40.443994],[-80.041611,40.44497],[-80.04184,40.445273],[-80.042098,40.445449],[-80.04244,40.445572],[-80.043152,40.445653],[-80.043451,40.445738],[-80.043727,40.44589],[-80.043965,40.446143],[-80.044095,40.446474],[-80.04415,40.446898],[-80.044002,40.447758],[-80.044068,40.448004],[-80.045078,40.450153],[-80.045281,40.450422],[-80.051109,40.451495],[-80.051719,40.451676],[-80.052964,40.452259],[-80.054028,40.452536],[-80.054523,40.452605],[-80.05502,40.452556],[-80.055146,40.452506],[-80.055202,40.452333]]]}},{"type":"Feature","properties":{"block_count":32,"land_area_km2":0.6171,"centroid":[-80.053929,40.440459],"bbox":[-80.061216,40.437504,-80.045113,40.443936],"boundary_source":"Dissolved from 2010 Census blocks (BlockCodes2016)","id":"42003281500","name":"Tract 2815.00","geoid":"42003281500","geography":"census_tract_2010"},"geometry":{"type":"Polygon","coordinates":[[[-80.047343,40.439602],[-80.0474,40.439678],[-80.047431,40.439983],[-80.04604,40.440473],[-80.045775,40.440663],[-80.045123,40.44195],[-80.045113,40.4421],[-80.046082,40.44134],[-80.046378,40.441184],[-80.046724,40.441101],[-80.047236,40.441131],[-80.04872,40.441845],[-80.05069,40.442337],[-80.052407,40.442898],[-80.054036,40.443542],[-80.055371,40.443936],[-80.060127,40.442398],[-80.060511,40.442209],[-80.060838,40.4419],[-80.060921,40.441742],[-80.061216,40.440632],[-80.059399,40.439152],[-80.057596,40.437534],[-80.055858,40.437767],[-80.053575,40.437956],[-80.053215,40.437911],[-80.052357,40.437572],[-80.050944,40.437504],[-80.050552,40.437591],[-80.049465,40.438075],[-80.049215,40.438121],[-80.04887,40.43815],[-80.047753,40.438098],[-80.047295,40.438153],[-80.04738,40.439581],[-80.047343,40.439602]]]}},{"type":"Feature","properties":{"block_count":75,"land_area_km2":1.2695,"centroid":[-79.99319,40.399072],"bbox":[-80.000665,40.391215,-79.986374,40.408165],"boundary_source":"Dissolved from 2010 Census blocks (BlockCodes2016)","id":"42003290100","name":"Tract 2901.00","geoid":"42003290100","geography":"census_tract_2010"},"geometry":{"type":"Polygon","coordinates":[[[-80.000029,40.402153],[-80.000665,40.402068],[-80.000516,40.401558],[-80.000212,40.39927],[-80.000109,40.398867],[-79.999878,40.398364],[-79.999528,40.397838],[-79.997446,40.395345],[-79.997182,40.395526],[-79.997125,40.39567],[-79.996966,40.395539],[-79.996328,40.394569],[-79.996298,40.394445],[-79.995765,40.394514],[-79.995547,40.394349],[-79.99549,40.394242],[-79.99533,40.393151],[-79.994474,40.393217],[-79.994381,40.392533],[-79.993093,40.39261],[-79.993059,40.393206],[-79.991254,40.393453],[-79.990405,40.391582],[-79.990492,40.391215],[-79.986606,40.391331],[-79.986596,40.392475],[-79.986374,40.394339],[-79.987081,40.395728],[-79.98822,40.397605],[-79.988985,40.399178],[-79.989397,40.402248],[-79.990554,40.404809],[-79.990879,40.405296],[-79.991262,40.405693],[-79.991452,40.40585],[-79.992162,40.406236],[-79.992318,40.406426],[-79.992332,40.406587],[-79.991908,40.407172],[-79.992447,40.407379],[-79.994456,40.40774],[-79.995237,40.407812],[-79.996051,40.408033],[-79.996749,40.408165],[-79.996774,40.407838],[-79.996584,40.404802],[-79.996486,40.401705],[-79.996769,40.401679],[-79.997085,40.401583],[-79.998976,40.401602],[-79.999419,40.401654],[-79.999526,40.402181],[-80.000029,40.402153]]]}},{"type":"Feature","properties":{"block_count":103,"land_area_km2":1.4539,"centroid":[-79.983829,40.399368],"bbox":[-79.992332,40.387325,-79.975892,40.40784],"boundary_source":"Dissolved from 2010 Census blocks (BlockCodes2016)","id":"42003290200","name":"Tract 2902.00","geoid":"42003290200","geography":"census_tract_2010"},"geometry":{"type":"Polygon","coordinates":[[[-79.981043,40.391924],[-79.980548,40.392469],[-79.979762,40.393842],[-79.979423,40.394321],[-79.979211,40.394872],[-79.978917,40.395417],[-79.978648,40.39663],[-79.978684,40.396966],[-79.978109,40.39697],[-79.979395,40.399044],[-79.979739,40.399462],[-79.979867,40.399741],[-79.980006,40.400437],[-79.979963,40.400849],[-79.97981,40.401294],[-79.979577,40.401637],[-79.979076,40.402124],[-79.975892,40.404375],[-79.977877,40.405707],[-79.978262,40.406149],[-79.978612,40.406378],[-79.97925,40.406702],[-79.980479,40.40716],[-79.981091,40.40784],[-79.981434,40.405738],[-79.982119,40.40588],[-79.985929,40.406007],[-79.986262,40.406059],[-79.987011,40.40603],[-79.987665,40.406075],[-79.991908,40.407172],[-79.992332,40.406587],[-79.992318,40.406426],[-79.992162,40.406236],[-79.991452,40.40585],[-79.991262,40.405693],[-79.990879,40.405296],[-79.990554,40.404809],[-79.989397,40.402248],[-79.988985,40.399178],[-79.98822,40.397605],[-79.987081,40.395728],[-79.986374,40.394339],[-79.986596,40.392475],[-79.986586,40.391182],[-79.985871,40.390162],[-79.984982,40.388514],[-79.984572,40.388002],[-79.983798,40.387325],[-79.983108,40.389469],[-79.982463,40.390571],[-79.982387,40.390672],[-79.981512,40.391302],[-79.981043,40.391924]]]}},{"type":"Feature","properties":{"block_count":121,"land_area_km2":1.6072,"centroid":[-79.982481,40.387658],"bbox":[-79.993549,40.379435,-79.973035,40.39697],"boundary_source":"Dissolved from 2010 Census blocks (BlockCodes2016)","id":"42003290400","name":"Tract 2904.00","geoid":"42003290400","geography":"census_tract_2010"},"geometry":{"type":"Polygon","coordinates":[[[-79.980045,40.393337],[-79.980548,40.392469],[-79.981174,40.391773],[-79.981436,40.391386],[-79.982387,40.390672],[-79.982463,40.390571],[-79.983108,40.389469],[-79.983798,40.387325],[-79.984572,40.388002],[-79.984982,40.388514],[-79.985871,40.390162],[-79.98651,40.391048],[-79.986606,40.391331],[-79.990492,40.391215],[-79.990405,40.391582],[-79.991254,40.393453],[-79.993059,40.393206],[-79.993093,40.39261],[-79.993505,40.392592],[-79.993423,40.392264],[-79.99301,40.392144],[-79.992882,40.391418],[-79.992809,40.391329],[-79.993209,40.3914],[-79.99294,40.390322],[-79.992737,40.390366],[-79.992745,40.390217],[-79.992484,40.390196],[-79.99218,40.390347],[-79.9914,40.389498],[-79.99137,40.389152],[-79.991449,40.388466],[-79.991319,40.387668],[-79.992235,40.387441],[-79.991993,40.38586],[-79.992015,40.385367],[-79.990558,40.385658],[-79.990345,40.385025],[-79.992932,40.384477],[-79.993293,40.384209],[-79.993549,40.383909],[-79.993369,40.383841],[-79.992883,40.383789],[-79.99189,40.383965],[-79.989724,40.383998],[-79.989261,40.38407],[-79.988185,40.38434],[-79.987205,40.384443],[-79.98691,40.38373],[-79.986556,40.38183],[-79.985629,40.381649],[-79.984226,40.38157],[-79.98492,40.381186],[-79.985565,40.380714],[-79.98476,40.379435],[-79.984506,40.379975],[-79.983342,40.381516],[-79.982754,40.381487],[-79.981947,40.380642],[-79.978928,40.381649],[-79.978028,40.381847],[-79.977854,40.381833],[-79.977645,40.381743],[-79.977345,40.381307],[-79.977093,40.381226],[-79.976755,40.381141],[-79.976142,40.381301],[-79.976845,40.382844],[-79.97765,40.384143],[-79.977495,40.384235],[-79.976472,40.385386],[-79.974081,40.384792],[-79.975756,40.387212],[-79.975413,40.38828],[-79.973083,40.388717],[-79.973246,40.39084],[-79.973565,40.392199],[-79.973035,40.392463],[-79.973226,40.392778],[-79.973638,40.392752],[-79.973903,40.393433],[-79.975788,40.393122],[-79.978109,40.39697],[-79.978684,40.396966],[-79.978648,40.39663],[-79.978917,40.395417],[-79.979211,40.394872],[-79.979423,40.394321],[-79.980045,40.393337]]]}},{"type":"Feature","properties":{"block_count":120,"land_area_km2":0.7756,"centroid":[-79.993009,40.413552],"bbox":[-79.997281,40.407172,-79.988039,40.418576],"boundary_source":"Dissolved from 2010 Census blocks (BlockCodes2016)","id":"42003300100","name":"Tract 3001.00","geoid":"42003300100","geography":"census_tract_2010"},"geometry":{"type":"Polygon","coordinates":[[[-79.997081,40.414541],[-79.997047,40.413788],[-79.996877,40.413393],[-79.996961,40.411726],[-79.996797,40.411394],[-79.996947,40.411013],[-79.996829,40.410138],[-79.996749,40.408165],[-79.996051,40.408033],[-79.995237,40.407812],[-79.994456,40.40774],[-79.992447,40.407379],[-79.991908,40.407172],[-79.991598,40.407682],[-79.99035,40.410409],[-79.990323,40.410583],[-79.990209,40.410718],[-79.989523,40.412223],[-79.988039,40.414434],[-79.988234,40.418469],[-79.988183,40.41851],[-79.988348,40.418576],[-79.988449,40.418504],[-79.989629,40.418457],[-79.997281,40.418261],[-79.997149,40.415373],[-79.997063,40.415302],[-79.997081,40.414541]]]}},{"type":"Feature","properties":{"block_count":109,"land_area_km2":2.5419,"centroid":[-79.914111,40.371402],"bbox":[-79.926817,40.361566,-79.900295,40.380942],"boundary_source":"Dissolved from 2010 Census blocks (BlockCodes2016)","id":"42003310200","name":"Tract 3102.00","geoid":"42003310200","geography":"census_tract_2010"},"geometry":{"type":"Polygon","coordinates":[[[-79.911234,40.379306],[-79.911394,40.379542],[-79.911484,40.379576],[-79.911689,40.380541],[-79.912933,40.38086],[-79.913528,40.380942],[-79.913979,40.380878],[-79.914308,40.380769],[-79.918153,40.379386],[-79.919824,40.378165],[-79.920063,40.378044],[-79.920496,40.378069],[-79.92183,40.378656],[-79.923034,40.378879],[-79.923491,40.379139],[-79.923586,40.379151],[-79.923913,40.379061],[-79.924873,40.379359],[-79.925507,40.379607],[-79.925747,40.3792],[-79.92666,40.377246],[-79.926817,40.376513],[-79.926768,40.375635],[-79.926577,40.374999],[-79.924982,40.375091],[-79.924682,40.373062],[-79.923438,40.370532],[-79.92236,40.370712],[-79.922285,40.368633],[-79.920665,40.365361],[-79.918452,40.365459],[-79.91373,40.365514],[-79.913313,40.364636],[-79.911898,40.365008],[-79.911292,40.364072],[-79.910821,40.362849],[-79.908669,40.363505],[-79.908629,40.363458],[-79.908208,40.363572],[-79.907207,40.361566],[-79.905993,40.362086],[-79.904944,40.362165],[-79.905252,40.362861],[-79.900295,40.365255],[-79.901317,40.367513],[-79.903438,40.371889],[-79.90854,40.370452],[-79.911818,40.372805],[-79.908844,40.376692],[-79.909336,40.376895],[-79.908347,40.378153],[-79.910293,40.378546],[-79.910398,40.378439],[-79.910585,40.378768],[-79.910675,40.378684],[-79.911234,40.379306]]]}},{"type":"Feature","properties":{"block_count":79,"land_area_km2":2.0485,"centroid":[-79.922554,40.387922],"bbox":[-79.932038,40.378044,-79.913306,40.399306],"boundary_source":"Dissolved from 2010 Census blocks (BlockCodes2016)","id":"42003310300","name":"Tract 3103.00","geoid":"42003310300","geography":"census_tract_2010"},"geometry":{"type":"Polygon","coordinates":[[[-79.931994,40.385727],[-79.931981,40.385242],[-79.931617,40.384177],[-79.931308,40.383881],[-79.930874,40.383651],[-79.930414,40.383504],[-79.930472,40.383069],[-79.929346,40.382482],[-79.927697,40.381389],[-79.926978,40.380838],[-79.925844,40.379819],[-79.925507,40.379607],[-79.924873,40.379359],[-79.923913,40.379061],[-79.923586,40.379151],[-79.923491,40.379139],[-79.923034,40.378879],[-79.92183,40.378656],[-79.920496,40.378069],[-79.920063,40.378044],[-79.919824,40.378165],[-79.918153,40.379386],[-79.916241,40.380079],[-79.917314,40.381597],[-79.916084,40.382113],[-79.9174,40.38451],[-79.917163,40.384709],[-79.917786,40.388003],[-79.918466,40.388475],[-79.916785,40.390778],[-79.917091,40.390913],[-79.916688,40.391502],[-79.91637,40.391363],[-79.9149,40.39339],[-79.916912,40.393921],[-79.913306,40.396972],[-79.9164,40.398784],[-79.916598,40.398607],[-79.918244,40.399306],[-79.922142,40.395997],[-79.923334,40.395116],[-79.923597,40.394808],[-79.929619,40.389731],[-79.929701,40.389745],[-79.93123,40.390752],[-79.931232,40.389176],[-79.931359,40.388236],[-79.932038,40.385894],[-79.931994,40.385727]]]}},{"type":"Feature","properties":{"block_count":62,"land_area_km2":0.8534,"centroid":[-79.992068,40.384733],"bbox":[-79.997446,40.377822,-79.984226,40.39567],"boundary_source":"Dissolved from 2010 Census blocks (BlockCodes2016)","id":"42003320400","name":"Tract 3204.00","geoid":"42003320400","geography":"census_tract_2010"},"geometry":{"type":"Polygon","coordinates":[[[-79.99294,40.390322],[-79.993209,40.3914],[-79.992809,40.391329],[-79.992882,40.391418],[-79.99301,40.392144],[-79.993423,40.392264],[-79.993505,40.392592],[-79.994381,40.392533],[-79.994474,40.393217],[-79.99533,40.393151],[-79.99549,40.394242],[-79.995547,40.394349],[-79.995765,40.394514],[-79.996298,40.394445],[-79.996328,40.394569],[-79.996966,40.395539],[-79.997125,40.39567],[-79.997182,40.395526],[-79.997446,40.395345],[-79.997302,40.394942],[-79.997285,40.39467],[-79.997392,40.393411],[-79.997295,40.39273],[-79.996731,40.391162],[-79.996711,40.390553],[-79.996914,40.389491],[-79.996863,40.388805],[-79.996652,40.388285],[-79.995242,40.386572],[-79.994823,40.385842],[-79.994835,40.385299],[-79.994906,40.385002],[-79.995751,40.383589],[-79.995946,40.383067],[-79.995991,40.382304],[-79.995768,40.381731],[-79.995548,40.381379],[-79.994291,40.380137],[-79.993478,40.379035],[-79.992881,40.378637],[-79.992361,40.378659],[-79.990873,40.378946],[-79.986032,40.377822],[-79.98582,40.378241],[-79.985725,40.378286],[-79.985306,40.378813],[-79.984999,40.379335],[-79.984917,40.379434],[-79.98476,40.379435],[-79.985565,40.380714],[-79.98492,40.381186],[-79.984226,40.38157],[-79.985629,40.381649],[-79.986556,40.38183],[-79.98691,40.38373],[-79.987205,40.384443],[-79.988185,40.38434],[-79.989261,40.38407],[-79.989724,40.383998],[-79.99189,40.383965],[-79.992883,40.383789],[-79.993369,40.383841],[-79.993549,40.383909],[-79.993293,40.384209],[-79.992932,40.384477],[-79.990345,40.385025],[-79.990558,40.385658],[-79.992015,40.385367],[-79.991993,40.38586],[-79.992235,40.387441],[-79.991319,40.387668],[-79.991449,40.388466],[-79.99137,40.389152],[-79.9914,40.389498],[-79.99218,40.390347],[-79.992484,40.390196],[-79.992745,40.390217],[-79.992737,40.390366],[-79.99294,40.390322]]]}},{"type":"Feature","properties":{"block_count":44,"land_area_km2":1.4755,"centroid":[-80.005078,40.394661],"bbox":[-80.015267,40.388193,-79.997302,40.402068],"boundary_source":"Dissolved from 2010 Census blocks (BlockCodes2016)","id":"42003320600","name":"Tract 3206.00","geoid":"42003320600","geography":"census_tract_2010"},"geometry":{"type":"Polygon","coordinates":[[[-80.008805,40.391966],[-80.009175,40.391069],[-80.009803,40.390839],[-80.008493,40.39012],[-80.008194,40.389907],[-80.007424,40.388836],[-80.006947,40.389037],[-80.006774,40.388844],[-80.005907,40.388809],[-80.00588,40.388374],[-80.004648,40.388365],[-80.002905,40.388723],[-80.002768,40.38871],[-80.002632,40.388619],[-80.002164,40.388193],[-79.999267,40.388943],[-79.999192,40.388925],[-79.999398,40.389887],[-79.997838,40.389746],[-79.997823,40.391199],[-79.99791,40.392186],[-79.997686,40.392595],[-79.997344,40.39299],[-79.997392,40.393411],[-79.997302,40.394942],[-79.997384,40.395244],[-79.99749,40.395411],[-79.999528,40.397838],[-80.000007,40.398624],[-80.000212,40.39927],[-80.000516,40.401558],[-80.000665,40.402068],[-80.001918,40.401859],[-80.004615,40.400858],[-80.006472,40.400427],[-80.006897,40.400222],[-80.007401,40.39985],[-80.007663,40.399723],[-80.008554,40.399578],[-80.009022,40.399434],[-80.009681,40.399025],[-80.01155,40.397622],[-80.013504,40.39661],[-80.013884,40.396198],[-80.014104,40.395848],[-80.014662,40.393814],[-80.01499,40.393106],[-80.015267,40.391899],[-80.01478,40.392032],[-80.014276,40.392111],[-80.00878,40.392384],[-80.008721,40.392161],[-80.008805,40.391966]]]}},{"type":"Feature","properties":{"block_count":61,"land_area_km2":1.3154,"centroid":[-80.000242,40.382448],"bbox":[-80.007767,40.373976,-79.992881,40.39299],"boundary_source":"Dissolved from 2010 Census blocks (BlockCodes2016)","id":"42003320700","name":"Tract 3207.00","geoid":"42003320700","geography":"census_tract_2010"},"geometry":{"type":"Polygon","coordinates":[[[-80.004648,40.388365],[-80.00588,40.388374],[-80.005907,40.388809],[-80.006774,40.388844],[-80.006947,40.389037],[-80.007424,40.388836],[-80.007324,40.388696],[-80.007006,40.388471],[-80.007167,40.388372],[-80.007767,40.388234],[-80.007446,40.387519],[-80.007685,40.387224],[-80.006844,40.38577],[-80.006989,40.385481],[-80.006917,40.385212],[-80.006802,40.384945],[-80.006651,40.384783],[-80.006449,40.384674],[-80.006016,40.383976],[-80.006004,40.383814],[-80.006214,40.3836],[-80.006448,40.383503],[-80.006426,40.383456],[-80.006326,40.383472],[-80.005121,40.383883],[-80.003653,40.382041],[-80.003335,40.38117],[-80.001728,40.379699],[-80.00222,40.379287],[-80.003176,40.37884],[-80.004181,40.37817],[-80.004865,40.377632],[-80.005361,40.377133],[-80.005689,40.376613],[-80.005875,40.375989],[-80.006136,40.37549],[-80.00625,40.375306],[-80.006708,40.374861],[-80.005606,40.374678],[-80.004977,40.374461],[-80.004132,40.373976],[-80.003772,40.374393],[-80.002716,40.374569],[-80.001439,40.374887],[-80.000627,40.375509],[-80.000282,40.376017],[-79.999123,40.377344],[-79.998051,40.376472],[-79.996919,40.376148],[-79.994945,40.375666],[-79.994401,40.375718],[-79.993999,40.375839],[-79.994132,40.376728],[-79.99411,40.376926],[-79.993707,40.378039],[-79.99358,40.378321],[-79.992881,40.378637],[-79.993316,40.378903],[-79.993603,40.379172],[-79.994291,40.380137],[-79.995548,40.381379],[-79.995898,40.381995],[-79.996,40.382423],[-79.995946,40.383067],[-79.995751,40.383589],[-79.994906,40.385002],[-79.994835,40.385299],[-79.994823,40.385842],[-79.995242,40.386572],[-79.996652,40.388285],[-79.996863,40.388805],[-79.996914,40.389491],[-79.996711,40.390553],[-79.996731,40.391162],[-79.996825,40.391524],[-79.997198,40.392413],[-79.997344,40.39299],[-79.997686,40.392595],[-79.99791,40.392186],[-79.997823,40.391199],[-79.997838,40.389746],[-79.999398,40.389887],[-79.999192,40.388925],[-79.999267,40.388943],[-80.002164,40.388193],[-80.002632,40.388619],[-80.002768,40.38871],[-80.002905,40.388723],[-80.004648,40.388365]]]}},{"type":"Feature","properties":{"block_count":76,"land_area_km2":1.5704,"centroid":[-79.966358,40.414854],"bbox":[-79.982259,40.40928,-79.955098,40.421257],"boundary_source":"Dissolved from 2010 Census blocks (BlockCodes2016)","id":"42003561600","name":"Tract 5616.00","geoid":"42003561600","geography":"census_tract_2010"},"geometry":{"type":"Polygon","coordinates":[[[-79.965105,40.417431],[-79.966441,40.417208],[-79.967064,40.417184],[-79.970376,40.417633],[-79.970902,40.417649],[-79.975699,40.417128],[-79.976025,40.417165],[-79.976582,40.417682],[-79.976754,40.417751],[-79.978348,40.417923],[-79.978869,40.417957],[-79.98041,40.417739],[-79.982259,40.417667],[-79.982185,40.416083],[-79.981887,40.416106],[-79.981795,40.414111],[-79.977972,40.414232],[-79.976999,40.413915],[-79.975621,40.413249],[-79.974981,40.413127],[-79.973518,40.412664],[-79.973,40.412552],[-79.972033,40.412458],[-79.971456,40.412243],[-79.969312,40.411873],[-79.968595,40.41191],[-79.968036,40.41186],[-79.967497,40.411661],[-79.966593,40.411099],[-79.965889,40.41074],[-79.964883,40.410143],[-79.964484,40.409702],[-79.96444,40.409577],[-79.96448,40.40928],[-79.963882,40.40958],[-79.963476,40.409552],[-79.962831,40.409725],[-79.962612,40.409679],[-79.962001,40.409676],[-79.961232,40.409782],[-79.960549,40.409822],[-79.960142,40.409915],[-79.959693,40.409906],[-79.95949,40.409751],[-79.959055,40.409778],[-79.958292,40.409969],[-79.957811,40.410337],[-79.957264,40.410556],[-79.956782,40.41063],[-79.956366,40.410631],[-79.955976,40.410467],[-79.955098,40.410546],[-79.955252,40.411062],[-79.955836,40.410947],[-79.955754,40.414277],[-79.955901,40.415388],[-79.956414,40.417],[-79.957386,40.418443],[-79.957899,40.419006],[-79.958163,40.419221],[-79.961288,40.421257],[-79.961429,40.421121],[-79.961618,40.42124],[-79.962728,40.420321],[-79.962568,40.420188],[-79.962724,40.420099],[-79.96304,40.419286],[-79.963596,40.419024],[-79.964039,40.418266],[-79.965105,40.417431]]]}},{"type":"Feature","properties":{"block_count":34,"land_area_km2":1.0757,"centroid":[-79.973982,40.409317],"bbox":[-79.981795,40.40392,-79.962612,40.414232],"boundary_source":"Dissolved from 2010 Census blocks (BlockCodes2016)","id":"42003561700","name":"Tract 5617.00","geoid":"42003561700","geography":"census_tract_2010"},"geometry":{"type":"Polygon","coordinates":[[[-79.981659,40.411954],[-79.981571,40.410415],[-79.980801,40.409485],[-79.981091,40.40784],[-79.980479,40.40716],[-79.97925,40.406702],[-79.978612,40.406378],[-79.978262,40.406149],[-79.977877,40.405707],[-79.975892,40.404375],[-79.976555,40.40392],[-79.975946,40.404034],[-79.975872,40.404196],[-79.975308,40.404496],[-79.974847,40.404633],[-79.973135,40.404869],[-79.972606,40.404811],[-79.972225,40.405017],[-79.969312,40.405479],[-79.96889,40.405645],[-79.966455,40.407015],[-79.965212,40.407973],[-79.965259,40.408328],[-79.964419,40.409176],[-79.96377,40.409502],[-79.963584,40.40948],[-79.96283,40.409671],[-79.962612,40.409679],[-79.962831,40.409725],[-79.963476,40.409552],[-79.963882,40.40958],[-79.96448,40.40928],[-79.96444,40.409577],[-79.964484,40.409702],[-79.964883,40.410143],[-79.967669,40.411734],[-79.968036,40.41186],[-79.968356,40.411905],[-79.969312,40.411873],[-79.971456,40.412243],[-79.972033,40.412458],[-79.973,40.412552],[-79.973518,40.412664],[-79.974981,40.413127],[-79.975621,40.413249],[-79.976999,40.413915],[-79.977972,40.414232],[-79.981795,40.414111],[-79.981659,40.411954]]]}},{"type":"Feature","properties":{"block_count":55,"land_area_km2":1.2503,"centroid":[-79.893641,40.470495],"bbox":[-79.899373,40.461679,-79.887081,40.480594],"boundary_source":"Dissolved from 2010 Census blocks (BlockCodes2016)","id":"42003561900","name":"Tract 5619.00","geoid":"42003561900","geography":"census_tract_2010"},"geometry":{"type":"Polygon","coordinates":[[[-79.89084,40.461879],[-79.889993,40.461679],[-79.889974,40.462108],[-79.888283,40.470037],[-79.887722,40.473142],[-79.887081,40.47592],[-79.88755,40.475168],[-79.888242,40.474408],[-79.888588,40.473582],[-79.889048,40.474121],[-79.888608,40.474818],[-79.888651,40.474958],[-79.888973,40.475114],[-79.889183,40.475082],[-79.889847,40.474633],[-79.8938,40.474938],[-79.893774,40.475236],[-79.893699,40.475376],[-79.893025,40.475803],[-79.892768,40.476069],[-79.892701,40.476205],[-79.892639,40.476644],[-79.892707,40.476807],[-79.892894,40.476987],[-79.893648,40.477095],[-79.894133,40.477244],[-79.894747,40.477596],[-79.895414,40.47816],[-79.896264,40.479042],[-79.896535,40.479368],[-79.89694,40.480165],[-79.897116,40.480407],[-79.897399,40.48055],[-79.897784,40.480594],[-79.897986,40.480571],[-79.898165,40.480513],[-79.8985,40.480297],[-79.898962,40.479851],[-79.899223,40.479444],[-79.899373,40.479],[-79.899345,40.478528],[-79.899138,40.478252],[-79.898775,40.477962],[-79.898603,40.477731],[-79.898547,40.477555],[-79.898613,40.476729],[-79.89847,40.476232],[-79.898371,40.474968],[-79.898471,40.474303],[-79.898281,40.473738],[-79.898082,40.473547],[-79.898474,40.473251],[-79.898741,40.472831],[-79.899249,40.472722],[-79.896047,40.468749],[-79.896602,40.468385],[-79.897438,40.467107],[-79.898018,40.465625],[-79.898811,40.46478],[-79.898976,40.464668],[-79.896197,40.464035],[-79.894453,40.462543],[-79.894351,40.462573],[-79.893444,40.462473],[-79.89084,40.461879]]]}},{"type":"Feature","properties":{"block_count":28,"land_area_km2":0.5869,"centroid":[-79.9539,40.451843],"bbox":[-79.959979,40.444115,-79.948751,40.460303],"boundary_source":"Dissolved from 2010 Census blocks (BlockCodes2016)","id":"42003562000","name":"Tract 5620.00","geoid":"42003562000","geography":"census_tract_2010"},"geometry":{"type":"Polygon","coordinates":[[[-79.954095,40.453365],[-79.954071,40.453098],[-79.954153,40.452816],[-79.954904,40.450976],[-79.955479,40.450518],[-79.958474,40.448449],[-79.958647,40.448238],[-79.958811,40.447975],[-79.958912,40.447575],[-79.959016,40.446175],[-79.95908,40.445916],[-79.959648,40.444619],[-79.959979,40.444253],[-79.959916,40.444129],[-79.959787,40.444115],[-79.958879,40.444792],[-79.957435,40.445661],[-79.956964,40.445808],[-79.956701,40.445966],[-79.95638,40.445703],[-79.950738,40.4498],[-79.948751,40.450392],[-79.949674,40.4525],[-79.949775,40.453114],[-79.951001,40.455925],[-79.95148,40.457344],[-79.952534,40.4575],[-79.952991,40.457629],[-79.953749,40.458025],[-79.954265,40.458487],[-79.955476,40.459914],[-79.955936,40.460303],[-79.957064,40.459146],[-79.957359,40.458763],[-79.956236,40.458385],[-79.955993,40.45825],[-79.955812,40.458075],[-79.955184,40.45697],[-79.954402,40.454043],[-79.954095,40.453365]]]}},{"type":"Feature","properties":{"block_count":129,"land_area_km2":3.1162,"centroid":[-79.932729,40.408655],"bbox":[-79.945026,40.396907,-79.918572,40.419835],"boundary_source":"Dissolved from 2010 Census blocks (BlockCodes2016)","id":"42003562300","name":"Tract 5623.00","geoid":"42003562300","geography":"census_tract_2010"},"geometry":{"type":"Polygon","coordinates":[[[-79.919846,40.411708],[-79.92027,40.412026],[-79.920761,40.411627],[-79.921309,40.41236],[-79.92156,40.41222],[-79.921703,40.411772],[-79.922012,40.41193],[-79.922115,40.41179],[-79.922303,40.411707],[-79.922552,40.411716],[-79.922774,40.411804],[-79.92281,40.412075],[-79.922594,40.412737],[-79.92282,40.412613],[-79.923125,40.41268],[-79.92302,40.413082],[-79.923398,40.413317],[-79.923118,40.41363],[-79.923617,40.413796],[-79.924971,40.415048],[-79.92499,40.415161],[-79.924909,40.415449],[-79.925654,40.416355],[-79.925799,40.416647],[-79.925944,40.417589],[-79.926048,40.417932],[-79.926206,40.418237],[-79.926774,40.418911],[-79.928132,40.419102],[-79.928168,40.419683],[-79.929215,40.419753],[-79.929135,40.41925],[-79.929553,40.419159],[-79.929502,40.419002],[-79.930694,40.418891],[-79.930698,40.419037],[-79.932211,40.418956],[-79.932308,40.419835],[-79.93369,40.419732],[-79.93383,40.419788],[-79.935744,40.418795],[-79.936902,40.417935],[-79.937257,40.417609],[-79.938725,40.415795],[-79.939216,40.41549],[-79.939491,40.413339],[-79.939943,40.412649],[-79.942053,40.411797],[-79.945026,40.411241],[-79.943444,40.404091],[-79.943143,40.403109],[-79.942633,40.402152],[-79.94191,40.401322],[-79.941426,40.400942],[-79.940266,40.40021],[-79.939594,40.399915],[-79.938784,40.399678],[-79.937746,40.399485],[-79.936211,40.399448],[-79.935716,40.399484],[-79.93537,40.396907],[-79.934194,40.397137],[-79.932971,40.397317],[-79.933008,40.397631],[-79.931565,40.39816],[-79.929157,40.399256],[-79.927225,40.400926],[-79.925532,40.402884],[-79.924057,40.404487],[-79.921198,40.408216],[-79.918572,40.410757],[-79.919846,40.411708]]]}},{"type":"Feature","properties":{"block_count":171,"land_area_km2":1.8883,"centroid":[-80.002413,40.412706],"bbox":[-80.011229,40.401583,-79.996486,40.421774],"boundary_source":"Dissolved from 2010 Census blocks (BlockCodes2016)","id":"42003562400","name":"Tract 5624.00","geoid":"42003562400","geography":"census_tract_2010"},"geometry":{"type":"Polygon","coordinates":[[[-80.011022,40.415571],[-80.010913,40.41544],[-80.010792,40.415043],[-80.010429,40.414729],[-80.009421,40.414352],[-80.010078,40.413013],[-80.009773,40.412861],[-80.009504,40.412865],[-80.009319,40.412612],[-80.008887,40.412308],[-80.008483,40.411771],[-80.008405,40.411593],[-80.00823,40.411637],[-80.007815,40.410655],[-80.007279,40.410057],[-80.006318,40.409539],[-80.005984,40.409278],[-80.005655,40.408718],[-80.005626,40.408256],[-80.005767,40.407095],[-80.005572,40.406496],[-80.00517,40.406017],[-80.003262,40.404642],[-80.002656,40.404134],[-80.002291,40.40356],[-80.00161,40.401913],[-80.000308,40.402131],[-79.999526,40.402181],[-79.999419,40.401654],[-79.998976,40.401602],[-79.997085,40.401583],[-79.996769,40.401679],[-79.996486,40.401705],[-79.996584,40.404802],[-79.996774,40.407838],[-79.996743,40.408312],[-79.9968,40.409679],[-79.996947,40.411013],[-79.996797,40.411394],[-79.996961,40.411726],[-79.996877,40.413393],[-79.997047,40.413788],[-79.997063,40.415302],[-79.997149,40.415373],[-79.997184,40.415868],[-79.997401,40.421648],[-79.998253,40.421441],[-79.998462,40.421724],[-80.002467,40.421774],[-80.002368,40.421097],[-80.002486,40.421029],[-80.005682,40.420672],[-80.006389,40.420533],[-80.007677,40.420088],[-80.007761,40.419963],[-80.008391,40.419732],[-80.008549,40.419618],[-80.009339,40.418949],[-80.009868,40.418347],[-80.010714,40.417798],[-80.01072,40.417632],[-80.011229,40.417086],[-80.011028,40.415925],[-80.011097,40.415578],[-80.011022,40.415571]]]}},{"type":"Feature","properties":{"block_count":166,"land_area_km2":2.0293,"centroid":[-80.052417,40.457892],"bbox":[-80.075437,40.450153,-80.037568,40.465676],"boundary_source":"Dissolved from 2010 Census blocks (BlockCodes2016)","id":"42003562500","name":"Tract 5625.00","geoid":"42003562500","geography":"census_tract_2010"},"geometry":{"type":"Polygon","coordinates":[[[-80.051287,40.465564],[-80.057965,40.463534],[-80.05835,40.46349],[-80.059651,40.463959],[-80.060313,40.464124],[-80.060988,40.464078],[-80.062196,40.463355],[-80.063378,40.462744],[-80.064622,40.462371],[-80.067227,40.461215],[-80.068164,40.46091],[-80.069389,40.460855],[-80.070327,40.460975],[-80.070452,40.461063],[-80.072334,40.461374],[-80.074759,40.463612],[-80.074976,40.463549],[-80.075437,40.462672],[-80.074392,40.461875],[-80.073878,40.461558],[-80.073263,40.461316],[-80.06996,40.460474],[-80.069464,40.460423],[-80.068986,40.460446],[-80.06723,40.459868],[-80.066982,40.459745],[-80.066957,40.459864],[-80.065712,40.459839],[-80.065675,40.459358],[-80.064814,40.459107],[-80.064841,40.459231],[-80.064754,40.459364],[-80.064322,40.459493],[-80.064177,40.459647],[-80.06439,40.460158],[-80.064333,40.460665],[-80.06249,40.460685],[-80.062461,40.460435],[-80.062591,40.460452],[-80.062761,40.460001],[-80.062547,40.45958],[-80.062326,40.459465],[-80.062077,40.458689],[-80.062165,40.458348],[-80.062091,40.458275],[-80.06193,40.45833],[-80.061892,40.457943],[-80.06162,40.45757],[-80.061071,40.457037],[-80.061307,40.456832],[-80.062073,40.456351],[-80.061101,40.455433],[-80.060258,40.45595],[-80.059638,40.455366],[-80.059341,40.455613],[-80.059557,40.454932],[-80.05826,40.454707],[-80.05838,40.454294],[-80.055744,40.453853],[-80.054579,40.453285],[-80.054523,40.452605],[-80.054028,40.452536],[-80.053165,40.452329],[-80.052648,40.452134],[-80.051719,40.451676],[-80.051274,40.451536],[-80.045674,40.45052],[-80.045281,40.450422],[-80.045078,40.450153],[-80.044629,40.450469],[-80.042311,40.451547],[-80.041259,40.451917],[-80.040145,40.452469],[-80.039388,40.452875],[-80.037568,40.454049],[-80.045952,40.460611],[-80.04709,40.461644],[-80.050418,40.464668],[-80.050366,40.465676],[-80.051287,40.465564]]]}},{"type":"Feature","properties":{"block_count":211,"land_area_km2":2.1018,"centroid":[-80.036868,40.44317],"bbox":[-80.047431,40.430076,-80.026296,40.454049],"boundary_source":"Dissolved from 2010 Census blocks (BlockCodes2016)","id":"42003562600","name":"Tract 5626.00","geoid":"42003562600","geography":"census_tract_2010"},"geometry":{"type":"Polygon","coordinates":[[[-80.042463,40.444263],[-80.042782,40.443994],[-80.043256,40.444318],[-80.045783,40.442333],[-80.045306,40.441949],[-80.045113,40.4421],[-80.045123,40.44195],[-80.045701,40.44076],[-80.045879,40.440568],[-80.04604,40.440473],[-80.047431,40.439983],[-80.0474,40.439678],[-80.047343,40.439602],[-80.04738,40.439581],[-80.047295,40.438153],[-80.046231,40.43829],[-80.044733,40.438248],[-80.043169,40.437919],[-80.041273,40.437346],[-80.040642,40.437212],[-80.039993,40.437135],[-80.039603,40.437026],[-80.039128,40.436629],[-80.038625,40.436407],[-80.038843,40.436002],[-80.037831,40.43566],[-80.036681,40.435394],[-80.036767,40.435081],[-80.035836,40.434692],[-80.036498,40.4347],[-80.037057,40.434597],[-80.037206,40.43453],[-80.037637,40.434111],[-80.037841,40.433608],[-80.03754,40.433734],[-80.037144,40.433807],[-80.036041,40.433914],[-80.035234,40.433894],[-80.034588,40.433735],[-80.032141,40.432532],[-80.029049,40.430578],[-80.028443,40.430318],[-80.028034,40.430076],[-80.026296,40.43101],[-80.026688,40.431307],[-80.027163,40.431777],[-80.028111,40.432957],[-80.028581,40.433379],[-80.029531,40.43387],[-80.031513,40.435],[-80.032225,40.435459],[-80.032482,40.435701],[-80.032803,40.436153],[-80.032997,40.436797],[-80.032874,40.4388],[-80.032763,40.439268],[-80.032456,40.43982],[-80.030493,40.441818],[-80.030191,40.442066],[-80.029409,40.442965],[-80.02907,40.44326],[-80.027589,40.443742],[-80.028305,40.444217],[-80.028155,40.444291],[-80.02709,40.446199],[-80.028228,40.446664],[-80.037568,40.454049],[-80.039388,40.452875],[-80.040145,40.452469],[-80.041259,40.451917],[-80.042311,40.451547],[-80.044629,40.450469],[-80.045078,40.450153],[-80.044068,40.448004],[-80.044002,40.447758],[-80.04415,40.446898],[-80.044095,40.446474],[-80.043965,40.446143],[-80.043727,40.44589],[-80.043451,40.445738],[-80.043152,40.445653],[-80.04244,40.445572],[-80.042098,40.445449],[-80.04184,40.445273],[-80.041611,40.44497],[-80.042463,40.444263]]]}},{"type":"Feature","properties":{"block_count":44,"land_area_km2":0.9104,"centroid":[-80.009874,40.451944],"bbox":[-80.019429,40.448253,-80.000906,40.456219],"boundary_source":"Dissolved from 2010 Census blocks (BlockCodes2016)","id":"42003562700","name":"Tract 5627.00","geoid":"42003562700","geography":"census_tract_2010"},"geometry":{"type":"Polygon","coordinates":[[[-80.002744,40.450055],[-80.001205,40.450367],[-80.00134,40.450776],[-80.000906,40.450857],[-80.002621,40.456219],[-80.014568,40.453966],[-80.015472,40.453834],[-80.019429,40.453102],[-80.018068,40.448883],[-80.015887,40.448826],[-80.015041,40.44833],[-80.011357,40.448297],[-80.010658,40.448253],[-80.010682,40.4483],[-80.010504,40.448296],[-80.010413,40.448906],[-80.00873,40.449242],[-80.008948,40.449953],[-80.008312,40.449689],[-80.007964,40.449599],[-80.00741,40.449492],[-80.006547,40.449438],[-80.005332,40.449545],[-80.002744,40.450055]]]}},{"type":"Feature","properties":{"block_count":64,"land_area_km2":1.7759,"centroid":[-80.071349,40.422692],"bbox":[-80.085679,40.413399,-80.053773,40.431358],"boundary_source":"Dissolved from 2010 Census blocks (BlockCodes2016)","id":"42003562800","name":"Tract 5628.00","geoid":"42003562800","geography":"census_tract_2010"},"geometry":{"type":"Polygon","coordinates":[[[-80.072681,40.42659],[-80.073717,40.425546],[-80.074313,40.425326],[-80.075503,40.424982],[-80.080519,40.423723],[-80.083346,40.423726],[-80.083598,40.423791],[-80.085542,40.423842],[-80.085679,40.423125],[-80.085626,40.422827],[-80.085191,40.421758],[-80.08467,40.420859],[-80.084258,40.420336],[-80.083828,40.4201],[-80.083078,40.420005],[-80.081444,40.420196],[-80.079287,40.420139],[-80.078239,40.420296],[-80.076213,40.420726],[-80.075673,40.420766],[-80.075298,40.420719],[-80.075127,40.420625],[-80.074909,40.420307],[-80.075028,40.419779],[-80.07539,40.419028],[-80.07583,40.41836],[-80.076528,40.417616],[-80.077217,40.417124],[-80.078693,40.416491],[-80.077353,40.415262],[-80.07715,40.415441],[-80.076765,40.415165],[-80.076672,40.415233],[-80.075921,40.414651],[-80.075831,40.41472],[-80.075133,40.41419],[-80.075039,40.414256],[-80.073862,40.413399],[-80.072808,40.414242],[-80.072315,40.41489],[-80.071908,40.415617],[-80.071775,40.415724],[-80.071526,40.415814],[-80.070202,40.415851],[-80.068046,40.416003],[-80.067282,40.416221],[-80.06643,40.416776],[-80.066123,40.417228],[-80.066096,40.417499],[-80.066608,40.419384],[-80.066882,40.420621],[-80.067211,40.422458],[-80.067202,40.422776],[-80.067058,40.423056],[-80.065514,40.425117],[-80.064665,40.425714],[-80.064048,40.426226],[-80.063787,40.426363],[-80.063605,40.426382],[-80.06157,40.426372],[-80.057235,40.426439],[-80.056411,40.426705],[-80.05434,40.42754],[-80.054002,40.427719],[-80.053773,40.427938],[-80.054199,40.42802],[-80.056073,40.428112],[-80.058262,40.42902],[-80.059154,40.429331],[-80.059706,40.428351],[-80.059787,40.428283],[-80.060008,40.428299],[-80.062166,40.429049],[-80.063173,40.427866],[-80.064364,40.428758],[-80.065546,40.430349],[-80.066444,40.430544],[-80.068022,40.431191],[-80.06858,40.431358],[-80.069504,40.42993],[-80.070567,40.428629],[-80.072681,40.42659]]]}},{"type":"Feature","properties":{"block_count":142,"land_area_km2":6.6777,"centroid":[-79.947132,40.400095],"bbox":[-79.970961,40.373941,-79.925507,40.429417],"boundary_source":"Dissolved from 2010 Census blocks (BlockCodes2016)","id":"42003562900","name":"Tract 5629.00","geoid":"42003562900","geography":"census_tract_2010"},"geometry":{"type":"Polygon","coordinates":[[[-79.952973,40.425983],[-79.953651,40.425988],[-79.954009,40.426269],[-79.955148,40.427478],[-79.955285,40.427386],[-79.956544,40.428683],[-79.957068,40.429085],[-79.957592,40.42937],[-79.957886,40.429417],[-79.958507,40.42938],[-79.959278,40.429177],[-79.960296,40.428635],[-79.955973,40.424569],[-79.954573,40.420769],[-79.952317,40.411237],[-79.953093,40.411183],[-79.952613,40.408854],[-79.952201,40.407245],[-79.951621,40.405367],[-79.950849,40.403751],[-79.949915,40.402401],[-79.949021,40.401306],[-79.948135,40.400422],[-79.946805,40.399352],[-79.9455,40.398462],[-79.943941,40.397775],[-79.94259,40.397328],[-79.941109,40.397127],[-79.937758,40.39695],[-79.937496,40.395662],[-79.937112,40.395267],[-79.936713,40.395161],[-79.938793,40.395026],[-79.938156,40.39298],[-79.94387,40.394168],[-79.94439,40.394404],[-79.945308,40.394929],[-79.944933,40.395417],[-79.946078,40.395905],[-79.947379,40.396914],[-79.950608,40.399618],[-79.951053,40.400238],[-79.951517,40.400029],[-79.95284,40.401705],[-79.952555,40.402184],[-79.952921,40.40267],[-79.953201,40.402518],[-79.953492,40.403205],[-79.953288,40.403258],[-79.95492,40.406845],[-79.956032,40.406617],[-79.955971,40.406887],[-79.956283,40.407188],[-79.956625,40.407774],[-79.956644,40.408229],[-79.956112,40.409116],[-79.956203,40.409432],[-79.956131,40.410309],[-79.956582,40.410346],[-79.959048,40.40974],[-79.95907,40.409061],[-79.959292,40.409057],[-79.959311,40.408727],[-79.960098,40.408755],[-79.960393,40.407761],[-79.960489,40.407771],[-79.960909,40.407561],[-79.961354,40.408079],[-79.962227,40.408155],[-79.96303,40.407881],[-79.963563,40.408795],[-79.963884,40.408737],[-79.965887,40.40723],[-79.969061,40.40537],[-79.969503,40.405062],[-79.970106,40.404756],[-79.970736,40.403465],[-79.970961,40.403423],[-79.970871,40.403254],[-79.970865,40.402811],[-79.969054,40.400468],[-79.964795,40.399687],[-79.963904,40.399715],[-79.963476,40.398325],[-79.962989,40.398068],[-79.962565,40.397946],[-79.961057,40.397828],[-79.958798,40.397443],[-79.958451,40.397313],[-79.958161,40.397112],[-79.957731,40.389844],[-79.954913,40.389871],[-79.954353,40.389979],[-79.954207,40.390103],[-79.954023,40.39016],[-79.952436,40.390183],[-79.95187,40.390293],[-79.950099,40.390801],[-79.949774,40.390816],[-79.949522,40.390726],[-79.949502,40.39124],[-79.949154,40.391229],[-79.949202,40.390591],[-79.947282,40.390049],[-79.947073,40.390171],[-79.945171,40.390254],[-79.944395,40.390177],[-79.943841,40.389031],[-79.943647,40.389101],[-79.942093,40.388214],[-79.936124,40.3888],[-79.935384,40.383613],[-79.93553,40.382501],[-79.935473,40.38095],[-79.938278,40.38016],[-79.942535,40.37967],[-79.942889,40.379325],[-79.943152,40.379484],[-79.94406,40.378574],[-79.943332,40.378157],[-79.9455,40.376079],[-79.943666,40.374965],[-79.942734,40.375965],[-79.939439,40.373941],[-79.926577,40.374999],[-79.926768,40.375635],[-79.926818,40.376024],[-79.926817,40.376513],[-79.926719,40.37705],[-79.926482,40.377679],[-79.925507,40.379607],[-79.925844,40.379819],[-79.926978,40.380838],[-79.927697,40.381389],[-79.929346,40.382482],[-79.930472,40.383069],[-79.930414,40.383504],[-79.930874,40.383651],[-79.931378,40.383926],[-79.931583,40.38412],[-79.931981,40.385242],[-79.932038,40.385894],[-79.931359,40.388236],[-79.931232,40.389176],[-79.93123,40.390752],[-79.932357,40.391499],[-79.932971,40.397317],[-79.934194,40.397137],[-79.93537,40.396907],[-79.935716,40.399484],[-79.936211,40.399448],[-79.937746,40.399485],[-79.938784,40.399678],[-79.939586,40.399912],[-79.940266,40.40021],[-79.941147,40.400739],[-79.94191,40.401322],[-79.942224,40.401655],[-79.942784,40.40238],[-79.943143,40.403109],[-79.943358,40.40377],[-79.945026,40.411241],[-79.942053,40.411797],[-79.939943,40.412649],[-79.939491,40.413339],[-79.939216,40.41549],[-79.938725,40.415795],[-79.937257,40.417609],[-79.936902,40.417935],[-79.935744,40.418795],[-79.93383,40.419788],[-79.936023,40.419394],[-79.937605,40.419162],[-79.941039,40.418871],[-79.947559,40.421993],[-79.949506,40.425095],[-79.950078,40.424883],[-79.950647,40.425076],[-79.950875,40.425033],[-79.951037,40.424912],[-79.951014,40.425043],[-79.950873,40.425179],[-79.949927,40.425538],[-79.949785,40.425607],[-79.949835,40.425665],[-79.950794,40.425488],[-79.952036,40.424917],[-79.952288,40.424898],[-79.952236,40.425429],[-79.951956,40.426016],[-79.950798,40.427203],[-79.950912,40.427174],[-79.951886,40.426224],[-79.952212,40.426046],[-79.952543,40.42598],[-79.952973,40.425983]]]}},{"type":"Feature","properties":{"block_count":81,"land_area_km2":3.9418,"centroid":[-80.080922,40.452879],"bbox":[-80.095509,40.439731,-80.061869,40.464749],"boundary_source":"Dissolved from 2010 Census blocks (BlockCodes2016)","id":"42003563000","name":"Tract 5630.00","geoid":"42003563000","geography":"census_tract_2010"},"geometry":{"type":"Polygon","coordinates":[[[-80.084701,40.442049],[-80.084068,40.441929],[-80.083466,40.441203],[-80.082601,40.440333],[-80.082077,40.440086],[-80.080771,40.439731],[-80.080733,40.439987],[-80.080477,40.440408],[-80.080471,40.440556],[-80.078118,40.441349],[-80.076352,40.441808],[-80.078505,40.446527],[-80.077629,40.446905],[-80.076948,40.44714],[-80.076352,40.447246],[-80.076534,40.448007],[-80.073149,40.448653],[-80.072945,40.448325],[-80.071587,40.448621],[-80.068359,40.447778],[-80.06714,40.44889],[-80.066682,40.44882],[-80.06631,40.449429],[-80.065368,40.449074],[-80.06532,40.448539],[-80.064288,40.448174],[-80.064323,40.447705],[-80.064013,40.447627],[-80.063661,40.44794],[-80.062611,40.447233],[-80.061869,40.447772],[-80.062095,40.44801],[-80.062276,40.448099],[-80.062764,40.448501],[-80.064296,40.449557],[-80.065401,40.450256],[-80.066203,40.450618],[-80.069439,40.451569],[-80.072157,40.453276],[-80.070189,40.454284],[-80.070002,40.454472],[-80.068722,40.455222],[-80.067114,40.455997],[-80.067125,40.456833],[-80.067468,40.457173],[-80.067391,40.457199],[-80.067343,40.457156],[-80.066901,40.457342],[-80.067217,40.457757],[-80.067455,40.457899],[-80.066982,40.459745],[-80.06723,40.459868],[-80.068986,40.460446],[-80.069464,40.460423],[-80.06996,40.460474],[-80.070503,40.460591],[-80.073263,40.461316],[-80.073878,40.461558],[-80.074392,40.461875],[-80.075437,40.462672],[-80.074976,40.463549],[-80.074759,40.463612],[-80.076265,40.464558],[-80.076498,40.464657],[-80.077343,40.464749],[-80.078059,40.464684],[-80.079397,40.463854],[-80.079934,40.463366],[-80.080249,40.46249],[-80.080524,40.461925],[-80.08089,40.461237],[-80.081188,40.460884],[-80.081453,40.460619],[-80.082273,40.459999],[-80.083157,40.459605],[-80.083702,40.459439],[-80.086118,40.459809],[-80.086782,40.459856],[-80.088024,40.459737],[-80.089723,40.459796],[-80.089806,40.459753],[-80.091127,40.459885],[-80.09205,40.459857],[-80.093856,40.459977],[-80.094013,40.459925],[-80.094396,40.459937],[-80.094858,40.459815],[-80.095296,40.45958],[-80.095422,40.459452],[-80.095509,40.459064],[-80.095504,40.458231],[-80.095426,40.458148],[-80.095458,40.458007],[-80.095235,40.456639],[-80.095369,40.45657],[-80.095196,40.456381],[-80.095182,40.456017],[-80.095081,40.455823],[-80.094672,40.453997],[-80.094508,40.45365],[-80.094604,40.45301],[-80.094567,40.452317],[-80.094654,40.45193],[-80.0945,40.451331],[-80.094024,40.450872],[-80.093375,40.450754],[-80.092726,40.450853],[-80.091708,40.451303],[-80.090949,40.45146],[-80.090621,40.451419],[-80.089949,40.450971],[-80.089716,40.450724],[-80.089583,40.450454],[-80.089601,40.449782],[-80.091024,40.44905],[-80.090273,40.447522],[-80.090108,40.446579],[-80.090399,40.44541],[-80.090165,40.444162],[-80.089237,40.443333],[-80.088103,40.442951],[-80.085574,40.442324],[-80.084701,40.442049]]]}},{"type":"Feature","properties":{"block_count":87,"land_area_km2":2.7176,"centroid":[-80.043711,40.430925],"bbox":[-80.059154,40.420029,-80.028034,40.43829],"boundary_source":"Dissolved from 2010 Census blocks (BlockCodes2016)","id":"42003563100","name":"Tract 5631.00","geoid":"42003563100","geography":"census_tract_2010"},"geometry":{"type":"Polygon","coordinates":[[[-80.052855,40.437767],[-80.053215,40.437911],[-80.053575,40.437956],[-80.055858,40.437767],[-80.057454,40.437566],[-80.059123,40.437135],[-80.058521,40.436752],[-80.057963,40.436473],[-80.057918,40.436399],[-80.057988,40.436353],[-80.058104,40.435212],[-80.058025,40.434508],[-80.057565,40.434515],[-80.057336,40.431513],[-80.05752,40.431282],[-80.057907,40.431459],[-80.059154,40.429331],[-80.058262,40.42902],[-80.056073,40.428112],[-80.054016,40.427991],[-80.05146,40.427138],[-80.050568,40.427071],[-80.04946,40.426812],[-80.048611,40.426338],[-80.047803,40.425735],[-80.047381,40.425957],[-80.047396,40.42701],[-80.046592,40.427031],[-80.046809,40.427372],[-80.046643,40.42942],[-80.044628,40.429062],[-80.043289,40.428193],[-80.042705,40.428674],[-80.04315,40.428044],[-80.042491,40.428618],[-80.04169,40.428987],[-80.040698,40.428683],[-80.038371,40.427846],[-80.037463,40.428545],[-80.034827,40.428358],[-80.037394,40.424267],[-80.038517,40.422351],[-80.039647,40.420621],[-80.037855,40.42042],[-80.035944,40.420129],[-80.03501,40.42004],[-80.03431,40.420029],[-80.033636,40.420101],[-80.032942,40.420269],[-80.032535,40.420423],[-80.031872,40.420788],[-80.031336,40.42126],[-80.030904,40.421811],[-80.03054,40.422735],[-80.030547,40.423404],[-80.03086,40.424882],[-80.031002,40.425851],[-80.030988,40.426371],[-80.030893,40.426965],[-80.030751,40.42733],[-80.030484,40.427897],[-80.030183,40.428358],[-80.029697,40.428926],[-80.028838,40.429629],[-80.028034,40.430076],[-80.028443,40.430318],[-80.029049,40.430578],[-80.032141,40.432532],[-80.034588,40.433735],[-80.035234,40.433894],[-80.036041,40.433914],[-80.037144,40.433807],[-80.03754,40.433734],[-80.037841,40.433608],[-80.037637,40.434111],[-80.037206,40.43453],[-80.037057,40.434597],[-80.036498,40.4347],[-80.035836,40.434692],[-80.036767,40.435081],[-80.036681,40.435394],[-80.037831,40.43566],[-80.038843,40.436002],[-80.038625,40.436407],[-80.039128,40.436629],[-80.039603,40.437026],[-80.039758,40.437089],[-80.040916,40.437262],[-80.043475,40.437998],[-80.044476,40.438208],[-80.045088,40.43828],[-80.046231,40.43829],[-80.047753,40.438098],[-80.04887,40.43815],[-80.049215,40.438121],[-80.049465,40.438075],[-80.050552,40.437591],[-80.050944,40.437504],[-80.052357,40.437572],[-80.052855,40.437767]]]}},{"type":"Feature","properties":{"block_count":195,"land_area_km2":0.926,"centroid":[-79.997933,40.452925],"bbox":[-80.004693,40.445648,-79.990791,40.461223],"boundary_source":"Dissolved from 2010 Census blocks (BlockCodes2016)","id":"42003563200","name":"Tract 5632.00","geoid":"42003563200","geography":"census_tract_2010"},"geometry":{"type":"Polygon","coordinates":[[[-80.001567,40.456413],[-80.002621,40.456219],[-80.000906,40.450857],[-80.00134,40.450776],[-80.001205,40.450367],[-80.004693,40.449657],[-80.003872,40.44706],[-80.003344,40.445648],[-80.0,40.446601],[-79.997924,40.447273],[-79.995621,40.448442],[-79.992395,40.450413],[-79.990791,40.451588],[-79.993442,40.453819],[-79.992281,40.454771],[-79.992928,40.455228],[-79.993606,40.455248],[-79.994293,40.454935],[-79.994504,40.454919],[-79.994669,40.455404],[-79.993099,40.455788],[-79.991304,40.456734],[-79.994082,40.457965],[-79.994089,40.458274],[-79.99427,40.458045],[-79.994705,40.458212],[-79.995477,40.458101],[-79.995435,40.458331],[-79.994643,40.459719],[-79.99395,40.460536],[-79.993186,40.461223],[-79.993358,40.461166],[-79.993786,40.460815],[-79.99518,40.459948],[-79.996372,40.459345],[-79.996664,40.459246],[-79.996868,40.459233],[-79.998494,40.458617],[-79.999146,40.458479],[-79.999516,40.459721],[-79.999698,40.459666],[-79.99973,40.459878],[-80.000044,40.459771],[-80.00005,40.459961],[-80.000976,40.45942],[-80.000828,40.458954],[-80.002238,40.458682],[-80.002123,40.458133],[-80.001567,40.456413]]]}},{"type":"Feature","properties":{"block_count":11,"land_area_km2":0.6372,"centroid":[-79.892402,40.488256],"bbox":[-79.90168,40.483948,-79.884484,40.492614],"boundary_source":"Dissolved from 2010 Census blocks (BlockCodes2016)","id":"42003980000","name":"Tract 9800.00","geoid":"42003980000","geography":"census_tract_2010"},"geometry":{"type":"Polygon","coordinates":[[[-79.8846,40.490782],[-79.884604,40.490922],[-79.88724,40.491151],[-79.893799,40.492105],[-79.896912,40.492614],[-79.896914,40.492488],[-79.896875,40.49248],[-79.896961,40.491735],[-79.897604,40.487879],[-79.901626,40.488985],[-79.901601,40.488367],[-79.901679,40.488146],[-79.90168,40.486218],[-79.900887,40.486128],[-79.88887,40.484046],[-79.888877,40.484014],[-79.8882,40.483948],[-79.888111,40.485176],[-79.888175,40.48644],[-79.88633,40.486563],[-79.884556,40.486774],[-79.884618,40.488375],[-79.884484,40.488949],[-79.884568,40.489615],[-79.8846,40.490782]]]}},{"type":"Feature","properties":{"block_count":32,"land_area_km2":1.4409,"centroid":[-79.914417,40.481106],"bbox":[-79.927573,40.46741,-79.905354,40.488258],"boundary_source":"Dissolved from 2010 Census blocks (BlockCodes2016)","id":"42003980100","name":"Tract 9801.00","geoid":"42003980100","geography":"census_tract_2010"},"geometry":{"type":"Polygon","coordinates":[[[-79.913185,40.486648],[-79.913355,40.486472],[-79.913536,40.486427],[-79.915488,40.486896],[-79.916246,40.486971],[-79.917586,40.487281],[-79.918409,40.487405],[-79.92007,40.487842],[-79.920245,40.487416],[-79.920526,40.487199],[-79.920445,40.486958],[-79.920458,40.486785],[-79.920603,40.486566],[-79.920798,40.486389],[-79.921778,40.485763],[-79.922352,40.48532],[-79.922845,40.484847],[-79.924328,40.483161],[-79.927573,40.480768],[-79.925575,40.480069],[-79.922382,40.479474],[-79.922263,40.479663],[-79.920156,40.478963],[-79.919679,40.4798],[-79.916175,40.47848],[-79.915936,40.478835],[-79.914976,40.478808],[-79.913879,40.478634],[-79.913341,40.478718],[-79.913109,40.478322],[-79.913117,40.478207],[-79.913536,40.477678],[-79.913755,40.477614],[-79.913868,40.477472],[-79.914305,40.475281],[-79.913319,40.475186],[-79.913235,40.475476],[-79.912348,40.475365],[-79.912393,40.47516],[-79.910815,40.475132],[-79.910822,40.47505],[-79.91165,40.470092],[-79.911959,40.469653],[-79.912385,40.469355],[-79.912744,40.469226],[-79.914839,40.468832],[-79.914828,40.468496],[-79.914632,40.468232],[-79.915126,40.467958],[-79.914605,40.46741],[-79.911707,40.468605],[-79.911133,40.4689],[-79.910349,40.469467],[-79.909546,40.470181],[-79.909237,40.470245],[-79.908622,40.470281],[-79.907835,40.479647],[-79.907845,40.480494],[-79.908067,40.482511],[-79.907929,40.48362],[-79.907351,40.48404],[-79.90653,40.483936],[-79.906375,40.484565],[-79.905354,40.486726],[-79.907474,40.487229],[-79.912414,40.488258],[-79.913185,40.486648]]]}},{"type":"Feature","properties":{"block_count":3,"land_area_km2":1.2941,"centroid":[-79.905725,40.432555],"bbox":[-79.915334,40.426076,-79.898672,40.439516],"boundary_source":"Dissolved from 2010 Census blocks (BlockCodes2016)","id":"42003980300","name":"Tract 9803.00","geoid":"42003980300","geography":"census_tract_2010"},"geometry":{"type":"Polygon","coordinates":[[[-79.898902,40.436202],[-79.89899,40.436443],[-79.899042,40.437734],[-79.89934,40.438212],[-79.899769,40.438712],[-79.900267,40.439516],[-79.9014,40.439459],[-79.902184,40.439293],[-79.904815,40.438189],[-79.905345,40.438088],[-79.911475,40.438013],[-79.911511,40.437854],[-79.909382,40.437223],[-79.909082,40.437051],[-79.908902,40.436812],[-79.908829,40.436459],[-79.908925,40.436178],[-79.909166,40.435939],[-79.909416,40.435809],[-79.909072,40.433968],[-79.911174,40.432876],[-79.911915,40.433139],[-79.912871,40.432588],[-79.91405,40.432052],[-79.915105,40.431393],[-79.915092,40.430969],[-79.915189,40.430965],[-79.915215,40.430307],[-79.915334,40.429887],[-79.915144,40.429836],[-79.913404,40.429005],[-79.911853,40.428356],[-79.907897,40.426581],[-79.907464,40.426485],[-79.907158,40.427018],[-79.907063,40.427371],[-79.906919,40.427625],[-79.906691,40.427752],[-79.906298,40.427797],[-79.905882,40.427722],[-79.905766,40.427509],[-79.906196,40.426428],[-79.90621,40.4263],[-79.906117,40.426076],[-79.905718,40.426134],[-79.905538,40.426267],[-79.905266,40.426328],[-79.905071,40.426317],[-79.904892,40.426211],[-79.904597,40.426146],[-79.904095,40.426118],[-79.90385,40.426152],[-79.903189,40.426362],[-79.902671,40.426672],[-79.902139,40.4271],[-79.901852,40.427192],[-79.901368,40.42723],[-79.898672,40.435568],[-79.898902,40.436202]]]}},{"type":"Feature","properties":{"block_count":9,"land_area_km2":1.1064,"centroid":[-80.02002,40.481938],"bbox":[-80.027297,40.476195,-80.01179,40.491369],"boundary_source":"Dissolved from 2010 Census blocks (BlockCodes2016)","id":"42003980400","name":"Tract 9804.00","geoid":"42003980400","geography":"census_tract_2010"},"geometry":{"type":"Polygon","coordinates":[[[-80.022932,40.476569],[-80.022101,40.476646],[-80.021923,40.476626],[-80.02181,40.476534],[-80.021588,40.476633],[-80.021533,40.476614],[-80.021524,40.476519],[-80.019715,40.476589],[-80.018869,40.476989],[-80.018531,40.477265],[-80.015727,40.477327],[-80.015255,40.477421],[-80.014216,40.477444],[-80.01358,40.478039],[-80.013435,40.478102],[-80.012855,40.478148],[-80.012793,40.478352],[-80.012736,40.478352],[-80.012662,40.478733],[-80.01196,40.478689],[-80.011794,40.479532],[-80.01179,40.479682],[-80.012004,40.479914],[-80.012703,40.480195],[-80.012993,40.479771],[-80.013163,40.479845],[-80.013197,40.479801],[-80.013686,40.479992],[-80.013071,40.480417],[-80.013351,40.480894],[-80.013584,40.481441],[-80.013786,40.481963],[-80.013778,40.482143],[-80.013621,40.482417],[-80.012985,40.483208],[-80.012899,40.483447],[-80.012951,40.483657],[-80.013048,40.483776],[-80.013647,40.484236],[-80.013934,40.4843],[-80.014475,40.483912],[-80.014441,40.483864],[-80.017757,40.482337],[-80.017996,40.482661],[-80.018137,40.482689],[-80.017997,40.483189],[-80.017657,40.483586],[-80.01708,40.485],[-80.016444,40.486092],[-80.016825,40.486069],[-80.01704,40.486819],[-80.017517,40.486799],[-80.017583,40.486723],[-80.018875,40.486726],[-80.020237,40.487615],[-80.020243,40.487676],[-80.020153,40.487715],[-80.020324,40.488292],[-80.019826,40.489381],[-80.019953,40.489542],[-80.019214,40.490002],[-80.019725,40.490239],[-80.020414,40.490282],[-80.020403,40.489831],[-80.021428,40.489899],[-80.021412,40.490276],[-80.021159,40.490884],[-80.020453,40.490705],[-80.020595,40.490371],[-80.019784,40.490319],[-80.02036,40.491238],[-80.020886,40.491369],[-80.020967,40.491162],[-80.021554,40.491328],[-80.022074,40.490064],[-80.021592,40.490037],[-80.02159,40.489864],[-80.021747,40.489771],[-80.022007,40.489148],[-80.02211,40.48917],[-80.022134,40.489115],[-80.022369,40.48917],[-80.023108,40.487487],[-80.023144,40.487179],[-80.024491,40.486677],[-80.024611,40.487029],[-80.02514,40.486855],[-80.024785,40.485825],[-80.024224,40.485821],[-80.025118,40.485248],[-80.025677,40.482748],[-80.02498,40.481761],[-80.024924,40.48177],[-80.023509,40.479397],[-80.026001,40.479369],[-80.025974,40.478965],[-80.025808,40.478975],[-80.025803,40.478892],[-80.026996,40.477683],[-80.026584,40.477454],[-80.027297,40.476728],[-80.026761,40.476423],[-80.026632,40.476472],[-80.026847,40.476594],[-80.026729,40.476704],[-80.026461,40.476541],[-80.026241,40.476647],[-80.026124,40.476553],[-80.026611,40.476337],[-80.026349,40.476195],[-80.026161,40.476358],[-80.025818,40.476211],[-80.025326,40.476207],[-80.024629,40.47657],[-80.022932,40.476569]]]}},{"type":"Feature","properties":{"block_count":24,"land_area_km2":1.6038,"centroid":[-79.942195,40.434371],"bbox":[-79.949884,40.428474,-79.932267,40.441492],"boundary_source":"Dissolved from 2010 Census blocks (BlockCodes2016)","id":"42003980500","name":"Tract 9805.00","geoid":"42003980500","geography":"census_tract_2010"},"geometry":{"type":"Polygon","coordinates":[[[-79.932663,40.432019],[-79.93347,40.431955],[-79.933888,40.431969],[-79.93452,40.432025],[-79.934946,40.432126],[-79.934436,40.432326],[-79.934199,40.432503],[-79.933556,40.433225],[-79.933227,40.433398],[-79.933045,40.433435],[-79.934011,40.43739],[-79.934033,40.437707],[-79.934803,40.437681],[-79.935648,40.437563],[-79.936216,40.437623],[-79.938993,40.43855],[-79.939604,40.438684],[-79.940185,40.438699],[-79.940568,40.4388],[-79.940846,40.438967],[-79.941554,40.439794],[-79.942088,40.440107],[-79.94231,40.440172],[-79.942176,40.440444],[-79.942243,40.440482],[-79.947009,40.441483],[-79.947155,40.441492],[-79.947342,40.441431],[-79.948186,40.440799],[-79.948409,40.44086],[-79.948953,40.44118],[-79.94948,40.440574],[-79.949694,40.440236],[-79.949788,40.440008],[-79.949865,40.439517],[-79.949581,40.436505],[-79.949599,40.436021],[-79.94986,40.43443],[-79.949884,40.433609],[-79.949658,40.429191],[-79.949393,40.428886],[-79.949119,40.429124],[-79.947648,40.428601],[-79.946842,40.428474],[-79.944474,40.429084],[-79.943466,40.429264],[-79.943138,40.429649],[-79.941856,40.430103],[-79.940047,40.429812],[-79.940134,40.429511],[-79.939722,40.429304],[-79.93903,40.42884],[-79.937923,40.428634],[-79.937862,40.428627],[-79.937812,40.428726],[-79.936829,40.428703],[-79.935417,40.428837],[-79.933563,40.42915],[-79.933167,40.429226],[-79.932993,40.430235],[-79.933046,40.430228],[-79.933073,40.43028],[-79.932605,40.431378],[-79.932615,40.431481],[-79.932562,40.431481],[-79.932267,40.432065],[-79.932663,40.432019]]]}},{"type":"Feature","properties":{"block_count":53,"land_area_km2":0.9828,"centroid":[-80.028007,40.451981],"bbox":[-80.037337,40.443195,-80.01629,40.462062],"boundary_source":"Dissolved from 2010 Census blocks (BlockCodes2016)","id":"42003980600","name":"Tract 9806.00","geoid":"42003980600","geography":"census_tract_2010"},"geometry":{"type":"Polygon","coordinates":[[[-80.018115,40.449048],[-80.018897,40.451518],[-80.024157,40.450531],[-80.025127,40.450393],[-80.02527,40.450815],[-80.026642,40.450565],[-80.026802,40.451056],[-80.027283,40.450976],[-80.027593,40.451662],[-80.029016,40.455974],[-80.029305,40.456898],[-80.029146,40.456926],[-80.029453,40.457344],[-80.030582,40.460885],[-80.030635,40.460983],[-80.03138,40.461559],[-80.032131,40.462062],[-80.032742,40.46189],[-80.035599,40.461358],[-80.037337,40.461105],[-80.035853,40.452696],[-80.028228,40.446664],[-80.023004,40.444529],[-80.016375,40.443195],[-80.01629,40.443207],[-80.016424,40.444849],[-80.016497,40.444968],[-80.016449,40.445156],[-80.016834,40.445336],[-80.017074,40.445638],[-80.017715,40.447582],[-80.018115,40.449048]]]}},{"type":"Feature","properties":{"block_count":33,"land_area_km2":0.5631,"centroid":[-80.011801,40.437744],"bbox":[-80.028305,40.429147,-79.996679,40.446199],"boundary_source":"Dissolved from 2010 Census blocks (BlockCodes2016)","id":"42003980700","name":"Tract 9807.00","geoid":"42003980700","geography":"census_tract_2010"},"geometry":{"type":"Polygon","coordinates":[[[-79.996754,40.432802],[-79.996679,40.432912],[-79.999646,40.433233],[-80.000002,40.433369],[-80.014217,40.4407],[-80.01629,40.443207],[-80.016375,40.443195],[-80.023004,40.444529],[-80.02709,40.446199],[-80.028155,40.444291],[-80.028305,40.444217],[-80.027589,40.443742],[-80.027954,40.443623],[-80.021226,40.441075],[-80.019507,40.440361],[-80.017504,40.439658],[-80.016477,40.43922],[-80.013941,40.437769],[-80.013678,40.437662],[-80.013734,40.437553],[-80.013615,40.437614],[-80.011835,40.436551],[-80.008421,40.434034],[-80.006076,40.432612],[-80.005178,40.432184],[-80.00561,40.431716],[-80.005477,40.431654],[-80.003101,40.430711],[-80.00096,40.429757],[-79.999268,40.429147],[-79.996754,40.432802]]]}},{"type":"Feature","properties":{"block_count":38,"land_area_km2":0.4001,"centroid":[-79.964116,40.431963],"bbox":[-79.973406,40.42598,-79.950431,40.436007],"boundary_source":"Dissolved from 2010 Census blocks (BlockCodes2016)","id":"42003980800","name":"Tract 9808.00","geoid":"42003980800","geography":"census_tract_2010"},"geometry":{"type":"Polygon","coordinates":[[[-79.966632,40.435127],[-79.96733,40.435384],[-79.968351,40.435677],[-79.969584,40.435945],[-79.969582,40.435863],[-79.969859,40.435869],[-79.969304,40.435775],[-79.969995,40.435793],[-79.971715,40.435989],[-79.972981,40.436007],[-79.973406,40.433853],[-79.960296,40.428635],[-79.959278,40.429177],[-79.958507,40.42938],[-79.957886,40.429417],[-79.957592,40.42937],[-79.957068,40.429085],[-79.956544,40.428683],[-79.955285,40.427386],[-79.955148,40.427478],[-79.954009,40.426269],[-79.953651,40.425988],[-79.952543,40.42598],[-79.952212,40.426046],[-79.951886,40.426224],[-79.950912,40.427174],[-79.950798,40.427203],[-79.950431,40.427598],[-79.951078,40.427453],[-79.951468,40.427418],[-79.952561,40.427408],[-79.953058,40.427463],[-79.953874,40.427645],[-79.954714,40.427974],[-79.955076,40.428166],[-79.95578,40.428651],[-79.958003,40.430929],[-79.959092,40.431771],[-79.959929,40.432216],[-79.966632,40.435127]]]}},{"type":"Feature","properties":{"block_count":51,"land_area_km2":1.4534,"centroid":[-80.041942,40.466535],"bbox":[-80.051178,40.452696,-80.030734,40.478862],"boundary_source":"Dissolved from 2010 Census blocks (BlockCodes2016)","id":"42003980900","name":"Tract 9809.00","geoid":"42003980900","geography":"census_tract_2010"},"geometry":{"type":"Polygon","coordinates":[[[-80.046438,40.477732],[-80.048394,40.477106],[-80.047876,40.475868],[-80.047566,40.47492],[-80.047126,40.474031],[-80.046841,40.472395],[-80.047097,40.471687],[-80.047771,40.471147],[-80.04965,40.469976],[-80.050265,40.469281],[-80.050642,40.468297],[-80.050963,40.467254],[-80.051178,40.465599],[-80.050366,40.465676],[-80.050418,40.464668],[-80.045952,40.460611],[-80.035853,40.452696],[-80.037337,40.461105],[-80.035599,40.461358],[-80.032742,40.46189],[-80.032131,40.462062],[-80.03138,40.461559],[-80.031312,40.461741],[-80.030829,40.462078],[-80.030734,40.462101],[-80.031502,40.46302],[-80.032257,40.463663],[-80.033768,40.4657],[-80.035414,40.467504],[-80.035686,40.467986],[-80.036309,40.469385],[-80.036424,40.469589],[-80.036484,40.469564],[-80.036673,40.470029],[-80.036979,40.470569],[-80.038346,40.47283],[-80.04017,40.47518],[-80.041174,40.475995],[-80.043077,40.478862],[-80.043349,40.478715],[-80.046438,40.477732]]]}},{"type":"Feature","properties":{"block_count":73,"land_area_km2":1.377,"centroid":[-79.94887,40.473079],"bbox":[-79.958046,40.465466,-79.934571,40.478645],"boundary_source":"Dissolved from 2010 Census blocks (BlockCodes2016)","id":"42003981000","name":"Tract 9810.00","geoid":"42003981000","geography":"census_tract_2010"},"geometry":{"type":"Polygon","coordinates":[[[-79.958046,40.473859],[-79.956421,40.472709],[-79.956294,40.472815],[-79.954153,40.471294],[-79.954548,40.470964],[-79.954618,40.470998],[-79.95539,40.470359],[-79.954389,40.469636],[-79.955031,40.469052],[-79.954144,40.468496],[-79.953094,40.467942],[-79.952678,40.46777],[-79.952441,40.466876],[-79.951774,40.466968],[-79.95165,40.466731],[-79.951905,40.466429],[-79.95193,40.46617],[-79.951377,40.466148],[-79.946446,40.465466],[-79.946116,40.466964],[-79.946746,40.467453],[-79.947243,40.467973],[-79.947357,40.468214],[-79.947382,40.468447],[-79.947333,40.468679],[-79.946955,40.469387],[-79.946463,40.469997],[-79.945669,40.470753],[-79.944495,40.471634],[-79.943705,40.471945],[-79.941728,40.472353],[-79.94015,40.472897],[-79.939082,40.473081],[-79.937816,40.473056],[-79.93665,40.472855],[-79.935299,40.472514],[-79.93484,40.472336],[-79.934571,40.472166],[-79.937107,40.474149],[-79.937925,40.474057],[-79.938371,40.474117],[-79.942514,40.47734],[-79.944414,40.478645],[-79.946254,40.477696],[-79.946571,40.47759],[-79.947058,40.477612],[-79.949106,40.47819],[-79.950435,40.477572],[-79.950908,40.47741],[-79.952386,40.477633],[-79.953805,40.477297],[-79.954047,40.477315],[-79.95439,40.477466],[-79.955699,40.478347],[-79.956947,40.477013],[-79.957605,40.476188],[-79.957763,40.474289],[-79.958046,40.473859]]]}},{"type":"Feature","properties":{"block_count":45,"land_area_km2":0.8768,"centroid":[-79.906328,40.442045],"bbox":[-79.913083,40.438028,-79.898743,40.446978],"boundary_source":"Dissolved from 2010 Census blocks (BlockCodes2016)","id":"42003981100","name":"Tract 9811.00","geoid":"42003981100","geography":"census_tract_2010"},"geometry":{"type":"Polygon","coordinates":[[[-79.899924,40.44064],[-79.899879,40.440795],[-79.900251,40.440865],[-79.900286,40.440979],[-79.900036,40.441164],[-79.899777,40.441129],[-79.899735,40.441256],[-79.899505,40.441459],[-79.89938,40.441836],[-79.899329,40.442368],[-79.898743,40.443746],[-79.898771,40.443838],[-79.900134,40.444315],[-79.899555,40.445237],[-79.903112,40.446407],[-79.903227,40.446333],[-79.903365,40.446373],[-79.904109,40.445858],[-79.904431,40.445815],[-79.904786,40.445864],[-79.90528,40.445045],[-79.905196,40.445013],[-79.905877,40.44436],[-79.90873,40.444495],[-79.908191,40.44557],[-79.908444,40.445654],[-79.908285,40.44594],[-79.911435,40.446978],[-79.91234,40.446734],[-79.91165,40.446696],[-79.913083,40.438028],[-79.908508,40.438034],[-79.905715,40.438064],[-79.905227,40.438107],[-79.904815,40.438189],[-79.902184,40.439293],[-79.901852,40.439386],[-79.9014,40.439459],[-79.899485,40.439557],[-79.899485,40.43969],[-79.89958,40.43975],[-79.899681,40.440056],[-79.899879,40.440396],[-79.899924,40.44064]]]}},{"type":"Feature","properties":{"block_count":29,"land_area_km2":0.4609,"centroid":[-80.010799,40.446459],"bbox":[-80.018068,40.442975,-80.003344,40.449953],"boundary_source":"Dissolved from 2010 Census blocks (BlockCodes2016)","id":"42003981200","name":"Tract 9812.00","geoid":"42003981200","geography":"census_tract_2010"},"geometry":{"type":"Polygon","coordinates":[[[-80.015887,40.448826],[-80.018068,40.448883],[-80.017715,40.447582],[-80.017074,40.445638],[-80.016834,40.445336],[-80.016449,40.445156],[-80.016497,40.444968],[-80.016424,40.444849],[-80.01629,40.443207],[-80.014573,40.442975],[-80.00808,40.444297],[-80.003344,40.445648],[-80.003872,40.44706],[-80.004693,40.449657],[-80.005909,40.449472],[-80.006547,40.449438],[-80.00741,40.449492],[-80.008312,40.449689],[-80.008948,40.449953],[-80.00873,40.449242],[-80.010413,40.448906],[-80.010504,40.448296],[-80.010682,40.4483],[-80.010658,40.448253],[-80.011357,40.448297],[-80.015041,40.44833],[-80.015887,40.448826]]]}},{"type":"Feature","properties":{"block_count":23,"land_area_km2":1.6527,"centroid":[-79.897221,40.480381],"bbox":[-79.908275,40.473582,-79.883772,40.486726],"boundary_source":"Dissolved from 2010 Census blocks (BlockCodes2016)","id":"42003981800","name":"Tract 9818.00","geoid":"42003981800","geography":"census_tract_2010"},"geometry":{"type":"Polygon","coordinates":[[[-79.899177,40.476061],[-79.89847,40.476232],[-79.898613,40.476729],[-79.898542,40.477403],[-79.898603,40.477731],[-79.898775,40.477962],[-79.899138,40.478252],[-79.899345,40.478528],[-79.899386,40.478871],[-79.899278,40.479321],[-79.898962,40.479851],[-79.898721,40.48011],[-79.898318,40.480426],[-79.897986,40.480571],[-79.897784,40.480594],[-79.897399,40.48055],[-79.897116,40.480407],[-79.89694,40.480165],[-79.896535,40.479368],[-79.896264,40.479042],[-79.895414,40.47816],[-79.894747,40.477596],[-79.894133,40.477244],[-79.893648,40.477095],[-79.892894,40.476987],[-79.892707,40.476807],[-79.892639,40.476644],[-79.892701,40.476205],[-79.892768,40.476069],[-79.893025,40.475803],[-79.893699,40.475376],[-79.893774,40.475236],[-79.8938,40.474938],[-79.889847,40.474633],[-79.889183,40.475082],[-79.888973,40.475114],[-79.888651,40.474958],[-79.888608,40.474818],[-79.889048,40.474121],[-79.888588,40.473582],[-79.888242,40.474408],[-79.88755,40.475168],[-79.887081,40.47592],[-79.886561,40.478184],[-79.885361,40.478592],[-79.884983,40.478813],[-79.884665,40.479312],[-79.88436,40.480493],[-79.883772,40.483406],[-79.8843,40.483393],[-79.888213,40.483682],[-79.8882,40.483948],[-79.888877,40.484014],[-79.88887,40.484046],[-79.900887,40.486128],[-79.90168,40.486218],[-79.901679,40.485855],[-79.905354,40.486726],[-79.906375,40.484565],[-79.90653,40.483936],[-79.907351,40.48404],[-79.907929,40.48362],[-79.908067,40.482511],[-79.907845,40.480494],[-79.907835,40.479647],[-79.908275,40.474216],[-79.904563,40.474025],[-79.903948,40.474066],[-79.903643,40.474179],[-79.902099,40.475208],[-79.901505,40.475485],[-79.900596,40.475763],[-79.899177,40.476061]]]}},{"type":"Feature","properties":{"block_count":19,"land_area_km2":0.5057,"centroid":[-79.954758,40.444484],"bbox":[-79.96336,40.441345,-79.946903,40.448449],"boundary_source":"Dissolved from 2010 Census blocks (BlockCodes2016)","id":"42003982200","name":"Tract 9822.00","geoid":"42003982200","geography":"census_tract_2010"},"geometry":{"type":"Polygon","coordinates":[[[-79.954017,40.447421],[-79.95638,40.445703],[-79.956701,40.445966],[-79.956964,40.445808],[-79.957435,40.445661],[-79.958541,40.445013],[-79.959722,40.444157],[-79.959868,40.444112],[-79.95998,40.444182],[-79.959979,40.444253],[-79.959648,40.444619],[-79.95908,40.445916],[-79.958863,40.447827],[-79.958647,40.448238],[-79.958474,40.448449],[-79.958907,40.448136],[-79.959196,40.447698],[-79.959543,40.447598],[-79.959817,40.447396],[-79.959964,40.447203],[-79.960243,40.445943],[-79.960427,40.445651],[-79.960599,40.44555],[-79.960888,40.445473],[-79.961802,40.445542],[-79.96223,40.445478],[-79.962674,40.445287],[-79.962987,40.445005],[-79.963252,40.444663],[-79.96336,40.4443],[-79.963354,40.443846],[-79.963202,40.443521],[-79.962881,40.44326],[-79.961988,40.442768],[-79.961119,40.443606],[-79.961002,40.443654],[-79.960748,40.443632],[-79.959878,40.443147],[-79.959333,40.443555],[-79.956438,40.441949],[-79.955389,40.442684],[-79.953545,40.443175],[-79.953037,40.442027],[-79.95266,40.441809],[-79.952289,40.442237],[-79.951675,40.442408],[-79.950343,40.441956],[-79.949244,40.441345],[-79.94878,40.442029],[-79.947565,40.443406],[-79.946903,40.444514],[-79.948654,40.44444],[-79.94877,40.445275],[-79.950366,40.445158],[-79.950588,40.4468],[-79.951334,40.446737],[-79.951703,40.446615],[-79.951911,40.446476],[-79.95192,40.446629],[-79.952724,40.448358],[-79.954017,40.447421]]]}}]}