{"type":"FeatureCollection","features":[{"type":"Feature","properties":{"block_count":29,"land_area_km2":1.9694,"centroid":[-80.201729,40.586386],"bbox":[-80.223505,40.571265,-80.183599,40.596865],"boundary_source":"Approximate ZIP area: 2010 Census blocks grouped by their ZIP code (Allegheny County part only)","id":"zip-15003","name":"ZIP 15003","zip":"15003","geography":"zip","level":"INSUFFICIENT DATA","anomaly_score":null,"confidence":"LOW","case_id":"zipfile-15003","top_signal_headline":null},"geometry":{"type":"Polygon","coordinates":[[[-80.201011,40.59153],[-80.201826,40.591194],[-80.202124,40.590985],[-80.20244,40.590556],[-80.203568,40.589532],[-80.203739,40.589181],[-80.204181,40.58866],[-80.204858,40.588474],[-80.206472,40.588165],[-80.20698,40.588263],[-80.207513,40.588251],[-80.207788,40.588179],[-80.207978,40.588038],[-80.208285,40.587622],[-80.208452,40.586898],[-80.208592,40.58666],[-80.21082,40.585417],[-80.211054,40.584874],[-80.210965,40.584455],[-80.211166,40.583492],[-80.211309,40.583143],[-80.211832,40.582484],[-80.212468,40.582023],[-80.213617,40.581439],[-80.214267,40.580855],[-80.214525,40.580832],[-80.215967,40.581064],[-80.216665,40.581273],[-80.217756,40.581751],[-80.218405,40.581891],[-80.218756,40.582027],[-80.21908,40.582028],[-80.219315,40.58187],[-80.219365,40.581711],[-80.219163,40.581107],[-80.219054,40.580489],[-80.218677,40.579845],[-80.21873,40.579625],[-80.218965,40.579487],[-80.219351,40.579435],[-80.219624,40.579542],[-80.220147,40.579858],[-80.220363,40.579899],[-80.220508,40.579872],[-80.22078,40.579616],[-80.221108,40.579027],[-80.222267,40.577948],[-80.222475,40.577838],[-80.22297,40.577948],[-80.223106,40.577934],[-80.223505,40.577659],[-80.216744,40.571265],[-80.216449,40.571449],[-80.218345,40.573468],[-80.216771,40.574348],[-80.217394,40.574707],[-80.21784,40.576168],[-80.21635,40.576564],[-80.214857,40.577103],[-80.213809,40.580111],[-80.213357,40.580277],[-80.213042,40.580502],[-80.212694,40.580882],[-80.20883,40.584241],[-80.208525,40.58461],[-80.207226,40.586801],[-80.207004,40.587099],[-80.204801,40.585091],[-80.199357,40.580305],[-80.198802,40.58073],[-80.196268,40.582235],[-80.194896,40.583461],[-80.194615,40.583653],[-80.19483,40.583948],[-80.195426,40.584434],[-80.196806,40.585291],[-80.196988,40.585544],[-80.197037,40.585725],[-80.197023,40.585827],[-80.196927,40.58593],[-80.195646,40.586734],[-80.195352,40.587029],[-80.195349,40.587397],[-80.195549,40.587915],[-80.195577,40.588148],[-80.195504,40.588416],[-80.195323,40.588637],[-80.195203,40.58871],[-80.19498,40.588723],[-80.193813,40.588418],[-80.193452,40.588159],[-80.193211,40.587792],[-80.193064,40.587739],[-80.192909,40.587821],[-80.192767,40.588179],[-80.192635,40.588339],[-80.192454,40.588429],[-80.192139,40.588464],[-80.190368,40.588407],[-80.18991,40.588482],[-80.188338,40.589175],[-80.188019,40.589241],[-80.187655,40.589191],[-80.187212,40.589229],[-80.186959,40.589267],[-80.186566,40.589412],[-80.185904,40.589859],[-80.185334,40.590174],[-80.184528,40.59046],[-80.184321,40.590575],[-80.184044,40.590871],[-80.183599,40.591513],[-80.184271,40.591876],[-80.185181,40.592233],[-80.187011,40.593271],[-80.187218,40.593321],[-80.188073,40.593354],[-80.188666,40.593463],[-80.1897,40.594015],[-80.18992,40.594071],[-80.191835,40.593963],[-80.192196,40.594044],[-80.194604,40.595443],[-80.191079,40.596383],[-80.192273,40.596752],[-80.193143,40.596865],[-80.194739,40.59679],[-80.19496,40.596746],[-80.195123,40.596574],[-80.195357,40.595975],[-80.195692,40.595673],[-80.195943,40.595364],[-80.196557,40.594932],[-80.197542,40.59386],[-80.198886,40.592541],[-80.199282,40.592287],[-80.200014,40.591988],[-80.200708,40.591621],[-80.201011,40.59153]]]}},{"type":"Feature","properties":{"block_count":22,"land_area_km2":10.0618,"centroid":[-80.134646,40.642969],"bbox":[-80.148677,40.614771,-80.11165,40.674379],"boundary_source":"Approximate ZIP area: 2010 Census blocks grouped by their ZIP code (Allegheny County part only)","id":"zip-15005","name":"ZIP 15005","zip":"15005","geography":"zip","level":"INSUFFICIENT DATA","anomaly_score":null,"confidence":"LOW","case_id":"zipfile-15005","top_signal_headline":null},"geometry":{"type":"Polygon","coordinates":[[[-80.146708,40.642093],[-80.146581,40.639106],[-80.146317,40.638786],[-80.145553,40.622455],[-80.145527,40.622034],[-80.145349,40.621187],[-80.144907,40.614771],[-80.143288,40.614801],[-80.14099,40.618191],[-80.140499,40.619165],[-80.140309,40.619847],[-80.140036,40.62193],[-80.140117,40.622799],[-80.140329,40.623539],[-80.139573,40.623593],[-80.13924,40.622667],[-80.138388,40.622807],[-80.137554,40.622762],[-80.136814,40.622652],[-80.136098,40.622821],[-80.135399,40.622852],[-80.134858,40.622823],[-80.134153,40.622995],[-80.133188,40.62362],[-80.132611,40.623908],[-80.131293,40.624094],[-80.130256,40.624423],[-80.129926,40.624481],[-80.128524,40.624504],[-80.127029,40.624901],[-80.125689,40.62514],[-80.124781,40.625431],[-80.122763,40.626597],[-80.121981,40.627104],[-80.120542,40.628709],[-80.119271,40.629746],[-80.119007,40.630235],[-80.118992,40.630447],[-80.118429,40.630974],[-80.118235,40.631367],[-80.117755,40.631906],[-80.117684,40.632051],[-80.11746,40.632926],[-80.117433,40.63366],[-80.117264,40.633813],[-80.116877,40.634018],[-80.116843,40.634118],[-80.116865,40.634659],[-80.117228,40.635359],[-80.117181,40.636201],[-80.116952,40.637037],[-80.116634,40.637588],[-80.116297,40.638474],[-80.116217,40.638904],[-80.116347,40.63926],[-80.11663,40.639547],[-80.117105,40.640546],[-80.117122,40.640883],[-80.116972,40.641245],[-80.116939,40.641699],[-80.11698,40.642078],[-80.116925,40.642441],[-80.116868,40.642531],[-80.116479,40.642796],[-80.116491,40.642963],[-80.116687,40.643478],[-80.116868,40.643763],[-80.116946,40.644218],[-80.116927,40.645112],[-80.116555,40.64594],[-80.116205,40.647105],[-80.116273,40.647408],[-80.116693,40.647842],[-80.116237,40.649985],[-80.11165,40.650153],[-80.111825,40.650422],[-80.11206,40.650659],[-80.112574,40.650968],[-80.112994,40.651105],[-80.116007,40.651422],[-80.116649,40.651441],[-80.117107,40.651399],[-80.117772,40.651256],[-80.118348,40.651042],[-80.12165,40.649534],[-80.12257,40.649001],[-80.128739,40.652297],[-80.132104,40.65261],[-80.132992,40.660411],[-80.132609,40.660845],[-80.131138,40.661523],[-80.130801,40.661794],[-80.13138,40.661869],[-80.13192,40.662059],[-80.134263,40.663628],[-80.136271,40.664652],[-80.138194,40.665091],[-80.141119,40.666191],[-80.141411,40.666388],[-80.143368,40.668145],[-80.143824,40.668445],[-80.146189,40.669665],[-80.148151,40.670146],[-80.148284,40.672514],[-80.1482,40.672671],[-80.148036,40.672752],[-80.145878,40.672866],[-80.144815,40.672972],[-80.143588,40.672945],[-80.142886,40.672975],[-80.142204,40.673076],[-80.140977,40.67306],[-80.13922,40.672791],[-80.136442,40.672194],[-80.136007,40.671988],[-80.135064,40.671198],[-80.134753,40.671051],[-80.133105,40.671068],[-80.132538,40.673625],[-80.132217,40.673686],[-80.131782,40.673847],[-80.148451,40.67429],[-80.148677,40.674379],[-80.148677,40.673778],[-80.148436,40.670636],[-80.147109,40.649385],[-80.146629,40.64314],[-80.146708,40.642093]]]}},{"type":"Feature","properties":{"block_count":9,"land_area_km2":0.6374,"centroid":[-79.876881,40.633598],"bbox":[-79.885407,40.628512,-79.870748,40.638455],"boundary_source":"Approximate ZIP area: 2010 Census blocks grouped by their ZIP code (Allegheny County part only)","id":"zip-15006","name":"ZIP 15006 (Bairdford)","zip":"15006","geography":"zip","level":"INSUFFICIENT DATA","anomaly_score":0.0022307474865595283,"confidence":"LOW","case_id":"zipfile-15006","top_signal_headline":null},"geometry":{"type":"Polygon","coordinates":[[[-79.877625,40.629608],[-79.877287,40.628907],[-79.877029,40.628512],[-79.876862,40.628597],[-79.876431,40.628984],[-79.876232,40.629101],[-79.876112,40.629361],[-79.876214,40.629676],[-79.876116,40.629865],[-79.87518,40.630276],[-79.874242,40.631096],[-79.874062,40.63137],[-79.873978,40.631886],[-79.872875,40.631917],[-79.872657,40.632],[-79.872613,40.632215],[-79.872648,40.633752],[-79.870774,40.633737],[-79.870827,40.634151],[-79.870748,40.636669],[-79.870903,40.637092],[-79.870991,40.637178],[-79.872355,40.63707],[-79.872899,40.637158],[-79.874777,40.6383],[-79.875194,40.638455],[-79.876302,40.637463],[-79.87669,40.636946],[-79.876845,40.636456],[-79.877465,40.635784],[-79.880229,40.635009],[-79.88351,40.63488],[-79.88392,40.634624],[-79.882617,40.63328],[-79.885311,40.632736],[-79.885407,40.632631],[-79.885287,40.632298],[-79.885051,40.632256],[-79.88378,40.632396],[-79.882246,40.632719],[-79.881591,40.631037],[-79.881192,40.629662],[-79.878639,40.630786],[-79.877862,40.630031],[-79.879468,40.629518],[-79.879527,40.62939],[-79.879421,40.629138],[-79.879276,40.6291],[-79.879137,40.629129],[-79.877625,40.629608]]]}},{"type":"Feature","properties":{"block_count":11,"land_area_km2":0.861,"centroid":[-79.931682,40.652235],"bbox":[-79.937255,40.64588,-79.924386,40.661402],"boundary_source":"Approximate ZIP area: 2010 Census blocks grouped by their ZIP code (Allegheny County part only)","id":"zip-15007","name":"ZIP 15007 (Bakerstown)","zip":"15007","geography":"zip","level":"INSUFFICIENT DATA","anomaly_score":0.7234603948185665,"confidence":"LOW","case_id":"zipfile-15007","top_signal_headline":null},"geometry":{"type":"Polygon","coordinates":[[[-79.936243,40.652112],[-79.936784,40.65026],[-79.937255,40.648335],[-79.936855,40.648505],[-79.935706,40.648696],[-79.935439,40.648165],[-79.935215,40.64791],[-79.935537,40.647642],[-79.936312,40.647264],[-79.936718,40.646826],[-79.937007,40.646241],[-79.93699,40.646022],[-79.936929,40.645943],[-79.936784,40.64588],[-79.930132,40.646147],[-79.929919,40.646223],[-79.929877,40.646333],[-79.92843,40.646408],[-79.932788,40.648959],[-79.931327,40.650226],[-79.926994,40.651006],[-79.927025,40.651344],[-79.925447,40.651471],[-79.924386,40.651685],[-79.924475,40.652884],[-79.924466,40.653862],[-79.924561,40.654193],[-79.924725,40.654471],[-79.925104,40.65479],[-79.925458,40.654975],[-79.926393,40.655185],[-79.927232,40.655262],[-79.928425,40.655071],[-79.928713,40.65628],[-79.928689,40.656997],[-79.928735,40.657081],[-79.929616,40.657506],[-79.930356,40.657702],[-79.930812,40.657667],[-79.931737,40.657416],[-79.934394,40.657625],[-79.934089,40.658636],[-79.933581,40.659426],[-79.933433,40.659945],[-79.933444,40.660321],[-79.933612,40.661068],[-79.933676,40.661258],[-79.933817,40.661402],[-79.933842,40.66075],[-79.933965,40.660041],[-79.936243,40.652112]]]}},{"type":"Feature","properties":{"block_count":141,"land_area_km2":1.3166,"centroid":[-79.741045,40.607965],"bbox":[-79.751053,40.600666,-79.733169,40.61558],"boundary_source":"Approximate ZIP area: 2010 Census blocks grouped by their ZIP code (Allegheny County part only)","id":"zip-15014","name":"ZIP 15014 (Brackenridge)","zip":"15014","geography":"zip","level":"HIGH","anomaly_score":1.5825529114274732,"confidence":"MODERATE","case_id":"zcase-016","top_signal_headline":"Sale prices +43% vs. county +19%"},"geometry":{"type":"Polygon","coordinates":[[[-79.750138,40.608121],[-79.744769,40.603786],[-79.744023,40.604082],[-79.743114,40.602765],[-79.743519,40.602708],[-79.74117,40.600666],[-79.733169,40.603135],[-79.733447,40.60396],[-79.733625,40.604336],[-79.73386,40.604513],[-79.733832,40.604544],[-79.734588,40.60632],[-79.733668,40.606572],[-79.733566,40.608628],[-79.735312,40.608053],[-79.735625,40.609046],[-79.735812,40.612393],[-79.735983,40.61297],[-79.736441,40.613536],[-79.738711,40.61558],[-79.743432,40.613567],[-79.743542,40.613439],[-79.743867,40.613343],[-79.745141,40.612548],[-79.74724,40.61097],[-79.747992,40.61147],[-79.749571,40.611227],[-79.749217,40.609941],[-79.751053,40.608855],[-79.750138,40.608121]]]}},{"type":"Feature","properties":{"block_count":34,"land_area_km2":2.4234,"centroid":[-80.081105,40.63725],"bbox":[-80.096541,40.629308,-80.069356,40.64606],"boundary_source":"Approximate ZIP area: 2010 Census blocks grouped by their ZIP code (Allegheny County part only)","id":"zip-15015","name":"ZIP 15015 (Bradfordwoods)","zip":"15015","geography":"zip","level":"HIGH","anomaly_score":3.1673851138532316,"confidence":"MODERATE","case_id":"zcase-002","top_signal_headline":"Home sales -46% vs. county +4%"},"geometry":{"type":"Polygon","coordinates":[[[-80.069614,40.638253],[-80.069778,40.642567],[-80.079582,40.642329],[-80.079649,40.645061],[-80.08057,40.645662],[-80.081651,40.645925],[-80.083099,40.64606],[-80.083113,40.645729],[-80.084155,40.645214],[-80.084643,40.64485],[-80.085579,40.644026],[-80.087927,40.642309],[-80.088655,40.641633],[-80.089752,40.640391],[-80.088889,40.639973],[-80.08885,40.638616],[-80.096522,40.638332],[-80.096541,40.638142],[-80.096534,40.637835],[-80.096372,40.636946],[-80.096047,40.635506],[-80.088739,40.635803],[-80.088694,40.634986],[-80.088011,40.634853],[-80.087929,40.634783],[-80.087859,40.634602],[-80.088115,40.634495],[-80.088647,40.63413],[-80.088412,40.629308],[-80.084227,40.629515],[-80.078735,40.629645],[-80.078967,40.631663],[-80.07893,40.632606],[-80.070928,40.632862],[-80.069356,40.632872],[-80.069614,40.638253]]]}},{"type":"Feature","properties":{"block_count":341,"land_area_km2":27.5916,"centroid":[-80.127263,40.346873],"bbox":[-80.183462,40.312324,-80.087691,40.393343],"boundary_source":"Approximate ZIP area: 2010 Census blocks grouped by their ZIP code (Allegheny County part only)","id":"zip-15017","name":"ZIP 15017 (Bridgeville)","zip":"15017","geography":"zip","level":"LOW","anomaly_score":0.4832348293746499,"confidence":"HIGH","case_id":"zipfile-15017","top_signal_headline":null},"geometry":{"type":"MultiPolygon","coordinates":[[[[-80.119943,40.362245],[-80.119801,40.363062],[-80.119745,40.364295],[-80.119762,40.364786],[-80.119898,40.36517],[-80.119803,40.365801],[-80.119966,40.367855],[-80.120337,40.368069],[-80.12117,40.368374],[-80.121727,40.36881],[-80.122154,40.369263],[-80.122401,40.369718],[-80.122451,40.369978],[-80.122404,40.370304],[-80.122054,40.370739],[-80.121749,40.370983],[-80.121282,40.371232],[-80.120561,40.371501],[-80.120064,40.371763],[-80.119494,40.372204],[-80.119687,40.372291],[-80.120157,40.37231],[-80.120308,40.372257],[-80.120424,40.372286],[-80.120495,40.372373],[-80.122042,40.371164],[-80.122493,40.370704],[-80.123079,40.369857],[-80.123864,40.368444],[-80.123982,40.367879],[-80.123887,40.363994],[-80.124095,40.363235],[-80.124409,40.36273],[-80.125,40.362099],[-80.12536,40.361823],[-80.125812,40.36158],[-80.127161,40.361028],[-80.12892,40.360458],[-80.129559,40.360138],[-80.129959,40.359857],[-80.130284,40.359557],[-80.130684,40.35906],[-80.132,40.356518],[-80.132119,40.356241],[-80.132114,40.35604],[-80.132445,40.355965],[-80.132601,40.356002],[-80.133071,40.356354],[-80.133646,40.356677],[-80.133744,40.356658],[-80.133782,40.356597],[-80.134525,40.356491],[-80.135544,40.356013],[-80.134996,40.355303],[-80.135671,40.355018],[-80.135544,40.354582],[-80.137031,40.354478],[-80.136981,40.354053],[-80.137046,40.354049],[-80.137606,40.354185],[-80.138159,40.35486],[-80.138367,40.354955],[-80.139184,40.355561],[-80.139412,40.355963],[-80.139503,40.356032],[-80.141387,40.356574],[-80.142081,40.356719],[-80.144133,40.356292],[-80.142738,40.356061],[-80.142561,40.355927],[-80.140941,40.355788],[-80.140163,40.355579],[-80.139561,40.355489],[-80.139064,40.355319],[-80.138736,40.35515],[-80.138425,40.354926],[-80.137665,40.35412],[-80.137521,40.354085],[-80.137061,40.353797],[-80.136586,40.353662],[-80.135842,40.353659],[-80.135144,40.353822],[-80.133828,40.354317],[-80.133019,40.354684],[-80.131861,40.355409],[-80.131324,40.3558],[-80.130739,40.356323],[-80.129499,40.357831],[-80.129093,40.358144],[-80.128853,40.358268],[-80.128291,40.358465],[-80.127732,40.358556],[-80.127158,40.358516],[-80.126692,40.358353],[-80.12626,40.357913],[-80.126717,40.357786],[-80.127468,40.357236],[-80.129206,40.355314],[-80.129714,40.354862],[-80.130304,40.354436],[-80.131194,40.353932],[-80.131951,40.353609],[-80.133112,40.353248],[-80.134272,40.353049],[-80.135569,40.352962],[-80.143348,40.352821],[-80.143864,40.352766],[-80.144619,40.352615],[-80.145578,40.352305],[-80.146027,40.352104],[-80.146651,40.351745],[-80.147034,40.351475],[-80.147542,40.351022],[-80.149562,40.34846],[-80.150306,40.347743],[-80.15103,40.347171],[-80.151834,40.346666],[-80.152733,40.346211],[-80.153478,40.345903],[-80.154461,40.345573],[-80.156146,40.345247],[-80.15692,40.345164],[-80.157961,40.345129],[-80.159519,40.345223],[-80.16317,40.345626],[-80.164469,40.345679],[-80.165245,40.34561],[-80.165751,40.345518],[-80.166857,40.345198],[-80.167742,40.344782],[-80.168519,40.344254],[-80.169333,40.343443],[-80.169836,40.342835],[-80.16971,40.341633],[-80.169194,40.340143],[-80.169367,40.339279],[-80.169101,40.338638],[-80.169367,40.338369],[-80.169725,40.338237],[-80.171369,40.337978],[-80.172812,40.337669],[-80.173273,40.337663],[-80.173505,40.338564],[-80.173504,40.338767],[-80.173361,40.33912],[-80.17147,40.340293],[-80.171295,40.340412],[-80.171237,40.340519],[-80.171301,40.340656],[-80.171923,40.341126],[-80.172126,40.341445],[-80.17224,40.34187],[-80.172623,40.341809],[-80.172831,40.341731],[-80.174988,40.339978],[-80.175448,40.339674],[-80.1758,40.339526],[-80.176095,40.339484],[-80.17729,40.339742],[-80.178167,40.339232],[-80.17947,40.338312],[-80.180448,40.33741],[-80.181373,40.336353],[-80.182067,40.335288],[-80.182985,40.33347],[-80.183462,40.332774],[-80.183129,40.332515],[-80.181929,40.332124],[-80.170883,40.328822],[-80.161673,40.325991],[-80.155982,40.324311],[-80.149874,40.322437],[-80.146626,40.321494],[-80.131138,40.316773],[-80.123296,40.31448],[-80.116156,40.312324],[-80.116126,40.312478],[-80.116597,40.313541],[-80.116321,40.314716],[-80.116394,40.315341],[-80.116521,40.315681],[-80.116683,40.315841],[-80.116994,40.315981],[-80.117825,40.31617],[-80.118237,40.316536],[-80.118331,40.316801],[-80.118269,40.317122],[-80.118025,40.31739],[-80.117373,40.317764],[-80.117022,40.317839],[-80.116067,40.317783],[-80.11577,40.317827],[-80.115267,40.318179],[-80.11526,40.318469],[-80.115685,40.318764],[-80.116,40.319092],[-80.115929,40.319627],[-80.115819,40.319685],[-80.115472,40.321017],[-80.115511,40.321275],[-80.115689,40.321552],[-80.115813,40.322074],[-80.115891,40.322156],[-80.115733,40.322861],[-80.115396,40.323071],[-80.114601,40.32297],[-80.114382,40.323087],[-80.113864,40.323891],[-80.113457,40.324409],[-80.112887,40.3246],[-80.11259,40.324634],[-80.111552,40.324539],[-80.110788,40.32408],[-80.110523,40.323974],[-80.110148,40.323926],[-80.107845,40.324322],[-80.107173,40.324526],[-80.106532,40.324807],[-80.105922,40.324947],[-80.104337,40.325144],[-80.103916,40.32509],[-80.103486,40.325289],[-80.103071,40.325635],[-80.102688,40.32584],[-80.101921,40.326467],[-80.101663,40.32676],[-80.101615,40.326971],[-80.101381,40.327159],[-80.100957,40.327757],[-80.100784,40.328314],[-80.10101,40.328596],[-80.101134,40.328902],[-80.10121,40.329418],[-80.101045,40.32994],[-80.101068,40.330052],[-80.101464,40.330645],[-80.101588,40.330951],[-80.10147,40.331479],[-80.101204,40.331807],[-80.101077,40.332371],[-80.101349,40.332659],[-80.101755,40.332783],[-80.10227,40.332848],[-80.103926,40.332551],[-80.104738,40.332582],[-80.105025,40.332709],[-80.105542,40.332431],[-80.106472,40.33215],[-80.106691,40.332033],[-80.107363,40.331829],[-80.108574,40.331584],[-80.109152,40.331585],[-80.10941,40.331509],[-80.109971,40.33158],[-80.111127,40.331582],[-80.111236,40.331524],[-80.112166,40.331461],[-80.113344,40.331574],[-80.114062,40.33181],[-80.114778,40.33248],[-80.114879,40.332674],[-80.114855,40.33278],[-80.115415,40.33372],[-80.115194,40.334705],[-80.115053,40.334905],[-80.114903,40.335357],[-80.114072,40.3367],[-80.113938,40.337081],[-80.113578,40.337615],[-80.113335,40.337837],[-80.113209,40.338183],[-80.113092,40.338277],[-80.11259,40.339227],[-80.112315,40.339591],[-80.112182,40.339972],[-80.111899,40.340371],[-80.111687,40.340887],[-80.111578,40.340946],[-80.111468,40.341221],[-80.111044,40.341819],[-80.111005,40.341995],[-80.110895,40.342054],[-80.110613,40.342669],[-80.110291,40.343028],[-80.11004,40.34372],[-80.10957,40.344312],[-80.109388,40.345122],[-80.109192,40.34535],[-80.109028,40.345438],[-80.108996,40.345579],[-80.108879,40.345673],[-80.108902,40.345784],[-80.108792,40.345843],[-80.108525,40.346388],[-80.108236,40.346605],[-80.107898,40.34725],[-80.107678,40.348019],[-80.107825,40.348219],[-80.107966,40.348237],[-80.108044,40.348319],[-80.108926,40.348467],[-80.109316,40.348661],[-80.109815,40.348797],[-80.109987,40.348891],[-80.11054,40.349531],[-80.110422,40.349743],[-80.110661,40.350606],[-80.110644,40.351111],[-80.110511,40.351275],[-80.109971,40.351539],[-80.108027,40.351418],[-80.107455,40.350878],[-80.106889,40.350169],[-80.106189,40.348902],[-80.106079,40.348846],[-80.105828,40.348845],[-80.104606,40.348961],[-80.104633,40.349119],[-80.103626,40.349243],[-80.10262,40.349315],[-80.099751,40.349355],[-80.099272,40.349431],[-80.098646,40.349649],[-80.098071,40.350006],[-80.095619,40.353265],[-80.092062,40.351754],[-80.090229,40.350431],[-80.089931,40.350567],[-80.087691,40.352387],[-80.095248,40.35539],[-80.095389,40.356291],[-80.096237,40.356261],[-80.096926,40.356424],[-80.098194,40.357],[-80.098655,40.357094],[-80.099032,40.357583],[-80.097762,40.357526],[-80.095389,40.362092],[-80.094956,40.362694],[-80.09536,40.363166],[-80.09513,40.363215],[-80.095184,40.363368],[-80.095265,40.36335],[-80.095418,40.363831],[-80.09476,40.364191],[-80.094685,40.364319],[-80.095359,40.364113],[-80.094956,40.364329],[-80.094697,40.364622],[-80.094296,40.365549],[-80.094261,40.366776],[-80.094439,40.367269],[-80.094492,40.368109],[-80.094632,40.368344],[-80.09477,40.369013],[-80.09498,40.369366],[-80.096554,40.370998],[-80.095697,40.371679],[-80.091384,40.371538],[-80.09099,40.371443],[-80.090547,40.37145],[-80.090374,40.371546],[-80.09033,40.371763],[-80.090105,40.371847],[-80.089699,40.372174],[-80.089519,40.372049],[-80.089684,40.374563],[-80.088297,40.375677],[-80.090062,40.376957],[-80.091347,40.377969],[-80.091796,40.378328],[-80.092198,40.378768],[-80.091964,40.37954],[-80.091204,40.380595],[-80.090413,40.381981],[-80.092676,40.381374],[-80.093515,40.381067],[-80.093677,40.382169],[-80.093241,40.38255],[-80.093115,40.38311],[-80.092777,40.383972],[-80.092625,40.384517],[-80.093076,40.384651],[-80.094091,40.38477],[-80.095602,40.385035],[-80.096345,40.385106],[-80.096682,40.385008],[-80.097691,40.384497],[-80.098512,40.384299],[-80.09894,40.384262],[-80.099211,40.384304],[-80.09943,40.384441],[-80.099678,40.384697],[-80.099852,40.385176],[-80.099517,40.385658],[-80.0996,40.386171],[-80.099564,40.386633],[-80.099366,40.387107],[-80.099203,40.387341],[-80.098506,40.387825],[-80.099347,40.389711],[-80.100456,40.38984],[-80.100941,40.389944],[-80.101397,40.390105],[-80.102522,40.390611],[-80.102894,40.390951],[-80.103026,40.391231],[-80.103085,40.391566],[-80.103215,40.391799],[-80.104869,40.393263],[-80.105008,40.393332],[-80.105255,40.393343],[-80.105586,40.393192],[-80.106519,40.391741],[-80.107037,40.391332],[-80.111711,40.389695],[-80.112432,40.389557],[-80.113026,40.389597],[-80.115157,40.390119],[-80.115203,40.384212],[-80.115133,40.374769],[-80.113605,40.373363],[-80.113422,40.373122],[-80.113371,40.372823],[-80.113472,40.372444],[-80.114907,40.371963],[-80.116775,40.371221],[-80.117289,40.370913],[-80.117726,40.370431],[-80.117973,40.369991],[-80.118445,40.36851],[-80.118985,40.364352],[-80.119042,40.362981],[-80.119943,40.362245]]],[[[-80.136655,40.357454],[-80.138285,40.3573],[-80.137321,40.356551],[-80.136075,40.356704],[-80.136655,40.357454]]]]}},{"type":"Feature","properties":{"block_count":61,"land_area_km2":4.8785,"centroid":[-79.793702,40.273462],"bbox":[-79.810232,40.241608,-79.774923,40.297693],"boundary_source":"Approximate ZIP area: 2010 Census blocks grouped by their ZIP code (Allegheny County part only)","id":"zip-15018","name":"ZIP 15018","zip":"15018","geography":"zip","level":"INSUFFICIENT DATA","anomaly_score":null,"confidence":"LOW","case_id":"zipfile-15018","top_signal_headline":null},"geometry":{"type":"Polygon","coordinates":[[[-79.800842,40.254252],[-79.80227,40.253761],[-79.803659,40.253655],[-79.804244,40.253731],[-79.808655,40.254739],[-79.809047,40.254744],[-79.810232,40.254569],[-79.809753,40.253238],[-79.809797,40.253095],[-79.810053,40.252865],[-79.810134,40.252666],[-79.809725,40.252298],[-79.809641,40.252132],[-79.808417,40.25124],[-79.808225,40.250877],[-79.808106,40.250432],[-79.808024,40.249782],[-79.807895,40.249387],[-79.807344,40.24859],[-79.807192,40.248246],[-79.80704,40.247305],[-79.806995,40.247134],[-79.806882,40.247012],[-79.80671,40.24692],[-79.805274,40.246914],[-79.805047,40.246803],[-79.804847,40.246592],[-79.804539,40.246477],[-79.804363,40.246467],[-79.804178,40.246549],[-79.804097,40.246667],[-79.804045,40.246935],[-79.804819,40.247568],[-79.804806,40.247716],[-79.804686,40.24774],[-79.804469,40.247546],[-79.80317,40.247239],[-79.803675,40.246427],[-79.804247,40.244977],[-79.8044,40.244705],[-79.805314,40.243747],[-79.806476,40.243044],[-79.806335,40.242453],[-79.806133,40.242035],[-79.805653,40.241608],[-79.80543,40.241741],[-79.805323,40.241754],[-79.804255,40.241639],[-79.803782,40.241688],[-79.803567,40.241884],[-79.803488,40.242158],[-79.803151,40.24265],[-79.802292,40.24325],[-79.80189,40.243619],[-79.801446,40.244209],[-79.801058,40.244836],[-79.800908,40.244933],[-79.800098,40.246024],[-79.799431,40.246688],[-79.798764,40.248164],[-79.798654,40.248576],[-79.798208,40.248424],[-79.796724,40.25213],[-79.796099,40.253365],[-79.795459,40.254198],[-79.794566,40.255091],[-79.791932,40.257323],[-79.790401,40.258812],[-79.789506,40.259347],[-79.788722,40.260261],[-79.788015,40.2613],[-79.787483,40.262814],[-79.787542,40.263246],[-79.787805,40.263944],[-79.788779,40.265312],[-79.794853,40.271784],[-79.795221,40.272368],[-79.79538,40.273678],[-79.796169,40.274921],[-79.796277,40.275552],[-79.796241,40.276037],[-79.796426,40.277725],[-79.796515,40.279183],[-79.796366,40.279823],[-79.796054,40.280641],[-79.795771,40.281073],[-79.794715,40.281683],[-79.793392,40.281907],[-79.790678,40.282217],[-79.788927,40.282255],[-79.786739,40.282221],[-79.784834,40.28207],[-79.781199,40.281966],[-79.779865,40.282225],[-79.778886,40.282659],[-79.777781,40.283361],[-79.776585,40.284296],[-79.775829,40.284984],[-79.775247,40.28573],[-79.774923,40.286489],[-79.774973,40.287282],[-79.775094,40.287805],[-79.775963,40.28921],[-79.776827,40.289913],[-79.779522,40.292665],[-79.781054,40.29384],[-79.782304,40.294674],[-79.783263,40.295156],[-79.786173,40.29695],[-79.787183,40.297437],[-79.787853,40.297693],[-79.787821,40.297603],[-79.786852,40.297082],[-79.786658,40.296864],[-79.786731,40.296412],[-79.787007,40.296061],[-79.798969,40.285262],[-79.802277,40.283026],[-79.804651,40.282475],[-79.804943,40.282365],[-79.805058,40.282223],[-79.805069,40.282028],[-79.804648,40.281141],[-79.804652,40.280908],[-79.804804,40.280763],[-79.805431,40.280545],[-79.807422,40.27998],[-79.808206,40.280265],[-79.808422,40.280292],[-79.807569,40.279606],[-79.807373,40.279285],[-79.807092,40.278592],[-79.806866,40.278279],[-79.804917,40.276641],[-79.804157,40.27627],[-79.802016,40.275433],[-79.801185,40.275291],[-79.799846,40.275275],[-79.799558,40.275201],[-79.800067,40.274969],[-79.799184,40.274783],[-79.798441,40.273756],[-79.798292,40.273467],[-79.798268,40.272761],[-79.798189,40.272513],[-79.798952,40.271875],[-79.799768,40.270315],[-79.799971,40.270036],[-79.800341,40.269779],[-79.80091,40.269252],[-79.80157,40.268832],[-79.802287,40.268126],[-79.802506,40.267803],[-79.802697,40.267121],[-79.802872,40.26689],[-79.803726,40.266481],[-79.804218,40.266176],[-79.805099,40.26597],[-79.805981,40.265518],[-79.806798,40.265201],[-79.805833,40.265266],[-79.803482,40.265661],[-79.803169,40.265652],[-79.801852,40.265435],[-79.801292,40.265177],[-79.801019,40.265291],[-79.800198,40.26542],[-79.799895,40.26542],[-79.799344,40.265035],[-79.799573,40.264636],[-79.799568,40.264287],[-79.798011,40.263412],[-79.797611,40.263311],[-79.796864,40.263246],[-79.796673,40.263069],[-79.796549,40.262599],[-79.796399,40.260138],[-79.796749,40.259533],[-79.796799,40.259288],[-79.79676,40.259155],[-79.797529,40.258873],[-79.797686,40.258664],[-79.797675,40.258549],[-79.797573,40.258404],[-79.796825,40.257649],[-79.79671,40.257336],[-79.796789,40.256989],[-79.797419,40.255505],[-79.797613,40.255215],[-79.797815,40.25509],[-79.799044,40.254927],[-79.800589,40.254424],[-79.800842,40.254252]]]}},{"type":"Feature","properties":{"block_count":257,"land_area_km2":43.3323,"centroid":[-79.843678,40.578585],"bbox":[-79.893802,40.53399,-79.794701,40.632701],"boundary_source":"Approximate ZIP area: 2010 Census blocks grouped by their ZIP code (Allegheny County part only)","id":"zip-15024","name":"ZIP 15024 (Cheswick)","zip":"15024","geography":"zip","level":"LOW","anomaly_score":0.8459248351191162,"confidence":"HIGH","case_id":"zipfile-15024","top_signal_headline":"Sale prices +33% vs. county +19%"},"geometry":{"type":"Polygon","coordinates":[[[-79.804566,40.548963],[-79.806227,40.548935],[-79.806268,40.549583],[-79.807907,40.549532],[-79.807985,40.551056],[-79.809316,40.551029],[-79.809381,40.552456],[-79.808053,40.552454],[-79.808051,40.553994],[-79.811163,40.553967],[-79.811407,40.565434],[-79.81214,40.584516],[-79.812067,40.58728],[-79.812214,40.588564],[-79.812218,40.590269],[-79.812592,40.599263],[-79.84233,40.598512],[-79.841142,40.606482],[-79.841492,40.606614],[-79.841993,40.607048],[-79.842172,40.607587],[-79.841803,40.607818],[-79.841149,40.608636],[-79.84019,40.609477],[-79.83889,40.60991],[-79.838673,40.61004],[-79.837099,40.611509],[-79.836844,40.611592],[-79.835272,40.611785],[-79.835337,40.612074],[-79.837489,40.61217],[-79.837632,40.612248],[-79.837672,40.612423],[-79.837549,40.612494],[-79.835417,40.612384],[-79.835535,40.612954],[-79.835485,40.613326],[-79.83437,40.615749],[-79.833855,40.616502],[-79.833736,40.616926],[-79.833733,40.617158],[-79.833875,40.617187],[-79.834068,40.617323],[-79.834372,40.617616],[-79.834733,40.618176],[-79.834791,40.61861],[-79.834942,40.618741],[-79.835605,40.619169],[-79.836066,40.619279],[-79.836283,40.619394],[-79.836513,40.619438],[-79.836643,40.619526],[-79.836746,40.619786],[-79.836646,40.620533],[-79.83667,40.620689],[-79.836987,40.621101],[-79.837221,40.621521],[-79.837361,40.621914],[-79.837514,40.622068],[-79.837768,40.622521],[-79.837776,40.622753],[-79.838593,40.62295],[-79.839049,40.623161],[-79.839851,40.623695],[-79.840402,40.624226],[-79.841478,40.624926],[-79.841899,40.625081],[-79.841953,40.624975],[-79.842394,40.62519],[-79.844656,40.625869],[-79.846374,40.626684],[-79.848083,40.627976],[-79.849774,40.628811],[-79.851386,40.629767],[-79.852035,40.630059],[-79.853282,40.630856],[-79.853532,40.631057],[-79.853855,40.631459],[-79.854087,40.63195],[-79.854055,40.632284],[-79.853892,40.632701],[-79.854019,40.632637],[-79.854127,40.632497],[-79.854728,40.631217],[-79.855905,40.630085],[-79.855962,40.629919],[-79.855906,40.628683],[-79.855978,40.628364],[-79.857241,40.626415],[-79.857468,40.62621],[-79.858139,40.625883],[-79.858678,40.625722],[-79.859724,40.625548],[-79.862499,40.625309],[-79.863134,40.625167],[-79.863805,40.624914],[-79.864022,40.625224],[-79.864151,40.625283],[-79.864364,40.625304],[-79.867353,40.625254],[-79.868207,40.625159],[-79.868963,40.624828],[-79.872852,40.622654],[-79.873064,40.622507],[-79.873201,40.622293],[-79.873391,40.621612],[-79.87375,40.620682],[-79.87377,40.620492],[-79.873755,40.61995],[-79.873345,40.617705],[-79.873469,40.617427],[-79.873859,40.616928],[-79.874763,40.615571],[-79.8764,40.613577],[-79.876551,40.613304],[-79.876615,40.613033],[-79.87662,40.612345],[-79.876744,40.611802],[-79.877049,40.609322],[-79.877173,40.608829],[-79.877014,40.608599],[-79.876704,40.608359],[-79.876108,40.607649],[-79.875468,40.606756],[-79.87528,40.60665],[-79.87476,40.606522],[-79.874447,40.606386],[-79.873111,40.605398],[-79.872178,40.604827],[-79.872145,40.604716],[-79.872187,40.604607],[-79.872513,40.604221],[-79.872622,40.603691],[-79.873054,40.603327],[-79.873104,40.603196],[-79.873077,40.603048],[-79.87291,40.602803],[-79.872314,40.602226],[-79.872021,40.601723],[-79.871907,40.601312],[-79.871962,40.600875],[-79.87207,40.600746],[-79.872301,40.60067],[-79.873224,40.60054],[-79.873399,40.600424],[-79.873373,40.599941],[-79.873298,40.599672],[-79.873162,40.599496],[-79.871433,40.598092],[-79.871544,40.597834],[-79.871466,40.597693],[-79.877997,40.597478],[-79.877915,40.597217],[-79.877901,40.596876],[-79.878068,40.596294],[-79.878911,40.595202],[-79.879409,40.594428],[-79.879611,40.59422],[-79.880166,40.593802],[-79.880267,40.593665],[-79.880195,40.593522],[-79.879375,40.592995],[-79.877869,40.592626],[-79.877164,40.592258],[-79.876681,40.591945],[-79.876552,40.5915],[-79.87656,40.591242],[-79.876409,40.590368],[-79.876575,40.589902],[-79.876626,40.589495],[-79.876511,40.589182],[-79.876317,40.588886],[-79.876146,40.588356],[-79.876713,40.58797],[-79.877262,40.58771],[-79.877848,40.587525],[-79.879279,40.587221],[-79.879837,40.586989],[-79.880205,40.586778],[-79.880721,40.586352],[-79.881058,40.585946],[-79.881676,40.584118],[-79.881874,40.583996],[-79.881145,40.58353],[-79.879636,40.582689],[-79.878984,40.582425],[-79.878258,40.582266],[-79.877602,40.582222],[-79.877152,40.582246],[-79.874741,40.582803],[-79.873971,40.581881],[-79.873536,40.581492],[-79.87339,40.58115],[-79.874658,40.580693],[-79.875847,40.580395],[-79.876028,40.580125],[-79.875851,40.577808],[-79.8765,40.577398],[-79.877019,40.576888],[-79.877682,40.576828],[-79.877949,40.576751],[-79.878842,40.576016],[-79.879325,40.575879],[-79.880391,40.575736],[-79.880765,40.575638],[-79.881875,40.57504],[-79.88225,40.574936],[-79.88248,40.574941],[-79.883121,40.575145],[-79.883596,40.575507],[-79.883797,40.575524],[-79.884691,40.575415],[-79.885288,40.57542],[-79.885778,40.575333],[-79.886246,40.575174],[-79.886592,40.574976],[-79.88745,40.574296],[-79.887933,40.573708],[-79.888286,40.573582],[-79.888962,40.573467],[-79.889147,40.573357],[-79.888702,40.574171],[-79.888726,40.574314],[-79.890558,40.575397],[-79.891999,40.573874],[-79.89237,40.573329],[-79.893009,40.572194],[-79.893286,40.571841],[-79.892309,40.571827],[-79.892176,40.571778],[-79.892128,40.57164],[-79.892997,40.570884],[-79.893236,40.570616],[-79.893353,40.57033],[-79.893349,40.569704],[-79.893422,40.569602],[-79.893756,40.569402],[-79.893802,40.569274],[-79.893637,40.569137],[-79.892843,40.568754],[-79.891984,40.568629],[-79.890774,40.568281],[-79.889848,40.568245],[-79.888517,40.568348],[-79.888148,40.568447],[-79.887115,40.569532],[-79.886883,40.569704],[-79.886421,40.569938],[-79.885373,40.570217],[-79.882929,40.570526],[-79.882582,40.570623],[-79.881767,40.570955],[-79.881187,40.570999],[-79.876829,40.571084],[-79.875517,40.571002],[-79.875255,40.570885],[-79.873542,40.569179],[-79.872532,40.568285],[-79.872166,40.568203],[-79.869241,40.568161],[-79.868898,40.568088],[-79.868621,40.567915],[-79.868443,40.567678],[-79.868243,40.566924],[-79.868114,40.566668],[-79.867547,40.566168],[-79.867093,40.565965],[-79.866907,40.565925],[-79.866544,40.565934],[-79.865524,40.566277],[-79.865238,40.566303],[-79.866586,40.565482],[-79.867253,40.565257],[-79.867254,40.565078],[-79.866923,40.564797],[-79.866892,40.564586],[-79.867098,40.564336],[-79.867698,40.563972],[-79.868357,40.563387],[-79.868981,40.563049],[-79.869089,40.562889],[-79.869114,40.562531],[-79.868858,40.562506],[-79.868686,40.56289],[-79.868456,40.563176],[-79.86734,40.563962],[-79.867023,40.564105],[-79.866433,40.564198],[-79.866088,40.56433],[-79.865713,40.564517],[-79.865174,40.565006],[-79.863777,40.565561],[-79.862892,40.566012],[-79.862014,40.566216],[-79.861121,40.566282],[-79.860545,40.566255],[-79.859428,40.565943],[-79.859419,40.56617],[-79.860014,40.566322],[-79.861064,40.566814],[-79.861822,40.567007],[-79.862861,40.567162],[-79.86329,40.567131],[-79.86486,40.566432],[-79.869122,40.572175],[-79.86856,40.572519],[-79.867856,40.57278],[-79.86829,40.57344],[-79.869752,40.574851],[-79.869911,40.576908],[-79.869137,40.576847],[-79.868596,40.577055],[-79.867294,40.576928],[-79.86698,40.576794],[-79.864679,40.57441],[-79.864637,40.573905],[-79.864496,40.573693],[-79.864588,40.572893],[-79.864484,40.572109],[-79.864267,40.571543],[-79.863895,40.571031],[-79.863547,40.570742],[-79.862987,40.570444],[-79.86279,40.570669],[-79.860425,40.569879],[-79.859805,40.569572],[-79.858833,40.568907],[-79.857522,40.56832],[-79.857277,40.568145],[-79.857205,40.567914],[-79.857355,40.567189],[-79.857384,40.566673],[-79.857191,40.566162],[-79.856383,40.566364],[-79.856275,40.566434],[-79.856926,40.566848],[-79.85701,40.566965],[-79.856963,40.567395],[-79.856768,40.568184],[-79.856785,40.568562],[-79.856876,40.568772],[-79.85722,40.569095],[-79.858304,40.569858],[-79.85847,40.570077],[-79.858554,40.570317],[-79.858552,40.57103],[-79.857966,40.570653],[-79.857177,40.570029],[-79.856558,40.569437],[-79.856145,40.568946],[-79.853748,40.565444],[-79.851329,40.562622],[-79.850384,40.561006],[-79.853917,40.56074],[-79.864837,40.56065],[-79.869,40.560554],[-79.868857,40.556234],[-79.868787,40.555981],[-79.868731,40.554585],[-79.86846,40.55227],[-79.868351,40.547269],[-79.868043,40.54768],[-79.867948,40.547735],[-79.867808,40.547733],[-79.867724,40.547602],[-79.867846,40.547158],[-79.867778,40.546619],[-79.867583,40.546242],[-79.867329,40.545983],[-79.86644,40.54521],[-79.865346,40.544636],[-79.864478,40.543817],[-79.864013,40.543534],[-79.862693,40.542871],[-79.861779,40.542076],[-79.861193,40.541472],[-79.860692,40.541183],[-79.860157,40.540987],[-79.859208,40.540779],[-79.858681,40.540582],[-79.858064,40.540516],[-79.857399,40.540346],[-79.855118,40.540226],[-79.853962,40.540099],[-79.853023,40.540096],[-79.852844,40.539812],[-79.85196,40.539101],[-79.850921,40.538057],[-79.849111,40.536042],[-79.848697,40.535883],[-79.848273,40.535837],[-79.847744,40.535686],[-79.847517,40.535371],[-79.847459,40.535206],[-79.847114,40.53519],[-79.847078,40.534794],[-79.847135,40.534498],[-79.847077,40.5343],[-79.846531,40.534806],[-79.84643,40.534784],[-79.846459,40.534652],[-79.846631,40.534476],[-79.846764,40.53399],[-79.844479,40.536211],[-79.840729,40.540627],[-79.840661,40.540418],[-79.840234,40.540937],[-79.838635,40.542409],[-79.836808,40.543716],[-79.835323,40.544629],[-79.834537,40.545035],[-79.83277,40.545781],[-79.831555,40.546215],[-79.829741,40.546736],[-79.82685,40.547488],[-79.82684,40.547662],[-79.824639,40.548233],[-79.824557,40.548085],[-79.824666,40.548057],[-79.824403,40.547478],[-79.824239,40.546917],[-79.822587,40.53934],[-79.821165,40.539703],[-79.821013,40.539089],[-79.820857,40.538028],[-79.82183,40.537781],[-79.822237,40.537734],[-79.82191,40.53624],[-79.81747,40.536609],[-79.813773,40.536789],[-79.808549,40.53712],[-79.807566,40.537284],[-79.805012,40.537455],[-79.802525,40.537256],[-79.799818,40.536816],[-79.797532,40.536236],[-79.794789,40.535785],[-79.794701,40.538208],[-79.794947,40.543787],[-79.795248,40.547225],[-79.797032,40.547977],[-79.797844,40.548436],[-79.798669,40.549121],[-79.800726,40.549095],[-79.800731,40.549035],[-79.804566,40.548963]],[[-79.827694,40.587276],[-79.827267,40.58749],[-79.827114,40.587511],[-79.827005,40.587435],[-79.826995,40.587254],[-79.826217,40.587281],[-79.826014,40.587122],[-79.825501,40.587115],[-79.825386,40.58544],[-79.826433,40.585414],[-79.826225,40.584802],[-79.826244,40.584733],[-79.827072,40.584484],[-79.826808,40.583821],[-79.826561,40.583445],[-79.826635,40.583417],[-79.826974,40.583808],[-79.827604,40.58495],[-79.828604,40.586468],[-79.828381,40.586777],[-79.827694,40.587276]]]}},{"type":"Feature","properties":{"block_count":525,"land_area_km2":42.8826,"centroid":[-79.921878,40.299064],"bbox":[-79.979327,40.252518,-79.867021,40.34136],"boundary_source":"Approximate ZIP area: 2010 Census blocks grouped by their ZIP code (Allegheny County part only)","id":"zip-15025","name":"ZIP 15025 (Clairton)","zip":"15025","geography":"zip","level":"LOW","anomaly_score":0.6107311624099556,"confidence":"HIGH","case_id":"zipfile-15025","top_signal_headline":null},"geometry":{"type":"MultiPolygon","coordinates":[[[[-79.892237,40.315397],[-79.895009,40.317783],[-79.896003,40.318867],[-79.896675,40.319746],[-79.897402,40.321015],[-79.897538,40.321525],[-79.897558,40.323401],[-79.897495,40.324271],[-79.897214,40.32576],[-79.897084,40.327005],[-79.896799,40.328799],[-79.896489,40.330435],[-79.896376,40.330889],[-79.896294,40.330882],[-79.896364,40.33093],[-79.895813,40.332782],[-79.895431,40.333741],[-79.894975,40.334628],[-79.893851,40.33646],[-79.891884,40.33899],[-79.893858,40.339983],[-79.894998,40.337989],[-79.895975,40.33834],[-79.896384,40.338417],[-79.897551,40.338357],[-79.898293,40.338374],[-79.898627,40.338464],[-79.899088,40.338755],[-79.900848,40.340317],[-79.90164,40.341107],[-79.9021,40.341317],[-79.902323,40.34136],[-79.902704,40.341319],[-79.904498,40.340562],[-79.905404,40.340266],[-79.911381,40.338866],[-79.912112,40.338821],[-79.91265,40.338897],[-79.912832,40.338803],[-79.91287,40.338637],[-79.911724,40.337588],[-79.911526,40.337313],[-79.911224,40.33669],[-79.911119,40.336181],[-79.910726,40.332134],[-79.91007,40.330367],[-79.909972,40.329968],[-79.909969,40.329359],[-79.91014,40.328764],[-79.910348,40.328389],[-79.911046,40.327498],[-79.911201,40.327092],[-79.911193,40.326446],[-79.910995,40.326028],[-79.910538,40.325582],[-79.909307,40.32479],[-79.909002,40.324625],[-79.908367,40.324424],[-79.905973,40.324227],[-79.904665,40.324435],[-79.903706,40.324464],[-79.903289,40.324404],[-79.902868,40.324234],[-79.902537,40.323972],[-79.902348,40.323682],[-79.901937,40.321862],[-79.901789,40.321557],[-79.901589,40.321316],[-79.900314,40.320169],[-79.900071,40.319848],[-79.925802,40.325599],[-79.926238,40.324568],[-79.927056,40.324479],[-79.92738,40.324959],[-79.927853,40.325345],[-79.928274,40.325555],[-79.929518,40.326042],[-79.930139,40.326459],[-79.931594,40.328042],[-79.931727,40.327948],[-79.932389,40.327083],[-79.937307,40.329938],[-79.937748,40.329356],[-79.938255,40.328528],[-79.938411,40.327994],[-79.938755,40.327312],[-79.939031,40.326459],[-79.940276,40.323784],[-79.940578,40.322739],[-79.940789,40.322439],[-79.941828,40.321373],[-79.942203,40.321135],[-79.940482,40.317215],[-79.942554,40.31645],[-79.95298,40.320427],[-79.955927,40.320845],[-79.956919,40.321181],[-79.956905,40.320267],[-79.956973,40.320138],[-79.95964,40.317689],[-79.961313,40.318613],[-79.962024,40.319873],[-79.965763,40.321096],[-79.970918,40.323084],[-79.971581,40.321434],[-79.972595,40.320419],[-79.9721,40.319736],[-79.972005,40.319429],[-79.972071,40.319038],[-79.975549,40.318328],[-79.977171,40.317926],[-79.977376,40.317868],[-79.977824,40.317489],[-79.978971,40.318559],[-79.979327,40.318338],[-79.979123,40.317298],[-79.978718,40.317081],[-79.97901,40.316649],[-79.9789,40.315037],[-79.979022,40.311685],[-79.976368,40.309194],[-79.976411,40.307615],[-79.976372,40.306044],[-79.974602,40.302829],[-79.972784,40.299738],[-79.972961,40.29762],[-79.972904,40.297373],[-79.972653,40.296313],[-79.971495,40.293293],[-79.971043,40.292324],[-79.970153,40.291794],[-79.968951,40.291022],[-79.968529,40.290698],[-79.965495,40.288772],[-79.965208,40.285262],[-79.963945,40.282273],[-79.964966,40.281093],[-79.960273,40.279666],[-79.959829,40.279486],[-79.957389,40.279179],[-79.956922,40.279185],[-79.956135,40.279282],[-79.951485,40.280075],[-79.950258,40.280526],[-79.949518,40.281021],[-79.94838,40.282039],[-79.9475,40.282269],[-79.946968,40.282294],[-79.946412,40.282195],[-79.945928,40.281977],[-79.945473,40.28163],[-79.94397,40.279838],[-79.943619,40.279482],[-79.943201,40.27921],[-79.94284,40.279067],[-79.942388,40.278979],[-79.940901,40.279049],[-79.940272,40.279029],[-79.939376,40.27907],[-79.93593,40.279539],[-79.93626,40.282025],[-79.936169,40.283342],[-79.93496,40.284161],[-79.925325,40.285295],[-79.925049,40.285397],[-79.923202,40.281573],[-79.916591,40.283531],[-79.916927,40.284081],[-79.911194,40.283956],[-79.911162,40.284013],[-79.910914,40.283195],[-79.910424,40.282452],[-79.91008,40.282121],[-79.909657,40.28181],[-79.908716,40.281369],[-79.908596,40.281786],[-79.908883,40.28285],[-79.908864,40.28303],[-79.908735,40.283257],[-79.908333,40.283579],[-79.908035,40.283672],[-79.907614,40.283679],[-79.907076,40.283561],[-79.906569,40.283312],[-79.906203,40.282988],[-79.905729,40.282448],[-79.905253,40.282149],[-79.904677,40.281667],[-79.90409,40.281355],[-79.903923,40.28105],[-79.903915,40.280964],[-79.905443,40.280847],[-79.906071,40.280668],[-79.906603,40.280426],[-79.906211,40.280144],[-79.905584,40.279422],[-79.905395,40.27902],[-79.904972,40.277719],[-79.904604,40.276953],[-79.904118,40.27623],[-79.903421,40.275437],[-79.905468,40.274788],[-79.905259,40.274418],[-79.904965,40.274049],[-79.904778,40.27391],[-79.904514,40.273796],[-79.90402,40.273662],[-79.903244,40.273551],[-79.902694,40.273359],[-79.900531,40.271985],[-79.900347,40.272077],[-79.899964,40.272114],[-79.898174,40.272997],[-79.89655,40.273876],[-79.894841,40.274356],[-79.894562,40.27438],[-79.890166,40.276695],[-79.888367,40.277872],[-79.887886,40.278288],[-79.887357,40.277769],[-79.886293,40.276917],[-79.885349,40.277823],[-79.884189,40.278682],[-79.882952,40.279284],[-79.880538,40.280631],[-79.878977,40.281681],[-79.877097,40.283061],[-79.876178,40.283596],[-79.87494,40.284442],[-79.872086,40.286611],[-79.870686,40.287896],[-79.869633,40.28928],[-79.86832,40.291141],[-79.867746,40.292193],[-79.86748,40.292926],[-79.867252,40.293799],[-79.867021,40.295989],[-79.867126,40.297289],[-79.867309,40.298298],[-79.86778,40.300231],[-79.868453,40.302003],[-79.869734,40.303502],[-79.871528,40.305112],[-79.872359,40.305746],[-79.873385,40.306658],[-79.876217,40.308706],[-79.876862,40.30906],[-79.880719,40.310527],[-79.884144,40.311503],[-79.885638,40.3121],[-79.89139,40.314728],[-79.892237,40.315397]]],[[[-79.904323,40.269701],[-79.90453,40.26984],[-79.903969,40.270149],[-79.903534,40.270302],[-79.90099,40.271519],[-79.900848,40.271626],[-79.901132,40.271914],[-79.904198,40.271885],[-79.916053,40.268122],[-79.923765,40.268075],[-79.923936,40.268391],[-79.924185,40.268515],[-79.925303,40.268638],[-79.925604,40.26865],[-79.925799,40.268576],[-79.926169,40.268648],[-79.92645,40.268161],[-79.92673,40.267915],[-79.92691,40.267829],[-79.928678,40.267401],[-79.928654,40.267276],[-79.929267,40.26714],[-79.929707,40.26698],[-79.92996,40.266767],[-79.930328,40.266129],[-79.930731,40.265715],[-79.931297,40.265393],[-79.932866,40.264672],[-79.933659,40.264382],[-79.934856,40.264064],[-79.93657,40.263107],[-79.937312,40.262794],[-79.939094,40.262269],[-79.939507,40.262223],[-79.940298,40.26222],[-79.940455,40.261439],[-79.940646,40.261016],[-79.940599,40.260656],[-79.940484,40.260416],[-79.940274,40.260351],[-79.922922,40.25519],[-79.921053,40.254536],[-79.919166,40.253961],[-79.917627,40.253606],[-79.914139,40.252518],[-79.913883,40.25303],[-79.911692,40.256472],[-79.910872,40.257327],[-79.909652,40.25846],[-79.908773,40.259137],[-79.906927,40.260423],[-79.906027,40.260981],[-79.903453,40.262426],[-79.902754,40.262914],[-79.901136,40.264114],[-79.899421,40.265569],[-79.898695,40.266077],[-79.897369,40.267161],[-79.89987,40.269201],[-79.901535,40.26803],[-79.904323,40.269701]]]]}},{"type":"Feature","properties":{"block_count":49,"land_area_km2":17.8338,"centroid":[-80.297467,40.500156],"bbox":[-80.344816,40.458417,-80.268027,40.536943],"boundary_source":"Approximate ZIP area: 2010 Census blocks grouped by their ZIP code (Allegheny County part only)","id":"zip-15026","name":"ZIP 15026","zip":"15026","geography":"zip","level":"MEDIUM","anomaly_score":1.186380358554239,"confidence":"MODERATE","case_id":"zcase-030","top_signal_headline":"Sale prices +8% vs. county +19%"},"geometry":{"type":"Polygon","coordinates":[[[-80.272222,40.525756],[-80.272187,40.532257],[-80.272922,40.532607],[-80.27613,40.533852],[-80.276877,40.534216],[-80.277183,40.53458],[-80.277523,40.535371],[-80.277715,40.536943],[-80.31315,40.511613],[-80.324189,40.503806],[-80.324193,40.50388],[-80.329302,40.500237],[-80.344816,40.489034],[-80.344683,40.488854],[-80.344602,40.487679],[-80.337395,40.488518],[-80.336409,40.48872],[-80.335458,40.489086],[-80.334075,40.487224],[-80.331498,40.482307],[-80.328939,40.48324],[-80.329529,40.485097],[-80.330227,40.487721],[-80.331006,40.489075],[-80.331181,40.489281],[-80.331782,40.490911],[-80.328776,40.492432],[-80.327377,40.493024],[-80.324751,40.493795],[-80.320475,40.494965],[-80.31934,40.495102],[-80.318244,40.495034],[-80.317554,40.494904],[-80.3128,40.493736],[-80.311023,40.493392],[-80.308858,40.493096],[-80.307364,40.492972],[-80.305777,40.492903],[-80.30403,40.491302],[-80.303558,40.4911],[-80.303557,40.489867],[-80.29973,40.487363],[-80.299295,40.486882],[-80.298807,40.487156],[-80.298356,40.487554],[-80.298075,40.48831],[-80.297907,40.488558],[-80.297652,40.488359],[-80.29747,40.488329],[-80.297167,40.488534],[-80.29706,40.488863],[-80.296079,40.488907],[-80.295656,40.488992],[-80.295236,40.48928],[-80.289507,40.483912],[-80.295084,40.482496],[-80.295787,40.480919],[-80.296355,40.480204],[-80.296866,40.479307],[-80.298355,40.477187],[-80.299049,40.475449],[-80.299942,40.473588],[-80.300663,40.472766],[-80.301241,40.471798],[-80.302838,40.470232],[-80.304204,40.469607],[-80.305349,40.468875],[-80.304986,40.467566],[-80.305051,40.466931],[-80.304705,40.466528],[-80.304734,40.466375],[-80.304885,40.466146],[-80.304871,40.465993],[-80.30477,40.465799],[-80.304339,40.465373],[-80.304015,40.464925],[-80.303735,40.464657],[-80.303491,40.464142],[-80.303476,40.463985],[-80.303634,40.46367],[-80.30367,40.463423],[-80.303591,40.46313],[-80.303203,40.462465],[-80.303045,40.461748],[-80.30275,40.461169],[-80.302607,40.46102],[-80.302204,40.460819],[-80.302031,40.460625],[-80.301737,40.460001],[-80.301392,40.459522],[-80.301183,40.458944],[-80.300515,40.458417],[-80.300321,40.458434],[-80.300026,40.45859],[-80.299863,40.458438],[-80.286442,40.468746],[-80.280952,40.472401],[-80.275894,40.475115],[-80.27577,40.475639],[-80.276171,40.477891],[-80.276171,40.479371],[-80.274595,40.483456],[-80.276626,40.483652],[-80.280726,40.484254],[-80.281015,40.484219],[-80.28161,40.483955],[-80.281858,40.483904],[-80.282643,40.483907],[-80.282929,40.483806],[-80.289396,40.484584],[-80.289285,40.485322],[-80.289354,40.485635],[-80.29014,40.486401],[-80.29167,40.487721],[-80.291232,40.48867],[-80.292365,40.489187],[-80.292223,40.489558],[-80.291714,40.489692],[-80.291137,40.489948],[-80.290721,40.490196],[-80.291104,40.490678],[-80.292846,40.48982],[-80.295236,40.48928],[-80.294977,40.489459],[-80.294413,40.49012],[-80.294187,40.490313],[-80.2929,40.490856],[-80.292211,40.491249],[-80.291153,40.492307],[-80.290578,40.493011],[-80.287624,40.49154],[-80.286581,40.490958],[-80.285864,40.490631],[-80.285497,40.491707],[-80.285655,40.492729],[-80.286457,40.492839],[-80.286079,40.49339],[-80.2863,40.494397],[-80.287086,40.495199],[-80.288687,40.495762],[-80.288315,40.496334],[-80.288205,40.496458],[-80.288014,40.496565],[-80.287296,40.496682],[-80.28571,40.4972],[-80.285254,40.497385],[-80.284128,40.497999],[-80.283414,40.498294],[-80.282744,40.498449],[-80.281392,40.498627],[-80.281759,40.499076],[-80.282178,40.499726],[-80.282477,40.500405],[-80.282608,40.500844],[-80.282739,40.501903],[-80.282594,40.503053],[-80.282204,40.504171],[-80.276629,40.517364],[-80.274778,40.5173],[-80.272215,40.516861],[-80.271962,40.516101],[-80.269976,40.51307],[-80.268693,40.514152],[-80.268444,40.514485],[-80.268219,40.514945],[-80.268027,40.515602],[-80.269906,40.516279],[-80.271907,40.516801],[-80.272071,40.517246],[-80.272303,40.518189],[-80.272391,40.519119],[-80.272189,40.522494],[-80.272222,40.525756]]]}},{"type":"Feature","properties":{"block_count":18,"land_area_km2":0.5175,"centroid":[-79.79882,40.301588],"bbox":[-79.806867,40.292574,-79.787608,40.318886],"boundary_source":"Approximate ZIP area: 2010 Census blocks grouped by their ZIP code (Allegheny County part only)","id":"zip-15028","name":"ZIP 15028","zip":"15028","geography":"zip","level":"INSUFFICIENT DATA","anomaly_score":null,"confidence":"LOW","case_id":"zipfile-15028","top_signal_headline":null},"geometry":{"type":"Polygon","coordinates":[[[-79.801926,40.303531],[-79.801479,40.303692],[-79.801524,40.303775],[-79.795391,40.305643],[-79.793637,40.306471],[-79.792413,40.307291],[-79.791723,40.307831],[-79.790901,40.308575],[-79.79001,40.309648],[-79.789371,40.310585],[-79.789094,40.311089],[-79.788912,40.311533],[-79.78873,40.312288],[-79.788689,40.312902],[-79.788765,40.313281],[-79.788944,40.313817],[-79.789219,40.314318],[-79.789817,40.315293],[-79.790273,40.315927],[-79.791074,40.316778],[-79.791967,40.317444],[-79.793193,40.318036],[-79.795418,40.318886],[-79.796214,40.318319],[-79.792896,40.317233],[-79.791474,40.316107],[-79.79032,40.314557],[-79.789798,40.313073],[-79.789769,40.312027],[-79.790155,40.310876],[-79.791133,40.30937],[-79.793118,40.308044],[-79.794322,40.307325],[-79.795117,40.306971],[-79.7964,40.306525],[-79.797845,40.306152],[-79.803025,40.304525],[-79.804561,40.303999],[-79.805057,40.303784],[-79.806481,40.302378],[-79.806693,40.301319],[-79.806867,40.299126],[-79.806798,40.298662],[-79.806506,40.297755],[-79.806032,40.296969],[-79.805172,40.295922],[-79.802642,40.29353],[-79.801857,40.293022],[-79.800965,40.292724],[-79.800159,40.292574],[-79.799458,40.292636],[-79.798776,40.292857],[-79.798003,40.29332],[-79.797096,40.294049],[-79.796039,40.295031],[-79.793599,40.297531],[-79.79284,40.297999],[-79.792285,40.298058],[-79.790578,40.298096],[-79.789447,40.297962],[-79.788378,40.297743],[-79.787853,40.297693],[-79.787608,40.299211],[-79.788864,40.299427],[-79.789479,40.299446],[-79.790602,40.299383],[-79.791289,40.299249],[-79.792648,40.298823],[-79.79388,40.298127],[-79.794177,40.297905],[-79.794523,40.297552],[-79.796071,40.29589],[-79.79652,40.295516],[-79.797612,40.294946],[-79.798496,40.294704],[-79.799044,40.294626],[-79.800259,40.294628],[-79.800242,40.294746],[-79.799268,40.294729],[-79.798701,40.294811],[-79.798539,40.294949],[-79.798736,40.295539],[-79.798977,40.295833],[-79.800039,40.296174],[-79.800242,40.294746],[-79.801037,40.294884],[-79.800781,40.296458],[-79.80179,40.296942],[-79.802544,40.297449],[-79.802906,40.297769],[-79.803295,40.298172],[-79.803731,40.298745],[-79.804161,40.299557],[-79.804257,40.299927],[-79.804219,40.300955],[-79.804083,40.301441],[-79.803959,40.301671],[-79.803673,40.301997],[-79.803289,40.302228],[-79.801603,40.302856],[-79.801926,40.303531]]]}},{"type":"Feature","properties":{"block_count":55,"land_area_km2":4.8682,"centroid":[-79.780716,40.587284],"bbox":[-79.796437,40.562828,-79.764001,40.606054],"boundary_source":"Approximate ZIP area: 2010 Census blocks grouped by their ZIP code (Allegheny County part only)","id":"zip-15030","name":"ZIP 15030 (Creighton)","zip":"15030","geography":"zip","level":"INSUFFICIENT DATA","anomaly_score":2.439991308874568,"confidence":"LOW","case_id":"zipfile-15030","top_signal_headline":"Home values +5% vs. county +14%"},"geometry":{"type":"Polygon","coordinates":[[[-79.771331,40.59452],[-79.776973,40.59728],[-79.777002,40.597629],[-79.77711,40.597969],[-79.777282,40.598244],[-79.77783,40.598634],[-79.778269,40.598699],[-79.778484,40.598842],[-79.778651,40.59919],[-79.778763,40.599938],[-79.778703,40.600609],[-79.779056,40.601622],[-79.779648,40.602927],[-79.780262,40.603552],[-79.78055,40.603926],[-79.78068,40.604284],[-79.780797,40.605028],[-79.781289,40.606054],[-79.789116,40.605965],[-79.788472,40.59014],[-79.789783,40.590144],[-79.790536,40.590202],[-79.791368,40.59095],[-79.792002,40.591241],[-79.792283,40.59145],[-79.792542,40.591669],[-79.792873,40.592114],[-79.793075,40.59229],[-79.793664,40.592539],[-79.793824,40.592398],[-79.793258,40.592204],[-79.79284,40.591676],[-79.79223,40.591089],[-79.791447,40.590649],[-79.790947,40.590235],[-79.796437,40.590122],[-79.796102,40.583532],[-79.795735,40.583303],[-79.79537,40.583152],[-79.793707,40.582982],[-79.793101,40.582858],[-79.791848,40.582969],[-79.790751,40.583296],[-79.788122,40.583363],[-79.787944,40.575567],[-79.78771,40.573442],[-79.787243,40.574231],[-79.785503,40.577994],[-79.785073,40.578751],[-79.784689,40.579272],[-79.784285,40.579725],[-79.783693,40.580276],[-79.782041,40.581455],[-79.782099,40.581301],[-79.78204,40.581195],[-79.781731,40.581346],[-79.78112,40.58149],[-79.780845,40.581483],[-79.782704,40.580291],[-79.783329,40.579764],[-79.783816,40.579234],[-79.78416,40.578728],[-79.784892,40.577392],[-79.784992,40.577042],[-79.78498,40.576688],[-79.784842,40.576346],[-79.784381,40.575592],[-79.783858,40.575709],[-79.783483,40.57569],[-79.783514,40.574992],[-79.78358,40.5747],[-79.782554,40.574521],[-79.781657,40.574534],[-79.781414,40.574386],[-79.781376,40.574209],[-79.781482,40.574049],[-79.781624,40.573981],[-79.782242,40.573906],[-79.782648,40.573619],[-79.78092,40.573626],[-79.780676,40.573508],[-79.780198,40.572559],[-79.779727,40.571386],[-79.779331,40.570194],[-79.775699,40.562828],[-79.773059,40.562888],[-79.77187,40.562967],[-79.772275,40.564174],[-79.77437,40.569767],[-79.774001,40.575771],[-79.77381,40.577604],[-79.773331,40.580758],[-79.772918,40.582107],[-79.772285,40.583788],[-79.771283,40.5853],[-79.770371,40.586366],[-79.764001,40.592735],[-79.765534,40.596701],[-79.766145,40.597233],[-79.767499,40.596166],[-79.76901,40.594878],[-79.771661,40.592128],[-79.775638,40.588391],[-79.776058,40.587849],[-79.77628,40.587417],[-79.776645,40.587619],[-79.776752,40.588147],[-79.774039,40.590648],[-79.772889,40.591852],[-79.77211,40.592982],[-79.771331,40.59452]]]}},{"type":"Feature","properties":{"block_count":27,"land_area_km2":1.2071,"centroid":[-80.161126,40.348232],"bbox":[-80.17729,40.337663,-80.140437,40.360165],"boundary_source":"Approximate ZIP area: 2010 Census blocks grouped by their ZIP code (Allegheny County part only)","id":"zip-15031","name":"ZIP 15031 (Cuddy)","zip":"15031","geography":"zip","level":"INSUFFICIENT DATA","anomaly_score":0.0022307474865595283,"confidence":"LOW","case_id":"zipfile-15031","top_signal_headline":null},"geometry":{"type":"Polygon","coordinates":[[[-80.163055,40.360165],[-80.16432,40.359436],[-80.161143,40.356252],[-80.160358,40.355602],[-80.159869,40.355121],[-80.159265,40.354624],[-80.15918,40.354501],[-80.159235,40.354229],[-80.159662,40.353803],[-80.159772,40.353629],[-80.160211,40.351795],[-80.16056,40.35117],[-80.160823,40.350523],[-80.161317,40.349931],[-80.161387,40.349612],[-80.161527,40.349319],[-80.161577,40.34898],[-80.164263,40.349192],[-80.164562,40.349823],[-80.164633,40.34961],[-80.164626,40.34939],[-80.164246,40.348671],[-80.164102,40.348286],[-80.16467,40.348195],[-80.165198,40.348221],[-80.165964,40.348331],[-80.166642,40.34824],[-80.167791,40.34775],[-80.16866,40.347216],[-80.169565,40.346994],[-80.169907,40.346836],[-80.171049,40.345966],[-80.172343,40.344777],[-80.172424,40.344632],[-80.172503,40.34435],[-80.172508,40.343678],[-80.172234,40.342667],[-80.17729,40.339742],[-80.176095,40.339484],[-80.175619,40.339593],[-80.174988,40.339978],[-80.173014,40.341622],[-80.172623,40.341809],[-80.17224,40.34187],[-80.172193,40.341616],[-80.172038,40.341281],[-80.1719,40.341102],[-80.171277,40.340633],[-80.171243,40.34049],[-80.17147,40.340293],[-80.173361,40.33912],[-80.173504,40.338767],[-80.173505,40.338564],[-80.173273,40.337663],[-80.172812,40.337669],[-80.171369,40.337978],[-80.169725,40.338237],[-80.169367,40.338369],[-80.169137,40.338571],[-80.169101,40.338701],[-80.169302,40.339045],[-80.169367,40.339279],[-80.169201,40.33999],[-80.169223,40.340328],[-80.169459,40.340852],[-80.16971,40.341633],[-80.169836,40.342835],[-80.169333,40.343443],[-80.168519,40.344254],[-80.167742,40.344782],[-80.167309,40.345],[-80.166857,40.345198],[-80.166002,40.345464],[-80.165245,40.34561],[-80.164469,40.345679],[-80.16317,40.345626],[-80.159519,40.345223],[-80.157961,40.345129],[-80.15692,40.345164],[-80.156146,40.345247],[-80.154461,40.345573],[-80.153478,40.345903],[-80.152513,40.346316],[-80.151632,40.346789],[-80.15103,40.347171],[-80.150481,40.347596],[-80.149562,40.34846],[-80.147542,40.351022],[-80.146847,40.351614],[-80.146027,40.352104],[-80.145106,40.352475],[-80.143864,40.352766],[-80.142306,40.352861],[-80.140437,40.35289],[-80.140471,40.353135],[-80.140681,40.353387],[-80.145279,40.352826],[-80.145903,40.352435],[-80.146048,40.352437],[-80.146459,40.352926],[-80.146206,40.353145],[-80.145746,40.353413],[-80.14535,40.35351],[-80.142443,40.353869],[-80.141315,40.354057],[-80.141444,40.354309],[-80.14187,40.354353],[-80.14284,40.354352],[-80.143636,40.354272],[-80.144909,40.353964],[-80.145879,40.353587],[-80.146389,40.353318],[-80.147433,40.352595],[-80.148292,40.351688],[-80.149288,40.3501],[-80.150069,40.349037],[-80.150765,40.348413],[-80.151163,40.348127],[-80.152183,40.347567],[-80.153506,40.347108],[-80.155018,40.346866],[-80.163192,40.346411],[-80.164205,40.346327],[-80.165168,40.34616],[-80.166586,40.34575],[-80.167234,40.34549],[-80.167932,40.345144],[-80.169668,40.344137],[-80.169588,40.344484],[-80.169214,40.344882],[-80.168891,40.345109],[-80.167929,40.34553],[-80.166809,40.346198],[-80.165259,40.346858],[-80.165022,40.346924],[-80.161821,40.346946],[-80.160988,40.34703],[-80.160284,40.346993],[-80.159646,40.347029],[-80.156638,40.347746],[-80.155166,40.347929],[-80.15545,40.348349],[-80.155629,40.348521],[-80.155617,40.348638],[-80.15532,40.348726],[-80.154346,40.348707],[-80.153781,40.34878],[-80.152437,40.349368],[-80.152024,40.349768],[-80.152575,40.350087],[-80.153077,40.350299],[-80.153844,40.349741],[-80.154305,40.350157],[-80.154366,40.350263],[-80.154326,40.350395],[-80.153691,40.35088],[-80.153357,40.351198],[-80.163055,40.360165]]]}},{"type":"Feature","properties":{"block_count":82,"land_area_km2":2.5076,"centroid":[-79.890612,40.350838],"bbox":[-79.906232,40.33899,-79.876676,40.359296],"boundary_source":"Approximate ZIP area: 2010 Census blocks grouped by their ZIP code (Allegheny County part only)","id":"zip-15034","name":"ZIP 15034 (Dravosburg)","zip":"15034","geography":"zip","level":"HIGH","anomaly_score":2.5026729297114043,"confidence":"MODERATE","case_id":"zcase-007","top_signal_headline":"Sale prices +52% vs. county +19%"},"geometry":{"type":"Polygon","coordinates":[[[-79.896892,40.345626],[-79.895324,40.344546],[-79.896232,40.341835],[-79.895911,40.341451],[-79.895634,40.341251],[-79.893437,40.340744],[-79.893858,40.339983],[-79.891884,40.33899],[-79.890879,40.339912],[-79.889462,40.341049],[-79.888708,40.34173],[-79.886356,40.344175],[-79.882333,40.349564],[-79.881408,40.351046],[-79.880846,40.351649],[-79.879572,40.352747],[-79.878293,40.353641],[-79.876676,40.354337],[-79.87724,40.357706],[-79.880319,40.357361],[-79.8812,40.357189],[-79.881367,40.357571],[-79.883114,40.357573],[-79.884817,40.357396],[-79.885887,40.359296],[-79.886678,40.359288],[-79.887283,40.359226],[-79.888454,40.358947],[-79.892009,40.357826],[-79.892487,40.357757],[-79.893937,40.357684],[-79.894362,40.357617],[-79.895983,40.356795],[-79.897574,40.356288],[-79.898218,40.356016],[-79.899463,40.356057],[-79.899955,40.355741],[-79.901382,40.353841],[-79.901912,40.352917],[-79.902046,40.352741],[-79.902299,40.352572],[-79.903742,40.352236],[-79.904225,40.352248],[-79.905667,40.3525],[-79.906232,40.352448],[-79.89727,40.346301],[-79.897294,40.346216],[-79.89699,40.345696],[-79.896892,40.345626]]]}},{"type":"Feature","properties":{"block_count":101,"land_area_km2":1.0747,"centroid":[-79.807393,40.384826],"bbox":[-79.816682,40.37749,-79.798097,40.391419],"boundary_source":"Approximate ZIP area: 2010 Census blocks grouped by their ZIP code (Allegheny County part only)","id":"zip-15035","name":"ZIP 15035 (East Mc Keesport)","zip":"15035","geography":"zip","level":"MEDIUM","anomaly_score":1.3932584412077562,"confidence":"MODERATE","case_id":"zcase-024","top_signal_headline":"Home values +22% vs. county +14%"},"geometry":{"type":"Polygon","coordinates":[[[-79.815387,40.38186],[-79.816123,40.380944],[-79.815682,40.380871],[-79.815588,40.380781],[-79.816175,40.38007],[-79.816454,40.380211],[-79.816506,40.380152],[-79.816682,40.378599],[-79.81468,40.377508],[-79.814244,40.377552],[-79.81369,40.37749],[-79.812738,40.379491],[-79.811231,40.37908],[-79.810561,40.38066],[-79.807011,40.379364],[-79.805665,40.381484],[-79.804978,40.381874],[-79.805525,40.382458],[-79.805625,40.382407],[-79.805872,40.382732],[-79.805598,40.382834],[-79.804474,40.383423],[-79.804126,40.38366],[-79.805143,40.383707],[-79.805232,40.383722],[-79.805207,40.383758],[-79.803457,40.384791],[-79.802115,40.385119],[-79.801244,40.38551],[-79.798438,40.386451],[-79.799709,40.387008],[-79.799123,40.387452],[-79.799107,40.387739],[-79.798595,40.388128],[-79.798097,40.389668],[-79.798472,40.390628],[-79.802594,40.391419],[-79.802763,40.391333],[-79.811563,40.386664],[-79.812142,40.38429],[-79.813244,40.384666],[-79.815387,40.38186]]]}},{"type":"Feature","properties":{"block_count":326,"land_area_km2":68.5229,"centroid":[-79.850799,40.257349],"bbox":[-79.934946,40.198776,-79.796399,40.320239],"boundary_source":"Approximate ZIP area: 2010 Census blocks grouped by their ZIP code (Allegheny County part only)","id":"zip-15037","name":"ZIP 15037 (Elizabeth)","zip":"15037","geography":"zip","level":"LOW","anomaly_score":0.7041600633546815,"confidence":"HIGH","case_id":"zipfile-15037","top_signal_headline":null},"geometry":{"type":"Polygon","coordinates":[[[-79.803934,40.23067],[-79.805269,40.231283],[-79.805716,40.231595],[-79.806425,40.232255],[-79.806798,40.23271],[-79.807316,40.233648],[-79.807603,40.234427],[-79.807929,40.2359],[-79.808009,40.236894],[-79.807835,40.237749],[-79.806057,40.241958],[-79.806335,40.242453],[-79.806476,40.243044],[-79.805314,40.243747],[-79.8044,40.244705],[-79.804247,40.244977],[-79.803675,40.246427],[-79.80317,40.247239],[-79.804469,40.247546],[-79.804686,40.24774],[-79.804806,40.247716],[-79.804819,40.247568],[-79.804045,40.246935],[-79.804097,40.246667],[-79.804178,40.246549],[-79.804363,40.246467],[-79.804539,40.246477],[-79.804847,40.246592],[-79.805047,40.246803],[-79.805274,40.246914],[-79.80671,40.24692],[-79.806882,40.247012],[-79.806995,40.247134],[-79.80704,40.247305],[-79.807192,40.248246],[-79.807344,40.24859],[-79.807895,40.249387],[-79.808024,40.249782],[-79.808106,40.250432],[-79.808225,40.250877],[-79.808417,40.25124],[-79.809641,40.252132],[-79.809725,40.252298],[-79.810134,40.252666],[-79.810053,40.252865],[-79.809797,40.253095],[-79.809753,40.253238],[-79.810232,40.254569],[-79.809047,40.254744],[-79.808655,40.254739],[-79.804244,40.253731],[-79.803855,40.253669],[-79.803459,40.253662],[-79.802464,40.253731],[-79.80208,40.253805],[-79.800842,40.254252],[-79.800589,40.254424],[-79.799416,40.254815],[-79.798853,40.254966],[-79.797875,40.255069],[-79.797659,40.255178],[-79.797419,40.255505],[-79.796725,40.25716],[-79.79671,40.257336],[-79.796825,40.257649],[-79.797573,40.258404],[-79.797688,40.258613],[-79.797641,40.258773],[-79.797529,40.258873],[-79.79676,40.259155],[-79.796799,40.259288],[-79.796749,40.259533],[-79.796399,40.260138],[-79.796566,40.262754],[-79.796673,40.263069],[-79.796847,40.263239],[-79.797918,40.263375],[-79.799568,40.264287],[-79.799573,40.264636],[-79.799344,40.265035],[-79.799895,40.26542],[-79.800198,40.26542],[-79.801019,40.265291],[-79.801292,40.265177],[-79.801852,40.265435],[-79.803169,40.265652],[-79.803482,40.265661],[-79.805833,40.265266],[-79.806798,40.265201],[-79.805981,40.265518],[-79.805099,40.26597],[-79.804218,40.266176],[-79.803726,40.266481],[-79.802872,40.26689],[-79.802697,40.267121],[-79.802506,40.267803],[-79.802287,40.268126],[-79.80157,40.268832],[-79.80091,40.269252],[-79.800341,40.269779],[-79.799971,40.270036],[-79.799768,40.270315],[-79.798952,40.271875],[-79.798189,40.272513],[-79.798268,40.272761],[-79.798292,40.273467],[-79.798441,40.273756],[-79.799184,40.274783],[-79.800067,40.274969],[-79.799558,40.275201],[-79.799846,40.275275],[-79.801185,40.275291],[-79.802016,40.275433],[-79.804157,40.27627],[-79.804753,40.276546],[-79.805067,40.276749],[-79.806866,40.278279],[-79.807092,40.278592],[-79.807373,40.279285],[-79.807574,40.279611],[-79.810154,40.281593],[-79.811089,40.282408],[-79.811817,40.283545],[-79.811927,40.284257],[-79.812051,40.284599],[-79.812542,40.285198],[-79.812907,40.285463],[-79.814436,40.28601],[-79.814905,40.286346],[-79.81543,40.287442],[-79.815462,40.287743],[-79.815392,40.288041],[-79.815067,40.288455],[-79.813659,40.289568],[-79.812966,40.290258],[-79.813552,40.290498],[-79.813962,40.289999],[-79.826984,40.287333],[-79.827681,40.288473],[-79.827986,40.288733],[-79.827481,40.289303],[-79.830274,40.292621],[-79.832517,40.293586],[-79.837739,40.296216],[-79.841029,40.297709],[-79.844928,40.298566],[-79.845028,40.299929],[-79.844414,40.299937],[-79.842714,40.299677],[-79.842562,40.299674],[-79.842356,40.29975],[-79.842123,40.300012],[-79.841875,40.300501],[-79.841538,40.302307],[-79.841363,40.302546],[-79.841006,40.302821],[-79.840611,40.303234],[-79.840419,40.30352],[-79.840184,40.304188],[-79.839954,40.30443],[-79.839549,40.304715],[-79.838866,40.305413],[-79.838536,40.305875],[-79.837991,40.306854],[-79.837787,40.307072],[-79.837351,40.307314],[-79.836909,40.307357],[-79.836889,40.30742],[-79.835884,40.307625],[-79.836445,40.30872],[-79.835747,40.308922],[-79.837067,40.311449],[-79.837596,40.312692],[-79.838406,40.314286],[-79.837621,40.314722],[-79.838516,40.316202],[-79.839331,40.31728],[-79.839922,40.318236],[-79.840784,40.319754],[-79.840955,40.320239],[-79.841857,40.319847],[-79.841219,40.31878],[-79.84197,40.317938],[-79.842113,40.317714],[-79.842249,40.317337],[-79.842457,40.317042],[-79.843332,40.316339],[-79.843584,40.316189],[-79.844006,40.316022],[-79.844379,40.315971],[-79.845491,40.315658],[-79.845893,40.315685],[-79.846553,40.315889],[-79.846782,40.315901],[-79.847413,40.315763],[-79.847952,40.315777],[-79.848397,40.315597],[-79.848583,40.315626],[-79.848841,40.315475],[-79.849336,40.314985],[-79.850239,40.314548],[-79.85105,40.314312],[-79.852506,40.313719],[-79.853216,40.313289],[-79.853574,40.312959],[-79.854198,40.31288],[-79.854693,40.312722],[-79.855023,40.312491],[-79.855209,40.312047],[-79.858497,40.311896],[-79.858719,40.310467],[-79.858718,40.310125],[-79.858642,40.30979],[-79.859056,40.30962],[-79.859239,40.309456],[-79.860099,40.307516],[-79.861449,40.307014],[-79.862838,40.30963],[-79.866439,40.313928],[-79.868291,40.317835],[-79.870014,40.316022],[-79.872191,40.315951],[-79.873874,40.31754],[-79.873966,40.317495],[-79.876219,40.316334],[-79.875824,40.315453],[-79.876176,40.314647],[-79.877823,40.313095],[-79.879762,40.31411],[-79.881828,40.314958],[-79.882964,40.313344],[-79.884144,40.311503],[-79.880719,40.310527],[-79.876862,40.30906],[-79.876217,40.308706],[-79.873385,40.306658],[-79.872359,40.305746],[-79.871528,40.305112],[-79.869734,40.303502],[-79.868453,40.302003],[-79.86778,40.300231],[-79.867309,40.298298],[-79.867126,40.297289],[-79.867021,40.295989],[-79.867142,40.294511],[-79.867252,40.293799],[-79.86748,40.292926],[-79.867746,40.292193],[-79.86832,40.291141],[-79.869633,40.28928],[-79.870686,40.287896],[-79.872086,40.286611],[-79.87494,40.284442],[-79.876178,40.283596],[-79.877097,40.283061],[-79.878977,40.281681],[-79.880538,40.280631],[-79.882952,40.279284],[-79.884189,40.278682],[-79.885349,40.277823],[-79.886391,40.276822],[-79.887081,40.275929],[-79.888156,40.274933],[-79.888966,40.274045],[-79.891425,40.271905],[-79.892822,40.270782],[-79.894969,40.268923],[-79.897632,40.266973],[-79.898695,40.266077],[-79.89995,40.265138],[-79.901136,40.264114],[-79.902754,40.262914],[-79.903453,40.262426],[-79.906027,40.260981],[-79.906927,40.260423],[-79.908773,40.259137],[-79.909652,40.25846],[-79.910872,40.257327],[-79.911692,40.256472],[-79.913883,40.25303],[-79.914795,40.251398],[-79.915323,40.250982],[-79.915707,40.25055],[-79.916379,40.24999],[-79.918107,40.24887],[-79.919643,40.248006],[-79.920123,40.247654],[-79.921691,40.246854],[-79.922347,40.24647],[-79.922955,40.24615],[-79.923643,40.245894],[-79.924683,40.245446],[-79.925275,40.245126],[-79.926331,40.24471],[-79.927387,40.24415],[-79.928347,40.243782],[-79.929515,40.24343],[-79.930819,40.24307],[-79.934946,40.242058],[-79.93378,40.240362],[-79.930427,40.241279],[-79.923146,40.243773],[-79.921891,40.244483],[-79.920949,40.245095],[-79.918864,40.246504],[-79.917523,40.247336],[-79.915913,40.248476],[-79.913565,40.250438],[-79.912493,40.251503],[-79.912298,40.251767],[-79.912047,40.251675],[-79.912658,40.25112],[-79.912431,40.251156],[-79.91224,40.251132],[-79.911545,40.250606],[-79.911132,40.250143],[-79.9103,40.24915],[-79.91011,40.248843],[-79.909986,40.248454],[-79.909976,40.247972],[-79.910068,40.24764],[-79.910327,40.247167],[-79.910873,40.246595],[-79.911172,40.246142],[-79.911551,40.2449],[-79.912905,40.244107],[-79.913289,40.243693],[-79.913957,40.242061],[-79.914239,40.240739],[-79.914375,40.240456],[-79.914592,40.240185],[-79.91448,40.240146],[-79.913762,40.239995],[-79.912615,40.239567],[-79.911383,40.239454],[-79.909836,40.239108],[-79.908842,40.239062],[-79.908043,40.238967],[-79.906892,40.238931],[-79.905662,40.239016],[-79.905314,40.239117],[-79.904363,40.23957],[-79.903663,40.239837],[-79.902595,40.240113],[-79.902422,40.240268],[-79.901104,40.242105],[-79.900742,40.242408],[-79.900347,40.242638],[-79.899272,40.242906],[-79.896977,40.243246],[-79.894876,40.243669],[-79.894724,40.243645],[-79.894738,40.24347],[-79.895009,40.242479],[-79.894516,40.242513],[-79.889568,40.242523],[-79.889131,40.242564],[-79.888067,40.242799],[-79.886511,40.242754],[-79.884706,40.242556],[-79.884481,40.242462],[-79.884272,40.242195],[-79.884085,40.242059],[-79.883715,40.241879],[-79.883189,40.241748],[-79.881819,40.241549],[-79.882778,40.240435],[-79.883211,40.239598],[-79.883315,40.239177],[-79.883301,40.238194],[-79.883603,40.237312],[-79.883241,40.235831],[-79.883038,40.23541],[-79.882872,40.234735],[-79.882737,40.233442],[-79.882907,40.232],[-79.882876,40.231624],[-79.882783,40.231403],[-79.882494,40.23109],[-79.880533,40.229515],[-79.879773,40.228989],[-79.87854,40.228552],[-79.876854,40.228033],[-79.876396,40.227963],[-79.875527,40.227919],[-79.875542,40.227641],[-79.875382,40.227703],[-79.875181,40.22771],[-79.874449,40.227438],[-79.875323,40.22551],[-79.873476,40.218486],[-79.867857,40.216118],[-79.86263,40.211714],[-79.858543,40.206218],[-79.858672,40.205999],[-79.858736,40.205527],[-79.858667,40.205354],[-79.861222,40.202727],[-79.861603,40.202488],[-79.862041,40.202315],[-79.864691,40.201776],[-79.865166,40.201589],[-79.865357,40.201459],[-79.865749,40.200892],[-79.866064,40.200562],[-79.867731,40.199536],[-79.868451,40.199176],[-79.868462,40.199043],[-79.868359,40.19889],[-79.866671,40.198776],[-79.840276,40.208041],[-79.835224,40.209766],[-79.816989,40.215779],[-79.8174,40.215818],[-79.81745,40.216405],[-79.816932,40.219113],[-79.816973,40.221681],[-79.816992,40.221847],[-79.817103,40.222056],[-79.817633,40.222505],[-79.817899,40.222893],[-79.817692,40.223441],[-79.817283,40.223736],[-79.816625,40.22435],[-79.816339,40.224557],[-79.815586,40.224914],[-79.813918,40.225864],[-79.813737,40.226077],[-79.813293,40.226811],[-79.813082,40.227022],[-79.812881,40.227028],[-79.808872,40.225938],[-79.808675,40.225902],[-79.808579,40.225934],[-79.808625,40.226129],[-79.809197,40.227157],[-79.809157,40.227585],[-79.809355,40.228108],[-79.809446,40.229075],[-79.809755,40.229483],[-79.81037,40.230053],[-79.810149,40.231455],[-79.810158,40.231854],[-79.808496,40.231075],[-79.807786,40.230684],[-79.807482,40.230651],[-79.807101,40.230748],[-79.806932,40.230864],[-79.806667,40.231218],[-79.806437,40.231349],[-79.806213,40.23141],[-79.805961,40.231375],[-79.805313,40.230952],[-79.804795,40.230717],[-79.804284,40.230584],[-79.804167,40.23058],[-79.803934,40.23067]]]}},{"type":"Feature","properties":{"block_count":461,"land_area_km2":104.1752,"centroid":[-79.94748,40.637985],"bbox":[-80.038137,40.583323,-79.851428,40.67409],"boundary_source":"Approximate ZIP area: 2010 Census blocks grouped by their ZIP code (Allegheny County part only)","id":"zip-15044","name":"ZIP 15044 (Gibsonia)","zip":"15044","geography":"zip","level":"LOW","anomaly_score":0.4694043297440063,"confidence":"HIGH","case_id":"zipfile-15044","top_signal_headline":null},"geometry":{"type":"Polygon","coordinates":[[[-79.970358,40.593911],[-79.966444,40.593706],[-79.963188,40.593607],[-79.962524,40.595025],[-79.961748,40.595],[-79.961379,40.596132],[-79.956984,40.597878],[-79.955544,40.59624],[-79.953603,40.595725],[-79.953478,40.596118],[-79.953377,40.59625],[-79.952548,40.596793],[-79.952404,40.597051],[-79.952421,40.597358],[-79.951967,40.597763],[-79.951109,40.598817],[-79.950795,40.599308],[-79.95042,40.599577],[-79.950266,40.600594],[-79.949058,40.600109],[-79.947469,40.599579],[-79.947264,40.602217],[-79.94649,40.602227],[-79.946387,40.60312],[-79.946389,40.603248],[-79.946811,40.603246],[-79.947185,40.603462],[-79.947147,40.604372],[-79.946794,40.604384],[-79.946351,40.604501],[-79.945688,40.604822],[-79.945384,40.605141],[-79.945403,40.605779],[-79.945167,40.606091],[-79.943599,40.606826],[-79.943162,40.607097],[-79.942888,40.607328],[-79.941638,40.60691],[-79.940623,40.606363],[-79.930573,40.599826],[-79.928628,40.603634],[-79.928435,40.603832],[-79.927196,40.604636],[-79.926716,40.604607],[-79.919562,40.604786],[-79.916254,40.604915],[-79.910149,40.605063],[-79.910237,40.606858],[-79.910173,40.6071],[-79.908555,40.608257],[-79.907681,40.608674],[-79.906514,40.609475],[-79.906323,40.609675],[-79.906182,40.61002],[-79.905844,40.610375],[-79.905538,40.610602],[-79.904882,40.610863],[-79.9044,40.610915],[-79.903965,40.611165],[-79.902178,40.611867],[-79.902048,40.61204],[-79.901794,40.613358],[-79.901171,40.613234],[-79.900817,40.612965],[-79.900421,40.612767],[-79.900837,40.61196],[-79.900319,40.611257],[-79.899995,40.61068],[-79.899404,40.610164],[-79.898706,40.609719],[-79.897582,40.609164],[-79.897315,40.609084],[-79.89617,40.608851],[-79.89604,40.609055],[-79.895953,40.609329],[-79.89594,40.609753],[-79.896044,40.611265],[-79.896121,40.611585],[-79.895161,40.61149],[-79.894801,40.611342],[-79.894697,40.611274],[-79.894579,40.611042],[-79.894462,40.610603],[-79.894305,40.610308],[-79.893692,40.60973],[-79.893148,40.608902],[-79.892487,40.608183],[-79.891628,40.607538],[-79.890718,40.607759],[-79.890362,40.60777],[-79.890005,40.607684],[-79.889382,40.607381],[-79.889153,40.607157],[-79.888795,40.606477],[-79.888479,40.60558],[-79.888259,40.605423],[-79.888053,40.605408],[-79.887843,40.605451],[-79.88632,40.606058],[-79.885272,40.606319],[-79.884937,40.606373],[-79.884669,40.606342],[-79.883843,40.60664],[-79.883377,40.606706],[-79.88327,40.606646],[-79.88334,40.606342],[-79.88321,40.606172],[-79.882855,40.606045],[-79.882495,40.606026],[-79.882007,40.605884],[-79.881409,40.605966],[-79.880744,40.605403],[-79.880537,40.605284],[-79.880332,40.605259],[-79.879789,40.605357],[-79.878801,40.605335],[-79.878644,40.605417],[-79.878474,40.605693],[-79.878232,40.60574],[-79.877995,40.605641],[-79.87772,40.605334],[-79.87744,40.605157],[-79.877261,40.604916],[-79.876984,40.604747],[-79.876345,40.604678],[-79.875454,40.604752],[-79.875337,40.604605],[-79.87555,40.603912],[-79.875483,40.603563],[-79.875282,40.603316],[-79.874746,40.603075],[-79.874254,40.602736],[-79.873817,40.602218],[-79.873445,40.601613],[-79.873447,40.601445],[-79.873618,40.601114],[-79.873622,40.600959],[-79.873399,40.600424],[-79.873198,40.600549],[-79.872301,40.60067],[-79.872017,40.600785],[-79.871932,40.601012],[-79.871907,40.601312],[-79.872021,40.601723],[-79.872314,40.602226],[-79.87291,40.602803],[-79.873077,40.603048],[-79.873104,40.603196],[-79.873054,40.603327],[-79.872622,40.603691],[-79.872513,40.604221],[-79.872187,40.604607],[-79.872145,40.604716],[-79.872178,40.604827],[-79.873111,40.605398],[-79.874447,40.606386],[-79.87476,40.606522],[-79.87528,40.60665],[-79.875468,40.606756],[-79.876108,40.607649],[-79.876704,40.608359],[-79.877014,40.608599],[-79.877173,40.608829],[-79.877049,40.609322],[-79.876744,40.611802],[-79.87662,40.612345],[-79.876615,40.613033],[-79.876551,40.613304],[-79.8764,40.613577],[-79.874763,40.615571],[-79.873859,40.616928],[-79.873469,40.617427],[-79.873345,40.617705],[-79.873755,40.61995],[-79.87377,40.620492],[-79.87375,40.620682],[-79.873391,40.621612],[-79.873201,40.622293],[-79.873064,40.622507],[-79.872852,40.622654],[-79.868963,40.624828],[-79.868207,40.625159],[-79.867353,40.625254],[-79.864364,40.625304],[-79.864151,40.625283],[-79.864022,40.625224],[-79.863805,40.624914],[-79.863134,40.625167],[-79.862499,40.625309],[-79.860156,40.625502],[-79.860557,40.627845],[-79.863072,40.630829],[-79.85809,40.634041],[-79.857377,40.63421],[-79.855835,40.634683],[-79.8562,40.635224],[-79.856383,40.635993],[-79.856511,40.636212],[-79.857612,40.637099],[-79.857905,40.63739],[-79.858974,40.638867],[-79.860154,40.640241],[-79.860296,40.640467],[-79.858794,40.640717],[-79.856997,40.641203],[-79.854892,40.641075],[-79.853294,40.64111],[-79.852198,40.641346],[-79.851428,40.641614],[-79.85229,40.642423],[-79.853617,40.643411],[-79.854324,40.644322],[-79.854988,40.644904],[-79.855449,40.645409],[-79.855926,40.64575],[-79.856906,40.646232],[-79.857166,40.64643],[-79.857628,40.646891],[-79.857945,40.647363],[-79.858219,40.647506],[-79.859186,40.647747],[-79.859594,40.647785],[-79.860083,40.648317],[-79.860091,40.648536],[-79.859763,40.649011],[-79.859443,40.650201],[-79.859535,40.650984],[-79.85938,40.652165],[-79.859419,40.652753],[-79.860146,40.654445],[-79.861582,40.657078],[-79.862545,40.658411],[-79.863402,40.659406],[-79.863599,40.659717],[-79.8636,40.659814],[-79.863346,40.659886],[-79.863347,40.661122],[-79.863513,40.661543],[-79.864042,40.662334],[-79.864148,40.66276],[-79.864094,40.663045],[-79.864001,40.663199],[-79.863377,40.663657],[-79.863303,40.663793],[-79.863288,40.665471],[-79.863424,40.665723],[-79.864201,40.666611],[-79.865233,40.668144],[-79.865292,40.66843],[-79.865284,40.669316],[-79.865041,40.670332],[-79.865066,40.670499],[-79.86544,40.671038],[-79.865812,40.671875],[-79.866031,40.672008],[-79.866027,40.672264],[-79.87713,40.672309],[-79.883196,40.67243],[-79.891465,40.67274],[-79.905451,40.673],[-79.914708,40.673234],[-79.916033,40.67309],[-79.925441,40.67301],[-79.929624,40.672893],[-79.932403,40.672876],[-79.932265,40.671963],[-79.932324,40.670962],[-79.932494,40.670302],[-79.933731,40.666865],[-79.934371,40.667009],[-79.934691,40.667038],[-79.935953,40.666953],[-79.937021,40.666802],[-79.939967,40.663763],[-79.950495,40.664322],[-79.952912,40.670041],[-79.955021,40.669984],[-79.955449,40.670617],[-79.955843,40.671004],[-79.956922,40.671761],[-79.957193,40.671888],[-79.957647,40.672006],[-79.959666,40.671948],[-79.96012,40.672014],[-79.96077,40.672306],[-79.962703,40.67241],[-79.963407,40.672408],[-79.964595,40.672514],[-79.977043,40.673042],[-79.983686,40.673411],[-79.984081,40.673425],[-79.984402,40.673293],[-79.984713,40.673038],[-79.985329,40.673443],[-79.986889,40.673531],[-79.986743,40.673245],[-79.985685,40.672558],[-79.985675,40.672446],[-79.986125,40.671873],[-79.985207,40.671406],[-79.984249,40.670353],[-79.984688,40.67014],[-79.984752,40.670062],[-79.984717,40.669956],[-79.984351,40.669532],[-79.984073,40.669313],[-79.983737,40.6692],[-79.98352,40.669282],[-79.983149,40.669568],[-79.980249,40.668215],[-79.993846,40.666503],[-79.994139,40.672988],[-79.994583,40.672788],[-79.995033,40.672473],[-79.995383,40.672092],[-79.995711,40.671586],[-79.996067,40.672055],[-79.996279,40.672189],[-79.99703,40.67286],[-79.997046,40.67355],[-79.996979,40.673635],[-80.00959,40.673853],[-80.009737,40.673586],[-80.00982,40.673857],[-80.010625,40.673874],[-80.021006,40.674061],[-80.03623,40.67409],[-80.036206,40.673516],[-80.036318,40.671499],[-80.036668,40.668254],[-80.034114,40.668812],[-80.03324,40.668963],[-80.032637,40.668972],[-80.032861,40.668807],[-80.032649,40.665816],[-80.032722,40.66386],[-80.032786,40.663073],[-80.032874,40.662761],[-80.03484,40.658517],[-80.035256,40.657903],[-80.036801,40.6564],[-80.037156,40.655808],[-80.038137,40.652449],[-80.038115,40.651856],[-80.03783,40.651215],[-80.037581,40.650917],[-80.03697,40.650389],[-80.033514,40.647769],[-80.029834,40.645224],[-80.030263,40.644914],[-80.030269,40.644858],[-80.030096,40.644593],[-80.029984,40.644291],[-80.029647,40.64406],[-80.029362,40.643615],[-80.029288,40.643357],[-80.028472,40.64319],[-80.028434,40.643091],[-80.027544,40.643026],[-80.026556,40.643075],[-80.020508,40.64427],[-80.019772,40.644352],[-80.019029,40.644373],[-80.01817,40.644315],[-80.013248,40.639208],[-80.023842,40.641064],[-80.02529,40.641375],[-80.020902,40.629805],[-80.020335,40.627206],[-80.022586,40.627526],[-80.022952,40.627664],[-80.02347,40.627952],[-80.023901,40.628064],[-80.023988,40.627845],[-80.025224,40.625937],[-80.025415,40.62545],[-80.025487,40.624944],[-80.025388,40.623242],[-80.025411,40.621878],[-80.024661,40.619398],[-80.024332,40.618765],[-80.022382,40.615802],[-80.021849,40.615256],[-80.020139,40.613945],[-80.01978,40.613611],[-80.010149,40.613848],[-80.010227,40.613346],[-80.010524,40.612409],[-80.01053,40.612004],[-80.009565,40.610404],[-80.008752,40.60921],[-80.00818,40.608853],[-80.007713,40.60873],[-80.007217,40.608707],[-80.005196,40.608781],[-80.004912,40.608744],[-80.0036,40.608156],[-80.003271,40.607876],[-80.003076,40.60753],[-80.002831,40.606782],[-80.002647,40.606426],[-80.001237,40.604347],[-80.000089,40.602484],[-80.000631,40.602134],[-80.000722,40.60201],[-80.000966,40.600999],[-80.000957,40.600353],[-80.000861,40.600041],[-80.000125,40.598994],[-79.999778,40.598586],[-79.998838,40.59797],[-79.998402,40.597766],[-79.997925,40.597626],[-79.997343,40.596963],[-79.997001,40.597015],[-79.996913,40.591513],[-79.996966,40.590885],[-79.997248,40.58986],[-79.998024,40.588218],[-79.99819,40.587938],[-79.99839,40.587727],[-79.998908,40.587354],[-79.998857,40.587105],[-79.996556,40.586769],[-79.992169,40.583848],[-79.992011,40.583689],[-79.991845,40.583323],[-79.991721,40.583481],[-79.991544,40.583561],[-79.990762,40.583358],[-79.990189,40.583341],[-79.990525,40.593483],[-79.990403,40.593109],[-79.990107,40.592851],[-79.989711,40.592763],[-79.989329,40.592829],[-79.989113,40.592813],[-79.988998,40.592742],[-79.988853,40.592506],[-79.988695,40.592462],[-79.988515,40.592489],[-79.987247,40.592863],[-79.986174,40.593479],[-79.985347,40.594275],[-79.984862,40.594939],[-79.984576,40.594822],[-79.98442,40.594919],[-79.984226,40.594928],[-79.983532,40.594635],[-79.983276,40.594614],[-79.982243,40.594873],[-79.980488,40.595516],[-79.980326,40.595315],[-79.980247,40.595107],[-79.980268,40.594848],[-79.980506,40.594316],[-79.980477,40.594217],[-79.980153,40.593997],[-79.979706,40.593415],[-79.979388,40.593124],[-79.979136,40.592932],[-79.979035,40.592905],[-79.978747,40.592949],[-79.977922,40.593212],[-79.977843,40.593932],[-79.977873,40.59408],[-79.978474,40.594684],[-79.97868,40.594997],[-79.978784,40.595254],[-79.978694,40.595458],[-79.977463,40.594393],[-79.977061,40.594106],[-79.976735,40.594013],[-79.975599,40.593945],[-79.975553,40.593561],[-79.975468,40.593406],[-79.975264,40.593091],[-79.975146,40.592995],[-79.974957,40.592944],[-79.974771,40.592919],[-79.974633,40.592956],[-79.974061,40.593226],[-79.972535,40.59365],[-79.972506,40.593957],[-79.970358,40.593911]],[[-79.93657,40.650954],[-79.933965,40.660041],[-79.933842,40.66075],[-79.933817,40.661402],[-79.933676,40.661258],[-79.933612,40.661068],[-79.933444,40.660321],[-79.933433,40.659945],[-79.933581,40.659426],[-79.934089,40.658636],[-79.934394,40.657625],[-79.931737,40.657416],[-79.930812,40.657667],[-79.930356,40.657702],[-79.929616,40.657506],[-79.928735,40.657081],[-79.928689,40.656997],[-79.928713,40.65628],[-79.928425,40.655071],[-79.927232,40.655262],[-79.926393,40.655185],[-79.925458,40.654975],[-79.925104,40.65479],[-79.924725,40.654471],[-79.924561,40.654193],[-79.924466,40.653862],[-79.924475,40.652884],[-79.924386,40.651685],[-79.925447,40.651471],[-79.927025,40.651344],[-79.926994,40.651006],[-79.931327,40.650226],[-79.932788,40.648959],[-79.92843,40.646408],[-79.929877,40.646333],[-79.929919,40.646223],[-79.930132,40.646147],[-79.936578,40.645881],[-79.936784,40.64588],[-79.936929,40.645943],[-79.937002,40.64606],[-79.936963,40.646391],[-79.936813,40.646686],[-79.936498,40.647095],[-79.936224,40.647325],[-79.935537,40.647642],[-79.935215,40.64791],[-79.935439,40.648165],[-79.935706,40.648696],[-79.936855,40.648505],[-79.937255,40.648335],[-79.937143,40.648911],[-79.93657,40.650954]],[[-79.870774,40.633737],[-79.872648,40.633752],[-79.872613,40.632215],[-79.872657,40.632],[-79.872875,40.631917],[-79.873978,40.631886],[-79.874062,40.63137],[-79.874242,40.631096],[-79.87518,40.630276],[-79.876116,40.629865],[-79.876214,40.629676],[-79.876112,40.629361],[-79.876232,40.629101],[-79.876431,40.628984],[-79.876862,40.628597],[-79.877029,40.628512],[-79.877287,40.628907],[-79.877625,40.629608],[-79.879137,40.629129],[-79.879276,40.6291],[-79.879421,40.629138],[-79.879527,40.62939],[-79.879468,40.629518],[-79.877862,40.630031],[-79.878639,40.630786],[-79.881192,40.629662],[-79.881591,40.631037],[-79.882246,40.632719],[-79.88378,40.632396],[-79.885153,40.632252],[-79.885287,40.632298],[-79.885404,40.632606],[-79.885311,40.632736],[-79.882617,40.63328],[-79.88392,40.634624],[-79.88351,40.63488],[-79.880229,40.635009],[-79.877465,40.635784],[-79.876845,40.636456],[-79.87669,40.636946],[-79.876302,40.637463],[-79.875194,40.638455],[-79.874777,40.6383],[-79.872899,40.637158],[-79.872355,40.63707],[-79.870991,40.637178],[-79.870903,40.637092],[-79.870748,40.636669],[-79.870827,40.634151],[-79.870774,40.633737]]]}},{"type":"Feature","properties":{"block_count":144,"land_area_km2":4.0963,"centroid":[-79.886198,40.326173],"bbox":[-79.897558,40.311503,-79.87231,40.345168],"boundary_source":"Approximate ZIP area: 2010 Census blocks grouped by their ZIP code (Allegheny County part only)","id":"zip-15045","name":"ZIP 15045 (Glassport)","zip":"15045","geography":"zip","level":"MEDIUM","anomaly_score":1.4388794410487917,"confidence":"MODERATE","case_id":"zcase-020","top_signal_headline":"Sale prices +43% vs. county +19%"},"geometry":{"type":"Polygon","coordinates":[[[-79.883773,40.344302],[-79.885612,40.345168],[-79.886356,40.344175],[-79.888708,40.34173],[-79.889462,40.341049],[-79.890879,40.339912],[-79.891884,40.33899],[-79.893851,40.33646],[-79.894975,40.334628],[-79.895431,40.333741],[-79.895813,40.332782],[-79.896169,40.331639],[-79.896364,40.33093],[-79.896294,40.330882],[-79.896376,40.330889],[-79.896489,40.330435],[-79.896799,40.328799],[-79.897084,40.327005],[-79.897214,40.32576],[-79.897495,40.324271],[-79.897558,40.323401],[-79.897538,40.321525],[-79.897402,40.321015],[-79.896675,40.319746],[-79.896003,40.318867],[-79.895009,40.317783],[-79.892237,40.315397],[-79.89139,40.314728],[-79.885638,40.3121],[-79.884144,40.311503],[-79.882964,40.313344],[-79.881828,40.314958],[-79.879762,40.31411],[-79.877823,40.313095],[-79.876176,40.314647],[-79.875824,40.315453],[-79.876219,40.316334],[-79.874683,40.317126],[-79.875245,40.317859],[-79.874693,40.319076],[-79.874682,40.319331],[-79.874442,40.319875],[-79.87411,40.320211],[-79.876294,40.320995],[-79.874416,40.323497],[-79.87231,40.326443],[-79.874238,40.327959],[-79.875434,40.329078],[-79.881111,40.331491],[-79.883106,40.3324],[-79.883904,40.335464],[-79.883537,40.336125],[-79.884714,40.336966],[-79.883482,40.339539],[-79.883408,40.339542],[-79.883289,40.339811],[-79.882432,40.34063],[-79.881407,40.341406],[-79.880967,40.341802],[-79.881796,40.343386],[-79.883773,40.344302]]]}},{"type":"Feature","properties":{"block_count":77,"land_area_km2":5.4324,"centroid":[-80.228566,40.556269],"bbox":[-80.251491,40.544238,-80.207659,40.573072],"boundary_source":"Approximate ZIP area: 2010 Census blocks grouped by their ZIP code (Allegheny County part only)","id":"zip-15046","name":"ZIP 15046 (Crescent)","zip":"15046","geography":"zip","level":"LOW","anomaly_score":0.6594191457569459,"confidence":"MODERATE","case_id":"zipfile-15046","top_signal_headline":null},"geometry":{"type":"Polygon","coordinates":[[[-80.208949,40.550264],[-80.207659,40.552028],[-80.210335,40.55344],[-80.211884,40.55447],[-80.213614,40.555828],[-80.21572,40.558044],[-80.218237,40.560512],[-80.219905,40.562041],[-80.221303,40.563595],[-80.222138,40.564736],[-80.22243,40.56502],[-80.226822,40.570977],[-80.228579,40.573072],[-80.232014,40.570593],[-80.246588,40.559695],[-80.246877,40.55937],[-80.249781,40.557267],[-80.250582,40.556767],[-80.251491,40.556059],[-80.248754,40.554641],[-80.245835,40.556426],[-80.24216,40.55316],[-80.240275,40.553255],[-80.240398,40.547548],[-80.240282,40.547538],[-80.24032,40.546315],[-80.23894,40.546648],[-80.238476,40.546663],[-80.236966,40.546315],[-80.236587,40.546116],[-80.236119,40.545699],[-80.234902,40.546375],[-80.234469,40.545923],[-80.232125,40.547211],[-80.232073,40.547919],[-80.225544,40.544623],[-80.225791,40.544238],[-80.217546,40.54573],[-80.213496,40.544297],[-80.208949,40.550264]]]}},{"type":"Feature","properties":{"block_count":9,"land_area_km2":0.4956,"centroid":[-79.799677,40.315686],"bbox":[-79.818398,40.308334,-79.789769,40.320165],"boundary_source":"Approximate ZIP area: 2010 Census blocks grouped by their ZIP code (Allegheny County part only)","id":"zip-15047","name":"ZIP 15047 (Greenock)","zip":"15047","geography":"zip","level":"INSUFFICIENT DATA","anomaly_score":0.6347859661497671,"confidence":"LOW","case_id":"zipfile-15047","top_signal_headline":null},"geometry":{"type":"MultiPolygon","coordinates":[[[[-79.792679,40.308916],[-79.792302,40.308588],[-79.791133,40.30937],[-79.790155,40.310876],[-79.789769,40.312027],[-79.789798,40.313073],[-79.79032,40.314557],[-79.791474,40.316107],[-79.792896,40.317233],[-79.796034,40.318275],[-79.799436,40.319147],[-79.800465,40.319398],[-79.803281,40.319804],[-79.810506,40.320165],[-79.812481,40.320057],[-79.814419,40.319875],[-79.816069,40.319611],[-79.817313,40.319264],[-79.818398,40.3189],[-79.818004,40.317162],[-79.817824,40.316842],[-79.816101,40.318104],[-79.815001,40.318483],[-79.81366,40.318713],[-79.811038,40.318772],[-79.80911,40.318786],[-79.806844,40.318738],[-79.804119,40.318516],[-79.800612,40.317968],[-79.798843,40.317577],[-79.79704,40.317003],[-79.796208,40.316656],[-79.797139,40.315662],[-79.795509,40.314859],[-79.793281,40.313618],[-79.793195,40.313547],[-79.792978,40.312979],[-79.792456,40.31322],[-79.79238,40.312074],[-79.794054,40.311697],[-79.794799,40.310745],[-79.794362,40.310448],[-79.794132,40.31021],[-79.794011,40.309775],[-79.793928,40.309731],[-79.793995,40.309155],[-79.793564,40.309518],[-79.792679,40.308916]]],[[[-79.798362,40.308334],[-79.797632,40.308496],[-79.797124,40.308865],[-79.798368,40.311937],[-79.798318,40.312058],[-79.797491,40.3126],[-79.799652,40.314028],[-79.799856,40.314058],[-79.800134,40.313961],[-79.800323,40.313753],[-79.799292,40.31184],[-79.798362,40.308334]]]]}},{"type":"Feature","properties":{"block_count":26,"land_area_km2":1.1165,"centroid":[-79.805569,40.556111],"bbox":[-79.811297,40.548931,-79.79883,40.562275],"boundary_source":"Approximate ZIP area: 2010 Census blocks grouped by their ZIP code (Allegheny County part only)","id":"zip-15049","name":"ZIP 15049 (Harwick)","zip":"15049","geography":"zip","level":"MEDIUM","anomaly_score":1.2848271299445673,"confidence":"LOW","case_id":"zcase-026","top_signal_headline":"Sale prices +6% vs. county +19%"},"geometry":{"type":"Polygon","coordinates":[[[-79.81118,40.555577],[-79.811163,40.553967],[-79.808051,40.553994],[-79.808053,40.552454],[-79.809381,40.552456],[-79.809316,40.551029],[-79.807985,40.551056],[-79.807907,40.549532],[-79.806268,40.549583],[-79.806203,40.548931],[-79.800731,40.549035],[-79.800726,40.549095],[-79.798976,40.549119],[-79.799574,40.549943],[-79.799631,40.550316],[-79.799516,40.55058],[-79.799545,40.5508],[-79.800012,40.551398],[-79.8002,40.55153],[-79.800862,40.551607],[-79.801063,40.551706],[-79.801639,40.552162],[-79.801963,40.552689],[-79.802352,40.552964],[-79.802467,40.553178],[-79.80246,40.553705],[-79.802143,40.554084],[-79.802085,40.554479],[-79.801905,40.554776],[-79.801891,40.554918],[-79.801992,40.555281],[-79.801992,40.555643],[-79.801883,40.556544],[-79.801588,40.557214],[-79.802714,40.557603],[-79.802538,40.557756],[-79.801854,40.558626],[-79.800872,40.559542],[-79.799771,40.56063],[-79.799554,40.560918],[-79.799097,40.561325],[-79.79883,40.562275],[-79.801562,40.56226],[-79.806383,40.562058],[-79.811297,40.561932],[-79.81118,40.555577]]]}},{"type":"Feature","properties":{"block_count":20,"land_area_km2":2.1443,"centroid":[-79.866912,40.562599],"bbox":[-79.885013,40.551289,-79.850384,40.577055],"boundary_source":"Approximate ZIP area: 2010 Census blocks grouped by their ZIP code (Allegheny County part only)","id":"zip-15051","name":"ZIP 15051 (Indianola)","zip":"15051","geography":"zip","level":"INSUFFICIENT DATA","anomaly_score":1.9133688322390583,"confidence":"LOW","case_id":"zipfile-15051","top_signal_headline":"Home values +21% vs. county +14%"},"geometry":{"type":"Polygon","coordinates":[[[-79.869911,40.576908],[-79.869752,40.574851],[-79.86829,40.57344],[-79.867856,40.57278],[-79.86856,40.572519],[-79.869122,40.572175],[-79.86486,40.566432],[-79.86329,40.567131],[-79.863076,40.567167],[-79.862744,40.567153],[-79.861822,40.567007],[-79.861064,40.566814],[-79.860014,40.566322],[-79.859419,40.56617],[-79.859428,40.565943],[-79.860545,40.566255],[-79.861121,40.566282],[-79.862014,40.566216],[-79.862892,40.566012],[-79.863777,40.565561],[-79.865174,40.565006],[-79.865713,40.564517],[-79.866433,40.564198],[-79.867023,40.564105],[-79.86734,40.563962],[-79.868456,40.563176],[-79.868686,40.56289],[-79.868858,40.562506],[-79.869114,40.562531],[-79.869187,40.561833],[-79.869668,40.561333],[-79.870274,40.560915],[-79.87118,40.560452],[-79.871665,40.560262],[-79.872742,40.559991],[-79.874325,40.559665],[-79.874457,40.559476],[-79.874381,40.559086],[-79.874499,40.558961],[-79.87476,40.558825],[-79.875305,40.558718],[-79.876453,40.558752],[-79.878324,40.558716],[-79.878518,40.558685],[-79.87954,40.558215],[-79.879794,40.558151],[-79.880932,40.558046],[-79.881091,40.557981],[-79.881927,40.557343],[-79.881987,40.55714],[-79.88191,40.556309],[-79.881979,40.556163],[-79.882179,40.555972],[-79.882498,40.555789],[-79.88333,40.555725],[-79.88362,40.555617],[-79.883853,40.555384],[-79.884095,40.55502],[-79.884695,40.554473],[-79.884811,40.554189],[-79.885013,40.553027],[-79.883931,40.553024],[-79.882566,40.553181],[-79.882308,40.553145],[-79.882136,40.552783],[-79.881828,40.552592],[-79.881628,40.552374],[-79.881574,40.552142],[-79.881554,40.551289],[-79.879308,40.551593],[-79.878117,40.551687],[-79.877634,40.551835],[-79.877239,40.552009],[-79.874689,40.553923],[-79.873904,40.554399],[-79.873271,40.554708],[-79.872376,40.555052],[-79.869517,40.555856],[-79.868798,40.556014],[-79.868857,40.556234],[-79.869,40.560554],[-79.864837,40.56065],[-79.853917,40.56074],[-79.850384,40.561006],[-79.851329,40.562622],[-79.853748,40.565444],[-79.856145,40.568946],[-79.856692,40.569573],[-79.857391,40.570207],[-79.857966,40.570653],[-79.858552,40.57103],[-79.858554,40.570317],[-79.85847,40.570077],[-79.858109,40.5697],[-79.857051,40.568953],[-79.856876,40.568772],[-79.856785,40.568562],[-79.856768,40.568184],[-79.856963,40.567395],[-79.85701,40.566965],[-79.856926,40.566848],[-79.856275,40.566434],[-79.856383,40.566364],[-79.857191,40.566162],[-79.857384,40.566673],[-79.857355,40.567189],[-79.857205,40.567914],[-79.857277,40.568145],[-79.857522,40.56832],[-79.858833,40.568907],[-79.859805,40.569572],[-79.860425,40.569879],[-79.86279,40.570669],[-79.862987,40.570444],[-79.863547,40.570742],[-79.863895,40.571031],[-79.864267,40.571543],[-79.864484,40.572109],[-79.864588,40.572893],[-79.864496,40.573693],[-79.864637,40.573905],[-79.864679,40.57441],[-79.86698,40.576794],[-79.867294,40.576928],[-79.868596,40.577055],[-79.869137,40.576847],[-79.869911,40.576908]]]}},{"type":"Feature","properties":{"block_count":51,"land_area_km2":2.3827,"centroid":[-80.213806,40.564847],"bbox":[-80.228579,40.553327,-80.197729,40.577659],"boundary_source":"Approximate ZIP area: 2010 Census blocks grouped by their ZIP code (Allegheny County part only)","id":"zip-15056","name":"ZIP 15056 (Leetsdale)","zip":"15056","geography":"zip","level":"LOW","anomaly_score":0.8503219194636951,"confidence":"LOW","case_id":"zipfile-15056","top_signal_headline":"Home values +10% vs. county +14%"},"geometry":{"type":"Polygon","coordinates":[[[-80.20462,40.565132],[-80.205283,40.564564],[-80.207019,40.56585],[-80.209165,40.567088],[-80.208883,40.567276],[-80.210107,40.567953],[-80.212545,40.569706],[-80.21463,40.571348],[-80.213517,40.572236],[-80.2144,40.573024],[-80.214835,40.573348],[-80.215879,40.573834],[-80.216771,40.574348],[-80.218345,40.573468],[-80.216449,40.571449],[-80.216744,40.571265],[-80.223505,40.577659],[-80.224006,40.577329],[-80.224142,40.577117],[-80.22411,40.576798],[-80.223737,40.576052],[-80.223705,40.575863],[-80.223791,40.575633],[-80.223954,40.575461],[-80.22436,40.575234],[-80.227057,40.574183],[-80.227302,40.573959],[-80.228579,40.573072],[-80.226822,40.570977],[-80.22243,40.56502],[-80.222138,40.564736],[-80.221303,40.563595],[-80.219905,40.562041],[-80.218237,40.560512],[-80.21572,40.558044],[-80.213614,40.555828],[-80.211884,40.55447],[-80.210117,40.553327],[-80.208276,40.55468],[-80.204885,40.556845],[-80.203422,40.557914],[-80.200921,40.559476],[-80.199783,40.560299],[-80.199619,40.560341],[-80.197729,40.561659],[-80.201588,40.564817],[-80.203428,40.566155],[-80.204609,40.565436],[-80.20462,40.565132]]]}},{"type":"Feature","properties":{"block_count":127,"land_area_km2":48.8682,"centroid":[-80.214516,40.385002],"bbox":[-80.296443,40.332774,-80.127415,40.442112],"boundary_source":"Approximate ZIP area: 2010 Census blocks grouped by their ZIP code (Allegheny County part only)","id":"zip-15057","name":"ZIP 15057 (McDonald)","zip":"15057","geography":"zip","level":"LOW","anomaly_score":0.7134823319437824,"confidence":"HIGH","case_id":"zipfile-15057","top_signal_headline":"Home sales -12% vs. county +4%"},"geometry":{"type":"Polygon","coordinates":[[[-80.230391,40.408617],[-80.231115,40.408064],[-80.231722,40.407675],[-80.234392,40.406116],[-80.235061,40.406323],[-80.235451,40.406492],[-80.236291,40.407059],[-80.2379,40.408533],[-80.239705,40.409821],[-80.24224,40.411526],[-80.242615,40.411715],[-80.243734,40.412139],[-80.243273,40.41261],[-80.243368,40.412837],[-80.24357,40.412973],[-80.243936,40.41293],[-80.244137,40.412995],[-80.244395,40.412978],[-80.244648,40.413025],[-80.24492,40.413347],[-80.244806,40.413495],[-80.244532,40.413565],[-80.244518,40.413718],[-80.244662,40.413944],[-80.244993,40.414113],[-80.24533,40.414467],[-80.24605,40.414922],[-80.246237,40.414905],[-80.246682,40.414984],[-80.247339,40.415255],[-80.248099,40.415872],[-80.248969,40.416221],[-80.2495,40.416845],[-80.249745,40.417036],[-80.250004,40.41756],[-80.250233,40.417751],[-80.250873,40.417967],[-80.251656,40.418152],[-80.251979,40.418411],[-80.252309,40.418458],[-80.253207,40.418995],[-80.253257,40.419149],[-80.253192,40.419522],[-80.253615,40.419897],[-80.252957,40.420293],[-80.252081,40.421019],[-80.250072,40.422351],[-80.250064,40.422536],[-80.250359,40.422846],[-80.250459,40.423145],[-80.249887,40.424548],[-80.250447,40.42953],[-80.250641,40.430342],[-80.251065,40.431477],[-80.252456,40.434607],[-80.258418,40.431356],[-80.258942,40.431133],[-80.259807,40.430852],[-80.260339,40.430735],[-80.261738,40.430598],[-80.264048,40.430625],[-80.26401,40.431696],[-80.266274,40.432161],[-80.266568,40.432158],[-80.267015,40.432071],[-80.268528,40.431447],[-80.269136,40.43129],[-80.270891,40.431392],[-80.270918,40.431534],[-80.271044,40.431627],[-80.272094,40.431719],[-80.280668,40.442112],[-80.282013,40.441814],[-80.28262,40.441512],[-80.282606,40.441438],[-80.283045,40.441094],[-80.283296,40.440776],[-80.284541,40.438441],[-80.284721,40.438001],[-80.284764,40.437726],[-80.284721,40.437568],[-80.284527,40.437315],[-80.284767,40.435819],[-80.28504,40.433488],[-80.296443,40.425329],[-80.293367,40.4229],[-80.287991,40.418484],[-80.286407,40.41754],[-80.273381,40.407234],[-80.272086,40.406019],[-80.259734,40.395908],[-80.258867,40.395243],[-80.236934,40.377202],[-80.235487,40.376056],[-80.234373,40.375045],[-80.232516,40.373604],[-80.229942,40.371426],[-80.229155,40.370938],[-80.229215,40.370862],[-80.228615,40.370502],[-80.228053,40.369957],[-80.21234,40.356933],[-80.201458,40.347777],[-80.183462,40.332774],[-80.182985,40.33347],[-80.182067,40.335288],[-80.181373,40.336353],[-80.180895,40.336932],[-80.180063,40.337795],[-80.178866,40.338771],[-80.178167,40.339232],[-80.172234,40.342667],[-80.172508,40.343678],[-80.172503,40.34435],[-80.172424,40.344632],[-80.172343,40.344777],[-80.171049,40.345966],[-80.170065,40.346722],[-80.169565,40.346994],[-80.16866,40.347216],[-80.167791,40.34775],[-80.166642,40.34824],[-80.165964,40.348331],[-80.165198,40.348221],[-80.16467,40.348195],[-80.164102,40.348286],[-80.164246,40.348671],[-80.164626,40.34939],[-80.164633,40.34961],[-80.164562,40.349823],[-80.164263,40.349192],[-80.161577,40.34898],[-80.161527,40.349319],[-80.161387,40.349612],[-80.161317,40.349931],[-80.160823,40.350523],[-80.16056,40.35117],[-80.160211,40.351795],[-80.159772,40.353629],[-80.159662,40.353803],[-80.159235,40.354229],[-80.15918,40.354501],[-80.159265,40.354624],[-80.159869,40.355121],[-80.160358,40.355602],[-80.161143,40.356252],[-80.16432,40.359436],[-80.163055,40.360165],[-80.156406,40.3637],[-80.156416,40.363412],[-80.156633,40.362733],[-80.154983,40.363636],[-80.1531,40.364891],[-80.15234,40.364177],[-80.151995,40.363939],[-80.150875,40.363409],[-80.149251,40.362821],[-80.148844,40.362539],[-80.14785,40.361713],[-80.146816,40.361054],[-80.145655,40.360494],[-80.145585,40.36038],[-80.145512,40.359483],[-80.145428,40.359376],[-80.144547,40.358931],[-80.143278,40.358789],[-80.142934,40.358709],[-80.141994,40.358234],[-80.141275,40.358042],[-80.140499,40.357744],[-80.139153,40.357029],[-80.138828,40.356645],[-80.138284,40.355757],[-80.138198,40.355516],[-80.138159,40.35486],[-80.137606,40.354185],[-80.137141,40.354053],[-80.136981,40.354053],[-80.137031,40.354478],[-80.135544,40.354582],[-80.135671,40.355018],[-80.134996,40.355303],[-80.135544,40.356013],[-80.134525,40.356491],[-80.133782,40.356597],[-80.133744,40.356658],[-80.133646,40.356677],[-80.133071,40.356354],[-80.132601,40.356002],[-80.132445,40.355965],[-80.132114,40.35604],[-80.132119,40.356241],[-80.132,40.356518],[-80.13088,40.3587],[-80.130684,40.35906],[-80.130284,40.359557],[-80.129754,40.360015],[-80.129354,40.360254],[-80.128461,40.360628],[-80.127415,40.360947],[-80.127901,40.360947],[-80.129397,40.360501],[-80.129873,40.360455],[-80.131437,40.360793],[-80.132725,40.361208],[-80.133112,40.361403],[-80.13439,40.362217],[-80.135406,40.363703],[-80.136076,40.364404],[-80.137123,40.365347],[-80.138729,40.368284],[-80.138702,40.368618],[-80.1388,40.369643],[-80.138698,40.369779],[-80.137993,40.369524],[-80.137392,40.369476],[-80.137064,40.369528],[-80.136881,40.369651],[-80.136767,40.370189],[-80.136488,40.372573],[-80.13653,40.372694],[-80.136635,40.372784],[-80.137929,40.373134],[-80.13816,40.37327],[-80.138294,40.373555],[-80.138299,40.373768],[-80.137966,40.374437],[-80.137954,40.374665],[-80.13809,40.374867],[-80.138466,40.37507],[-80.140693,40.375909],[-80.141098,40.375891],[-80.141403,40.37565],[-80.141545,40.375629],[-80.141642,40.375712],[-80.141674,40.376149],[-80.141783,40.376287],[-80.143309,40.376605],[-80.144836,40.377242],[-80.145198,40.377353],[-80.14558,40.377322],[-80.146658,40.376946],[-80.146768,40.376945],[-80.14688,40.377064],[-80.146772,40.377546],[-80.147652,40.37743],[-80.148006,40.37734],[-80.149335,40.376763],[-80.150391,40.376169],[-80.15134,40.375431],[-80.158083,40.377403],[-80.159036,40.378175],[-80.159917,40.378173],[-80.160346,40.378248],[-80.16817,40.3806],[-80.169207,40.380847],[-80.170477,40.381066],[-80.17242,40.381218],[-80.173359,40.381222],[-80.17686,40.381022],[-80.177556,40.381026],[-80.178254,40.38121],[-80.178635,40.381364],[-80.178984,40.381558],[-80.179377,40.381862],[-80.179889,40.382065],[-80.179788,40.382207],[-80.180869,40.383141],[-80.181533,40.383565],[-80.182297,40.383875],[-80.183093,40.384055],[-80.184813,40.384249],[-80.187194,40.384417],[-80.18665,40.384571],[-80.186324,40.384769],[-80.186151,40.384941],[-80.185969,40.385196],[-80.185891,40.385881],[-80.186034,40.385739],[-80.186348,40.385123],[-80.186528,40.385012],[-80.186774,40.385005],[-80.18977,40.385975],[-80.190151,40.386176],[-80.190648,40.3866],[-80.19114,40.386803],[-80.191693,40.386882],[-80.192819,40.386828],[-80.195036,40.387193],[-80.195403,40.387177],[-80.196477,40.386902],[-80.196905,40.386844],[-80.197266,40.386906],[-80.197773,40.387078],[-80.199445,40.386223],[-80.204344,40.382699],[-80.206705,40.380715],[-80.207228,40.380348],[-80.211136,40.374896],[-80.211468,40.376133],[-80.21605,40.37229],[-80.218234,40.36989],[-80.218762,40.369911],[-80.219188,40.369825],[-80.219587,40.369627],[-80.220246,40.369123],[-80.220622,40.368967],[-80.222887,40.372721],[-80.222556,40.372514],[-80.222075,40.372714],[-80.221608,40.372796],[-80.220546,40.372915],[-80.219074,40.373],[-80.217631,40.373779],[-80.217157,40.374172],[-80.217063,40.374333],[-80.216633,40.374749],[-80.216661,40.375028],[-80.216452,40.375208],[-80.216006,40.375404],[-80.2159,40.3755],[-80.2158,40.375774],[-80.215448,40.376249],[-80.21529,40.376564],[-80.215262,40.376726],[-80.215376,40.376808],[-80.215714,40.37672],[-80.215887,40.376725],[-80.216203,40.377142],[-80.216303,40.377472],[-80.216239,40.377588],[-80.216001,40.377681],[-80.215894,40.377816],[-80.215815,40.378144],[-80.215528,40.378615],[-80.215313,40.379271],[-80.215098,40.379729],[-80.214976,40.380449],[-80.214911,40.380575],[-80.21461,40.380672],[-80.213992,40.380659],[-80.213482,40.380943],[-80.213173,40.38123],[-80.212578,40.382122],[-80.211979,40.382611],[-80.211652,40.383296],[-80.211279,40.383703],[-80.21102,40.383755],[-80.210884,40.383696],[-80.210682,40.383514],[-80.210603,40.383365],[-80.210495,40.383319],[-80.210245,40.383538],[-80.209907,40.383734],[-80.209799,40.383918],[-80.2099,40.384365],[-80.209893,40.384626],[-80.209742,40.384751],[-80.20929,40.384915],[-80.208902,40.385146],[-80.208557,40.385036],[-80.207631,40.385066],[-80.207107,40.385211],[-80.206812,40.385389],[-80.206683,40.385505],[-80.206281,40.386115],[-80.205463,40.386393],[-80.205247,40.386549],[-80.205089,40.386782],[-80.204665,40.387068],[-80.204629,40.387239],[-80.204855,40.387424],[-80.204917,40.387606],[-80.204606,40.387834],[-80.204421,40.387908],[-80.203609,40.388057],[-80.202691,40.388811],[-80.202337,40.388924],[-80.201965,40.389135],[-80.201836,40.389152],[-80.201463,40.389032],[-80.201146,40.389057],[-80.200579,40.389188],[-80.199272,40.389706],[-80.198949,40.389727],[-80.198612,40.389634],[-80.198377,40.3897],[-80.198667,40.390098],[-80.199108,40.389836],[-80.199462,40.389729],[-80.20064,40.389769],[-80.202676,40.389483],[-80.203188,40.390086],[-80.202681,40.390351],[-80.201774,40.390641],[-80.201294,40.390972],[-80.200003,40.390343],[-80.199593,40.390306],[-80.199319,40.390339],[-80.198745,40.390942],[-80.199781,40.391535],[-80.201108,40.392401],[-80.202047,40.393306],[-80.199416,40.39972],[-80.203801,40.402284],[-80.204527,40.401713],[-80.205153,40.402861],[-80.20524,40.403125],[-80.218111,40.410649],[-80.224114,40.413935],[-80.228637,40.410396],[-80.230391,40.408617]],[[-80.136093,40.356729],[-80.136075,40.356704],[-80.136314,40.356653],[-80.137321,40.356551],[-80.138285,40.3573],[-80.136655,40.357454],[-80.136093,40.356729]]]}},{"type":"Feature","properties":{"block_count":59,"land_area_km2":29.6564,"centroid":[-79.908689,40.219391],"bbox":[-79.967115,40.194343,-79.858543,40.251767],"boundary_source":"Approximate ZIP area: 2010 Census blocks grouped by their ZIP code (Allegheny County part only)","id":"zip-15063","name":"ZIP 15063","zip":"15063","geography":"zip","level":"INSUFFICIENT DATA","anomaly_score":null,"confidence":"LOW","case_id":"zipfile-15063","top_signal_headline":null},"geometry":{"type":"Polygon","coordinates":[[[-79.924546,40.24306],[-79.924887,40.242975],[-79.925823,40.24132],[-79.926037,40.240798],[-79.926315,40.239354],[-79.926278,40.238942],[-79.926053,40.238228],[-79.926146,40.237901],[-79.926344,40.23771],[-79.926928,40.237456],[-79.927154,40.23728],[-79.927836,40.236243],[-79.927999,40.236069],[-79.928259,40.235929],[-79.928981,40.235726],[-79.929139,40.235604],[-79.929249,40.235436],[-79.929276,40.235203],[-79.929154,40.234956],[-79.928815,40.234692],[-79.927728,40.234161],[-79.927594,40.234005],[-79.927585,40.233775],[-79.927704,40.233579],[-79.927914,40.233393],[-79.928744,40.232989],[-79.929118,40.232708],[-79.929655,40.231826],[-79.930147,40.231172],[-79.931245,40.230038],[-79.943005,40.22962],[-79.942869,40.229454],[-79.94303,40.229422],[-79.943224,40.22964],[-79.949981,40.229374],[-79.955456,40.232515],[-79.957149,40.23636],[-79.957907,40.23612],[-79.958644,40.235716],[-79.959481,40.23666],[-79.960216,40.236349],[-79.960565,40.236747],[-79.961942,40.236185],[-79.963064,40.235627],[-79.963943,40.235125],[-79.965122,40.2343],[-79.966108,40.233293],[-79.966412,40.232834],[-79.966768,40.232078],[-79.967021,40.231139],[-79.967115,40.230315],[-79.96707,40.228881],[-79.966955,40.228172],[-79.966478,40.226587],[-79.964909,40.223387],[-79.964534,40.22274],[-79.964259,40.22238],[-79.963487,40.221625],[-79.961396,40.219924],[-79.956594,40.21646],[-79.955422,40.215737],[-79.954003,40.215023],[-79.952697,40.214463],[-79.951621,40.214057],[-79.946235,40.212417],[-79.944095,40.212024],[-79.942,40.211708],[-79.93815,40.21094],[-79.934615,40.210047],[-79.932272,40.209363],[-79.927938,40.207899],[-79.925215,40.206831],[-79.923261,40.205995],[-79.922003,40.205321],[-79.919494,40.203678],[-79.915179,40.200535],[-79.916056,40.199453],[-79.914949,40.198788],[-79.914365,40.198512],[-79.912586,40.197767],[-79.91097,40.197287],[-79.909082,40.196823],[-79.900246,40.195095],[-79.896448,40.194481],[-79.893402,40.194343],[-79.892122,40.194439],[-79.888986,40.194823],[-79.88753,40.195111],[-79.885529,40.195655],[-79.881913,40.196519],[-79.880345,40.196791],[-79.878489,40.196999],[-79.876265,40.197175],[-79.870585,40.197415],[-79.868953,40.198069],[-79.867159,40.198567],[-79.866671,40.198776],[-79.868359,40.19889],[-79.868462,40.199043],[-79.868451,40.199176],[-79.867731,40.199536],[-79.866064,40.200562],[-79.865749,40.200892],[-79.865357,40.201459],[-79.865166,40.201589],[-79.864691,40.201776],[-79.862041,40.202315],[-79.861404,40.202599],[-79.860901,40.203019],[-79.858667,40.205354],[-79.858736,40.205527],[-79.858672,40.205999],[-79.858543,40.206218],[-79.86263,40.211714],[-79.867857,40.216118],[-79.873476,40.218486],[-79.875323,40.22551],[-79.874449,40.227438],[-79.875181,40.22771],[-79.875382,40.227703],[-79.875542,40.227641],[-79.875527,40.227919],[-79.876396,40.227963],[-79.876854,40.228033],[-79.87854,40.228552],[-79.879773,40.228989],[-79.880533,40.229515],[-79.882494,40.23109],[-79.882783,40.231403],[-79.882876,40.231624],[-79.882907,40.232],[-79.882737,40.233442],[-79.882872,40.234735],[-79.883038,40.23541],[-79.883241,40.235831],[-79.883603,40.237312],[-79.883301,40.238194],[-79.883315,40.239177],[-79.883211,40.239598],[-79.882778,40.240435],[-79.881819,40.241549],[-79.883189,40.241748],[-79.883715,40.241879],[-79.884085,40.242059],[-79.884272,40.242195],[-79.884481,40.242462],[-79.884706,40.242556],[-79.886511,40.242754],[-79.888067,40.242799],[-79.889131,40.242564],[-79.889568,40.242523],[-79.894516,40.242513],[-79.895009,40.242479],[-79.894738,40.24347],[-79.894724,40.243645],[-79.894876,40.243669],[-79.896977,40.243246],[-79.899272,40.242906],[-79.900347,40.242638],[-79.900742,40.242408],[-79.901104,40.242105],[-79.902422,40.240268],[-79.902595,40.240113],[-79.903663,40.239837],[-79.904363,40.23957],[-79.905314,40.239117],[-79.905662,40.239016],[-79.906892,40.238931],[-79.908043,40.238967],[-79.908842,40.239062],[-79.909836,40.239108],[-79.911383,40.239454],[-79.912615,40.239567],[-79.913762,40.239995],[-79.91448,40.240146],[-79.914592,40.240185],[-79.914375,40.240456],[-79.914239,40.240739],[-79.913957,40.242061],[-79.913289,40.243693],[-79.912905,40.244107],[-79.911551,40.2449],[-79.911172,40.246142],[-79.910873,40.246595],[-79.910327,40.247167],[-79.910068,40.24764],[-79.909976,40.247972],[-79.909986,40.248454],[-79.91011,40.248843],[-79.9103,40.24915],[-79.911132,40.250143],[-79.911545,40.250606],[-79.91224,40.251132],[-79.912431,40.251156],[-79.912658,40.25112],[-79.912047,40.251675],[-79.912298,40.251767],[-79.912493,40.251503],[-79.913565,40.250438],[-79.915913,40.248476],[-79.917523,40.247336],[-79.918864,40.246504],[-79.921891,40.244483],[-79.923146,40.243773],[-79.924513,40.243288],[-79.924546,40.24306]]]}},{"type":"Feature","properties":{"block_count":16,"land_area_km2":2.1327,"centroid":[-80.149933,40.356338],"bbox":[-80.169668,40.344137,-80.12626,40.364891],"boundary_source":"Approximate ZIP area: 2010 Census blocks grouped by their ZIP code (Allegheny County part only)","id":"zip-15064","name":"ZIP 15064 (Morgan)","zip":"15064","geography":"zip","level":"INSUFFICIENT DATA","anomaly_score":2.071998396519594,"confidence":"LOW","case_id":"zipfile-15064","top_signal_headline":"Home values +7% vs. county +14%"},"geometry":{"type":"Polygon","coordinates":[[[-80.163055,40.360165],[-80.153357,40.351198],[-80.153691,40.35088],[-80.154326,40.350395],[-80.154366,40.350263],[-80.154305,40.350157],[-80.153844,40.349741],[-80.153077,40.350299],[-80.152575,40.350087],[-80.152024,40.349768],[-80.152437,40.349368],[-80.153781,40.34878],[-80.154346,40.348707],[-80.15532,40.348726],[-80.155617,40.348638],[-80.155629,40.348521],[-80.15545,40.348349],[-80.155166,40.347929],[-80.156638,40.347746],[-80.159646,40.347029],[-80.160284,40.346993],[-80.160988,40.34703],[-80.161821,40.346946],[-80.165022,40.346924],[-80.165259,40.346858],[-80.166809,40.346198],[-80.167929,40.34553],[-80.168891,40.345109],[-80.169214,40.344882],[-80.169588,40.344484],[-80.169668,40.344137],[-80.167932,40.345144],[-80.167234,40.34549],[-80.166586,40.34575],[-80.165168,40.34616],[-80.164205,40.346327],[-80.163192,40.346411],[-80.155018,40.346866],[-80.153506,40.347108],[-80.152183,40.347567],[-80.151163,40.348127],[-80.150765,40.348413],[-80.150069,40.349037],[-80.149288,40.3501],[-80.148292,40.351688],[-80.147433,40.352595],[-80.146873,40.353019],[-80.145879,40.353587],[-80.144577,40.354063],[-80.143636,40.354272],[-80.142312,40.354365],[-80.141444,40.354309],[-80.141315,40.354057],[-80.142443,40.353869],[-80.14535,40.35351],[-80.145746,40.353413],[-80.146206,40.353145],[-80.146459,40.352926],[-80.146048,40.352437],[-80.145903,40.352435],[-80.145279,40.352826],[-80.140681,40.353387],[-80.140471,40.353135],[-80.140437,40.35289],[-80.134787,40.352996],[-80.133505,40.353167],[-80.132578,40.3534],[-80.131951,40.353609],[-80.131194,40.353932],[-80.130304,40.354436],[-80.129714,40.354862],[-80.129206,40.355314],[-80.127468,40.357236],[-80.126717,40.357786],[-80.12626,40.357913],[-80.126692,40.358353],[-80.127158,40.358516],[-80.127683,40.358557],[-80.128014,40.358525],[-80.128853,40.358268],[-80.129093,40.358144],[-80.129499,40.357831],[-80.1304,40.356686],[-80.131324,40.3558],[-80.131861,40.355409],[-80.133019,40.354684],[-80.134475,40.354052],[-80.135316,40.353773],[-80.136023,40.353647],[-80.136793,40.353701],[-80.137061,40.353797],[-80.137521,40.354085],[-80.137665,40.35412],[-80.138425,40.354926],[-80.139064,40.355319],[-80.139561,40.355489],[-80.140163,40.355579],[-80.140941,40.355788],[-80.142561,40.355927],[-80.142738,40.356061],[-80.144133,40.356292],[-80.142217,40.356713],[-80.141922,40.356696],[-80.141387,40.356574],[-80.139451,40.356006],[-80.139184,40.355561],[-80.138367,40.354955],[-80.138159,40.35486],[-80.138198,40.355516],[-80.138284,40.355757],[-80.138828,40.356645],[-80.139153,40.357029],[-80.140499,40.357744],[-80.141275,40.358042],[-80.141994,40.358234],[-80.142934,40.358709],[-80.143278,40.358789],[-80.144547,40.358931],[-80.145428,40.359376],[-80.145512,40.359483],[-80.145585,40.36038],[-80.145655,40.360494],[-80.146816,40.361054],[-80.14785,40.361713],[-80.148844,40.362539],[-80.149251,40.362821],[-80.150875,40.363409],[-80.151995,40.363939],[-80.15234,40.364177],[-80.1531,40.364891],[-80.154983,40.363636],[-80.156633,40.362733],[-80.156416,40.363412],[-80.156406,40.3637],[-80.163055,40.360165]]]}},{"type":"Feature","properties":{"block_count":392,"land_area_km2":32.0668,"centroid":[-79.727286,40.642123],"bbox":[-79.76414,40.603135,-79.688761,40.670497],"boundary_source":"Approximate ZIP area: 2010 Census blocks grouped by their ZIP code (Allegheny County part only)","id":"zip-15065","name":"ZIP 15065 (Natrona Heights)","zip":"15065","geography":"zip","level":"LOW","anomaly_score":0.6419535899050294,"confidence":"HIGH","case_id":"zipfile-15065","top_signal_headline":"Home sales -13% vs. county +4%"},"geometry":{"type":"Polygon","coordinates":[[[-79.756586,40.61182],[-79.757141,40.610729],[-79.755857,40.60903],[-79.754163,40.609877],[-79.753732,40.609527],[-79.753259,40.608876],[-79.752794,40.609085],[-79.752612,40.608847],[-79.752315,40.609011],[-79.752191,40.608838],[-79.751053,40.608855],[-79.749217,40.609941],[-79.749571,40.611227],[-79.747992,40.61147],[-79.74724,40.61097],[-79.745141,40.612548],[-79.743867,40.613343],[-79.743542,40.613439],[-79.743432,40.613567],[-79.738711,40.61558],[-79.736441,40.613536],[-79.735983,40.61297],[-79.735812,40.612393],[-79.735625,40.609046],[-79.735312,40.608053],[-79.733566,40.608628],[-79.733668,40.606572],[-79.734588,40.60632],[-79.733832,40.604544],[-79.73386,40.604513],[-79.733625,40.604336],[-79.733447,40.60396],[-79.733169,40.603135],[-79.728579,40.604774],[-79.724116,40.606602],[-79.721836,40.607736],[-79.72127,40.607966],[-79.717081,40.613352],[-79.715738,40.616494],[-79.714651,40.617944],[-79.713436,40.619287],[-79.712807,40.619873],[-79.712477,40.620076],[-79.710343,40.621031],[-79.702691,40.626023],[-79.701817,40.626684],[-79.699579,40.629008],[-79.69378,40.635276],[-79.690837,40.639234],[-79.689117,40.642722],[-79.688847,40.643842],[-79.688777,40.644385],[-79.688761,40.646209],[-79.688842,40.647553],[-79.688986,40.648705],[-79.689514,40.650321],[-79.690202,40.651969],[-79.690842,40.653329],[-79.691562,40.654561],[-79.692666,40.656161],[-79.693226,40.657233],[-79.69441,40.658625],[-79.694714,40.659105],[-79.695226,40.660321],[-79.695546,40.661649],[-79.695658,40.663441],[-79.695594,40.664193],[-79.695362,40.664952],[-79.694925,40.665728],[-79.694523,40.666256],[-79.692475,40.668069],[-79.692476,40.668867],[-79.692587,40.669732],[-79.693514,40.669745],[-79.694474,40.669649],[-79.707546,40.669851],[-79.718066,40.669638],[-79.722739,40.669628],[-79.72992,40.669233],[-79.732744,40.66924],[-79.736251,40.669375],[-79.743643,40.669777],[-79.744939,40.669649],[-79.759415,40.670413],[-79.7596,40.670041],[-79.759906,40.66987],[-79.762509,40.669812],[-79.762469,40.669975],[-79.762701,40.67048],[-79.76414,40.670497],[-79.764019,40.670219],[-79.763903,40.669469],[-79.763298,40.668045],[-79.763006,40.6675],[-79.762632,40.667006],[-79.761356,40.665685],[-79.760338,40.664383],[-79.760168,40.663898],[-79.760052,40.66289],[-79.759929,40.662393],[-79.75961,40.661587],[-79.759505,40.661172],[-79.758845,40.661134],[-79.757905,40.66126],[-79.755531,40.654628],[-79.759206,40.654394],[-79.759273,40.653972],[-79.758889,40.653987],[-79.756814,40.651666],[-79.758298,40.637261],[-79.756524,40.627496],[-79.756067,40.622197],[-79.754323,40.618162],[-79.75477,40.618056],[-79.755232,40.61784],[-79.759201,40.61521],[-79.758176,40.614369],[-79.757416,40.613554],[-79.75703,40.612943],[-79.756727,40.612279],[-79.756586,40.61182]]]}},{"type":"Feature","properties":{"block_count":68,"land_area_km2":26.6086,"centroid":[-79.755155,40.526813],"bbox":[-79.82191,40.494836,-79.701624,40.551705],"boundary_source":"Approximate ZIP area: 2010 Census blocks grouped by their ZIP code (Allegheny County part only)","id":"zip-15068","name":"ZIP 15068","zip":"15068","geography":"zip","level":"LOW","anomaly_score":0.36592480637839747,"confidence":"HIGH","case_id":"zipfile-15068","top_signal_headline":null},"geometry":{"type":"Polygon","coordinates":[[[-79.821583,40.534744],[-79.821276,40.533187],[-79.821236,40.532276],[-79.821542,40.529975],[-79.821535,40.529248],[-79.821339,40.528323],[-79.82057,40.526243],[-79.817307,40.527047],[-79.812007,40.527683],[-79.810956,40.527733],[-79.808321,40.52756],[-79.807187,40.527642],[-79.806164,40.527908],[-79.804502,40.528506],[-79.803831,40.528684],[-79.803271,40.528764],[-79.802484,40.528763],[-79.801677,40.528631],[-79.798634,40.52761],[-79.798132,40.527487],[-79.797355,40.527381],[-79.796566,40.527374],[-79.795788,40.527476],[-79.795045,40.527678],[-79.792279,40.528913],[-79.791562,40.52917],[-79.789815,40.529626],[-79.788005,40.529909],[-79.7859,40.530039],[-79.784315,40.529999],[-79.78012,40.52969],[-79.778988,40.529782],[-79.779001,40.529654],[-79.779092,40.529562],[-79.779815,40.529421],[-79.779978,40.529283],[-79.780028,40.529101],[-79.780057,40.528241],[-79.780147,40.527929],[-79.780936,40.527145],[-79.781689,40.525742],[-79.782538,40.524934],[-79.783633,40.524367],[-79.784129,40.52404],[-79.784296,40.523754],[-79.784457,40.522869],[-79.784539,40.522736],[-79.784732,40.522606],[-79.785964,40.52238],[-79.786497,40.522206],[-79.788568,40.521084],[-79.788865,40.520851],[-79.789395,40.520142],[-79.789538,40.519495],[-79.78985,40.518988],[-79.789887,40.517915],[-79.790098,40.517401],[-79.790219,40.517256],[-79.790798,40.516931],[-79.791073,40.516335],[-79.791507,40.515822],[-79.791742,40.514349],[-79.792609,40.51254],[-79.791963,40.512165],[-79.791228,40.511579],[-79.790824,40.511179],[-79.790502,40.510772],[-79.790175,40.510245],[-79.789935,40.50972],[-79.78973,40.508995],[-79.789483,40.50546],[-79.789351,40.504735],[-79.789028,40.503841],[-79.788427,40.502829],[-79.785682,40.49968],[-79.78525,40.499021],[-79.783348,40.494836],[-79.783267,40.494895],[-79.783363,40.49511],[-79.783103,40.495239],[-79.782766,40.495289],[-79.782604,40.495174],[-79.781884,40.495273],[-79.781652,40.49653],[-79.781853,40.497488],[-79.7819,40.498491],[-79.781862,40.498617],[-79.781556,40.499023],[-79.781504,40.499198],[-79.781494,40.50017],[-79.781093,40.501675],[-79.780609,40.502543],[-79.78019,40.503084],[-79.778395,40.505039],[-79.777328,40.50578],[-79.777163,40.505872],[-79.776567,40.506058],[-79.776438,40.506143],[-79.776333,40.506278],[-79.775801,40.507618],[-79.775567,40.507712],[-79.774865,40.50759],[-79.774613,40.507629],[-79.774511,40.507696],[-79.774255,40.508149],[-79.77405,40.508299],[-79.772908,40.508709],[-79.772232,40.509166],[-79.772007,40.509522],[-79.771745,40.510743],[-79.771532,40.51111],[-79.771432,40.511169],[-79.771283,40.511177],[-79.770924,40.510983],[-79.769704,40.510008],[-79.76955,40.50985],[-79.769321,40.509279],[-79.76915,40.509017],[-79.76862,40.508542],[-79.768264,40.508347],[-79.767271,40.508219],[-79.766471,40.5082],[-79.766015,40.508239],[-79.765532,40.508336],[-79.76437,40.508784],[-79.763095,40.509002],[-79.762879,40.508565],[-79.762878,40.508381],[-79.763154,40.507377],[-79.763122,40.506347],[-79.763371,40.504736],[-79.762627,40.504326],[-79.761699,40.504811],[-79.761397,40.504883],[-79.760965,40.504871],[-79.760634,40.504783],[-79.760174,40.504728],[-79.759598,40.504733],[-79.759325,40.504843],[-79.759058,40.505052],[-79.758181,40.505134],[-79.757375,40.505496],[-79.756828,40.505819],[-79.756,40.506126],[-79.755496,40.506373],[-79.75505,40.506483],[-79.754734,40.506647],[-79.754481,40.507229],[-79.754758,40.507537],[-79.754324,40.507718],[-79.752258,40.508016],[-79.750599,40.508401],[-79.748164,40.508811],[-79.749126,40.509075],[-79.749728,40.509192],[-79.749838,40.509271],[-79.750972,40.511179],[-79.751215,40.512358],[-79.751452,40.515197],[-79.748892,40.516075],[-79.748407,40.516293],[-79.74831,40.516404],[-79.748369,40.516518],[-79.748148,40.516993],[-79.747623,40.51743],[-79.747049,40.517697],[-79.746344,40.517795],[-79.743389,40.519366],[-79.738365,40.514031],[-79.739687,40.510897],[-79.739297,40.510762],[-79.738899,40.510704],[-79.736081,40.510538],[-79.735697,40.510305],[-79.735353,40.50989],[-79.734374,40.510324],[-79.733126,40.510766],[-79.732713,40.511075],[-79.731624,40.512829],[-79.731489,40.513155],[-79.731287,40.513996],[-79.730597,40.515448],[-79.730372,40.515742],[-79.72943,40.516594],[-79.728995,40.516797],[-79.727849,40.516863],[-79.726943,40.516993],[-79.726615,40.517101],[-79.725785,40.516302],[-79.724441,40.514819],[-79.723501,40.513882],[-79.722274,40.512482],[-79.721726,40.512056],[-79.721114,40.511757],[-79.72029,40.511453],[-79.718447,40.511031],[-79.717602,40.510731],[-79.715742,40.510374],[-79.714583,40.510925],[-79.714098,40.510944],[-79.71376,40.510836],[-79.71348,40.510829],[-79.71328,40.510957],[-79.712663,40.51167],[-79.712267,40.511821],[-79.711573,40.511916],[-79.711266,40.512038],[-79.711075,40.512253],[-79.710992,40.512765],[-79.711062,40.514329],[-79.710815,40.516075],[-79.710756,40.517127],[-79.710556,40.517467],[-79.71022,40.517576],[-79.70813,40.518025],[-79.705574,40.517983],[-79.705324,40.518019],[-79.704621,40.518414],[-79.704124,40.519066],[-79.703927,40.519195],[-79.703457,40.519326],[-79.702104,40.519465],[-79.702087,40.521763],[-79.702003,40.522401],[-79.701985,40.523787],[-79.701881,40.524525],[-79.701624,40.525449],[-79.702244,40.525782],[-79.703495,40.526293],[-79.703697,40.526408],[-79.704223,40.52688],[-79.705101,40.527111],[-79.705416,40.527271],[-79.70577,40.527544],[-79.706168,40.527997],[-79.70703,40.52957],[-79.707628,40.530377],[-79.707902,40.530663],[-79.710032,40.532189],[-79.711544,40.532864],[-79.711788,40.532925],[-79.712335,40.53293],[-79.713386,40.532831],[-79.714156,40.532941],[-79.714638,40.533166],[-79.715286,40.533599],[-79.715941,40.534187],[-79.71657,40.534943],[-79.716822,40.535468],[-79.717893,40.536626],[-79.718558,40.537434],[-79.718682,40.537407],[-79.719195,40.53815],[-79.720096,40.539018],[-79.72014,40.539188],[-79.720088,40.539699],[-79.720737,40.540918],[-79.720859,40.541],[-79.721003,40.541],[-79.721347,40.54078],[-79.721558,40.54078],[-79.721753,40.540983],[-79.722135,40.541719],[-79.722387,40.542043],[-79.722941,40.542196],[-79.723696,40.542207],[-79.724178,40.542333],[-79.724567,40.542366],[-79.7261,40.542893],[-79.728908,40.543661],[-79.729505,40.543913],[-79.729786,40.54416],[-79.729981,40.544539],[-79.730198,40.544703],[-79.731566,40.545054],[-79.73207,40.545301],[-79.732351,40.545515],[-79.732776,40.54618],[-79.732546,40.546377],[-79.732546,40.546471],[-79.733006,40.546701],[-79.733863,40.546866],[-79.734058,40.547096],[-79.734375,40.54781],[-79.734894,40.54854],[-79.735636,40.549034],[-79.735938,40.549176],[-79.736262,40.549275],[-79.737313,40.549352],[-79.737853,40.549445],[-79.738307,40.549439],[-79.739343,40.549543],[-79.740437,40.549526],[-79.741272,40.549372],[-79.741718,40.549174],[-79.742366,40.548735],[-79.742639,40.548718],[-79.743561,40.549151],[-79.744555,40.549365],[-79.745304,40.549595],[-79.745563,40.549765],[-79.745981,40.550171],[-79.746298,40.550402],[-79.746787,40.550616],[-79.747623,40.550868],[-79.748228,40.551181],[-79.749214,40.551383],[-79.749768,40.551399],[-79.751096,40.551683],[-79.7516,40.551705],[-79.752233,40.551651],[-79.752385,40.551574],[-79.752414,40.551277],[-79.752514,40.55118],[-79.753249,40.550889],[-79.753976,40.550538],[-79.754437,40.550434],[-79.75556,40.550407],[-79.756482,40.550177],[-79.756957,40.550155],[-79.758987,40.550442],[-79.759519,40.550628],[-79.760117,40.550997],[-79.760664,40.551052],[-79.760995,40.55103],[-79.761693,40.550838],[-79.762687,40.550432],[-79.765415,40.549854],[-79.765169,40.549367],[-79.76414,40.547747],[-79.763834,40.546941],[-79.763698,40.546025],[-79.763775,40.544997],[-79.76426,40.544101],[-79.76474,40.542926],[-79.765306,40.541753],[-79.766091,40.540713],[-79.768478,40.538779],[-79.770008,40.537807],[-79.772762,40.536327],[-79.776618,40.534934],[-79.778908,40.534488],[-79.781489,40.534228],[-79.783753,40.534108],[-79.785777,40.534315],[-79.788162,40.534623],[-79.791796,40.535229],[-79.794789,40.535785],[-79.797532,40.536236],[-79.799818,40.536816],[-79.802525,40.537256],[-79.805012,40.537455],[-79.807566,40.537284],[-79.808549,40.53712],[-79.813773,40.536789],[-79.81747,40.536609],[-79.82191,40.53624],[-79.821583,40.534744]]]}},{"type":"Feature","properties":{"block_count":242,"land_area_km2":47.4678,"centroid":[-80.187806,40.412109],"bbox":[-80.253615,40.360455,-80.120495,40.452],"boundary_source":"Approximate ZIP area: 2010 Census blocks grouped by their ZIP code (Allegheny County part only)","id":"zip-15071","name":"ZIP 15071 (Oakdale)","zip":"15071","geography":"zip","level":"LOW","anomaly_score":0.8801742510263493,"confidence":"HIGH","case_id":"zipfile-15071","top_signal_headline":null},"geometry":{"type":"Polygon","coordinates":[[[-80.139907,40.377391],[-80.138358,40.376744],[-80.137141,40.376396],[-80.136261,40.37602],[-80.135267,40.37533],[-80.132645,40.37328],[-80.131994,40.372938],[-80.131504,40.372787],[-80.130224,40.372521],[-80.129437,40.372471],[-80.128882,40.372357],[-80.128584,40.372342],[-80.127531,40.372438],[-80.126495,40.372618],[-80.124754,40.373106],[-80.124192,40.373123],[-80.123146,40.372987],[-80.121993,40.372954],[-80.122034,40.373237],[-80.12237,40.373413],[-80.122585,40.373674],[-80.122771,40.374712],[-80.123081,40.375609],[-80.123246,40.375894],[-80.123677,40.376279],[-80.124458,40.376806],[-80.125263,40.377811],[-80.125536,40.378048],[-80.12783,40.379146],[-80.128775,40.380001],[-80.129385,40.380653],[-80.130381,40.38188],[-80.130877,40.382892],[-80.131379,40.383425],[-80.132041,40.384791],[-80.132507,40.38592],[-80.133266,40.386504],[-80.133573,40.387063],[-80.133653,40.387422],[-80.133628,40.387662],[-80.13315,40.388617],[-80.133158,40.388836],[-80.133456,40.389639],[-80.133484,40.390638],[-80.133409,40.390992],[-80.133285,40.391162],[-80.132537,40.391739],[-80.132027,40.39237],[-80.130911,40.392875],[-80.130303,40.39334],[-80.129978,40.393769],[-80.129725,40.394226],[-80.129653,40.394514],[-80.129739,40.394765],[-80.129874,40.394845],[-80.130294,40.394915],[-80.130815,40.395172],[-80.131428,40.396118],[-80.133618,40.394843],[-80.134911,40.394158],[-80.135775,40.393884],[-80.136536,40.393748],[-80.137449,40.393722],[-80.138426,40.393782],[-80.143333,40.394255],[-80.143908,40.394362],[-80.144676,40.39462],[-80.145316,40.395078],[-80.145575,40.395327],[-80.148132,40.398277],[-80.147774,40.39855],[-80.14775,40.398656],[-80.147499,40.398914],[-80.147225,40.39906],[-80.146663,40.398989],[-80.146351,40.398877],[-80.143002,40.398309],[-80.142893,40.398637],[-80.143981,40.398962],[-80.143478,40.400221],[-80.144398,40.400462],[-80.144677,40.400597],[-80.144567,40.400887],[-80.145257,40.402956],[-80.142096,40.403896],[-80.142381,40.406288],[-80.147848,40.407228],[-80.151864,40.411272],[-80.152864,40.414683],[-80.154975,40.415357],[-80.155113,40.415181],[-80.155213,40.414878],[-80.155086,40.413725],[-80.155109,40.413443],[-80.155769,40.412082],[-80.155985,40.411874],[-80.156441,40.411866],[-80.15755,40.411996],[-80.15983,40.411909],[-80.160351,40.411935],[-80.160689,40.412101],[-80.161353,40.412603],[-80.161857,40.412787],[-80.162037,40.413728],[-80.162448,40.414401],[-80.162879,40.414868],[-80.16305,40.414951],[-80.163474,40.415043],[-80.16449,40.415152],[-80.165124,40.415266],[-80.165431,40.415375],[-80.165596,40.415501],[-80.165827,40.415859],[-80.166064,40.415946],[-80.166103,40.4164],[-80.166563,40.416953],[-80.166764,40.41735],[-80.167281,40.418124],[-80.16744,40.418247],[-80.167705,40.418218],[-80.167835,40.418349],[-80.167993,40.418877],[-80.168121,40.420342],[-80.168049,40.420671],[-80.167755,40.420894],[-80.167704,40.421069],[-80.168107,40.421865],[-80.168207,40.422298],[-80.168207,40.422708],[-80.16838,40.423047],[-80.168527,40.42384],[-80.168415,40.424007],[-80.168522,40.424386],[-80.168522,40.425111],[-80.168774,40.426162],[-80.168738,40.426275],[-80.168608,40.426328],[-80.168573,40.426413],[-80.168788,40.426973],[-80.16873,40.42768],[-80.168989,40.42797],[-80.169139,40.428246],[-80.169743,40.428948],[-80.170145,40.430384],[-80.170066,40.430631],[-80.169793,40.430814],[-80.169368,40.431009],[-80.168916,40.431393],[-80.168276,40.431618],[-80.167313,40.432309],[-80.166093,40.43284],[-80.159874,40.432655],[-80.159988,40.433057],[-80.159943,40.433896],[-80.15981,40.434156],[-80.159626,40.434286],[-80.15945,40.434356],[-80.159194,40.43438],[-80.157168,40.434234],[-80.156826,40.434304],[-80.156438,40.434468],[-80.157187,40.435362],[-80.157606,40.4363],[-80.157712,40.436892],[-80.157751,40.4385],[-80.157818,40.438716],[-80.157996,40.438945],[-80.158405,40.439191],[-80.159598,40.439756],[-80.164003,40.441721],[-80.164988,40.442609],[-80.16564,40.443523],[-80.166094,40.443919],[-80.166545,40.444149],[-80.167081,40.444337],[-80.168543,40.444695],[-80.169476,40.444776],[-80.16994,40.444725],[-80.170454,40.444587],[-80.17086,40.444405],[-80.171807,40.443863],[-80.172251,40.44371],[-80.172026,40.444007],[-80.172049,40.446101],[-80.170952,40.446316],[-80.170688,40.446448],[-80.170216,40.446465],[-80.166056,40.447305],[-80.168062,40.450133],[-80.168435,40.450539],[-80.169304,40.451183],[-80.170273,40.451603],[-80.170792,40.451759],[-80.172107,40.452],[-80.172161,40.451795],[-80.172102,40.447763],[-80.173542,40.447256],[-80.173877,40.447073],[-80.17413,40.446653],[-80.174439,40.445582],[-80.176955,40.444724],[-80.178583,40.444039],[-80.179154,40.44409],[-80.17994,40.444066],[-80.183114,40.443764],[-80.183825,40.443657],[-80.184635,40.443436],[-80.188911,40.441915],[-80.189551,40.441782],[-80.190212,40.441763],[-80.191081,40.441895],[-80.191742,40.44193],[-80.192431,40.441836],[-80.193319,40.441547],[-80.198738,40.447899],[-80.209862,40.448416],[-80.211236,40.448225],[-80.211409,40.448159],[-80.211834,40.447837],[-80.211457,40.449287],[-80.2167,40.446659],[-80.21625,40.445783],[-80.216376,40.445176],[-80.215551,40.441614],[-80.216829,40.441029],[-80.216632,40.439237],[-80.22026,40.439708],[-80.222516,40.439952],[-80.223481,40.440022],[-80.227547,40.440086],[-80.230243,40.440265],[-80.230722,40.440321],[-80.231413,40.440488],[-80.23269,40.441017],[-80.233135,40.441151],[-80.237306,40.441656],[-80.239097,40.441743],[-80.23951,40.441708],[-80.241119,40.442761],[-80.243702,40.444988],[-80.250616,40.439324],[-80.248607,40.440353],[-80.247909,40.440646],[-80.247122,40.44078],[-80.243409,40.441221],[-80.239008,40.440585],[-80.238552,40.440578],[-80.237679,40.439368],[-80.238335,40.439274],[-80.241016,40.439192],[-80.242993,40.438848],[-80.244673,40.438403],[-80.24528,40.4382],[-80.246312,40.437735],[-80.252403,40.434486],[-80.251065,40.431477],[-80.250641,40.430342],[-80.250447,40.42953],[-80.249887,40.424548],[-80.250459,40.423145],[-80.250359,40.422846],[-80.250064,40.422536],[-80.250072,40.422351],[-80.252081,40.421019],[-80.252957,40.420293],[-80.253615,40.419897],[-80.253214,40.419567],[-80.253257,40.419149],[-80.253143,40.418932],[-80.252697,40.418722],[-80.252309,40.418458],[-80.251979,40.418411],[-80.251656,40.418152],[-80.251512,40.418092],[-80.250873,40.417967],[-80.250233,40.417751],[-80.250004,40.41756],[-80.249745,40.417036],[-80.2495,40.416845],[-80.248969,40.416221],[-80.248099,40.415872],[-80.247339,40.415255],[-80.246682,40.414984],[-80.246237,40.414905],[-80.24605,40.414922],[-80.24533,40.414467],[-80.244993,40.414113],[-80.244662,40.413944],[-80.244518,40.413718],[-80.244532,40.413565],[-80.244806,40.413495],[-80.24492,40.413347],[-80.244648,40.413025],[-80.244395,40.412978],[-80.244137,40.412995],[-80.243936,40.41293],[-80.24357,40.412973],[-80.243368,40.412837],[-80.243273,40.41261],[-80.243734,40.412139],[-80.242615,40.411715],[-80.241894,40.411307],[-80.2379,40.408533],[-80.235978,40.406812],[-80.235451,40.406492],[-80.235061,40.406323],[-80.234392,40.406116],[-80.231115,40.408064],[-80.230446,40.408563],[-80.228637,40.410396],[-80.224114,40.413935],[-80.218111,40.410649],[-80.20524,40.403125],[-80.205153,40.402861],[-80.204527,40.401713],[-80.203801,40.402284],[-80.199416,40.39972],[-80.202047,40.393306],[-80.201108,40.392401],[-80.199781,40.391535],[-80.198745,40.390942],[-80.199319,40.390339],[-80.199593,40.390306],[-80.200003,40.390343],[-80.201294,40.390972],[-80.201774,40.390641],[-80.202681,40.390351],[-80.203188,40.390086],[-80.202676,40.389483],[-80.20064,40.389769],[-80.199462,40.389729],[-80.199108,40.389836],[-80.198667,40.390098],[-80.198377,40.3897],[-80.198612,40.389634],[-80.198949,40.389727],[-80.199272,40.389706],[-80.200579,40.389188],[-80.201146,40.389057],[-80.201463,40.389032],[-80.201836,40.389152],[-80.201965,40.389135],[-80.202337,40.388924],[-80.202691,40.388811],[-80.203609,40.388057],[-80.204421,40.387908],[-80.204896,40.387655],[-80.20491,40.387497],[-80.204629,40.387239],[-80.204665,40.387068],[-80.205089,40.386782],[-80.205247,40.386549],[-80.205463,40.386393],[-80.206281,40.386115],[-80.206683,40.385505],[-80.205442,40.384326],[-80.205091,40.38333],[-80.207228,40.380348],[-80.206705,40.380715],[-80.204344,40.382699],[-80.199445,40.386223],[-80.197773,40.387078],[-80.197266,40.386906],[-80.196905,40.386844],[-80.196477,40.386902],[-80.195403,40.387177],[-80.195036,40.387193],[-80.192819,40.386828],[-80.191693,40.386882],[-80.19114,40.386803],[-80.190648,40.3866],[-80.190151,40.386176],[-80.18977,40.385975],[-80.186774,40.385005],[-80.186528,40.385012],[-80.186348,40.385123],[-80.186034,40.385739],[-80.185891,40.385881],[-80.185969,40.385196],[-80.186151,40.384941],[-80.186324,40.384769],[-80.18665,40.384571],[-80.187194,40.384417],[-80.186124,40.384366],[-80.183093,40.384055],[-80.182297,40.383875],[-80.181904,40.383736],[-80.181186,40.383367],[-80.180721,40.383019],[-80.179788,40.382207],[-80.179889,40.382065],[-80.179377,40.381862],[-80.178984,40.381558],[-80.178635,40.381364],[-80.178052,40.38115],[-80.177556,40.381026],[-80.17686,40.381022],[-80.173359,40.381222],[-80.17242,40.381218],[-80.170477,40.381066],[-80.169207,40.380847],[-80.16817,40.3806],[-80.160346,40.378248],[-80.159917,40.378173],[-80.159036,40.378175],[-80.158083,40.377403],[-80.15134,40.375431],[-80.150391,40.376169],[-80.149779,40.376538],[-80.148006,40.37734],[-80.147652,40.37743],[-80.146772,40.377546],[-80.14688,40.377064],[-80.14684,40.376982],[-80.146709,40.376938],[-80.14558,40.377322],[-80.145198,40.377353],[-80.144836,40.377242],[-80.143309,40.376605],[-80.141783,40.376287],[-80.141674,40.376149],[-80.141642,40.375712],[-80.141545,40.375629],[-80.141403,40.37565],[-80.141098,40.375891],[-80.140616,40.375891],[-80.138466,40.37507],[-80.138204,40.374941],[-80.138005,40.374773],[-80.137954,40.374665],[-80.137966,40.374437],[-80.138299,40.373768],[-80.138223,40.373365],[-80.138059,40.373187],[-80.137929,40.373134],[-80.136635,40.372784],[-80.136501,40.372639],[-80.136491,40.372441],[-80.13685,40.369706],[-80.136932,40.369597],[-80.137064,40.369528],[-80.137676,40.369475],[-80.137993,40.369524],[-80.138698,40.369779],[-80.1388,40.369643],[-80.138702,40.368618],[-80.138729,40.368284],[-80.137123,40.365347],[-80.136076,40.364404],[-80.135406,40.363703],[-80.13439,40.362217],[-80.133112,40.361403],[-80.132527,40.361125],[-80.131437,40.360793],[-80.129873,40.360455],[-80.129397,40.360501],[-80.127901,40.360947],[-80.127415,40.360947],[-80.125812,40.36158],[-80.12536,40.361823],[-80.124678,40.3624],[-80.124272,40.362931],[-80.123961,40.36361],[-80.123869,40.364384],[-80.123982,40.367879],[-80.123918,40.368259],[-80.123778,40.368624],[-80.123079,40.369857],[-80.122493,40.370704],[-80.122042,40.371164],[-80.120495,40.372373],[-80.120723,40.372446],[-80.122798,40.372696],[-80.124198,40.372977],[-80.1245,40.373002],[-80.125003,40.372929],[-80.125327,40.372744],[-80.125701,40.37262],[-80.126411,40.372491],[-80.127632,40.372185],[-80.128717,40.372148],[-80.129356,40.372062],[-80.129931,40.372134],[-80.130669,40.372455],[-80.131718,40.372684],[-80.132354,40.372937],[-80.134911,40.374586],[-80.136439,40.375704],[-80.137157,40.376111],[-80.140024,40.377027],[-80.139907,40.377391]]]}},{"type":"Feature","properties":{"block_count":4,"land_area_km2":0.0614,"centroid":[-79.826909,40.586041],"bbox":[-79.828604,40.583417,-79.825386,40.587511],"boundary_source":"Approximate ZIP area: 2010 Census blocks grouped by their ZIP code (Allegheny County part only)","id":"zip-15075","name":"ZIP 15075","zip":"15075","geography":"zip","level":"INSUFFICIENT DATA","anomaly_score":null,"confidence":"LOW","case_id":"zipfile-15075","top_signal_headline":null},"geometry":{"type":"Polygon","coordinates":[[[-79.826561,40.583445],[-79.826808,40.583821],[-79.827072,40.584484],[-79.826244,40.584733],[-79.826225,40.584802],[-79.826433,40.585414],[-79.825386,40.58544],[-79.825501,40.587115],[-79.826014,40.587122],[-79.826217,40.587281],[-79.826995,40.587254],[-79.827023,40.587465],[-79.827167,40.587511],[-79.827718,40.587264],[-79.828259,40.586878],[-79.828485,40.586667],[-79.828604,40.586468],[-79.827604,40.58495],[-79.826974,40.583808],[-79.826635,40.583417],[-79.826561,40.583445]]]}},{"type":"Feature","properties":{"block_count":26,"land_area_km2":1.8918,"centroid":[-79.834669,40.607344],"bbox":[-79.84233,40.598512,-79.826471,40.630424],"boundary_source":"Approximate ZIP area: 2010 Census blocks grouped by their ZIP code (Allegheny County part only)","id":"zip-15076","name":"ZIP 15076 (Russellton)","zip":"15076","geography":"zip","level":"INSUFFICIENT DATA","anomaly_score":0.29311181756663585,"confidence":"LOW","case_id":"zipfile-15076","top_signal_headline":null},"geometry":{"type":"MultiPolygon","coordinates":[[[[-79.827253,40.598875],[-79.826493,40.598898],[-79.826471,40.599356],[-79.826524,40.599796],[-79.826794,40.600529],[-79.828183,40.603328],[-79.829161,40.606711],[-79.829563,40.607831],[-79.830819,40.60974],[-79.831202,40.610435],[-79.831519,40.611204],[-79.83181,40.612162],[-79.831941,40.613211],[-79.831934,40.613973],[-79.831801,40.61491],[-79.831406,40.616583],[-79.831373,40.617706],[-79.831471,40.618215],[-79.833046,40.623142],[-79.833521,40.622549],[-79.833668,40.622082],[-79.833506,40.620469],[-79.833577,40.619498],[-79.834226,40.62059],[-79.836367,40.622616],[-79.836575,40.622722],[-79.837405,40.622712],[-79.837776,40.622753],[-79.837768,40.622521],[-79.837514,40.622068],[-79.837361,40.621914],[-79.837221,40.621521],[-79.836987,40.621101],[-79.83667,40.620689],[-79.836646,40.620533],[-79.836746,40.619786],[-79.836643,40.619526],[-79.836513,40.619438],[-79.836283,40.619394],[-79.836066,40.619279],[-79.835605,40.619169],[-79.834791,40.61861],[-79.834733,40.618176],[-79.834372,40.617616],[-79.834068,40.617323],[-79.833875,40.617187],[-79.833733,40.617158],[-79.833736,40.616926],[-79.833855,40.616502],[-79.83437,40.615749],[-79.835485,40.613326],[-79.835535,40.612954],[-79.835417,40.612384],[-79.837549,40.612494],[-79.837672,40.612423],[-79.837632,40.612248],[-79.837489,40.61217],[-79.835337,40.612074],[-79.835272,40.611785],[-79.836844,40.611592],[-79.837099,40.611509],[-79.838673,40.61004],[-79.83889,40.60991],[-79.84019,40.609477],[-79.841149,40.608636],[-79.841803,40.607818],[-79.842172,40.607587],[-79.841993,40.607048],[-79.841492,40.606614],[-79.841142,40.606482],[-79.84233,40.598512],[-79.827253,40.598875]]],[[[-79.832106,40.625981],[-79.831006,40.627634],[-79.831187,40.630424],[-79.832247,40.629979],[-79.832226,40.629165],[-79.832289,40.628952],[-79.833066,40.6284],[-79.832901,40.628008],[-79.832746,40.626656],[-79.832556,40.626518],[-79.832106,40.625981]]]]}},{"type":"Feature","properties":{"block_count":12,"land_area_km2":0.8094,"centroid":[-80.212922,40.377836],"bbox":[-80.222887,40.368967,-80.205091,40.385505],"boundary_source":"Approximate ZIP area: 2010 Census blocks grouped by their ZIP code (Allegheny County part only)","id":"zip-15082","name":"ZIP 15082 (McDonald)","zip":"15082","geography":"zip","level":"INSUFFICIENT DATA","anomaly_score":1.8142542821197587,"confidence":"LOW","case_id":"zipfile-15082","top_signal_headline":"Home values +21% vs. county +14%"},"geometry":{"type":"Polygon","coordinates":[[[-80.212726,40.375077],[-80.211468,40.376133],[-80.211136,40.374896],[-80.205091,40.38333],[-80.205442,40.384326],[-80.206683,40.385505],[-80.206877,40.385344],[-80.207308,40.38514],[-80.20771,40.385057],[-80.208126,40.385074],[-80.208456,40.385031],[-80.208902,40.385146],[-80.20929,40.384915],[-80.209742,40.384751],[-80.209893,40.384626],[-80.2099,40.384365],[-80.209799,40.383918],[-80.209907,40.383734],[-80.210245,40.383538],[-80.210495,40.383319],[-80.210603,40.383365],[-80.210682,40.383514],[-80.210884,40.383696],[-80.21102,40.383755],[-80.211279,40.383703],[-80.211652,40.383296],[-80.211979,40.382611],[-80.212578,40.382122],[-80.213173,40.38123],[-80.213482,40.380943],[-80.213992,40.380659],[-80.21461,40.380672],[-80.214911,40.380575],[-80.214976,40.380449],[-80.215098,40.379729],[-80.215313,40.379271],[-80.215528,40.378615],[-80.215815,40.378144],[-80.215894,40.377816],[-80.216001,40.377681],[-80.216239,40.377588],[-80.216303,40.377472],[-80.216203,40.377142],[-80.215887,40.376725],[-80.215714,40.37672],[-80.215376,40.376808],[-80.215262,40.376726],[-80.21529,40.376564],[-80.215448,40.376249],[-80.2158,40.375774],[-80.2159,40.3755],[-80.216006,40.375404],[-80.216452,40.375208],[-80.216661,40.375028],[-80.216633,40.374749],[-80.217365,40.37398],[-80.217631,40.373779],[-80.219074,40.373],[-80.220546,40.372915],[-80.221608,40.372796],[-80.222075,40.372714],[-80.222556,40.372514],[-80.222887,40.372721],[-80.220622,40.368967],[-80.220246,40.369123],[-80.219587,40.369627],[-80.219188,40.369825],[-80.218762,40.369911],[-80.218234,40.36989],[-80.21605,40.37229],[-80.212726,40.375077]]]}},{"type":"Feature","properties":{"block_count":446,"land_area_km2":72.0588,"centroid":[-79.802858,40.630141],"bbox":[-79.866031,40.561932,-79.74117,40.672274],"boundary_source":"Approximate ZIP area: 2010 Census blocks grouped by their ZIP code (Allegheny County part only)","id":"zip-15084","name":"ZIP 15084 (Tarentum)","zip":"15084","geography":"zip","level":"HIGH","anomaly_score":1.5253533202565215,"confidence":"HIGH","case_id":"zcase-017","top_signal_headline":"Sale prices +44% vs. county +19%"},"geometry":{"type":"Polygon","coordinates":[[[-79.743114,40.602765],[-79.744023,40.604082],[-79.744769,40.603786],[-79.751053,40.608855],[-79.752191,40.608838],[-79.752315,40.609011],[-79.752612,40.608847],[-79.752794,40.609085],[-79.753259,40.608876],[-79.753732,40.609527],[-79.754163,40.609877],[-79.755857,40.60903],[-79.757141,40.610729],[-79.756586,40.61182],[-79.756727,40.612279],[-79.75703,40.612943],[-79.757416,40.613554],[-79.757894,40.614089],[-79.758572,40.614721],[-79.758742,40.614802],[-79.759201,40.61521],[-79.755232,40.61784],[-79.75477,40.618056],[-79.754323,40.618162],[-79.756067,40.622197],[-79.756524,40.627496],[-79.758298,40.637261],[-79.756814,40.651666],[-79.758889,40.653987],[-79.759273,40.653972],[-79.759206,40.654394],[-79.755531,40.654628],[-79.757905,40.66126],[-79.758845,40.661134],[-79.759505,40.661172],[-79.75961,40.661587],[-79.759929,40.662393],[-79.760052,40.66289],[-79.760168,40.663898],[-79.760338,40.664383],[-79.761356,40.665685],[-79.762632,40.667006],[-79.763006,40.6675],[-79.763298,40.668045],[-79.763903,40.669469],[-79.764019,40.670219],[-79.76414,40.670497],[-79.765343,40.670596],[-79.779893,40.671182],[-79.78518,40.671505],[-79.797546,40.671904],[-79.798519,40.672033],[-79.798993,40.671979],[-79.808991,40.672158],[-79.811838,40.672255],[-79.816142,40.671808],[-79.825406,40.671201],[-79.828636,40.671073],[-79.833048,40.671432],[-79.842697,40.671878],[-79.851548,40.672166],[-79.862427,40.672274],[-79.866027,40.672264],[-79.866031,40.672008],[-79.865812,40.671875],[-79.86544,40.671038],[-79.865066,40.670499],[-79.865041,40.670332],[-79.865284,40.669316],[-79.865292,40.66843],[-79.865233,40.668144],[-79.864201,40.666611],[-79.863424,40.665723],[-79.863288,40.665471],[-79.863303,40.663793],[-79.863377,40.663657],[-79.864001,40.663199],[-79.864094,40.663045],[-79.864148,40.66276],[-79.864042,40.662334],[-79.863513,40.661543],[-79.863347,40.661122],[-79.863346,40.659886],[-79.8636,40.659814],[-79.863599,40.659717],[-79.863402,40.659406],[-79.862545,40.658411],[-79.861582,40.657078],[-79.860146,40.654445],[-79.859419,40.652753],[-79.85938,40.652165],[-79.859535,40.650984],[-79.859443,40.650201],[-79.859763,40.649011],[-79.860091,40.648536],[-79.860083,40.648317],[-79.859594,40.647785],[-79.859186,40.647747],[-79.858219,40.647506],[-79.857945,40.647363],[-79.857628,40.646891],[-79.857166,40.64643],[-79.856906,40.646232],[-79.855926,40.64575],[-79.855449,40.645409],[-79.854988,40.644904],[-79.854324,40.644322],[-79.853617,40.643411],[-79.85229,40.642423],[-79.851428,40.641614],[-79.852198,40.641346],[-79.853294,40.64111],[-79.854892,40.641075],[-79.856997,40.641203],[-79.858794,40.640717],[-79.860296,40.640467],[-79.860154,40.640241],[-79.858974,40.638867],[-79.857905,40.63739],[-79.857612,40.637099],[-79.856511,40.636212],[-79.856383,40.635993],[-79.8562,40.635224],[-79.855835,40.634683],[-79.857377,40.63421],[-79.85809,40.634041],[-79.863072,40.630829],[-79.860557,40.627845],[-79.860156,40.625502],[-79.858393,40.625783],[-79.85773,40.626072],[-79.857293,40.626352],[-79.855978,40.628364],[-79.855906,40.628683],[-79.855962,40.629919],[-79.855905,40.630085],[-79.854728,40.631217],[-79.854127,40.632497],[-79.854019,40.632637],[-79.853892,40.632701],[-79.854091,40.632131],[-79.854033,40.631774],[-79.853647,40.631187],[-79.853282,40.630856],[-79.852035,40.630059],[-79.851386,40.629767],[-79.849774,40.628811],[-79.848083,40.627976],[-79.846313,40.626654],[-79.844656,40.625869],[-79.842394,40.62519],[-79.841953,40.624975],[-79.841899,40.625081],[-79.841478,40.624926],[-79.840402,40.624226],[-79.839851,40.623695],[-79.839469,40.623412],[-79.838593,40.62295],[-79.837889,40.622768],[-79.837405,40.622712],[-79.836575,40.622722],[-79.836393,40.622636],[-79.834226,40.62059],[-79.833577,40.619498],[-79.833506,40.620469],[-79.833668,40.622082],[-79.833521,40.622549],[-79.833046,40.623142],[-79.831471,40.618215],[-79.831373,40.617706],[-79.831406,40.616583],[-79.831801,40.61491],[-79.831934,40.613973],[-79.83192,40.612939],[-79.831725,40.611831],[-79.831202,40.610435],[-79.830819,40.60974],[-79.829563,40.607831],[-79.829161,40.606711],[-79.828183,40.603328],[-79.826794,40.600529],[-79.826524,40.599796],[-79.826471,40.599356],[-79.826493,40.598898],[-79.812592,40.599263],[-79.812218,40.590269],[-79.812214,40.588564],[-79.812067,40.58728],[-79.81214,40.584516],[-79.811632,40.571941],[-79.811297,40.561932],[-79.806383,40.562058],[-79.801562,40.56226],[-79.799183,40.562267],[-79.784406,40.562613],[-79.783749,40.562667],[-79.775699,40.562828],[-79.779331,40.570194],[-79.779727,40.571386],[-79.780198,40.572559],[-79.780676,40.573508],[-79.78092,40.573626],[-79.782648,40.573619],[-79.782242,40.573906],[-79.781624,40.573981],[-79.781482,40.574049],[-79.781376,40.574209],[-79.781414,40.574386],[-79.781657,40.574534],[-79.782554,40.574521],[-79.78358,40.5747],[-79.783514,40.574992],[-79.783483,40.57569],[-79.783858,40.575709],[-79.784381,40.575592],[-79.784842,40.576346],[-79.78498,40.576688],[-79.784992,40.577042],[-79.784892,40.577392],[-79.78416,40.578728],[-79.783816,40.579234],[-79.783329,40.579764],[-79.782704,40.580291],[-79.780845,40.581483],[-79.78112,40.58149],[-79.781731,40.581346],[-79.78204,40.581195],[-79.782099,40.581301],[-79.782041,40.581455],[-79.783693,40.580276],[-79.784285,40.579725],[-79.784689,40.579272],[-79.785073,40.578751],[-79.785503,40.577994],[-79.787243,40.574231],[-79.78771,40.573442],[-79.787944,40.575567],[-79.788122,40.583363],[-79.790751,40.583296],[-79.791848,40.582969],[-79.793101,40.582858],[-79.793707,40.582982],[-79.79537,40.583152],[-79.795735,40.583303],[-79.796102,40.583532],[-79.796437,40.590122],[-79.790947,40.590235],[-79.791447,40.590649],[-79.79223,40.591089],[-79.79284,40.591676],[-79.793258,40.592204],[-79.793824,40.592398],[-79.793718,40.592513],[-79.793664,40.592539],[-79.793075,40.59229],[-79.792873,40.592114],[-79.792542,40.591669],[-79.792283,40.59145],[-79.792002,40.591241],[-79.791368,40.59095],[-79.790536,40.590202],[-79.789783,40.590144],[-79.788472,40.59014],[-79.789116,40.605965],[-79.781289,40.606054],[-79.780797,40.605028],[-79.78068,40.604284],[-79.78055,40.603926],[-79.780262,40.603552],[-79.779648,40.602927],[-79.779056,40.601622],[-79.778703,40.600609],[-79.778763,40.599938],[-79.778651,40.59919],[-79.778484,40.598842],[-79.778269,40.598699],[-79.77783,40.598634],[-79.777282,40.598244],[-79.77711,40.597969],[-79.777002,40.597629],[-79.776973,40.59728],[-79.771331,40.59452],[-79.77211,40.592982],[-79.772889,40.591852],[-79.774039,40.590648],[-79.776752,40.588147],[-79.776645,40.587619],[-79.77628,40.587417],[-79.776058,40.587849],[-79.775638,40.588391],[-79.771661,40.592128],[-79.76901,40.594878],[-79.767499,40.596166],[-79.766145,40.597233],[-79.765534,40.596701],[-79.764001,40.592735],[-79.76377,40.592966],[-79.75747,40.595966],[-79.754571,40.597089],[-79.749187,40.59897],[-79.74117,40.600666],[-79.743519,40.602708],[-79.743114,40.602765]],[[-79.833066,40.6284],[-79.832289,40.628952],[-79.832226,40.629165],[-79.832247,40.629979],[-79.831187,40.630424],[-79.831006,40.627634],[-79.832106,40.625981],[-79.832556,40.626518],[-79.832746,40.626656],[-79.832901,40.628008],[-79.833066,40.6284]]]}},{"type":"Feature","properties":{"block_count":16,"land_area_km2":0.6133,"centroid":[-79.769444,40.382759],"bbox":[-79.775022,40.375419,-79.762068,40.3928],"boundary_source":"Approximate ZIP area: 2010 Census blocks grouped by their ZIP code (Allegheny County part only)","id":"zip-15085","name":"ZIP 15085","zip":"15085","geography":"zip","level":"INSUFFICIENT DATA","anomaly_score":null,"confidence":"LOW","case_id":"zipfile-15085","top_signal_headline":null},"geometry":{"type":"Polygon","coordinates":[[[-79.767562,40.381664],[-79.767491,40.381815],[-79.76747,40.381767],[-79.767377,40.38176],[-79.767136,40.381799],[-79.767299,40.38214],[-79.766164,40.383842],[-79.766081,40.384115],[-79.765943,40.384188],[-79.764868,40.383969],[-79.764274,40.384066],[-79.763383,40.385547],[-79.764322,40.386512],[-79.764396,40.387234],[-79.764497,40.387428],[-79.764464,40.387569],[-79.764572,40.387728],[-79.765008,40.38898],[-79.76506,40.389385],[-79.765137,40.389468],[-79.765057,40.389819],[-79.764646,40.390346],[-79.76389,40.391118],[-79.762068,40.392768],[-79.762104,40.3928],[-79.76208,40.392762],[-79.765734,40.391198],[-79.766023,40.390769],[-79.765829,40.389217],[-79.765481,40.3883],[-79.765103,40.387524],[-79.765306,40.387463],[-79.76556,40.387499],[-79.766067,40.387886],[-79.766518,40.387978],[-79.766835,40.387942],[-79.766983,40.387696],[-79.767014,40.387474],[-79.767686,40.387775],[-79.768298,40.388534],[-79.767808,40.38715],[-79.767707,40.386461],[-79.767987,40.386721],[-79.768503,40.387884],[-79.769288,40.388434],[-79.768535,40.387087],[-79.768172,40.386566],[-79.767938,40.386284],[-79.766503,40.385029],[-79.766201,40.384418],[-79.768068,40.384251],[-79.77202,40.385558],[-79.773478,40.383041],[-79.775022,40.37906],[-79.773066,40.378121],[-79.772993,40.37802],[-79.772764,40.37666],[-79.771082,40.375419],[-79.768153,40.380382],[-79.767562,40.381664]]]}},{"type":"Feature","properties":{"block_count":40,"land_area_km2":3.1049,"centroid":[-80.089521,40.660751],"bbox":[-80.114969,40.645269,-80.069887,40.674004],"boundary_source":"Approximate ZIP area: 2010 Census blocks grouped by their ZIP code (Allegheny County part only)","id":"zip-15086","name":"ZIP 15086","zip":"15086","geography":"zip","level":"INSUFFICIENT DATA","anomaly_score":1.263416598990343,"confidence":"LOW","case_id":"zipfile-15086","top_signal_headline":"Sale prices +31% vs. county +19%"},"geometry":{"type":"Polygon","coordinates":[[[-80.090676,40.660821],[-80.094321,40.662504],[-80.094426,40.662681],[-80.0951,40.663106],[-80.096054,40.663963],[-80.096457,40.664485],[-80.096763,40.664989],[-80.097954,40.667261],[-80.098082,40.667258],[-80.101542,40.674004],[-80.11326,40.673869],[-80.114712,40.671846],[-80.114969,40.671205],[-80.114913,40.669553],[-80.114847,40.669084],[-80.114551,40.668419],[-80.114045,40.667829],[-80.1136,40.667506],[-80.113083,40.667253],[-80.112205,40.667049],[-80.111538,40.667041],[-80.110938,40.667136],[-80.110266,40.667335],[-80.10978,40.667558],[-80.108441,40.666462],[-80.108294,40.666405],[-80.108129,40.666405],[-80.107988,40.666459],[-80.107865,40.666591],[-80.10792,40.667057],[-80.107874,40.667183],[-80.107735,40.667266],[-80.107388,40.667324],[-80.10718,40.667459],[-80.107221,40.667909],[-80.107009,40.668404],[-80.106854,40.668559],[-80.106869,40.668615],[-80.10625,40.669445],[-80.104867,40.668868],[-80.104353,40.668552],[-80.102938,40.667244],[-80.102632,40.66715],[-80.102147,40.667148],[-80.101946,40.666477],[-80.101275,40.665788],[-80.100961,40.665361],[-80.100748,40.663119],[-80.100543,40.662727],[-80.09872,40.661466],[-80.095487,40.658952],[-80.093984,40.657904],[-80.093545,40.657423],[-80.093345,40.656849],[-80.093376,40.656434],[-80.094739,40.652501],[-80.095166,40.651591],[-80.096266,40.650185],[-80.096527,40.64964],[-80.096724,40.648989],[-80.095092,40.649447],[-80.094266,40.649872],[-80.094034,40.650048],[-80.094253,40.650108],[-80.093863,40.650476],[-80.093515,40.650961],[-80.092479,40.65298],[-80.091865,40.654048],[-80.091475,40.654625],[-80.09101,40.65501],[-80.09041,40.655261],[-80.089737,40.65535],[-80.086877,40.65518],[-80.071225,40.645556],[-80.070493,40.6462],[-80.070092,40.64591],[-80.070017,40.645339],[-80.069887,40.645269],[-80.0703,40.653452],[-80.071502,40.653603],[-80.07205,40.652608],[-80.078149,40.653179],[-80.07789,40.653272],[-80.077805,40.653349],[-80.077781,40.653497],[-80.077873,40.653591],[-80.077029,40.653788],[-80.075385,40.654019],[-80.074444,40.653986],[-80.074407,40.654125],[-80.074468,40.654816],[-80.074252,40.655371],[-80.073145,40.655182],[-80.071713,40.655015],[-80.070385,40.654917],[-80.071204,40.670159],[-80.072036,40.668878],[-80.07259,40.66781],[-80.072904,40.666734],[-80.073145,40.666341],[-80.073181,40.666001],[-80.073011,40.665219],[-80.073068,40.664624],[-80.073172,40.664338],[-80.07333,40.664066],[-80.073661,40.663699],[-80.075453,40.662482],[-80.075781,40.662099],[-80.076037,40.661449],[-80.076102,40.661127],[-80.076023,40.658575],[-80.076083,40.65826],[-80.077119,40.656751],[-80.07744,40.656422],[-80.077973,40.656003],[-80.07874,40.656109],[-80.080402,40.656466],[-80.08217,40.657011],[-80.083477,40.657536],[-80.090676,40.660821]]]}},{"type":"Feature","properties":{"block_count":49,"land_area_km2":0.5211,"centroid":[-79.895734,40.272222],"bbox":[-79.905837,40.267161,-79.886293,40.278288],"boundary_source":"Approximate ZIP area: 2010 Census blocks grouped by their ZIP code (Allegheny County part only)","id":"zip-15088","name":"ZIP 15088 (West Elizabeth)","zip":"15088","geography":"zip","level":"INSUFFICIENT DATA","anomaly_score":3.0409577240798455,"confidence":"LOW","case_id":"zipfile-15088","top_signal_headline":"Home values +3% vs. county +14%"},"geometry":{"type":"Polygon","coordinates":[[[-79.899776,40.269112],[-79.897369,40.267161],[-79.894969,40.268923],[-79.892822,40.270782],[-79.890067,40.273072],[-79.888966,40.274045],[-79.888156,40.274933],[-79.887081,40.275929],[-79.886293,40.276917],[-79.887357,40.277769],[-79.887886,40.278288],[-79.888367,40.277872],[-79.890166,40.276695],[-79.894562,40.27438],[-79.894841,40.274356],[-79.89655,40.273876],[-79.898174,40.272997],[-79.899964,40.272114],[-79.900347,40.272077],[-79.900531,40.271985],[-79.902731,40.273378],[-79.903244,40.273551],[-79.904271,40.273722],[-79.904778,40.27391],[-79.905138,40.27424],[-79.905468,40.274788],[-79.905837,40.274657],[-79.905746,40.274324],[-79.904652,40.273261],[-79.904198,40.271885],[-79.901132,40.271914],[-79.900848,40.271626],[-79.901239,40.271381],[-79.903534,40.270302],[-79.903969,40.270149],[-79.90453,40.26984],[-79.901535,40.26803],[-79.89987,40.269201],[-79.899776,40.269112]]]}},{"type":"Feature","properties":{"block_count":364,"land_area_km2":54.7001,"centroid":[-80.069337,40.62617],"bbox":[-80.142933,40.583711,-80.013248,40.668972],"boundary_source":"Approximate ZIP area: 2010 Census blocks grouped by their ZIP code (Allegheny County part only)","id":"zip-15090","name":"ZIP 15090 (Wexford)","zip":"15090","geography":"zip","level":"MEDIUM","anomaly_score":1.2203649532844207,"confidence":"HIGH","case_id":"zcase-028","top_signal_headline":"Rents +8% vs. county +14%"},"geometry":{"type":"Polygon","coordinates":[[[-80.067256,40.595162],[-80.067211,40.594247],[-80.066594,40.594358],[-80.065974,40.594337],[-80.061567,40.593333],[-80.055215,40.592393],[-80.054506,40.592211],[-80.054048,40.592009],[-80.053202,40.59148],[-80.050135,40.589395],[-80.048756,40.588266],[-80.046821,40.586963],[-80.046598,40.586845],[-80.04639,40.586795],[-80.045648,40.586799],[-80.045313,40.586255],[-80.045047,40.586008],[-80.044723,40.585794],[-80.044132,40.585997],[-80.043815,40.586035],[-80.04365,40.585969],[-80.04339,40.585695],[-80.042483,40.585557],[-80.042332,40.585596],[-80.041647,40.58632],[-80.041366,40.586381],[-80.041093,40.586381],[-80.037866,40.585644],[-80.037563,40.58571],[-80.037253,40.586204],[-80.033451,40.585423],[-80.030872,40.585],[-80.030512,40.585005],[-80.030015,40.585115],[-80.029777,40.585032],[-80.029254,40.584944],[-80.028726,40.584261],[-80.028596,40.584189],[-80.027951,40.584228],[-80.028206,40.584173],[-80.028145,40.584023],[-80.026314,40.583808],[-80.026073,40.583712],[-80.025903,40.583745],[-80.025781,40.583711],[-80.020833,40.584205],[-80.020832,40.584499],[-80.020231,40.584503],[-80.020125,40.584802],[-80.019568,40.585346],[-80.019165,40.585441],[-80.018849,40.585471],[-80.017727,40.585034],[-80.01773,40.587029],[-80.016792,40.58737],[-80.017454,40.588225],[-80.019632,40.588653],[-80.014713,40.591609],[-80.015086,40.591793],[-80.016402,40.591046],[-80.016728,40.591325],[-80.017185,40.591463],[-80.017845,40.591578],[-80.017672,40.591843],[-80.017391,40.592002],[-80.017031,40.592101],[-80.016065,40.592133],[-80.01559,40.592336],[-80.015395,40.592342],[-80.0151,40.592281],[-80.014556,40.592426],[-80.01465,40.5928],[-80.014428,40.593089],[-80.014766,40.593195],[-80.014889,40.593793],[-80.015014,40.594023],[-80.01552,40.594624],[-80.016061,40.595042],[-80.017322,40.595887],[-80.018597,40.59698],[-80.018978,40.597431],[-80.019718,40.598475],[-80.020684,40.599378],[-80.021088,40.599839],[-80.0214,40.600341],[-80.02197,40.601564],[-80.022424,40.60361],[-80.022782,40.604547],[-80.02293,40.604893],[-80.023267,40.605257],[-80.023533,40.60544],[-80.023892,40.605594],[-80.02458,40.605745],[-80.025307,40.605671],[-80.026596,40.605203],[-80.027049,40.605126],[-80.027632,40.605194],[-80.028066,40.605393],[-80.028278,40.605572],[-80.028503,40.605937],[-80.028547,40.606144],[-80.028543,40.606323],[-80.02828,40.607052],[-80.028269,40.607233],[-80.028369,40.607461],[-80.028923,40.608048],[-80.029096,40.608401],[-80.029307,40.609405],[-80.029564,40.611145],[-80.029803,40.611972],[-80.029845,40.612305],[-80.029721,40.612797],[-80.029375,40.613474],[-80.029019,40.613705],[-80.028531,40.613823],[-80.027539,40.613419],[-80.01978,40.613611],[-80.020139,40.613945],[-80.021849,40.615256],[-80.022218,40.615612],[-80.022628,40.616129],[-80.024332,40.618765],[-80.024585,40.619238],[-80.024768,40.619681],[-80.025393,40.621712],[-80.025388,40.623242],[-80.025487,40.624944],[-80.025456,40.625283],[-80.025224,40.625937],[-80.023988,40.627845],[-80.023901,40.628064],[-80.02347,40.627952],[-80.022952,40.627664],[-80.022586,40.627526],[-80.020335,40.627206],[-80.020902,40.629805],[-80.02529,40.641375],[-80.023842,40.641064],[-80.013248,40.639208],[-80.01817,40.644315],[-80.019029,40.644373],[-80.019772,40.644352],[-80.020508,40.64427],[-80.026556,40.643075],[-80.027544,40.643026],[-80.028434,40.643091],[-80.028472,40.64319],[-80.029288,40.643357],[-80.029362,40.643615],[-80.029647,40.64406],[-80.029984,40.644291],[-80.030096,40.644593],[-80.030269,40.644858],[-80.030263,40.644914],[-80.029834,40.645224],[-80.033514,40.647769],[-80.03697,40.650389],[-80.037581,40.650917],[-80.03783,40.651215],[-80.038115,40.651856],[-80.038137,40.652449],[-80.037156,40.655808],[-80.036801,40.6564],[-80.035631,40.657512],[-80.03501,40.658225],[-80.03351,40.661334],[-80.032825,40.662916],[-80.032722,40.66386],[-80.032642,40.665497],[-80.032861,40.668807],[-80.032637,40.668972],[-80.033342,40.668949],[-80.036072,40.668402],[-80.038966,40.667679],[-80.040537,40.667099],[-80.040874,40.666793],[-80.041222,40.665824],[-80.041879,40.664765],[-80.041922,40.664583],[-80.041838,40.663795],[-80.041929,40.663544],[-80.042077,40.663401],[-80.043693,40.662454],[-80.044821,40.661403],[-80.046455,40.660804],[-80.047735,40.659899],[-80.048162,40.659445],[-80.04826,40.659768],[-80.048184,40.660256],[-80.047467,40.661461],[-80.047313,40.661937],[-80.047188,40.664143],[-80.047301,40.664455],[-80.047492,40.664616],[-80.047682,40.664686],[-80.048776,40.664879],[-80.050209,40.665289],[-80.050458,40.665517],[-80.050527,40.665803],[-80.059717,40.664039],[-80.060781,40.652715],[-80.060047,40.652622],[-80.059206,40.652582],[-80.054358,40.652556],[-80.054412,40.652469],[-80.059177,40.65249],[-80.060018,40.652526],[-80.060751,40.652618],[-80.061939,40.652882],[-80.068135,40.654627],[-80.067888,40.65342],[-80.0703,40.653452],[-80.069887,40.645269],[-80.070017,40.645339],[-80.070092,40.64591],[-80.070493,40.6462],[-80.071225,40.645556],[-80.086877,40.65518],[-80.089737,40.65535],[-80.09041,40.655261],[-80.09101,40.65501],[-80.091475,40.654625],[-80.091865,40.654048],[-80.092479,40.65298],[-80.093515,40.650961],[-80.093863,40.650476],[-80.094253,40.650108],[-80.094034,40.650048],[-80.094266,40.649872],[-80.095092,40.649447],[-80.096724,40.648989],[-80.096527,40.64964],[-80.096266,40.650185],[-80.095283,40.65142],[-80.094968,40.651947],[-80.093432,40.656246],[-80.093346,40.656625],[-80.093376,40.657029],[-80.093545,40.657423],[-80.093984,40.657904],[-80.095487,40.658952],[-80.097719,40.66072],[-80.097895,40.660595],[-80.098043,40.660392],[-80.098127,40.659729],[-80.098407,40.65914],[-80.098801,40.658731],[-80.099194,40.658518],[-80.099602,40.658479],[-80.099936,40.658634],[-80.09972,40.658959],[-80.099717,40.659364],[-80.099875,40.659617],[-80.100084,40.659755],[-80.100293,40.659824],[-80.102254,40.659856],[-80.102649,40.659725],[-80.102957,40.659387],[-80.103105,40.659479],[-80.103341,40.65975],[-80.103386,40.659978],[-80.103291,40.660233],[-80.102927,40.660571],[-80.102539,40.660787],[-80.102168,40.6609],[-80.101801,40.660948],[-80.101005,40.660948],[-80.100745,40.661],[-80.100425,40.661225],[-80.100351,40.661356],[-80.100342,40.661573],[-80.108151,40.661329],[-80.110087,40.661349],[-80.110511,40.661198],[-80.11167,40.660262],[-80.112201,40.660002],[-80.113405,40.659697],[-80.1147,40.659568],[-80.115105,40.659634],[-80.115679,40.659839],[-80.117319,40.660718],[-80.117884,40.660931],[-80.128033,40.660679],[-80.128288,40.660726],[-80.128519,40.660827],[-80.129111,40.66124],[-80.129791,40.661567],[-80.130371,40.661751],[-80.130801,40.661794],[-80.131138,40.661523],[-80.132609,40.660845],[-80.132992,40.660411],[-80.132104,40.65261],[-80.128739,40.652297],[-80.12257,40.649001],[-80.12165,40.649534],[-80.118348,40.651042],[-80.117772,40.651256],[-80.117107,40.651399],[-80.116649,40.651441],[-80.116007,40.651422],[-80.112994,40.651105],[-80.112574,40.650968],[-80.11206,40.650659],[-80.111825,40.650422],[-80.11165,40.650153],[-80.116237,40.649985],[-80.116693,40.647842],[-80.116273,40.647408],[-80.116205,40.647105],[-80.116555,40.64594],[-80.116927,40.645112],[-80.116946,40.644218],[-80.116868,40.643763],[-80.116687,40.643478],[-80.116491,40.642963],[-80.116479,40.642796],[-80.116868,40.642531],[-80.116925,40.642441],[-80.11698,40.642078],[-80.116939,40.641699],[-80.116972,40.641245],[-80.117122,40.640883],[-80.117105,40.640546],[-80.11663,40.639547],[-80.116347,40.63926],[-80.116217,40.638904],[-80.116297,40.638474],[-80.116634,40.637588],[-80.116952,40.637037],[-80.117181,40.636201],[-80.117228,40.635359],[-80.116865,40.634659],[-80.116843,40.634118],[-80.116877,40.634018],[-80.117264,40.633813],[-80.117433,40.63366],[-80.11746,40.632926],[-80.117684,40.632051],[-80.117755,40.631906],[-80.118235,40.631367],[-80.118429,40.630974],[-80.118992,40.630447],[-80.119007,40.630235],[-80.119271,40.629746],[-80.120542,40.628709],[-80.121981,40.627104],[-80.122763,40.626597],[-80.124781,40.625431],[-80.125949,40.625067],[-80.127029,40.624901],[-80.12838,40.624532],[-80.12874,40.624484],[-80.129498,40.624512],[-80.129926,40.624481],[-80.130256,40.624423],[-80.131293,40.624094],[-80.132611,40.623908],[-80.133188,40.62362],[-80.133959,40.623091],[-80.134316,40.622934],[-80.134629,40.622856],[-80.13497,40.62282],[-80.135399,40.622852],[-80.136098,40.622821],[-80.136814,40.622652],[-80.13823,40.622811],[-80.138668,40.62278],[-80.13924,40.622667],[-80.139476,40.621519],[-80.13932,40.620485],[-80.139365,40.620012],[-80.139632,40.619465],[-80.139804,40.618923],[-80.141014,40.617536],[-80.141447,40.616863],[-80.141926,40.616313],[-80.142676,40.61529],[-80.142933,40.614807],[-80.095701,40.615772],[-80.093676,40.599999],[-80.093638,40.599115],[-80.093721,40.598022],[-80.093834,40.59744],[-80.094099,40.59658],[-80.094539,40.59555],[-80.093549,40.595627],[-80.092922,40.595611],[-80.092497,40.595534],[-80.091913,40.595276],[-80.091186,40.595062],[-80.090753,40.594815],[-80.089348,40.5942],[-80.08821,40.593843],[-80.087662,40.593821],[-80.086787,40.593939],[-80.085718,40.594151],[-80.084644,40.594454],[-80.084061,40.594481],[-80.083621,40.594635],[-80.083283,40.59469],[-80.082008,40.59435],[-80.080826,40.593839],[-80.079572,40.593395],[-80.079392,40.593373],[-80.07914,40.593411],[-80.078924,40.593378],[-80.078463,40.593071],[-80.077872,40.592835],[-80.076993,40.592286],[-80.07664,40.592181],[-80.076547,40.59222],[-80.076158,40.592236],[-80.075985,40.592302],[-80.075656,40.592587],[-80.075365,40.592725],[-80.074263,40.592835],[-80.073694,40.592824],[-80.073399,40.592862],[-80.073017,40.592819],[-80.0727,40.592879],[-80.071778,40.593236],[-80.071007,40.59339],[-80.070813,40.593472],[-80.070128,40.593978],[-80.069451,40.594159],[-80.068904,40.594527],[-80.068219,40.594719],[-80.067636,40.595032],[-80.067256,40.595162]],[[-80.087859,40.634602],[-80.087929,40.634783],[-80.088011,40.634853],[-80.088694,40.634986],[-80.088739,40.635803],[-80.096047,40.635506],[-80.096534,40.637835],[-80.096522,40.638332],[-80.08885,40.638616],[-80.088889,40.639973],[-80.089752,40.640391],[-80.088655,40.641633],[-80.087927,40.642309],[-80.085579,40.644026],[-80.084643,40.64485],[-80.084155,40.645214],[-80.083113,40.645729],[-80.083099,40.64606],[-80.081651,40.645925],[-80.08057,40.645662],[-80.079649,40.645061],[-80.079582,40.642329],[-80.069778,40.642567],[-80.069356,40.632872],[-80.070928,40.632862],[-80.07893,40.632606],[-80.078967,40.631663],[-80.078735,40.629645],[-80.084227,40.629515],[-80.088412,40.629308],[-80.088647,40.63413],[-80.088115,40.634495],[-80.087859,40.634602]]]}},{"type":"Feature","properties":{"block_count":384,"land_area_km2":52.3453,"centroid":[-79.954918,40.580457],"bbox":[-80.029837,40.53206,-79.871433,40.613848],"boundary_source":"Approximate ZIP area: 2010 Census blocks grouped by their ZIP code (Allegheny County part only)","id":"zip-15101","name":"ZIP 15101 (Allison Park)","zip":"15101","geography":"zip","level":"LOW","anomaly_score":0.4690036793187918,"confidence":"HIGH","case_id":"zipfile-15101","top_signal_headline":null},"geometry":{"type":"Polygon","coordinates":[[[-79.947147,40.604372],[-79.947185,40.603462],[-79.946811,40.603246],[-79.946389,40.603248],[-79.946387,40.60312],[-79.94649,40.602227],[-79.947264,40.602217],[-79.947469,40.599579],[-79.949058,40.600109],[-79.950266,40.600594],[-79.95042,40.599577],[-79.950795,40.599308],[-79.951109,40.598817],[-79.951967,40.597763],[-79.952421,40.597358],[-79.952404,40.597051],[-79.952548,40.596793],[-79.953377,40.59625],[-79.953478,40.596118],[-79.953603,40.595725],[-79.955544,40.59624],[-79.956984,40.597878],[-79.961379,40.596132],[-79.961748,40.595],[-79.962524,40.595025],[-79.963188,40.593607],[-79.966444,40.593706],[-79.970863,40.593941],[-79.972506,40.593957],[-79.972535,40.59365],[-79.974061,40.593226],[-79.974771,40.592919],[-79.975146,40.592995],[-79.975264,40.593091],[-79.975553,40.593561],[-79.975599,40.593945],[-79.976735,40.594013],[-79.977061,40.594106],[-79.977463,40.594393],[-79.978694,40.595458],[-79.978784,40.595254],[-79.97868,40.594997],[-79.978474,40.594684],[-79.977873,40.59408],[-79.977843,40.593932],[-79.977922,40.593212],[-79.978747,40.592949],[-79.979035,40.592905],[-79.979136,40.592932],[-79.979388,40.593124],[-79.979706,40.593415],[-79.980153,40.593997],[-79.980477,40.594217],[-79.980506,40.594316],[-79.980268,40.594848],[-79.980247,40.595107],[-79.980326,40.595315],[-79.980488,40.595516],[-79.982243,40.594873],[-79.983276,40.594614],[-79.983532,40.594635],[-79.984226,40.594928],[-79.98442,40.594919],[-79.984576,40.594822],[-79.984862,40.594939],[-79.985347,40.594275],[-79.986174,40.593479],[-79.987247,40.592863],[-79.988515,40.592489],[-79.988695,40.592462],[-79.988853,40.592506],[-79.988998,40.592742],[-79.989113,40.592813],[-79.989329,40.592829],[-79.989711,40.592763],[-79.990107,40.592851],[-79.990403,40.593109],[-79.990525,40.593483],[-79.990189,40.583341],[-79.990762,40.583358],[-79.991544,40.583561],[-79.991721,40.583481],[-79.991845,40.583323],[-79.992011,40.583689],[-79.992169,40.583848],[-79.996556,40.586769],[-79.998857,40.587105],[-79.998908,40.587354],[-79.99839,40.587727],[-79.99819,40.587938],[-79.998024,40.588218],[-79.997248,40.58986],[-79.996966,40.590885],[-79.996913,40.591513],[-79.997001,40.597015],[-79.997343,40.596963],[-79.997925,40.597626],[-79.998402,40.597766],[-79.998838,40.59797],[-79.999778,40.598586],[-80.000125,40.598994],[-80.000861,40.600041],[-80.000957,40.600353],[-80.000966,40.600999],[-80.000722,40.60201],[-80.000631,40.602134],[-80.000089,40.602484],[-80.001237,40.604347],[-80.002647,40.606426],[-80.002831,40.606782],[-80.003076,40.60753],[-80.003271,40.607876],[-80.0036,40.608156],[-80.004872,40.608734],[-80.005196,40.608781],[-80.007217,40.608707],[-80.007713,40.60873],[-80.00818,40.608853],[-80.008392,40.608953],[-80.008752,40.60921],[-80.008893,40.609367],[-80.01053,40.612004],[-80.010524,40.612409],[-80.010227,40.613346],[-80.010149,40.613848],[-80.027539,40.613419],[-80.028531,40.613823],[-80.029019,40.613705],[-80.029375,40.613474],[-80.029498,40.613305],[-80.029828,40.612471],[-80.029837,40.612138],[-80.029564,40.611145],[-80.029307,40.609405],[-80.029096,40.608401],[-80.028923,40.608048],[-80.028369,40.607461],[-80.028269,40.607233],[-80.02828,40.607052],[-80.028543,40.606323],[-80.028547,40.606144],[-80.028503,40.605937],[-80.028278,40.605572],[-80.028066,40.605393],[-80.027632,40.605194],[-80.027049,40.605126],[-80.026596,40.605203],[-80.025307,40.605671],[-80.02458,40.605745],[-80.023892,40.605594],[-80.023533,40.60544],[-80.023267,40.605257],[-80.02293,40.604893],[-80.022782,40.604547],[-80.022424,40.60361],[-80.02197,40.601564],[-80.0214,40.600341],[-80.021088,40.599839],[-80.020684,40.599378],[-80.019718,40.598475],[-80.018978,40.597431],[-80.018597,40.59698],[-80.017322,40.595887],[-80.016061,40.595042],[-80.01552,40.594624],[-80.015014,40.594023],[-80.014889,40.593793],[-80.014766,40.593195],[-80.014428,40.593089],[-80.01465,40.5928],[-80.014556,40.592426],[-80.0151,40.592281],[-80.015395,40.592342],[-80.01559,40.592336],[-80.016065,40.592133],[-80.017031,40.592101],[-80.017391,40.592002],[-80.017672,40.591843],[-80.017845,40.591578],[-80.017185,40.591463],[-80.016728,40.591325],[-80.016402,40.591046],[-80.015086,40.591793],[-80.014713,40.591609],[-80.019632,40.588653],[-80.017454,40.588225],[-80.016792,40.58737],[-80.01773,40.587029],[-80.017727,40.585034],[-80.018303,40.58526],[-80.018397,40.583449],[-80.019071,40.583408],[-80.019017,40.582822],[-80.019108,40.582663],[-80.019235,40.582581],[-80.021028,40.582444],[-80.021365,40.581568],[-80.021321,40.580069],[-80.02141,40.579994],[-80.021437,40.577613],[-80.01792,40.577608],[-80.017888,40.577126],[-80.014678,40.577202],[-80.014761,40.576156],[-80.01516,40.575839],[-80.016686,40.574254],[-80.016839,40.574041],[-80.016925,40.573805],[-80.016937,40.573427],[-80.016633,40.572776],[-80.01636,40.571854],[-80.016275,40.57105],[-80.016257,40.570194],[-80.016498,40.568183],[-80.016359,40.568277],[-80.015849,40.568379],[-80.015629,40.5685],[-80.015363,40.568982],[-80.015033,40.569286],[-80.014605,40.569421],[-80.013848,40.569462],[-80.013799,40.568807],[-80.013474,40.568831],[-80.012944,40.568778],[-80.012353,40.568814],[-80.012154,40.568735],[-80.012057,40.568634],[-80.012017,40.568498],[-80.012234,40.567279],[-80.008125,40.567407],[-80.006727,40.567366],[-80.005567,40.567148],[-80.000801,40.565829],[-80.000098,40.565779],[-79.999474,40.565877],[-79.999282,40.565802],[-79.999167,40.56559],[-79.999577,40.562842],[-79.999557,40.562253],[-79.999288,40.561237],[-79.998901,40.561256],[-79.997704,40.557616],[-79.996662,40.557883],[-79.993164,40.557768],[-79.993874,40.554004],[-79.991226,40.553997],[-79.988921,40.553938],[-79.988923,40.55398],[-79.982755,40.553975],[-79.982721,40.555152],[-79.979012,40.555134],[-79.979285,40.553796],[-79.971987,40.553932],[-79.971866,40.554154],[-79.971224,40.55414],[-79.971265,40.553466],[-79.969934,40.553251],[-79.968626,40.552783],[-79.96801,40.552331],[-79.968059,40.552295],[-79.968048,40.551786],[-79.964108,40.549216],[-79.963742,40.549455],[-79.962637,40.548445],[-79.961585,40.548832],[-79.960934,40.548862],[-79.960646,40.548922],[-79.960345,40.549096],[-79.959758,40.549797],[-79.959409,40.549736],[-79.959845,40.548767],[-79.960565,40.547582],[-79.961467,40.546527],[-79.962196,40.545867],[-79.962017,40.545693],[-79.962059,40.545576],[-79.962367,40.54544],[-79.962511,40.545323],[-79.962596,40.544984],[-79.963113,40.544574],[-79.963432,40.544154],[-79.963814,40.542973],[-79.963868,40.542544],[-79.963841,40.542275],[-79.963736,40.541928],[-79.963569,40.541646],[-79.961473,40.540372],[-79.961149,40.540112],[-79.960827,40.539698],[-79.960699,40.539085],[-79.960777,40.538626],[-79.96093,40.538306],[-79.961281,40.537915],[-79.96181,40.537532],[-79.962185,40.537306],[-79.962451,40.537216],[-79.962438,40.536847],[-79.952651,40.540079],[-79.952809,40.538732],[-79.952809,40.538137],[-79.952998,40.536704],[-79.952925,40.536192],[-79.953047,40.53597],[-79.953319,40.535782],[-79.951932,40.535785],[-79.949691,40.53588],[-79.949512,40.532661],[-79.949432,40.53206],[-79.948494,40.532078],[-79.946695,40.533021],[-79.946221,40.533438],[-79.94584,40.533486],[-79.944965,40.533928],[-79.943963,40.536484],[-79.942745,40.537103],[-79.942909,40.538015],[-79.941085,40.538405],[-79.941327,40.53989],[-79.941549,40.540372],[-79.941607,40.539354],[-79.94342,40.538831],[-79.943544,40.539624],[-79.943805,40.539618],[-79.943852,40.540427],[-79.943962,40.540606],[-79.944403,40.54095],[-79.944283,40.541211],[-79.943905,40.541677],[-79.943934,40.54181],[-79.94335,40.542208],[-79.942668,40.54393],[-79.940352,40.543863],[-79.940332,40.543557],[-79.940493,40.54329],[-79.939855,40.542642],[-79.938208,40.54342],[-79.938416,40.548346],[-79.93853,40.549855],[-79.93776,40.55045],[-79.937406,40.550653],[-79.936428,40.551109],[-79.935597,40.551346],[-79.935378,40.55145],[-79.935167,40.551605],[-79.934934,40.551884],[-79.934791,40.552373],[-79.938571,40.551272],[-79.938578,40.55067],[-79.938683,40.552627],[-79.93868,40.554047],[-79.936049,40.554114],[-79.936107,40.554286],[-79.935894,40.55418],[-79.935541,40.554181],[-79.935659,40.555907],[-79.936227,40.555894],[-79.9362,40.556418],[-79.935811,40.557764],[-79.935564,40.558071],[-79.93341,40.559961],[-79.933029,40.560565],[-79.932713,40.560926],[-79.932555,40.561062],[-79.93232,40.561173],[-79.931942,40.561247],[-79.932012,40.562239],[-79.931203,40.562347],[-79.930319,40.562614],[-79.929574,40.561355],[-79.929143,40.560935],[-79.928633,40.560659],[-79.928597,40.561016],[-79.928959,40.562354],[-79.929041,40.563441],[-79.928924,40.563838],[-79.928195,40.565082],[-79.928111,40.565469],[-79.928111,40.565783],[-79.927261,40.565678],[-79.925752,40.566029],[-79.925565,40.566128],[-79.9245,40.567063],[-79.924198,40.567235],[-79.923722,40.567323],[-79.923238,40.567521],[-79.922146,40.567713],[-79.920389,40.568346],[-79.920241,40.568217],[-79.920196,40.567817],[-79.91993,40.567427],[-79.919626,40.567258],[-79.91898,40.567044],[-79.918296,40.566537],[-79.917726,40.566221],[-79.917505,40.566173],[-79.917304,40.566181],[-79.917045,40.566274],[-79.91623,40.566975],[-79.915228,40.567494],[-79.915383,40.57793],[-79.913836,40.578319],[-79.912344,40.578632],[-79.911639,40.579198],[-79.910382,40.579515],[-79.909776,40.579783],[-79.908965,40.580343],[-79.907934,40.580901],[-79.907432,40.581323],[-79.906863,40.58126],[-79.905209,40.581224],[-79.904233,40.580976],[-79.90387,40.581105],[-79.90357,40.581283],[-79.903373,40.581494],[-79.902983,40.58218],[-79.902734,40.582743],[-79.902554,40.582978],[-79.902136,40.583305],[-79.901391,40.583779],[-79.900753,40.584299],[-79.900485,40.584422],[-79.898394,40.585094],[-79.897269,40.585777],[-79.895729,40.586324],[-79.895014,40.586472],[-79.894686,40.58644],[-79.893527,40.586489],[-79.892914,40.586434],[-79.891128,40.58651],[-79.890415,40.586433],[-79.889839,40.586663],[-79.889147,40.586822],[-79.888506,40.586811],[-79.887793,40.587046],[-79.887584,40.587189],[-79.887021,40.587699],[-79.886723,40.58809],[-79.885468,40.588098],[-79.886283,40.588601],[-79.885811,40.588737],[-79.885659,40.588742],[-79.88522,40.588632],[-79.884557,40.588379],[-79.8836,40.588115],[-79.882433,40.587725],[-79.882138,40.587736],[-79.88186,40.587908],[-79.879336,40.5872],[-79.878883,40.587333],[-79.877848,40.587525],[-79.877077,40.587787],[-79.876713,40.58797],[-79.876146,40.588356],[-79.876317,40.588886],[-79.876511,40.589182],[-79.876626,40.589495],[-79.876575,40.589902],[-79.876409,40.590368],[-79.876631,40.591873],[-79.876919,40.592109],[-79.877869,40.592626],[-79.879375,40.592995],[-79.880195,40.593522],[-79.880267,40.593665],[-79.880166,40.593802],[-79.879611,40.59422],[-79.879409,40.594428],[-79.878911,40.595202],[-79.878068,40.596294],[-79.877901,40.596876],[-79.877915,40.597217],[-79.877997,40.597478],[-79.871466,40.597693],[-79.871544,40.597834],[-79.871433,40.598092],[-79.873262,40.599609],[-79.873373,40.599941],[-79.873406,40.600528],[-79.873622,40.600959],[-79.873618,40.601114],[-79.873447,40.601445],[-79.873445,40.601613],[-79.873817,40.602218],[-79.874154,40.602645],[-79.874622,40.603002],[-79.875282,40.603316],[-79.875426,40.603454],[-79.87555,40.603912],[-79.875337,40.604605],[-79.87541,40.604733],[-79.875542,40.604758],[-79.876345,40.604678],[-79.876984,40.604747],[-79.877261,40.604916],[-79.87744,40.605157],[-79.87772,40.605334],[-79.877995,40.605641],[-79.878232,40.60574],[-79.878474,40.605693],[-79.878644,40.605417],[-79.878801,40.605335],[-79.879789,40.605357],[-79.880332,40.605259],[-79.880537,40.605284],[-79.880744,40.605403],[-79.881409,40.605966],[-79.882007,40.605884],[-79.882495,40.606026],[-79.882855,40.606045],[-79.88321,40.606172],[-79.88334,40.606342],[-79.88327,40.606646],[-79.883377,40.606706],[-79.883843,40.60664],[-79.884669,40.606342],[-79.884937,40.606373],[-79.885272,40.606319],[-79.88632,40.606058],[-79.887843,40.605451],[-79.888053,40.605408],[-79.888259,40.605423],[-79.888479,40.60558],[-79.888795,40.606477],[-79.889153,40.607157],[-79.889382,40.607381],[-79.890005,40.607684],[-79.890362,40.60777],[-79.890718,40.607759],[-79.891628,40.607538],[-79.892487,40.608183],[-79.893148,40.608902],[-79.893692,40.60973],[-79.894305,40.610308],[-79.894462,40.610603],[-79.894579,40.611042],[-79.894697,40.611274],[-79.894801,40.611342],[-79.895161,40.61149],[-79.896121,40.611585],[-79.896044,40.611265],[-79.89594,40.609753],[-79.895953,40.609329],[-79.89604,40.609055],[-79.89617,40.608851],[-79.897315,40.609084],[-79.897582,40.609164],[-79.898706,40.609719],[-79.899404,40.610164],[-79.899995,40.61068],[-79.900319,40.611257],[-79.900837,40.61196],[-79.900421,40.612767],[-79.900817,40.612965],[-79.901171,40.613234],[-79.901794,40.613358],[-79.902048,40.61204],[-79.902178,40.611867],[-79.903965,40.611165],[-79.9044,40.610915],[-79.904882,40.610863],[-79.905538,40.610602],[-79.905844,40.610375],[-79.906182,40.61002],[-79.906323,40.609675],[-79.906514,40.609475],[-79.907681,40.608674],[-79.908555,40.608257],[-79.910173,40.6071],[-79.910237,40.606858],[-79.910149,40.605063],[-79.916254,40.604915],[-79.919562,40.604786],[-79.926716,40.604607],[-79.927196,40.604636],[-79.928435,40.603832],[-79.928628,40.603634],[-79.930573,40.599826],[-79.940623,40.606363],[-79.941638,40.60691],[-79.942888,40.607328],[-79.943162,40.607097],[-79.943599,40.606826],[-79.945167,40.606091],[-79.945403,40.605779],[-79.945384,40.605141],[-79.945688,40.604822],[-79.946351,40.604501],[-79.946794,40.604384],[-79.947147,40.604372]],[[-80.004567,40.570205],[-80.004637,40.570379],[-80.004062,40.570987],[-80.004268,40.572314],[-80.004955,40.572694],[-80.005613,40.572872],[-80.006324,40.572926],[-80.007141,40.572804],[-80.008182,40.578666],[-80.008212,40.579368],[-80.007726,40.57943],[-80.005841,40.580032],[-80.004482,40.58057],[-80.004127,40.580786],[-80.000659,40.580875],[-80.000447,40.575021],[-80.000077,40.57466],[-80.000305,40.574522],[-80.000627,40.57417],[-80.001087,40.573153],[-80.002026,40.571668],[-80.002411,40.571137],[-80.003417,40.569943],[-80.003902,40.569585],[-80.004567,40.570205]],[[-79.939188,40.552462],[-79.93909,40.552534],[-79.939174,40.552453],[-79.939179,40.551555],[-79.941077,40.551367],[-79.939154,40.552505],[-79.939188,40.552462]]]}},{"type":"Feature","properties":{"block_count":446,"land_area_km2":26.8085,"centroid":[-80.036542,40.321352],"bbox":[-80.07396,40.289194,-79.998486,40.35703],"boundary_source":"Approximate ZIP area: 2010 Census blocks grouped by their ZIP code (Allegheny County part only)","id":"zip-15102","name":"ZIP 15102 (Bethel Park)","zip":"15102","geography":"zip","level":"LOW","anomaly_score":0.5356116348063044,"confidence":"HIGH","case_id":"zipfile-15102","top_signal_headline":null},"geometry":{"type":"MultiPolygon","coordinates":[[[[-80.07396,40.299837],[-80.07198,40.299263],[-80.068775,40.298468],[-80.053778,40.29397],[-80.046973,40.291769],[-80.043974,40.290967],[-80.040329,40.289785],[-80.038165,40.289194],[-80.035891,40.28921],[-80.033967,40.289281],[-80.032995,40.289361],[-80.032004,40.289568],[-80.030472,40.29199],[-80.030389,40.292012],[-80.029256,40.29297],[-80.026784,40.294895],[-80.026707,40.294856],[-80.026176,40.29604],[-80.026103,40.296371],[-80.025542,40.297879],[-80.02511,40.297784],[-80.024936,40.297809],[-80.024048,40.298178],[-80.023851,40.298368],[-80.023351,40.300356],[-80.02314,40.300725],[-80.02099,40.302199],[-80.021351,40.302527],[-80.021429,40.30272],[-80.020752,40.303385],[-80.021085,40.30352],[-80.02077,40.304044],[-80.020925,40.304074],[-80.020534,40.304697],[-80.020457,40.304665],[-80.019593,40.305857],[-80.019508,40.30579],[-80.01549,40.311783],[-79.998486,40.337599],[-79.998832,40.337872],[-79.999694,40.338275],[-80.000369,40.338449],[-80.001676,40.338571],[-80.003074,40.339097],[-80.004274,40.339669],[-80.005177,40.339571],[-80.006183,40.339628],[-80.006672,40.339603],[-80.007304,40.339697],[-80.007745,40.339896],[-80.008289,40.340011],[-80.008998,40.340286],[-80.010339,40.340913],[-80.010737,40.340936],[-80.011132,40.341486],[-80.011374,40.34146],[-80.011554,40.341494],[-80.012068,40.341833],[-80.012364,40.341955],[-80.013492,40.342123],[-80.014001,40.342109],[-80.014801,40.341999],[-80.016078,40.342136],[-80.016253,40.342108],[-80.015624,40.343096],[-80.014887,40.344087],[-80.014689,40.344615],[-80.014676,40.344984],[-80.014823,40.345889],[-80.014988,40.346311],[-80.01519,40.346638],[-80.01547,40.346963],[-80.015788,40.347231],[-80.017098,40.348037],[-80.017358,40.348414],[-80.017425,40.348725],[-80.017371,40.348976],[-80.017095,40.349371],[-80.01676,40.349605],[-80.015971,40.348924],[-80.015567,40.348469],[-80.014455,40.346826],[-80.01377,40.345609],[-80.010621,40.3453],[-80.010002,40.345322],[-80.009191,40.345483],[-80.008395,40.345777],[-80.007731,40.346118],[-80.008054,40.346637],[-80.009758,40.346127],[-80.010201,40.346062],[-80.010652,40.346054],[-80.011322,40.346117],[-80.012061,40.346305],[-80.012298,40.346404],[-80.012444,40.34656],[-80.012481,40.346756],[-80.012214,40.347584],[-80.012176,40.348148],[-80.012272,40.348681],[-80.012513,40.349443],[-80.012416,40.349679],[-80.012155,40.349871],[-80.011918,40.349932],[-80.011464,40.349941],[-80.01152,40.351743],[-80.012242,40.351444],[-80.013947,40.351022],[-80.014576,40.350819],[-80.015386,40.350427],[-80.01676,40.349605],[-80.017405,40.350188],[-80.018036,40.350575],[-80.0189,40.350982],[-80.019725,40.351177],[-80.021281,40.351415],[-80.021884,40.351479],[-80.021951,40.351336],[-80.023352,40.351544],[-80.023854,40.351541],[-80.025372,40.352334],[-80.026185,40.352828],[-80.025895,40.353044],[-80.026421,40.353492],[-80.0269,40.354102],[-80.027142,40.354532],[-80.027438,40.355109],[-80.028127,40.35703],[-80.028464,40.356962],[-80.028218,40.355858],[-80.029629,40.355636],[-80.029466,40.355329],[-80.030307,40.354891],[-80.030429,40.354991],[-80.030562,40.354992],[-80.030554,40.354914],[-80.030645,40.354858],[-80.032338,40.35475],[-80.032417,40.355246],[-80.033428,40.355139],[-80.033644,40.354701],[-80.032722,40.354331],[-80.032423,40.351985],[-80.03268,40.351534],[-80.03436,40.35319],[-80.033896,40.353434],[-80.034606,40.354038],[-80.03495,40.354203],[-80.03788,40.353616],[-80.039688,40.351783],[-80.041927,40.352867],[-80.046257,40.352004],[-80.045946,40.351733],[-80.046103,40.351176],[-80.046308,40.351044],[-80.047648,40.350717],[-80.048058,40.350681],[-80.04834,40.35076],[-80.049075,40.351448],[-80.050967,40.351082],[-80.051563,40.349489],[-80.051928,40.348894],[-80.052303,40.348502],[-80.051768,40.348295],[-80.051457,40.348271],[-80.051197,40.348331],[-80.050982,40.348465],[-80.050694,40.348797],[-80.05049,40.348951],[-80.050244,40.348947],[-80.050112,40.34891],[-80.049932,40.348774],[-80.049751,40.348043],[-80.049542,40.348062],[-80.049413,40.348006],[-80.049088,40.347647],[-80.047903,40.347652],[-80.04775,40.347781],[-80.047465,40.348729],[-80.047525,40.349187],[-80.045769,40.349481],[-80.045537,40.349565],[-80.045111,40.349872],[-80.044252,40.349427],[-80.041541,40.348169],[-80.040638,40.348675],[-80.039879,40.348327],[-80.041239,40.347769],[-80.044113,40.346217],[-80.045166,40.345528],[-80.045809,40.344964],[-80.046373,40.344278],[-80.046718,40.343728],[-80.047213,40.342601],[-80.048603,40.339842],[-80.049361,40.338724],[-80.049156,40.338652],[-80.050488,40.336134],[-80.050664,40.335881],[-80.051153,40.335697],[-80.051127,40.336176],[-80.051998,40.334661],[-80.052335,40.332795],[-80.052489,40.332436],[-80.052334,40.332182],[-80.054229,40.33074],[-80.054576,40.330526],[-80.055894,40.330039],[-80.056399,40.329987],[-80.05686,40.330004],[-80.057682,40.330113],[-80.058537,40.33011],[-80.058776,40.330074],[-80.059266,40.329927],[-80.060004,40.329536],[-80.060841,40.329163],[-80.061491,40.328973],[-80.061188,40.329815],[-80.061865,40.328378],[-80.062777,40.326235],[-80.063623,40.324018],[-80.063411,40.323857],[-80.063002,40.323412],[-80.062686,40.323274],[-80.061696,40.322595],[-80.061499,40.321295],[-80.063078,40.319348],[-80.065119,40.320363],[-80.066806,40.316016],[-80.066889,40.316005],[-80.067693,40.314137],[-80.069395,40.309802],[-80.071002,40.305995],[-80.070718,40.30529],[-80.070905,40.304119],[-80.071917,40.304098],[-80.07396,40.299837]]],[[[-80.018754,40.353007],[-80.019122,40.353344],[-80.019208,40.353363],[-80.020215,40.352848],[-80.020331,40.352746],[-80.020346,40.352125],[-80.018754,40.353007]]]]}},{"type":"Feature","properties":{"block_count":407,"land_area_km2":6.3415,"centroid":[-79.862541,40.403752],"bbox":[-79.890529,40.388332,-79.837835,40.416888],"boundary_source":"Approximate ZIP area: 2010 Census blocks grouped by their ZIP code (Allegheny County part only)","id":"zip-15104","name":"ZIP 15104 (Braddock)","zip":"15104","geography":"zip","level":"HIGH","anomaly_score":3.1392431426857383,"confidence":"MODERATE","case_id":"zcase-003","top_signal_headline":"Sale prices +67% vs. county +19%"},"geometry":{"type":"Polygon","coordinates":[[[-79.856054,40.409014],[-79.86055,40.409023],[-79.86094,40.411745],[-79.864517,40.411392],[-79.869512,40.414043],[-79.87013,40.413713],[-79.871142,40.413303],[-79.871027,40.413185],[-79.871906,40.412643],[-79.8727,40.413144],[-79.873459,40.413505],[-79.874854,40.413964],[-79.876631,40.414287],[-79.878181,40.414496],[-79.879144,40.414723],[-79.880029,40.415014],[-79.880725,40.415344],[-79.882214,40.415927],[-79.883193,40.415994],[-79.884713,40.4164],[-79.887327,40.416888],[-79.888684,40.415087],[-79.88816,40.414797],[-79.889882,40.411542],[-79.890529,40.410548],[-79.881203,40.405551],[-79.87935,40.40429],[-79.876391,40.402146],[-79.875029,40.400801],[-79.87439,40.400268],[-79.873356,40.399218],[-79.87193,40.398066],[-79.870169,40.396274],[-79.868377,40.394938],[-79.865355,40.392906],[-79.864108,40.392268],[-79.853959,40.388589],[-79.853495,40.388332],[-79.852439,40.389852],[-79.852031,40.390205],[-79.851916,40.390725],[-79.851799,40.391695],[-79.851661,40.392152],[-79.851784,40.392525],[-79.852875,40.392733],[-79.853208,40.393044],[-79.852952,40.393739],[-79.852345,40.39431],[-79.851697,40.394513],[-79.84977,40.394277],[-79.847897,40.393804],[-79.84671,40.393618],[-79.846335,40.394103],[-79.84444,40.397855],[-79.840446,40.399044],[-79.838373,40.400303],[-79.837835,40.40056],[-79.837907,40.401573],[-79.837936,40.401798],[-79.839423,40.403908],[-79.839561,40.404236],[-79.83988,40.405517],[-79.840127,40.406041],[-79.84026,40.406217],[-79.840835,40.406564],[-79.841409,40.407061],[-79.84172,40.407426],[-79.841969,40.407873],[-79.842606,40.408565],[-79.842792,40.408679],[-79.843069,40.408713],[-79.843222,40.408668],[-79.843517,40.40848],[-79.843677,40.408456],[-79.844265,40.408692],[-79.844527,40.408677],[-79.844624,40.408562],[-79.8446,40.408418],[-79.843973,40.407373],[-79.844037,40.407331],[-79.844661,40.407246],[-79.845292,40.4082],[-79.846656,40.408723],[-79.846989,40.408945],[-79.843941,40.410369],[-79.844219,40.412245],[-79.845292,40.412076],[-79.845279,40.41161],[-79.846062,40.412007],[-79.849042,40.411725],[-79.850951,40.410447],[-79.852959,40.408972],[-79.856054,40.409014]]]}},{"type":"Feature","properties":{"block_count":684,"land_area_km2":28.9329,"centroid":[-80.114205,40.410122],"bbox":[-80.170145,40.380127,-80.057026,40.433443],"boundary_source":"Approximate ZIP area: 2010 Census blocks grouped by their ZIP code (Allegheny County part only)","id":"zip-15106","name":"ZIP 15106 (Carnegie)","zip":"15106","geography":"zip","level":"LOW","anomaly_score":0.527918292601075,"confidence":"HIGH","case_id":"zipfile-15106","top_signal_headline":null},"geometry":{"type":"Polygon","coordinates":[[[-80.128701,40.396984],[-80.122595,40.397881],[-80.121686,40.397943],[-80.121129,40.397882],[-80.120361,40.397689],[-80.119775,40.397425],[-80.118061,40.39606],[-80.116911,40.395212],[-80.116262,40.394894],[-80.115178,40.394565],[-80.113942,40.39445],[-80.112959,40.39454],[-80.112474,40.394621],[-80.111942,40.39478],[-80.111021,40.395146],[-80.110948,40.394514],[-80.111074,40.393808],[-80.111887,40.393649],[-80.112498,40.393636],[-80.113006,40.393681],[-80.114506,40.393363],[-80.114522,40.393245],[-80.114407,40.393118],[-80.113952,40.392933],[-80.113229,40.39304],[-80.112718,40.393223],[-80.112423,40.393235],[-80.1121,40.393319],[-80.111468,40.393304],[-80.11083,40.393374],[-80.110483,40.393367],[-80.110259,40.393308],[-80.110218,40.393228],[-80.110256,40.393154],[-80.110467,40.393017],[-80.111452,40.392581],[-80.111501,40.392527],[-80.111475,40.392448],[-80.110416,40.392145],[-80.108495,40.391972],[-80.108028,40.392059],[-80.107257,40.392329],[-80.10599,40.393099],[-80.105592,40.393184],[-80.105255,40.393343],[-80.104934,40.393303],[-80.103215,40.391799],[-80.103085,40.391566],[-80.103026,40.391231],[-80.102894,40.390951],[-80.102522,40.390611],[-80.101397,40.390105],[-80.100941,40.389944],[-80.100456,40.38984],[-80.099347,40.389711],[-80.098506,40.387825],[-80.099203,40.387341],[-80.099366,40.387107],[-80.099564,40.386633],[-80.0996,40.386171],[-80.099517,40.385658],[-80.099852,40.385176],[-80.099678,40.384697],[-80.09943,40.384441],[-80.099211,40.384304],[-80.09894,40.384262],[-80.098512,40.384299],[-80.097691,40.384497],[-80.096682,40.385008],[-80.096345,40.385106],[-80.095602,40.385035],[-80.094091,40.38477],[-80.093076,40.384651],[-80.092625,40.384517],[-80.092777,40.383972],[-80.093115,40.38311],[-80.093241,40.38255],[-80.093677,40.382169],[-80.093515,40.381067],[-80.092676,40.381374],[-80.090162,40.382028],[-80.089844,40.381893],[-80.087041,40.380341],[-80.086634,40.380202],[-80.086179,40.380127],[-80.08541,40.380272],[-80.083754,40.381218],[-80.082833,40.381658],[-80.081894,40.381882],[-80.078746,40.382491],[-80.07745,40.382609],[-80.075139,40.382636],[-80.070178,40.383154],[-80.069516,40.383069],[-80.068875,40.382785],[-80.06875,40.382957],[-80.069414,40.3833],[-80.069078,40.386789],[-80.071555,40.385451],[-80.070602,40.384679],[-80.071077,40.384393],[-80.072396,40.385499],[-80.074715,40.386487],[-80.075298,40.389813],[-80.074111,40.389969],[-80.074181,40.390743],[-80.074265,40.390945],[-80.074554,40.391079],[-80.076416,40.39143],[-80.077065,40.391617],[-80.078351,40.392433],[-80.078775,40.392581],[-80.079685,40.39275],[-80.080116,40.392879],[-80.081325,40.393537],[-80.081561,40.393631],[-80.082397,40.393756],[-80.082589,40.393831],[-80.083098,40.394166],[-80.082822,40.394696],[-80.082628,40.394725],[-80.080448,40.398929],[-80.080404,40.399181],[-80.079913,40.399218],[-80.079881,40.399872],[-80.074349,40.399196],[-80.069667,40.398562],[-80.068615,40.399648],[-80.068444,40.399935],[-80.067424,40.400977],[-80.067772,40.401858],[-80.067367,40.402075],[-80.067221,40.402316],[-80.067229,40.402849],[-80.067424,40.404086],[-80.067106,40.404144],[-80.066858,40.404092],[-80.066434,40.404989],[-80.065611,40.406132],[-80.066341,40.407458],[-80.067108,40.407607],[-80.067219,40.407095],[-80.070023,40.40607],[-80.070257,40.406397],[-80.072328,40.407324],[-80.071401,40.407825],[-80.067273,40.409356],[-80.06528,40.410518],[-80.065409,40.410684],[-80.065851,40.411606],[-80.0667,40.412476],[-80.069474,40.411144],[-80.070281,40.410801],[-80.072663,40.411891],[-80.072391,40.412147],[-80.071447,40.412766],[-80.07037,40.413233],[-80.062964,40.41581],[-80.061478,40.416284],[-80.06034,40.41674],[-80.058296,40.417418],[-80.057026,40.41794],[-80.057256,40.418301],[-80.058315,40.418009],[-80.062409,40.417033],[-80.066002,40.416683],[-80.066292,40.416668],[-80.066507,40.416706],[-80.067282,40.416221],[-80.068046,40.416003],[-80.070778,40.415827],[-80.072046,40.417263],[-80.073236,40.419364],[-80.073875,40.420377],[-80.074445,40.421016],[-80.074572,40.421369],[-80.074716,40.421361],[-80.075067,40.421226],[-80.075833,40.421228],[-80.076118,40.421113],[-80.076482,40.421035],[-80.077322,40.421002],[-80.077879,40.420887],[-80.078369,40.420953],[-80.079536,40.420391],[-80.080731,40.420375],[-80.080775,40.420178],[-80.081444,40.420196],[-80.083078,40.420005],[-80.083828,40.4201],[-80.084258,40.420336],[-80.08467,40.420859],[-80.085191,40.421758],[-80.085626,40.422827],[-80.085679,40.423125],[-80.085542,40.423842],[-80.084993,40.424585],[-80.085442,40.42527],[-80.086235,40.425409],[-80.086335,40.425887],[-80.08631,40.426427],[-80.086394,40.427125],[-80.0864,40.427742],[-80.08617,40.428282],[-80.090384,40.430924],[-80.092273,40.428431],[-80.095276,40.429989],[-80.096444,40.421583],[-80.098399,40.422102],[-80.109094,40.424036],[-80.114542,40.424951],[-80.116445,40.425095],[-80.119562,40.425099],[-80.120869,40.425167],[-80.123052,40.425461],[-80.124678,40.42586],[-80.126191,40.4264],[-80.134898,40.43016],[-80.135049,40.430069],[-80.135346,40.430195],[-80.136298,40.430145],[-80.137482,40.430507],[-80.138044,40.430496],[-80.138488,40.430401],[-80.139139,40.430434],[-80.139426,40.430852],[-80.139548,40.430948],[-80.140411,40.431225],[-80.145781,40.432162],[-80.146184,40.432165],[-80.146924,40.432042],[-80.147236,40.432059],[-80.148234,40.432431],[-80.148887,40.432885],[-80.149378,40.433093],[-80.151067,40.433443],[-80.151656,40.433402],[-80.152909,40.432959],[-80.154652,40.432456],[-80.155001,40.432507],[-80.16607,40.432845],[-80.167313,40.432309],[-80.168276,40.431618],[-80.168916,40.431393],[-80.169368,40.431009],[-80.169793,40.430814],[-80.170066,40.430631],[-80.170145,40.430384],[-80.169743,40.428948],[-80.169139,40.428246],[-80.168989,40.42797],[-80.16873,40.42768],[-80.168788,40.426973],[-80.168573,40.426413],[-80.168608,40.426328],[-80.168738,40.426275],[-80.168774,40.426162],[-80.168522,40.425111],[-80.168522,40.424386],[-80.168415,40.424007],[-80.168527,40.42384],[-80.16838,40.423047],[-80.168207,40.422708],[-80.168207,40.422298],[-80.168107,40.421865],[-80.167704,40.421069],[-80.167755,40.420894],[-80.168049,40.420671],[-80.168121,40.420342],[-80.168093,40.419702],[-80.1679,40.418485],[-80.167749,40.41824],[-80.16744,40.418247],[-80.167281,40.418124],[-80.166764,40.41735],[-80.166563,40.416953],[-80.166103,40.4164],[-80.166064,40.415946],[-80.165827,40.415859],[-80.165596,40.415501],[-80.165431,40.415375],[-80.165124,40.415266],[-80.16449,40.415152],[-80.163474,40.415043],[-80.16305,40.414951],[-80.162879,40.414868],[-80.162448,40.414401],[-80.162037,40.413728],[-80.161857,40.412787],[-80.161353,40.412603],[-80.160547,40.41201],[-80.160233,40.411915],[-80.15755,40.411996],[-80.156441,40.411866],[-80.155985,40.411874],[-80.155769,40.412082],[-80.155109,40.413443],[-80.155086,40.413725],[-80.155213,40.414878],[-80.155113,40.415181],[-80.154975,40.415357],[-80.152864,40.414683],[-80.151864,40.411272],[-80.147848,40.407228],[-80.142381,40.406288],[-80.142096,40.403896],[-80.145257,40.402956],[-80.144567,40.400887],[-80.144677,40.400597],[-80.144398,40.400462],[-80.143478,40.400221],[-80.143981,40.398962],[-80.142893,40.398637],[-80.143002,40.398309],[-80.146351,40.398877],[-80.146663,40.398989],[-80.147225,40.39906],[-80.147499,40.398914],[-80.14775,40.398656],[-80.147774,40.39855],[-80.148132,40.398277],[-80.145979,40.395758],[-80.145316,40.395078],[-80.144676,40.39462],[-80.143908,40.394362],[-80.143356,40.394258],[-80.138426,40.393782],[-80.137449,40.393722],[-80.136536,40.393748],[-80.135775,40.393884],[-80.134911,40.394158],[-80.133618,40.394843],[-80.131428,40.396118],[-80.130595,40.396501],[-80.129806,40.396759],[-80.128701,40.396984]]]}},{"type":"Feature","properties":{"block_count":812,"land_area_km2":102.2166,"centroid":[-80.199638,40.499968],"bbox":[-80.282739,40.441547,-80.099135,40.556426],"boundary_source":"Approximate ZIP area: 2010 Census blocks grouped by their ZIP code (Allegheny County part only)","id":"zip-15108","name":"ZIP 15108 (Coraopolis)","zip":"15108","geography":"zip","level":"LOW","anomaly_score":0.641043864427558,"confidence":"HIGH","case_id":"zipfile-15108","top_signal_headline":"Rents +10% vs. county +14%"},"geometry":{"type":"Polygon","coordinates":[[[-80.162683,40.524299],[-80.165231,40.525317],[-80.172346,40.527797],[-80.175358,40.528623],[-80.178952,40.529885],[-80.1833,40.531203],[-80.186811,40.532356],[-80.187964,40.53292],[-80.189536,40.533613],[-80.190825,40.534488],[-80.191702,40.535534],[-80.193026,40.536969],[-80.195681,40.541206],[-80.196994,40.542932],[-80.19904,40.545444],[-80.200813,40.547439],[-80.204519,40.5504],[-80.207659,40.552028],[-80.208949,40.550264],[-80.213496,40.544297],[-80.217546,40.54573],[-80.225791,40.544238],[-80.225544,40.544623],[-80.232073,40.547919],[-80.232125,40.547211],[-80.234469,40.545923],[-80.234902,40.546375],[-80.236119,40.545699],[-80.236587,40.546116],[-80.236966,40.546315],[-80.238476,40.546663],[-80.23894,40.546648],[-80.24032,40.546315],[-80.240282,40.547538],[-80.240398,40.547548],[-80.240275,40.553255],[-80.24216,40.55316],[-80.245835,40.556426],[-80.248754,40.554641],[-80.251491,40.556059],[-80.263694,40.547257],[-80.272578,40.541045],[-80.2746,40.539167],[-80.275659,40.538362],[-80.277715,40.536943],[-80.277523,40.535371],[-80.277183,40.53458],[-80.276877,40.534216],[-80.27613,40.533852],[-80.272922,40.532607],[-80.272187,40.532257],[-80.272253,40.526152],[-80.272207,40.525642],[-80.272189,40.522494],[-80.272394,40.519353],[-80.272365,40.518653],[-80.272209,40.517727],[-80.271907,40.516801],[-80.269906,40.516279],[-80.268027,40.515602],[-80.268281,40.514789],[-80.268563,40.514314],[-80.268693,40.514152],[-80.269976,40.51307],[-80.271962,40.516101],[-80.272215,40.516861],[-80.274778,40.5173],[-80.276629,40.517364],[-80.282489,40.50343],[-80.282671,40.502671],[-80.282739,40.501875],[-80.282608,40.500844],[-80.282477,40.500405],[-80.282056,40.499511],[-80.281392,40.498627],[-80.280235,40.498787],[-80.279953,40.498219],[-80.279545,40.497665],[-80.27781,40.495782],[-80.268617,40.48861],[-80.263518,40.484022],[-80.262503,40.483236],[-80.2616,40.482638],[-80.256956,40.479985],[-80.256747,40.480224],[-80.256691,40.480369],[-80.256835,40.480842],[-80.256715,40.481972],[-80.255662,40.484103],[-80.255011,40.485234],[-80.254602,40.486145],[-80.226799,40.485411],[-80.226826,40.485329],[-80.227331,40.484898],[-80.226845,40.484894],[-80.226674,40.484932],[-80.226415,40.485404],[-80.22443,40.485353],[-80.224281,40.485021],[-80.224136,40.484416],[-80.223921,40.483951],[-80.223683,40.483697],[-80.223179,40.483347],[-80.222956,40.483133],[-80.222827,40.482934],[-80.222711,40.482488],[-80.22228,40.481994],[-80.2222,40.481836],[-80.222179,40.481705],[-80.222241,40.481502],[-80.222325,40.481379],[-80.222711,40.4811],[-80.222753,40.480997],[-80.222711,40.48092],[-80.222292,40.480782],[-80.221337,40.480942],[-80.221042,40.48094],[-80.220661,40.480816],[-80.220086,40.480551],[-80.219566,40.480179],[-80.219383,40.479954],[-80.219131,40.479385],[-80.21894,40.478711],[-80.218668,40.478355],[-80.218343,40.478263],[-80.217695,40.478258],[-80.217283,40.478184],[-80.216949,40.477951],[-80.216775,40.477757],[-80.216168,40.477457],[-80.215375,40.476984],[-80.214683,40.476699],[-80.214352,40.476341],[-80.214006,40.475595],[-80.213633,40.475242],[-80.213426,40.475127],[-80.213158,40.475072],[-80.212338,40.475269],[-80.212165,40.475178],[-80.21293,40.474814],[-80.214224,40.474574],[-80.215651,40.474099],[-80.216752,40.473613],[-80.217117,40.473331],[-80.217239,40.472698],[-80.226639,40.471706],[-80.22802,40.471504],[-80.229134,40.471208],[-80.230162,40.470811],[-80.230134,40.470308],[-80.22932,40.469199],[-80.229133,40.468756],[-80.22919,40.468243],[-80.228982,40.467687],[-80.229025,40.467417],[-80.228917,40.46707],[-80.228959,40.466863],[-80.228909,40.46657],[-80.228779,40.466362],[-80.227995,40.465667],[-80.227693,40.465111],[-80.227268,40.463685],[-80.227274,40.462289],[-80.227188,40.462085],[-80.226907,40.461755],[-80.226735,40.46133],[-80.226734,40.461172],[-80.226913,40.46066],[-80.226885,40.460453],[-80.226633,40.45978],[-80.226421,40.459587],[-80.226793,40.45894],[-80.22729,40.458506],[-80.233115,40.455121],[-80.233161,40.455089],[-80.232956,40.454973],[-80.233442,40.454633],[-80.232851,40.454539],[-80.231642,40.454546],[-80.231342,40.453316],[-80.231313,40.4527],[-80.230294,40.451754],[-80.229852,40.451631],[-80.229327,40.451608],[-80.228576,40.452625],[-80.227876,40.452778],[-80.22722,40.453124],[-80.2267,40.453284],[-80.226236,40.45401],[-80.223466,40.452829],[-80.216811,40.452315],[-80.215032,40.452566],[-80.214713,40.451999],[-80.214666,40.451373],[-80.213794,40.451131],[-80.212625,40.452589],[-80.212159,40.453253],[-80.211287,40.453346],[-80.210777,40.453274],[-80.210261,40.453099],[-80.211386,40.449541],[-80.211834,40.447837],[-80.211409,40.448159],[-80.211236,40.448225],[-80.209862,40.448416],[-80.198738,40.447899],[-80.193319,40.441547],[-80.192431,40.441836],[-80.191742,40.44193],[-80.191081,40.441895],[-80.190212,40.441763],[-80.189771,40.441761],[-80.189334,40.441815],[-80.188708,40.441983],[-80.184635,40.443436],[-80.183825,40.443657],[-80.183114,40.443764],[-80.17994,40.444066],[-80.179154,40.44409],[-80.178583,40.444039],[-80.176955,40.444724],[-80.174439,40.445582],[-80.17413,40.446653],[-80.173877,40.447073],[-80.173542,40.447256],[-80.172102,40.447763],[-80.172161,40.451795],[-80.172107,40.452],[-80.172583,40.452237],[-80.172742,40.452506],[-80.172726,40.455764],[-80.172815,40.4576],[-80.172712,40.457823],[-80.172627,40.457927],[-80.172254,40.45812],[-80.172122,40.458375],[-80.171525,40.458659],[-80.171021,40.45884],[-80.170705,40.458897],[-80.169353,40.458878],[-80.16913,40.458899],[-80.16862,40.459048],[-80.168376,40.459249],[-80.168066,40.459648],[-80.167635,40.459942],[-80.167527,40.46009],[-80.167592,40.460302],[-80.168213,40.460874],[-80.168856,40.461297],[-80.169068,40.461567],[-80.169034,40.46191],[-80.168852,40.462264],[-80.168136,40.462472],[-80.16757,40.462397],[-80.166895,40.462139],[-80.164428,40.461509],[-80.164054,40.461461],[-80.162142,40.461511],[-80.162041,40.461478],[-80.161868,40.461333],[-80.161782,40.46113],[-80.161934,40.460635],[-80.161811,40.459688],[-80.161934,40.459563],[-80.162531,40.459212],[-80.162581,40.458991],[-80.162365,40.458805],[-80.161884,40.458684],[-80.16123,40.458675],[-80.161,40.458764],[-80.160467,40.459611],[-80.160036,40.460085],[-80.159719,40.460331],[-80.159662,40.460506],[-80.159683,40.460686],[-80.159819,40.460958],[-80.160351,40.461673],[-80.161292,40.462766],[-80.161824,40.463242],[-80.16182,40.463375],[-80.162298,40.46394],[-80.161345,40.465863],[-80.160781,40.466243],[-80.160048,40.466585],[-80.159465,40.466668],[-80.158694,40.466605],[-80.157925,40.466629],[-80.156715,40.466198],[-80.156335,40.466111],[-80.156013,40.466227],[-80.155881,40.466401],[-80.155747,40.466388],[-80.153536,40.465859],[-80.153166,40.465709],[-80.152616,40.465316],[-80.15238,40.465001],[-80.152242,40.464641],[-80.152192,40.462058],[-80.152129,40.461807],[-80.151815,40.461318],[-80.151661,40.461198],[-80.151554,40.461382],[-80.149779,40.46125],[-80.149091,40.461343],[-80.148405,40.461648],[-80.14739,40.462569],[-80.1469,40.462897],[-80.145036,40.463767],[-80.14456,40.463925],[-80.144051,40.464011],[-80.141439,40.464208],[-80.140935,40.464306],[-80.140182,40.464623],[-80.1386,40.465693],[-80.138091,40.465888],[-80.137684,40.465981],[-80.137526,40.466371],[-80.137553,40.466791],[-80.138814,40.466472],[-80.142531,40.466169],[-80.143491,40.466191],[-80.143665,40.466251],[-80.143791,40.46636],[-80.144542,40.467584],[-80.144815,40.468134],[-80.14569,40.471127],[-80.14523,40.471087],[-80.144941,40.470887],[-80.144004,40.470039],[-80.143726,40.469546],[-80.14353,40.469342],[-80.143382,40.469268],[-80.142438,40.469055],[-80.142035,40.469092],[-80.141726,40.469308],[-80.141618,40.469526],[-80.141637,40.470183],[-80.142166,40.47019],[-80.142502,40.470294],[-80.143447,40.471186],[-80.143618,40.47144],[-80.143651,40.471631],[-80.143599,40.471862],[-80.143439,40.472061],[-80.143049,40.472343],[-80.142605,40.472512],[-80.142351,40.472537],[-80.142089,40.472505],[-80.141664,40.472329],[-80.141428,40.472106],[-80.141322,40.471878],[-80.141479,40.471285],[-80.139467,40.470369],[-80.138921,40.470742],[-80.13775,40.470192],[-80.137432,40.470581],[-80.136749,40.47024],[-80.135374,40.476089],[-80.132621,40.476455],[-80.13203,40.475817],[-80.130555,40.475307],[-80.129895,40.476542],[-80.126271,40.475531],[-80.125395,40.475656],[-80.120731,40.478818],[-80.121442,40.480196],[-80.11927,40.480868],[-80.116888,40.481742],[-80.116201,40.481897],[-80.114563,40.482044],[-80.114399,40.478911],[-80.114276,40.478493],[-80.110433,40.47938],[-80.109908,40.479463],[-80.109916,40.479025],[-80.110068,40.478237],[-80.109955,40.477591],[-80.112038,40.47716],[-80.11179,40.476659],[-80.111361,40.476414],[-80.111022,40.476396],[-80.109565,40.47673],[-80.109444,40.476631],[-80.108214,40.477542],[-80.104085,40.479559],[-80.104585,40.480172],[-80.100602,40.481267],[-80.099882,40.494841],[-80.099947,40.495032],[-80.099958,40.495586],[-80.099753,40.496847],[-80.099697,40.498159],[-80.099135,40.49943],[-80.101651,40.500203],[-80.103434,40.500883],[-80.110178,40.502565],[-80.112275,40.503186],[-80.114378,40.503679],[-80.119009,40.504534],[-80.120993,40.504825],[-80.124889,40.505694],[-80.126923,40.506281],[-80.133207,40.508509],[-80.134164,40.508905],[-80.134976,40.509309],[-80.13582,40.509899],[-80.138102,40.511297],[-80.141232,40.512623],[-80.143707,40.513462],[-80.147897,40.514501],[-80.149008,40.514706],[-80.149637,40.514918],[-80.152402,40.516161],[-80.153246,40.516702],[-80.154153,40.517174],[-80.154841,40.517647],[-80.156194,40.518703],[-80.157521,40.519588],[-80.159474,40.521037],[-80.160422,40.522467],[-80.16148,40.523803],[-80.162683,40.524299]]]}},{"type":"Feature","properties":{"block_count":284,"land_area_km2":4.7086,"centroid":[-79.85011,40.373195],"bbox":[-79.868856,40.356932,-79.836169,40.38877],"boundary_source":"Approximate ZIP area: 2010 Census blocks grouped by their ZIP code (Allegheny County part only)","id":"zip-15110","name":"ZIP 15110 (Duquesne)","zip":"15110","geography":"zip","level":"HIGH","anomaly_score":1.994933527243882,"confidence":"MODERATE","case_id":"zcase-010","top_signal_headline":"Sale prices +52% vs. county +19%"},"geometry":{"type":"Polygon","coordinates":[[[-79.865333,40.38358],[-79.868856,40.381928],[-79.866437,40.379884],[-79.864689,40.378584],[-79.861674,40.376095],[-79.861938,40.37587],[-79.859133,40.372935],[-79.859196,40.372899],[-79.857288,40.370852],[-79.857829,40.370494],[-79.857774,40.369198],[-79.858216,40.367836],[-79.858821,40.367963],[-79.859599,40.368041],[-79.859632,40.367915],[-79.859515,40.36702],[-79.856751,40.365584],[-79.855674,40.36397],[-79.854614,40.361622],[-79.854275,40.361012],[-79.85345,40.361311],[-79.846969,40.360337],[-79.847508,40.358611],[-79.847944,40.356932],[-79.84637,40.357191],[-79.844622,40.357585],[-79.843281,40.357971],[-79.841117,40.359046],[-79.839085,40.360158],[-79.837964,40.361031],[-79.837386,40.361621],[-79.836966,40.362152],[-79.836463,40.363522],[-79.836169,40.364992],[-79.836188,40.367129],[-79.836459,40.369511],[-79.836989,40.371582],[-79.837348,40.372548],[-79.838592,40.375179],[-79.839119,40.375899],[-79.841155,40.378408],[-79.842565,40.379692],[-79.845887,40.382637],[-79.847362,40.383866],[-79.848851,40.385003],[-79.853495,40.388332],[-79.853959,40.388589],[-79.854501,40.38877],[-79.85835,40.386879],[-79.865333,40.38358]]]}},{"type":"Feature","properties":{"block_count":133,"land_area_km2":2.1654,"centroid":[-79.837706,40.404485],"bbox":[-79.846989,40.390837,-79.8301,40.419922],"boundary_source":"Approximate ZIP area: 2010 Census blocks grouped by their ZIP code (Allegheny County part only)","id":"zip-15112","name":"ZIP 15112 (East Pittsburgh)","zip":"15112","geography":"zip","level":"MEDIUM","anomaly_score":1.4088211222208185,"confidence":"MODERATE","case_id":"zcase-023","top_signal_headline":"Home sales -23% vs. county +4%"},"geometry":{"type":"Polygon","coordinates":[[[-79.833616,40.401218],[-79.833356,40.404439],[-79.833254,40.406469],[-79.833457,40.406785],[-79.833357,40.407831],[-79.833458,40.408199],[-79.833467,40.408667],[-79.833408,40.408902],[-79.833029,40.409541],[-79.832958,40.409797],[-79.833023,40.410063],[-79.833194,40.410267],[-79.833071,40.413122],[-79.83228,40.414734],[-79.83258,40.415739],[-79.832828,40.417475],[-79.833315,40.418539],[-79.835485,40.419773],[-79.836543,40.419922],[-79.837473,40.419567],[-79.839852,40.41757],[-79.839645,40.417224],[-79.840525,40.416917],[-79.840055,40.416175],[-79.8392,40.416477],[-79.838541,40.415332],[-79.83871,40.415236],[-79.842078,40.410637],[-79.843324,40.409283],[-79.843836,40.409651],[-79.843941,40.410369],[-79.846989,40.408945],[-79.846656,40.408723],[-79.845292,40.4082],[-79.844661,40.407246],[-79.844037,40.407331],[-79.843973,40.407373],[-79.8446,40.408418],[-79.844624,40.408562],[-79.844527,40.408677],[-79.844309,40.408703],[-79.843858,40.408499],[-79.843635,40.408457],[-79.843478,40.408498],[-79.843222,40.408668],[-79.842974,40.408718],[-79.842753,40.40866],[-79.842509,40.408484],[-79.841969,40.407873],[-79.84172,40.407426],[-79.841409,40.407061],[-79.840835,40.406564],[-79.84026,40.406217],[-79.840127,40.406041],[-79.83988,40.405517],[-79.839561,40.404236],[-79.839423,40.403908],[-79.837936,40.401798],[-79.837835,40.40056],[-79.838373,40.400303],[-79.840446,40.399044],[-79.84444,40.397855],[-79.846335,40.394103],[-79.846633,40.393702],[-79.846231,40.393555],[-79.845659,40.393187],[-79.842331,40.392142],[-79.841583,40.391961],[-79.840024,40.391397],[-79.838207,40.390909],[-79.837645,40.390837],[-79.837322,40.39091],[-79.836853,40.391132],[-79.836517,40.39156],[-79.836266,40.392433],[-79.836286,40.392749],[-79.83616,40.393326],[-79.835977,40.393701],[-79.835474,40.394216],[-79.834218,40.395068],[-79.833344,40.396143],[-79.8301,40.398347],[-79.830103,40.399337],[-79.833681,40.400399],[-79.833616,40.401218]]]}},{"type":"Feature","properties":{"block_count":248,"land_area_km2":20.9229,"centroid":[-79.950468,40.539081],"bbox":[-79.99835,40.51199,-79.910194,40.568346],"boundary_source":"Approximate ZIP area: 2010 Census blocks grouped by their ZIP code (Allegheny County part only)","id":"zip-15116","name":"ZIP 15116 (Glenshaw)","zip":"15116","geography":"zip","level":"LOW","anomaly_score":0.9259000721764933,"confidence":"HIGH","case_id":"zipfile-15116","top_signal_headline":"Home sales +27% vs. county +4%"},"geometry":{"type":"MultiPolygon","coordinates":[[[[-79.936049,40.554114],[-79.93868,40.554047],[-79.938683,40.552627],[-79.938578,40.55067],[-79.938571,40.551272],[-79.934791,40.552373],[-79.934934,40.551884],[-79.935167,40.551605],[-79.935378,40.55145],[-79.935597,40.551346],[-79.936428,40.551109],[-79.937406,40.550653],[-79.93776,40.55045],[-79.93853,40.549855],[-79.938416,40.548346],[-79.938208,40.54342],[-79.939855,40.542642],[-79.940493,40.54329],[-79.940332,40.543557],[-79.940352,40.543863],[-79.942668,40.54393],[-79.94335,40.542208],[-79.943934,40.54181],[-79.943905,40.541677],[-79.944283,40.541211],[-79.944403,40.54095],[-79.943962,40.540606],[-79.943852,40.540427],[-79.943805,40.539618],[-79.943544,40.539624],[-79.94342,40.538831],[-79.941607,40.539354],[-79.941549,40.540372],[-79.941327,40.53989],[-79.941085,40.538405],[-79.942909,40.538015],[-79.942745,40.537103],[-79.943963,40.536484],[-79.944965,40.533928],[-79.94584,40.533486],[-79.946221,40.533438],[-79.946695,40.533021],[-79.948494,40.532078],[-79.948673,40.532073],[-79.949432,40.53206],[-79.949512,40.532661],[-79.949691,40.53588],[-79.951932,40.535785],[-79.953319,40.535782],[-79.953047,40.53597],[-79.952925,40.536192],[-79.952998,40.536704],[-79.952809,40.538137],[-79.952809,40.538732],[-79.952651,40.540079],[-79.962438,40.536847],[-79.962451,40.537216],[-79.962185,40.537306],[-79.96181,40.537532],[-79.961281,40.537915],[-79.96093,40.538306],[-79.960777,40.538626],[-79.960699,40.539085],[-79.960827,40.539698],[-79.961149,40.540112],[-79.961473,40.540372],[-79.963569,40.541646],[-79.963736,40.541928],[-79.963841,40.542275],[-79.963868,40.542544],[-79.963814,40.542973],[-79.963432,40.544154],[-79.963113,40.544574],[-79.962596,40.544984],[-79.962511,40.545323],[-79.962367,40.54544],[-79.962059,40.545576],[-79.962017,40.545693],[-79.962196,40.545867],[-79.961467,40.546527],[-79.960565,40.547582],[-79.959845,40.548767],[-79.959409,40.549736],[-79.959758,40.549797],[-79.960345,40.549096],[-79.960646,40.548922],[-79.960934,40.548862],[-79.961585,40.548832],[-79.962637,40.548445],[-79.963742,40.549455],[-79.964108,40.549216],[-79.968048,40.551786],[-79.968059,40.552295],[-79.96801,40.552331],[-79.968626,40.552783],[-79.969934,40.553251],[-79.971265,40.553466],[-79.971224,40.55414],[-79.971866,40.554154],[-79.971987,40.553932],[-79.979285,40.553796],[-79.979012,40.555134],[-79.982721,40.555152],[-79.982755,40.553975],[-79.988923,40.55398],[-79.988921,40.553938],[-79.991226,40.553997],[-79.994825,40.554006],[-79.994648,40.553842],[-79.994664,40.55371],[-79.994939,40.553623],[-79.994783,40.553448],[-79.994706,40.553097],[-79.994231,40.552605],[-79.994178,40.552385],[-79.99423,40.552221],[-79.99449,40.552003],[-79.995625,40.551584],[-79.99624,40.551447],[-79.996563,40.551505],[-79.996981,40.551658],[-79.997695,40.552631],[-79.998185,40.552541],[-79.99835,40.552461],[-79.998203,40.552001],[-79.997803,40.550068],[-79.997718,40.549482],[-79.997747,40.548939],[-79.997698,40.548596],[-79.996753,40.546937],[-79.995028,40.544426],[-79.994606,40.544007],[-79.993605,40.543342],[-79.99292,40.543387],[-79.992898,40.543027],[-79.992387,40.542341],[-79.991522,40.54177],[-79.990968,40.541479],[-79.990428,40.54126],[-79.989751,40.540788],[-79.989369,40.540579],[-79.989232,40.540442],[-79.989239,40.540189],[-79.989167,40.54008],[-79.988656,40.540014],[-79.988598,40.539684],[-79.988318,40.539457],[-79.988223,40.53581],[-79.988214,40.528172],[-79.988288,40.52613],[-79.988204,40.524112],[-79.987686,40.523974],[-79.987309,40.524377],[-79.986435,40.524424],[-79.986384,40.526179],[-79.986278,40.526363],[-79.98619,40.526418],[-79.985385,40.526571],[-79.984615,40.526357],[-79.983274,40.526388],[-79.983267,40.528746],[-79.978636,40.528747],[-79.978636,40.526867],[-79.980457,40.526867],[-79.980453,40.524695],[-79.979639,40.524791],[-79.979363,40.524897],[-79.978682,40.52551],[-79.977279,40.526573],[-79.976946,40.526762],[-79.975967,40.527135],[-79.975268,40.527499],[-79.974231,40.528356],[-79.974059,40.528441],[-79.973629,40.528543],[-79.972901,40.528519],[-79.972514,40.528726],[-79.972433,40.528515],[-79.972476,40.52829],[-79.97326,40.527428],[-79.973145,40.526599],[-79.972612,40.526143],[-79.972173,40.525891],[-79.971676,40.525353],[-79.971359,40.525232],[-79.970956,40.52493],[-79.970963,40.523744],[-79.97102,40.52337],[-79.970797,40.523003],[-79.970286,40.522426],[-79.970171,40.52236],[-79.969948,40.522338],[-79.969386,40.522448],[-79.969048,40.522459],[-79.968818,40.52241],[-79.968537,40.522234],[-79.968098,40.521543],[-79.96786,40.520598],[-79.967622,40.520236],[-79.967198,40.520055],[-79.966874,40.520033],[-79.966464,40.520181],[-79.966104,40.520494],[-79.965694,40.521164],[-79.964723,40.521593],[-79.964061,40.521566],[-79.963485,40.521423],[-79.96314,40.521192],[-79.963097,40.521066],[-79.963147,40.520726],[-79.961702,40.521574],[-79.96159,40.521444],[-79.961614,40.521319],[-79.958826,40.52148],[-79.958581,40.521568],[-79.958098,40.52204],[-79.956387,40.521396],[-79.956386,40.52087],[-79.953834,40.519394],[-79.954907,40.517244],[-79.95502,40.516889],[-79.955072,40.516509],[-79.954928,40.515915],[-79.954757,40.515563],[-79.954501,40.515234],[-79.952726,40.513118],[-79.951531,40.513871],[-79.949775,40.512392],[-79.949359,40.51218],[-79.948824,40.51199],[-79.948321,40.512553],[-79.947253,40.513295],[-79.947011,40.513375],[-79.947179,40.512854],[-79.947224,40.512473],[-79.9468,40.512463],[-79.946608,40.512632],[-79.94661,40.512758],[-79.946507,40.512867],[-79.946292,40.512732],[-79.944954,40.514386],[-79.943884,40.515516],[-79.943403,40.515022],[-79.9433,40.515599],[-79.943171,40.515934],[-79.941977,40.517604],[-79.941789,40.517774],[-79.940753,40.51846],[-79.939451,40.519202],[-79.93917,40.519246],[-79.938219,40.519269],[-79.938033,40.519327],[-79.937118,40.51933],[-79.93664,40.512128],[-79.936963,40.518859],[-79.933307,40.523479],[-79.921881,40.522864],[-79.922224,40.524485],[-79.922485,40.524822],[-79.922464,40.525001],[-79.922365,40.525151],[-79.922968,40.528002],[-79.921597,40.530133],[-79.922118,40.530223],[-79.923212,40.530518],[-79.923659,40.530462],[-79.922924,40.531199],[-79.922247,40.532105],[-79.922186,40.532388],[-79.92218,40.533023],[-79.922097,40.533302],[-79.92093,40.535141],[-79.920742,40.535554],[-79.920627,40.535972],[-79.916442,40.536107],[-79.913097,40.536165],[-79.912894,40.536459],[-79.912495,40.536872],[-79.911096,40.537733],[-79.912127,40.538826],[-79.913092,40.540013],[-79.913225,40.54031],[-79.913654,40.540848],[-79.912708,40.540866],[-79.91296,40.546863],[-79.910199,40.546985],[-79.910194,40.5483],[-79.913231,40.54905],[-79.913622,40.549207],[-79.913957,40.549425],[-79.914298,40.549834],[-79.913946,40.550148],[-79.913809,40.5505],[-79.913816,40.550763],[-79.91396,40.551351],[-79.914147,40.551785],[-79.915097,40.552707],[-79.916133,40.553888],[-79.916536,40.554168],[-79.917371,40.554553],[-79.917677,40.554827],[-79.915083,40.554947],[-79.915228,40.567494],[-79.91623,40.566975],[-79.917045,40.566274],[-79.917304,40.566181],[-79.917505,40.566173],[-79.917726,40.566221],[-79.918296,40.566537],[-79.91898,40.567044],[-79.919626,40.567258],[-79.91993,40.567427],[-79.920196,40.567817],[-79.920241,40.568217],[-79.920389,40.568346],[-79.922146,40.567713],[-79.923238,40.567521],[-79.923722,40.567323],[-79.924198,40.567235],[-79.9245,40.567063],[-79.925565,40.566128],[-79.925752,40.566029],[-79.927261,40.565678],[-79.928111,40.565783],[-79.928111,40.565469],[-79.928195,40.565082],[-79.928924,40.563838],[-79.929041,40.563441],[-79.928959,40.562354],[-79.928597,40.561016],[-79.928633,40.560659],[-79.929143,40.560935],[-79.929574,40.561355],[-79.930319,40.562614],[-79.931203,40.562347],[-79.932012,40.562239],[-79.931942,40.561247],[-79.93232,40.561173],[-79.932555,40.561062],[-79.932713,40.560926],[-79.933029,40.560565],[-79.93341,40.559961],[-79.935564,40.558071],[-79.935811,40.557764],[-79.9362,40.556418],[-79.936227,40.555894],[-79.935659,40.555907],[-79.935541,40.554181],[-79.935894,40.55418],[-79.936107,40.554286],[-79.936049,40.554114]]],[[[-79.939188,40.552462],[-79.939154,40.552505],[-79.941077,40.551367],[-79.939179,40.551555],[-79.939174,40.552453],[-79.93909,40.552534],[-79.939188,40.552462]]]]}},{"type":"Feature","properties":{"block_count":611,"land_area_km2":12.1026,"centroid":[-79.906767,40.396114],"bbox":[-79.933008,40.375166,-79.876562,40.415969],"boundary_source":"Approximate ZIP area: 2010 Census blocks grouped by their ZIP code (Allegheny County part only)","id":"zip-15120","name":"ZIP 15120 (Munhall)","zip":"15120","geography":"zip","level":"LOW","anomaly_score":0.8492619188328262,"confidence":"HIGH","case_id":"zipfile-15120","top_signal_headline":"Sale prices +31% vs. county +19%"},"geometry":{"type":"Polygon","coordinates":[[[-79.932561,40.393628],[-79.932357,40.391499],[-79.929701,40.389745],[-79.929619,40.389731],[-79.929539,40.389793],[-79.928008,40.391085],[-79.92588,40.389425],[-79.925411,40.389533],[-79.924868,40.389537],[-79.925328,40.388955],[-79.923753,40.386786],[-79.923368,40.384572],[-79.923503,40.382724],[-79.92383,40.381742],[-79.923387,40.379375],[-79.923491,40.379139],[-79.923234,40.378984],[-79.922837,40.378823],[-79.922362,40.37878],[-79.92183,40.378656],[-79.920496,40.378069],[-79.920063,40.378044],[-79.919824,40.378165],[-79.918153,40.379386],[-79.915668,40.380277],[-79.914389,40.378167],[-79.914002,40.377636],[-79.913388,40.377097],[-79.912417,40.376513],[-79.910442,40.378282],[-79.910534,40.378588],[-79.910658,40.378699],[-79.910585,40.378768],[-79.910398,40.378439],[-79.910293,40.378546],[-79.908347,40.378153],[-79.909336,40.376895],[-79.905715,40.375486],[-79.904994,40.375376],[-79.90269,40.375405],[-79.89919,40.375204],[-79.898201,40.375166],[-79.897878,40.375197],[-79.897483,40.375373],[-79.896828,40.375935],[-79.89644,40.376202],[-79.896403,40.376324],[-79.895663,40.376902],[-79.895439,40.376992],[-79.894342,40.376782],[-79.894283,40.376678],[-79.893838,40.37662],[-79.892708,40.376365],[-79.891768,40.376307],[-79.891307,40.376352],[-79.891145,40.377309],[-79.890952,40.379381],[-79.890247,40.380182],[-79.889376,40.380808],[-79.890977,40.381441],[-79.890071,40.382954],[-79.889976,40.383781],[-79.890352,40.383878],[-79.890474,40.383273],[-79.890888,40.383267],[-79.890914,40.382961],[-79.894597,40.384212],[-79.894391,40.386414],[-79.894723,40.387089],[-79.894852,40.387748],[-79.894685,40.387731],[-79.894652,40.387935],[-79.894418,40.388157],[-79.894311,40.388431],[-79.894152,40.389218],[-79.894252,40.389552],[-79.893972,40.390157],[-79.893655,40.390366],[-79.893476,40.390846],[-79.893562,40.391127],[-79.893403,40.391972],[-79.893582,40.392158],[-79.893539,40.392676],[-79.893733,40.392961],[-79.894171,40.393403],[-79.894163,40.393524],[-79.894264,40.393759],[-79.894127,40.394163],[-79.89384,40.394485],[-79.893616,40.394951],[-79.893513,40.395354],[-79.893679,40.395393],[-79.891401,40.396307],[-79.889789,40.395232],[-79.889391,40.395517],[-79.88455,40.397481],[-79.885402,40.398718],[-79.884827,40.398951],[-79.884422,40.399182],[-79.884084,40.399471],[-79.883514,40.400118],[-79.883048,40.400483],[-79.882472,40.400732],[-79.88064,40.401312],[-79.880158,40.400821],[-79.876562,40.402272],[-79.87935,40.40429],[-79.881203,40.405551],[-79.890571,40.410569],[-79.896807,40.414755],[-79.899249,40.415815],[-79.899542,40.415871],[-79.906272,40.415969],[-79.907358,40.415796],[-79.911057,40.415042],[-79.912693,40.414523],[-79.915403,40.413226],[-79.91727,40.411908],[-79.918755,40.410596],[-79.921198,40.408216],[-79.924057,40.404487],[-79.925532,40.402884],[-79.927225,40.400926],[-79.929157,40.399256],[-79.931565,40.39816],[-79.933008,40.397631],[-79.932561,40.393628]]]}},{"type":"Feature","properties":{"block_count":450,"land_area_km2":32.6523,"centroid":[-79.905171,40.360256],"bbox":[-79.956256,40.319848,-79.846969,40.402272],"boundary_source":"Approximate ZIP area: 2010 Census blocks grouped by their ZIP code (Allegheny County part only)","id":"zip-15122","name":"ZIP 15122 (West Mifflin)","zip":"15122","geography":"zip","level":"LOW","anomaly_score":0.579193206224973,"confidence":"HIGH","case_id":"zipfile-15122","top_signal_headline":null},"geometry":{"type":"Polygon","coordinates":[[[-79.893858,40.339983],[-79.893437,40.340744],[-79.895634,40.341251],[-79.895911,40.341451],[-79.896232,40.341835],[-79.895324,40.344546],[-79.89699,40.345696],[-79.897294,40.346216],[-79.89727,40.346301],[-79.906232,40.352448],[-79.905667,40.3525],[-79.904225,40.352248],[-79.903742,40.352236],[-79.902519,40.352496],[-79.902231,40.352606],[-79.902046,40.352741],[-79.901912,40.352917],[-79.901382,40.353841],[-79.899955,40.355741],[-79.899463,40.356057],[-79.898218,40.356016],[-79.897574,40.356288],[-79.895983,40.356795],[-79.894362,40.357617],[-79.893937,40.357684],[-79.892487,40.357757],[-79.892009,40.357826],[-79.888068,40.359051],[-79.887084,40.359261],[-79.885887,40.359296],[-79.884817,40.357396],[-79.883114,40.357573],[-79.881367,40.357571],[-79.8812,40.357189],[-79.880319,40.357361],[-79.87724,40.357706],[-79.876676,40.354337],[-79.874883,40.354742],[-79.872957,40.355101],[-79.866627,40.355993],[-79.863389,40.356311],[-79.860618,40.356414],[-79.855544,40.356404],[-79.853111,40.356448],[-79.850476,40.356599],[-79.847944,40.356932],[-79.847508,40.358611],[-79.846969,40.360337],[-79.85345,40.361311],[-79.854275,40.361012],[-79.854614,40.361622],[-79.855674,40.36397],[-79.856751,40.365584],[-79.859515,40.36702],[-79.859632,40.367915],[-79.859599,40.368041],[-79.858821,40.367963],[-79.858216,40.367836],[-79.857774,40.369198],[-79.857829,40.370494],[-79.857288,40.370852],[-79.859196,40.372899],[-79.859133,40.372935],[-79.861938,40.37587],[-79.861674,40.376095],[-79.864689,40.378584],[-79.866437,40.379884],[-79.868856,40.381928],[-79.858461,40.386826],[-79.854501,40.38877],[-79.864108,40.392268],[-79.865355,40.392906],[-79.868377,40.394938],[-79.870169,40.396274],[-79.87193,40.398066],[-79.873356,40.399218],[-79.87439,40.400268],[-79.875029,40.400801],[-79.876562,40.402272],[-79.880158,40.400821],[-79.88064,40.401312],[-79.882472,40.400732],[-79.883048,40.400483],[-79.883514,40.400118],[-79.884084,40.399471],[-79.884422,40.399182],[-79.884827,40.398951],[-79.885402,40.398718],[-79.88455,40.397481],[-79.889391,40.395517],[-79.889789,40.395232],[-79.891401,40.396307],[-79.893679,40.395393],[-79.893513,40.395354],[-79.893616,40.394951],[-79.89384,40.394485],[-79.894127,40.394163],[-79.894264,40.393759],[-79.894163,40.393524],[-79.894171,40.393403],[-79.893733,40.392961],[-79.893539,40.392676],[-79.893582,40.392158],[-79.893403,40.391972],[-79.893562,40.391127],[-79.893476,40.390846],[-79.893655,40.390366],[-79.893972,40.390157],[-79.894252,40.389552],[-79.894152,40.389218],[-79.894311,40.388431],[-79.894418,40.388157],[-79.894652,40.387935],[-79.894685,40.387731],[-79.894852,40.387748],[-79.894723,40.387089],[-79.894391,40.386414],[-79.894597,40.384212],[-79.890914,40.382961],[-79.890888,40.383267],[-79.890474,40.383273],[-79.890352,40.383878],[-79.889976,40.383781],[-79.890071,40.382954],[-79.890977,40.381441],[-79.889376,40.380808],[-79.890247,40.380182],[-79.890952,40.379381],[-79.891145,40.377309],[-79.891307,40.376352],[-79.891768,40.376307],[-79.892708,40.376365],[-79.893838,40.37662],[-79.894283,40.376678],[-79.894342,40.376782],[-79.895439,40.376992],[-79.895663,40.376902],[-79.896403,40.376324],[-79.89644,40.376202],[-79.896828,40.375935],[-79.897483,40.375373],[-79.897811,40.375212],[-79.898201,40.375166],[-79.902216,40.37539],[-79.905264,40.375396],[-79.905932,40.375558],[-79.908844,40.376692],[-79.911818,40.372805],[-79.90854,40.370452],[-79.903438,40.371889],[-79.901317,40.367513],[-79.900295,40.365255],[-79.905252,40.362861],[-79.904944,40.362165],[-79.905993,40.362086],[-79.907207,40.361566],[-79.907616,40.362284],[-79.907663,40.360414],[-79.907848,40.359758],[-79.909507,40.359101],[-79.910296,40.359122],[-79.912735,40.359679],[-79.913819,40.359426],[-79.915815,40.359337],[-79.920141,40.364955],[-79.920665,40.365361],[-79.922285,40.368633],[-79.92236,40.370712],[-79.923438,40.370532],[-79.924682,40.373062],[-79.924982,40.375091],[-79.926577,40.374999],[-79.939439,40.373941],[-79.940651,40.374682],[-79.942057,40.373082],[-79.94324,40.37188],[-79.945768,40.369527],[-79.947868,40.368861],[-79.948771,40.366818],[-79.948852,40.364623],[-79.950259,40.3607],[-79.95154,40.359673],[-79.952029,40.359511],[-79.952447,40.359262],[-79.95368,40.358719],[-79.95436,40.358588],[-79.954654,40.358468],[-79.954827,40.358308],[-79.955263,40.357637],[-79.95595,40.356932],[-79.955663,40.356761],[-79.955613,40.356652],[-79.955992,40.355899],[-79.956256,40.354797],[-79.956241,40.353558],[-79.956144,40.353348],[-79.955957,40.353249],[-79.954708,40.353086],[-79.954016,40.352848],[-79.953177,40.352356],[-79.951073,40.350941],[-79.950453,40.350598],[-79.94952,40.350233],[-79.948215,40.350027],[-79.947966,40.349921],[-79.947796,40.349701],[-79.947699,40.348989],[-79.947605,40.348703],[-79.947262,40.34814],[-79.947206,40.347937],[-79.947232,40.347417],[-79.947043,40.346882],[-79.946716,40.346335],[-79.946456,40.346044],[-79.946121,40.345906],[-79.945848,40.345875],[-79.944601,40.346023],[-79.943383,40.346108],[-79.943289,40.345972],[-79.94317,40.345448],[-79.942855,40.345285],[-79.942374,40.344699],[-79.943586,40.344061],[-79.943323,40.343885],[-79.942997,40.343482],[-79.942652,40.343316],[-79.942193,40.343287],[-79.940645,40.343363],[-79.940534,40.342328],[-79.940211,40.341401],[-79.940271,40.34105],[-79.940455,40.340668],[-79.941022,40.340988],[-79.941438,40.341066],[-79.943787,40.34063],[-79.944295,40.340484],[-79.945316,40.339772],[-79.948045,40.338697],[-79.947676,40.338402],[-79.948103,40.337894],[-79.948264,40.337567],[-79.948317,40.337289],[-79.948724,40.337164],[-79.949138,40.336788],[-79.948588,40.336583],[-79.948171,40.336358],[-79.94752,40.335806],[-79.946816,40.335405],[-79.947094,40.3353],[-79.94676,40.334737],[-79.946618,40.334358],[-79.94575,40.331655],[-79.944198,40.325802],[-79.943604,40.324292],[-79.942203,40.321135],[-79.941828,40.321373],[-79.940789,40.322439],[-79.940578,40.322739],[-79.940276,40.323784],[-79.939031,40.326459],[-79.938755,40.327312],[-79.938411,40.327994],[-79.938255,40.328528],[-79.937748,40.329356],[-79.937307,40.329938],[-79.932389,40.327083],[-79.931727,40.327948],[-79.931594,40.328042],[-79.930139,40.326459],[-79.929518,40.326042],[-79.928274,40.325555],[-79.927853,40.325345],[-79.92738,40.324959],[-79.927056,40.324479],[-79.926238,40.324568],[-79.925802,40.325599],[-79.900071,40.319848],[-79.900314,40.320169],[-79.901589,40.321316],[-79.901789,40.321557],[-79.901937,40.321862],[-79.902348,40.323682],[-79.902537,40.323972],[-79.902868,40.324234],[-79.903289,40.324404],[-79.903706,40.324464],[-79.904665,40.324435],[-79.905973,40.324227],[-79.908367,40.324424],[-79.909002,40.324625],[-79.909307,40.32479],[-79.910538,40.325582],[-79.910995,40.326028],[-79.911193,40.326446],[-79.911201,40.327092],[-79.911046,40.327498],[-79.910348,40.328389],[-79.91014,40.328764],[-79.909969,40.329359],[-79.909972,40.329968],[-79.91007,40.330367],[-79.910726,40.332134],[-79.911119,40.336181],[-79.911224,40.33669],[-79.911526,40.337313],[-79.911724,40.337588],[-79.91287,40.338637],[-79.912855,40.338767],[-79.91265,40.338897],[-79.912112,40.338821],[-79.911381,40.338866],[-79.905404,40.340266],[-79.904498,40.340562],[-79.902962,40.341224],[-79.902446,40.34136],[-79.902158,40.341338],[-79.90164,40.341107],[-79.900848,40.340317],[-79.899088,40.338755],[-79.898627,40.338464],[-79.898293,40.338374],[-79.897551,40.338357],[-79.896384,40.338417],[-79.895975,40.33834],[-79.894998,40.337989],[-79.893858,40.339983]]]}},{"type":"Feature","properties":{"block_count":241,"land_area_km2":55.4949,"centroid":[-80.283167,40.463286],"bbox":[-80.360873,40.425329,-80.210261,40.498787],"boundary_source":"Approximate ZIP area: 2010 Census blocks grouped by their ZIP code (Allegheny County part only)","id":"zip-15126","name":"ZIP 15126 (Imperial)","zip":"15126","geography":"zip","level":"HIGH","anomaly_score":1.8433026026705082,"confidence":"HIGH","case_id":"zcase-011","top_signal_headline":"Sale prices +44% vs. county +19%"},"geometry":{"type":"Polygon","coordinates":[[[-80.346069,40.48812],[-80.348732,40.486179],[-80.350441,40.484997],[-80.351575,40.484127],[-80.354385,40.482309],[-80.355143,40.481613],[-80.360873,40.477539],[-80.351544,40.470067],[-80.35084,40.469331],[-80.349449,40.468371],[-80.348968,40.467891],[-80.347481,40.466691],[-80.333185,40.45523],[-80.316551,40.441805],[-80.31559,40.440985],[-80.31071,40.437124],[-80.310055,40.436436],[-80.299559,40.427828],[-80.297335,40.426035],[-80.297096,40.425924],[-80.296443,40.425329],[-80.28504,40.433488],[-80.284767,40.435819],[-80.284527,40.437315],[-80.284721,40.437568],[-80.284764,40.437726],[-80.284721,40.438001],[-80.284541,40.438441],[-80.283296,40.440776],[-80.283045,40.441094],[-80.282606,40.441438],[-80.28262,40.441512],[-80.282013,40.441814],[-80.280668,40.442112],[-80.272094,40.431719],[-80.271044,40.431627],[-80.270918,40.431534],[-80.270891,40.431392],[-80.2692,40.431285],[-80.268528,40.431447],[-80.267015,40.432071],[-80.266528,40.432161],[-80.266062,40.432139],[-80.26401,40.431696],[-80.264048,40.430625],[-80.261738,40.430598],[-80.260728,40.430682],[-80.259847,40.430841],[-80.258685,40.431235],[-80.252456,40.434607],[-80.252403,40.434486],[-80.246312,40.437735],[-80.24528,40.4382],[-80.244673,40.438403],[-80.242993,40.438848],[-80.241016,40.439192],[-80.238335,40.439274],[-80.237679,40.439368],[-80.238552,40.440578],[-80.239008,40.440585],[-80.243409,40.441221],[-80.247122,40.44078],[-80.247909,40.440646],[-80.248607,40.440353],[-80.250616,40.439324],[-80.243702,40.444988],[-80.241119,40.442761],[-80.23951,40.441708],[-80.239097,40.441743],[-80.237306,40.441656],[-80.233135,40.441151],[-80.23269,40.441017],[-80.231413,40.440488],[-80.230722,40.440321],[-80.230243,40.440265],[-80.227547,40.440086],[-80.223481,40.440022],[-80.222516,40.439952],[-80.22026,40.439708],[-80.216632,40.439237],[-80.216829,40.441029],[-80.215551,40.441614],[-80.216376,40.445176],[-80.21625,40.445783],[-80.2167,40.446659],[-80.211457,40.449287],[-80.210261,40.453099],[-80.211048,40.453334],[-80.211328,40.453344],[-80.212159,40.453253],[-80.212625,40.452589],[-80.213794,40.451131],[-80.214666,40.451373],[-80.214713,40.451999],[-80.215032,40.452566],[-80.216811,40.452315],[-80.223466,40.452829],[-80.226236,40.45401],[-80.2267,40.453284],[-80.22722,40.453124],[-80.227876,40.452778],[-80.228576,40.452625],[-80.229327,40.451608],[-80.229852,40.451631],[-80.230294,40.451754],[-80.231313,40.4527],[-80.231342,40.453316],[-80.231642,40.454546],[-80.232851,40.454539],[-80.233442,40.454633],[-80.232956,40.454973],[-80.233161,40.455089],[-80.233115,40.455121],[-80.22729,40.458506],[-80.226793,40.45894],[-80.226421,40.459587],[-80.226633,40.45978],[-80.226885,40.460453],[-80.226913,40.46066],[-80.226734,40.461172],[-80.226735,40.46133],[-80.226907,40.461755],[-80.227188,40.462085],[-80.227274,40.462289],[-80.227268,40.463685],[-80.227693,40.465111],[-80.227995,40.465667],[-80.228779,40.466362],[-80.228909,40.46657],[-80.228959,40.466863],[-80.228917,40.46707],[-80.229025,40.467417],[-80.228982,40.467687],[-80.22919,40.468243],[-80.229133,40.468756],[-80.22932,40.469199],[-80.230134,40.470308],[-80.230162,40.470811],[-80.229134,40.471208],[-80.22802,40.471504],[-80.226639,40.471706],[-80.217239,40.472698],[-80.217117,40.473331],[-80.216752,40.473613],[-80.215651,40.474099],[-80.214224,40.474574],[-80.21293,40.474814],[-80.212165,40.475178],[-80.212338,40.475269],[-80.213158,40.475072],[-80.213426,40.475127],[-80.213633,40.475242],[-80.214006,40.475595],[-80.214352,40.476341],[-80.214683,40.476699],[-80.215375,40.476984],[-80.216168,40.477457],[-80.216775,40.477757],[-80.216949,40.477951],[-80.217283,40.478184],[-80.217695,40.478258],[-80.218343,40.478263],[-80.218668,40.478355],[-80.21894,40.478711],[-80.219131,40.479385],[-80.219383,40.479954],[-80.219566,40.480179],[-80.220086,40.480551],[-80.220661,40.480816],[-80.221042,40.48094],[-80.221337,40.480942],[-80.222292,40.480782],[-80.222711,40.48092],[-80.222753,40.480997],[-80.222711,40.4811],[-80.222325,40.481379],[-80.222241,40.481502],[-80.222179,40.481705],[-80.2222,40.481836],[-80.22228,40.481994],[-80.222711,40.482488],[-80.222827,40.482934],[-80.222956,40.483133],[-80.223179,40.483347],[-80.223683,40.483697],[-80.223921,40.483951],[-80.224136,40.484416],[-80.224281,40.485021],[-80.22443,40.485353],[-80.226415,40.485404],[-80.226674,40.484932],[-80.226845,40.484894],[-80.227331,40.484898],[-80.226826,40.485329],[-80.226799,40.485411],[-80.254602,40.486145],[-80.255011,40.485234],[-80.255662,40.484103],[-80.256715,40.481972],[-80.256835,40.480842],[-80.256691,40.480369],[-80.256747,40.480224],[-80.256956,40.479985],[-80.2616,40.482638],[-80.262503,40.483236],[-80.263518,40.484022],[-80.268617,40.48861],[-80.27781,40.495782],[-80.279545,40.497665],[-80.279953,40.498219],[-80.280235,40.498787],[-80.282744,40.498449],[-80.283414,40.498294],[-80.284128,40.497999],[-80.285254,40.497385],[-80.28571,40.4972],[-80.287296,40.496682],[-80.288014,40.496565],[-80.288205,40.496458],[-80.288315,40.496334],[-80.288687,40.495762],[-80.287086,40.495199],[-80.2863,40.494397],[-80.286079,40.49339],[-80.286457,40.492839],[-80.285655,40.492729],[-80.285497,40.491707],[-80.285864,40.490631],[-80.286581,40.490958],[-80.287624,40.49154],[-80.290578,40.493011],[-80.291153,40.492307],[-80.292211,40.491249],[-80.2929,40.490856],[-80.294187,40.490313],[-80.294413,40.49012],[-80.294977,40.489459],[-80.295236,40.48928],[-80.292846,40.48982],[-80.291104,40.490678],[-80.290721,40.490196],[-80.291137,40.489948],[-80.291714,40.489692],[-80.292223,40.489558],[-80.292365,40.489187],[-80.291232,40.48867],[-80.29167,40.487721],[-80.29014,40.486401],[-80.289354,40.485635],[-80.289285,40.485322],[-80.289396,40.484584],[-80.282929,40.483806],[-80.282643,40.483907],[-80.281858,40.483904],[-80.28161,40.483955],[-80.281015,40.484219],[-80.280726,40.484254],[-80.276626,40.483652],[-80.274595,40.483456],[-80.276171,40.479371],[-80.276171,40.477891],[-80.27577,40.475639],[-80.275894,40.475115],[-80.280952,40.472401],[-80.286442,40.468746],[-80.299863,40.458438],[-80.300026,40.45859],[-80.30045,40.458408],[-80.300608,40.458463],[-80.300845,40.458703],[-80.301183,40.458944],[-80.301392,40.459522],[-80.301737,40.460001],[-80.302031,40.460625],[-80.302204,40.460819],[-80.302607,40.46102],[-80.30275,40.461169],[-80.303045,40.461748],[-80.303203,40.462465],[-80.303591,40.46313],[-80.30367,40.463423],[-80.303634,40.46367],[-80.303476,40.463985],[-80.303491,40.464142],[-80.303735,40.464657],[-80.304015,40.464925],[-80.304339,40.465373],[-80.30477,40.465799],[-80.304871,40.465993],[-80.304885,40.466146],[-80.304734,40.466375],[-80.304705,40.466528],[-80.305051,40.466931],[-80.304986,40.467566],[-80.305349,40.468875],[-80.304204,40.469607],[-80.302838,40.470232],[-80.301241,40.471798],[-80.300663,40.472766],[-80.299942,40.473588],[-80.299049,40.475449],[-80.298355,40.477187],[-80.296866,40.479307],[-80.296355,40.480204],[-80.295787,40.480919],[-80.295084,40.482496],[-80.289507,40.483912],[-80.295236,40.48928],[-80.295656,40.488992],[-80.296079,40.488907],[-80.29706,40.488863],[-80.297167,40.488534],[-80.29747,40.488329],[-80.297652,40.488359],[-80.297907,40.488558],[-80.298075,40.48831],[-80.298356,40.487554],[-80.298807,40.487156],[-80.299295,40.486882],[-80.29973,40.487363],[-80.303557,40.489867],[-80.303558,40.4911],[-80.30403,40.491302],[-80.305777,40.492903],[-80.307364,40.492972],[-80.308858,40.493096],[-80.311023,40.493392],[-80.3128,40.493736],[-80.317782,40.494953],[-80.318478,40.495064],[-80.31934,40.495102],[-80.320206,40.495016],[-80.320929,40.49486],[-80.326974,40.493161],[-80.328379,40.492619],[-80.331782,40.490911],[-80.331181,40.489281],[-80.331006,40.489075],[-80.330227,40.487721],[-80.329529,40.485097],[-80.328939,40.48324],[-80.331498,40.482307],[-80.334075,40.487224],[-80.335458,40.489086],[-80.336409,40.48872],[-80.337395,40.488518],[-80.344602,40.487679],[-80.344683,40.488854],[-80.344816,40.489034],[-80.346069,40.48812]]]}},{"type":"Feature","properties":{"block_count":187,"land_area_km2":19.956,"centroid":[-79.994664,40.293762],"bbox":[-80.038165,40.268662,-79.956147,40.32112],"boundary_source":"Approximate ZIP area: 2010 Census blocks grouped by their ZIP code (Allegheny County part only)","id":"zip-15129","name":"ZIP 15129 (South Park)","zip":"15129","geography":"zip","level":"LOW","anomaly_score":0.42891462689093013,"confidence":"HIGH","case_id":"zipfile-15129","top_signal_headline":null},"geometry":{"type":"Polygon","coordinates":[[[-80.0331,40.287848],[-80.025637,40.285467],[-80.00278,40.278677],[-79.982208,40.272778],[-79.974338,40.27039],[-79.974069,40.270067],[-79.973393,40.269883],[-79.973309,40.269935],[-79.972978,40.269772],[-79.97137,40.269369],[-79.970172,40.268969],[-79.969083,40.268662],[-79.963093,40.272761],[-79.956147,40.278035],[-79.956764,40.278247],[-79.960273,40.279666],[-79.964966,40.281093],[-79.963945,40.282273],[-79.965208,40.285262],[-79.965495,40.288772],[-79.968529,40.290698],[-79.968951,40.291022],[-79.970153,40.291794],[-79.971043,40.292324],[-79.971495,40.293293],[-79.972653,40.296313],[-79.972904,40.297373],[-79.972961,40.29762],[-79.972784,40.299738],[-79.974602,40.302829],[-79.976372,40.306044],[-79.976411,40.307615],[-79.976368,40.309194],[-79.979022,40.311685],[-79.9789,40.315037],[-79.97901,40.316649],[-79.978718,40.317081],[-79.979123,40.317298],[-79.979327,40.318338],[-79.979909,40.318014],[-79.980288,40.318607],[-79.980458,40.318305],[-79.980048,40.317125],[-79.979854,40.316793],[-79.979954,40.314469],[-79.980182,40.314186],[-79.980113,40.313838],[-79.980289,40.313329],[-79.980169,40.313792],[-79.980291,40.31398],[-79.980396,40.314026],[-79.980843,40.314],[-79.981279,40.314043],[-79.982819,40.314621],[-79.990481,40.313895],[-79.990358,40.313517],[-79.991404,40.313231],[-79.991759,40.313615],[-79.992,40.313785],[-79.993459,40.31447],[-79.99425,40.314927],[-79.995072,40.315518],[-79.995853,40.315891],[-79.995365,40.316552],[-79.99534,40.316652],[-79.995569,40.316782],[-79.998247,40.315729],[-79.998696,40.315626],[-79.999393,40.315655],[-80.000371,40.316011],[-80.000698,40.316081],[-80.001036,40.316082],[-80.001305,40.316012],[-80.001384,40.316257],[-80.001383,40.316945],[-80.00121,40.317618],[-80.001272,40.317987],[-80.001348,40.318107],[-80.001484,40.31817],[-80.001651,40.318167],[-80.002067,40.317878],[-80.002691,40.31768],[-80.002983,40.317644],[-80.003104,40.317718],[-80.003125,40.317795],[-80.003085,40.3181],[-80.003152,40.318624],[-80.002921,40.319327],[-80.002636,40.320018],[-80.002186,40.320543],[-80.002211,40.320755],[-80.002382,40.320904],[-80.002616,40.320953],[-80.003378,40.320839],[-80.004901,40.320495],[-80.006067,40.320437],[-80.006674,40.320204],[-80.006868,40.320258],[-80.007047,40.320391],[-80.007206,40.319962],[-80.007989,40.319623],[-80.00816,40.319746],[-80.008395,40.319744],[-80.008878,40.320581],[-80.009341,40.32112],[-80.015386,40.311939],[-80.019508,40.30579],[-80.019593,40.305857],[-80.020457,40.304665],[-80.020534,40.304697],[-80.020925,40.304074],[-80.02077,40.304044],[-80.021085,40.30352],[-80.020752,40.303385],[-80.021429,40.30272],[-80.021351,40.302527],[-80.02099,40.302199],[-80.022936,40.300874],[-80.023263,40.300578],[-80.023834,40.298393],[-80.023967,40.298233],[-80.024936,40.297809],[-80.02511,40.297784],[-80.025542,40.297879],[-80.026103,40.296371],[-80.026176,40.29604],[-80.026707,40.294856],[-80.026784,40.294895],[-80.029256,40.29297],[-80.030389,40.292012],[-80.030472,40.29199],[-80.032004,40.289568],[-80.032995,40.289361],[-80.033967,40.289281],[-80.035891,40.28921],[-80.038165,40.289194],[-80.0331,40.287848]]]}},{"type":"Feature","properties":{"block_count":221,"land_area_km2":17.9384,"centroid":[-79.801101,40.337197],"bbox":[-79.831811,40.294626,-79.776554,40.363448],"boundary_source":"Approximate ZIP area: 2010 Census blocks grouped by their ZIP code (Allegheny County part only)","id":"zip-15131","name":"ZIP 15131 (White Oak)","zip":"15131","geography":"zip","level":"LOW","anomaly_score":0.7655648337759561,"confidence":"HIGH","case_id":"zipfile-15131","top_signal_headline":null},"geometry":{"type":"Polygon","coordinates":[[[-79.825505,40.361492],[-79.825805,40.362031],[-79.825925,40.361961],[-79.826515,40.362056],[-79.827255,40.361614],[-79.82817,40.36115],[-79.829103,40.361202],[-79.829245,40.361153],[-79.831039,40.359953],[-79.830742,40.359519],[-79.831226,40.359028],[-79.831811,40.358255],[-79.830492,40.357612],[-79.828673,40.357046],[-79.828,40.356927],[-79.827758,40.356841],[-79.82664,40.356216],[-79.823247,40.353975],[-79.823764,40.353806],[-79.824398,40.354168],[-79.826386,40.352009],[-79.826662,40.351919],[-79.82808,40.351883],[-79.829295,40.351676],[-79.829809,40.351372],[-79.829836,40.35126],[-79.830067,40.350986],[-79.830121,40.350763],[-79.830197,40.349593],[-79.830285,40.34921],[-79.830749,40.348142],[-79.830971,40.347913],[-79.829184,40.345393],[-79.828611,40.344703],[-79.824572,40.344854],[-79.822596,40.344705],[-79.821767,40.34469],[-79.821951,40.343878],[-79.819121,40.34378],[-79.818827,40.338166],[-79.819337,40.338151],[-79.819172,40.338031],[-79.819017,40.337731],[-79.819059,40.337433],[-79.819173,40.337271],[-79.819517,40.337069],[-79.82026,40.33703],[-79.82008,40.334686],[-79.818917,40.33403],[-79.818724,40.333824],[-79.818509,40.333331],[-79.819379,40.333148],[-79.819651,40.333194],[-79.819998,40.333378],[-79.819994,40.332088],[-79.8196,40.330098],[-79.818201,40.327471],[-79.818035,40.327758],[-79.81713,40.328648],[-79.816321,40.328077],[-79.816018,40.327675],[-79.815887,40.327352],[-79.815834,40.326891],[-79.816242,40.324275],[-79.816396,40.324049],[-79.817478,40.322899],[-79.817691,40.322441],[-79.817696,40.322001],[-79.816735,40.320655],[-79.816069,40.319601],[-79.814419,40.319875],[-79.812481,40.320057],[-79.810506,40.320165],[-79.803281,40.319804],[-79.802054,40.31965],[-79.800465,40.319398],[-79.796214,40.318319],[-79.795418,40.318886],[-79.793193,40.318036],[-79.792488,40.317721],[-79.791967,40.317444],[-79.791523,40.31714],[-79.791074,40.316778],[-79.790273,40.315927],[-79.789817,40.315293],[-79.788944,40.313817],[-79.788689,40.312902],[-79.78873,40.312288],[-79.788912,40.311533],[-79.789094,40.311089],[-79.789371,40.310585],[-79.79001,40.309648],[-79.790901,40.308575],[-79.791723,40.307831],[-79.792413,40.307291],[-79.793637,40.306471],[-79.795391,40.305643],[-79.801524,40.303775],[-79.801479,40.303692],[-79.801926,40.303531],[-79.801603,40.302856],[-79.803289,40.302228],[-79.803673,40.301997],[-79.804028,40.301558],[-79.804178,40.301134],[-79.804264,40.300582],[-79.804257,40.299927],[-79.804161,40.299557],[-79.80359,40.298532],[-79.802804,40.297671],[-79.80233,40.297292],[-79.80179,40.296942],[-79.800781,40.296458],[-79.801037,40.294884],[-79.800242,40.294746],[-79.800259,40.294628],[-79.799044,40.294626],[-79.798496,40.294704],[-79.797612,40.294946],[-79.79652,40.295516],[-79.795737,40.296217],[-79.794177,40.297905],[-79.793211,40.29853],[-79.792648,40.298823],[-79.791289,40.299249],[-79.790602,40.299383],[-79.790026,40.299434],[-79.788864,40.299427],[-79.787608,40.299211],[-79.786103,40.307034],[-79.783446,40.316783],[-79.7823,40.321526],[-79.782067,40.323269],[-79.781868,40.323769],[-79.781568,40.325269],[-79.780145,40.331162],[-79.776554,40.348647],[-79.778337,40.34891],[-79.778446,40.350094],[-79.779682,40.35028],[-79.779376,40.352512],[-79.78701,40.353458],[-79.787651,40.351867],[-79.788827,40.349694],[-79.790972,40.347234],[-79.792245,40.346571],[-79.792584,40.34661],[-79.792219,40.347156],[-79.787173,40.356204],[-79.786702,40.357136],[-79.78638,40.357898],[-79.785882,40.359481],[-79.787001,40.359647],[-79.78692,40.35993],[-79.79601,40.360217],[-79.800433,40.360098],[-79.803261,40.360222],[-79.805124,40.360352],[-79.806062,40.360273],[-79.806092,40.36039],[-79.812306,40.360795],[-79.819559,40.360778],[-79.820298,40.360807],[-79.818723,40.362132],[-79.818737,40.362197],[-79.819029,40.362389],[-79.819928,40.362261],[-79.81977,40.362592],[-79.819376,40.362885],[-79.819347,40.362961],[-79.81982,40.363448],[-79.821313,40.363133],[-79.822907,40.361924],[-79.823004,40.361894],[-79.823078,40.361922],[-79.823107,40.362019],[-79.822558,40.363081],[-79.8226,40.363302],[-79.822889,40.362995],[-79.823852,40.362359],[-79.824891,40.361275],[-79.825312,40.361128],[-79.825505,40.361492]],[[-79.800242,40.294746],[-79.800039,40.296174],[-79.798977,40.295833],[-79.798736,40.295539],[-79.798534,40.295007],[-79.798597,40.294864],[-79.798701,40.294811],[-79.7993,40.294726],[-79.800242,40.294746]]]}},{"type":"Feature","properties":{"block_count":1141,"land_area_km2":14.6219,"centroid":[-79.843146,40.339835],"bbox":[-79.885612,40.312112,-79.815834,40.364992],"boundary_source":"Approximate ZIP area: 2010 Census blocks grouped by their ZIP code (Allegheny County part only)","id":"zip-15132","name":"ZIP 15132 (McKeesport)","zip":"15132","geography":"zip","level":"LOW","anomaly_score":0.22623909132527062,"confidence":"HIGH","case_id":"zipfile-15132","top_signal_headline":null},"geometry":{"type":"Polygon","coordinates":[[[-79.82817,40.36115],[-79.827255,40.361614],[-79.826515,40.362056],[-79.826955,40.362616],[-79.827104,40.36263],[-79.827928,40.362192],[-79.829853,40.362047],[-79.830103,40.362263],[-79.830741,40.362176],[-79.830813,40.362567],[-79.830819,40.363074],[-79.832129,40.363006],[-79.832136,40.362651],[-79.832059,40.362172],[-79.833204,40.362674],[-79.833434,40.362215],[-79.833404,40.361857],[-79.833783,40.361342],[-79.834186,40.361458],[-79.835145,40.362984],[-79.836169,40.364992],[-79.836463,40.363522],[-79.836966,40.362152],[-79.837386,40.361621],[-79.837964,40.361031],[-79.839085,40.360158],[-79.841117,40.359046],[-79.843281,40.357971],[-79.844622,40.357585],[-79.84637,40.357191],[-79.848289,40.356875],[-79.850476,40.356599],[-79.853111,40.356448],[-79.855544,40.356404],[-79.860618,40.356414],[-79.863389,40.356311],[-79.866528,40.356003],[-79.872957,40.355101],[-79.876551,40.354393],[-79.878293,40.353641],[-79.879572,40.352747],[-79.880846,40.351649],[-79.881408,40.351046],[-79.882333,40.349564],[-79.885612,40.345168],[-79.881796,40.343386],[-79.880967,40.341802],[-79.881271,40.341569],[-79.882219,40.340437],[-79.882651,40.339813],[-79.881498,40.339768],[-79.880352,40.340994],[-79.874881,40.34539],[-79.87344,40.347605],[-79.872527,40.347618],[-79.871673,40.347736],[-79.871242,40.349015],[-79.871074,40.349028],[-79.870838,40.348318],[-79.870915,40.348207],[-79.869759,40.34512],[-79.869133,40.343702],[-79.868541,40.342694],[-79.867469,40.341273],[-79.866332,40.340078],[-79.86474,40.338701],[-79.862941,40.337438],[-79.862847,40.337619],[-79.862619,40.337852],[-79.861405,40.338816],[-79.860849,40.338398],[-79.859827,40.337896],[-79.858882,40.337351],[-79.857388,40.336291],[-79.856666,40.335487],[-79.85481,40.333668],[-79.852709,40.332187],[-79.848292,40.329527],[-79.846899,40.328789],[-79.845185,40.327448],[-79.844336,40.326608],[-79.843954,40.326001],[-79.843571,40.325337],[-79.842862,40.323855],[-79.841572,40.321546],[-79.840955,40.320239],[-79.840784,40.319754],[-79.839922,40.318236],[-79.839331,40.31728],[-79.838516,40.316202],[-79.837621,40.314722],[-79.837038,40.313904],[-79.836161,40.312888],[-79.8358,40.312593],[-79.835069,40.31239],[-79.833974,40.312174],[-79.832798,40.312112],[-79.831517,40.312115],[-79.830188,40.312264],[-79.829001,40.312576],[-79.828313,40.312851],[-79.827068,40.313444],[-79.82608,40.314046],[-79.825094,40.314708],[-79.822805,40.316374],[-79.821069,40.317537],[-79.818472,40.318875],[-79.817313,40.319264],[-79.816069,40.319611],[-79.816735,40.320655],[-79.817696,40.322001],[-79.817691,40.322441],[-79.817478,40.322899],[-79.816396,40.324049],[-79.816242,40.324275],[-79.815834,40.326891],[-79.815887,40.327352],[-79.816018,40.327675],[-79.816321,40.328077],[-79.81713,40.328648],[-79.818035,40.327758],[-79.818201,40.327471],[-79.8196,40.330098],[-79.819994,40.332088],[-79.819998,40.333378],[-79.819651,40.333194],[-79.819379,40.333148],[-79.818509,40.333331],[-79.818724,40.333824],[-79.818917,40.33403],[-79.82008,40.334686],[-79.82026,40.33703],[-79.819517,40.337069],[-79.819173,40.337271],[-79.819059,40.337433],[-79.819017,40.337731],[-79.819172,40.338031],[-79.819337,40.338151],[-79.818827,40.338166],[-79.819121,40.34378],[-79.821951,40.343878],[-79.821767,40.34469],[-79.822596,40.344705],[-79.824572,40.344854],[-79.828611,40.344703],[-79.829184,40.345393],[-79.830971,40.347913],[-79.830749,40.348142],[-79.830285,40.34921],[-79.830197,40.349593],[-79.830121,40.350763],[-79.830067,40.350986],[-79.829836,40.35126],[-79.829809,40.351372],[-79.829295,40.351676],[-79.82808,40.351883],[-79.826662,40.351919],[-79.826386,40.352009],[-79.824398,40.354168],[-79.823764,40.353806],[-79.823247,40.353975],[-79.82664,40.356216],[-79.827758,40.356841],[-79.828,40.356927],[-79.828673,40.357046],[-79.830492,40.357612],[-79.831811,40.358255],[-79.831226,40.359028],[-79.830742,40.359519],[-79.831039,40.359953],[-79.82918,40.361184],[-79.82817,40.36115]],[[-79.875888,40.34519],[-79.87688,40.344397],[-79.877285,40.344685],[-79.876289,40.345484],[-79.875888,40.34519]]]}},{"type":"Feature","properties":{"block_count":198,"land_area_km2":7.7125,"centroid":[-79.863283,40.327166],"bbox":[-79.884714,40.307014,-79.840955,40.349028],"boundary_source":"Approximate ZIP area: 2010 Census blocks grouped by their ZIP code (Allegheny County part only)","id":"zip-15133","name":"ZIP 15133 (McKeesport)","zip":"15133","geography":"zip","level":"LOW","anomaly_score":0.872777979016079,"confidence":"HIGH","case_id":"zipfile-15133","top_signal_headline":"Home values +20% vs. county +14%"},"geometry":{"type":"MultiPolygon","coordinates":[[[[-79.876406,40.344163],[-79.880352,40.340994],[-79.881498,40.339768],[-79.882651,40.339813],[-79.882219,40.340437],[-79.881407,40.341406],[-79.882432,40.34063],[-79.883289,40.339811],[-79.883408,40.339542],[-79.883482,40.339539],[-79.884714,40.336966],[-79.883537,40.336125],[-79.883904,40.335464],[-79.883106,40.3324],[-79.881111,40.331491],[-79.875434,40.329078],[-79.874238,40.327959],[-79.87231,40.326443],[-79.874416,40.323497],[-79.876294,40.320995],[-79.87411,40.320211],[-79.874442,40.319875],[-79.874682,40.319331],[-79.874693,40.319076],[-79.875245,40.317859],[-79.874683,40.317126],[-79.873874,40.31754],[-79.872191,40.315951],[-79.870014,40.316022],[-79.868291,40.317835],[-79.866439,40.313928],[-79.862838,40.30963],[-79.861449,40.307014],[-79.860099,40.307516],[-79.859239,40.309456],[-79.859056,40.30962],[-79.858642,40.30979],[-79.858718,40.310125],[-79.858719,40.310467],[-79.858497,40.311896],[-79.855209,40.312047],[-79.855023,40.312491],[-79.854693,40.312722],[-79.854198,40.31288],[-79.853574,40.312959],[-79.853216,40.313289],[-79.852506,40.313719],[-79.85105,40.314312],[-79.850239,40.314548],[-79.849336,40.314985],[-79.848841,40.315475],[-79.848583,40.315626],[-79.848397,40.315597],[-79.847952,40.315777],[-79.847413,40.315763],[-79.846782,40.315901],[-79.846553,40.315889],[-79.845893,40.315685],[-79.845491,40.315658],[-79.844379,40.315971],[-79.844006,40.316022],[-79.843584,40.316189],[-79.843332,40.316339],[-79.842457,40.317042],[-79.842249,40.317337],[-79.842113,40.317714],[-79.84197,40.317938],[-79.841219,40.31878],[-79.841857,40.319847],[-79.840955,40.320239],[-79.841572,40.321546],[-79.842862,40.323855],[-79.843571,40.325337],[-79.844336,40.326608],[-79.845185,40.327448],[-79.846385,40.328388],[-79.846899,40.328789],[-79.848292,40.329527],[-79.852709,40.332187],[-79.85481,40.333668],[-79.856666,40.335487],[-79.857388,40.336291],[-79.858882,40.337351],[-79.859827,40.337896],[-79.860849,40.338398],[-79.861405,40.338816],[-79.862619,40.337852],[-79.862847,40.337619],[-79.862941,40.337438],[-79.86474,40.338701],[-79.866332,40.340078],[-79.867469,40.341273],[-79.868541,40.342694],[-79.869133,40.343702],[-79.869759,40.34512],[-79.870915,40.348207],[-79.870838,40.348318],[-79.871074,40.349028],[-79.871242,40.349015],[-79.871673,40.347736],[-79.872527,40.347618],[-79.87344,40.347605],[-79.874881,40.34539],[-79.876406,40.344163]]],[[[-79.875888,40.34519],[-79.876289,40.345484],[-79.877285,40.344685],[-79.87688,40.344397],[-79.875888,40.34519]]]]}},{"type":"Feature","properties":{"block_count":113,"land_area_km2":10.8725,"centroid":[-79.815264,40.301641],"bbox":[-79.845028,40.27998,-79.786647,40.3189],"boundary_source":"Approximate ZIP area: 2010 Census blocks grouped by their ZIP code (Allegheny County part only)","id":"zip-15135","name":"ZIP 15135 (McKeesport)","zip":"15135","geography":"zip","level":"LOW","anomaly_score":0.9823317366528398,"confidence":"MODERATE","case_id":"zipfile-15135","top_signal_headline":"Sale prices +7% vs. county +19%"},"geometry":{"type":"Polygon","coordinates":[[[-79.800612,40.317968],[-79.804119,40.318516],[-79.806844,40.318738],[-79.80911,40.318786],[-79.813029,40.318751],[-79.81366,40.318713],[-79.815001,40.318483],[-79.816101,40.318104],[-79.817824,40.316842],[-79.818004,40.317162],[-79.818398,40.3189],[-79.821069,40.317537],[-79.822805,40.316374],[-79.825094,40.314708],[-79.827068,40.313444],[-79.828313,40.312851],[-79.829001,40.312576],[-79.830188,40.312264],[-79.831517,40.312115],[-79.832798,40.312112],[-79.83402,40.312178],[-79.835069,40.31239],[-79.8358,40.312593],[-79.836161,40.312888],[-79.836592,40.313352],[-79.837621,40.314722],[-79.838406,40.314286],[-79.837596,40.312692],[-79.837067,40.311449],[-79.835747,40.308922],[-79.836445,40.30872],[-79.835884,40.307625],[-79.836889,40.30742],[-79.836909,40.307357],[-79.837351,40.307314],[-79.837787,40.307072],[-79.837991,40.306854],[-79.838536,40.305875],[-79.838866,40.305413],[-79.839549,40.304715],[-79.839954,40.30443],[-79.840184,40.304188],[-79.840419,40.30352],[-79.840611,40.303234],[-79.841006,40.302821],[-79.841363,40.302546],[-79.841538,40.302307],[-79.841875,40.300501],[-79.842123,40.300012],[-79.842356,40.29975],[-79.842562,40.299674],[-79.842714,40.299677],[-79.844414,40.299937],[-79.845028,40.299929],[-79.844928,40.298566],[-79.841029,40.297709],[-79.837739,40.296216],[-79.832517,40.293586],[-79.830274,40.292621],[-79.827481,40.289303],[-79.827986,40.288733],[-79.827681,40.288473],[-79.826984,40.287333],[-79.813962,40.289999],[-79.813552,40.290498],[-79.813293,40.290417],[-79.812966,40.290258],[-79.813659,40.289568],[-79.815067,40.288455],[-79.815392,40.288041],[-79.815462,40.287743],[-79.81543,40.287442],[-79.814905,40.286346],[-79.814436,40.28601],[-79.812907,40.285463],[-79.812542,40.285198],[-79.812051,40.284599],[-79.811927,40.284257],[-79.811817,40.283545],[-79.811089,40.282408],[-79.810803,40.282122],[-79.809543,40.281108],[-79.808422,40.280292],[-79.808206,40.280265],[-79.807422,40.27998],[-79.805431,40.280545],[-79.804804,40.280763],[-79.804652,40.280908],[-79.804648,40.281141],[-79.805069,40.282028],[-79.805076,40.282168],[-79.804991,40.282323],[-79.804857,40.282416],[-79.804651,40.282475],[-79.802277,40.283026],[-79.798969,40.285262],[-79.787007,40.296061],[-79.786731,40.296412],[-79.786647,40.296729],[-79.786658,40.296864],[-79.786852,40.297082],[-79.787821,40.297603],[-79.787853,40.297693],[-79.788378,40.297743],[-79.789447,40.297962],[-79.790578,40.298096],[-79.792285,40.298058],[-79.79284,40.297999],[-79.793599,40.297531],[-79.796039,40.295031],[-79.797096,40.294049],[-79.798003,40.29332],[-79.798776,40.292857],[-79.799458,40.292636],[-79.800159,40.292574],[-79.800965,40.292724],[-79.801857,40.293022],[-79.802642,40.29353],[-79.805172,40.295922],[-79.806032,40.296969],[-79.806506,40.297755],[-79.806798,40.298662],[-79.806867,40.299126],[-79.806855,40.299711],[-79.806693,40.301319],[-79.806481,40.302378],[-79.805057,40.303784],[-79.804561,40.303999],[-79.803025,40.304525],[-79.797845,40.306152],[-79.7964,40.306525],[-79.795117,40.306971],[-79.794322,40.307325],[-79.792302,40.308588],[-79.792679,40.308916],[-79.793564,40.309518],[-79.793995,40.309155],[-79.793928,40.309731],[-79.794011,40.309775],[-79.794132,40.31021],[-79.794362,40.310448],[-79.794799,40.310745],[-79.794054,40.311697],[-79.79238,40.312074],[-79.792456,40.31322],[-79.792978,40.312979],[-79.793195,40.313547],[-79.793281,40.313618],[-79.795509,40.314859],[-79.797139,40.315662],[-79.796208,40.316656],[-79.79704,40.317003],[-79.798843,40.317577],[-79.800612,40.317968]],[[-79.797491,40.3126],[-79.798318,40.312058],[-79.798368,40.311937],[-79.797124,40.308865],[-79.797632,40.308496],[-79.798362,40.308334],[-79.799292,40.31184],[-79.800323,40.313753],[-79.800083,40.31399],[-79.799856,40.314058],[-79.799707,40.314053],[-79.797491,40.3126]]]}},{"type":"Feature","properties":{"block_count":608,"land_area_km2":28.8343,"centroid":[-80.10439,40.467919],"bbox":[-80.171791,40.43542,-80.046841,40.49943],"boundary_source":"Approximate ZIP area: 2010 Census blocks grouped by their ZIP code (Allegheny County part only)","id":"zip-15136","name":"ZIP 15136 (McKees Rocks)","zip":"15136","geography":"zip","level":"MEDIUM","anomaly_score":1.1015407409569817,"confidence":"HIGH","case_id":"zcase-034","top_signal_headline":"Rents +21% vs. county +14%"},"geometry":{"type":"Polygon","coordinates":[[[-80.068457,40.492122],[-80.069883,40.491894],[-80.0719,40.491736],[-80.073814,40.491522],[-80.075777,40.491226],[-80.07818,40.4911],[-80.079904,40.491319],[-80.081037,40.491511],[-80.083251,40.492561],[-80.086954,40.494499],[-80.091615,40.496614],[-80.093318,40.497151],[-80.096025,40.498257],[-80.097502,40.498742],[-80.099135,40.49943],[-80.099697,40.498159],[-80.099753,40.496847],[-80.099958,40.495586],[-80.099947,40.495032],[-80.099882,40.494841],[-80.100602,40.481267],[-80.104585,40.480172],[-80.104085,40.479559],[-80.108214,40.477542],[-80.109444,40.476631],[-80.109565,40.47673],[-80.111022,40.476396],[-80.111361,40.476414],[-80.11179,40.476659],[-80.112038,40.47716],[-80.109955,40.477591],[-80.110068,40.478237],[-80.109916,40.479025],[-80.109908,40.479463],[-80.110433,40.47938],[-80.114276,40.478493],[-80.114399,40.478911],[-80.114563,40.482044],[-80.116201,40.481897],[-80.116888,40.481742],[-80.11927,40.480868],[-80.121442,40.480196],[-80.120731,40.478818],[-80.125395,40.475656],[-80.126271,40.475531],[-80.129895,40.476542],[-80.130555,40.475307],[-80.13203,40.475817],[-80.132621,40.476455],[-80.135374,40.476089],[-80.136749,40.47024],[-80.137432,40.470581],[-80.13775,40.470192],[-80.138921,40.470742],[-80.139467,40.470369],[-80.141479,40.471285],[-80.141322,40.471878],[-80.141428,40.472106],[-80.141664,40.472329],[-80.142089,40.472505],[-80.142351,40.472537],[-80.142605,40.472512],[-80.143049,40.472343],[-80.143439,40.472061],[-80.143599,40.471862],[-80.143651,40.471631],[-80.143618,40.47144],[-80.143447,40.471186],[-80.142502,40.470294],[-80.142166,40.47019],[-80.141637,40.470183],[-80.141618,40.469526],[-80.141726,40.469308],[-80.142035,40.469092],[-80.142438,40.469055],[-80.143382,40.469268],[-80.14353,40.469342],[-80.143726,40.469546],[-80.144004,40.470039],[-80.144941,40.470887],[-80.14523,40.471087],[-80.14569,40.471127],[-80.144815,40.468134],[-80.144542,40.467584],[-80.143791,40.46636],[-80.143665,40.466251],[-80.143491,40.466191],[-80.142531,40.466169],[-80.138814,40.466472],[-80.13755,40.466789],[-80.137526,40.466371],[-80.137684,40.465981],[-80.138091,40.465888],[-80.1386,40.465693],[-80.140182,40.464623],[-80.140467,40.464476],[-80.140935,40.464306],[-80.141439,40.464208],[-80.144051,40.464011],[-80.144803,40.463855],[-80.1469,40.462897],[-80.14739,40.462569],[-80.148213,40.46179],[-80.148846,40.461422],[-80.149345,40.461287],[-80.149779,40.46125],[-80.151554,40.461382],[-80.151661,40.461198],[-80.151953,40.461473],[-80.152129,40.461807],[-80.152192,40.462058],[-80.152242,40.464641],[-80.152497,40.46517],[-80.152727,40.465418],[-80.152997,40.465614],[-80.153536,40.465859],[-80.155747,40.466388],[-80.155881,40.466401],[-80.156013,40.466227],[-80.156335,40.466111],[-80.156715,40.466198],[-80.157925,40.466629],[-80.158694,40.466605],[-80.159465,40.466668],[-80.160048,40.466585],[-80.160781,40.466243],[-80.161345,40.465863],[-80.162298,40.46394],[-80.16182,40.463375],[-80.161824,40.463242],[-80.161292,40.462766],[-80.160351,40.461673],[-80.159819,40.460958],[-80.159683,40.460686],[-80.159662,40.460506],[-80.159719,40.460331],[-80.160036,40.460085],[-80.160467,40.459611],[-80.161,40.458764],[-80.16123,40.458675],[-80.161884,40.458684],[-80.162365,40.458805],[-80.162581,40.458991],[-80.162531,40.459212],[-80.161934,40.459563],[-80.161811,40.459688],[-80.161934,40.460635],[-80.161782,40.46113],[-80.161868,40.461333],[-80.162041,40.461478],[-80.162142,40.461511],[-80.164054,40.461461],[-80.164428,40.461509],[-80.166895,40.462139],[-80.16757,40.462397],[-80.168136,40.462472],[-80.168852,40.462264],[-80.169034,40.46191],[-80.169068,40.461567],[-80.168856,40.461297],[-80.168213,40.460874],[-80.167592,40.460302],[-80.167534,40.460185],[-80.167548,40.46005],[-80.167635,40.459942],[-80.168066,40.459648],[-80.168376,40.459249],[-80.16862,40.459048],[-80.16913,40.458899],[-80.169353,40.458878],[-80.170554,40.4589],[-80.170907,40.458867],[-80.171288,40.458752],[-80.171791,40.458528],[-80.171628,40.458305],[-80.171461,40.45785],[-80.171303,40.457629],[-80.171136,40.457515],[-80.170836,40.457377],[-80.170662,40.457348],[-80.168869,40.457459],[-80.168582,40.457459],[-80.168293,40.457399],[-80.167889,40.457116],[-80.167468,40.456128],[-80.166526,40.456377],[-80.165891,40.456376],[-80.164734,40.456115],[-80.163978,40.456013],[-80.163649,40.455988],[-80.162073,40.456073],[-80.160219,40.455865],[-80.160086,40.456441],[-80.159885,40.456839],[-80.159256,40.457377],[-80.158644,40.457686],[-80.158163,40.457831],[-80.157576,40.457867],[-80.156813,40.457767],[-80.156342,40.45758],[-80.156144,40.457373],[-80.15517,40.455974],[-80.154977,40.455492],[-80.149472,40.451556],[-80.149338,40.444576],[-80.151396,40.445769],[-80.152177,40.445318],[-80.152451,40.445235],[-80.153832,40.445294],[-80.154195,40.445246],[-80.154477,40.445097],[-80.154564,40.444984],[-80.154883,40.444065],[-80.155012,40.443861],[-80.156122,40.44278],[-80.15667,40.441945],[-80.155696,40.441407],[-80.154049,40.440313],[-80.152599,40.439675],[-80.149779,40.438137],[-80.147415,40.436945],[-80.146024,40.436155],[-80.145596,40.435973],[-80.143934,40.43542],[-80.143473,40.43669],[-80.143318,40.436917],[-80.142543,40.43787],[-80.141849,40.438254],[-80.141765,40.43834],[-80.141073,40.440197],[-80.140181,40.441467],[-80.139804,40.441863],[-80.139252,40.442173],[-80.138583,40.442835],[-80.138242,40.443207],[-80.137952,40.443754],[-80.137732,40.444017],[-80.136289,40.445094],[-80.136146,40.446087],[-80.136208,40.446353],[-80.134439,40.447113],[-80.134209,40.447166],[-80.133959,40.447139],[-80.133735,40.447012],[-80.133558,40.446838],[-80.133339,40.446551],[-80.133304,40.446364],[-80.13345,40.446127],[-80.13415,40.445736],[-80.134268,40.445572],[-80.134279,40.44537],[-80.13373,40.444536],[-80.133219,40.44412],[-80.132994,40.444239],[-80.132755,40.44427],[-80.131873,40.444086],[-80.131535,40.444081],[-80.12925,40.44445],[-80.129009,40.444417],[-80.127396,40.443828],[-80.126853,40.443712],[-80.126362,40.443787],[-80.119685,40.445594],[-80.117636,40.446444],[-80.116306,40.449341],[-80.117042,40.449421],[-80.117852,40.449341],[-80.119271,40.449065],[-80.119315,40.449178],[-80.118644,40.449712],[-80.11828,40.44992],[-80.117575,40.450122],[-80.117164,40.450125],[-80.117029,40.450378],[-80.116941,40.450408],[-80.116425,40.450402],[-80.115977,40.451027],[-80.115772,40.451083],[-80.115628,40.451176],[-80.115204,40.451711],[-80.11451,40.452107],[-80.1135,40.451596],[-80.113303,40.452174],[-80.112226,40.453062],[-80.111986,40.453471],[-80.111944,40.453924],[-80.112174,40.454392],[-80.109966,40.454709],[-80.109791,40.454312],[-80.109292,40.452588],[-80.108725,40.451634],[-80.108774,40.451212],[-80.10827,40.450821],[-80.107638,40.450168],[-80.107082,40.450412],[-80.106774,40.450628],[-80.104701,40.452621],[-80.104706,40.452687],[-80.104562,40.452729],[-80.103415,40.452715],[-80.102765,40.453109],[-80.102503,40.453155],[-80.102102,40.453065],[-80.100622,40.452468],[-80.099977,40.452292],[-80.100061,40.450806],[-80.100025,40.450501],[-80.099803,40.450028],[-80.099252,40.449389],[-80.093375,40.450754],[-80.094024,40.450872],[-80.0945,40.451331],[-80.094654,40.45193],[-80.094567,40.452317],[-80.094604,40.45301],[-80.094508,40.45365],[-80.094672,40.453997],[-80.095081,40.455823],[-80.095182,40.456017],[-80.095196,40.456381],[-80.095369,40.45657],[-80.095235,40.456639],[-80.095458,40.458007],[-80.095426,40.458148],[-80.095504,40.458231],[-80.095509,40.459064],[-80.095422,40.459452],[-80.095296,40.45958],[-80.094858,40.459815],[-80.094396,40.459937],[-80.094013,40.459925],[-80.093856,40.459977],[-80.09205,40.459857],[-80.091127,40.459885],[-80.089806,40.459753],[-80.089723,40.459796],[-80.088024,40.459737],[-80.086782,40.459856],[-80.086118,40.459809],[-80.083702,40.459439],[-80.083157,40.459605],[-80.082273,40.459999],[-80.081453,40.460619],[-80.08089,40.461237],[-80.080249,40.46249],[-80.079934,40.463366],[-80.079397,40.463854],[-80.078059,40.464684],[-80.077697,40.464736],[-80.077343,40.464749],[-80.076707,40.464695],[-80.076265,40.464558],[-80.074759,40.463612],[-80.072334,40.461374],[-80.070452,40.461063],[-80.070327,40.460975],[-80.069389,40.460855],[-80.068156,40.460911],[-80.067227,40.461215],[-80.064622,40.462371],[-80.063378,40.462744],[-80.062196,40.463355],[-80.060988,40.464078],[-80.060313,40.464124],[-80.059651,40.463959],[-80.05835,40.46349],[-80.057965,40.463534],[-80.051178,40.465599],[-80.050963,40.467254],[-80.050642,40.468297],[-80.050265,40.469281],[-80.04965,40.469976],[-80.047771,40.471147],[-80.047097,40.471687],[-80.046841,40.472395],[-80.047126,40.474031],[-80.047566,40.47492],[-80.047876,40.475868],[-80.048476,40.4773],[-80.049741,40.479143],[-80.051722,40.481287],[-80.053179,40.48217],[-80.054641,40.48297],[-80.059312,40.486137],[-80.061515,40.487486],[-80.062058,40.487863],[-80.063596,40.488932],[-80.066067,40.490799],[-80.067526,40.492271],[-80.068457,40.492122]]]}},{"type":"Feature","properties":{"block_count":274,"land_area_km2":20.0231,"centroid":[-79.808977,40.377992],"bbox":[-79.853495,40.359481,-79.766201,40.404289],"boundary_source":"Approximate ZIP area: 2010 Census blocks grouped by their ZIP code (Allegheny County part only)","id":"zip-15137","name":"ZIP 15137 (North Versailles)","zip":"15137","geography":"zip","level":"MEDIUM","anomaly_score":1.0794119947656013,"confidence":"HIGH","case_id":"zcase-035","top_signal_headline":"Home values +19% vs. county +14%"},"geometry":{"type":"Polygon","coordinates":[[[-79.81468,40.377508],[-79.816682,40.378599],[-79.816506,40.380152],[-79.816454,40.380211],[-79.816175,40.38007],[-79.815588,40.380781],[-79.815682,40.380871],[-79.816123,40.380944],[-79.813244,40.384666],[-79.812142,40.38429],[-79.811596,40.386541],[-79.811517,40.386687],[-79.814379,40.38987],[-79.814448,40.390963],[-79.814404,40.39292],[-79.812998,40.39513],[-79.81631,40.39709],[-79.815968,40.397919],[-79.816166,40.398483],[-79.817595,40.400059],[-79.818139,40.40042],[-79.819028,40.400752],[-79.824373,40.403109],[-79.824685,40.403221],[-79.82492,40.403251],[-79.826675,40.404231],[-79.827748,40.404289],[-79.827788,40.403151],[-79.827633,40.402986],[-79.828622,40.402244],[-79.830373,40.399862],[-79.83068,40.39952],[-79.830103,40.399337],[-79.8301,40.398347],[-79.833344,40.396143],[-79.834218,40.395068],[-79.835474,40.394216],[-79.835977,40.393701],[-79.83616,40.393326],[-79.836286,40.392749],[-79.836266,40.392433],[-79.836517,40.39156],[-79.836853,40.391132],[-79.837322,40.39091],[-79.837645,40.390837],[-79.838207,40.390909],[-79.840024,40.391397],[-79.841583,40.391961],[-79.842331,40.392142],[-79.845659,40.393187],[-79.846231,40.393555],[-79.846531,40.393677],[-79.846633,40.393702],[-79.84671,40.393618],[-79.847897,40.393804],[-79.84977,40.394277],[-79.851742,40.394513],[-79.852345,40.39431],[-79.852952,40.393739],[-79.853208,40.393044],[-79.852875,40.392733],[-79.851784,40.392525],[-79.851661,40.392152],[-79.851799,40.391695],[-79.852031,40.390205],[-79.852439,40.389852],[-79.853495,40.388332],[-79.851557,40.386909],[-79.849252,40.385304],[-79.847362,40.383866],[-79.845887,40.382637],[-79.841155,40.378408],[-79.838748,40.375394],[-79.838592,40.375179],[-79.838039,40.37407],[-79.837348,40.372548],[-79.836989,40.371582],[-79.836594,40.370109],[-79.836459,40.369511],[-79.836188,40.367129],[-79.836169,40.364992],[-79.835145,40.362984],[-79.834186,40.361458],[-79.833783,40.361342],[-79.833404,40.361857],[-79.833434,40.362215],[-79.833204,40.362674],[-79.832059,40.362172],[-79.832136,40.362651],[-79.832129,40.363006],[-79.830819,40.363074],[-79.830813,40.362567],[-79.830741,40.362176],[-79.830103,40.362263],[-79.829853,40.362047],[-79.827928,40.362192],[-79.827104,40.36263],[-79.826978,40.362631],[-79.826515,40.362056],[-79.825925,40.361961],[-79.825805,40.362031],[-79.825312,40.361128],[-79.824891,40.361275],[-79.823852,40.362359],[-79.822889,40.362995],[-79.8226,40.363302],[-79.822558,40.363081],[-79.823107,40.362019],[-79.823078,40.361922],[-79.823004,40.361894],[-79.822907,40.361924],[-79.821313,40.363133],[-79.81982,40.363448],[-79.819347,40.362961],[-79.819376,40.362885],[-79.81977,40.362592],[-79.819928,40.362261],[-79.819029,40.362389],[-79.818737,40.362197],[-79.818723,40.362132],[-79.820298,40.360807],[-79.819559,40.360778],[-79.812306,40.360795],[-79.806092,40.36039],[-79.806062,40.360273],[-79.805124,40.360352],[-79.803261,40.360222],[-79.800433,40.360098],[-79.79601,40.360217],[-79.78692,40.35993],[-79.787001,40.359647],[-79.785882,40.359481],[-79.785787,40.359895],[-79.774412,40.359673],[-79.773893,40.36217],[-79.773421,40.363781],[-79.772741,40.367039],[-79.771059,40.374053],[-79.771257,40.374578],[-79.771082,40.375419],[-79.772764,40.37666],[-79.772993,40.37802],[-79.773066,40.378121],[-79.775022,40.37906],[-79.773478,40.383041],[-79.77202,40.385558],[-79.768068,40.384251],[-79.766201,40.384418],[-79.766503,40.385029],[-79.767938,40.386284],[-79.768172,40.386566],[-79.768535,40.387087],[-79.769178,40.388281],[-79.771958,40.392287],[-79.773672,40.394888],[-79.774932,40.393967],[-79.775497,40.39333],[-79.775751,40.392625],[-79.775915,40.391641],[-79.775885,40.391279],[-79.775582,40.390695],[-79.773674,40.388632],[-79.773447,40.388291],[-79.773388,40.387874],[-79.773517,40.387504],[-79.773778,40.387211],[-79.774451,40.386662],[-79.776516,40.387791],[-79.777238,40.388354],[-79.779678,40.389673],[-79.780279,40.390041],[-79.78596,40.38801],[-79.788332,40.387284],[-79.787854,40.386593],[-79.789595,40.386493],[-79.790259,40.385933],[-79.790401,40.386144],[-79.790517,40.386661],[-79.790743,40.387716],[-79.790819,40.388478],[-79.79074,40.38943],[-79.790483,40.390296],[-79.790988,40.391973],[-79.792765,40.392642],[-79.792805,40.392732],[-79.793168,40.392872],[-79.794656,40.392522],[-79.796565,40.392172],[-79.802594,40.391419],[-79.798472,40.390628],[-79.798097,40.389668],[-79.798595,40.388128],[-79.799107,40.387739],[-79.799123,40.387452],[-79.799709,40.387008],[-79.798438,40.386451],[-79.801244,40.38551],[-79.802115,40.385119],[-79.803457,40.384791],[-79.805207,40.383758],[-79.805232,40.383722],[-79.805143,40.383707],[-79.804126,40.38366],[-79.804474,40.383423],[-79.805598,40.382834],[-79.805872,40.382732],[-79.805625,40.382407],[-79.805525,40.382458],[-79.804978,40.381874],[-79.805665,40.381484],[-79.807011,40.379364],[-79.810561,40.38066],[-79.811231,40.37908],[-79.812738,40.379491],[-79.81369,40.37749],[-79.814244,40.377552],[-79.81468,40.377508]]]}},{"type":"Feature","properties":{"block_count":151,"land_area_km2":4.991,"centroid":[-79.834763,40.521963],"bbox":[-79.850665,40.507425,-79.819068,40.53624],"boundary_source":"Approximate ZIP area: 2010 Census blocks grouped by their ZIP code (Allegheny County part only)","id":"zip-15139","name":"ZIP 15139 (Oakmont)","zip":"15139","geography":"zip","level":"LOW","anomaly_score":0.31220364629727515,"confidence":"HIGH","case_id":"zipfile-15139","top_signal_headline":null},"geometry":{"type":"Polygon","coordinates":[[[-79.849434,40.523553],[-79.850196,40.521716],[-79.850583,40.52016],[-79.850665,40.51721],[-79.850654,40.515924],[-79.850546,40.514188],[-79.849977,40.510118],[-79.849451,40.507425],[-79.847532,40.507751],[-79.847284,40.507868],[-79.847229,40.507656],[-79.846977,40.507761],[-79.846157,40.508321],[-79.845776,40.508794],[-79.845388,40.509557],[-79.844877,40.510106],[-79.844906,40.51026],[-79.845137,40.510535],[-79.845108,40.510732],[-79.844864,40.511029],[-79.844569,40.511227],[-79.842828,40.511397],[-79.841892,40.511787],[-79.840813,40.511837],[-79.839806,40.511749],[-79.838533,40.511832],[-79.837799,40.511805],[-79.83736,40.511706],[-79.836597,40.511426],[-79.836367,40.511404],[-79.835719,40.511459],[-79.834878,40.511783],[-79.834302,40.512223],[-79.834144,40.512421],[-79.833907,40.512981],[-79.833677,40.51336],[-79.833562,40.513524],[-79.833418,40.513612],[-79.833101,40.513601],[-79.832281,40.513365],[-79.830218,40.512419],[-79.827704,40.511968],[-79.824341,40.515293],[-79.822622,40.51455],[-79.820773,40.515236],[-79.819706,40.517397],[-79.820344,40.518101],[-79.819924,40.518942],[-79.819801,40.52048],[-79.819235,40.520947],[-79.819715,40.522127],[-79.819177,40.522836],[-79.819068,40.5231],[-79.819782,40.523858],[-79.820231,40.524562],[-79.820418,40.524982],[-79.820868,40.526167],[-79.82057,40.526243],[-79.82144,40.528678],[-79.821535,40.529248],[-79.821552,40.529793],[-79.821236,40.532276],[-79.821275,40.533178],[-79.82191,40.53624],[-79.823325,40.536019],[-79.828537,40.535004],[-79.83082,40.534342],[-79.833191,40.533522],[-79.835272,40.532634],[-79.838172,40.531501],[-79.840311,40.530761],[-79.842302,40.529804],[-79.84397,40.528775],[-79.845167,40.527872],[-79.846466,40.526973],[-79.847433,40.526198],[-79.848426,40.525126],[-79.849434,40.523553]]]}},{"type":"Feature","properties":{"block_count":86,"land_area_km2":1.3082,"centroid":[-79.776348,40.407781],"bbox":[-79.785057,40.399859,-79.769419,40.422399],"boundary_source":"Approximate ZIP area: 2010 Census blocks grouped by their ZIP code (Allegheny County part only)","id":"zip-15140","name":"ZIP 15140 (Pitcairn)","zip":"15140","geography":"zip","level":"LOW","anomaly_score":0.9261786570308796,"confidence":"MODERATE","case_id":"zipfile-15140","top_signal_headline":"Sale prices +32% vs. county +19%"},"geometry":{"type":"Polygon","coordinates":[[[-79.769499,40.40547],[-79.769419,40.405979],[-79.769962,40.407067],[-79.770085,40.407632],[-79.769868,40.408022],[-79.770735,40.409215],[-79.771486,40.410405],[-79.772572,40.409829],[-79.77344,40.410408],[-79.773712,40.409813],[-79.773094,40.409638],[-79.773175,40.409596],[-79.774096,40.409875],[-79.774046,40.410162],[-79.774552,40.41031],[-79.774608,40.410012],[-79.775818,40.410433],[-79.772754,40.414545],[-79.775666,40.413974],[-79.77599,40.414351],[-79.776535,40.416019],[-79.776496,40.41672],[-79.776306,40.417186],[-79.776763,40.417302],[-79.776532,40.417964],[-79.776102,40.418569],[-79.775869,40.419039],[-79.776182,40.419253],[-79.775914,40.41984],[-79.777381,40.420208],[-79.779861,40.422399],[-79.781298,40.419025],[-79.777527,40.418115],[-79.778361,40.416131],[-79.777479,40.41585],[-79.777445,40.416194],[-79.777853,40.416197],[-79.777837,40.416555],[-79.777577,40.416555],[-79.777439,40.416761],[-79.777043,40.416926],[-79.776973,40.416883],[-79.777045,40.416771],[-79.777079,40.416188],[-79.777231,40.416193],[-79.777401,40.415824],[-79.778309,40.41354],[-79.77964,40.410552],[-79.77888,40.410572],[-79.779445,40.40925],[-79.779177,40.40923],[-79.779883,40.407606],[-79.782395,40.404851],[-79.782957,40.404372],[-79.783073,40.404327],[-79.782788,40.404065],[-79.782726,40.403867],[-79.783005,40.403092],[-79.783341,40.402539],[-79.782823,40.402158],[-79.783264,40.401861],[-79.785057,40.400418],[-79.784243,40.400652],[-79.783102,40.400898],[-79.777957,40.401779],[-79.777716,40.400967],[-79.778099,40.401072],[-79.778243,40.400783],[-79.778473,40.400502],[-79.776265,40.400089],[-79.775253,40.400022],[-79.774181,40.400566],[-79.775221,40.401867],[-79.775275,40.401868],[-79.775341,40.402219],[-79.77514,40.402168],[-79.772924,40.400863],[-79.772433,40.400516],[-79.771664,40.399859],[-79.770634,40.400422],[-79.771741,40.401371],[-79.772291,40.401698],[-79.769805,40.404055],[-79.769499,40.40547]]]}},{"type":"Feature","properties":{"block_count":26,"land_area_km2":3.7962,"centroid":[-80.122033,40.385318],"bbox":[-80.140024,40.362245,-80.105592,40.397941],"boundary_source":"Approximate ZIP area: 2010 Census blocks grouped by their ZIP code (Allegheny County part only)","id":"zip-15142","name":"ZIP 15142 (Presto)","zip":"15142","geography":"zip","level":"LOW","anomaly_score":0.9071523060127225,"confidence":"MODERATE","case_id":"zipfile-15142","top_signal_headline":"Sale prices +8% vs. county +19%"},"geometry":{"type":"Polygon","coordinates":[[[-80.131178,40.395711],[-80.130872,40.395238],[-80.130717,40.395097],[-80.130294,40.394915],[-80.129874,40.394845],[-80.129739,40.394765],[-80.129663,40.394597],[-80.129667,40.394383],[-80.129978,40.393769],[-80.130436,40.393211],[-80.130911,40.392875],[-80.132027,40.39237],[-80.132537,40.391739],[-80.133285,40.391162],[-80.133401,40.391007],[-80.133484,40.390638],[-80.133456,40.389639],[-80.133158,40.388836],[-80.13315,40.388617],[-80.133628,40.387662],[-80.133653,40.387422],[-80.133573,40.387063],[-80.133266,40.386504],[-80.132507,40.38592],[-80.132041,40.384791],[-80.131379,40.383425],[-80.130877,40.382892],[-80.130381,40.38188],[-80.129385,40.380653],[-80.128775,40.380001],[-80.12783,40.379146],[-80.125536,40.378048],[-80.125263,40.377811],[-80.124458,40.376806],[-80.123677,40.376279],[-80.123246,40.375894],[-80.123081,40.375609],[-80.122771,40.374712],[-80.122585,40.373674],[-80.12237,40.373413],[-80.122034,40.373237],[-80.121993,40.372954],[-80.123146,40.372987],[-80.124192,40.373123],[-80.124754,40.373106],[-80.126495,40.372618],[-80.127531,40.372438],[-80.128584,40.372342],[-80.128882,40.372357],[-80.129437,40.372471],[-80.130224,40.372521],[-80.131504,40.372787],[-80.131994,40.372938],[-80.132645,40.37328],[-80.135267,40.37533],[-80.136362,40.376074],[-80.137141,40.376396],[-80.138358,40.376744],[-80.139907,40.377391],[-80.140024,40.377027],[-80.137157,40.376111],[-80.136439,40.375704],[-80.134911,40.374586],[-80.132354,40.372937],[-80.131718,40.372684],[-80.130669,40.372455],[-80.129931,40.372134],[-80.129356,40.372062],[-80.128717,40.372148],[-80.127632,40.372185],[-80.126411,40.372491],[-80.125701,40.37262],[-80.125327,40.372744],[-80.125003,40.372929],[-80.1245,40.373002],[-80.124198,40.372977],[-80.122798,40.372696],[-80.120723,40.372446],[-80.1205,40.372377],[-80.120424,40.372286],[-80.120308,40.372257],[-80.120157,40.37231],[-80.119687,40.372291],[-80.119494,40.372204],[-80.120064,40.371763],[-80.120561,40.371501],[-80.121282,40.371232],[-80.121749,40.370983],[-80.122054,40.370739],[-80.122404,40.370304],[-80.122451,40.369978],[-80.122401,40.369718],[-80.122154,40.369263],[-80.121727,40.36881],[-80.12117,40.368374],[-80.120337,40.368069],[-80.119966,40.367855],[-80.119803,40.365801],[-80.119898,40.36517],[-80.119762,40.364786],[-80.119745,40.364295],[-80.119801,40.363062],[-80.119943,40.362245],[-80.119042,40.362981],[-80.118985,40.364352],[-80.118445,40.36851],[-80.117973,40.369991],[-80.117726,40.370431],[-80.117289,40.370913],[-80.116775,40.371221],[-80.114907,40.371963],[-80.113472,40.372444],[-80.113371,40.372823],[-80.113422,40.373122],[-80.113605,40.373363],[-80.115133,40.374769],[-80.115203,40.384212],[-80.115157,40.390119],[-80.113026,40.389597],[-80.112432,40.389557],[-80.111711,40.389695],[-80.107037,40.391332],[-80.106519,40.391741],[-80.105592,40.393184],[-80.105924,40.393121],[-80.106263,40.392967],[-80.10699,40.392471],[-80.107398,40.392267],[-80.108028,40.392059],[-80.108495,40.391972],[-80.110416,40.392145],[-80.111475,40.392448],[-80.111501,40.392527],[-80.111452,40.392581],[-80.110467,40.393017],[-80.110256,40.393154],[-80.110218,40.393228],[-80.110259,40.393308],[-80.110483,40.393367],[-80.11083,40.393374],[-80.111468,40.393304],[-80.1121,40.393319],[-80.112423,40.393235],[-80.112718,40.393223],[-80.113229,40.39304],[-80.113952,40.392933],[-80.114407,40.393118],[-80.114522,40.393245],[-80.114506,40.393363],[-80.113006,40.393681],[-80.112498,40.393636],[-80.111887,40.393649],[-80.111074,40.393808],[-80.110948,40.394514],[-80.111021,40.395146],[-80.111942,40.39478],[-80.112474,40.394621],[-80.112959,40.39454],[-80.113942,40.39445],[-80.115178,40.394565],[-80.116262,40.394894],[-80.116911,40.395212],[-80.118061,40.39606],[-80.119775,40.397425],[-80.120361,40.397689],[-80.121357,40.397916],[-80.121952,40.397941],[-80.122595,40.397881],[-80.128023,40.397111],[-80.129375,40.396861],[-80.130595,40.396501],[-80.131428,40.396118],[-80.131178,40.395711]]]}},{"type":"Feature","properties":{"block_count":571,"land_area_km2":85.8887,"centroid":[-80.143957,40.568273],"bbox":[-80.21784,40.51314,-80.082073,40.623593],"boundary_source":"Approximate ZIP area: 2010 Census blocks grouped by their ZIP code (Allegheny County part only)","id":"zip-15143","name":"ZIP 15143 (Sewickley)","zip":"15143","geography":"zip","level":"LOW","anomaly_score":0.3942933449030008,"confidence":"HIGH","case_id":"zipfile-15143","top_signal_headline":null},"geometry":{"type":"Polygon","coordinates":[[[-80.127846,40.514635],[-80.125189,40.514194],[-80.122093,40.513443],[-80.120288,40.51314],[-80.120432,40.515738],[-80.119049,40.515381],[-80.118647,40.516022],[-80.118473,40.516207],[-80.117558,40.51665],[-80.117409,40.516777],[-80.117308,40.517105],[-80.117469,40.518053],[-80.117409,40.518296],[-80.117221,40.518497],[-80.116663,40.51889],[-80.116516,40.519121],[-80.116527,40.519253],[-80.116773,40.51978],[-80.116803,40.520008],[-80.116585,40.520839],[-80.116476,40.521875],[-80.116695,40.522665],[-80.116682,40.523025],[-80.116319,40.523611],[-80.115876,40.525057],[-80.115572,40.525389],[-80.114872,40.52589],[-80.114518,40.526229],[-80.114417,40.526441],[-80.11433,40.526923],[-80.114149,40.527306],[-80.112564,40.529675],[-80.112387,40.529877],[-80.112092,40.530096],[-80.112112,40.530157],[-80.110053,40.531327],[-80.109439,40.53156],[-80.109127,40.531505],[-80.108516,40.531909],[-80.108315,40.532157],[-80.107722,40.532552],[-80.107474,40.532918],[-80.106711,40.533246],[-80.105863,40.533756],[-80.105331,40.534158],[-80.104175,40.534591],[-80.101901,40.536577],[-80.101255,40.537334],[-80.101193,40.537527],[-80.101283,40.537776],[-80.102032,40.538873],[-80.102658,40.539641],[-80.102988,40.540191],[-80.103248,40.540836],[-80.103313,40.541513],[-80.103394,40.541735],[-80.103503,40.541877],[-80.104048,40.542234],[-80.104623,40.543212],[-80.104539,40.543632],[-80.104232,40.544218],[-80.103831,40.545178],[-80.103653,40.546345],[-80.103151,40.547458],[-80.102146,40.548593],[-80.101368,40.549142],[-80.101755,40.55018],[-80.102203,40.551661],[-80.101493,40.551219],[-80.101159,40.551093],[-80.099579,40.550738],[-80.098785,40.550626],[-80.098346,40.550623],[-80.097477,40.550715],[-80.097074,40.550845],[-80.096311,40.551184],[-80.095498,40.551444],[-80.094008,40.551742],[-80.093578,40.551727],[-80.092737,40.551524],[-80.091566,40.551061],[-80.090894,40.550922],[-80.089968,40.550819],[-80.088,40.550831],[-80.086213,40.556607],[-80.086184,40.556911],[-80.084309,40.555672],[-80.083993,40.557083],[-80.08395,40.558073],[-80.084166,40.559192],[-80.084424,40.559967],[-80.084898,40.560828],[-80.085629,40.561861],[-80.083502,40.570547],[-80.083697,40.57713],[-80.082073,40.578449],[-80.082274,40.581509],[-80.084583,40.581299],[-80.084925,40.581324],[-80.085131,40.581395],[-80.085988,40.581805],[-80.086533,40.582134],[-80.087057,40.58257],[-80.089023,40.584503],[-80.088333,40.586801],[-80.088206,40.587579],[-80.088113,40.587709],[-80.087712,40.58794],[-80.087439,40.588176],[-80.087001,40.588861],[-80.086813,40.590647],[-80.086945,40.591277],[-80.086521,40.591604],[-80.085754,40.594143],[-80.086787,40.593939],[-80.087662,40.593821],[-80.08821,40.593843],[-80.089348,40.5942],[-80.090753,40.594815],[-80.091186,40.595062],[-80.091913,40.595276],[-80.092497,40.595534],[-80.092922,40.595611],[-80.093549,40.595627],[-80.094539,40.59555],[-80.094099,40.59658],[-80.093834,40.59744],[-80.093721,40.598022],[-80.093638,40.599115],[-80.093676,40.599999],[-80.095701,40.615772],[-80.142933,40.614807],[-80.142676,40.61529],[-80.141926,40.616313],[-80.141447,40.616863],[-80.140915,40.617666],[-80.139867,40.61882],[-80.139365,40.620012],[-80.13932,40.620485],[-80.139476,40.621519],[-80.13924,40.622667],[-80.139573,40.623593],[-80.140197,40.623563],[-80.140329,40.623539],[-80.140149,40.62297],[-80.140042,40.622278],[-80.140071,40.621407],[-80.140309,40.619847],[-80.140499,40.619165],[-80.14099,40.618191],[-80.143288,40.614801],[-80.144907,40.614771],[-80.14485,40.613474],[-80.145095,40.613497],[-80.145383,40.613408],[-80.145951,40.612883],[-80.14666,40.612344],[-80.147865,40.611691],[-80.148203,40.611626],[-80.148717,40.61164],[-80.149146,40.61174],[-80.149831,40.612035],[-80.15011,40.612021],[-80.150696,40.611884],[-80.151211,40.61165],[-80.151517,40.611421],[-80.151816,40.610992],[-80.151807,40.610703],[-80.151681,40.610332],[-80.151862,40.609666],[-80.152061,40.60948],[-80.152616,40.609443],[-80.152836,40.609329],[-80.153053,40.609165],[-80.153478,40.608491],[-80.153608,40.608461],[-80.154208,40.608491],[-80.154741,40.608162],[-80.155061,40.608069],[-80.155786,40.608093],[-80.156083,40.608158],[-80.156431,40.608313],[-80.156877,40.608767],[-80.157066,40.60887],[-80.157413,40.608942],[-80.158283,40.609014],[-80.158401,40.609042],[-80.158734,40.609261],[-80.159149,40.609426],[-80.160078,40.609577],[-80.160343,40.609581],[-80.161051,40.609316],[-80.162744,40.608259],[-80.163628,40.607558],[-80.164336,40.607146],[-80.165261,40.606459],[-80.166123,40.606047],[-80.166474,40.605999],[-80.1666,40.606034],[-80.166709,40.60613],[-80.166749,40.606428],[-80.166852,40.606576],[-80.167309,40.606593],[-80.167602,40.606699],[-80.167917,40.606713],[-80.168351,40.606657],[-80.169144,40.606349],[-80.169414,40.606391],[-80.169666,40.606559],[-80.169783,40.606734],[-80.169673,40.607325],[-80.169765,40.607545],[-80.169891,40.607668],[-80.170117,40.607778],[-80.170793,40.607854],[-80.171694,40.608176],[-80.172037,40.608203],[-80.173344,40.607792],[-80.173683,40.607788],[-80.174715,40.608067],[-80.175134,40.608097],[-80.176221,40.6083],[-80.17706,40.608657],[-80.177519,40.609004],[-80.177753,40.609254],[-80.178078,40.609408],[-80.178321,40.609398],[-80.178547,40.609288],[-80.17852,40.609117],[-80.178376,40.608897],[-80.178556,40.608822],[-80.179386,40.608972],[-80.179819,40.609329],[-80.180026,40.609418],[-80.180133,40.609397],[-80.180333,40.609233],[-80.1804,40.609078],[-80.180414,40.608216],[-80.180568,40.607989],[-80.180442,40.607859],[-80.180431,40.607668],[-80.180533,40.607489],[-80.1812,40.606836],[-80.181552,40.606301],[-80.182166,40.60573],[-80.182423,40.605545],[-80.183266,40.605167],[-80.183935,40.604656],[-80.184151,40.604439],[-80.184747,40.603464],[-80.184725,40.602849],[-80.184036,40.601767],[-80.183954,40.601465],[-80.184005,40.601287],[-80.184198,40.601127],[-80.184514,40.601018],[-80.185686,40.601026],[-80.186851,40.600737],[-80.188177,40.600249],[-80.188384,40.600105],[-80.188547,40.599865],[-80.188547,40.599473],[-80.188285,40.599274],[-80.187564,40.598903],[-80.185851,40.598282],[-80.184734,40.597715],[-80.184472,40.597461],[-80.18438,40.597274],[-80.184391,40.59707],[-80.18449,40.59695],[-80.184753,40.596856],[-80.185546,40.596761],[-80.185844,40.596616],[-80.186272,40.596321],[-80.186569,40.596248],[-80.187083,40.596248],[-80.187954,40.596369],[-80.190158,40.596275],[-80.191079,40.596383],[-80.194604,40.595443],[-80.192063,40.593995],[-80.191629,40.593968],[-80.18992,40.594071],[-80.1897,40.594015],[-80.188666,40.593463],[-80.188073,40.593354],[-80.187218,40.593321],[-80.187011,40.593271],[-80.185181,40.592233],[-80.184271,40.591876],[-80.183599,40.591513],[-80.184044,40.590871],[-80.184321,40.590575],[-80.184528,40.59046],[-80.185334,40.590174],[-80.185904,40.589859],[-80.186332,40.58954],[-80.186758,40.589328],[-80.187212,40.589229],[-80.187655,40.589191],[-80.188019,40.589241],[-80.188338,40.589175],[-80.18991,40.588482],[-80.190368,40.588407],[-80.192139,40.588464],[-80.192454,40.588429],[-80.192635,40.588339],[-80.192751,40.588203],[-80.192892,40.587848],[-80.19303,40.587743],[-80.193211,40.587792],[-80.193452,40.588159],[-80.193813,40.588418],[-80.19498,40.588723],[-80.195203,40.58871],[-80.195323,40.588637],[-80.195504,40.588416],[-80.195577,40.588148],[-80.195549,40.587915],[-80.195349,40.587397],[-80.195352,40.587029],[-80.195646,40.586734],[-80.196927,40.58593],[-80.197023,40.585827],[-80.197037,40.585725],[-80.196988,40.585544],[-80.196806,40.585291],[-80.195426,40.584434],[-80.19483,40.583948],[-80.194615,40.583653],[-80.194896,40.583461],[-80.196268,40.582235],[-80.198802,40.58073],[-80.199357,40.580305],[-80.204801,40.585091],[-80.207004,40.587099],[-80.207226,40.586801],[-80.208525,40.58461],[-80.20883,40.584241],[-80.212694,40.580882],[-80.213042,40.580502],[-80.213357,40.580277],[-80.213809,40.580111],[-80.214857,40.577103],[-80.21635,40.576564],[-80.21784,40.576168],[-80.217394,40.574707],[-80.215879,40.573834],[-80.214835,40.573348],[-80.2144,40.573024],[-80.213517,40.572236],[-80.21463,40.571348],[-80.212545,40.569706],[-80.210107,40.567953],[-80.208883,40.567276],[-80.209165,40.567088],[-80.207019,40.56585],[-80.205283,40.564564],[-80.20462,40.565132],[-80.204609,40.565436],[-80.203428,40.566155],[-80.201588,40.564817],[-80.197729,40.561659],[-80.199619,40.560341],[-80.199783,40.560299],[-80.200921,40.559476],[-80.203422,40.557914],[-80.204885,40.556845],[-80.208276,40.55468],[-80.210117,40.553327],[-80.204519,40.5504],[-80.200813,40.547439],[-80.19904,40.545444],[-80.196994,40.542932],[-80.195681,40.541206],[-80.193026,40.536969],[-80.191702,40.535534],[-80.190825,40.534488],[-80.189536,40.533613],[-80.187964,40.53292],[-80.186811,40.532356],[-80.1833,40.531203],[-80.178952,40.529885],[-80.175358,40.528623],[-80.172346,40.527797],[-80.165231,40.525317],[-80.16148,40.523803],[-80.159765,40.523231],[-80.157037,40.522563],[-80.154083,40.522052],[-80.149283,40.52093],[-80.147264,40.520404],[-80.143468,40.519068],[-80.139761,40.517391],[-80.137723,40.516329],[-80.13418,40.515342],[-80.132316,40.515041],[-80.128859,40.514808],[-80.127846,40.514635]]]}},{"type":"Feature","properties":{"block_count":145,"land_area_km2":7.1445,"centroid":[-79.782753,40.549304],"bbox":[-79.802714,40.534108,-79.763698,40.562967],"boundary_source":"Approximate ZIP area: 2010 Census blocks grouped by their ZIP code (Allegheny County part only)","id":"zip-15144","name":"ZIP 15144 (Springdale)","zip":"15144","geography":"zip","level":"LOW","anomaly_score":0.5032531529412734,"confidence":"MODERATE","case_id":"zipfile-15144","top_signal_headline":null},"geometry":{"type":"Polygon","coordinates":[[[-79.794695,40.538],[-79.794789,40.535785],[-79.791796,40.535229],[-79.788162,40.534623],[-79.785777,40.534315],[-79.783753,40.534108],[-79.781489,40.534228],[-79.778908,40.534488],[-79.776618,40.534934],[-79.772762,40.536327],[-79.770008,40.537807],[-79.768478,40.538779],[-79.766091,40.540713],[-79.765306,40.541753],[-79.76474,40.542926],[-79.76426,40.544101],[-79.763775,40.544997],[-79.763698,40.546025],[-79.763834,40.546941],[-79.76414,40.547747],[-79.765169,40.549367],[-79.765415,40.549854],[-79.77187,40.562967],[-79.774,40.562863],[-79.783749,40.562667],[-79.784406,40.562613],[-79.79883,40.562275],[-79.799097,40.561325],[-79.799554,40.560918],[-79.799771,40.56063],[-79.800872,40.559542],[-79.801854,40.558626],[-79.802538,40.557756],[-79.802714,40.557603],[-79.801588,40.557214],[-79.801883,40.556544],[-79.801992,40.555643],[-79.801992,40.555281],[-79.801891,40.554918],[-79.801905,40.554776],[-79.802085,40.554479],[-79.802143,40.554084],[-79.80246,40.553705],[-79.802467,40.553178],[-79.802352,40.552964],[-79.801963,40.552689],[-79.801639,40.552162],[-79.801063,40.551706],[-79.800862,40.551607],[-79.8002,40.55153],[-79.800012,40.551398],[-79.799545,40.5508],[-79.799516,40.55058],[-79.799631,40.550316],[-79.799574,40.549943],[-79.798976,40.549119],[-79.798669,40.549121],[-79.797844,40.548436],[-79.797032,40.547977],[-79.795248,40.547225],[-79.794947,40.543787],[-79.794695,40.538]]]}},{"type":"Feature","properties":{"block_count":173,"land_area_km2":5.104,"centroid":[-79.824086,40.415283],"bbox":[-79.839708,40.39952,-79.807406,40.436067],"boundary_source":"Approximate ZIP area: 2010 Census blocks grouped by their ZIP code (Allegheny County part only)","id":"zip-15145","name":"ZIP 15145 (Turtle Creek)","zip":"15145","geography":"zip","level":"HIGH","anomaly_score":2.0836279206309976,"confidence":"HIGH","case_id":"zcase-008","top_signal_headline":"Home sales -26% vs. county +4%"},"geometry":{"type":"MultiPolygon","coordinates":[[[[-79.833493,40.402523],[-79.833681,40.400399],[-79.83068,40.39952],[-79.830373,40.399862],[-79.828622,40.402244],[-79.827633,40.402986],[-79.827788,40.403151],[-79.827748,40.404289],[-79.826675,40.404231],[-79.82492,40.403251],[-79.824685,40.403221],[-79.824373,40.403109],[-79.818568,40.40058],[-79.817805,40.401504],[-79.816998,40.402319],[-79.81523,40.401045],[-79.814758,40.401311],[-79.814147,40.401808],[-79.813425,40.402676],[-79.812723,40.402341],[-79.811775,40.403355],[-79.813048,40.405494],[-79.81521,40.40522],[-79.815433,40.40563],[-79.815233,40.405737],[-79.815038,40.405933],[-79.813021,40.408249],[-79.811992,40.409539],[-79.811779,40.409866],[-79.811529,40.410607],[-79.811037,40.411262],[-79.809555,40.412278],[-79.810181,40.41247],[-79.810701,40.412715],[-79.811187,40.412863],[-79.810974,40.41308],[-79.811878,40.414093],[-79.80984,40.415573],[-79.810493,40.417032],[-79.811126,40.418162],[-79.812603,40.417559],[-79.813008,40.418772],[-79.813374,40.418553],[-79.81363,40.418311],[-79.813644,40.418427],[-79.814208,40.418834],[-79.81499,40.418133],[-79.814859,40.417576],[-79.816094,40.417033],[-79.818514,40.415483],[-79.81904,40.415996],[-79.819368,40.415788],[-79.819889,40.416277],[-79.82035,40.415982],[-79.82087,40.416486],[-79.82182,40.416294],[-79.821223,40.41684],[-79.820167,40.416909],[-79.819953,40.416961],[-79.818807,40.417371],[-79.818182,40.417696],[-79.81782,40.417964],[-79.816838,40.419116],[-79.816057,40.41981],[-79.811786,40.422518],[-79.810205,40.423164],[-79.809488,40.423718],[-79.809081,40.423963],[-79.807942,40.425064],[-79.807582,40.425324],[-79.807406,40.425386],[-79.807705,40.425577],[-79.81335,40.421884],[-79.813741,40.42225],[-79.814112,40.422445],[-79.814129,40.422551],[-79.81407,40.422619],[-79.814627,40.422715],[-79.814601,40.423022],[-79.815533,40.424081],[-79.816017,40.424917],[-79.816081,40.425276],[-79.816014,40.425822],[-79.815791,40.426343],[-79.815334,40.427057],[-79.815205,40.427439],[-79.815178,40.427861],[-79.815251,40.428222],[-79.815403,40.428569],[-79.816055,40.429375],[-79.817404,40.427227],[-79.819214,40.42756],[-79.822963,40.425391],[-79.823499,40.425821],[-79.826152,40.425971],[-79.826435,40.425943],[-79.826374,40.425719],[-79.828114,40.425376],[-79.828801,40.42584],[-79.82969,40.423168],[-79.831319,40.422944],[-79.830961,40.423917],[-79.829921,40.427494],[-79.830627,40.428524],[-79.831806,40.430437],[-79.832552,40.430306],[-79.833037,40.429392],[-79.833724,40.428726],[-79.833823,40.428055],[-79.83379,40.427529],[-79.834557,40.428666],[-79.837541,40.428476],[-79.835544,40.426843],[-79.835048,40.426299],[-79.834626,40.425595],[-79.835372,40.425263],[-79.834818,40.42125],[-79.835485,40.419773],[-79.833315,40.418539],[-79.832828,40.417475],[-79.83258,40.415739],[-79.83228,40.414734],[-79.833071,40.413122],[-79.833194,40.410267],[-79.833023,40.410063],[-79.832958,40.409797],[-79.833029,40.409541],[-79.833408,40.408902],[-79.833467,40.408667],[-79.833458,40.408199],[-79.833357,40.407831],[-79.833457,40.406785],[-79.833254,40.406469],[-79.833493,40.402523]]],[[[-79.83838,40.434231],[-79.83917,40.434157],[-79.839239,40.434499],[-79.839708,40.434428],[-79.839044,40.431124],[-79.838794,40.431086],[-79.838281,40.431295],[-79.837769,40.430988],[-79.836911,40.431129],[-79.834425,40.432186],[-79.830784,40.433137],[-79.832226,40.434396],[-79.832799,40.434773],[-79.833104,40.434902],[-79.8346,40.435305],[-79.835306,40.435649],[-79.835872,40.434896],[-79.83653,40.435362],[-79.837377,40.436067],[-79.837695,40.435699],[-79.837773,40.435418],[-79.837719,40.435165],[-79.838243,40.435146],[-79.838173,40.434624],[-79.838446,40.434611],[-79.83838,40.434231]]]]}},{"type":"Feature","properties":{"block_count":472,"land_area_km2":50.9672,"centroid":[-79.760854,40.425822],"bbox":[-79.82182,40.386461,-79.703834,40.462066],"boundary_source":"Approximate ZIP area: 2010 Census blocks grouped by their ZIP code (Allegheny County part only)","id":"zip-15146","name":"ZIP 15146 (Monroeville)","zip":"15146","geography":"zip","level":"MEDIUM","anomaly_score":1.1640705361248322,"confidence":"HIGH","case_id":"zcase-031","top_signal_headline":"Rents +7% vs. county +14%"},"geometry":{"type":"Polygon","coordinates":[[[-79.804318,40.398422],[-79.804533,40.396796],[-79.803661,40.396518],[-79.802901,40.396073],[-79.802837,40.395982],[-79.799405,40.394593],[-79.798471,40.394358],[-79.798076,40.394398],[-79.798009,40.394071],[-79.797593,40.394105],[-79.796333,40.39434],[-79.795119,40.394799],[-79.794268,40.395202],[-79.793515,40.395801],[-79.793191,40.396454],[-79.79303,40.397298],[-79.792032,40.397859],[-79.790853,40.397631],[-79.790658,40.397396],[-79.790157,40.397357],[-79.789757,40.397531],[-79.789237,40.397875],[-79.788861,40.397952],[-79.788517,40.397816],[-79.788344,40.39727],[-79.788398,40.396982],[-79.788544,40.396646],[-79.788539,40.396479],[-79.788285,40.39634],[-79.787446,40.396474],[-79.787196,40.396455],[-79.786481,40.396563],[-79.784793,40.396497],[-79.784001,40.396326],[-79.783037,40.396437],[-79.781527,40.396865],[-79.780708,40.397629],[-79.779239,40.398648],[-79.778967,40.398939],[-79.77853,40.39897],[-79.777091,40.398873],[-79.776334,40.3983],[-79.774853,40.396732],[-79.773745,40.394984],[-79.770723,40.390484],[-79.769288,40.388434],[-79.768503,40.387884],[-79.767987,40.386721],[-79.767707,40.386461],[-79.767808,40.38715],[-79.768298,40.388534],[-79.767686,40.387775],[-79.767014,40.387474],[-79.766983,40.387696],[-79.766835,40.387942],[-79.766518,40.387978],[-79.766067,40.387886],[-79.76556,40.387499],[-79.765306,40.387463],[-79.765103,40.387524],[-79.765481,40.3883],[-79.765829,40.389217],[-79.766023,40.390769],[-79.765734,40.391198],[-79.76208,40.392762],[-79.762104,40.3928],[-79.762068,40.392768],[-79.761388,40.392797],[-79.761127,40.392861],[-79.760548,40.392859],[-79.759807,40.392726],[-79.759277,40.392513],[-79.758609,40.392064],[-79.75756,40.390878],[-79.757313,40.391126],[-79.756965,40.390741],[-79.756486,40.390328],[-79.755801,40.389924],[-79.755227,40.389692],[-79.754197,40.389442],[-79.751004,40.389076],[-79.751066,40.389418],[-79.750886,40.39041],[-79.750776,40.390468],[-79.750687,40.390855],[-79.750529,40.391124],[-79.750246,40.391305],[-79.75,40.391355],[-79.749323,40.391318],[-79.748639,40.390939],[-79.748077,40.390866],[-79.747748,40.391041],[-79.747338,40.391567],[-79.746964,40.392352],[-79.746838,40.392481],[-79.74679,40.392692],[-79.746672,40.392785],[-79.746355,40.393324],[-79.746314,40.3935],[-79.746196,40.393593],[-79.746156,40.393769],[-79.745628,40.394389],[-79.744702,40.3959],[-79.74421,40.396252],[-79.743743,40.3965],[-79.742201,40.396916],[-79.741537,40.396866],[-79.741216,40.396689],[-79.738522,40.395713],[-79.738425,40.396136],[-79.738777,40.397124],[-79.738805,40.397417],[-79.738692,40.39791],[-79.738369,40.398266],[-79.737065,40.399112],[-79.736422,40.399391],[-79.73586,40.399318],[-79.735564,40.399133],[-79.735317,40.39874],[-79.735174,40.398105],[-79.734942,40.397858],[-79.734707,40.397826],[-79.734401,40.397887],[-79.733859,40.398368],[-79.733717,40.398568],[-79.732961,40.399122],[-79.732528,40.399536],[-79.732528,40.39971],[-79.73241,40.399846],[-79.73232,40.400235],[-79.73236,40.400544],[-79.732212,40.401171],[-79.732245,40.401896],[-79.732179,40.40249],[-79.732228,40.402919],[-79.732063,40.403447],[-79.732278,40.405228],[-79.732195,40.406003],[-79.731997,40.406349],[-79.731981,40.406646],[-79.731898,40.406828],[-79.731503,40.407504],[-79.731254,40.407727],[-79.730685,40.408064],[-79.730345,40.408465],[-79.729967,40.408668],[-79.729714,40.408711],[-79.729192,40.408651],[-79.728006,40.408294],[-79.727253,40.4082],[-79.725447,40.408508],[-79.722914,40.408398],[-79.722365,40.408689],[-79.722221,40.408852],[-79.724082,40.409864],[-79.723999,40.41011],[-79.723955,40.410549],[-79.724011,40.410632],[-79.724372,40.410871],[-79.724915,40.411449],[-79.725677,40.41191],[-79.726699,40.412079],[-79.727129,40.412099],[-79.727386,40.412241],[-79.727665,40.412495],[-79.72778,40.41274],[-79.727467,40.412868],[-79.727279,40.41317],[-79.727205,40.413575],[-79.727104,40.413636],[-79.727079,40.41377],[-79.726909,40.413961],[-79.72645,40.414232],[-79.72531,40.414514],[-79.724991,40.414522],[-79.722963,40.414936],[-79.722338,40.414919],[-79.721715,40.414657],[-79.721085,40.414249],[-79.720423,40.413982],[-79.719908,40.413915],[-79.71983,40.413832],[-79.719276,40.413724],[-79.718527,40.413627],[-79.718097,40.413607],[-79.717698,40.413664],[-79.717148,40.413955],[-79.716951,40.414183],[-79.716878,40.4145],[-79.717054,40.414994],[-79.71702,40.415351],[-79.716265,40.415906],[-79.716159,40.416363],[-79.716225,40.416915],[-79.716177,40.417126],[-79.715987,40.417319],[-79.715611,40.417488],[-79.715071,40.417526],[-79.714601,40.417683],[-79.712545,40.418647],[-79.712309,40.418834],[-79.71188,40.419648],[-79.710718,40.420294],[-79.710496,40.420628],[-79.710276,40.420744],[-79.7095,40.42097],[-79.707042,40.422426],[-79.706889,40.422877],[-79.706884,40.423528],[-79.706959,40.423828],[-79.706734,40.424596],[-79.706411,40.424953],[-79.705861,40.425244],[-79.70568,40.425401],[-79.705228,40.426104],[-79.705092,40.4262],[-79.704739,40.427231],[-79.704706,40.428433],[-79.704595,40.429656],[-79.704619,40.430803],[-79.704407,40.436076],[-79.704183,40.438449],[-79.704152,40.438945],[-79.704205,40.439102],[-79.703834,40.443526],[-79.705088,40.44482],[-79.705841,40.445441],[-79.706611,40.445904],[-79.707523,40.44637],[-79.707652,40.446547],[-79.707745,40.447247],[-79.70789,40.44749],[-79.708142,40.447673],[-79.708889,40.447972],[-79.709526,40.448113],[-79.710052,40.44698],[-79.710398,40.446492],[-79.710754,40.446187],[-79.711109,40.445968],[-79.711791,40.445801],[-79.713612,40.445828],[-79.714626,40.445906],[-79.71592,40.446254],[-79.717334,40.44655],[-79.719317,40.447187],[-79.720417,40.447701],[-79.72202,40.448794],[-79.723286,40.449414],[-79.724313,40.450056],[-79.725084,40.450335],[-79.726079,40.450771],[-79.727516,40.451495],[-79.729041,40.452444],[-79.730423,40.453058],[-79.731479,40.453372],[-79.733249,40.45439],[-79.735039,40.455154],[-79.735658,40.455639],[-79.73609,40.456262],[-79.73641,40.456529],[-79.738863,40.457761],[-79.739109,40.457814],[-79.739582,40.457795],[-79.74369,40.456885],[-79.744611,40.456627],[-79.745185,40.456599],[-79.745622,40.456649],[-79.747393,40.45698],[-79.748016,40.457158],[-79.748371,40.457356],[-79.749476,40.458199],[-79.75177,40.45919],[-79.753107,40.460092],[-79.753513,40.460279],[-79.753762,40.460324],[-79.754272,40.460285],[-79.754697,40.460183],[-79.755956,40.459763],[-79.756386,40.459675],[-79.757048,40.459643],[-79.757708,40.459719],[-79.758738,40.460059],[-79.758949,40.460306],[-79.760299,40.460477],[-79.760615,40.460842],[-79.761453,40.461591],[-79.761643,40.461707],[-79.762074,40.461814],[-79.767418,40.462066],[-79.768098,40.462016],[-79.769068,40.461094],[-79.769403,40.460865],[-79.772682,40.45982],[-79.773489,40.459656],[-79.773906,40.459653],[-79.774315,40.459719],[-79.776012,40.460277],[-79.779423,40.460961],[-79.779587,40.459902],[-79.780327,40.459562],[-79.78085,40.459111],[-79.781959,40.457583],[-79.78228,40.456789],[-79.782624,40.456628],[-79.782671,40.456362],[-79.783135,40.456017],[-79.784051,40.455513],[-79.786313,40.453833],[-79.786925,40.453541],[-79.78772,40.452994],[-79.788414,40.452661],[-79.790538,40.452106],[-79.792212,40.451756],[-79.792878,40.451566],[-79.795706,40.450506],[-79.795955,40.450383],[-79.79628,40.450107],[-79.796371,40.449273],[-79.79674,40.448571],[-79.796675,40.447956],[-79.796794,40.44771],[-79.796732,40.447469],[-79.796389,40.446981],[-79.796311,40.446634],[-79.796756,40.445123],[-79.796691,40.444803],[-79.796938,40.444125],[-79.797207,40.443532],[-79.79737,40.4433],[-79.797717,40.44234],[-79.797963,40.441922],[-79.79818,40.441731],[-79.79853,40.441636],[-79.79903,40.441607],[-79.79925,40.44155],[-79.800078,40.441193],[-79.800908,40.440726],[-79.801719,40.44044],[-79.801855,40.440354],[-79.801909,40.440228],[-79.80173,40.440042],[-79.801498,40.439945],[-79.800761,40.439792],[-79.80052,40.439647],[-79.800506,40.439526],[-79.800711,40.439277],[-79.801288,40.438956],[-79.802241,40.438795],[-79.80252,40.438652],[-79.80281,40.438413],[-79.80302,40.437796],[-79.802909,40.437027],[-79.802992,40.436561],[-79.804178,40.435151],[-79.804441,40.434733],[-79.804461,40.434473],[-79.804381,40.434004],[-79.804215,40.433655],[-79.803938,40.433298],[-79.80354,40.433001],[-79.80237,40.432413],[-79.802193,40.432269],[-79.802058,40.432056],[-79.802017,40.431609],[-79.802355,40.430533],[-79.802368,40.429943],[-79.802549,40.429144],[-79.802618,40.428108],[-79.802941,40.427426],[-79.803186,40.427125],[-79.803552,40.426832],[-79.804811,40.426231],[-79.805943,40.425798],[-79.807582,40.425324],[-79.808232,40.424808],[-79.809081,40.423963],[-79.809488,40.423718],[-79.810205,40.423164],[-79.811786,40.422518],[-79.816057,40.41981],[-79.816838,40.419116],[-79.81782,40.417964],[-79.818182,40.417696],[-79.818807,40.417371],[-79.819953,40.416961],[-79.820167,40.416909],[-79.821223,40.41684],[-79.82182,40.416294],[-79.82087,40.416486],[-79.82035,40.415982],[-79.819889,40.416277],[-79.819368,40.415788],[-79.81904,40.415996],[-79.818514,40.415483],[-79.816094,40.417033],[-79.814859,40.417576],[-79.81499,40.418133],[-79.814208,40.418834],[-79.813644,40.418427],[-79.81363,40.418311],[-79.813374,40.418553],[-79.813008,40.418772],[-79.812603,40.417559],[-79.811126,40.418162],[-79.810493,40.417032],[-79.80984,40.415573],[-79.811878,40.414093],[-79.810974,40.41308],[-79.811187,40.412863],[-79.810701,40.412715],[-79.810181,40.41247],[-79.809555,40.412278],[-79.811037,40.411262],[-79.811529,40.410607],[-79.811779,40.409866],[-79.811992,40.409539],[-79.813021,40.408249],[-79.815038,40.405933],[-79.815233,40.405737],[-79.815433,40.40563],[-79.81521,40.40522],[-79.813048,40.405494],[-79.811775,40.403355],[-79.812723,40.402341],[-79.813425,40.402676],[-79.814147,40.401808],[-79.814758,40.401311],[-79.814993,40.401185],[-79.81407,40.400589],[-79.813606,40.401038],[-79.812431,40.39997],[-79.811425,40.399298],[-79.81164,40.399001],[-79.811235,40.398762],[-79.80917,40.397036],[-79.807644,40.396804],[-79.806452,40.396805],[-79.806456,40.396914],[-79.805968,40.397848],[-79.805622,40.398209],[-79.805433,40.398631],[-79.804846,40.398524],[-79.804558,40.399569],[-79.80445,40.399668],[-79.804281,40.399694],[-79.804139,40.39968],[-79.804318,40.398422]],[[-79.774181,40.400566],[-79.775253,40.400022],[-79.776265,40.400089],[-79.778473,40.400502],[-79.778243,40.400783],[-79.778099,40.401072],[-79.777716,40.400967],[-79.777957,40.401779],[-79.783102,40.400898],[-79.784243,40.400652],[-79.785057,40.400418],[-79.783264,40.401861],[-79.782823,40.402158],[-79.783341,40.402539],[-79.783005,40.403092],[-79.782726,40.403867],[-79.782788,40.404065],[-79.783073,40.404327],[-79.782957,40.404372],[-79.782395,40.404851],[-79.779883,40.407606],[-79.779177,40.40923],[-79.779445,40.40925],[-79.77888,40.410572],[-79.77964,40.410552],[-79.778309,40.41354],[-79.777401,40.415824],[-79.777231,40.416193],[-79.777079,40.416188],[-79.777045,40.416771],[-79.776973,40.416883],[-79.777043,40.416926],[-79.777439,40.416761],[-79.777577,40.416555],[-79.777837,40.416555],[-79.777853,40.416197],[-79.777445,40.416194],[-79.777479,40.41585],[-79.778361,40.416131],[-79.777527,40.418115],[-79.781298,40.419025],[-79.779861,40.422399],[-79.777381,40.420208],[-79.775914,40.41984],[-79.776182,40.419253],[-79.775869,40.419039],[-79.776102,40.418569],[-79.776532,40.417964],[-79.776763,40.417302],[-79.776306,40.417186],[-79.776496,40.41672],[-79.776535,40.416019],[-79.77599,40.414351],[-79.775666,40.413974],[-79.772754,40.414545],[-79.775818,40.410433],[-79.774608,40.410012],[-79.774552,40.41031],[-79.774046,40.410162],[-79.774096,40.409875],[-79.773175,40.409596],[-79.773094,40.409638],[-79.773712,40.409813],[-79.77344,40.410408],[-79.772572,40.409829],[-79.771486,40.410405],[-79.770735,40.409215],[-79.769868,40.408022],[-79.770085,40.407632],[-79.769962,40.407067],[-79.769419,40.405979],[-79.769731,40.404232],[-79.769805,40.404055],[-79.77024,40.403622],[-79.772291,40.401698],[-79.771741,40.401371],[-79.770634,40.400422],[-79.771664,40.399859],[-79.772433,40.400516],[-79.772924,40.400863],[-79.77514,40.402168],[-79.775376,40.402217],[-79.775275,40.401868],[-79.775221,40.401867],[-79.774181,40.400566]]]}},{"type":"Feature","properties":{"block_count":328,"land_area_km2":26.2035,"centroid":[-79.827345,40.497132],"bbox":[-79.884165,40.460005,-79.778988,40.530039],"boundary_source":"Approximate ZIP area: 2010 Census blocks grouped by their ZIP code (Allegheny County part only)","id":"zip-15147","name":"ZIP 15147 (Verona)","zip":"15147","geography":"zip","level":"LOW","anomaly_score":0.9309810597775545,"confidence":"HIGH","case_id":"zipfile-15147","top_signal_headline":"Home values +19% vs. county +14%"},"geometry":{"type":"MultiPolygon","coordinates":[[[[-79.832255,40.480568],[-79.830765,40.480979],[-79.829146,40.481561],[-79.828492,40.48186],[-79.826649,40.482019],[-79.826367,40.48207],[-79.825898,40.482253],[-79.825463,40.479671],[-79.824506,40.479785],[-79.824408,40.481565],[-79.819998,40.482894],[-79.819386,40.483589],[-79.81927,40.483893],[-79.819397,40.483943],[-79.819247,40.484202],[-79.818425,40.484731],[-79.817792,40.484975],[-79.817473,40.485416],[-79.817267,40.485595],[-79.813137,40.48481],[-79.807826,40.484617],[-79.804394,40.483967],[-79.801887,40.487849],[-79.801331,40.488225],[-79.800811,40.488775],[-79.800494,40.488958],[-79.797627,40.490013],[-79.797182,40.490011],[-79.795333,40.489708],[-79.794957,40.489734],[-79.794437,40.49],[-79.793862,40.490464],[-79.792994,40.491601],[-79.793679,40.492137],[-79.794637,40.490939],[-79.795283,40.490497],[-79.795612,40.49035],[-79.795938,40.490301],[-79.796222,40.490321],[-79.796573,40.490433],[-79.797608,40.490952],[-79.797804,40.491137],[-79.79782,40.491265],[-79.797473,40.493159],[-79.797476,40.493488],[-79.798341,40.493291],[-79.798721,40.492109],[-79.79977,40.490892],[-79.800101,40.49079],[-79.800354,40.490838],[-79.801024,40.4914],[-79.801113,40.49157],[-79.801288,40.492374],[-79.800817,40.496713],[-79.800099,40.49679],[-79.799458,40.496926],[-79.798981,40.497105],[-79.79854,40.497334],[-79.795792,40.496336],[-79.794895,40.496706],[-79.794012,40.496756],[-79.79314,40.496965],[-79.792181,40.497125],[-79.791085,40.497506],[-79.790746,40.497542],[-79.790051,40.497727],[-79.789532,40.497726],[-79.789412,40.497253],[-79.78951,40.49653],[-79.789477,40.496172],[-79.789251,40.495463],[-79.789064,40.495129],[-79.788802,40.494825],[-79.788027,40.494187],[-79.787326,40.495041],[-79.786502,40.494635],[-79.786224,40.494571],[-79.786049,40.494588],[-79.785566,40.494775],[-79.785098,40.494824],[-79.784541,40.494806],[-79.784146,40.494667],[-79.783995,40.49455],[-79.784027,40.494423],[-79.784194,40.494166],[-79.784658,40.493775],[-79.784774,40.493557],[-79.784959,40.492769],[-79.785205,40.492241],[-79.785317,40.491744],[-79.78503,40.491664],[-79.784955,40.491346],[-79.784826,40.491181],[-79.783416,40.490519],[-79.781223,40.490018],[-79.78525,40.499021],[-79.785682,40.49968],[-79.788427,40.502829],[-79.789028,40.503841],[-79.789351,40.504735],[-79.789483,40.50546],[-79.78973,40.508995],[-79.789935,40.50972],[-79.790175,40.510245],[-79.790502,40.510772],[-79.790824,40.511179],[-79.791228,40.511579],[-79.791963,40.512165],[-79.792609,40.51254],[-79.791742,40.514349],[-79.791507,40.515822],[-79.791073,40.516335],[-79.790798,40.516931],[-79.790219,40.517256],[-79.790098,40.517401],[-79.789887,40.517915],[-79.78985,40.518988],[-79.789538,40.519495],[-79.789395,40.520142],[-79.788865,40.520851],[-79.788568,40.521084],[-79.786497,40.522206],[-79.785964,40.52238],[-79.784732,40.522606],[-79.784539,40.522736],[-79.784457,40.522869],[-79.784296,40.523754],[-79.784129,40.52404],[-79.783633,40.524367],[-79.782538,40.524934],[-79.781689,40.525742],[-79.780936,40.527145],[-79.780147,40.527929],[-79.780057,40.528241],[-79.780028,40.529101],[-79.779978,40.529283],[-79.779815,40.529421],[-79.779092,40.529562],[-79.779001,40.529654],[-79.778988,40.529782],[-79.78012,40.52969],[-79.784315,40.529999],[-79.7859,40.530039],[-79.788005,40.529909],[-79.789815,40.529626],[-79.791562,40.52917],[-79.792279,40.528913],[-79.795045,40.527678],[-79.795788,40.527476],[-79.796566,40.527374],[-79.797355,40.527381],[-79.798132,40.527487],[-79.798634,40.52761],[-79.801677,40.528631],[-79.802484,40.528763],[-79.803271,40.528764],[-79.803831,40.528684],[-79.804502,40.528506],[-79.806164,40.527908],[-79.807187,40.527642],[-79.808321,40.52756],[-79.810956,40.527733],[-79.812007,40.527683],[-79.817307,40.527047],[-79.820868,40.526167],[-79.820418,40.524982],[-79.820078,40.524295],[-79.819782,40.523858],[-79.819068,40.5231],[-79.819177,40.522836],[-79.819715,40.522127],[-79.819235,40.520947],[-79.819801,40.52048],[-79.819924,40.518942],[-79.820344,40.518101],[-79.819706,40.517397],[-79.820773,40.515236],[-79.822622,40.51455],[-79.824341,40.515293],[-79.827704,40.511968],[-79.830218,40.512419],[-79.832281,40.513365],[-79.833101,40.513601],[-79.833418,40.513612],[-79.833562,40.513524],[-79.833677,40.51336],[-79.833907,40.512981],[-79.834144,40.512421],[-79.834302,40.512223],[-79.834878,40.511783],[-79.835719,40.511459],[-79.836367,40.511404],[-79.836597,40.511426],[-79.83736,40.511706],[-79.837799,40.511805],[-79.838533,40.511832],[-79.839806,40.511749],[-79.840813,40.511837],[-79.841892,40.511787],[-79.842655,40.511441],[-79.844569,40.511227],[-79.844864,40.511029],[-79.845108,40.510732],[-79.845137,40.510535],[-79.844906,40.51026],[-79.844877,40.510106],[-79.845388,40.509557],[-79.845776,40.508794],[-79.846157,40.508321],[-79.846977,40.507761],[-79.847229,40.507656],[-79.847284,40.507868],[-79.847532,40.507751],[-79.849451,40.507425],[-79.849175,40.506112],[-79.848853,40.503658],[-79.849063,40.500963],[-79.849375,40.498864],[-79.84968,40.497589],[-79.85042,40.495738],[-79.851113,40.493601],[-79.85312,40.491824],[-79.856537,40.488976],[-79.857784,40.48809],[-79.859138,40.487227],[-79.861166,40.486352],[-79.862776,40.485809],[-79.865742,40.48502],[-79.871482,40.483998],[-79.874238,40.48355],[-79.876632,40.483316],[-79.879559,40.483247],[-79.883772,40.483406],[-79.884165,40.481397],[-79.883905,40.481425],[-79.882421,40.481362],[-79.880016,40.481492],[-79.878475,40.481483],[-79.878892,40.479163],[-79.878561,40.479012],[-79.878437,40.478783],[-79.878501,40.478563],[-79.878801,40.478145],[-79.877957,40.47778],[-79.87772,40.47763],[-79.877815,40.477315],[-79.877785,40.476418],[-79.878018,40.476164],[-79.87924,40.475722],[-79.880152,40.475016],[-79.880802,40.474695],[-79.879173,40.470868],[-79.877206,40.470796],[-79.877296,40.470343],[-79.877297,40.469507],[-79.877252,40.469405],[-79.877689,40.46929],[-79.878804,40.469155],[-79.87923,40.469042],[-79.879502,40.468867],[-79.879949,40.468377],[-79.880871,40.468047],[-79.883328,40.468088],[-79.883016,40.467703],[-79.882751,40.466805],[-79.882591,40.466452],[-79.882203,40.465806],[-79.88113,40.465148],[-79.878498,40.465434],[-79.87682,40.465553],[-79.876366,40.465652],[-79.876194,40.465213],[-79.868794,40.466528],[-79.868525,40.466332],[-79.86832,40.466248],[-79.867224,40.466073],[-79.865963,40.465805],[-79.8654,40.465746],[-79.865284,40.46601],[-79.865126,40.466181],[-79.864318,40.466827],[-79.862848,40.467462],[-79.861738,40.467736],[-79.860605,40.468377],[-79.8603,40.468385],[-79.859908,40.468653],[-79.859731,40.468853],[-79.859451,40.469633],[-79.858921,40.470291],[-79.859051,40.47103],[-79.858954,40.471609],[-79.858719,40.472067],[-79.858312,40.472399],[-79.857859,40.472571],[-79.857406,40.472817],[-79.856444,40.473551],[-79.847264,40.469564],[-79.847922,40.472291],[-79.848147,40.473029],[-79.847369,40.473378],[-79.845812,40.473496],[-79.8446,40.473817],[-79.8414,40.474338],[-79.841152,40.474318],[-79.840767,40.474193],[-79.840015,40.473622],[-79.839782,40.473526],[-79.839261,40.473493],[-79.837538,40.473776],[-79.836901,40.473733],[-79.836502,40.473618],[-79.833653,40.479254],[-79.832664,40.479881],[-79.832879,40.480304],[-79.832255,40.480568]]],[[[-79.847889,40.461303],[-79.847288,40.461247],[-79.846042,40.461334],[-79.845576,40.461281],[-79.845093,40.461069],[-79.843917,40.46014],[-79.843615,40.46003],[-79.843236,40.460005],[-79.842971,40.460068],[-79.84267,40.460214],[-79.842425,40.46128],[-79.842418,40.4618],[-79.842524,40.462155],[-79.842783,40.462569],[-79.843214,40.462979],[-79.843833,40.463301],[-79.84575,40.46388],[-79.84616,40.4641],[-79.846615,40.464556],[-79.846836,40.465104],[-79.846908,40.467635],[-79.84856,40.46595],[-79.847889,40.461303]]],[[[-79.797633,40.48872],[-79.796412,40.488423],[-79.79624,40.488481],[-79.796177,40.48866],[-79.796263,40.488799],[-79.797327,40.489097],[-79.797476,40.489047],[-79.797633,40.48872]]]]}},{"type":"Feature","properties":{"block_count":122,"land_area_km2":2.8898,"centroid":[-79.795114,40.393448],"bbox":[-79.818568,40.385933,-79.773387,40.402319],"boundary_source":"Approximate ZIP area: 2010 Census blocks grouped by their ZIP code (Allegheny County part only)","id":"zip-15148","name":"ZIP 15148 (Wilmerding)","zip":"15148","geography":"zip","level":"HIGH","anomaly_score":3.267808717129413,"confidence":"MODERATE","case_id":"zcase-001","top_signal_headline":"Sale prices +67% vs. county +19%"},"geometry":{"type":"Polygon","coordinates":[[[-79.798009,40.394071],[-79.798076,40.394398],[-79.798471,40.394358],[-79.799405,40.394593],[-79.802837,40.395982],[-79.802901,40.396073],[-79.803661,40.396518],[-79.804533,40.396796],[-79.804139,40.39968],[-79.804379,40.399689],[-79.804558,40.399569],[-79.804846,40.398524],[-79.805433,40.398631],[-79.805622,40.398209],[-79.805968,40.397848],[-79.806456,40.396914],[-79.806452,40.396805],[-79.807644,40.396804],[-79.80917,40.397036],[-79.811235,40.398762],[-79.81164,40.399001],[-79.811425,40.399298],[-79.812431,40.39997],[-79.813606,40.401038],[-79.81407,40.400589],[-79.814993,40.401185],[-79.81523,40.401045],[-79.816998,40.402319],[-79.817805,40.401504],[-79.818568,40.40058],[-79.818139,40.40042],[-79.817595,40.400059],[-79.816166,40.398483],[-79.815968,40.397919],[-79.81631,40.39709],[-79.812998,40.39513],[-79.814404,40.39292],[-79.814448,40.390963],[-79.814379,40.38987],[-79.811517,40.386687],[-79.802594,40.391419],[-79.796565,40.392172],[-79.794656,40.392522],[-79.793168,40.392872],[-79.792805,40.392732],[-79.792765,40.392642],[-79.790988,40.391973],[-79.790483,40.390296],[-79.79074,40.38943],[-79.790819,40.388478],[-79.790743,40.387716],[-79.790517,40.386661],[-79.790401,40.386144],[-79.790259,40.385933],[-79.789595,40.386493],[-79.787854,40.386593],[-79.788332,40.387284],[-79.78596,40.38801],[-79.780279,40.390041],[-79.779678,40.389673],[-79.777238,40.388354],[-79.776516,40.387791],[-79.774451,40.386662],[-79.77363,40.387351],[-79.773424,40.387698],[-79.773387,40.388057],[-79.773551,40.388483],[-79.775582,40.390695],[-79.775806,40.391055],[-79.775912,40.391422],[-79.775751,40.392625],[-79.775497,40.39333],[-79.774932,40.393967],[-79.773672,40.394888],[-79.774853,40.396732],[-79.776334,40.3983],[-79.777091,40.398873],[-79.77853,40.39897],[-79.778967,40.398939],[-79.779239,40.398648],[-79.780708,40.397629],[-79.781527,40.396865],[-79.783037,40.396437],[-79.784001,40.396326],[-79.784793,40.396497],[-79.786481,40.396563],[-79.787196,40.396455],[-79.787446,40.396474],[-79.788285,40.39634],[-79.788539,40.396479],[-79.788544,40.396646],[-79.788398,40.396982],[-79.788344,40.39727],[-79.788517,40.397816],[-79.788861,40.397952],[-79.789237,40.397875],[-79.789757,40.397531],[-79.790157,40.397357],[-79.790658,40.397396],[-79.790853,40.397631],[-79.792032,40.397859],[-79.79303,40.397298],[-79.793191,40.396454],[-79.793515,40.395801],[-79.794268,40.395202],[-79.795119,40.394799],[-79.796333,40.39434],[-79.797593,40.394105],[-79.798009,40.394071]]]}},{"type":"Feature","properties":{"block_count":463,"land_area_km2":6.422,"centroid":[-79.952795,40.475213],"bbox":[-79.976016,40.455714,-79.927761,40.49157],"boundary_source":"Approximate ZIP area: 2010 Census blocks grouped by their ZIP code (Allegheny County part only)","id":"zip-15201","name":"ZIP 15201 (Pittsburgh)","zip":"15201","geography":"zip","level":"LOW","anomaly_score":0.8801877406230536,"confidence":"HIGH","case_id":"zipfile-15201","top_signal_headline":"Sale prices +11% vs. county +19%"},"geometry":{"type":"Polygon","coordinates":[[[-79.965716,40.476502],[-79.966413,40.475565],[-79.967371,40.474553],[-79.968056,40.473668],[-79.969312,40.471826],[-79.970036,40.471108],[-79.970767,40.470658],[-79.97156,40.468988],[-79.976016,40.463091],[-79.974456,40.462399],[-79.97294,40.461118],[-79.974357,40.460147],[-79.973956,40.459809],[-79.974177,40.459663],[-79.974354,40.45961],[-79.975388,40.458841],[-79.973532,40.457274],[-79.974947,40.456294],[-79.974839,40.4562],[-79.974762,40.456208],[-79.974322,40.456455],[-79.973971,40.456449],[-79.973781,40.45635],[-79.973025,40.455714],[-79.968826,40.458018],[-79.965944,40.459178],[-79.966079,40.459437],[-79.960349,40.460466],[-79.960493,40.460969],[-79.960407,40.460971],[-79.96054,40.46109],[-79.959097,40.461232],[-79.959206,40.462012],[-79.960029,40.464838],[-79.957961,40.465182],[-79.95922,40.466235],[-79.95926,40.466376],[-79.958437,40.466811],[-79.957058,40.46571],[-79.953667,40.466273],[-79.95356,40.465931],[-79.952307,40.466142],[-79.952248,40.466214],[-79.952441,40.466876],[-79.951774,40.466968],[-79.95165,40.466731],[-79.951905,40.466429],[-79.95193,40.46617],[-79.951377,40.466148],[-79.946446,40.465466],[-79.946116,40.466964],[-79.946746,40.467453],[-79.947243,40.467973],[-79.947357,40.468214],[-79.947382,40.468447],[-79.947333,40.468679],[-79.946955,40.469387],[-79.946463,40.469997],[-79.945669,40.470753],[-79.944495,40.471634],[-79.943705,40.471945],[-79.941728,40.472353],[-79.94015,40.472897],[-79.939082,40.473081],[-79.937816,40.473056],[-79.93665,40.472855],[-79.935299,40.472514],[-79.93484,40.472336],[-79.934571,40.472166],[-79.934288,40.472718],[-79.935114,40.47344],[-79.934896,40.473598],[-79.934693,40.473976],[-79.934685,40.474222],[-79.93498,40.47517],[-79.934854,40.475226],[-79.931916,40.475217],[-79.932516,40.476915],[-79.933039,40.479641],[-79.933208,40.479855],[-79.934436,40.48048],[-79.933823,40.483072],[-79.933143,40.484341],[-79.934034,40.484683],[-79.933401,40.485581],[-79.932874,40.485992],[-79.932658,40.486229],[-79.931681,40.48696],[-79.930766,40.487391],[-79.931006,40.487682],[-79.929951,40.488156],[-79.929156,40.48815],[-79.928117,40.487926],[-79.927761,40.488057],[-79.927855,40.488252],[-79.9299,40.488645],[-79.930257,40.488671],[-79.929282,40.488796],[-79.928347,40.488851],[-79.928225,40.488901],[-79.928715,40.488975],[-79.929744,40.489115],[-79.930233,40.489134],[-79.931563,40.489144],[-79.932151,40.489025],[-79.932635,40.489026],[-79.933255,40.489062],[-79.933278,40.489145],[-79.933906,40.489158],[-79.933908,40.490032],[-79.934338,40.49157],[-79.935572,40.491491],[-79.937113,40.491255],[-79.940911,40.490486],[-79.944669,40.48942],[-79.947837,40.488706],[-79.94933,40.488254],[-79.953195,40.486955],[-79.955351,40.485907],[-79.956394,40.485282],[-79.958568,40.483799],[-79.960655,40.482086],[-79.962997,40.479958],[-79.964635,40.478098],[-79.965716,40.476502]]]}},{"type":"Feature","properties":{"block_count":438,"land_area_km2":11.3875,"centroid":[-80.068528,40.505298],"bbox":[-80.108617,40.48217,-80.033285,40.521929],"boundary_source":"Approximate ZIP area: 2010 Census blocks grouped by their ZIP code (Allegheny County part only)","id":"zip-15202","name":"ZIP 15202 (Pittsburgh)","zip":"15202","geography":"zip","level":"LOW","anomaly_score":0.8617048767743515,"confidence":"HIGH","case_id":"zipfile-15202","top_signal_headline":"Home sales +19% vs. county +4%"},"geometry":{"type":"Polygon","coordinates":[[[-80.096316,40.514786],[-80.098766,40.514714],[-80.099069,40.514623],[-80.10107,40.515354],[-80.101096,40.515482],[-80.105973,40.516563],[-80.107481,40.516823],[-80.108024,40.514717],[-80.107975,40.5146],[-80.108145,40.513942],[-80.108617,40.513213],[-80.108363,40.510521],[-80.098576,40.506969],[-80.095736,40.505759],[-80.092901,40.50432],[-80.09163,40.503846],[-80.087668,40.502611],[-80.083905,40.50196],[-80.081451,40.501439],[-80.079559,40.500832],[-80.077795,40.500184],[-80.076255,40.499335],[-80.07026,40.494822],[-80.068862,40.493697],[-80.066067,40.490799],[-80.063596,40.488932],[-80.061515,40.487486],[-80.059312,40.486137],[-80.057869,40.485185],[-80.054641,40.48297],[-80.053179,40.48217],[-80.050715,40.484085],[-80.050604,40.484176],[-80.050672,40.48422],[-80.050094,40.484681],[-80.049977,40.484843],[-80.049932,40.485387],[-80.049828,40.485624],[-80.048592,40.48642],[-80.048168,40.486375],[-80.047927,40.486299],[-80.04702,40.487015],[-80.046682,40.487154],[-80.046669,40.487038],[-80.046444,40.487163],[-80.04648,40.487519],[-80.046401,40.487831],[-80.045631,40.488299],[-80.045371,40.488521],[-80.045186,40.488901],[-80.045127,40.489047],[-80.04549,40.489657],[-80.04558,40.489939],[-80.045545,40.490165],[-80.044891,40.49088],[-80.044656,40.49137],[-80.044645,40.491876],[-80.044539,40.492125],[-80.044992,40.492837],[-80.045179,40.493307],[-80.045241,40.493354],[-80.045404,40.493762],[-80.045297,40.493923],[-80.045313,40.493999],[-80.045529,40.494433],[-80.046014,40.494865],[-80.045406,40.494911],[-80.045521,40.495185],[-80.045603,40.495671],[-80.046047,40.496624],[-80.045948,40.497161],[-80.046169,40.498703],[-80.046089,40.499354],[-80.04584,40.499683],[-80.045385,40.500027],[-80.043782,40.500869],[-80.043373,40.501027],[-80.04291,40.501053],[-80.039982,40.500973],[-80.0396,40.50089],[-80.038056,40.500786],[-80.03727,40.500663],[-80.037163,40.500871],[-80.036878,40.501056],[-80.035758,40.501375],[-80.034846,40.501816],[-80.034059,40.502055],[-80.03407,40.502754],[-80.034142,40.503079],[-80.034141,40.504007],[-80.033709,40.505183],[-80.033673,40.505534],[-80.033285,40.50631],[-80.034015,40.506544],[-80.035189,40.506805],[-80.035946,40.506917],[-80.037057,40.507],[-80.037069,40.507202],[-80.039139,40.507317],[-80.039545,40.507007],[-80.039833,40.506923],[-80.043843,40.506142],[-80.044356,40.506157],[-80.046479,40.506488],[-80.046721,40.506586],[-80.047573,40.507115],[-80.046667,40.508721],[-80.047982,40.509523],[-80.048729,40.51007],[-80.049607,40.510862],[-80.050388,40.511698],[-80.050965,40.511171],[-80.051173,40.511114],[-80.05151,40.511068],[-80.051943,40.511252],[-80.052146,40.511281],[-80.052291,40.511212],[-80.052642,40.510817],[-80.053745,40.510544],[-80.054341,40.510314],[-80.054573,40.51026],[-80.055202,40.510235],[-80.056654,40.510081],[-80.056526,40.510602],[-80.056561,40.512104],[-80.056524,40.512426],[-80.056361,40.51287],[-80.056012,40.513363],[-80.055587,40.513718],[-80.054825,40.514188],[-80.054679,40.514053],[-80.054303,40.51385],[-80.054104,40.513987],[-80.054039,40.51413],[-80.05306,40.514848],[-80.052541,40.515033],[-80.052368,40.515013],[-80.053371,40.517198],[-80.053719,40.517698],[-80.05415,40.518159],[-80.054648,40.518576],[-80.055555,40.519113],[-80.056207,40.519383],[-80.057256,40.519659],[-80.058355,40.519783],[-80.060956,40.519826],[-80.061694,40.519881],[-80.062639,40.520041],[-80.062621,40.518947],[-80.062292,40.515437],[-80.067478,40.517024],[-80.067134,40.517166],[-80.066767,40.517519],[-80.066675,40.517733],[-80.066654,40.517959],[-80.066791,40.518336],[-80.067703,40.518],[-80.06813,40.517888],[-80.06862,40.517858],[-80.070021,40.517961],[-80.070362,40.517906],[-80.082234,40.521929],[-80.082477,40.521823],[-80.08406,40.521588],[-80.084369,40.521366],[-80.085183,40.520967],[-80.085816,40.520593],[-80.086211,40.520434],[-80.087406,40.519772],[-80.087916,40.519551],[-80.088204,40.519324],[-80.088513,40.518786],[-80.088679,40.518598],[-80.089276,40.518328],[-80.090326,40.517629],[-80.09088,40.517467],[-80.091672,40.517428],[-80.091895,40.517578],[-80.092233,40.517675],[-80.092492,40.517704],[-80.092924,40.517649],[-80.093125,40.51752],[-80.093262,40.517229],[-80.093212,40.516976],[-80.092998,40.516529],[-80.096306,40.516402],[-80.096075,40.515663],[-80.095903,40.514784],[-80.096316,40.514786]]]}},{"type":"Feature","properties":{"block_count":350,"land_area_km2":3.8329,"centroid":[-79.9764,40.426334],"bbox":[-80.004645,40.417316,-79.953974,40.434369],"boundary_source":"Approximate ZIP area: 2010 Census blocks grouped by their ZIP code (Allegheny County part only)","id":"zip-15203","name":"ZIP 15203 (Pittsburgh)","zip":"15203","geography":"zip","level":"HIGH","anomaly_score":1.713632504004144,"confidence":"HIGH","case_id":"zcase-013","top_signal_headline":"Home values +4% vs. county +14%"},"geometry":{"type":"Polygon","coordinates":[[[-79.956385,40.417408],[-79.953974,40.418242],[-79.954573,40.420769],[-79.955973,40.424569],[-79.956278,40.424867],[-79.960296,40.428635],[-79.973406,40.433853],[-79.975474,40.434369],[-79.989158,40.4323],[-79.990176,40.432209],[-79.994077,40.432629],[-79.994527,40.432609],[-79.995292,40.432675],[-79.995379,40.431049],[-79.996012,40.429882],[-79.994681,40.429421],[-79.994881,40.429108],[-79.996169,40.429555],[-79.996433,40.429208],[-79.998703,40.429981],[-79.999047,40.429474],[-79.999407,40.429699],[-80.001198,40.430618],[-80.001282,40.430759],[-80.001144,40.430813],[-80.002002,40.430962],[-80.002324,40.431075],[-80.003487,40.431704],[-80.003952,40.432019],[-80.00447,40.431251],[-80.00271,40.430533],[-80.003047,40.430302],[-80.004057,40.430138],[-80.00415,40.430068],[-80.004212,40.429613],[-80.004581,40.428958],[-80.004645,40.428736],[-80.003967,40.428594],[-80.003537,40.428578],[-80.002801,40.428404],[-80.003242,40.42808],[-80.003838,40.42783],[-80.002072,40.427631],[-80.00073,40.427593],[-79.998974,40.426772],[-79.998652,40.427159],[-79.998438,40.427299],[-79.99825,40.427183],[-79.998449,40.427038],[-79.998218,40.426896],[-79.998029,40.427033],[-79.997829,40.426901],[-79.998018,40.426758],[-79.997798,40.426615],[-79.99762,40.426749],[-79.997446,40.426616],[-79.997599,40.42648],[-79.997766,40.426127],[-79.997203,40.42581],[-79.996973,40.425874],[-79.99624,40.425859],[-79.995958,40.425731],[-79.995713,40.42498],[-79.994588,40.425272],[-79.994222,40.425011],[-79.994096,40.42488],[-79.994034,40.424718],[-79.993689,40.424727],[-79.993327,40.425603],[-79.993177,40.425594],[-79.992439,40.425836],[-79.992086,40.425817],[-79.991795,40.425791],[-79.991102,40.425592],[-79.990661,40.425357],[-79.990609,40.425417],[-79.990353,40.425053],[-79.990019,40.424789],[-79.989633,40.424704],[-79.989064,40.424725],[-79.988813,40.424681],[-79.988615,40.424574],[-79.988447,40.424363],[-79.98843,40.424085],[-79.988525,40.423913],[-79.988882,40.423593],[-79.992204,40.422123],[-79.992274,40.422069],[-79.992325,40.421808],[-79.991914,40.421789],[-79.991305,40.422025],[-79.99097,40.422129],[-79.99085,40.422107],[-79.990511,40.422228],[-79.988718,40.422271],[-79.988248,40.422319],[-79.988247,40.421889],[-79.987344,40.422045],[-79.987329,40.422469],[-79.98545,40.422578],[-79.985331,40.421524],[-79.985373,40.421424],[-79.985247,40.421071],[-79.984585,40.421407],[-79.983866,40.421942],[-79.981098,40.420953],[-79.980741,40.421019],[-79.98082,40.42069],[-79.980213,40.420679],[-79.979845,40.420817],[-79.97951,40.421008],[-79.979456,40.421275],[-79.978945,40.421797],[-79.979361,40.421671],[-79.978372,40.422256],[-79.97779,40.423004],[-79.977704,40.423462],[-79.977552,40.423574],[-79.976802,40.423468],[-79.976629,40.423407],[-79.976639,40.422708],[-79.976474,40.421969],[-79.976414,40.419556],[-79.975455,40.419476],[-79.975168,40.419576],[-79.975218,40.419237],[-79.974774,40.41916],[-79.974721,40.419365],[-79.974954,40.419395],[-79.974936,40.419579],[-79.974796,40.419484],[-79.974161,40.419389],[-79.974228,40.418965],[-79.971523,40.418701],[-79.966908,40.41803],[-79.966885,40.417931],[-79.966711,40.417835],[-79.965655,40.417707],[-79.965495,40.41759],[-79.965472,40.417374],[-79.965105,40.417431],[-79.964039,40.418266],[-79.963596,40.419024],[-79.96304,40.419286],[-79.962724,40.420099],[-79.962568,40.420188],[-79.962728,40.420321],[-79.961618,40.42124],[-79.961429,40.421121],[-79.961288,40.421257],[-79.958163,40.419221],[-79.957899,40.419006],[-79.957386,40.418443],[-79.956627,40.417316],[-79.956385,40.417408]]]}},{"type":"Feature","properties":{"block_count":356,"land_area_km2":4.8303,"centroid":[-80.060856,40.455986],"bbox":[-80.084251,40.444562,-80.037568,40.465676],"boundary_source":"Approximate ZIP area: 2010 Census blocks grouped by their ZIP code (Allegheny County part only)","id":"zip-15204","name":"ZIP 15204 (Pittsburgh)","zip":"15204","geography":"zip","level":"MEDIUM","anomaly_score":1.143152581246369,"confidence":"HIGH","case_id":"zcase-032","top_signal_headline":"Sale prices +35% vs. county +19%"},"geometry":{"type":"Polygon","coordinates":[[[-80.051287,40.465564],[-80.057965,40.463534],[-80.05835,40.46349],[-80.059651,40.463959],[-80.060313,40.464124],[-80.060988,40.464078],[-80.062196,40.463355],[-80.063378,40.462744],[-80.064622,40.462371],[-80.067227,40.461215],[-80.068156,40.460911],[-80.068577,40.460872],[-80.069389,40.460855],[-80.070327,40.460975],[-80.070452,40.461063],[-80.072334,40.461374],[-80.074759,40.463612],[-80.076265,40.464558],[-80.076498,40.464657],[-80.077031,40.46473],[-80.077697,40.464736],[-80.078059,40.464684],[-80.079397,40.463854],[-80.079934,40.463366],[-80.080249,40.46249],[-80.08089,40.461237],[-80.081453,40.460619],[-80.082273,40.459999],[-80.082624,40.459841],[-80.083157,40.459605],[-80.083702,40.459439],[-80.083913,40.459466],[-80.084251,40.459377],[-80.084112,40.459307],[-80.084055,40.459164],[-80.082062,40.457237],[-80.080844,40.456249],[-80.080632,40.456143],[-80.080209,40.456156],[-80.080149,40.455832],[-80.077681,40.453455],[-80.076848,40.452725],[-80.076602,40.452526],[-80.075082,40.451557],[-80.073892,40.450636],[-80.073582,40.450366],[-80.072936,40.449607],[-80.072796,40.449508],[-80.072635,40.449431],[-80.072344,40.449375],[-80.071463,40.449285],[-80.069944,40.448886],[-80.069715,40.448762],[-80.068616,40.447845],[-80.068359,40.447778],[-80.06714,40.44889],[-80.066682,40.44882],[-80.06631,40.449429],[-80.065367,40.449073],[-80.064982,40.449252],[-80.064703,40.449275],[-80.063343,40.448286],[-80.063902,40.448116],[-80.064323,40.447705],[-80.064013,40.447627],[-80.063661,40.44794],[-80.062611,40.447233],[-80.061465,40.446274],[-80.060998,40.446596],[-80.060935,40.446707],[-80.060596,40.446898],[-80.059178,40.445265],[-80.056646,40.444562],[-80.055386,40.447304],[-80.055269,40.447458],[-80.055281,40.448076],[-80.055234,40.448134],[-80.055071,40.448082],[-80.054425,40.44822],[-80.053261,40.44863],[-80.052734,40.449136],[-80.052255,40.449944],[-80.052186,40.449871],[-80.051468,40.449535],[-80.05103,40.44922],[-80.05079,40.449506],[-80.050635,40.449566],[-80.049959,40.449461],[-80.049119,40.449218],[-80.048807,40.449581],[-80.04844,40.449895],[-80.047761,40.45022],[-80.047581,40.450355],[-80.047347,40.450823],[-80.045281,40.450422],[-80.045078,40.450153],[-80.044629,40.450469],[-80.042311,40.451547],[-80.041259,40.451917],[-80.040163,40.452461],[-80.040937,40.452601],[-80.041789,40.452542],[-80.042037,40.4528],[-80.041819,40.452866],[-80.04114,40.453622],[-80.040737,40.453199],[-80.039898,40.452616],[-80.039388,40.452875],[-80.037568,40.454049],[-80.045952,40.460611],[-80.04709,40.461644],[-80.050418,40.464668],[-80.050366,40.465676],[-80.051287,40.465564]]]}},{"type":"Feature","properties":{"block_count":543,"land_area_km2":26.6677,"centroid":[-80.09902,40.438079],"bbox":[-80.172815,40.408126,-80.040698,40.459977],"boundary_source":"Approximate ZIP area: 2010 Census blocks grouped by their ZIP code (Allegheny County part only)","id":"zip-15205","name":"ZIP 15205 (Crafton)","zip":"15205","geography":"zip","level":"LOW","anomaly_score":0.8412883564644351,"confidence":"HIGH","case_id":"zipfile-15205","top_signal_headline":"Rents +9% vs. county +14%"},"geometry":{"type":"MultiPolygon","coordinates":[[[[-80.132749,40.42925],[-80.125718,40.426215],[-80.124678,40.42586],[-80.123052,40.425461],[-80.120869,40.425167],[-80.119562,40.425099],[-80.116445,40.425095],[-80.114542,40.424951],[-80.109094,40.424036],[-80.098399,40.422102],[-80.096444,40.421583],[-80.095276,40.429989],[-80.092273,40.428431],[-80.090384,40.430924],[-80.08617,40.428282],[-80.0864,40.427742],[-80.086394,40.427125],[-80.08631,40.426427],[-80.086335,40.425887],[-80.086235,40.425409],[-80.085442,40.42527],[-80.084993,40.424585],[-80.085542,40.423842],[-80.085679,40.423125],[-80.085626,40.422827],[-80.085191,40.421758],[-80.08467,40.420859],[-80.084258,40.420336],[-80.083828,40.4201],[-80.083078,40.420005],[-80.081444,40.420196],[-80.080775,40.420178],[-80.080731,40.420375],[-80.079536,40.420391],[-80.078369,40.420953],[-80.077879,40.420887],[-80.077322,40.421002],[-80.076482,40.421035],[-80.076118,40.421113],[-80.075833,40.421228],[-80.075067,40.421226],[-80.074716,40.421361],[-80.074572,40.421369],[-80.074445,40.421016],[-80.073875,40.420377],[-80.073236,40.419364],[-80.072046,40.417263],[-80.070778,40.415827],[-80.068737,40.415941],[-80.067929,40.416028],[-80.067282,40.416221],[-80.06643,40.416776],[-80.066123,40.417228],[-80.066096,40.417499],[-80.066608,40.419384],[-80.066882,40.420621],[-80.067211,40.422458],[-80.067202,40.422776],[-80.067058,40.423056],[-80.065735,40.424852],[-80.065461,40.424581],[-80.065365,40.424574],[-80.064222,40.425417],[-80.063203,40.426387],[-80.06157,40.426372],[-80.061522,40.425533],[-80.061644,40.425115],[-80.057177,40.424273],[-80.054015,40.422883],[-80.053588,40.423267],[-80.053869,40.423925],[-80.053483,40.424483],[-80.052911,40.424729],[-80.051016,40.42454],[-80.049593,40.424039],[-80.049814,40.423068],[-80.049165,40.423516],[-80.048636,40.424037],[-80.048314,40.423841],[-80.048111,40.423639],[-80.045363,40.423672],[-80.044054,40.424605],[-80.043476,40.424126],[-80.042345,40.42508],[-80.041435,40.425943],[-80.041329,40.426222],[-80.04155,40.427495],[-80.041557,40.427748],[-80.041487,40.42804],[-80.041256,40.428447],[-80.040698,40.428683],[-80.04169,40.428987],[-80.042491,40.428618],[-80.04315,40.428044],[-80.042705,40.428674],[-80.043289,40.428193],[-80.044628,40.429062],[-80.046643,40.42942],[-80.046637,40.429512],[-80.046957,40.430124],[-80.048427,40.432438],[-80.048185,40.43279],[-80.046765,40.432647],[-80.045236,40.432781],[-80.04607,40.433073],[-80.046004,40.433079],[-80.046718,40.43442],[-80.046731,40.434744],[-80.045808,40.434598],[-80.04538,40.433841],[-80.044636,40.434003],[-80.044904,40.434532],[-80.04494,40.434703],[-80.044719,40.435686],[-80.044803,40.435781],[-80.04645,40.436133],[-80.046236,40.437214],[-80.046176,40.437269],[-80.046015,40.438295],[-80.046559,40.438264],[-80.047753,40.438098],[-80.04887,40.43815],[-80.049465,40.438075],[-80.049602,40.438281],[-80.049051,40.438365],[-80.04903,40.438681],[-80.049536,40.438957],[-80.04961,40.439949],[-80.049691,40.439958],[-80.052322,40.442604],[-80.052189,40.44282],[-80.052072,40.442779],[-80.051154,40.443688],[-80.050144,40.444488],[-80.049692,40.444942],[-80.049198,40.445316],[-80.049622,40.445913],[-80.048733,40.446542],[-80.049222,40.446816],[-80.048842,40.447283],[-80.048606,40.447488],[-80.048369,40.447561],[-80.04804,40.447544],[-80.046505,40.446829],[-80.04614,40.447058],[-80.049703,40.448696],[-80.049851,40.448698],[-80.050974,40.449232],[-80.05103,40.44922],[-80.051468,40.449535],[-80.052186,40.449871],[-80.052255,40.449944],[-80.052734,40.449136],[-80.053261,40.44863],[-80.054425,40.44822],[-80.055071,40.448082],[-80.055234,40.448134],[-80.055281,40.448076],[-80.055269,40.447458],[-80.055386,40.447304],[-80.056646,40.444562],[-80.059178,40.445265],[-80.060596,40.446898],[-80.060935,40.446707],[-80.060998,40.446596],[-80.061465,40.446274],[-80.062611,40.447233],[-80.063661,40.44794],[-80.064013,40.447627],[-80.064323,40.447705],[-80.063902,40.448116],[-80.063343,40.448286],[-80.064703,40.449275],[-80.064982,40.449252],[-80.065367,40.449073],[-80.06631,40.449429],[-80.066682,40.44882],[-80.06714,40.44889],[-80.068359,40.447778],[-80.068616,40.447845],[-80.069715,40.448762],[-80.069944,40.448886],[-80.071463,40.449285],[-80.072635,40.449431],[-80.072936,40.449607],[-80.073372,40.450146],[-80.073892,40.450636],[-80.075082,40.451557],[-80.076602,40.452526],[-80.077681,40.453455],[-80.080149,40.455832],[-80.080209,40.456156],[-80.080732,40.456173],[-80.082062,40.457237],[-80.084055,40.459164],[-80.084112,40.459307],[-80.084251,40.459377],[-80.083913,40.459466],[-80.086118,40.459809],[-80.086782,40.459856],[-80.088024,40.459737],[-80.089723,40.459796],[-80.089806,40.459753],[-80.091127,40.459885],[-80.09205,40.459857],[-80.093856,40.459977],[-80.094013,40.459925],[-80.094396,40.459937],[-80.094858,40.459815],[-80.095296,40.45958],[-80.095422,40.459452],[-80.095509,40.459064],[-80.095504,40.458231],[-80.095426,40.458148],[-80.095458,40.458007],[-80.095235,40.456639],[-80.095369,40.45657],[-80.095196,40.456381],[-80.095182,40.456017],[-80.095081,40.455823],[-80.094672,40.453997],[-80.094508,40.45365],[-80.094604,40.45301],[-80.094567,40.452317],[-80.094654,40.45193],[-80.0945,40.451331],[-80.094024,40.450872],[-80.093375,40.450754],[-80.099252,40.449389],[-80.099803,40.450028],[-80.100025,40.450501],[-80.100061,40.450806],[-80.099977,40.452292],[-80.100622,40.452468],[-80.102102,40.453065],[-80.102503,40.453155],[-80.102765,40.453109],[-80.103415,40.452715],[-80.104562,40.452729],[-80.104706,40.452687],[-80.104701,40.452621],[-80.106774,40.450628],[-80.107082,40.450412],[-80.107638,40.450168],[-80.10827,40.450821],[-80.108774,40.451212],[-80.108725,40.451634],[-80.109292,40.452588],[-80.109791,40.454312],[-80.109966,40.454709],[-80.112174,40.454392],[-80.111944,40.453924],[-80.111986,40.453471],[-80.112226,40.453062],[-80.113303,40.452174],[-80.1135,40.451596],[-80.11451,40.452107],[-80.115204,40.451711],[-80.115628,40.451176],[-80.115772,40.451083],[-80.115977,40.451027],[-80.116425,40.450402],[-80.116941,40.450408],[-80.117029,40.450378],[-80.117164,40.450125],[-80.117575,40.450122],[-80.11828,40.44992],[-80.118644,40.449712],[-80.119315,40.449178],[-80.119271,40.449065],[-80.117852,40.449341],[-80.117042,40.449421],[-80.116306,40.449341],[-80.117636,40.446444],[-80.119685,40.445594],[-80.126695,40.443725],[-80.12698,40.443719],[-80.127396,40.443828],[-80.129009,40.444417],[-80.12925,40.44445],[-80.131535,40.444081],[-80.131873,40.444086],[-80.132755,40.44427],[-80.132994,40.444239],[-80.133219,40.44412],[-80.13373,40.444536],[-80.134181,40.445168],[-80.134288,40.445474],[-80.13415,40.445736],[-80.133379,40.446196],[-80.133304,40.446364],[-80.133339,40.446551],[-80.133644,40.44693],[-80.133959,40.447139],[-80.134209,40.447166],[-80.134538,40.447076],[-80.136208,40.446353],[-80.136146,40.446087],[-80.136289,40.445094],[-80.137732,40.444017],[-80.137952,40.443754],[-80.138242,40.443207],[-80.138583,40.442835],[-80.139252,40.442173],[-80.139804,40.441863],[-80.140181,40.441467],[-80.141073,40.440197],[-80.141765,40.43834],[-80.141849,40.438254],[-80.142543,40.43787],[-80.143318,40.436917],[-80.143473,40.43669],[-80.143934,40.43542],[-80.145596,40.435973],[-80.146024,40.436155],[-80.147415,40.436945],[-80.149779,40.438137],[-80.152599,40.439675],[-80.154049,40.440313],[-80.155696,40.441407],[-80.15667,40.441945],[-80.156122,40.44278],[-80.155012,40.443861],[-80.154883,40.444065],[-80.154564,40.444984],[-80.154477,40.445097],[-80.154195,40.445246],[-80.153832,40.445294],[-80.152451,40.445235],[-80.152177,40.445318],[-80.151396,40.445769],[-80.149338,40.444576],[-80.149472,40.451556],[-80.154977,40.455492],[-80.15517,40.455974],[-80.156144,40.457373],[-80.156342,40.45758],[-80.156813,40.457767],[-80.157576,40.457867],[-80.158163,40.457831],[-80.158644,40.457686],[-80.159256,40.457377],[-80.159885,40.456839],[-80.160086,40.456441],[-80.160219,40.455865],[-80.162073,40.456073],[-80.163649,40.455988],[-80.163978,40.456013],[-80.164734,40.456115],[-80.165891,40.456376],[-80.166526,40.456377],[-80.167468,40.456128],[-80.167889,40.457116],[-80.168293,40.457399],[-80.168582,40.457459],[-80.168869,40.457459],[-80.170301,40.457344],[-80.170836,40.457377],[-80.171136,40.457515],[-80.171379,40.457719],[-80.171628,40.458305],[-80.171791,40.458528],[-80.172151,40.458353],[-80.172254,40.45812],[-80.172627,40.457927],[-80.172815,40.4576],[-80.172726,40.455764],[-80.172742,40.452506],[-80.172583,40.452237],[-80.172107,40.452],[-80.170792,40.451759],[-80.170273,40.451603],[-80.169304,40.451183],[-80.168811,40.450853],[-80.168372,40.450482],[-80.168062,40.450133],[-80.166056,40.447305],[-80.170216,40.446465],[-80.170688,40.446448],[-80.170952,40.446316],[-80.172049,40.446101],[-80.172026,40.444007],[-80.172251,40.44371],[-80.171807,40.443863],[-80.170663,40.444504],[-80.170237,40.444655],[-80.16971,40.444758],[-80.169243,40.444777],[-80.168543,40.444695],[-80.166864,40.444268],[-80.166272,40.444019],[-80.165783,40.443685],[-80.164988,40.442609],[-80.163983,40.441709],[-80.159598,40.439756],[-80.158405,40.439191],[-80.157996,40.438945],[-80.157818,40.438716],[-80.157751,40.4385],[-80.157712,40.436892],[-80.157606,40.4363],[-80.157187,40.435362],[-80.156438,40.434468],[-80.156826,40.434304],[-80.157168,40.434234],[-80.159194,40.43438],[-80.15945,40.434356],[-80.159626,40.434286],[-80.15981,40.434156],[-80.159943,40.433896],[-80.159988,40.433057],[-80.159874,40.432655],[-80.155001,40.432507],[-80.154652,40.432456],[-80.152909,40.432959],[-80.151656,40.433402],[-80.151067,40.433443],[-80.149378,40.433093],[-80.148887,40.432885],[-80.148234,40.432431],[-80.147236,40.432059],[-80.146924,40.432042],[-80.146184,40.432165],[-80.145781,40.432162],[-80.140411,40.431225],[-80.139548,40.430948],[-80.139426,40.430852],[-80.139139,40.430434],[-80.138488,40.430401],[-80.138044,40.430496],[-80.137482,40.430507],[-80.136298,40.430145],[-80.135346,40.430195],[-80.135049,40.430069],[-80.134898,40.43016],[-80.132749,40.42925]]],[[[-80.071123,40.411174],[-80.070281,40.410801],[-80.069909,40.41095],[-80.064891,40.4133],[-80.051502,40.419702],[-80.049678,40.420353],[-80.049935,40.421672],[-80.050906,40.42143],[-80.051204,40.421445],[-80.051968,40.421627],[-80.053704,40.420103],[-80.055519,40.418767],[-80.057026,40.41794],[-80.058924,40.417187],[-80.06034,40.41674],[-80.061478,40.416284],[-80.062964,40.41581],[-80.07037,40.413233],[-80.071067,40.412955],[-80.071841,40.412518],[-80.072391,40.412147],[-80.072663,40.411891],[-80.071123,40.411174]]],[[[-80.052326,40.41206],[-80.05267,40.412098],[-80.054078,40.411302],[-80.055508,40.411031],[-80.057044,40.410621],[-80.058231,40.410062],[-80.058554,40.409986],[-80.059738,40.409919],[-80.061659,40.410335],[-80.061979,40.410314],[-80.064529,40.409873],[-80.064571,40.409149],[-80.058637,40.408126],[-80.052668,40.41122],[-80.052326,40.41206]]]]}},{"type":"Feature","properties":{"block_count":777,"land_area_km2":12.3697,"centroid":[-79.913231,40.472263],"bbox":[-79.938306,40.446072,-79.883772,40.491689],"boundary_source":"Approximate ZIP area: 2010 Census blocks grouped by their ZIP code (Allegheny County part only)","id":"zip-15206","name":"ZIP 15206 (Pittsburgh)","zip":"15206","geography":"zip","level":"LOW","anomaly_score":0.8679656357930954,"confidence":"HIGH","case_id":"zipfile-15206","top_signal_headline":"Home sales +29% vs. county +4%"},"geometry":{"type":"Polygon","coordinates":[[[-79.90144,40.46403],[-79.90063,40.464239],[-79.899818,40.46404],[-79.898821,40.46432],[-79.899027,40.463865],[-79.89671,40.463327],[-79.897102,40.463043],[-79.894698,40.462491],[-79.894433,40.462445],[-79.894389,40.462487],[-79.894144,40.462276],[-79.891309,40.461639],[-79.890118,40.461276],[-79.889958,40.46167],[-79.8885,40.46132],[-79.888123,40.461331],[-79.889992,40.461829],[-79.889974,40.462108],[-79.889336,40.465109],[-79.890039,40.465051],[-79.890055,40.465387],[-79.889604,40.465408],[-79.889638,40.466912],[-79.890001,40.46714],[-79.890031,40.467426],[-79.893452,40.467324],[-79.893896,40.4676],[-79.890439,40.467759],[-79.890445,40.468598],[-79.890318,40.468856],[-79.8896,40.46915],[-79.889018,40.469246],[-79.888557,40.469173],[-79.888464,40.469194],[-79.888137,40.470843],[-79.88901,40.471193],[-79.88917,40.47132],[-79.889215,40.471486],[-79.889165,40.471985],[-79.889031,40.472389],[-79.889191,40.472486],[-79.889348,40.472931],[-79.889777,40.472883],[-79.891689,40.474775],[-79.889847,40.474633],[-79.889183,40.475082],[-79.888973,40.475114],[-79.888651,40.474958],[-79.888608,40.474818],[-79.889048,40.474121],[-79.888588,40.473582],[-79.888242,40.474408],[-79.88755,40.475168],[-79.887081,40.47592],[-79.886561,40.478184],[-79.885361,40.478592],[-79.884983,40.478813],[-79.884665,40.479312],[-79.88436,40.480493],[-79.883772,40.483406],[-79.8843,40.483393],[-79.888213,40.483682],[-79.8882,40.483948],[-79.888877,40.484014],[-79.88887,40.484046],[-79.900887,40.486128],[-79.90168,40.486218],[-79.901679,40.485855],[-79.907511,40.487237],[-79.921036,40.490036],[-79.923567,40.490717],[-79.927922,40.491538],[-79.92944,40.491627],[-79.93218,40.491689],[-79.934338,40.49157],[-79.933908,40.490032],[-79.933906,40.489158],[-79.933278,40.489145],[-79.933255,40.489062],[-79.932635,40.489026],[-79.932151,40.489025],[-79.931563,40.489144],[-79.929744,40.489115],[-79.928225,40.488901],[-79.928347,40.488851],[-79.929282,40.488796],[-79.930257,40.488671],[-79.9299,40.488645],[-79.927855,40.488252],[-79.927761,40.488057],[-79.928117,40.487926],[-79.929156,40.48815],[-79.929951,40.488156],[-79.931006,40.487682],[-79.930766,40.487391],[-79.931681,40.48696],[-79.932658,40.486229],[-79.932874,40.485992],[-79.933401,40.485581],[-79.934034,40.484683],[-79.933143,40.484341],[-79.933823,40.483072],[-79.934436,40.48048],[-79.933208,40.479855],[-79.933039,40.479641],[-79.932516,40.476915],[-79.931414,40.473757],[-79.931309,40.473509],[-79.931194,40.473437],[-79.931534,40.472382],[-79.931716,40.472041],[-79.932991,40.470336],[-79.933359,40.470468],[-79.933465,40.470446],[-79.934526,40.468728],[-79.934021,40.468666],[-79.934617,40.467687],[-79.935096,40.467756],[-79.935963,40.466315],[-79.935482,40.466261],[-79.937224,40.463373],[-79.938027,40.463544],[-79.938306,40.461947],[-79.937261,40.461868],[-79.93506,40.461609],[-79.931888,40.460497],[-79.933035,40.458584],[-79.934597,40.458119],[-79.93525,40.459233],[-79.935489,40.459331],[-79.935743,40.457775],[-79.935188,40.45794],[-79.935102,40.457846],[-79.93501,40.457527],[-79.934344,40.45771],[-79.933407,40.456162],[-79.932928,40.456467],[-79.932072,40.456916],[-79.930431,40.457569],[-79.929609,40.457833],[-79.929563,40.457706],[-79.928502,40.458082],[-79.928221,40.457834],[-79.927364,40.458347],[-79.925708,40.458749],[-79.925913,40.454754],[-79.925325,40.454991],[-79.925341,40.454161],[-79.925835,40.453941],[-79.925312,40.453086],[-79.924817,40.453285],[-79.924404,40.452613],[-79.921972,40.453595],[-79.92121,40.453698],[-79.920712,40.452894],[-79.92023,40.451218],[-79.919265,40.451341],[-79.919613,40.449907],[-79.920571,40.448319],[-79.920151,40.448196],[-79.919337,40.446941],[-79.91908,40.446072],[-79.917998,40.446264],[-79.917374,40.44641],[-79.916789,40.447056],[-79.916328,40.446812],[-79.914671,40.448742],[-79.914592,40.449241],[-79.914413,40.4491],[-79.913795,40.448852],[-79.913006,40.449724],[-79.913479,40.449973],[-79.912203,40.451369],[-79.912735,40.451725],[-79.913304,40.453895],[-79.912593,40.453979],[-79.912284,40.454091],[-79.909547,40.456691],[-79.909127,40.457189],[-79.907241,40.459742],[-79.907188,40.459914],[-79.906769,40.460382],[-79.9063,40.461017],[-79.904602,40.460822],[-79.90405,40.460902],[-79.901696,40.462437],[-79.901134,40.462909],[-79.90054,40.46344],[-79.901699,40.463684],[-79.90206,40.46387],[-79.90144,40.46403]]]}},{"type":"Feature","properties":{"block_count":476,"land_area_km2":12.4181,"centroid":[-79.933765,40.400299],"bbox":[-79.960296,40.359101,-79.900295,40.441492],"boundary_source":"Approximate ZIP area: 2010 Census blocks grouped by their ZIP code (Allegheny County part only)","id":"zip-15207","name":"ZIP 15207 (Pittsburgh)","zip":"15207","geography":"zip","level":"MEDIUM","anomaly_score":1.3612803124306845,"confidence":"HIGH","case_id":"zcase-025","top_signal_headline":"Home values +8% vs. county +14%"},"geometry":{"type":"Polygon","coordinates":[[[-79.952973,40.425983],[-79.953651,40.425988],[-79.954009,40.426269],[-79.955148,40.427478],[-79.955285,40.427386],[-79.956544,40.428683],[-79.957068,40.429085],[-79.957592,40.42937],[-79.957886,40.429417],[-79.958507,40.42938],[-79.959278,40.429177],[-79.960296,40.428635],[-79.955973,40.424569],[-79.954573,40.420769],[-79.952317,40.411237],[-79.953093,40.411183],[-79.952613,40.408854],[-79.952201,40.407245],[-79.951621,40.405367],[-79.950849,40.403751],[-79.949915,40.402401],[-79.949021,40.401306],[-79.948135,40.400422],[-79.946805,40.399352],[-79.9455,40.398462],[-79.943941,40.397775],[-79.94259,40.397328],[-79.941109,40.397127],[-79.937758,40.39695],[-79.937496,40.395662],[-79.937112,40.395267],[-79.936713,40.395161],[-79.938793,40.395026],[-79.938594,40.394456],[-79.93587,40.394194],[-79.934985,40.393958],[-79.934751,40.391504],[-79.9346,40.390845],[-79.93426,40.390155],[-79.934121,40.389711],[-79.934564,40.389669],[-79.934518,40.389976],[-79.934552,40.39025],[-79.934944,40.390213],[-79.935648,40.389995],[-79.9361,40.389904],[-79.936869,40.389835],[-79.936779,40.389535],[-79.940377,40.389695],[-79.941024,40.389647],[-79.94143,40.389682],[-79.942355,40.38959],[-79.942517,40.389632],[-79.943245,40.390085],[-79.943547,40.390209],[-79.943791,40.390228],[-79.944385,40.390157],[-79.943841,40.389031],[-79.943647,40.389101],[-79.942093,40.388214],[-79.936124,40.3888],[-79.935384,40.383613],[-79.93553,40.382501],[-79.935473,40.38095],[-79.938278,40.38016],[-79.942535,40.37967],[-79.942889,40.379325],[-79.943152,40.379484],[-79.94406,40.378574],[-79.943332,40.378157],[-79.9455,40.376079],[-79.943666,40.374965],[-79.942734,40.375965],[-79.939439,40.373941],[-79.926577,40.374999],[-79.924982,40.375091],[-79.924682,40.373062],[-79.923438,40.370532],[-79.92236,40.370712],[-79.922285,40.368633],[-79.920665,40.365361],[-79.920141,40.364955],[-79.915815,40.359337],[-79.913819,40.359426],[-79.912735,40.359679],[-79.910296,40.359122],[-79.909507,40.359101],[-79.907848,40.359758],[-79.907663,40.360414],[-79.907616,40.362284],[-79.907207,40.361566],[-79.905993,40.362086],[-79.904944,40.362165],[-79.905252,40.362861],[-79.900295,40.365255],[-79.901317,40.367513],[-79.903438,40.371889],[-79.90854,40.370452],[-79.911818,40.372805],[-79.908844,40.376692],[-79.909336,40.376895],[-79.908347,40.378153],[-79.910293,40.378546],[-79.910398,40.378439],[-79.910585,40.378768],[-79.910658,40.378699],[-79.910534,40.378588],[-79.910442,40.378282],[-79.912417,40.376513],[-79.913388,40.377097],[-79.914002,40.377636],[-79.914389,40.378167],[-79.915668,40.380277],[-79.918153,40.379386],[-79.919824,40.378165],[-79.920063,40.378044],[-79.920496,40.378069],[-79.92183,40.378656],[-79.923034,40.378879],[-79.923491,40.379139],[-79.923387,40.379375],[-79.92383,40.381742],[-79.923503,40.382724],[-79.923368,40.384572],[-79.923753,40.386786],[-79.925328,40.388955],[-79.924868,40.389537],[-79.925411,40.389533],[-79.92588,40.389425],[-79.928008,40.391085],[-79.929539,40.389793],[-79.929619,40.389731],[-79.929701,40.389745],[-79.932357,40.391499],[-79.933008,40.397631],[-79.931565,40.39816],[-79.929157,40.399256],[-79.927225,40.400926],[-79.925532,40.402884],[-79.924057,40.404487],[-79.921198,40.408216],[-79.918572,40.410757],[-79.92027,40.412026],[-79.920761,40.411627],[-79.921309,40.41236],[-79.92156,40.41222],[-79.921703,40.411772],[-79.922012,40.41193],[-79.922115,40.41179],[-79.922303,40.411707],[-79.922552,40.411716],[-79.922774,40.411804],[-79.922919,40.411489],[-79.923058,40.411363],[-79.923357,40.411206],[-79.9241,40.410958],[-79.924609,40.410668],[-79.925172,40.410441],[-79.925358,40.410409],[-79.926077,40.410494],[-79.926338,40.410425],[-79.92647,40.410315],[-79.926955,40.410232],[-79.927228,40.410334],[-79.927373,40.410661],[-79.929708,40.409771],[-79.930673,40.411569],[-79.931973,40.413128],[-79.931971,40.413235],[-79.932293,40.413711],[-79.932352,40.413881],[-79.934678,40.417308],[-79.933256,40.418583],[-79.93332,40.418697],[-79.933924,40.419093],[-79.933914,40.419507],[-79.93369,40.419732],[-79.933107,40.419798],[-79.93323,40.42022],[-79.937763,40.419474],[-79.937854,40.419517],[-79.93801,40.419116],[-79.939835,40.418952],[-79.93983,40.420946],[-79.939359,40.420951],[-79.939333,40.422657],[-79.938671,40.422667],[-79.938726,40.423036],[-79.939279,40.423308],[-79.939354,40.423597],[-79.93981,40.423604],[-79.939802,40.424395],[-79.939256,40.42438],[-79.939258,40.423984],[-79.938388,40.423973],[-79.938365,40.424363],[-79.937663,40.424507],[-79.938017,40.424938],[-79.938505,40.425959],[-79.938915,40.426212],[-79.93874,40.426213],[-79.938603,40.426292],[-79.938613,40.42723],[-79.937812,40.428726],[-79.936829,40.428703],[-79.935417,40.428837],[-79.933167,40.429226],[-79.932993,40.430235],[-79.933046,40.430228],[-79.933073,40.43028],[-79.932605,40.431378],[-79.932615,40.431481],[-79.932562,40.431481],[-79.932267,40.432065],[-79.933556,40.431955],[-79.93452,40.432025],[-79.934946,40.432126],[-79.934436,40.432326],[-79.934199,40.432503],[-79.933556,40.433225],[-79.933227,40.433398],[-79.933045,40.433435],[-79.934011,40.43739],[-79.934033,40.437707],[-79.934803,40.437681],[-79.935648,40.437563],[-79.936216,40.437623],[-79.938993,40.43855],[-79.939604,40.438684],[-79.940185,40.438699],[-79.940568,40.4388],[-79.940846,40.438967],[-79.941554,40.439794],[-79.942088,40.440107],[-79.94231,40.440172],[-79.942176,40.440444],[-79.942243,40.440482],[-79.947009,40.441483],[-79.947155,40.441492],[-79.947342,40.441431],[-79.948186,40.440799],[-79.948409,40.44086],[-79.948953,40.44118],[-79.94948,40.440574],[-79.949694,40.440236],[-79.949788,40.440008],[-79.949865,40.439517],[-79.949581,40.436505],[-79.949599,40.436021],[-79.949891,40.434039],[-79.949667,40.429679],[-79.949658,40.429191],[-79.94973,40.428825],[-79.949913,40.428345],[-79.950431,40.427598],[-79.950798,40.427203],[-79.950912,40.427174],[-79.951886,40.426224],[-79.952212,40.426046],[-79.952543,40.42598],[-79.952973,40.425983]]]}},{"type":"Feature","properties":{"block_count":348,"land_area_km2":4.1676,"centroid":[-79.899493,40.453185],"bbox":[-79.917649,40.440417,-79.883239,40.46432],"boundary_source":"Approximate ZIP area: 2010 Census blocks grouped by their ZIP code (Allegheny County part only)","id":"zip-15208","name":"ZIP 15208 (Pittsburgh)","zip":"15208","geography":"zip","level":"HIGH","anomaly_score":3.0015462234553274,"confidence":"HIGH","case_id":"zcase-004","top_signal_headline":"Home values +0% vs. county +14%"},"geometry":{"type":"Polygon","coordinates":[[[-79.888602,40.448174],[-79.888336,40.448653],[-79.887727,40.448455],[-79.886832,40.450037],[-79.884087,40.449144],[-79.884029,40.448918],[-79.883392,40.449038],[-79.884112,40.451405],[-79.884566,40.453949],[-79.885468,40.453436],[-79.885944,40.455074],[-79.884086,40.455485],[-79.883364,40.455451],[-79.883239,40.456055],[-79.88385,40.45606],[-79.883907,40.456111],[-79.883725,40.457121],[-79.884244,40.459106],[-79.884233,40.459571],[-79.884061,40.460775],[-79.883867,40.460882],[-79.883538,40.460889],[-79.883415,40.461635],[-79.883921,40.461743],[-79.884142,40.461882],[-79.885786,40.462391],[-79.886203,40.460859],[-79.888123,40.461331],[-79.8885,40.46132],[-79.889958,40.46167],[-79.890118,40.461276],[-79.891309,40.461639],[-79.894144,40.462276],[-79.894389,40.462487],[-79.894433,40.462445],[-79.894698,40.462491],[-79.897102,40.463043],[-79.89671,40.463327],[-79.899027,40.463865],[-79.898821,40.46432],[-79.899818,40.46404],[-79.90063,40.464239],[-79.90206,40.46387],[-79.901699,40.463684],[-79.90054,40.46344],[-79.901696,40.462437],[-79.90405,40.460902],[-79.904602,40.460822],[-79.9063,40.461017],[-79.906769,40.460382],[-79.907188,40.459914],[-79.907241,40.459742],[-79.909127,40.457189],[-79.909547,40.456691],[-79.912284,40.454091],[-79.912593,40.453979],[-79.913304,40.453895],[-79.912735,40.451725],[-79.912203,40.451369],[-79.913479,40.449973],[-79.913006,40.449724],[-79.913795,40.448852],[-79.914413,40.4491],[-79.914592,40.449241],[-79.914671,40.448742],[-79.916328,40.446812],[-79.916789,40.447056],[-79.917374,40.44641],[-79.917649,40.446338],[-79.917248,40.445049],[-79.916744,40.445595],[-79.916507,40.445559],[-79.916016,40.445256],[-79.914513,40.446791],[-79.914041,40.446754],[-79.913851,40.446458],[-79.91234,40.446734],[-79.91165,40.446696],[-79.912579,40.441114],[-79.912324,40.441119],[-79.912253,40.441078],[-79.91131,40.441467],[-79.910439,40.441393],[-79.910277,40.44112],[-79.910105,40.441008],[-79.909751,40.440888],[-79.909329,40.440824],[-79.909117,40.440856],[-79.90891,40.440964],[-79.908821,40.440951],[-79.908592,40.440881],[-79.908389,40.440746],[-79.90704,40.440417],[-79.906741,40.440419],[-79.906306,40.440468],[-79.904907,40.440822],[-79.9054,40.442233],[-79.905792,40.442818],[-79.906072,40.442841],[-79.905663,40.444306],[-79.905512,40.444555],[-79.904889,40.445213],[-79.904341,40.445615],[-79.90424,40.445819],[-79.904048,40.445896],[-79.903365,40.446373],[-79.903227,40.446333],[-79.903112,40.446407],[-79.899555,40.445237],[-79.899877,40.444715],[-79.89855,40.444275],[-79.898311,40.444629],[-79.897932,40.445402],[-79.897119,40.446714],[-79.895545,40.446194],[-79.895162,40.447133],[-79.894536,40.448012],[-79.893015,40.447504],[-79.892431,40.44994],[-79.892423,40.450266],[-79.891768,40.450098],[-79.890444,40.449459],[-79.889816,40.449051],[-79.889005,40.44833],[-79.888547,40.447844],[-79.888406,40.447773],[-79.888589,40.447995],[-79.888602,40.448174]],[[-79.89743,40.447892],[-79.897198,40.447814],[-79.897362,40.447586],[-79.897368,40.44742],[-79.897574,40.447158],[-79.897972,40.447293],[-79.897985,40.447336],[-79.897696,40.447982],[-79.89743,40.447892]]]}},{"type":"Feature","properties":{"block_count":270,"land_area_km2":11.6749,"centroid":[-79.973948,40.499903],"bbox":[-79.993986,40.469436,-79.951054,40.528747],"boundary_source":"Approximate ZIP area: 2010 Census blocks grouped by their ZIP code (Allegheny County part only)","id":"zip-15209","name":"ZIP 15209 (Pittsburgh)","zip":"15209","geography":"zip","level":"LOW","anomaly_score":0.9429611235624341,"confidence":"HIGH","case_id":"zipfile-15209","top_signal_headline":"Home sales +24% vs. county +4%"},"geometry":{"type":"MultiPolygon","coordinates":[[[[-79.990521,40.50463],[-79.990656,40.502437],[-79.989991,40.502512],[-79.989748,40.50248],[-79.989699,40.502412],[-79.989913,40.502045],[-79.989919,40.501965],[-79.98986,40.501916],[-79.989755,40.501937],[-79.989476,40.502133],[-79.989416,40.502128],[-79.989375,40.501922],[-79.989484,40.501657],[-79.989415,40.501338],[-79.989638,40.501043],[-79.989614,40.500958],[-79.989542,40.500921],[-79.989289,40.500963],[-79.988571,40.501268],[-79.988253,40.501357],[-79.987941,40.501223],[-79.989709,40.500658],[-79.989625,40.497214],[-79.99098,40.497174],[-79.991126,40.49479],[-79.991571,40.494734],[-79.991567,40.493989],[-79.990183,40.493821],[-79.988706,40.493802],[-79.986562,40.493856],[-79.986147,40.493808],[-79.984319,40.493438],[-79.983831,40.493523],[-79.976006,40.493691],[-79.975675,40.488755],[-79.975611,40.488561],[-79.975229,40.484024],[-79.975146,40.48402],[-79.9751,40.483433],[-79.975153,40.483371],[-79.978819,40.483166],[-79.982652,40.483063],[-79.982563,40.481569],[-79.983062,40.482358],[-79.983277,40.482916],[-79.98402,40.484085],[-79.98443,40.484389],[-79.985471,40.484944],[-79.985961,40.48537],[-79.986381,40.486272],[-79.986684,40.486692],[-79.986918,40.487275],[-79.986862,40.487453],[-79.986288,40.487874],[-79.986256,40.488089],[-79.986406,40.488235],[-79.986759,40.488328],[-79.98693,40.488421],[-79.987254,40.488889],[-79.988747,40.484434],[-79.988312,40.48443],[-79.987808,40.484292],[-79.987784,40.483782],[-79.986435,40.483091],[-79.985057,40.482731],[-79.985291,40.481265],[-79.985785,40.480363],[-79.985038,40.47958],[-79.98296,40.480102],[-79.982717,40.478303],[-79.98251,40.478312],[-79.982543,40.476977],[-79.979565,40.477086],[-79.979407,40.477378],[-79.978504,40.477369],[-79.979422,40.474639],[-79.978844,40.474443],[-79.978347,40.474379],[-79.978068,40.474431],[-79.977816,40.474621],[-79.977613,40.473353],[-79.978832,40.473469],[-79.978984,40.473409],[-79.979097,40.473286],[-79.978854,40.472798],[-79.97891,40.472197],[-79.978792,40.47161],[-79.977261,40.470884],[-79.974678,40.469436],[-79.974109,40.469563],[-79.973398,40.470087],[-79.972852,40.470341],[-79.971745,40.47047],[-79.970767,40.470658],[-79.970036,40.471108],[-79.969312,40.471826],[-79.968056,40.473668],[-79.967371,40.474553],[-79.966413,40.475565],[-79.964635,40.478098],[-79.96384,40.479046],[-79.962997,40.479958],[-79.961921,40.480972],[-79.960655,40.482086],[-79.958568,40.483799],[-79.956394,40.485282],[-79.955351,40.485907],[-79.953195,40.486955],[-79.951054,40.487655],[-79.954255,40.490919],[-79.954449,40.490819],[-79.955327,40.491936],[-79.957187,40.491035],[-79.958269,40.493178],[-79.958337,40.493755],[-79.958705,40.493747],[-79.958744,40.494842],[-79.959257,40.494827],[-79.959865,40.495196],[-79.961028,40.495188],[-79.960839,40.495612],[-79.959879,40.495622],[-79.959865,40.495196],[-79.958141,40.495265],[-79.958154,40.495559],[-79.956131,40.49538],[-79.956478,40.496408],[-79.959631,40.497025],[-79.959094,40.49749],[-79.958487,40.498171],[-79.958187,40.498387],[-79.956463,40.499004],[-79.955739,40.499466],[-79.95589,40.501759],[-79.955881,40.501471],[-79.958266,40.501406],[-79.958269,40.503165],[-79.961349,40.502951],[-79.960857,40.503852],[-79.955483,40.50424],[-79.955961,40.504791],[-79.95617,40.505274],[-79.956335,40.505961],[-79.956681,40.506246],[-79.956926,40.506554],[-79.957573,40.507646],[-79.963426,40.507552],[-79.963722,40.507932],[-79.964086,40.508012],[-79.964302,40.507961],[-79.96475,40.507684],[-79.965174,40.507196],[-79.968398,40.507118],[-79.968143,40.50843],[-79.968364,40.508897],[-79.968479,40.508937],[-79.969233,40.508543],[-79.969356,40.508416],[-79.969479,40.506966],[-79.969638,40.506452],[-79.969599,40.50716],[-79.969701,40.507971],[-79.970096,40.508693],[-79.970266,40.509134],[-79.969343,40.509282],[-79.967901,40.510054],[-79.967401,40.510936],[-79.967194,40.511729],[-79.967182,40.512023],[-79.96737,40.5126],[-79.96791,40.513043],[-79.967991,40.513185],[-79.968032,40.513739],[-79.964835,40.513801],[-79.964689,40.513849],[-79.964626,40.513999],[-79.965023,40.514958],[-79.965121,40.515585],[-79.965209,40.515719],[-79.96534,40.515796],[-79.965586,40.515852],[-79.965779,40.515842],[-79.966494,40.515688],[-79.966547,40.515013],[-79.968007,40.515],[-79.968317,40.516796],[-79.966702,40.517571],[-79.9668,40.520052],[-79.967198,40.520055],[-79.96745,40.520132],[-79.967666,40.520274],[-79.96786,40.520598],[-79.968098,40.521543],[-79.968415,40.522092],[-79.968595,40.522284],[-79.968818,40.52241],[-79.969048,40.522459],[-79.969386,40.522448],[-79.969948,40.522338],[-79.970171,40.52236],[-79.970286,40.522426],[-79.970898,40.523134],[-79.97102,40.52337],[-79.970963,40.523744],[-79.970956,40.52493],[-79.971359,40.525232],[-79.971676,40.525353],[-79.972173,40.525891],[-79.972612,40.526143],[-79.973087,40.526533],[-79.973202,40.526769],[-79.97326,40.527428],[-79.972476,40.52829],[-79.972433,40.528515],[-79.972514,40.528726],[-79.972901,40.528519],[-79.973629,40.528543],[-79.974059,40.528441],[-79.974231,40.528356],[-79.975268,40.527499],[-79.975967,40.527135],[-79.976946,40.526762],[-79.977279,40.526573],[-79.978682,40.52551],[-79.979363,40.524897],[-79.979639,40.524791],[-79.980453,40.524695],[-79.980457,40.526867],[-79.978636,40.526867],[-79.978636,40.528747],[-79.983267,40.528746],[-79.983274,40.526388],[-79.984615,40.526357],[-79.985385,40.526571],[-79.98619,40.526418],[-79.986278,40.526363],[-79.986384,40.526179],[-79.986435,40.524424],[-79.987309,40.524377],[-79.987686,40.523974],[-79.988204,40.524112],[-79.987224,40.516574],[-79.986975,40.514115],[-79.987075,40.514468],[-79.987484,40.5144],[-79.98749,40.51403],[-79.989275,40.514022],[-79.98962,40.513942],[-79.990771,40.513013],[-79.990949,40.512704],[-79.990982,40.512286],[-79.993415,40.512315],[-79.99342,40.511906],[-79.993477,40.511699],[-79.993986,40.510927],[-79.993077,40.510542],[-79.99142,40.509629],[-79.990874,40.509108],[-79.990321,40.508201],[-79.990048,40.507983],[-79.98953,40.507677],[-79.989304,40.50739],[-79.989252,40.506989],[-79.989391,40.506697],[-79.989649,40.506466],[-79.99017,40.506216],[-79.990318,40.506066],[-79.990401,40.505735],[-79.99016,40.505489],[-79.990536,40.505269],[-79.990644,40.505126],[-79.990673,40.504835],[-79.990521,40.50463]]],[[[-79.988736,40.519941],[-79.988715,40.520234],[-79.988355,40.520943],[-79.988314,40.521132],[-79.98845,40.521482],[-79.988625,40.521586],[-79.988802,40.521612],[-79.98906,40.52155],[-79.989237,40.521393],[-79.989734,40.520519],[-79.989772,40.520291],[-79.989717,40.520136],[-79.98944,40.519776],[-79.989102,40.519895],[-79.988736,40.519941]]]]}},{"type":"Feature","properties":{"block_count":934,"land_area_km2":12.0223,"centroid":[-79.983905,40.407166],"bbox":[-80.011726,40.383909,-79.936713,40.425992],"boundary_source":"Approximate ZIP area: 2010 Census blocks grouped by their ZIP code (Allegheny County part only)","id":"zip-15210","name":"ZIP 15210 (Pittsburgh)","zip":"15210","geography":"zip","level":"HIGH","anomaly_score":1.7872769142924643,"confidence":"HIGH","case_id":"zcase-012","top_signal_headline":"Sale prices +40% vs. county +19%"},"geometry":{"type":"Polygon","coordinates":[[[-79.937631,40.39624],[-79.937758,40.39695],[-79.941109,40.397127],[-79.94259,40.397328],[-79.943941,40.397775],[-79.9455,40.398462],[-79.946805,40.399352],[-79.947374,40.399807],[-79.948135,40.400422],[-79.949021,40.401306],[-79.949915,40.402401],[-79.950849,40.403751],[-79.951621,40.405367],[-79.952201,40.407245],[-79.952613,40.408854],[-79.953093,40.411183],[-79.952317,40.411237],[-79.953974,40.418242],[-79.956627,40.417316],[-79.957386,40.418443],[-79.957899,40.419006],[-79.958163,40.419221],[-79.961288,40.421257],[-79.961429,40.421121],[-79.961618,40.42124],[-79.962728,40.420321],[-79.962568,40.420188],[-79.962724,40.420099],[-79.96304,40.419286],[-79.963596,40.419024],[-79.964039,40.418266],[-79.965105,40.417431],[-79.965472,40.417374],[-79.965495,40.41759],[-79.965655,40.417707],[-79.966711,40.417835],[-79.966885,40.417931],[-79.966908,40.41803],[-79.971523,40.418701],[-79.974228,40.418965],[-79.974161,40.419389],[-79.974796,40.419484],[-79.974936,40.419579],[-79.974954,40.419395],[-79.974721,40.419365],[-79.974774,40.41916],[-79.975218,40.419237],[-79.975168,40.419576],[-79.975455,40.419476],[-79.976414,40.419556],[-79.976474,40.421969],[-79.976639,40.422708],[-79.976629,40.423407],[-79.976802,40.423468],[-79.977552,40.423574],[-79.977704,40.423462],[-79.97779,40.423004],[-79.978372,40.422256],[-79.979361,40.421671],[-79.978945,40.421797],[-79.979456,40.421275],[-79.97951,40.421008],[-79.979845,40.420817],[-79.980213,40.420679],[-79.98082,40.42069],[-79.980741,40.421019],[-79.981098,40.420953],[-79.983866,40.421942],[-79.984585,40.421407],[-79.985247,40.421071],[-79.985373,40.421424],[-79.985331,40.421524],[-79.98545,40.422578],[-79.987329,40.422469],[-79.987344,40.422045],[-79.988247,40.421889],[-79.988248,40.422319],[-79.988718,40.422271],[-79.990511,40.422228],[-79.99085,40.422107],[-79.99097,40.422129],[-79.991305,40.422025],[-79.991914,40.421789],[-79.992325,40.421808],[-79.992274,40.422069],[-79.992204,40.422123],[-79.988882,40.423593],[-79.988525,40.423913],[-79.98843,40.424085],[-79.988447,40.424363],[-79.988615,40.424574],[-79.988813,40.424681],[-79.989064,40.424725],[-79.989633,40.424704],[-79.990019,40.424789],[-79.990353,40.425053],[-79.990609,40.425417],[-79.990661,40.425357],[-79.991102,40.425592],[-79.991795,40.425791],[-79.992086,40.425817],[-79.992439,40.425836],[-79.993177,40.425594],[-79.993327,40.425603],[-79.993689,40.424727],[-79.994034,40.424718],[-79.994096,40.42488],[-79.994222,40.425011],[-79.994588,40.425272],[-79.995713,40.42498],[-79.995958,40.425731],[-79.99624,40.425859],[-79.996973,40.425874],[-79.997203,40.42581],[-79.997548,40.425992],[-79.997527,40.425723],[-79.998067,40.425705],[-79.997997,40.423185],[-79.998109,40.422897],[-79.998027,40.421517],[-79.998253,40.421441],[-79.998462,40.421724],[-79.998674,40.421696],[-79.999392,40.421379],[-80.000635,40.421395],[-80.000553,40.421014],[-80.002486,40.421029],[-80.00275,40.421262],[-80.003016,40.421404],[-80.003263,40.42149],[-80.00358,40.421535],[-80.004926,40.421445],[-80.004903,40.420781],[-80.006111,40.420591],[-80.00615,40.42096],[-80.007107,40.421099],[-80.00723,40.420989],[-80.007561,40.420809],[-80.007598,40.420837],[-80.008225,40.420481],[-80.009478,40.420572],[-80.009928,40.420222],[-80.010401,40.419602],[-80.010574,40.419497],[-80.01007,40.419359],[-80.011066,40.418634],[-80.011199,40.418505],[-80.011567,40.417929],[-80.011726,40.417548],[-80.011641,40.417462],[-80.011578,40.41697],[-80.011208,40.416964],[-80.011028,40.415925],[-80.011097,40.415578],[-80.011022,40.415571],[-80.010913,40.41544],[-80.010851,40.4152],[-80.011227,40.415023],[-80.010429,40.414729],[-80.009788,40.414155],[-80.009676,40.413965],[-80.010056,40.413066],[-80.009421,40.414352],[-80.008921,40.413921],[-80.009046,40.413797],[-80.007886,40.412709],[-80.007995,40.413001],[-80.007555,40.412684],[-80.007309,40.412368],[-80.005649,40.410621],[-80.005058,40.409761],[-80.004845,40.409166],[-80.004592,40.407858],[-80.004375,40.407272],[-80.004177,40.406921],[-80.003656,40.406297],[-80.002457,40.405222],[-80.001926,40.404582],[-80.001302,40.403536],[-80.000665,40.402068],[-80.001918,40.401859],[-80.004272,40.400978],[-80.005073,40.40075],[-80.005075,40.399738],[-80.007342,40.399765],[-80.007113,40.39831],[-80.006808,40.398313],[-80.006642,40.397917],[-80.006609,40.397602],[-80.005828,40.397608],[-80.005543,40.397651],[-80.005397,40.397055],[-80.006308,40.396811],[-80.005888,40.39665],[-80.004923,40.396433],[-80.00233,40.395978],[-79.999964,40.395803],[-79.999503,40.395871],[-79.999167,40.394926],[-79.998911,40.393585],[-79.998729,40.392069],[-79.998568,40.389791],[-79.997838,40.389746],[-79.997823,40.391199],[-79.99791,40.392186],[-79.997686,40.392595],[-79.997344,40.39299],[-79.997198,40.392413],[-79.996825,40.391524],[-79.996731,40.391162],[-79.996711,40.390553],[-79.996924,40.389264],[-79.996863,40.388805],[-79.996722,40.388406],[-79.99622,40.387712],[-79.995242,40.386572],[-79.994823,40.385842],[-79.994835,40.385299],[-79.994906,40.385002],[-79.995076,40.384696],[-79.994343,40.384381],[-79.993834,40.384033],[-79.993549,40.383909],[-79.99347,40.383999],[-79.993102,40.384128],[-79.990519,40.384513],[-79.990472,40.38443],[-79.988616,40.384847],[-79.988602,40.384798],[-79.982904,40.384891],[-79.98228,40.384716],[-79.982128,40.385286],[-79.980463,40.385328],[-79.980506,40.3854],[-79.981006,40.385731],[-79.981697,40.385956],[-79.98144,40.386091],[-79.980544,40.386116],[-79.98,40.385907],[-79.979351,40.385538],[-79.979186,40.385387],[-79.978703,40.385639],[-79.978804,40.38577],[-79.97904,40.385918],[-79.978775,40.385918],[-79.978643,40.385873],[-79.978447,40.386163],[-79.978293,40.387449],[-79.978328,40.387284],[-79.978747,40.387282],[-79.978951,40.387401],[-79.979099,40.387581],[-79.979228,40.388558],[-79.979642,40.389112],[-79.979647,40.389246],[-79.979587,40.38933],[-79.979724,40.389474],[-79.979143,40.390461],[-79.978587,40.391272],[-79.978862,40.391585],[-79.978311,40.391626],[-79.978295,40.393525],[-79.977971,40.394132],[-79.978311,40.394236],[-79.978749,40.395596],[-79.978865,40.395624],[-79.978648,40.39663],[-79.978684,40.396966],[-79.978109,40.39697],[-79.979395,40.399044],[-79.979739,40.399462],[-79.979867,40.399741],[-79.979995,40.400214],[-79.979994,40.400695],[-79.97981,40.401294],[-79.9797,40.401474],[-79.9793,40.401946],[-79.979076,40.402124],[-79.976555,40.40392],[-79.975946,40.404034],[-79.975872,40.404196],[-79.975308,40.404496],[-79.974847,40.404633],[-79.973135,40.404869],[-79.972606,40.404811],[-79.972225,40.405017],[-79.969312,40.405479],[-79.96889,40.405645],[-79.966455,40.407015],[-79.965212,40.407973],[-79.965214,40.408093],[-79.963735,40.409146],[-79.963084,40.409458],[-79.962605,40.409602],[-79.961232,40.409782],[-79.960549,40.409822],[-79.960142,40.409915],[-79.959693,40.409906],[-79.95949,40.409751],[-79.959055,40.409778],[-79.958773,40.409848],[-79.95872,40.409824],[-79.956582,40.410346],[-79.956131,40.410309],[-79.956203,40.409432],[-79.956112,40.409116],[-79.956644,40.408229],[-79.956625,40.407774],[-79.956283,40.407188],[-79.955971,40.406887],[-79.956032,40.406617],[-79.95492,40.406845],[-79.953288,40.403258],[-79.953492,40.403205],[-79.953201,40.402518],[-79.952921,40.40267],[-79.952555,40.402184],[-79.95284,40.401705],[-79.951517,40.400029],[-79.951053,40.400238],[-79.950608,40.399618],[-79.947379,40.396914],[-79.946078,40.395905],[-79.944933,40.395417],[-79.945308,40.394929],[-79.94439,40.394404],[-79.94387,40.394168],[-79.938156,40.39298],[-79.938793,40.395026],[-79.936713,40.395161],[-79.937112,40.395267],[-79.937384,40.395504],[-79.937558,40.395827],[-79.937631,40.39624]],[[-80.000665,40.402068],[-79.999526,40.402181],[-79.999419,40.401654],[-79.999675,40.401469],[-79.999744,40.401606],[-80.000516,40.401558],[-80.000665,40.402068]]]}},{"type":"Feature","properties":{"block_count":339,"land_area_km2":4.0046,"centroid":[-80.015578,40.430328],"bbox":[-80.033001,40.415023,-79.997446,40.443623],"boundary_source":"Approximate ZIP area: 2010 Census blocks grouped by their ZIP code (Allegheny County part only)","id":"zip-15211","name":"ZIP 15211 (Pittsburgh)","zip":"15211","geography":"zip","level":"MEDIUM","anomaly_score":1.2325687459964807,"confidence":"HIGH","case_id":"zcase-027","top_signal_headline":"Sale prices +7% vs. county +19%"},"geometry":{"type":"Polygon","coordinates":[[[-80.024704,40.431646],[-80.023684,40.432196],[-80.023745,40.431887],[-80.023616,40.431729],[-80.023144,40.431229],[-80.022695,40.431173],[-80.022377,40.430867],[-80.021758,40.430194],[-80.021213,40.429485],[-80.020834,40.428839],[-80.020049,40.429252],[-80.019924,40.429124],[-80.019661,40.429328],[-80.020112,40.427875],[-80.020256,40.427809],[-80.020839,40.426302],[-80.019988,40.425916],[-80.01989,40.425825],[-80.019163,40.425978],[-80.019756,40.425701],[-80.021081,40.425732],[-80.021024,40.42569],[-80.020974,40.425456],[-80.021442,40.424599],[-80.021478,40.423996],[-80.021392,40.423554],[-80.02127,40.42344],[-80.021104,40.423412],[-80.019594,40.423984],[-80.017414,40.421966],[-80.017191,40.421838],[-80.016383,40.420925],[-80.016195,40.420607],[-80.016097,40.420308],[-80.015228,40.420172],[-80.015152,40.419093],[-80.015055,40.418609],[-80.014254,40.416272],[-80.014009,40.41591],[-80.013798,40.415735],[-80.013273,40.415443],[-80.01258,40.415279],[-80.012576,40.415401],[-80.011227,40.415023],[-80.010851,40.4152],[-80.010913,40.41544],[-80.011022,40.415571],[-80.011097,40.415578],[-80.011028,40.415925],[-80.011208,40.416964],[-80.011578,40.41697],[-80.011641,40.417462],[-80.011726,40.417548],[-80.011567,40.417929],[-80.011199,40.418505],[-80.01088,40.418787],[-80.01007,40.419359],[-80.010574,40.419497],[-80.010401,40.419602],[-80.009928,40.420222],[-80.009478,40.420572],[-80.008225,40.420481],[-80.007598,40.420837],[-80.007561,40.420809],[-80.00723,40.420989],[-80.007107,40.421099],[-80.00615,40.42096],[-80.006111,40.420591],[-80.004903,40.420781],[-80.004926,40.421445],[-80.00358,40.421535],[-80.003263,40.42149],[-80.003016,40.421404],[-80.00275,40.421262],[-80.002486,40.421029],[-80.000553,40.421014],[-80.000635,40.421395],[-79.999392,40.421379],[-79.998674,40.421696],[-79.998462,40.421724],[-79.998253,40.421441],[-79.998027,40.421517],[-79.998109,40.422897],[-79.997997,40.423185],[-79.998067,40.425705],[-79.997527,40.425723],[-79.997548,40.425992],[-79.997766,40.426127],[-79.997599,40.42648],[-79.997446,40.426616],[-79.99762,40.426749],[-79.997798,40.426615],[-79.998018,40.426758],[-79.997829,40.426901],[-79.998029,40.427033],[-79.998218,40.426896],[-79.998449,40.427038],[-79.99825,40.427183],[-79.998438,40.427299],[-79.998652,40.427159],[-79.998974,40.426772],[-80.00073,40.427593],[-80.002072,40.427631],[-80.003838,40.42783],[-80.003242,40.42808],[-80.002801,40.428404],[-80.003537,40.428578],[-80.003967,40.428594],[-80.004645,40.428736],[-80.004581,40.428958],[-80.004212,40.429613],[-80.00415,40.430068],[-80.004057,40.430138],[-80.003047,40.430302],[-80.00271,40.430533],[-80.00561,40.431716],[-80.005178,40.432184],[-80.006076,40.432612],[-80.008421,40.434034],[-80.011397,40.436247],[-80.011785,40.435167],[-80.012109,40.435393],[-80.012535,40.435549],[-80.012847,40.435505],[-80.012933,40.43535],[-80.013786,40.435505],[-80.01461,40.435862],[-80.013272,40.437384],[-80.013615,40.437614],[-80.013734,40.437553],[-80.013678,40.437662],[-80.013941,40.437769],[-80.016477,40.43922],[-80.017504,40.439658],[-80.019507,40.440361],[-80.021226,40.441075],[-80.027954,40.443623],[-80.02907,40.44326],[-80.029409,40.442965],[-80.030191,40.442066],[-80.030493,40.441818],[-80.032456,40.43982],[-80.032763,40.439268],[-80.032874,40.4388],[-80.033001,40.437215],[-80.032941,40.436526],[-80.032803,40.436153],[-80.032662,40.435936],[-80.032482,40.435701],[-80.032035,40.435315],[-80.029531,40.43387],[-80.028581,40.433379],[-80.028337,40.433184],[-80.027163,40.431777],[-80.026688,40.431307],[-80.026296,40.43101],[-80.024909,40.431738],[-80.024704,40.431646]]]}},{"type":"Feature","properties":{"block_count":1036,"land_area_km2":16.1164,"centroid":[-80.007539,40.4708],"bbox":[-80.053179,40.442975,-79.970767,40.497174],"boundary_source":"Approximate ZIP area: 2010 Census blocks grouped by their ZIP code (Allegheny County part only)","id":"zip-15212","name":"ZIP 15212 (Pittsburgh)","zip":"15212","geography":"zip","level":"LOW","anomaly_score":0.8907743281083207,"confidence":"HIGH","case_id":"zipfile-15212","top_signal_headline":"Home values +9% vs. county +14%"},"geometry":{"type":"Polygon","coordinates":[[[-80.025642,40.4829],[-80.025118,40.485248],[-80.02507,40.485851],[-80.026738,40.488982],[-80.027035,40.489844],[-80.027653,40.490699],[-80.027784,40.4911],[-80.0325,40.490981],[-80.033444,40.492734],[-80.033974,40.49434],[-80.034417,40.494313],[-80.034371,40.494086],[-80.034742,40.493946],[-80.035631,40.491566],[-80.036171,40.492253],[-80.036729,40.492589],[-80.037926,40.493563],[-80.037927,40.493737],[-80.038125,40.493885],[-80.038201,40.494019],[-80.038141,40.494519],[-80.038196,40.494673],[-80.038308,40.49479],[-80.038527,40.494914],[-80.039942,40.494919],[-80.040401,40.494833],[-80.041243,40.494416],[-80.042056,40.494091],[-80.042249,40.493851],[-80.042244,40.493662],[-80.042565,40.493567],[-80.045179,40.493307],[-80.044992,40.492837],[-80.044539,40.492125],[-80.044645,40.491876],[-80.044656,40.49137],[-80.044891,40.49088],[-80.045545,40.490165],[-80.04558,40.489939],[-80.04549,40.489657],[-80.045127,40.489047],[-80.045371,40.488521],[-80.045631,40.488299],[-80.046401,40.487831],[-80.04648,40.487519],[-80.046444,40.487163],[-80.046669,40.487038],[-80.046682,40.487154],[-80.04702,40.487015],[-80.047927,40.486299],[-80.048168,40.486375],[-80.048592,40.48642],[-80.049828,40.485624],[-80.049932,40.485387],[-80.049977,40.484843],[-80.050094,40.484681],[-80.050672,40.48422],[-80.050604,40.484176],[-80.050715,40.484085],[-80.053179,40.48217],[-80.051722,40.481287],[-80.049741,40.479143],[-80.048476,40.4773],[-80.048394,40.477106],[-80.043349,40.478715],[-80.043077,40.478862],[-80.041174,40.475995],[-80.04017,40.47518],[-80.038346,40.47283],[-80.036979,40.470569],[-80.036673,40.470029],[-80.036484,40.469564],[-80.036424,40.469589],[-80.036309,40.469385],[-80.035686,40.467986],[-80.035414,40.467504],[-80.033768,40.4657],[-80.032257,40.463663],[-80.031502,40.46302],[-80.030692,40.462004],[-80.029391,40.461403],[-80.027203,40.460556],[-80.025307,40.459927],[-80.024771,40.459699],[-80.023443,40.458804],[-80.023541,40.458681],[-80.023456,40.458159],[-80.020731,40.456753],[-80.02074,40.457152],[-80.021326,40.458834],[-80.018306,40.459398],[-80.018365,40.459333],[-80.01834,40.45924],[-80.017569,40.456899],[-80.017475,40.455869],[-80.016511,40.455883],[-80.015348,40.456096],[-80.015277,40.455889],[-80.014766,40.455989],[-80.014307,40.45462],[-80.014757,40.454538],[-80.013413,40.450596],[-80.01428,40.45043],[-80.014427,40.450888],[-80.016063,40.450584],[-80.015918,40.450124],[-80.018312,40.449678],[-80.018021,40.448731],[-80.021407,40.448787],[-80.021333,40.449024],[-80.023192,40.44928],[-80.025167,40.449643],[-80.025499,40.449031],[-80.02371,40.448675],[-80.024902,40.448453],[-80.024693,40.446828],[-80.024864,40.446907],[-80.024949,40.446881],[-80.025072,40.446918],[-80.025144,40.447018],[-80.025388,40.44716],[-80.025783,40.44723],[-80.026342,40.44754],[-80.02709,40.446199],[-80.023004,40.444529],[-80.016375,40.443195],[-80.014573,40.442975],[-80.00808,40.444297],[-80.0,40.446601],[-79.997924,40.447273],[-79.995621,40.448442],[-79.992395,40.450413],[-79.980621,40.45904],[-79.979634,40.460081],[-79.976016,40.463091],[-79.97156,40.468988],[-79.970767,40.470658],[-79.971745,40.47047],[-79.972852,40.470341],[-79.973398,40.470087],[-79.974109,40.469563],[-79.974678,40.469436],[-79.977261,40.470884],[-79.978792,40.47161],[-79.97891,40.472197],[-79.978854,40.472798],[-79.979097,40.473286],[-79.978984,40.473409],[-79.978832,40.473469],[-79.977613,40.473353],[-79.977816,40.474621],[-79.978068,40.474431],[-79.978347,40.474379],[-79.978844,40.474443],[-79.979422,40.474639],[-79.978504,40.477369],[-79.979407,40.477378],[-79.979565,40.477086],[-79.982543,40.476977],[-79.98251,40.478312],[-79.982717,40.478303],[-79.98296,40.480102],[-79.985038,40.47958],[-79.985785,40.480363],[-79.985291,40.481265],[-79.985057,40.482731],[-79.986435,40.483091],[-79.987784,40.483782],[-79.987808,40.484292],[-79.988312,40.48443],[-79.988747,40.484434],[-79.987254,40.488889],[-79.98693,40.488421],[-79.986759,40.488328],[-79.986406,40.488235],[-79.986256,40.488089],[-79.986288,40.487874],[-79.986862,40.487453],[-79.986918,40.487275],[-79.986684,40.486692],[-79.986381,40.486272],[-79.985961,40.48537],[-79.985471,40.484944],[-79.98443,40.484389],[-79.98402,40.484085],[-79.983277,40.482916],[-79.983062,40.482358],[-79.982563,40.481569],[-79.982652,40.483063],[-79.978819,40.483166],[-79.975153,40.483371],[-79.9751,40.483433],[-79.975146,40.48402],[-79.975229,40.484024],[-79.975611,40.488561],[-79.975675,40.488755],[-79.976006,40.493691],[-79.983831,40.493523],[-79.984319,40.493438],[-79.986147,40.493808],[-79.986562,40.493856],[-79.988706,40.493802],[-79.990183,40.493821],[-79.991567,40.493989],[-79.991571,40.494734],[-79.991126,40.49479],[-79.99098,40.497174],[-79.994275,40.497068],[-79.994142,40.494043],[-79.995203,40.494018],[-79.995392,40.494284],[-79.99608,40.493607],[-79.996153,40.493461],[-79.996154,40.492346],[-79.995808,40.490484],[-79.995828,40.4898],[-79.995977,40.489427],[-79.996989,40.48845],[-79.997341,40.48742],[-79.997261,40.487065],[-79.996567,40.485616],[-79.996539,40.485239],[-79.996613,40.484395],[-79.996493,40.482889],[-79.997229,40.482884],[-79.998104,40.482996],[-79.998775,40.483361],[-79.999766,40.483709],[-80.002966,40.485683],[-80.003381,40.485681],[-80.003188,40.482376],[-80.001767,40.482428],[-80.001683,40.480082],[-79.998778,40.479814],[-79.998539,40.478906],[-79.996517,40.479186],[-79.995346,40.477361],[-79.995987,40.477332],[-79.995833,40.474536],[-79.996084,40.474456],[-79.996431,40.474429],[-79.997611,40.474591],[-79.997568,40.473544],[-80.00055,40.473292],[-80.002868,40.473201],[-80.00503,40.472254],[-80.001082,40.466923],[-80.000358,40.465822],[-80.004256,40.465637],[-80.005088,40.465426],[-80.005316,40.465292],[-80.005603,40.465015],[-80.005634,40.464814],[-80.005472,40.46425],[-80.005189,40.463638],[-80.004174,40.460576],[-80.004547,40.460503],[-80.0047,40.460548],[-80.00499,40.46049],[-80.005192,40.460529],[-80.005715,40.461008],[-80.005833,40.461309],[-80.006288,40.461221],[-80.00649,40.461843],[-80.007122,40.461718],[-80.006956,40.462569],[-80.007016,40.46269],[-80.007178,40.462697],[-80.007609,40.46223],[-80.00806,40.462046],[-80.008136,40.462116],[-80.008255,40.462442],[-80.008835,40.462328],[-80.009358,40.463162],[-80.009942,40.463071],[-80.009562,40.461954],[-80.009988,40.461851],[-80.0099,40.461575],[-80.010015,40.461567],[-80.009902,40.460908],[-80.010313,40.460363],[-80.01071,40.460324],[-80.011277,40.460386],[-80.011687,40.460351],[-80.012741,40.460403],[-80.012782,40.460578],[-80.013403,40.460587],[-80.013593,40.460632],[-80.013663,40.460756],[-80.013609,40.460949],[-80.013725,40.461024],[-80.01381,40.460731],[-80.013754,40.460552],[-80.013601,40.460454],[-80.012892,40.460258],[-80.012951,40.460208],[-80.015449,40.459736],[-80.015359,40.459466],[-80.01642,40.459273],[-80.01707,40.459656],[-80.017123,40.460064],[-80.017589,40.461498],[-80.018796,40.461268],[-80.019454,40.462106],[-80.020566,40.462972],[-80.021049,40.463194],[-80.021586,40.463253],[-80.022035,40.46338],[-80.022352,40.463553],[-80.023568,40.46439],[-80.02468,40.465456],[-80.024826,40.465659],[-80.02533,40.469015],[-80.025928,40.47092],[-80.025067,40.471085],[-80.024521,40.471137],[-80.024272,40.471218],[-80.023347,40.471884],[-80.022698,40.472275],[-80.022197,40.472737],[-80.021988,40.472702],[-80.021569,40.472731],[-80.020229,40.472991],[-80.019675,40.472925],[-80.018764,40.472694],[-80.018304,40.472422],[-80.017965,40.47245],[-80.018003,40.472797],[-80.017917,40.472794],[-80.017637,40.472619],[-80.017093,40.472119],[-80.016627,40.472343],[-80.016643,40.472798],[-80.017149,40.474138],[-80.017371,40.477294],[-80.018531,40.477265],[-80.018869,40.476989],[-80.019715,40.476589],[-80.021524,40.476519],[-80.021533,40.476614],[-80.021588,40.476633],[-80.02181,40.476534],[-80.021923,40.476626],[-80.022101,40.476646],[-80.022932,40.476569],[-80.024629,40.47657],[-80.025326,40.476207],[-80.025818,40.476211],[-80.026161,40.476358],[-80.026349,40.476195],[-80.026611,40.476337],[-80.026124,40.476553],[-80.026241,40.476647],[-80.026461,40.476541],[-80.026729,40.476704],[-80.026847,40.476594],[-80.026632,40.476472],[-80.026761,40.476423],[-80.027297,40.476728],[-80.026584,40.477454],[-80.026996,40.477683],[-80.025803,40.478892],[-80.025808,40.478975],[-80.025974,40.478965],[-80.026001,40.479369],[-80.023509,40.479397],[-80.024924,40.48177],[-80.02498,40.481761],[-80.025677,40.482748],[-80.025642,40.4829]]]}},{"type":"Feature","properties":{"block_count":305,"land_area_km2":5.5194,"centroid":[-79.95517,40.444015],"bbox":[-79.975045,40.427393,-79.934033,40.460843],"boundary_source":"Approximate ZIP area: 2010 Census blocks grouped by their ZIP code (Allegheny County part only)","id":"zip-15213","name":"ZIP 15213 (Pittsburgh)","zip":"15213","geography":"zip","level":"MEDIUM","anomaly_score":1.0004975224315145,"confidence":"HIGH","case_id":"zcase-036","top_signal_headline":"Home sales +22% vs. county +4%"},"geometry":{"type":"Polygon","coordinates":[[[-79.962657,40.433401],[-79.959929,40.432216],[-79.959092,40.431771],[-79.958003,40.430929],[-79.95578,40.428651],[-79.955076,40.428166],[-79.954714,40.427974],[-79.953874,40.427645],[-79.953058,40.427463],[-79.952371,40.427393],[-79.951078,40.427453],[-79.950431,40.427598],[-79.949913,40.428345],[-79.94973,40.428825],[-79.949658,40.429191],[-79.949891,40.434039],[-79.949599,40.436021],[-79.949581,40.436505],[-79.949865,40.439517],[-79.949788,40.440008],[-79.949694,40.440236],[-79.94948,40.440574],[-79.948953,40.44118],[-79.948409,40.44086],[-79.948186,40.440799],[-79.947342,40.441431],[-79.947155,40.441492],[-79.947009,40.441483],[-79.942243,40.440482],[-79.942176,40.440444],[-79.94231,40.440172],[-79.942088,40.440107],[-79.941554,40.439794],[-79.940846,40.438967],[-79.940568,40.4388],[-79.940185,40.438699],[-79.939604,40.438684],[-79.938993,40.43855],[-79.936216,40.437623],[-79.935648,40.437563],[-79.934803,40.437681],[-79.934033,40.437707],[-79.934399,40.438807],[-79.937755,40.439524],[-79.938662,40.440142],[-79.940236,40.44154],[-79.937604,40.442665],[-79.938796,40.443882],[-79.938684,40.443937],[-79.938423,40.444806],[-79.938017,40.444832],[-79.937793,40.444904],[-79.937903,40.445547],[-79.937964,40.445579],[-79.938262,40.445555],[-79.938093,40.446525],[-79.938214,40.446619],[-79.938219,40.446727],[-79.937986,40.446943],[-79.940099,40.446829],[-79.940105,40.447041],[-79.942365,40.446823],[-79.942452,40.447414],[-79.94093,40.447535],[-79.941078,40.44911],[-79.942676,40.448996],[-79.94305,40.450876],[-79.940948,40.451316],[-79.941645,40.452544],[-79.941161,40.453793],[-79.942059,40.4541],[-79.943364,40.454703],[-79.943996,40.455063],[-79.945651,40.456207],[-79.946053,40.456432],[-79.946685,40.456693],[-79.947182,40.456819],[-79.947888,40.456924],[-79.952216,40.457443],[-79.952991,40.457629],[-79.953453,40.457844],[-79.954046,40.458268],[-79.955476,40.459914],[-79.956133,40.460446],[-79.956595,40.460646],[-79.9571,40.460767],[-79.957695,40.460843],[-79.958739,40.460744],[-79.966079,40.459437],[-79.965579,40.458496],[-79.965508,40.458442],[-79.965376,40.458409],[-79.965164,40.458482],[-79.965037,40.458798],[-79.964918,40.458895],[-79.964644,40.458893],[-79.964532,40.458823],[-79.963968,40.457995],[-79.963131,40.458348],[-79.963295,40.459093],[-79.962287,40.459235],[-79.961682,40.459388],[-79.961575,40.45937],[-79.960827,40.458325],[-79.963907,40.45704],[-79.964268,40.456838],[-79.964765,40.456448],[-79.965156,40.456021],[-79.965983,40.455708],[-79.96607,40.455576],[-79.965946,40.454818],[-79.964034,40.455673],[-79.963449,40.455104],[-79.963124,40.455262],[-79.962631,40.455612],[-79.961922,40.454923],[-79.960708,40.455751],[-79.959565,40.456417],[-79.959267,40.456574],[-79.958397,40.456862],[-79.958072,40.45681],[-79.956993,40.456129],[-79.956876,40.455934],[-79.957185,40.455083],[-79.957588,40.454319],[-79.955895,40.453816],[-79.955636,40.453696],[-79.956793,40.451187],[-79.957026,40.450236],[-79.95771,40.448972],[-79.958781,40.448262],[-79.959091,40.447899],[-79.959196,40.447698],[-79.959543,40.447598],[-79.959435,40.44772],[-79.962337,40.448286],[-79.962281,40.448606],[-79.96206,40.448635],[-79.962112,40.448692],[-79.962074,40.448969],[-79.962861,40.449018],[-79.964543,40.44888],[-79.96487,40.448777],[-79.964806,40.448585],[-79.964855,40.44849],[-79.96553,40.448009],[-79.965674,40.447822],[-79.965751,40.447589],[-79.965905,40.447045],[-79.965899,40.446653],[-79.965728,40.446161],[-79.966186,40.44607],[-79.966306,40.446007],[-79.968461,40.444649],[-79.968617,40.444314],[-79.968582,40.444181],[-79.968119,40.443612],[-79.967722,40.443475],[-79.967565,40.443516],[-79.966539,40.4441],[-79.966063,40.443377],[-79.966108,40.44336],[-79.968521,40.442784],[-79.968898,40.442788],[-79.969401,40.443148],[-79.969699,40.443466],[-79.969799,40.44368],[-79.969858,40.444632],[-79.971126,40.444644],[-79.971864,40.444993],[-79.975045,40.44366],[-79.974521,40.442939],[-79.974392,40.442638],[-79.974331,40.442436],[-79.974287,40.441611],[-79.97413,40.441146],[-79.973814,40.440674],[-79.973213,40.440125],[-79.97302,40.43978],[-79.97298,40.439426],[-79.973027,40.438949],[-79.972663,40.438114],[-79.972825,40.437753],[-79.972643,40.437695],[-79.972981,40.436007],[-79.971715,40.435989],[-79.969995,40.435793],[-79.969304,40.435775],[-79.969859,40.435869],[-79.969582,40.435863],[-79.969584,40.435945],[-79.968672,40.435759],[-79.967568,40.43546],[-79.966531,40.435089],[-79.962657,40.433401]],[[-79.949244,40.441345],[-79.949545,40.440846],[-79.949878,40.440559],[-79.950144,40.440408],[-79.953722,40.440443],[-79.956438,40.441949],[-79.955389,40.442684],[-79.953545,40.443175],[-79.953037,40.442027],[-79.95266,40.441809],[-79.952289,40.442237],[-79.951675,40.442408],[-79.950343,40.441956],[-79.949244,40.441345]],[[-79.951911,40.446476],[-79.95074,40.443908],[-79.953335,40.443227],[-79.954776,40.444418],[-79.953173,40.445574],[-79.954782,40.446871],[-79.954017,40.447421],[-79.952421,40.446115],[-79.951911,40.446476]],[[-79.954776,40.444418],[-79.955686,40.443782],[-79.957268,40.445052],[-79.95638,40.445703],[-79.954776,40.444418]]]}},{"type":"Feature","properties":{"block_count":453,"land_area_km2":12.1697,"centroid":[-80.014034,40.486498],"bbox":[-80.046172,40.459273,-79.987941,40.507202],"boundary_source":"Approximate ZIP area: 2010 Census blocks grouped by their ZIP code (Allegheny County part only)","id":"zip-15214","name":"ZIP 15214 (Pittsburgh)","zip":"15214","geography":"zip","level":"HIGH","anomaly_score":2.5748728907810947,"confidence":"HIGH","case_id":"zcase-006","top_signal_headline":"Rents +30% vs. county +14%"},"geometry":{"type":"Polygon","coordinates":[[[-80.007178,40.462697],[-80.007016,40.46269],[-80.006957,40.462598],[-80.007122,40.461718],[-80.00649,40.461843],[-80.006288,40.461221],[-80.005833,40.461309],[-80.005715,40.461008],[-80.005192,40.460529],[-80.00499,40.46049],[-80.0047,40.460548],[-80.004547,40.460503],[-80.004174,40.460576],[-80.005189,40.463638],[-80.005472,40.46425],[-80.005634,40.464814],[-80.005603,40.465015],[-80.005316,40.465292],[-80.005088,40.465426],[-80.004256,40.465637],[-80.000358,40.465822],[-80.001082,40.466923],[-80.00503,40.472254],[-80.002868,40.473201],[-80.00055,40.473292],[-79.997568,40.473544],[-79.997611,40.474591],[-79.996431,40.474429],[-79.996084,40.474456],[-79.995833,40.474536],[-79.995987,40.477332],[-79.995346,40.477361],[-79.996517,40.479186],[-79.998539,40.478906],[-79.998778,40.479814],[-80.001683,40.480082],[-80.001767,40.482428],[-80.003188,40.482376],[-80.003381,40.485681],[-80.002966,40.485683],[-79.999766,40.483709],[-79.998775,40.483361],[-79.998104,40.482996],[-79.997229,40.482884],[-79.996493,40.482889],[-79.996613,40.484395],[-79.996539,40.485239],[-79.996567,40.485616],[-79.997261,40.487065],[-79.997341,40.48742],[-79.996989,40.48845],[-79.995977,40.489427],[-79.995828,40.4898],[-79.995808,40.490484],[-79.996154,40.492346],[-79.996153,40.493461],[-79.99608,40.493607],[-79.995392,40.494284],[-79.995203,40.494018],[-79.994142,40.494043],[-79.994275,40.497068],[-79.989625,40.497214],[-79.989709,40.500658],[-79.987941,40.501223],[-79.988253,40.501357],[-79.988571,40.501268],[-79.989289,40.500963],[-79.989542,40.500921],[-79.989614,40.500958],[-79.989638,40.501043],[-79.989415,40.501338],[-79.989484,40.501657],[-79.989375,40.501922],[-79.989416,40.502128],[-79.989476,40.502133],[-79.989755,40.501937],[-79.98986,40.501916],[-79.989919,40.501965],[-79.989913,40.502045],[-79.989699,40.502412],[-79.989748,40.50248],[-79.989991,40.502512],[-79.990656,40.502437],[-79.990521,40.50463],[-79.990673,40.504835],[-79.990666,40.505016],[-79.990536,40.505269],[-79.99016,40.505489],[-79.990401,40.505735],[-79.990318,40.506066],[-79.99017,40.506216],[-79.990523,40.506117],[-79.993035,40.505759],[-79.994299,40.50568],[-79.996192,40.505733],[-79.996675,40.505667],[-80.001292,40.5033],[-80.003406,40.501215],[-80.006643,40.499303],[-80.007211,40.498783],[-80.00752,40.49952],[-80.005399,40.501293],[-80.005986,40.504769],[-80.006358,40.505029],[-80.006291,40.505224],[-80.006701,40.505162],[-80.006989,40.50502],[-80.008657,40.502297],[-80.009622,40.502277],[-80.009731,40.502744],[-80.00973,40.503192],[-80.009492,40.503718],[-80.008938,40.504188],[-80.008897,40.504361],[-80.008055,40.504932],[-80.007815,40.505178],[-80.00693,40.506538],[-80.006676,40.506768],[-80.006637,40.50701],[-80.009103,40.504903],[-80.00947,40.504558],[-80.010114,40.503821],[-80.010632,40.503024],[-80.011416,40.501523],[-80.012621,40.499864],[-80.01286,40.499349],[-80.012956,40.498734],[-80.013257,40.49864],[-80.012833,40.500076],[-80.013677,40.500462],[-80.014221,40.500607],[-80.014014,40.501109],[-80.013979,40.50124],[-80.014024,40.501303],[-80.015174,40.50155],[-80.015522,40.501566],[-80.01634,40.501514],[-80.017625,40.501312],[-80.018152,40.501288],[-80.018628,40.501517],[-80.01823,40.500889],[-80.018429,40.500344],[-80.018829,40.500274],[-80.018878,40.500068],[-80.019264,40.500087],[-80.019677,40.500189],[-80.019769,40.500786],[-80.020626,40.500558],[-80.021746,40.500029],[-80.021237,40.499643],[-80.020642,40.498954],[-80.020328,40.498407],[-80.020025,40.497536],[-80.020494,40.497828],[-80.020993,40.498229],[-80.024447,40.501458],[-80.02627,40.503009],[-80.030306,40.505612],[-80.032072,40.506284],[-80.033723,40.506747],[-80.034886,40.506977],[-80.035868,40.50711],[-80.037069,40.507202],[-80.037057,40.507],[-80.035946,40.506917],[-80.035189,40.506805],[-80.034015,40.506544],[-80.033285,40.50631],[-80.033673,40.505534],[-80.033709,40.505183],[-80.034141,40.504007],[-80.034142,40.503079],[-80.03407,40.502754],[-80.034059,40.502055],[-80.034846,40.501816],[-80.035758,40.501375],[-80.036878,40.501056],[-80.037163,40.500871],[-80.03727,40.500663],[-80.038056,40.500786],[-80.0396,40.50089],[-80.039982,40.500973],[-80.043338,40.501034],[-80.043782,40.500869],[-80.045385,40.500027],[-80.045705,40.49981],[-80.045987,40.499527],[-80.046089,40.499354],[-80.046172,40.498534],[-80.045948,40.497161],[-80.046047,40.496624],[-80.045603,40.495671],[-80.045521,40.495185],[-80.045406,40.494911],[-80.046014,40.494865],[-80.045529,40.494433],[-80.045313,40.493999],[-80.045297,40.493923],[-80.045404,40.493762],[-80.045241,40.493354],[-80.045179,40.493307],[-80.042565,40.493567],[-80.042244,40.493662],[-80.042249,40.493851],[-80.042056,40.494091],[-80.041243,40.494416],[-80.040401,40.494833],[-80.039942,40.494919],[-80.038527,40.494914],[-80.038308,40.49479],[-80.038155,40.494587],[-80.038201,40.494019],[-80.038125,40.493885],[-80.037927,40.493737],[-80.037926,40.493563],[-80.036729,40.492589],[-80.036171,40.492253],[-80.035631,40.491566],[-80.034742,40.493946],[-80.034371,40.494086],[-80.034417,40.494313],[-80.033974,40.49434],[-80.033444,40.492734],[-80.0325,40.490981],[-80.027784,40.4911],[-80.027653,40.490699],[-80.027035,40.489844],[-80.026738,40.488982],[-80.02507,40.485851],[-80.025118,40.485248],[-80.025677,40.482748],[-80.02498,40.481761],[-80.024924,40.48177],[-80.023509,40.479397],[-80.026001,40.479369],[-80.025974,40.478965],[-80.025808,40.478975],[-80.025803,40.478892],[-80.026996,40.477683],[-80.026584,40.477454],[-80.027297,40.476728],[-80.026761,40.476423],[-80.026632,40.476472],[-80.026847,40.476594],[-80.026729,40.476704],[-80.026461,40.476541],[-80.026241,40.476647],[-80.026124,40.476553],[-80.026611,40.476337],[-80.026349,40.476195],[-80.026161,40.476358],[-80.025818,40.476211],[-80.025326,40.476207],[-80.024629,40.47657],[-80.022932,40.476569],[-80.022101,40.476646],[-80.021923,40.476626],[-80.02181,40.476534],[-80.021588,40.476633],[-80.021533,40.476614],[-80.021524,40.476519],[-80.019715,40.476589],[-80.018869,40.476989],[-80.018531,40.477265],[-80.017371,40.477294],[-80.017149,40.474138],[-80.016643,40.472798],[-80.016627,40.472343],[-80.017093,40.472119],[-80.017637,40.472619],[-80.017917,40.472794],[-80.018003,40.472797],[-80.017965,40.47245],[-80.018304,40.472422],[-80.018764,40.472694],[-80.019675,40.472925],[-80.020229,40.472991],[-80.021569,40.472731],[-80.021988,40.472702],[-80.022197,40.472737],[-80.022698,40.472275],[-80.023347,40.471884],[-80.024272,40.471218],[-80.024521,40.471137],[-80.025067,40.471085],[-80.025928,40.47092],[-80.02533,40.469015],[-80.024826,40.465659],[-80.02468,40.465456],[-80.023568,40.46439],[-80.022352,40.463553],[-80.022035,40.46338],[-80.021586,40.463253],[-80.021049,40.463194],[-80.020566,40.462972],[-80.019454,40.462106],[-80.018796,40.461268],[-80.017589,40.461498],[-80.017123,40.460064],[-80.01707,40.459656],[-80.01642,40.459273],[-80.015359,40.459466],[-80.015449,40.459736],[-80.012951,40.460208],[-80.012892,40.460258],[-80.013601,40.460454],[-80.013754,40.460552],[-80.01381,40.460731],[-80.013725,40.461024],[-80.013609,40.460949],[-80.013663,40.460756],[-80.013593,40.460632],[-80.013403,40.460587],[-80.012782,40.460578],[-80.012741,40.460403],[-80.011687,40.460351],[-80.011277,40.460386],[-80.01071,40.460324],[-80.010313,40.460363],[-80.009902,40.460908],[-80.010015,40.461567],[-80.0099,40.461575],[-80.009988,40.461851],[-80.009562,40.461954],[-80.009942,40.463071],[-80.009358,40.463162],[-80.008835,40.462328],[-80.008255,40.462442],[-80.008136,40.462116],[-80.00806,40.462046],[-80.007609,40.46223],[-80.007178,40.462697]]]}},{"type":"Feature","properties":{"block_count":378,"land_area_km2":15.9337,"centroid":[-79.91382,40.504842],"bbox":[-79.945599,40.485855,-79.881526,40.526405],"boundary_source":"Approximate ZIP area: 2010 Census blocks grouped by their ZIP code (Allegheny County part only)","id":"zip-15215","name":"ZIP 15215 (Pittsburgh)","zip":"15215","geography":"zip","level":"LOW","anomaly_score":0.1577106040368452,"confidence":"HIGH","case_id":"zipfile-15215","top_signal_headline":null},"geometry":{"type":"Polygon","coordinates":[[[-79.901679,40.488146],[-79.901601,40.488367],[-79.901626,40.488985],[-79.895589,40.487285],[-79.893972,40.486933],[-79.892318,40.486721],[-79.890733,40.486636],[-79.88907,40.486645],[-79.888091,40.486736],[-79.886746,40.486997],[-79.886752,40.487856],[-79.885483,40.487842],[-79.885343,40.487748],[-79.884608,40.48775],[-79.884618,40.488375],[-79.884484,40.488949],[-79.884568,40.489615],[-79.884604,40.490922],[-79.883772,40.491066],[-79.881526,40.491939],[-79.882181,40.492128],[-79.882678,40.492518],[-79.883057,40.492921],[-79.883254,40.493347],[-79.883344,40.493724],[-79.883314,40.494424],[-79.881847,40.494698],[-79.882536,40.496806],[-79.883574,40.49884],[-79.883631,40.499323],[-79.883479,40.500005],[-79.886795,40.505047],[-79.888726,40.507281],[-79.888156,40.50889],[-79.888287,40.509083],[-79.889996,40.51034],[-79.890329,40.510515],[-79.891328,40.510841],[-79.891941,40.511221],[-79.892309,40.511523],[-79.89238,40.512044],[-79.892972,40.512343],[-79.893224,40.512881],[-79.893482,40.513678],[-79.893552,40.51532],[-79.89367,40.515969],[-79.89409,40.517044],[-79.894385,40.517389],[-79.895586,40.518476],[-79.895793,40.518609],[-79.896208,40.518753],[-79.897152,40.518924],[-79.897804,40.519109],[-79.899669,40.52016],[-79.901213,40.520525],[-79.901867,40.520842],[-79.90223,40.521109],[-79.902603,40.521512],[-79.903483,40.522832],[-79.904183,40.523459],[-79.905223,40.524102],[-79.905315,40.524413],[-79.905991,40.524175],[-79.906373,40.523968],[-79.907127,40.523673],[-79.908469,40.522916],[-79.909899,40.522309],[-79.911127,40.522056],[-79.911076,40.521771],[-79.911113,40.521552],[-79.911254,40.521105],[-79.911379,40.520902],[-79.91167,40.520657],[-79.912558,40.520097],[-79.913069,40.519913],[-79.914676,40.519693],[-79.914981,40.526328],[-79.915051,40.526405],[-79.915562,40.526134],[-79.915795,40.526065],[-79.91612,40.526037],[-79.916698,40.526083],[-79.916755,40.525527],[-79.91766,40.525292],[-79.917874,40.525304],[-79.918011,40.525371],[-79.918142,40.525782],[-79.918319,40.525587],[-79.918451,40.525524],[-79.918421,40.525414],[-79.918472,40.525371],[-79.918727,40.52521],[-79.919023,40.525111],[-79.919387,40.525085],[-79.920167,40.525257],[-79.921008,40.525121],[-79.921483,40.525147],[-79.92141,40.525041],[-79.920963,40.524882],[-79.920872,40.524802],[-79.920867,40.52471],[-79.921048,40.524499],[-79.921745,40.524204],[-79.922025,40.524268],[-79.922224,40.524485],[-79.921881,40.522864],[-79.933307,40.523479],[-79.936963,40.518859],[-79.93664,40.512128],[-79.937118,40.51933],[-79.938033,40.519327],[-79.93925,40.518926],[-79.939882,40.518422],[-79.940442,40.51819],[-79.940253,40.513496],[-79.940854,40.513485],[-79.94078,40.511897],[-79.941081,40.511891],[-79.94107,40.511555],[-79.943251,40.511538],[-79.944234,40.510996],[-79.945136,40.510417],[-79.945599,40.510061],[-79.945557,40.509141],[-79.945068,40.509141],[-79.945054,40.50889],[-79.945252,40.508882],[-79.945251,40.50785],[-79.945081,40.507853],[-79.945079,40.507506],[-79.943228,40.507316],[-79.944503,40.506069],[-79.944634,40.50562],[-79.944575,40.504999],[-79.944788,40.504172],[-79.943532,40.503951],[-79.943674,40.503246],[-79.944151,40.503333],[-79.942488,40.501479],[-79.941886,40.501516],[-79.940547,40.501483],[-79.940458,40.496389],[-79.939833,40.495157],[-79.939338,40.494345],[-79.938982,40.492956],[-79.938355,40.490983],[-79.937113,40.491255],[-79.935572,40.491491],[-79.933987,40.491593],[-79.93218,40.491689],[-79.92944,40.491627],[-79.927922,40.491538],[-79.923567,40.490717],[-79.921036,40.490036],[-79.907511,40.487237],[-79.901679,40.485855],[-79.901679,40.488146]]]}},{"type":"Feature","properties":{"block_count":440,"land_area_km2":8.8666,"centroid":[-80.034851,40.402629],"bbox":[-80.064301,40.380798,-80.009789,40.430076],"boundary_source":"Approximate ZIP area: 2010 Census blocks grouped by their ZIP code (Allegheny County part only)","id":"zip-15216","name":"ZIP 15216 (Pittsburgh)","zip":"15216","geography":"zip","level":"LOW","anomaly_score":0.5932057715720529,"confidence":"HIGH","case_id":"zipfile-15216","top_signal_headline":null},"geometry":{"type":"Polygon","coordinates":[[[-80.039624,40.38481],[-80.039309,40.384493],[-80.039079,40.384108],[-80.038864,40.383017],[-80.036743,40.383629],[-80.035987,40.383032],[-80.033345,40.382454],[-80.033041,40.381867],[-80.032961,40.381438],[-80.032754,40.381243],[-80.032344,40.381007],[-80.032094,40.380798],[-80.031677,40.381085],[-80.032181,40.381547],[-80.03248,40.382156],[-80.0325,40.382567],[-80.032232,40.383621],[-80.032172,40.384083],[-80.032028,40.384138],[-80.03049,40.384286],[-80.02936,40.384144],[-80.029171,40.38426],[-80.029035,40.384196],[-80.029317,40.385045],[-80.028853,40.384911],[-80.028206,40.384817],[-80.027945,40.384861],[-80.027844,40.384946],[-80.027659,40.385419],[-80.02721,40.385489],[-80.026806,40.385395],[-80.026683,40.385403],[-80.026913,40.385736],[-80.027391,40.386672],[-80.028435,40.388923],[-80.028551,40.389551],[-80.02858,40.390983],[-80.028678,40.391263],[-80.028291,40.391415],[-80.029726,40.394107],[-80.030431,40.3944],[-80.030767,40.395007],[-80.030698,40.395351],[-80.032254,40.395625],[-80.03216,40.395922],[-80.030944,40.396021],[-80.031144,40.396613],[-80.026163,40.398335],[-80.025044,40.399175],[-80.026024,40.399524],[-80.026055,40.400549],[-80.025865,40.400611],[-80.025723,40.400723],[-80.02551,40.400765],[-80.025327,40.400887],[-80.024849,40.401374],[-80.024636,40.401913],[-80.024555,40.401974],[-80.024433,40.401974],[-80.024209,40.401933],[-80.024128,40.401852],[-80.024108,40.40172],[-80.02423,40.401374],[-80.02427,40.400917],[-80.024169,40.400775],[-80.023956,40.400755],[-80.023722,40.400816],[-80.022386,40.401885],[-80.022171,40.40174],[-80.022092,40.401787],[-80.019685,40.403707],[-80.019353,40.404048],[-80.019178,40.404308],[-80.019034,40.404658],[-80.018527,40.406254],[-80.018214,40.407553],[-80.018046,40.407993],[-80.01778,40.408449],[-80.015815,40.410228],[-80.015537,40.41043],[-80.016052,40.411008],[-80.015744,40.411192],[-80.015387,40.411322],[-80.01493,40.41141],[-80.012322,40.411643],[-80.011894,40.411732],[-80.011439,40.411926],[-80.011884,40.41203],[-80.011185,40.412128],[-80.011006,40.412445],[-80.010881,40.412327],[-80.011053,40.41197],[-80.010481,40.412384],[-80.010261,40.412632],[-80.010145,40.412855],[-80.009789,40.412868],[-80.010078,40.413013],[-80.010056,40.413066],[-80.011045,40.413569],[-80.01284,40.414077],[-80.012923,40.413952],[-80.013024,40.413968],[-80.013273,40.413634],[-80.013407,40.413601],[-80.013611,40.413634],[-80.014586,40.413992],[-80.014786,40.413566],[-80.016154,40.41451],[-80.017544,40.416805],[-80.015679,40.416963],[-80.016142,40.418053],[-80.016238,40.418815],[-80.016114,40.419916],[-80.016195,40.42039],[-80.016397,40.42085],[-80.016635,40.421156],[-80.017782,40.422349],[-80.019594,40.423984],[-80.021033,40.423429],[-80.021205,40.423417],[-80.021335,40.42349],[-80.021428,40.423667],[-80.021478,40.423996],[-80.021442,40.424599],[-80.021096,40.425233],[-80.021444,40.425473],[-80.024195,40.426285],[-80.024518,40.426479],[-80.027238,40.429461],[-80.027765,40.429912],[-80.028034,40.430076],[-80.02912,40.429426],[-80.029697,40.428926],[-80.030109,40.428464],[-80.030484,40.427897],[-80.030751,40.42733],[-80.030893,40.426965],[-80.030988,40.426371],[-80.031002,40.425851],[-80.03086,40.424882],[-80.030587,40.424742],[-80.030207,40.424398],[-80.030059,40.424192],[-80.029733,40.423117],[-80.029633,40.42243],[-80.029757,40.422461],[-80.029795,40.422426],[-80.030091,40.421837],[-80.030628,40.419385],[-80.030603,40.419147],[-80.030374,40.418676],[-80.030067,40.418327],[-80.029816,40.418263],[-80.029944,40.415899],[-80.030076,40.414759],[-80.030894,40.412149],[-80.032606,40.413348],[-80.035133,40.414767],[-80.036446,40.41421],[-80.038459,40.412905],[-80.036194,40.409885],[-80.037604,40.40892],[-80.040281,40.410896],[-80.040517,40.410679],[-80.041293,40.409713],[-80.039735,40.40658],[-80.04102,40.405312],[-80.0413,40.405766],[-80.04402,40.407709],[-80.044971,40.407531],[-80.047333,40.408205],[-80.047599,40.40778],[-80.045988,40.407319],[-80.046123,40.407024],[-80.045681,40.40685],[-80.042649,40.403919],[-80.043412,40.403319],[-80.04364,40.402394],[-80.04443,40.400668],[-80.044215,40.400503],[-80.044347,40.400282],[-80.04601,40.400784],[-80.046562,40.401115],[-80.046917,40.40161],[-80.047366,40.402838],[-80.047595,40.402877],[-80.047622,40.402806],[-80.047844,40.4029],[-80.048895,40.401473],[-80.050837,40.402532],[-80.051481,40.401498],[-80.051387,40.401465],[-80.051705,40.400668],[-80.052911,40.401156],[-80.054892,40.400954],[-80.054119,40.39649],[-80.056237,40.395597],[-80.056466,40.395854],[-80.057774,40.395489],[-80.058365,40.395677],[-80.058647,40.395714],[-80.059248,40.395611],[-80.060347,40.395573],[-80.06137,40.395442],[-80.061793,40.395132],[-80.062243,40.39469],[-80.064301,40.393243],[-80.063486,40.393059],[-80.062072,40.39238],[-80.060646,40.393166],[-80.059953,40.393027],[-80.058922,40.392892],[-80.058537,40.392802],[-80.058196,40.392645],[-80.058274,40.392371],[-80.058175,40.392059],[-80.058064,40.391948],[-80.057607,40.391812],[-80.056856,40.391906],[-80.056734,40.391453],[-80.058936,40.390984],[-80.059135,40.390814],[-80.058749,40.390422],[-80.057898,40.389055],[-80.057324,40.388541],[-80.056802,40.388335],[-80.055859,40.388144],[-80.055504,40.387986],[-80.055129,40.387596],[-80.054559,40.386875],[-80.053642,40.385248],[-80.050284,40.386134],[-80.050132,40.385748],[-80.04723,40.386483],[-80.046591,40.386596],[-80.04387,40.386929],[-80.043713,40.386908],[-80.043933,40.385994],[-80.043992,40.385443],[-80.041307,40.386379],[-80.040621,40.385641],[-80.039624,40.38481]]]}},{"type":"Feature","properties":{"block_count":410,"land_area_km2":9.8583,"centroid":[-79.920539,40.430771],"bbox":[-79.940236,40.409771,-79.897198,40.4489],"boundary_source":"Approximate ZIP area: 2010 Census blocks grouped by their ZIP code (Allegheny County part only)","id":"zip-15217","name":"ZIP 15217 (Pittsburgh)","zip":"15217","geography":"zip","level":"MEDIUM","anomaly_score":1.2001159022638868,"confidence":"HIGH","case_id":"zcase-029","top_signal_headline":"Home sales +34% vs. county +4%"},"geometry":{"type":"MultiPolygon","coordinates":[[[[-79.92995,40.41023],[-79.929708,40.409771],[-79.927373,40.410661],[-79.927228,40.410334],[-79.926955,40.410232],[-79.92647,40.410315],[-79.926338,40.410425],[-79.926077,40.410494],[-79.925358,40.410409],[-79.925172,40.410441],[-79.924609,40.410668],[-79.9241,40.410958],[-79.923357,40.411206],[-79.923058,40.411363],[-79.922919,40.411489],[-79.922774,40.411804],[-79.922552,40.411716],[-79.922303,40.411707],[-79.922115,40.41179],[-79.922012,40.41193],[-79.921703,40.411772],[-79.92156,40.41222],[-79.921309,40.41236],[-79.920761,40.411627],[-79.92027,40.412026],[-79.918572,40.410757],[-79.91727,40.411908],[-79.915403,40.413226],[-79.912693,40.414523],[-79.911536,40.414896],[-79.911652,40.414972],[-79.91208,40.415049],[-79.913196,40.415979],[-79.915574,40.417531],[-79.915465,40.417856],[-79.915285,40.418134],[-79.914926,40.418423],[-79.914394,40.418729],[-79.914185,40.419078],[-79.913891,40.419283],[-79.912044,40.419856],[-79.911706,40.420055],[-79.910024,40.422107],[-79.909815,40.422263],[-79.909722,40.422545],[-79.908507,40.423926],[-79.908284,40.424032],[-79.907817,40.42414],[-79.907688,40.424071],[-79.907616,40.423949],[-79.907465,40.423925],[-79.907293,40.423977],[-79.907228,40.424094],[-79.907206,40.424612],[-79.906983,40.424889],[-79.906868,40.425699],[-79.906767,40.425869],[-79.906623,40.425971],[-79.905718,40.426134],[-79.905538,40.426267],[-79.905266,40.426328],[-79.905071,40.426317],[-79.904892,40.426211],[-79.904396,40.426121],[-79.90385,40.426152],[-79.903189,40.426362],[-79.902671,40.426672],[-79.902139,40.4271],[-79.901852,40.427192],[-79.901368,40.42723],[-79.898672,40.435568],[-79.89899,40.436443],[-79.899042,40.437734],[-79.89934,40.438212],[-79.899769,40.438712],[-79.900267,40.439516],[-79.899485,40.439557],[-79.899485,40.43969],[-79.89958,40.43975],[-79.899681,40.440056],[-79.899879,40.440396],[-79.899924,40.44064],[-79.899879,40.440795],[-79.900251,40.440865],[-79.900286,40.440979],[-79.900036,40.441164],[-79.899777,40.441129],[-79.899735,40.441256],[-79.899505,40.441459],[-79.89938,40.441836],[-79.899329,40.442368],[-79.898743,40.443746],[-79.898771,40.443838],[-79.900134,40.444315],[-79.899555,40.445237],[-79.903112,40.446407],[-79.903227,40.446333],[-79.903365,40.446373],[-79.904048,40.445896],[-79.90424,40.445819],[-79.904341,40.445615],[-79.904889,40.445213],[-79.905618,40.444404],[-79.906072,40.442841],[-79.905792,40.442818],[-79.9054,40.442233],[-79.904907,40.440822],[-79.906306,40.440468],[-79.90704,40.440417],[-79.908389,40.440746],[-79.908592,40.440881],[-79.908821,40.440951],[-79.90891,40.440964],[-79.909117,40.440856],[-79.909329,40.440824],[-79.90988,40.440925],[-79.910277,40.44112],[-79.910439,40.441393],[-79.91131,40.441467],[-79.912253,40.441078],[-79.912324,40.441119],[-79.912579,40.441114],[-79.91165,40.446696],[-79.91234,40.446734],[-79.913851,40.446458],[-79.914041,40.446754],[-79.914513,40.446791],[-79.916016,40.445256],[-79.916507,40.445559],[-79.916744,40.445595],[-79.917248,40.445049],[-79.917649,40.446338],[-79.91908,40.446072],[-79.919337,40.446941],[-79.920151,40.448196],[-79.920571,40.448319],[-79.920681,40.448115],[-79.920771,40.445771],[-79.921534,40.445695],[-79.921972,40.443895],[-79.924223,40.443968],[-79.924189,40.444245],[-79.923779,40.444908],[-79.92385,40.445499],[-79.924228,40.446274],[-79.923686,40.446447],[-79.923567,40.446567],[-79.923441,40.446983],[-79.923503,40.447906],[-79.923877,40.448382],[-79.92394,40.448302],[-79.924075,40.448606],[-79.925039,40.4489],[-79.925516,40.448869],[-79.926287,40.448739],[-79.927897,40.448237],[-79.930139,40.447399],[-79.933401,40.446595],[-79.934332,40.446951],[-79.936387,40.447534],[-79.93706,40.447322],[-79.937634,40.447028],[-79.937986,40.446943],[-79.93819,40.446783],[-79.938214,40.446619],[-79.938093,40.446525],[-79.938262,40.445555],[-79.937964,40.445579],[-79.937903,40.445547],[-79.937793,40.444904],[-79.938017,40.444832],[-79.938423,40.444806],[-79.938684,40.443937],[-79.938796,40.443882],[-79.937604,40.442665],[-79.940236,40.44154],[-79.938662,40.440142],[-79.937755,40.439524],[-79.934399,40.438807],[-79.934033,40.437707],[-79.934011,40.43739],[-79.933045,40.433435],[-79.933227,40.433398],[-79.933556,40.433225],[-79.934199,40.432503],[-79.934436,40.432326],[-79.934946,40.432126],[-79.93452,40.432025],[-79.933556,40.431955],[-79.932267,40.432065],[-79.932562,40.431481],[-79.932615,40.431481],[-79.932605,40.431378],[-79.933073,40.43028],[-79.933046,40.430228],[-79.932993,40.430235],[-79.933167,40.429226],[-79.935417,40.428837],[-79.936829,40.428703],[-79.937812,40.428726],[-79.938613,40.42723],[-79.938603,40.426292],[-79.93874,40.426213],[-79.938915,40.426212],[-79.938505,40.425959],[-79.938017,40.424938],[-79.937663,40.424507],[-79.938365,40.424363],[-79.938388,40.423973],[-79.939258,40.423984],[-79.939256,40.42438],[-79.939802,40.424395],[-79.93981,40.423604],[-79.939354,40.423597],[-79.939279,40.423308],[-79.938726,40.423036],[-79.938671,40.422667],[-79.939333,40.422657],[-79.939359,40.420951],[-79.93983,40.420946],[-79.939835,40.418952],[-79.93801,40.419116],[-79.937854,40.419517],[-79.937763,40.419474],[-79.93323,40.42022],[-79.933107,40.419798],[-79.93369,40.419732],[-79.933914,40.419507],[-79.933924,40.419093],[-79.93332,40.418697],[-79.933256,40.418583],[-79.934678,40.417308],[-79.932352,40.413881],[-79.932293,40.413711],[-79.931971,40.413235],[-79.931973,40.413128],[-79.930673,40.411569],[-79.92995,40.41023]]],[[[-79.897696,40.447982],[-79.897985,40.447336],[-79.897972,40.447293],[-79.897574,40.447158],[-79.897368,40.44742],[-79.897362,40.447586],[-79.897198,40.447814],[-79.897696,40.447982]]]]}},{"type":"Feature","properties":{"block_count":401,"land_area_km2":6.1419,"centroid":[-79.889981,40.423714],"bbox":[-79.915574,40.410548,-79.86769,40.436859],"boundary_source":"Approximate ZIP area: 2010 Census blocks grouped by their ZIP code (Allegheny County part only)","id":"zip-15218","name":"ZIP 15218 (Pittsburgh)","zip":"15218","geography":"zip","level":"LOW","anomaly_score":0.7697704209863194,"confidence":"HIGH","case_id":"zipfile-15218","top_signal_headline":"Home sales +23% vs. county +4%"},"geometry":{"type":"Polygon","coordinates":[[[-79.885948,40.436859],[-79.889579,40.435613],[-79.890643,40.435176],[-79.890155,40.434503],[-79.890644,40.434299],[-79.890902,40.434653],[-79.892844,40.433834],[-79.893337,40.433623],[-79.893075,40.433264],[-79.893562,40.433057],[-79.894521,40.434389],[-79.895808,40.433858],[-79.895731,40.434225],[-79.896156,40.434817],[-79.896248,40.435056],[-79.896308,40.435102],[-79.896808,40.434994],[-79.897237,40.436069],[-79.897404,40.436704],[-79.89899,40.436443],[-79.898672,40.435568],[-79.901368,40.42723],[-79.901852,40.427192],[-79.902139,40.4271],[-79.902671,40.426672],[-79.903189,40.426362],[-79.90385,40.426152],[-79.904396,40.426121],[-79.904892,40.426211],[-79.905071,40.426317],[-79.905266,40.426328],[-79.905538,40.426267],[-79.905718,40.426134],[-79.906623,40.425971],[-79.906767,40.425869],[-79.906868,40.425699],[-79.906983,40.424889],[-79.907206,40.424612],[-79.907228,40.424094],[-79.907293,40.423977],[-79.907465,40.423925],[-79.907616,40.423949],[-79.907688,40.424071],[-79.907817,40.42414],[-79.908284,40.424032],[-79.908507,40.423926],[-79.909722,40.422545],[-79.909815,40.422263],[-79.910024,40.422107],[-79.911706,40.420055],[-79.912044,40.419856],[-79.913503,40.419428],[-79.914042,40.419199],[-79.914286,40.418949],[-79.914394,40.418729],[-79.914926,40.418423],[-79.915285,40.418134],[-79.915465,40.417856],[-79.915574,40.417531],[-79.913196,40.415979],[-79.91208,40.415049],[-79.911652,40.414972],[-79.911536,40.414896],[-79.911057,40.415042],[-79.907358,40.415796],[-79.906272,40.415969],[-79.899542,40.415871],[-79.899249,40.415815],[-79.896807,40.414755],[-79.890529,40.410548],[-79.889882,40.411542],[-79.88816,40.414797],[-79.888684,40.415087],[-79.887327,40.416888],[-79.884713,40.4164],[-79.883193,40.415994],[-79.882214,40.415927],[-79.880725,40.415344],[-79.880029,40.415014],[-79.879144,40.414723],[-79.878181,40.414496],[-79.876631,40.414287],[-79.874854,40.413964],[-79.873459,40.413505],[-79.8727,40.413144],[-79.871906,40.412643],[-79.871027,40.413185],[-79.871142,40.413303],[-79.87013,40.413713],[-79.869181,40.414272],[-79.867986,40.414528],[-79.86769,40.415125],[-79.868889,40.415954],[-79.87011,40.416403],[-79.87068,40.416807],[-79.871154,40.416875],[-79.871983,40.416683],[-79.872078,40.417394],[-79.872393,40.417834],[-79.873995,40.420692],[-79.873964,40.421553],[-79.87382,40.422213],[-79.873406,40.423054],[-79.873808,40.423656],[-79.874475,40.42498],[-79.875826,40.428079],[-79.875161,40.428365],[-79.875086,40.42897],[-79.87471,40.429335],[-79.874764,40.429374],[-79.874292,40.430076],[-79.873685,40.430849],[-79.873296,40.432004],[-79.872623,40.432892],[-79.872194,40.43375],[-79.874031,40.434192],[-79.874237,40.435016],[-79.87418,40.435264],[-79.876363,40.434782],[-79.877533,40.435505],[-79.879181,40.43399],[-79.882656,40.436087],[-79.882728,40.435958],[-79.88389,40.435862],[-79.884433,40.435949],[-79.88508,40.436232],[-79.885369,40.436211],[-79.88527,40.435684],[-79.885555,40.43564],[-79.885782,40.436843],[-79.885948,40.436859]]]}},{"type":"Feature","properties":{"block_count":537,"land_area_km2":5.978,"centroid":[-79.983126,40.442265],"bbox":[-80.031589,40.42598,-79.950431,40.459388],"boundary_source":"Approximate ZIP area: 2010 Census blocks grouped by their ZIP code (Allegheny County part only)","id":"zip-15219","name":"ZIP 15219 (Pittsburgh)","zip":"15219","geography":"zip","level":"HIGH","anomaly_score":1.679540127827276,"confidence":"MODERATE","case_id":"zcase-014","top_signal_headline":"Home values +3% vs. county +14%"},"geometry":{"type":"Polygon","coordinates":[[[-79.966632,40.435127],[-79.96733,40.435384],[-79.968351,40.435677],[-79.969584,40.435945],[-79.969582,40.435863],[-79.969859,40.435869],[-79.969304,40.435775],[-79.969995,40.435793],[-79.971715,40.435989],[-79.972981,40.436007],[-79.972643,40.437695],[-79.972825,40.437753],[-79.972663,40.438114],[-79.973027,40.438949],[-79.97298,40.439426],[-79.97302,40.43978],[-79.973213,40.440125],[-79.973814,40.440674],[-79.97413,40.441146],[-79.974287,40.441611],[-79.974331,40.442436],[-79.974392,40.442638],[-79.974521,40.442939],[-79.975045,40.44366],[-79.971864,40.444993],[-79.971126,40.444644],[-79.969858,40.444632],[-79.969799,40.44368],[-79.969699,40.443466],[-79.969401,40.443148],[-79.968898,40.442788],[-79.968521,40.442784],[-79.966108,40.44336],[-79.966063,40.443377],[-79.966539,40.4441],[-79.967565,40.443516],[-79.967722,40.443475],[-79.968119,40.443612],[-79.968582,40.444181],[-79.968617,40.444314],[-79.968461,40.444649],[-79.966306,40.446007],[-79.966186,40.44607],[-79.965728,40.446161],[-79.965899,40.446653],[-79.965905,40.447045],[-79.965751,40.447589],[-79.965674,40.447822],[-79.96553,40.448009],[-79.964855,40.44849],[-79.964806,40.448585],[-79.96487,40.448777],[-79.964543,40.44888],[-79.962861,40.449018],[-79.962074,40.448969],[-79.962112,40.448692],[-79.96206,40.448635],[-79.962281,40.448606],[-79.962337,40.448286],[-79.959435,40.44772],[-79.959543,40.447598],[-79.959196,40.447698],[-79.959091,40.447899],[-79.958781,40.448262],[-79.95771,40.448972],[-79.957026,40.450236],[-79.956793,40.451187],[-79.955636,40.453696],[-79.955895,40.453816],[-79.957588,40.454319],[-79.957185,40.455083],[-79.956876,40.455934],[-79.957108,40.456226],[-79.957608,40.456489],[-79.958072,40.45681],[-79.958397,40.456862],[-79.959267,40.456574],[-79.959565,40.456417],[-79.960708,40.455751],[-79.961922,40.454923],[-79.962631,40.455612],[-79.963124,40.455262],[-79.963449,40.455104],[-79.964034,40.455673],[-79.965946,40.454818],[-79.96607,40.455576],[-79.965983,40.455708],[-79.965156,40.456021],[-79.964765,40.456448],[-79.964268,40.456838],[-79.963907,40.45704],[-79.960827,40.458325],[-79.961575,40.45937],[-79.961682,40.459388],[-79.962287,40.459235],[-79.963295,40.459093],[-79.963131,40.458348],[-79.963968,40.457995],[-79.964532,40.458823],[-79.964644,40.458893],[-79.964918,40.458895],[-79.965037,40.458798],[-79.965164,40.458482],[-79.965269,40.458423],[-79.965436,40.458416],[-79.965579,40.458496],[-79.965944,40.459178],[-79.968826,40.458018],[-79.973025,40.455714],[-79.975124,40.454263],[-79.975283,40.454392],[-79.97805,40.452442],[-79.978886,40.45191],[-79.980036,40.45129],[-79.983108,40.449832],[-79.984741,40.448913],[-79.986381,40.4478],[-79.990118,40.445397],[-79.990368,40.444626],[-79.990603,40.444511],[-79.990681,40.444387],[-79.990894,40.444254],[-79.990709,40.444581],[-79.990514,40.445185],[-79.990923,40.444918],[-79.99114,40.444563],[-79.991417,40.444357],[-79.992597,40.44364],[-79.993036,40.44355],[-79.993236,40.443571],[-79.99347,40.443646],[-79.993774,40.443825],[-79.994204,40.443928],[-79.994998,40.443716],[-79.995139,40.443448],[-79.996121,40.443417],[-79.99653,40.44331],[-79.996841,40.44283],[-79.996327,40.442649],[-79.997235,40.441276],[-79.996766,40.441105],[-79.997223,40.440448],[-79.99816,40.440801],[-79.999544,40.438725],[-79.998663,40.438396],[-79.999026,40.437891],[-79.999888,40.438212],[-80.00018,40.437778],[-79.999309,40.437445],[-79.999646,40.436893],[-79.999995,40.436386],[-80.000892,40.43672],[-80.002322,40.434566],[-80.014217,40.4407],[-80.01629,40.443207],[-80.016375,40.443195],[-80.023004,40.444529],[-80.028228,40.446664],[-80.029738,40.447858],[-80.031145,40.446934],[-80.0314,40.446782],[-80.031589,40.446731],[-80.03044,40.445926],[-80.030196,40.445538],[-80.029938,40.445257],[-80.029806,40.445164],[-80.029609,40.445269],[-80.029692,40.445084],[-80.027589,40.443742],[-80.027954,40.443623],[-80.021226,40.441075],[-80.019507,40.440361],[-80.017504,40.439658],[-80.016477,40.43922],[-80.013941,40.437769],[-80.013678,40.437662],[-80.013734,40.437553],[-80.013615,40.437614],[-80.013272,40.437384],[-80.01461,40.435862],[-80.013786,40.435505],[-80.012933,40.43535],[-80.012847,40.435505],[-80.012535,40.435549],[-80.012109,40.435393],[-80.011785,40.435167],[-80.011397,40.436247],[-80.008421,40.434034],[-80.006076,40.432612],[-80.005178,40.432184],[-80.00561,40.431716],[-80.00447,40.431251],[-80.003952,40.432019],[-80.003487,40.431704],[-80.002324,40.431075],[-80.002002,40.430962],[-80.001144,40.430813],[-80.001282,40.430759],[-80.001198,40.430618],[-79.999407,40.429699],[-79.999047,40.429474],[-79.998703,40.429981],[-79.996433,40.429208],[-79.996169,40.429555],[-79.994881,40.429108],[-79.994681,40.429421],[-79.996012,40.429882],[-79.995379,40.431049],[-79.995292,40.432675],[-79.994527,40.432609],[-79.994077,40.432629],[-79.990176,40.432209],[-79.989158,40.4323],[-79.975474,40.434369],[-79.973406,40.433853],[-79.960296,40.428635],[-79.959278,40.429177],[-79.958507,40.42938],[-79.957886,40.429417],[-79.957592,40.42937],[-79.957068,40.429085],[-79.956544,40.428683],[-79.955285,40.427386],[-79.955148,40.427478],[-79.954009,40.426269],[-79.953651,40.425988],[-79.952543,40.42598],[-79.952212,40.426046],[-79.951886,40.426224],[-79.950912,40.427174],[-79.950798,40.427203],[-79.950431,40.427598],[-79.951078,40.427453],[-79.951468,40.427418],[-79.952561,40.427408],[-79.953058,40.427463],[-79.953874,40.427645],[-79.954714,40.427974],[-79.955076,40.428166],[-79.95578,40.428651],[-79.958003,40.430929],[-79.959092,40.431771],[-79.959929,40.432216],[-79.966632,40.435127]]]}},{"type":"Feature","properties":{"block_count":447,"land_area_km2":12.7864,"centroid":[-80.049086,40.419601],"bbox":[-80.083098,40.384393,-80.019163,40.454049],"boundary_source":"Approximate ZIP area: 2010 Census blocks grouped by their ZIP code (Allegheny County part only)","id":"zip-15220","name":"ZIP 15220 (Pittsburgh)","zip":"15220","geography":"zip","level":"LOW","anomaly_score":0.5589131343148033,"confidence":"HIGH","case_id":"zipfile-15220","top_signal_headline":null},"geometry":{"type":"MultiPolygon","coordinates":[[[[-80.047295,40.438153],[-80.046559,40.438264],[-80.046015,40.438295],[-80.046176,40.437269],[-80.046236,40.437214],[-80.04645,40.436133],[-80.044803,40.435781],[-80.04474,40.435734],[-80.044718,40.435659],[-80.044909,40.435001],[-80.04494,40.434703],[-80.044904,40.434532],[-80.044636,40.434003],[-80.04538,40.433841],[-80.045808,40.434598],[-80.046731,40.434744],[-80.046718,40.43442],[-80.046004,40.433079],[-80.04607,40.433073],[-80.045236,40.432781],[-80.046765,40.432647],[-80.048185,40.43279],[-80.048427,40.432438],[-80.046957,40.430124],[-80.046637,40.429512],[-80.046643,40.42942],[-80.044628,40.429062],[-80.043289,40.428193],[-80.042705,40.428674],[-80.04315,40.428044],[-80.042491,40.428618],[-80.04169,40.428987],[-80.040698,40.428683],[-80.041256,40.428447],[-80.041487,40.42804],[-80.041557,40.427748],[-80.04155,40.427495],[-80.041329,40.426222],[-80.041461,40.425903],[-80.042345,40.42508],[-80.043476,40.424126],[-80.044054,40.424605],[-80.045363,40.423672],[-80.048111,40.423639],[-80.048314,40.423841],[-80.048636,40.424037],[-80.049165,40.423516],[-80.049814,40.423068],[-80.049593,40.424039],[-80.051016,40.42454],[-80.052911,40.424729],[-80.053483,40.424483],[-80.053869,40.423925],[-80.053588,40.423267],[-80.054015,40.422883],[-80.057177,40.424273],[-80.061644,40.425115],[-80.061522,40.425533],[-80.06157,40.426372],[-80.063203,40.426387],[-80.064222,40.425417],[-80.065365,40.424574],[-80.065461,40.424581],[-80.065735,40.424852],[-80.067058,40.423056],[-80.067223,40.422665],[-80.066882,40.420621],[-80.066608,40.419384],[-80.066096,40.417499],[-80.066123,40.417228],[-80.066507,40.416706],[-80.066292,40.416668],[-80.066002,40.416683],[-80.062409,40.417033],[-80.058315,40.418009],[-80.057256,40.418301],[-80.057026,40.41794],[-80.055519,40.418767],[-80.053704,40.420103],[-80.051968,40.421627],[-80.051204,40.421445],[-80.050906,40.42143],[-80.049935,40.421672],[-80.049678,40.420353],[-80.051502,40.419702],[-80.064891,40.4133],[-80.0667,40.412476],[-80.065851,40.411606],[-80.065409,40.410684],[-80.06528,40.410518],[-80.067273,40.409356],[-80.071401,40.407825],[-80.072328,40.407324],[-80.070257,40.406397],[-80.070023,40.40607],[-80.067219,40.407095],[-80.067108,40.407607],[-80.066341,40.407458],[-80.065611,40.406132],[-80.066434,40.404989],[-80.066858,40.404092],[-80.067106,40.404144],[-80.067424,40.404086],[-80.067229,40.402849],[-80.067221,40.402316],[-80.067367,40.402075],[-80.067772,40.401858],[-80.067424,40.400977],[-80.068444,40.399935],[-80.068615,40.399648],[-80.069667,40.398562],[-80.074349,40.399196],[-80.079881,40.399872],[-80.079913,40.399218],[-80.080404,40.399181],[-80.080448,40.398929],[-80.082628,40.394725],[-80.082822,40.394696],[-80.083098,40.394166],[-80.082589,40.393831],[-80.082397,40.393756],[-80.081561,40.393631],[-80.081325,40.393537],[-80.080116,40.392879],[-80.079685,40.39275],[-80.078775,40.392581],[-80.078351,40.392433],[-80.077065,40.391617],[-80.076416,40.39143],[-80.074554,40.391079],[-80.074265,40.390945],[-80.074181,40.390743],[-80.074111,40.389969],[-80.075298,40.389813],[-80.074715,40.386487],[-80.072396,40.385499],[-80.071077,40.384393],[-80.070602,40.384679],[-80.073715,40.387233],[-80.073901,40.387511],[-80.073985,40.388176],[-80.0689,40.38889],[-80.068758,40.391658],[-80.067959,40.391724],[-80.067526,40.391921],[-80.066304,40.39263],[-80.065771,40.392847],[-80.065377,40.392867],[-80.065121,40.392946],[-80.064648,40.393005],[-80.063439,40.393814],[-80.062243,40.39469],[-80.061793,40.395132],[-80.06137,40.395442],[-80.060347,40.395573],[-80.059248,40.395611],[-80.058647,40.395714],[-80.058365,40.395677],[-80.057774,40.395489],[-80.056466,40.395854],[-80.056237,40.395597],[-80.054119,40.39649],[-80.054892,40.400954],[-80.052911,40.401156],[-80.051705,40.400668],[-80.051387,40.401465],[-80.051481,40.401498],[-80.050837,40.402532],[-80.048895,40.401473],[-80.047844,40.4029],[-80.047622,40.402806],[-80.047595,40.402877],[-80.047366,40.402838],[-80.046828,40.401433],[-80.046452,40.401029],[-80.04601,40.400784],[-80.044347,40.400282],[-80.044215,40.400503],[-80.04443,40.400668],[-80.04364,40.402394],[-80.043412,40.403319],[-80.042649,40.403919],[-80.045681,40.40685],[-80.046123,40.407024],[-80.045988,40.407319],[-80.047599,40.40778],[-80.047333,40.408205],[-80.044971,40.407531],[-80.04402,40.407709],[-80.0413,40.405766],[-80.04102,40.405312],[-80.039735,40.40658],[-80.041293,40.409713],[-80.040517,40.410679],[-80.040281,40.410896],[-80.037604,40.40892],[-80.036194,40.409885],[-80.038459,40.412905],[-80.036446,40.41421],[-80.035133,40.414767],[-80.032606,40.413348],[-80.030894,40.412149],[-80.030076,40.414759],[-80.029944,40.415899],[-80.029816,40.418263],[-80.030067,40.418327],[-80.030374,40.418676],[-80.030603,40.419147],[-80.030628,40.419385],[-80.030091,40.421837],[-80.029795,40.422426],[-80.029757,40.422461],[-80.029633,40.42243],[-80.029733,40.423117],[-80.030059,40.424192],[-80.030207,40.424398],[-80.030587,40.424742],[-80.03086,40.424882],[-80.031002,40.425851],[-80.030988,40.426371],[-80.030893,40.426965],[-80.030484,40.427897],[-80.029901,40.428701],[-80.02913,40.429418],[-80.028838,40.429629],[-80.028034,40.430076],[-80.027765,40.429912],[-80.027238,40.429461],[-80.024518,40.426479],[-80.024195,40.426285],[-80.021444,40.425473],[-80.021096,40.425233],[-80.020967,40.425528],[-80.021081,40.425732],[-80.019756,40.425701],[-80.019163,40.425978],[-80.01989,40.425825],[-80.019988,40.425916],[-80.020839,40.426302],[-80.020256,40.427809],[-80.020112,40.427875],[-80.019661,40.429328],[-80.019924,40.429124],[-80.020049,40.429252],[-80.020834,40.428839],[-80.021213,40.429485],[-80.021758,40.430194],[-80.022377,40.430867],[-80.022695,40.431173],[-80.023144,40.431229],[-80.023616,40.431729],[-80.023745,40.431887],[-80.023684,40.432196],[-80.024704,40.431646],[-80.024909,40.431738],[-80.026296,40.43101],[-80.026688,40.431307],[-80.027163,40.431777],[-80.028111,40.432957],[-80.028581,40.433379],[-80.029531,40.43387],[-80.032035,40.435315],[-80.032482,40.435701],[-80.032662,40.435936],[-80.032803,40.436153],[-80.032941,40.436526],[-80.033001,40.437215],[-80.032827,40.43903],[-80.032763,40.439268],[-80.032456,40.43982],[-80.030493,40.441818],[-80.030191,40.442066],[-80.029409,40.442965],[-80.02907,40.44326],[-80.027589,40.443742],[-80.029692,40.445084],[-80.029609,40.445269],[-80.029806,40.445164],[-80.029938,40.445257],[-80.030196,40.445538],[-80.03044,40.445926],[-80.031589,40.446731],[-80.0314,40.446782],[-80.031145,40.446934],[-80.029738,40.447858],[-80.037568,40.454049],[-80.039388,40.452875],[-80.039898,40.452616],[-80.040737,40.453199],[-80.04114,40.453622],[-80.041819,40.452866],[-80.042037,40.4528],[-80.041789,40.452542],[-80.040937,40.452601],[-80.040163,40.452461],[-80.041259,40.451917],[-80.042311,40.451547],[-80.044629,40.450469],[-80.045078,40.450153],[-80.045281,40.450422],[-80.047347,40.450823],[-80.047581,40.450355],[-80.047761,40.45022],[-80.04844,40.449895],[-80.048807,40.449581],[-80.049119,40.449218],[-80.049959,40.449461],[-80.050635,40.449566],[-80.05079,40.449506],[-80.05103,40.44922],[-80.050974,40.449232],[-80.049851,40.448698],[-80.049703,40.448696],[-80.04614,40.447058],[-80.046505,40.446829],[-80.04804,40.447544],[-80.048369,40.447561],[-80.048606,40.447488],[-80.048842,40.447283],[-80.049222,40.446816],[-80.048733,40.446542],[-80.049622,40.445913],[-80.049198,40.445316],[-80.049692,40.444942],[-80.050144,40.444488],[-80.051154,40.443688],[-80.052072,40.442779],[-80.052189,40.44282],[-80.052322,40.442604],[-80.049691,40.439958],[-80.04961,40.439949],[-80.049536,40.438957],[-80.04903,40.438681],[-80.049051,40.438365],[-80.049602,40.438281],[-80.049465,40.438075],[-80.048915,40.438149],[-80.047753,40.438098],[-80.047295,40.438153]],[[-80.061005,40.410195],[-80.059738,40.409919],[-80.058554,40.409986],[-80.058231,40.410062],[-80.057044,40.410621],[-80.055508,40.411031],[-80.054078,40.411302],[-80.05267,40.412098],[-80.052326,40.41206],[-80.052668,40.41122],[-80.058637,40.408126],[-80.064571,40.409149],[-80.064529,40.409873],[-80.061979,40.410314],[-80.061519,40.410321],[-80.061005,40.410195]]],[[[-80.062072,40.39238],[-80.059243,40.390905],[-80.058064,40.391948],[-80.058175,40.392059],[-80.058274,40.392371],[-80.058196,40.392645],[-80.058674,40.392845],[-80.059953,40.393027],[-80.06055,40.393172],[-80.06097,40.393015],[-80.062072,40.39238]]]]}},{"type":"Feature","properties":{"block_count":754,"land_area_km2":15.9218,"centroid":[-79.865482,40.434608],"bbox":[-79.900286,40.408972,-79.834626,40.463628],"boundary_source":"Approximate ZIP area: 2010 Census blocks grouped by their ZIP code (Allegheny County part only)","id":"zip-15221","name":"ZIP 15221 (Pittsburgh)","zip":"15221","geography":"zip","level":"LOW","anomaly_score":0.6413780897070687,"confidence":"HIGH","case_id":"zipfile-15221","top_signal_headline":null},"geometry":{"type":"Polygon","coordinates":[[[-79.890643,40.435176],[-79.889579,40.435613],[-79.885899,40.436872],[-79.885782,40.436843],[-79.885555,40.43564],[-79.88527,40.435684],[-79.885369,40.436211],[-79.88508,40.436232],[-79.884433,40.435949],[-79.88389,40.435862],[-79.882728,40.435958],[-79.882656,40.436087],[-79.879181,40.43399],[-79.877533,40.435505],[-79.876363,40.434782],[-79.87418,40.435264],[-79.874237,40.435016],[-79.874031,40.434192],[-79.872194,40.43375],[-79.872623,40.432892],[-79.873296,40.432004],[-79.873685,40.430849],[-79.874292,40.430076],[-79.874764,40.429374],[-79.87471,40.429335],[-79.875086,40.42897],[-79.875161,40.428365],[-79.875826,40.428079],[-79.874475,40.42498],[-79.873808,40.423656],[-79.873406,40.423054],[-79.87382,40.422213],[-79.873964,40.421553],[-79.873995,40.420692],[-79.872393,40.417834],[-79.872078,40.417394],[-79.871983,40.416683],[-79.871154,40.416875],[-79.87068,40.416807],[-79.87011,40.416403],[-79.868697,40.41585],[-79.86769,40.415125],[-79.867986,40.414528],[-79.869181,40.414272],[-79.869512,40.414043],[-79.864517,40.411392],[-79.86094,40.411745],[-79.86055,40.409023],[-79.852959,40.408972],[-79.850951,40.410447],[-79.849042,40.411725],[-79.846062,40.412007],[-79.845279,40.41161],[-79.845292,40.412076],[-79.844219,40.412245],[-79.843836,40.409651],[-79.843324,40.409283],[-79.842078,40.410637],[-79.83871,40.415236],[-79.838541,40.415332],[-79.8392,40.416477],[-79.840055,40.416175],[-79.840525,40.416917],[-79.839645,40.417224],[-79.839852,40.41757],[-79.837473,40.419567],[-79.836543,40.419922],[-79.835485,40.419773],[-79.834818,40.42125],[-79.835372,40.425263],[-79.834626,40.425595],[-79.834945,40.426153],[-79.835241,40.426529],[-79.835708,40.426992],[-79.838365,40.429181],[-79.838487,40.429121],[-79.838726,40.429415],[-79.843499,40.430646],[-79.84563,40.430826],[-79.846012,40.430604],[-79.846984,40.43291],[-79.847884,40.433925],[-79.848451,40.433598],[-79.848531,40.433771],[-79.848828,40.434056],[-79.850535,40.445083],[-79.851582,40.444871],[-79.852345,40.444655],[-79.853115,40.444382],[-79.853898,40.44404],[-79.854781,40.443562],[-79.857369,40.44186],[-79.857727,40.442223],[-79.858599,40.445558],[-79.858609,40.447046],[-79.858478,40.447472],[-79.857792,40.448456],[-79.857684,40.44888],[-79.857212,40.452342],[-79.857499,40.452374],[-79.857563,40.453853],[-79.857309,40.456188],[-79.857032,40.456475],[-79.857387,40.456912],[-79.858985,40.456871],[-79.858927,40.4572],[-79.858958,40.457969],[-79.859847,40.458008],[-79.860897,40.458165],[-79.862135,40.45821],[-79.862399,40.458363],[-79.862495,40.45858],[-79.867028,40.458547],[-79.868257,40.456389],[-79.871465,40.457152],[-79.871516,40.457882],[-79.871183,40.458707],[-79.870983,40.459895],[-79.870826,40.460019],[-79.8701,40.460104],[-79.869994,40.460191],[-79.86997,40.460281],[-79.870256,40.460692],[-79.870632,40.460752],[-79.871591,40.460585],[-79.871566,40.460749],[-79.871739,40.46103],[-79.872434,40.460835],[-79.872878,40.460618],[-79.873778,40.45991],[-79.875209,40.458654],[-79.873893,40.458629],[-79.873891,40.458556],[-79.874827,40.457718],[-79.87516,40.457482],[-79.875869,40.457112],[-79.875737,40.457843],[-79.875878,40.458148],[-79.877686,40.457094],[-79.878194,40.457694],[-79.878793,40.458292],[-79.879147,40.458767],[-79.879203,40.458874],[-79.879066,40.459151],[-79.879241,40.459152],[-79.879314,40.459112],[-79.883017,40.460079],[-79.882914,40.461548],[-79.882794,40.461914],[-79.882828,40.46197],[-79.883197,40.462137],[-79.882645,40.462968],[-79.882484,40.463323],[-79.883196,40.463628],[-79.885786,40.462391],[-79.884142,40.461882],[-79.883921,40.461743],[-79.883415,40.461635],[-79.883538,40.460889],[-79.883867,40.460882],[-79.884061,40.460775],[-79.884233,40.459571],[-79.884244,40.459106],[-79.883725,40.457121],[-79.883907,40.456111],[-79.88385,40.45606],[-79.883239,40.456055],[-79.883364,40.455451],[-79.884086,40.455485],[-79.885944,40.455074],[-79.885468,40.453436],[-79.884566,40.453949],[-79.884112,40.451405],[-79.883392,40.449038],[-79.884029,40.448918],[-79.884087,40.449144],[-79.886832,40.450037],[-79.887727,40.448455],[-79.888336,40.448653],[-79.888616,40.448096],[-79.888548,40.447921],[-79.888406,40.447773],[-79.888547,40.447844],[-79.889005,40.44833],[-79.889816,40.449051],[-79.890444,40.449459],[-79.891768,40.450098],[-79.892423,40.450266],[-79.892431,40.44994],[-79.893015,40.447504],[-79.894536,40.448012],[-79.895162,40.447133],[-79.895545,40.446194],[-79.897119,40.446714],[-79.897932,40.445402],[-79.898311,40.444629],[-79.89855,40.444275],[-79.899877,40.444715],[-79.900134,40.444315],[-79.898771,40.443838],[-79.898743,40.443746],[-79.899329,40.442368],[-79.89938,40.441836],[-79.899505,40.441459],[-79.899735,40.441256],[-79.899777,40.441129],[-79.900036,40.441164],[-79.900286,40.440979],[-79.900251,40.440865],[-79.899879,40.440795],[-79.899924,40.44064],[-79.899879,40.440396],[-79.899681,40.440056],[-79.89958,40.43975],[-79.899485,40.43969],[-79.899485,40.439557],[-79.900267,40.439516],[-79.899769,40.438712],[-79.89934,40.438212],[-79.899042,40.437734],[-79.89899,40.436443],[-79.897404,40.436704],[-79.897237,40.436069],[-79.896808,40.434994],[-79.896308,40.435102],[-79.896248,40.435056],[-79.896156,40.434817],[-79.895731,40.434225],[-79.895808,40.433858],[-79.894521,40.434389],[-79.893562,40.433057],[-79.893075,40.433264],[-79.893337,40.433623],[-79.892844,40.433834],[-79.890902,40.434653],[-79.890644,40.434299],[-79.890155,40.434503],[-79.890643,40.435176]]]}},{"type":"Feature","properties":{"block_count":232,"land_area_km2":2.1051,"centroid":[-79.993276,40.447654],"bbox":[-80.01629,40.434566,-79.97294,40.463091],"boundary_source":"Approximate ZIP area: 2010 Census blocks grouped by their ZIP code (Allegheny County part only)","id":"zip-15222","name":"ZIP 15222 (Pittsburgh)","zip":"15222","geography":"zip","level":"HIGH","anomaly_score":2.6860538340855795,"confidence":"HIGH","case_id":"zcase-005","top_signal_headline":"Home values -2% vs. county +14%"},"geometry":{"type":"Polygon","coordinates":[[[-80.000949,40.436645],[-80.000892,40.43672],[-79.999995,40.436386],[-79.999309,40.437445],[-80.00018,40.437778],[-79.999888,40.438212],[-79.999026,40.437891],[-79.998663,40.438396],[-79.999544,40.438725],[-79.99816,40.440801],[-79.997223,40.440448],[-79.996766,40.441105],[-79.997235,40.441276],[-79.996327,40.442649],[-79.996841,40.44283],[-79.99653,40.44331],[-79.996121,40.443417],[-79.995139,40.443448],[-79.994998,40.443716],[-79.994204,40.443928],[-79.993774,40.443825],[-79.99347,40.443646],[-79.993236,40.443571],[-79.993036,40.44355],[-79.992597,40.44364],[-79.991417,40.444357],[-79.99114,40.444563],[-79.990923,40.444918],[-79.990514,40.445185],[-79.990709,40.444581],[-79.990894,40.444254],[-79.990681,40.444387],[-79.990603,40.444511],[-79.990368,40.444626],[-79.990118,40.445397],[-79.986381,40.4478],[-79.984741,40.448913],[-79.983108,40.449832],[-79.980036,40.45129],[-79.978886,40.45191],[-79.97805,40.452442],[-79.975283,40.454392],[-79.975124,40.454263],[-79.973025,40.455714],[-79.973781,40.45635],[-79.973971,40.456449],[-79.974322,40.456455],[-79.974762,40.456208],[-79.974839,40.4562],[-79.974947,40.456294],[-79.973532,40.457274],[-79.975388,40.458841],[-79.974354,40.45961],[-79.974177,40.459663],[-79.973956,40.459809],[-79.974357,40.460147],[-79.97294,40.461118],[-79.974456,40.462399],[-79.976016,40.463091],[-79.979634,40.460081],[-79.980621,40.45904],[-79.992395,40.450413],[-79.995621,40.448442],[-79.997924,40.447273],[-80.0,40.446601],[-80.00808,40.444297],[-80.014573,40.442975],[-80.01629,40.443207],[-80.014217,40.4407],[-80.002322,40.434566],[-80.000949,40.436645]]]}},{"type":"Feature","properties":{"block_count":243,"land_area_km2":4.9657,"centroid":[-79.952835,40.505071],"bbox":[-79.970266,40.487655,-79.938219,40.52204],"boundary_source":"Approximate ZIP area: 2010 Census blocks grouped by their ZIP code (Allegheny County part only)","id":"zip-15223","name":"ZIP 15223 (Etna)","zip":"15223","geography":"zip","level":"LOW","anomaly_score":0.5441391343851055,"confidence":"HIGH","case_id":"zipfile-15223","top_signal_headline":null},"geometry":{"type":"MultiPolygon","coordinates":[[[[-79.944596,40.504142],[-79.944788,40.504172],[-79.944575,40.504999],[-79.944634,40.50562],[-79.944557,40.505958],[-79.94434,40.506269],[-79.943228,40.507316],[-79.945079,40.507506],[-79.945081,40.507853],[-79.945251,40.50785],[-79.945252,40.508882],[-79.945054,40.50889],[-79.945068,40.509141],[-79.945557,40.509141],[-79.945599,40.510061],[-79.945136,40.510417],[-79.944234,40.510996],[-79.943251,40.511538],[-79.94107,40.511555],[-79.941081,40.511891],[-79.94078,40.511897],[-79.940854,40.513485],[-79.940253,40.513496],[-79.940442,40.51819],[-79.939882,40.518422],[-79.93925,40.518926],[-79.938219,40.519269],[-79.93917,40.519246],[-79.939559,40.519158],[-79.940753,40.51846],[-79.941789,40.517774],[-79.941977,40.517604],[-79.943171,40.515934],[-79.9433,40.515599],[-79.943403,40.515022],[-79.943884,40.515516],[-79.944954,40.514386],[-79.946292,40.512732],[-79.946507,40.512867],[-79.94661,40.512758],[-79.946608,40.512632],[-79.9468,40.512463],[-79.947224,40.512473],[-79.947179,40.512854],[-79.947011,40.513375],[-79.947253,40.513295],[-79.948321,40.512553],[-79.948824,40.51199],[-79.949359,40.51218],[-79.949775,40.512392],[-79.951531,40.513871],[-79.952726,40.513118],[-79.954501,40.515234],[-79.954757,40.515563],[-79.954928,40.515915],[-79.955072,40.516509],[-79.95502,40.516889],[-79.954907,40.517244],[-79.953834,40.519394],[-79.956386,40.52087],[-79.956387,40.521396],[-79.958098,40.52204],[-79.958581,40.521568],[-79.958826,40.52148],[-79.961614,40.521319],[-79.96159,40.521444],[-79.961702,40.521574],[-79.963147,40.520726],[-79.963097,40.521066],[-79.96314,40.521192],[-79.963485,40.521423],[-79.964061,40.521566],[-79.964543,40.521598],[-79.964831,40.521571],[-79.96527,40.521329],[-79.965694,40.521164],[-79.96591,40.520769],[-79.966212,40.520373],[-79.966464,40.520181],[-79.9668,40.520052],[-79.966702,40.517571],[-79.968317,40.516796],[-79.968007,40.515],[-79.966547,40.515013],[-79.966494,40.515688],[-79.965779,40.515842],[-79.965586,40.515852],[-79.96534,40.515796],[-79.965209,40.515719],[-79.965121,40.515585],[-79.965023,40.514958],[-79.96469,40.514209],[-79.964634,40.513924],[-79.964689,40.513849],[-79.964835,40.513801],[-79.968032,40.513739],[-79.967991,40.513185],[-79.96791,40.513043],[-79.96737,40.5126],[-79.967182,40.512023],[-79.967194,40.511729],[-79.967401,40.510936],[-79.967901,40.510054],[-79.969343,40.509282],[-79.970266,40.509134],[-79.970096,40.508693],[-79.969701,40.507971],[-79.969599,40.50716],[-79.969638,40.506452],[-79.969479,40.506966],[-79.969356,40.508416],[-79.969233,40.508543],[-79.968479,40.508937],[-79.968364,40.508897],[-79.968143,40.50843],[-79.968398,40.507118],[-79.965174,40.507196],[-79.96475,40.507684],[-79.964302,40.507961],[-79.964086,40.508012],[-79.963722,40.507932],[-79.963426,40.507552],[-79.957573,40.507646],[-79.956926,40.506554],[-79.956681,40.506246],[-79.956335,40.505961],[-79.95617,40.505274],[-79.955961,40.504791],[-79.955483,40.50424],[-79.960857,40.503852],[-79.961349,40.502951],[-79.958269,40.503165],[-79.958266,40.501406],[-79.955881,40.501471],[-79.95589,40.501759],[-79.955739,40.499466],[-79.956463,40.499004],[-79.958187,40.498387],[-79.958487,40.498171],[-79.959094,40.49749],[-79.959631,40.497025],[-79.956478,40.496408],[-79.956131,40.49538],[-79.958154,40.495559],[-79.958141,40.495265],[-79.959865,40.495196],[-79.959257,40.494827],[-79.958744,40.494842],[-79.958705,40.493747],[-79.958337,40.493755],[-79.958269,40.493178],[-79.957187,40.491035],[-79.955327,40.491936],[-79.954449,40.490819],[-79.954255,40.490919],[-79.951054,40.487655],[-79.94933,40.488254],[-79.947837,40.488706],[-79.944669,40.48942],[-79.940911,40.490486],[-79.938355,40.490983],[-79.938982,40.492956],[-79.939338,40.494345],[-79.939833,40.495157],[-79.940458,40.496389],[-79.940547,40.501483],[-79.941886,40.501516],[-79.942488,40.501479],[-79.944151,40.503333],[-79.943674,40.503246],[-79.943532,40.503951],[-79.944596,40.504142]]],[[[-79.959879,40.495622],[-79.960839,40.495612],[-79.961028,40.495188],[-79.959865,40.495196],[-79.959879,40.495622]]]]}},{"type":"Feature","properties":{"block_count":264,"land_area_km2":2.607,"centroid":[-79.944801,40.464234],"bbox":[-79.96054,40.454566,-79.931194,40.475226],"boundary_source":"Approximate ZIP area: 2010 Census blocks grouped by their ZIP code (Allegheny County part only)","id":"zip-15224","name":"ZIP 15224 (Pittsburgh)","zip":"15224","geography":"zip","level":"HIGH","anomaly_score":1.524886714614639,"confidence":"HIGH","case_id":"zcase-018","top_signal_headline":"Sale prices +4% vs. county +19%"},"geometry":{"type":"Polygon","coordinates":[[[-79.934526,40.468728],[-79.933465,40.470446],[-79.933359,40.470468],[-79.932991,40.470336],[-79.931716,40.472041],[-79.931534,40.472382],[-79.931194,40.473437],[-79.931309,40.473509],[-79.931414,40.473757],[-79.931916,40.475217],[-79.934854,40.475226],[-79.93498,40.47517],[-79.934685,40.474222],[-79.934693,40.473976],[-79.934896,40.473598],[-79.935114,40.47344],[-79.934288,40.472718],[-79.934571,40.472166],[-79.93484,40.472336],[-79.935299,40.472514],[-79.93665,40.472855],[-79.937816,40.473056],[-79.939082,40.473081],[-79.94015,40.472897],[-79.942058,40.472258],[-79.943705,40.471945],[-79.944153,40.471799],[-79.944792,40.471445],[-79.945905,40.470546],[-79.94667,40.469773],[-79.946955,40.469387],[-79.947333,40.468679],[-79.947382,40.468447],[-79.947357,40.468214],[-79.947243,40.467973],[-79.946746,40.467453],[-79.946116,40.466964],[-79.946446,40.465466],[-79.951377,40.466148],[-79.95193,40.46617],[-79.951905,40.466429],[-79.95165,40.466731],[-79.951774,40.466968],[-79.952441,40.466876],[-79.952248,40.466214],[-79.952307,40.466142],[-79.95356,40.465931],[-79.953667,40.466273],[-79.957058,40.46571],[-79.958437,40.466811],[-79.95926,40.466376],[-79.95922,40.466235],[-79.957961,40.465182],[-79.960029,40.464838],[-79.959206,40.462012],[-79.959097,40.461232],[-79.96054,40.46109],[-79.960407,40.460971],[-79.960493,40.460969],[-79.960349,40.460466],[-79.958739,40.460744],[-79.957695,40.460843],[-79.9571,40.460767],[-79.956595,40.460646],[-79.956133,40.460446],[-79.955725,40.46015],[-79.955264,40.459687],[-79.954046,40.458268],[-79.953749,40.458025],[-79.9533,40.457766],[-79.952991,40.457629],[-79.952216,40.457443],[-79.947888,40.456924],[-79.947182,40.456819],[-79.946685,40.456693],[-79.946053,40.456432],[-79.945651,40.456207],[-79.943996,40.455063],[-79.943082,40.454566],[-79.938591,40.45591],[-79.938717,40.456099],[-79.938536,40.456933],[-79.938967,40.456814],[-79.938517,40.460644],[-79.938027,40.463544],[-79.937224,40.463373],[-79.935482,40.466261],[-79.935963,40.466315],[-79.935096,40.467756],[-79.934617,40.467687],[-79.934021,40.468666],[-79.934526,40.468728]]]}},{"type":"Feature","properties":{"block_count":89,"land_area_km2":3.9654,"centroid":[-80.111499,40.506344],"bbox":[-80.16148,40.4911,-80.067526,40.523803],"boundary_source":"Approximate ZIP area: 2010 Census blocks grouped by their ZIP code (Allegheny County part only)","id":"zip-15225","name":"ZIP 15225 (Pittsburgh)","zip":"15225","geography":"zip","level":"MEDIUM","anomaly_score":1.4383109311602016,"confidence":"LOW","case_id":"zcase-021","top_signal_headline":"Home values +9% vs. county +14%"},"geometry":{"type":"Polygon","coordinates":[[[-80.081954,40.491936],[-80.081037,40.491511],[-80.079904,40.491319],[-80.07818,40.4911],[-80.075777,40.491226],[-80.073814,40.491522],[-80.0719,40.491736],[-80.069883,40.491894],[-80.067526,40.492271],[-80.068862,40.493697],[-80.07026,40.494822],[-80.076255,40.499335],[-80.077795,40.500184],[-80.079559,40.500832],[-80.081451,40.501439],[-80.083905,40.50196],[-80.087668,40.502611],[-80.09163,40.503846],[-80.092901,40.50432],[-80.095736,40.505759],[-80.098576,40.506969],[-80.107474,40.51022],[-80.110044,40.511091],[-80.112504,40.511842],[-80.117792,40.512829],[-80.120055,40.5131],[-80.122093,40.513443],[-80.125189,40.514194],[-80.128859,40.514808],[-80.132316,40.515041],[-80.13418,40.515342],[-80.137723,40.516329],[-80.139761,40.517391],[-80.143468,40.519068],[-80.147264,40.520404],[-80.149283,40.52093],[-80.154083,40.522052],[-80.157037,40.522563],[-80.159765,40.523231],[-80.16148,40.523803],[-80.160422,40.522467],[-80.159474,40.521037],[-80.158449,40.520258],[-80.156194,40.518703],[-80.154841,40.517647],[-80.154153,40.517174],[-80.153246,40.516702],[-80.152402,40.516161],[-80.149637,40.514918],[-80.149008,40.514706],[-80.147897,40.514501],[-80.143707,40.513462],[-80.141232,40.512623],[-80.138102,40.511297],[-80.13582,40.509899],[-80.134976,40.509309],[-80.134164,40.508905],[-80.133207,40.508509],[-80.126923,40.506281],[-80.124889,40.505694],[-80.120993,40.504825],[-80.119009,40.504534],[-80.114378,40.503679],[-80.112275,40.503186],[-80.110178,40.502565],[-80.103434,40.500883],[-80.101651,40.500203],[-80.099135,40.49943],[-80.097502,40.498742],[-80.096025,40.498257],[-80.093318,40.497151],[-80.091615,40.496614],[-80.086954,40.494499],[-80.083251,40.492561],[-80.081954,40.491936]]]}},{"type":"Feature","properties":{"block_count":302,"land_area_km2":6.5624,"centroid":[-80.01396,40.395061],"bbox":[-80.032254,40.374861,-79.998568,40.421966],"boundary_source":"Approximate ZIP area: 2010 Census blocks grouped by their ZIP code (Allegheny County part only)","id":"zip-15226","name":"ZIP 15226 (Pittsburgh)","zip":"15226","geography":"zip","level":"LOW","anomaly_score":0.5961436256772119,"confidence":"HIGH","case_id":"zipfile-15226","top_signal_headline":null},"geometry":{"type":"Polygon","coordinates":[[[-80.007899,40.378237],[-80.007871,40.376707],[-80.007921,40.376657],[-80.00786,40.374996],[-80.007467,40.37498],[-80.006708,40.374861],[-80.00625,40.375306],[-80.006136,40.37549],[-80.005875,40.375989],[-80.005689,40.376613],[-80.005361,40.377133],[-80.004865,40.377632],[-80.004181,40.37817],[-80.003176,40.37884],[-80.00222,40.379287],[-80.001728,40.379699],[-80.003335,40.38117],[-80.003653,40.382041],[-80.005121,40.383883],[-80.005244,40.38384],[-80.004997,40.385255],[-80.004556,40.385519],[-80.005628,40.386578],[-80.005594,40.386648],[-80.004909,40.387119],[-80.005891,40.388038],[-80.00588,40.388374],[-80.004648,40.388365],[-80.002905,40.388723],[-80.002768,40.38871],[-80.002632,40.388619],[-80.002164,40.388193],[-79.999267,40.388943],[-79.999192,40.388925],[-79.999398,40.389887],[-79.998568,40.389791],[-79.998729,40.392069],[-79.998911,40.393585],[-79.999167,40.394926],[-79.999503,40.395871],[-79.999906,40.395806],[-80.000322,40.395817],[-80.002829,40.396046],[-80.005549,40.396559],[-80.006308,40.396811],[-80.005397,40.397055],[-80.005543,40.397651],[-80.005828,40.397608],[-80.006609,40.397602],[-80.006642,40.397917],[-80.006808,40.398313],[-80.007113,40.39831],[-80.007342,40.399765],[-80.005075,40.399738],[-80.005073,40.40075],[-80.004272,40.400978],[-80.001918,40.401859],[-80.000665,40.402068],[-80.000516,40.401558],[-79.999744,40.401606],[-79.999675,40.401469],[-79.999419,40.401654],[-79.999526,40.402181],[-80.000665,40.402068],[-80.001302,40.403536],[-80.001926,40.404582],[-80.002457,40.405222],[-80.003656,40.406297],[-80.004177,40.406921],[-80.004507,40.407591],[-80.004659,40.408109],[-80.004845,40.409166],[-80.005204,40.41002],[-80.005649,40.410621],[-80.007309,40.412368],[-80.007555,40.412684],[-80.007995,40.413001],[-80.007886,40.412709],[-80.009046,40.413797],[-80.008921,40.413921],[-80.009421,40.414352],[-80.010056,40.413066],[-80.009676,40.413965],[-80.009788,40.414155],[-80.010429,40.414729],[-80.011385,40.415081],[-80.012576,40.415401],[-80.01258,40.415279],[-80.013273,40.415443],[-80.013798,40.415735],[-80.014009,40.41591],[-80.014254,40.416272],[-80.015055,40.418609],[-80.015152,40.419093],[-80.015228,40.420172],[-80.016097,40.420308],[-80.016222,40.420663],[-80.016451,40.421014],[-80.017191,40.421838],[-80.017414,40.421966],[-80.016635,40.421156],[-80.016259,40.420586],[-80.016114,40.419916],[-80.016238,40.418815],[-80.016142,40.418053],[-80.015679,40.416963],[-80.017544,40.416805],[-80.016154,40.41451],[-80.014786,40.413566],[-80.014586,40.413992],[-80.013611,40.413634],[-80.013407,40.413601],[-80.013273,40.413634],[-80.013024,40.413968],[-80.012923,40.413952],[-80.01284,40.414077],[-80.011045,40.413569],[-80.010056,40.413066],[-80.010078,40.413013],[-80.009789,40.412868],[-80.010145,40.412855],[-80.010261,40.412632],[-80.010481,40.412384],[-80.011053,40.41197],[-80.010881,40.412327],[-80.011006,40.412445],[-80.011185,40.412128],[-80.011884,40.41203],[-80.011439,40.411926],[-80.011894,40.411732],[-80.012322,40.411643],[-80.01493,40.41141],[-80.015387,40.411322],[-80.015744,40.411192],[-80.016052,40.411008],[-80.015537,40.41043],[-80.015815,40.410228],[-80.01778,40.408449],[-80.018046,40.407993],[-80.018214,40.407553],[-80.018527,40.406254],[-80.019034,40.404658],[-80.019178,40.404308],[-80.019353,40.404048],[-80.019685,40.403707],[-80.022092,40.401787],[-80.022171,40.40174],[-80.022386,40.401885],[-80.023722,40.400816],[-80.023956,40.400755],[-80.024169,40.400775],[-80.02427,40.400917],[-80.02423,40.401374],[-80.024108,40.40172],[-80.024128,40.401852],[-80.024209,40.401933],[-80.024555,40.401974],[-80.024636,40.401913],[-80.024849,40.401374],[-80.025327,40.400887],[-80.02551,40.400765],[-80.025723,40.400723],[-80.025865,40.400611],[-80.026055,40.400549],[-80.026024,40.399524],[-80.025044,40.399175],[-80.02626,40.398282],[-80.026731,40.398158],[-80.03034,40.396862],[-80.031144,40.396613],[-80.030944,40.396021],[-80.032142,40.395944],[-80.032254,40.395625],[-80.030698,40.395351],[-80.030767,40.395007],[-80.030431,40.3944],[-80.029726,40.394107],[-80.028291,40.391415],[-80.028678,40.391263],[-80.02858,40.390983],[-80.028551,40.389551],[-80.028435,40.388923],[-80.027391,40.386672],[-80.026913,40.385736],[-80.026683,40.385403],[-80.026806,40.385395],[-80.02721,40.385489],[-80.027659,40.385419],[-80.027844,40.384946],[-80.027945,40.384861],[-80.028206,40.384817],[-80.028853,40.384911],[-80.029317,40.385045],[-80.029035,40.384196],[-80.02893,40.384063],[-80.025968,40.381738],[-80.026076,40.381683],[-80.026399,40.381243],[-80.0255,40.380881],[-80.024177,40.380633],[-80.022866,40.380243],[-80.022757,40.380759],[-80.020529,40.383319],[-80.015756,40.383295],[-80.013325,40.383484],[-80.012504,40.383401],[-80.012577,40.383067],[-80.012316,40.383029],[-80.01233,40.382974],[-80.013174,40.382835],[-80.012579,40.380889],[-80.010382,40.380442],[-80.010028,40.380921],[-80.009027,40.381016],[-80.008421,40.380279],[-80.007984,40.379324],[-80.007933,40.379173],[-80.007899,40.378237]]]}},{"type":"Feature","properties":{"block_count":499,"land_area_km2":16.0066,"centroid":[-79.97055,40.375673],"bbox":[-80.000782,40.351578,-79.942391,40.409915],"boundary_source":"Approximate ZIP area: 2010 Census blocks grouped by their ZIP code (Allegheny County part only)","id":"zip-15227","name":"ZIP 15227 (Brentwood)","zip":"15227","geography":"zip","level":"LOW","anomaly_score":0.4502238780785335,"confidence":"HIGH","case_id":"zipfile-15227","top_signal_headline":null},"geometry":{"type":"Polygon","coordinates":[[[-79.965377,40.357742],[-79.965268,40.35778],[-79.963229,40.355625],[-79.962149,40.354712],[-79.960591,40.352297],[-79.959889,40.352313],[-79.959401,40.352441],[-79.959128,40.352596],[-79.958748,40.352927],[-79.956665,40.355548],[-79.956901,40.356221],[-79.956262,40.356618],[-79.955748,40.357107],[-79.955263,40.357637],[-79.954827,40.358308],[-79.954682,40.358448],[-79.954472,40.358558],[-79.95368,40.358719],[-79.952447,40.359262],[-79.952029,40.359511],[-79.95154,40.359673],[-79.950259,40.3607],[-79.948852,40.364623],[-79.948771,40.366818],[-79.947868,40.368861],[-79.945768,40.369527],[-79.94324,40.37188],[-79.942391,40.372784],[-79.942522,40.37269],[-79.94301,40.372771],[-79.944321,40.373315],[-79.944631,40.373556],[-79.944891,40.373887],[-79.945229,40.374751],[-79.945488,40.374906],[-79.946101,40.375038],[-79.949882,40.384516],[-79.949662,40.384586],[-79.949666,40.385214],[-79.950085,40.385971],[-79.95011,40.386101],[-79.950048,40.386296],[-79.949885,40.386419],[-79.949018,40.38676],[-79.947971,40.386991],[-79.948374,40.387575],[-79.945645,40.388401],[-79.945474,40.38815],[-79.945365,40.3882],[-79.946103,40.389258],[-79.946362,40.389296],[-79.947011,40.389275],[-79.947598,40.38873],[-79.952237,40.389526],[-79.959956,40.385963],[-79.959756,40.38609],[-79.959693,40.386198],[-79.959649,40.386677],[-79.959772,40.387029],[-79.960194,40.387379],[-79.961141,40.387931],[-79.961691,40.388612],[-79.96209,40.388936],[-79.962314,40.389023],[-79.96266,40.389029],[-79.963694,40.38888],[-79.963553,40.389274],[-79.96246,40.390313],[-79.961783,40.39068],[-79.961157,40.390846],[-79.960679,40.390867],[-79.960416,40.390801],[-79.959338,40.390364],[-79.957543,40.389773],[-79.957159,40.389701],[-79.957187,40.389848],[-79.957731,40.389844],[-79.958161,40.397112],[-79.958451,40.397313],[-79.958798,40.397443],[-79.961057,40.397828],[-79.962565,40.397946],[-79.962989,40.398068],[-79.963476,40.398325],[-79.963904,40.399715],[-79.964795,40.399687],[-79.969054,40.400468],[-79.970865,40.402811],[-79.970871,40.403254],[-79.970961,40.403423],[-79.970736,40.403465],[-79.970106,40.404756],[-79.969503,40.405062],[-79.969061,40.40537],[-79.965887,40.40723],[-79.963884,40.408737],[-79.963563,40.408795],[-79.96303,40.407881],[-79.962227,40.408155],[-79.961354,40.408079],[-79.960909,40.407561],[-79.960489,40.407771],[-79.960393,40.407761],[-79.960098,40.408755],[-79.959311,40.408727],[-79.959292,40.409057],[-79.95907,40.409061],[-79.959048,40.40974],[-79.95872,40.409824],[-79.958773,40.409848],[-79.959055,40.409778],[-79.95949,40.409751],[-79.959693,40.409906],[-79.960142,40.409915],[-79.960549,40.409822],[-79.96244,40.409638],[-79.963084,40.409458],[-79.963735,40.409146],[-79.965214,40.408093],[-79.965212,40.407973],[-79.966455,40.407015],[-79.96889,40.405645],[-79.969312,40.405479],[-79.972225,40.405017],[-79.972606,40.404811],[-79.973135,40.404869],[-79.974847,40.404633],[-79.975308,40.404496],[-79.975872,40.404196],[-79.975946,40.404034],[-79.976555,40.40392],[-79.979076,40.402124],[-79.979577,40.401637],[-79.97981,40.401294],[-79.979963,40.400849],[-79.980006,40.400437],[-79.979936,40.399943],[-79.979739,40.399462],[-79.979395,40.399044],[-79.978109,40.39697],[-79.978684,40.396966],[-79.978648,40.39663],[-79.978865,40.395624],[-79.978749,40.395596],[-79.978311,40.394236],[-79.977971,40.394132],[-79.978295,40.393525],[-79.978311,40.391626],[-79.978862,40.391585],[-79.978587,40.391272],[-79.979143,40.390461],[-79.979724,40.389474],[-79.979587,40.38933],[-79.979647,40.389246],[-79.979642,40.389112],[-79.979228,40.388558],[-79.979099,40.387581],[-79.978951,40.387401],[-79.978747,40.387282],[-79.978328,40.387284],[-79.978293,40.387449],[-79.978447,40.386163],[-79.978643,40.385873],[-79.978775,40.385918],[-79.97904,40.385918],[-79.978804,40.38577],[-79.978703,40.385639],[-79.979186,40.385387],[-79.979351,40.385538],[-79.98,40.385907],[-79.980544,40.386116],[-79.98144,40.386091],[-79.981697,40.385956],[-79.981006,40.385731],[-79.980506,40.3854],[-79.980463,40.385328],[-79.982128,40.385286],[-79.98228,40.384716],[-79.982904,40.384891],[-79.988602,40.384798],[-79.988616,40.384847],[-79.990472,40.38443],[-79.990519,40.384513],[-79.993102,40.384128],[-79.99347,40.383999],[-79.993549,40.383909],[-79.993834,40.384033],[-79.994343,40.384381],[-79.995076,40.384696],[-79.995751,40.383589],[-79.995946,40.383067],[-79.995997,40.382558],[-79.995107,40.381211],[-79.994612,40.381198],[-79.99436,40.381011],[-79.994223,40.380726],[-79.99354,40.379815],[-79.993446,40.379449],[-79.993562,40.379127],[-79.994033,40.379773],[-79.993913,40.379296],[-79.993741,40.378896],[-79.994056,40.378599],[-79.994106,40.378203],[-79.994607,40.377013],[-79.994559,40.376763],[-79.994132,40.376728],[-79.993949,40.375531],[-79.99395,40.375288],[-79.994048,40.375],[-79.994499,40.37456],[-79.994594,40.374334],[-79.994733,40.372288],[-79.994528,40.371639],[-79.994555,40.370634],[-79.994437,40.370046],[-79.997506,40.368457],[-79.997523,40.368099],[-79.99761,40.367757],[-79.998415,40.366692],[-79.998662,40.366027],[-79.998558,40.366023],[-79.998533,40.366082],[-79.996049,40.365684],[-79.995438,40.363929],[-79.997592,40.363725],[-79.998261,40.363513],[-79.998779,40.363174],[-80.000013,40.363926],[-80.00025,40.3634],[-80.000782,40.360267],[-80.00077,40.359692],[-80.000615,40.359273],[-79.999663,40.357748],[-79.999786,40.357711],[-79.999603,40.357492],[-79.999161,40.356735],[-79.998841,40.356463],[-79.997868,40.35678],[-79.993962,40.359258],[-79.992337,40.361075],[-79.99168,40.360972],[-79.990987,40.361076],[-79.991056,40.361224],[-79.991492,40.36174],[-79.990897,40.36202],[-79.988205,40.36286],[-79.985459,40.363499],[-79.985009,40.363431],[-79.984882,40.363029],[-79.984579,40.363247],[-79.983866,40.364097],[-79.982869,40.363097],[-79.982459,40.362006],[-79.982417,40.361503],[-79.982691,40.361524],[-79.982229,40.360441],[-79.981454,40.360803],[-79.981387,40.360712],[-79.98115,40.360089],[-79.981354,40.359622],[-79.979862,40.35627],[-79.979108,40.356582],[-79.978976,40.355725],[-79.978828,40.35568],[-79.978676,40.355556],[-79.978217,40.354975],[-79.97472,40.355948],[-79.972836,40.353786],[-79.972058,40.354633],[-79.971101,40.353489],[-79.970541,40.353762],[-79.968904,40.351578],[-79.967174,40.352244],[-79.966927,40.352448],[-79.966755,40.352831],[-79.967975,40.354744],[-79.967996,40.355018],[-79.967758,40.355366],[-79.96691,40.354307],[-79.965263,40.352458],[-79.964618,40.352038],[-79.964155,40.352112],[-79.964721,40.352233],[-79.965148,40.352552],[-79.96549,40.353042],[-79.965674,40.353435],[-79.966389,40.354068],[-79.966702,40.354476],[-79.967001,40.355037],[-79.967586,40.355629],[-79.966923,40.356219],[-79.965377,40.357742]],[[-79.9613,40.360658],[-79.960478,40.360163],[-79.959009,40.359075],[-79.958198,40.358241],[-79.959406,40.35804],[-79.961776,40.35999],[-79.9613,40.360658]]]}},{"type":"Feature","properties":{"block_count":253,"land_area_km2":8.1337,"centroid":[-80.044133,40.370669],"bbox":[-80.069764,40.350678,-80.018433,40.386929],"boundary_source":"Approximate ZIP area: 2010 Census blocks grouped by their ZIP code (Allegheny County part only)","id":"zip-15228","name":"ZIP 15228 (Pittsburgh)","zip":"15228","geography":"zip","level":"LOW","anomaly_score":0.526419208300009,"confidence":"HIGH","case_id":"zipfile-15228","top_signal_headline":null},"geometry":{"type":"Polygon","coordinates":[[[-80.02205,40.378465],[-80.022249,40.380179],[-80.022826,40.380231],[-80.024177,40.380633],[-80.0255,40.380881],[-80.026399,40.381243],[-80.026076,40.381683],[-80.025968,40.381738],[-80.02893,40.384063],[-80.029121,40.384258],[-80.029218,40.384245],[-80.02936,40.384144],[-80.03049,40.384286],[-80.030735,40.384274],[-80.032028,40.384138],[-80.032172,40.384083],[-80.032232,40.383621],[-80.0325,40.382567],[-80.03248,40.382156],[-80.032181,40.381547],[-80.031677,40.381085],[-80.032094,40.380798],[-80.032344,40.381007],[-80.032754,40.381243],[-80.032961,40.381438],[-80.033041,40.381867],[-80.033345,40.382454],[-80.035987,40.383032],[-80.036743,40.383629],[-80.038864,40.383017],[-80.039079,40.384108],[-80.039309,40.384493],[-80.040621,40.385641],[-80.041307,40.386379],[-80.043992,40.385443],[-80.043933,40.385994],[-80.043713,40.386908],[-80.04387,40.386929],[-80.046911,40.386543],[-80.048214,40.386256],[-80.050132,40.385748],[-80.050284,40.386134],[-80.053642,40.385248],[-80.053438,40.384934],[-80.054548,40.384673],[-80.053784,40.383549],[-80.053501,40.382743],[-80.053231,40.382813],[-80.052447,40.382875],[-80.052343,40.382509],[-80.052332,40.382247],[-80.052582,40.381248],[-80.052558,40.380269],[-80.055126,40.377972],[-80.055384,40.37768],[-80.055535,40.377436],[-80.055984,40.376367],[-80.056686,40.375121],[-80.057222,40.375043],[-80.059765,40.372036],[-80.061471,40.371272],[-80.061314,40.370813],[-80.061235,40.370159],[-80.061328,40.369313],[-80.06158,40.368887],[-80.061652,40.367635],[-80.06176,40.367024],[-80.062004,40.366737],[-80.062212,40.366383],[-80.062399,40.365758],[-80.062671,40.365378],[-80.062671,40.364878],[-80.062865,40.364397],[-80.063497,40.363749],[-80.063827,40.362923],[-80.063957,40.362749],[-80.064229,40.362566],[-80.064782,40.362348],[-80.064799,40.361877],[-80.065693,40.362129],[-80.065455,40.36234],[-80.06567,40.362432],[-80.066085,40.362546],[-80.066644,40.362582],[-80.067422,40.36245],[-80.068558,40.362159],[-80.068474,40.361996],[-80.069764,40.361584],[-80.069033,40.359694],[-80.065008,40.360345],[-80.063538,40.359743],[-80.060992,40.35777],[-80.060673,40.357879],[-80.060701,40.359305],[-80.058476,40.357817],[-80.050922,40.353006],[-80.05117,40.351043],[-80.049075,40.351448],[-80.048357,40.350769],[-80.048194,40.350702],[-80.047918,40.350678],[-80.046308,40.351044],[-80.046103,40.351176],[-80.045946,40.351733],[-80.046257,40.352004],[-80.048696,40.351522],[-80.050392,40.352786],[-80.050227,40.353579],[-80.050196,40.354552],[-80.050023,40.354844],[-80.049776,40.355049],[-80.049257,40.355087],[-80.049205,40.355791],[-80.047755,40.355841],[-80.047037,40.355989],[-80.046313,40.356216],[-80.045391,40.356707],[-80.045194,40.356088],[-80.04366,40.356468],[-80.043184,40.356522],[-80.042621,40.356508],[-80.042002,40.356381],[-80.039287,40.355276],[-80.038543,40.355057],[-80.037451,40.354892],[-80.036687,40.354879],[-80.036259,40.35621],[-80.036952,40.356341],[-80.036765,40.35734],[-80.035627,40.360694],[-80.038978,40.363993],[-80.041399,40.365917],[-80.038871,40.367597],[-80.039161,40.3679],[-80.03787,40.368292],[-80.038411,40.368771],[-80.037904,40.369038],[-80.034238,40.369823],[-80.033793,40.370099],[-80.034277,40.373077],[-80.035271,40.373972],[-80.036348,40.37507],[-80.036409,40.375171],[-80.036466,40.375582],[-80.036637,40.375591],[-80.038068,40.375997],[-80.037872,40.376423],[-80.038148,40.376524],[-80.037576,40.377205],[-80.036713,40.376954],[-80.036595,40.376969],[-80.036515,40.376203],[-80.035806,40.376307],[-80.03576,40.375314],[-80.034748,40.374257],[-80.033827,40.373454],[-80.033995,40.373245],[-80.034277,40.373077],[-80.033933,40.372728],[-80.033581,40.372983],[-80.033305,40.3733],[-80.033002,40.373549],[-80.032717,40.373568],[-80.032241,40.373367],[-80.032178,40.373194],[-80.032803,40.371915],[-80.032766,40.371818],[-80.032596,40.371763],[-80.032882,40.371312],[-80.032501,40.370878],[-80.030836,40.371847],[-80.030543,40.371602],[-80.030261,40.371623],[-80.030181,40.371518],[-80.030212,40.37137],[-80.030658,40.37117],[-80.031019,40.37063],[-80.030992,40.370397],[-80.0308,40.369946],[-80.030859,40.369828],[-80.030995,40.369762],[-80.030216,40.369276],[-80.028309,40.368251],[-80.027921,40.367983],[-80.027581,40.368151],[-80.024189,40.369057],[-80.021714,40.369568],[-80.018433,40.371713],[-80.022459,40.375226],[-80.021214,40.376594],[-80.019113,40.376021],[-80.01961,40.378117],[-80.02095,40.37813],[-80.022026,40.378199],[-80.02205,40.378465]]]}},{"type":"Feature","properties":{"block_count":279,"land_area_km2":10.4733,"centroid":[-80.037091,40.520431],"bbox":[-80.063345,40.497536,-80.011004,40.535582],"boundary_source":"Approximate ZIP area: 2010 Census blocks grouped by their ZIP code (Allegheny County part only)","id":"zip-15229","name":"ZIP 15229 (Pittsburgh)","zip":"15229","geography":"zip","level":"LOW","anomaly_score":0.48866908620756705,"confidence":"HIGH","case_id":"zipfile-15229","top_signal_headline":null},"geometry":{"type":"Polygon","coordinates":[[[-80.012759,40.500269],[-80.012199,40.501584],[-80.012564,40.501726],[-80.015448,40.502405],[-80.019143,40.501915],[-80.019435,40.501829],[-80.021881,40.500122],[-80.022899,40.500845],[-80.023229,40.501172],[-80.023573,40.501669],[-80.022081,40.502711],[-80.022553,40.503746],[-80.022865,40.503556],[-80.023159,40.503461],[-80.023232,40.503591],[-80.023415,40.503679],[-80.024661,40.503397],[-80.025005,40.503442],[-80.024812,40.503507],[-80.02304,40.510027],[-80.022289,40.509835],[-80.021196,40.50925],[-80.020038,40.508796],[-80.019097,40.50859],[-80.018131,40.508499],[-80.018228,40.508911],[-80.018155,40.509112],[-80.01779,40.509397],[-80.017541,40.50971],[-80.016736,40.50998],[-80.01666,40.510067],[-80.016809,40.510845],[-80.017106,40.511112],[-80.017155,40.511244],[-80.016996,40.512156],[-80.016844,40.512422],[-80.016372,40.512755],[-80.01512,40.51321],[-80.014243,40.513307],[-80.01261,40.514404],[-80.012395,40.514512],[-80.011542,40.51476],[-80.011327,40.514861],[-80.011468,40.515081],[-80.011444,40.515176],[-80.011004,40.515394],[-80.011933,40.515105],[-80.014424,40.514849],[-80.01713,40.514896],[-80.018135,40.514958],[-80.01773,40.515013],[-80.016348,40.515002],[-80.014318,40.51517],[-80.012477,40.515671],[-80.01365,40.517442],[-80.01377,40.518019],[-80.013916,40.518268],[-80.013436,40.518063],[-80.013973,40.518559],[-80.014433,40.51918],[-80.014685,40.519421],[-80.01467,40.519602],[-80.013592,40.519081],[-80.014083,40.519868],[-80.014238,40.520247],[-80.015287,40.524015],[-80.015666,40.524787],[-80.017099,40.52687],[-80.017698,40.527881],[-80.017919,40.527837],[-80.018176,40.528302],[-80.018427,40.529159],[-80.018456,40.529802],[-80.018398,40.530494],[-80.018548,40.531076],[-80.018663,40.532196],[-80.019065,40.532971],[-80.019079,40.533371],[-80.019424,40.533921],[-80.019909,40.533769],[-80.019631,40.532808],[-80.019201,40.530305],[-80.019824,40.530481],[-80.020116,40.532066],[-80.021087,40.532069],[-80.021165,40.532338],[-80.021383,40.532624],[-80.021696,40.532897],[-80.022294,40.533256],[-80.022234,40.533518],[-80.021905,40.533886],[-80.022521,40.534134],[-80.022855,40.534066],[-80.023663,40.53363],[-80.023727,40.532882],[-80.023669,40.532783],[-80.023065,40.532288],[-80.022944,40.531959],[-80.023748,40.531893],[-80.023809,40.532253],[-80.027091,40.531929],[-80.027086,40.534424],[-80.027748,40.534315],[-80.028,40.534828],[-80.029904,40.534727],[-80.029889,40.535239],[-80.030549,40.535156],[-80.030147,40.532722],[-80.031203,40.532716],[-80.031514,40.534067],[-80.031788,40.533911],[-80.032078,40.533575],[-80.032257,40.5335],[-80.032779,40.533298],[-80.032911,40.533482],[-80.033141,40.53317],[-80.033733,40.533142],[-80.034468,40.534634],[-80.03471,40.534604],[-80.034677,40.534923],[-80.035967,40.535078],[-80.035964,40.535582],[-80.03818,40.53511],[-80.041627,40.529246],[-80.042267,40.530258],[-80.042539,40.530512],[-80.0437,40.530906],[-80.045602,40.531694],[-80.046154,40.532031],[-80.04732,40.533007],[-80.048554,40.533535],[-80.05002,40.534243],[-80.052764,40.534222],[-80.05431,40.534549],[-80.054555,40.534559],[-80.056562,40.534213],[-80.059952,40.53346],[-80.059823,40.533252],[-80.059722,40.532726],[-80.060003,40.532733],[-80.060305,40.532681],[-80.061925,40.531955],[-80.063345,40.531701],[-80.06273,40.523403],[-80.062637,40.521727],[-80.062639,40.520041],[-80.061694,40.519881],[-80.060956,40.519826],[-80.058355,40.519783],[-80.057617,40.519718],[-80.056547,40.519492],[-80.055555,40.519113],[-80.054648,40.518576],[-80.05415,40.518159],[-80.053719,40.517698],[-80.053371,40.517198],[-80.052368,40.515013],[-80.052541,40.515033],[-80.05306,40.514848],[-80.054039,40.51413],[-80.054104,40.513987],[-80.054303,40.51385],[-80.054679,40.514053],[-80.054825,40.514188],[-80.055587,40.513718],[-80.056012,40.513363],[-80.056361,40.51287],[-80.056524,40.512426],[-80.056561,40.512104],[-80.056526,40.510602],[-80.056654,40.510081],[-80.055202,40.510235],[-80.054573,40.51026],[-80.054341,40.510314],[-80.053745,40.510544],[-80.052642,40.510817],[-80.052291,40.511212],[-80.052146,40.511281],[-80.051943,40.511252],[-80.05151,40.511068],[-80.051173,40.511114],[-80.050965,40.511171],[-80.050388,40.511698],[-80.049607,40.510862],[-80.048729,40.51007],[-80.047982,40.509523],[-80.046667,40.508721],[-80.047573,40.507115],[-80.046721,40.506586],[-80.046479,40.506488],[-80.044356,40.506157],[-80.043843,40.506142],[-80.039833,40.506923],[-80.039545,40.507007],[-80.039139,40.507317],[-80.036824,40.507188],[-80.034886,40.506977],[-80.033723,40.506747],[-80.032072,40.506284],[-80.030306,40.505612],[-80.02627,40.503009],[-80.024447,40.501458],[-80.020993,40.498229],[-80.020494,40.497828],[-80.020025,40.497536],[-80.020328,40.498407],[-80.020642,40.498954],[-80.021237,40.499643],[-80.021746,40.500029],[-80.020626,40.500558],[-80.019769,40.500786],[-80.019677,40.500189],[-80.019264,40.500087],[-80.018878,40.500068],[-80.018829,40.500274],[-80.018429,40.500344],[-80.01823,40.500889],[-80.018628,40.501517],[-80.018256,40.501321],[-80.018077,40.501285],[-80.017625,40.501312],[-80.01634,40.501514],[-80.015522,40.501566],[-80.015174,40.50155],[-80.014718,40.501458],[-80.014109,40.501327],[-80.013982,40.501258],[-80.014221,40.500607],[-80.013677,40.500462],[-80.012833,40.500076],[-80.012759,40.500269]],[[-80.040578,40.523647],[-80.042243,40.527051],[-80.040904,40.52851],[-80.040099,40.527881],[-80.039604,40.527398],[-80.039269,40.527233],[-80.038905,40.52719],[-80.038664,40.527224],[-80.037864,40.527547],[-80.037601,40.527609],[-80.037297,40.527583],[-80.037083,40.527492],[-80.036893,40.527309],[-80.036817,40.52706],[-80.037023,40.52657],[-80.037035,40.526336],[-80.036915,40.525834],[-80.036684,40.525653],[-80.040578,40.523647]]]}},{"type":"Feature","properties":{"block_count":133,"land_area_km2":2.0587,"centroid":[-79.931935,40.452515],"bbox":[-79.943082,40.443895,-79.919265,40.461947],"boundary_source":"Approximate ZIP area: 2010 Census blocks grouped by their ZIP code (Allegheny County part only)","id":"zip-15232","name":"ZIP 15232 (Pittsburgh)","zip":"15232","geography":"zip","level":"MEDIUM","anomaly_score":1.4560320146061514,"confidence":"HIGH","case_id":"zcase-019","top_signal_headline":"Home values +9% vs. county +14%"},"geometry":{"type":"Polygon","coordinates":[[[-79.926843,40.458479],[-79.927496,40.458294],[-79.928221,40.457834],[-79.928502,40.458082],[-79.929563,40.457706],[-79.929609,40.457833],[-79.930431,40.457569],[-79.932072,40.456916],[-79.932928,40.456467],[-79.933407,40.456162],[-79.934344,40.45771],[-79.93501,40.457527],[-79.935102,40.457846],[-79.935188,40.45794],[-79.935743,40.457775],[-79.935489,40.459331],[-79.93525,40.459233],[-79.934597,40.458119],[-79.933035,40.458584],[-79.931888,40.460497],[-79.93506,40.461609],[-79.937261,40.461868],[-79.938306,40.461947],[-79.938652,40.459636],[-79.938967,40.456814],[-79.938536,40.456933],[-79.938717,40.456099],[-79.938591,40.45591],[-79.943082,40.454566],[-79.942059,40.4541],[-79.941161,40.453793],[-79.941645,40.452544],[-79.940948,40.451316],[-79.94305,40.450876],[-79.942676,40.448996],[-79.941078,40.44911],[-79.94093,40.447535],[-79.942452,40.447414],[-79.942365,40.446823],[-79.940105,40.447041],[-79.940099,40.446829],[-79.937986,40.446943],[-79.937634,40.447028],[-79.93706,40.447322],[-79.936387,40.447534],[-79.934332,40.446951],[-79.933401,40.446595],[-79.930139,40.447399],[-79.927897,40.448237],[-79.926287,40.448739],[-79.925516,40.448869],[-79.925039,40.4489],[-79.924075,40.448606],[-79.92394,40.448302],[-79.923877,40.448382],[-79.923503,40.447906],[-79.923441,40.446983],[-79.923567,40.446567],[-79.923686,40.446447],[-79.924228,40.446274],[-79.92385,40.445499],[-79.923779,40.444908],[-79.924189,40.444245],[-79.924223,40.443968],[-79.921972,40.443895],[-79.921534,40.445695],[-79.920771,40.445771],[-79.920681,40.448115],[-79.919613,40.449907],[-79.919265,40.451341],[-79.92023,40.451218],[-79.920712,40.452894],[-79.92121,40.453698],[-79.921972,40.453595],[-79.924404,40.452613],[-79.924817,40.453285],[-79.925312,40.453086],[-79.925835,40.453941],[-79.925341,40.454161],[-79.925325,40.454991],[-79.925913,40.454754],[-79.925695,40.458719],[-79.925708,40.458749],[-79.926843,40.458479]]]}},{"type":"Feature","properties":{"block_count":198,"land_area_km2":3.2196,"centroid":[-80.034776,40.460788],"bbox":[-80.051178,40.446199,-80.013413,40.478862],"boundary_source":"Approximate ZIP area: 2010 Census blocks grouped by their ZIP code (Allegheny County part only)","id":"zip-15233","name":"ZIP 15233 (Pittsburgh)","zip":"15233","geography":"zip","level":"HIGH","anomaly_score":1.9949680951363624,"confidence":"MODERATE","case_id":"zcase-009","top_signal_headline":"Sale prices +43% vs. county +19%"},"geometry":{"type":"Polygon","coordinates":[[[-80.046438,40.477732],[-80.048394,40.477106],[-80.047876,40.475868],[-80.047566,40.47492],[-80.047126,40.474031],[-80.046841,40.472395],[-80.047097,40.471687],[-80.047771,40.471147],[-80.04965,40.469976],[-80.050265,40.469281],[-80.050642,40.468297],[-80.050963,40.467254],[-80.051178,40.465599],[-80.050366,40.465676],[-80.050418,40.464668],[-80.045952,40.460611],[-80.028228,40.446664],[-80.02709,40.446199],[-80.026342,40.44754],[-80.025783,40.44723],[-80.025388,40.44716],[-80.025144,40.447018],[-80.025072,40.446918],[-80.024949,40.446881],[-80.024864,40.446907],[-80.024693,40.446828],[-80.024902,40.448453],[-80.02371,40.448675],[-80.025499,40.449031],[-80.025167,40.449643],[-80.023192,40.44928],[-80.021333,40.449024],[-80.021407,40.448787],[-80.018021,40.448731],[-80.018312,40.449678],[-80.015918,40.450124],[-80.016063,40.450584],[-80.014427,40.450888],[-80.01428,40.45043],[-80.013413,40.450596],[-80.014757,40.454538],[-80.014307,40.45462],[-80.014766,40.455989],[-80.015277,40.455889],[-80.015348,40.456096],[-80.016511,40.455883],[-80.017475,40.455869],[-80.017775,40.455769],[-80.018075,40.455769],[-80.018251,40.455555],[-80.020109,40.4552],[-80.020593,40.456684],[-80.023456,40.458159],[-80.023541,40.458681],[-80.023443,40.458804],[-80.024623,40.45962],[-80.025307,40.459927],[-80.027203,40.460556],[-80.029391,40.461403],[-80.030692,40.462004],[-80.031502,40.46302],[-80.032257,40.463663],[-80.033768,40.4657],[-80.035414,40.467504],[-80.035686,40.467986],[-80.036309,40.469385],[-80.036424,40.469589],[-80.036484,40.469564],[-80.036673,40.470029],[-80.036979,40.470569],[-80.038346,40.47283],[-80.04017,40.47518],[-80.041174,40.475995],[-80.043077,40.478862],[-80.043349,40.478715],[-80.046438,40.477732]]]}},{"type":"Feature","properties":{"block_count":272,"land_area_km2":8.1989,"centroid":[-80.0178,40.368119],"bbox":[-80.050392,40.349605,-79.993447,40.39299],"boundary_source":"Approximate ZIP area: 2010 Census blocks grouped by their ZIP code (Allegheny County part only)","id":"zip-15234","name":"ZIP 15234 (Pittsburgh)","zip":"15234","geography":"zip","level":"LOW","anomaly_score":0.3688318295801193,"confidence":"HIGH","case_id":"zipfile-15234","top_signal_headline":null},"geometry":{"type":"MultiPolygon","coordinates":[[[[-80.02205,40.378465],[-80.022026,40.378199],[-80.02095,40.37813],[-80.01961,40.378117],[-80.019113,40.376021],[-80.021214,40.376594],[-80.022459,40.375226],[-80.018433,40.371713],[-80.021714,40.369568],[-80.024189,40.369057],[-80.027581,40.368151],[-80.027921,40.367983],[-80.028309,40.368251],[-80.030216,40.369276],[-80.030995,40.369762],[-80.030859,40.369828],[-80.0308,40.369946],[-80.030992,40.370397],[-80.031019,40.37063],[-80.030658,40.37117],[-80.030212,40.37137],[-80.030181,40.371518],[-80.030261,40.371623],[-80.030543,40.371602],[-80.030836,40.371847],[-80.032501,40.370878],[-80.032882,40.371312],[-80.032596,40.371763],[-80.032766,40.371818],[-80.032803,40.371915],[-80.032178,40.373194],[-80.032241,40.373367],[-80.032717,40.373568],[-80.033002,40.373549],[-80.033305,40.3733],[-80.033581,40.372983],[-80.033933,40.372728],[-80.034277,40.373077],[-80.033793,40.370099],[-80.034238,40.369823],[-80.037904,40.369038],[-80.038411,40.368771],[-80.03787,40.368292],[-80.039161,40.3679],[-80.038871,40.367597],[-80.041399,40.365917],[-80.038978,40.363993],[-80.035627,40.360694],[-80.036765,40.35734],[-80.036952,40.356341],[-80.036259,40.35621],[-80.036687,40.354879],[-80.037451,40.354892],[-80.038543,40.355057],[-80.039287,40.355276],[-80.042002,40.356381],[-80.042621,40.356508],[-80.043184,40.356522],[-80.04366,40.356468],[-80.045194,40.356088],[-80.045391,40.356707],[-80.046313,40.356216],[-80.047037,40.355989],[-80.047755,40.355841],[-80.049205,40.355791],[-80.049257,40.355087],[-80.049776,40.355049],[-80.050023,40.354844],[-80.050196,40.354552],[-80.050227,40.353579],[-80.050392,40.352786],[-80.048696,40.351522],[-80.041927,40.352867],[-80.039688,40.351783],[-80.03788,40.353616],[-80.03495,40.354203],[-80.034606,40.354038],[-80.033896,40.353434],[-80.03436,40.35319],[-80.03268,40.351534],[-80.032423,40.351985],[-80.032722,40.354331],[-80.033644,40.354701],[-80.033428,40.355139],[-80.032417,40.355246],[-80.032338,40.35475],[-80.030645,40.354858],[-80.030554,40.354914],[-80.030562,40.354992],[-80.030429,40.354991],[-80.030307,40.354891],[-80.029466,40.355329],[-80.029629,40.355636],[-80.028218,40.355858],[-80.028464,40.356962],[-80.028127,40.35703],[-80.027438,40.355109],[-80.027142,40.354532],[-80.0269,40.354102],[-80.026421,40.353492],[-80.025895,40.353044],[-80.026185,40.352828],[-80.025372,40.352334],[-80.023854,40.351541],[-80.023352,40.351544],[-80.021951,40.351336],[-80.021884,40.351479],[-80.021281,40.351415],[-80.019725,40.351177],[-80.0189,40.350982],[-80.018036,40.350575],[-80.017405,40.350188],[-80.01676,40.349605],[-80.015386,40.350427],[-80.014576,40.350819],[-80.013947,40.351022],[-80.012242,40.351444],[-80.01152,40.351743],[-80.011622,40.351993],[-80.017084,40.359027],[-80.016409,40.358997],[-80.016287,40.35954],[-80.015941,40.359953],[-80.012817,40.361979],[-80.011219,40.362034],[-80.009643,40.360267],[-80.004877,40.36479],[-80.007897,40.366614],[-80.003919,40.369165],[-80.001547,40.370599],[-79.999908,40.370633],[-79.998649,40.370338],[-79.99767,40.370289],[-79.997044,40.371636],[-79.996691,40.372129],[-79.996117,40.372739],[-79.995895,40.373071],[-79.995434,40.37414],[-79.995214,40.374928],[-79.993999,40.375839],[-79.994132,40.376728],[-79.994559,40.376763],[-79.994607,40.377013],[-79.994106,40.378203],[-79.994056,40.378599],[-79.993741,40.378896],[-79.993913,40.379296],[-79.994033,40.379773],[-79.993562,40.379127],[-79.993447,40.379382],[-79.993468,40.379602],[-79.99354,40.379815],[-79.994223,40.380726],[-79.99436,40.381011],[-79.994612,40.381198],[-79.995107,40.381211],[-79.995997,40.382558],[-79.995946,40.383067],[-79.995751,40.383589],[-79.994906,40.385002],[-79.994835,40.385299],[-79.994823,40.385842],[-79.995242,40.386572],[-79.996652,40.388285],[-79.996863,40.388805],[-79.996914,40.389491],[-79.996711,40.390553],[-79.996731,40.391162],[-79.996825,40.391524],[-79.997198,40.392413],[-79.997344,40.39299],[-79.997686,40.392595],[-79.99791,40.392186],[-79.997823,40.391199],[-79.997838,40.389746],[-79.999398,40.389887],[-79.999192,40.388925],[-79.999267,40.388943],[-80.002164,40.388193],[-80.002632,40.388619],[-80.002768,40.38871],[-80.002905,40.388723],[-80.004648,40.388365],[-80.00588,40.388374],[-80.005891,40.388038],[-80.004909,40.387119],[-80.005594,40.386648],[-80.005628,40.386578],[-80.004556,40.385519],[-80.004997,40.385255],[-80.005244,40.38384],[-80.005121,40.383883],[-80.003653,40.382041],[-80.003335,40.38117],[-80.001728,40.379699],[-80.00222,40.379287],[-80.003176,40.37884],[-80.004181,40.37817],[-80.004865,40.377632],[-80.005361,40.377133],[-80.005689,40.376613],[-80.005875,40.375989],[-80.006136,40.37549],[-80.00625,40.375306],[-80.006708,40.374861],[-80.007467,40.37498],[-80.00786,40.374996],[-80.007933,40.379173],[-80.008513,40.380419],[-80.009027,40.381016],[-80.010028,40.380921],[-80.010382,40.380442],[-80.012579,40.380889],[-80.013174,40.382835],[-80.01233,40.382974],[-80.012316,40.383029],[-80.012577,40.383067],[-80.012492,40.383399],[-80.013325,40.383484],[-80.015756,40.383295],[-80.020529,40.383319],[-80.022757,40.380759],[-80.022866,40.380243],[-80.022564,40.380183],[-80.022249,40.380179],[-80.02205,40.378465]],[[-80.018754,40.353007],[-80.020346,40.352125],[-80.020331,40.352746],[-80.020215,40.352848],[-80.019208,40.353363],[-80.019122,40.353344],[-80.018754,40.353007]]],[[[-80.036515,40.376203],[-80.036595,40.376969],[-80.036713,40.376954],[-80.037576,40.377205],[-80.038148,40.376524],[-80.037872,40.376423],[-80.038068,40.375997],[-80.036637,40.375591],[-80.036466,40.375582],[-80.036409,40.375171],[-80.036348,40.37507],[-80.035271,40.373972],[-80.034277,40.373077],[-80.033995,40.373245],[-80.033827,40.373454],[-80.034748,40.374257],[-80.03576,40.375314],[-80.035806,40.376307],[-80.036515,40.376203]]]]}},{"type":"Feature","properties":{"block_count":585,"land_area_km2":37.9772,"centroid":[-79.822614,40.459659],"bbox":[-79.893896,40.421884,-79.776787,40.497727],"boundary_source":"Approximate ZIP area: 2010 Census blocks grouped by their ZIP code (Allegheny County part only)","id":"zip-15235","name":"ZIP 15235 (Pittsburgh)","zip":"15235","geography":"zip","level":"LOW","anomaly_score":0.6972415829277737,"confidence":"HIGH","case_id":"zipfile-15235","top_signal_headline":null},"geometry":{"type":"Polygon","coordinates":[[[-79.838726,40.429415],[-79.838487,40.429121],[-79.838365,40.429181],[-79.837541,40.428476],[-79.834557,40.428666],[-79.83379,40.427529],[-79.833823,40.428055],[-79.833724,40.428726],[-79.833037,40.429392],[-79.832552,40.430306],[-79.831806,40.430437],[-79.830627,40.428524],[-79.829921,40.427494],[-79.830961,40.423917],[-79.831319,40.422944],[-79.82969,40.423168],[-79.828801,40.42584],[-79.828114,40.425376],[-79.826374,40.425719],[-79.826435,40.425943],[-79.826152,40.425971],[-79.823499,40.425821],[-79.822963,40.425391],[-79.819214,40.42756],[-79.817404,40.427227],[-79.816055,40.429375],[-79.815403,40.428569],[-79.815251,40.428222],[-79.815178,40.427861],[-79.815205,40.427439],[-79.815334,40.427057],[-79.815791,40.426343],[-79.816014,40.425822],[-79.816081,40.425276],[-79.816017,40.424917],[-79.815533,40.424081],[-79.814601,40.423022],[-79.814627,40.422715],[-79.81407,40.422619],[-79.814129,40.422551],[-79.814112,40.422445],[-79.813741,40.42225],[-79.81335,40.421884],[-79.807705,40.425577],[-79.807406,40.425386],[-79.806096,40.42575],[-79.805453,40.425974],[-79.804385,40.42641],[-79.803552,40.426832],[-79.803186,40.427125],[-79.802941,40.427426],[-79.802618,40.428108],[-79.802549,40.429144],[-79.802368,40.429943],[-79.802355,40.430533],[-79.802017,40.431609],[-79.802058,40.432056],[-79.802193,40.432269],[-79.80237,40.432413],[-79.80354,40.433001],[-79.803938,40.433298],[-79.804215,40.433655],[-79.804381,40.434004],[-79.804461,40.434473],[-79.804441,40.434733],[-79.804178,40.435151],[-79.802992,40.436561],[-79.802909,40.437027],[-79.80302,40.437796],[-79.80281,40.438413],[-79.80252,40.438652],[-79.802241,40.438795],[-79.801288,40.438956],[-79.800711,40.439277],[-79.800506,40.439526],[-79.80052,40.439647],[-79.800761,40.439792],[-79.801498,40.439945],[-79.80173,40.440042],[-79.801909,40.440228],[-79.801855,40.440354],[-79.801719,40.44044],[-79.800908,40.440726],[-79.800078,40.441193],[-79.79925,40.44155],[-79.79903,40.441607],[-79.79853,40.441636],[-79.79818,40.441731],[-79.797963,40.441922],[-79.797717,40.44234],[-79.79737,40.4433],[-79.797207,40.443532],[-79.796938,40.444125],[-79.796691,40.444803],[-79.796756,40.445123],[-79.796311,40.446634],[-79.796389,40.446981],[-79.796732,40.447469],[-79.796794,40.44771],[-79.796675,40.447956],[-79.79674,40.448571],[-79.796371,40.449273],[-79.79628,40.450107],[-79.795955,40.450383],[-79.795706,40.450506],[-79.792878,40.451566],[-79.792212,40.451756],[-79.790538,40.452106],[-79.788414,40.452661],[-79.78772,40.452994],[-79.786925,40.453541],[-79.786313,40.453833],[-79.784051,40.455513],[-79.783135,40.456017],[-79.782747,40.456294],[-79.782671,40.456362],[-79.782624,40.456628],[-79.78228,40.456789],[-79.781959,40.457583],[-79.78085,40.459111],[-79.780327,40.459562],[-79.779587,40.459902],[-79.779419,40.460897],[-79.779351,40.462472],[-79.779294,40.462776],[-79.779119,40.46294],[-79.778113,40.46341],[-79.777766,40.463697],[-79.777611,40.463943],[-79.777588,40.464849],[-79.777253,40.465164],[-79.777161,40.465452],[-79.776787,40.465825],[-79.776949,40.466387],[-79.777604,40.469601],[-79.778398,40.475976],[-79.778866,40.476175],[-79.778611,40.476553],[-79.77845,40.476487],[-79.778107,40.478246],[-79.77992,40.478466],[-79.779633,40.480068],[-79.77874,40.480864],[-79.780385,40.481785],[-79.780339,40.481934],[-79.780488,40.482013],[-79.780484,40.482312],[-79.780687,40.483646],[-79.781042,40.484651],[-79.781308,40.484952],[-79.782884,40.48621],[-79.783122,40.486858],[-79.783139,40.487185],[-79.782985,40.48795],[-79.782646,40.487976],[-79.782212,40.488237],[-79.781672,40.488446],[-79.781143,40.488487],[-79.780761,40.488438],[-79.781068,40.48869],[-79.781823,40.48887],[-79.782062,40.488985],[-79.78266,40.48908],[-79.782642,40.489142],[-79.782502,40.489075],[-79.781913,40.489034],[-79.780804,40.488746],[-79.780569,40.488749],[-79.780919,40.489366],[-79.78079,40.489371],[-79.781105,40.489992],[-79.783127,40.49044],[-79.783363,40.489876],[-79.785086,40.491026],[-79.78523,40.491177],[-79.785362,40.491494],[-79.785205,40.492241],[-79.784979,40.492705],[-79.784721,40.493666],[-79.784556,40.493883],[-79.784194,40.494166],[-79.784077,40.49431],[-79.783995,40.49455],[-79.784146,40.494667],[-79.784433,40.494785],[-79.784933,40.494831],[-79.785566,40.494775],[-79.786049,40.494588],[-79.78634,40.494586],[-79.787326,40.495041],[-79.788027,40.494187],[-79.788071,40.49421],[-79.788802,40.494825],[-79.789064,40.495129],[-79.789251,40.495463],[-79.789509,40.496351],[-79.789412,40.497253],[-79.789532,40.497726],[-79.790051,40.497727],[-79.790746,40.497542],[-79.791085,40.497506],[-79.792181,40.497125],[-79.79314,40.496965],[-79.794012,40.496756],[-79.794895,40.496706],[-79.795792,40.496336],[-79.79854,40.497334],[-79.798981,40.497105],[-79.799458,40.496926],[-79.800099,40.49679],[-79.800817,40.496713],[-79.801288,40.492374],[-79.801079,40.491469],[-79.800432,40.49088],[-79.800101,40.49079],[-79.79977,40.490892],[-79.798721,40.492109],[-79.798341,40.493291],[-79.797476,40.493488],[-79.797473,40.493159],[-79.79782,40.491265],[-79.797804,40.491137],[-79.797608,40.490952],[-79.796573,40.490433],[-79.796222,40.490321],[-79.795938,40.490301],[-79.795612,40.49035],[-79.795283,40.490497],[-79.794637,40.490939],[-79.793679,40.492137],[-79.792994,40.491601],[-79.793862,40.490464],[-79.794437,40.49],[-79.794957,40.489734],[-79.795333,40.489708],[-79.797182,40.490011],[-79.797627,40.490013],[-79.800494,40.488958],[-79.800811,40.488775],[-79.801331,40.488225],[-79.801887,40.487849],[-79.804394,40.483967],[-79.807826,40.484617],[-79.813137,40.48481],[-79.817267,40.485595],[-79.817473,40.485416],[-79.817792,40.484975],[-79.818425,40.484731],[-79.819247,40.484202],[-79.819397,40.483943],[-79.81927,40.483893],[-79.819386,40.483589],[-79.819998,40.482894],[-79.824408,40.481565],[-79.824506,40.479785],[-79.825463,40.479671],[-79.825898,40.482253],[-79.826367,40.48207],[-79.826649,40.482019],[-79.828492,40.48186],[-79.829146,40.481561],[-79.830543,40.481056],[-79.832255,40.480568],[-79.832879,40.480304],[-79.832664,40.479881],[-79.833653,40.479254],[-79.836502,40.473618],[-79.836901,40.473733],[-79.837538,40.473776],[-79.839261,40.473493],[-79.839782,40.473526],[-79.840015,40.473622],[-79.840767,40.474193],[-79.841152,40.474318],[-79.8414,40.474338],[-79.8446,40.473817],[-79.845812,40.473496],[-79.847369,40.473378],[-79.848147,40.473029],[-79.847922,40.472291],[-79.847264,40.469564],[-79.856444,40.473551],[-79.857406,40.472817],[-79.857859,40.472571],[-79.858312,40.472399],[-79.858719,40.472067],[-79.858954,40.471609],[-79.859051,40.47103],[-79.858921,40.470291],[-79.859451,40.469633],[-79.859731,40.468853],[-79.859908,40.468653],[-79.8603,40.468385],[-79.860605,40.468377],[-79.861738,40.467736],[-79.862848,40.467462],[-79.864318,40.466827],[-79.865126,40.466181],[-79.865284,40.46601],[-79.8654,40.465746],[-79.865963,40.465805],[-79.867224,40.466073],[-79.86832,40.466248],[-79.868525,40.466332],[-79.868794,40.466528],[-79.876194,40.465213],[-79.876366,40.465652],[-79.87682,40.465553],[-79.878498,40.465434],[-79.88113,40.465148],[-79.882203,40.465806],[-79.882751,40.466805],[-79.883016,40.467703],[-79.883328,40.468088],[-79.880871,40.468047],[-79.879949,40.468377],[-79.879502,40.468867],[-79.87923,40.469042],[-79.878804,40.469155],[-79.877689,40.46929],[-79.877252,40.469405],[-79.877297,40.469507],[-79.877296,40.470343],[-79.877206,40.470796],[-79.879173,40.470868],[-79.880802,40.474695],[-79.880152,40.475016],[-79.87924,40.475722],[-79.878018,40.476164],[-79.877785,40.476418],[-79.877815,40.477315],[-79.87772,40.47763],[-79.877957,40.47778],[-79.878801,40.478145],[-79.878501,40.478563],[-79.878437,40.478783],[-79.878561,40.479012],[-79.878892,40.479163],[-79.878475,40.481483],[-79.880016,40.481492],[-79.882421,40.481362],[-79.883905,40.481425],[-79.884165,40.481397],[-79.884665,40.479312],[-79.884983,40.478813],[-79.885361,40.478592],[-79.886561,40.478184],[-79.887081,40.47592],[-79.88755,40.475168],[-79.888242,40.474408],[-79.888588,40.473582],[-79.889048,40.474121],[-79.888608,40.474818],[-79.888651,40.474958],[-79.888973,40.475114],[-79.889183,40.475082],[-79.889847,40.474633],[-79.891689,40.474775],[-79.889777,40.472883],[-79.889348,40.472931],[-79.889191,40.472486],[-79.889031,40.472389],[-79.889165,40.471985],[-79.889215,40.471486],[-79.88917,40.47132],[-79.88901,40.471193],[-79.888137,40.470843],[-79.888464,40.469194],[-79.888557,40.469173],[-79.889018,40.469246],[-79.8896,40.46915],[-79.890318,40.468856],[-79.890445,40.468598],[-79.890439,40.467759],[-79.893896,40.4676],[-79.893452,40.467324],[-79.890031,40.467426],[-79.890001,40.46714],[-79.889638,40.466912],[-79.889604,40.465408],[-79.890055,40.465387],[-79.890039,40.465051],[-79.889336,40.465109],[-79.889974,40.462108],[-79.889992,40.461829],[-79.886203,40.460859],[-79.885786,40.462391],[-79.883196,40.463628],[-79.882484,40.463323],[-79.882645,40.462968],[-79.883197,40.462137],[-79.882828,40.46197],[-79.882794,40.461914],[-79.882914,40.461548],[-79.883017,40.460079],[-79.879314,40.459112],[-79.879241,40.459152],[-79.879066,40.459151],[-79.879203,40.458874],[-79.879147,40.458767],[-79.878793,40.458292],[-79.878194,40.457694],[-79.877686,40.457094],[-79.875878,40.458148],[-79.875737,40.457843],[-79.875869,40.457112],[-79.87516,40.457482],[-79.874827,40.457718],[-79.873891,40.458556],[-79.873893,40.458629],[-79.875209,40.458654],[-79.873778,40.45991],[-79.872878,40.460618],[-79.872434,40.460835],[-79.871739,40.46103],[-79.871566,40.460749],[-79.871591,40.460585],[-79.870632,40.460752],[-79.870256,40.460692],[-79.86997,40.460281],[-79.869994,40.460191],[-79.8701,40.460104],[-79.870826,40.460019],[-79.870983,40.459895],[-79.871183,40.458707],[-79.871516,40.457882],[-79.871465,40.457152],[-79.868257,40.456389],[-79.867028,40.458547],[-79.862495,40.45858],[-79.862399,40.458363],[-79.862135,40.45821],[-79.860897,40.458165],[-79.859847,40.458008],[-79.858958,40.457969],[-79.858927,40.4572],[-79.858985,40.456871],[-79.857387,40.456912],[-79.857032,40.456475],[-79.857309,40.456188],[-79.857563,40.453853],[-79.857499,40.452374],[-79.857212,40.452342],[-79.857731,40.448628],[-79.857897,40.44827],[-79.858478,40.447472],[-79.858609,40.447046],[-79.858599,40.445558],[-79.857727,40.442223],[-79.857369,40.44186],[-79.854781,40.443562],[-79.853898,40.44404],[-79.853115,40.444382],[-79.852345,40.444655],[-79.851582,40.444871],[-79.850535,40.445083],[-79.848828,40.434056],[-79.848531,40.433771],[-79.848451,40.433598],[-79.847884,40.433925],[-79.846984,40.43291],[-79.846012,40.430604],[-79.84563,40.430826],[-79.843499,40.430646],[-79.838726,40.429415]],[[-79.839084,40.431346],[-79.839708,40.434428],[-79.839239,40.434499],[-79.83917,40.434157],[-79.83838,40.434231],[-79.838446,40.434611],[-79.838173,40.434624],[-79.838243,40.435146],[-79.837719,40.435165],[-79.837773,40.435418],[-79.837695,40.435699],[-79.837377,40.436067],[-79.83653,40.435362],[-79.835872,40.434896],[-79.835306,40.435649],[-79.8346,40.435305],[-79.833104,40.434902],[-79.832799,40.434773],[-79.832226,40.434396],[-79.830784,40.433137],[-79.834425,40.432186],[-79.836911,40.431129],[-79.837769,40.430988],[-79.838281,40.431295],[-79.838794,40.431086],[-79.839044,40.431124],[-79.839084,40.431346]],[[-79.846908,40.467635],[-79.846836,40.465104],[-79.846716,40.464732],[-79.846487,40.464389],[-79.84616,40.4641],[-79.84575,40.46388],[-79.843833,40.463301],[-79.843405,40.463102],[-79.842887,40.462686],[-79.84255,40.462206],[-79.842399,40.461628],[-79.842552,40.460592],[-79.84267,40.460214],[-79.842971,40.460068],[-79.843236,40.460005],[-79.843446,40.460007],[-79.843917,40.46014],[-79.845093,40.461069],[-79.845576,40.461281],[-79.846042,40.461334],[-79.847288,40.461247],[-79.847889,40.461303],[-79.84856,40.46595],[-79.846908,40.467635]],[[-79.797633,40.48872],[-79.797476,40.489047],[-79.797327,40.489097],[-79.796263,40.488799],[-79.796177,40.48866],[-79.79624,40.488481],[-79.796412,40.488423],[-79.797633,40.48872]]]}},{"type":"Feature","properties":{"block_count":487,"land_area_km2":28.7497,"centroid":[-79.975475,40.347408],"bbox":[-80.017425,40.313231,-79.934121,40.410346],"boundary_source":"Approximate ZIP area: 2010 Census blocks grouped by their ZIP code (Allegheny County part only)","id":"zip-15236","name":"ZIP 15236 (Pittsburgh)","zip":"15236","geography":"zip","level":"LOW","anomaly_score":0.37603277919130007,"confidence":"HIGH","case_id":"zipfile-15236","top_signal_headline":null},"geometry":{"type":"MultiPolygon","coordinates":[[[[-79.965652,40.353404],[-79.965419,40.352928],[-79.965063,40.352475],[-79.964721,40.352233],[-79.964155,40.352112],[-79.964618,40.352038],[-79.965263,40.352458],[-79.96691,40.354307],[-79.967758,40.355366],[-79.967996,40.355018],[-79.967975,40.354744],[-79.966755,40.352831],[-79.966927,40.352448],[-79.967174,40.352244],[-79.968904,40.351578],[-79.970541,40.353762],[-79.971101,40.353489],[-79.972058,40.354633],[-79.972836,40.353786],[-79.97472,40.355948],[-79.978217,40.354975],[-79.978676,40.355556],[-79.978828,40.35568],[-79.978976,40.355725],[-79.979108,40.356582],[-79.979862,40.35627],[-79.981354,40.359622],[-79.98115,40.360089],[-79.981387,40.360712],[-79.981454,40.360803],[-79.982229,40.360441],[-79.982691,40.361524],[-79.982417,40.361503],[-79.982459,40.362006],[-79.982869,40.363097],[-79.983866,40.364097],[-79.984579,40.363247],[-79.984882,40.363029],[-79.985009,40.363431],[-79.985459,40.363499],[-79.988205,40.36286],[-79.990897,40.36202],[-79.991492,40.36174],[-79.991056,40.361224],[-79.990987,40.361076],[-79.99168,40.360972],[-79.992337,40.361075],[-79.993962,40.359258],[-79.997868,40.35678],[-79.998841,40.356463],[-79.999011,40.356571],[-79.999786,40.357711],[-79.999663,40.357748],[-80.000523,40.3591],[-80.00077,40.359692],[-80.000782,40.360267],[-80.00025,40.3634],[-80.000013,40.363926],[-79.998779,40.363174],[-79.998261,40.363513],[-79.997592,40.363725],[-79.995438,40.363929],[-79.996049,40.365684],[-79.998533,40.366082],[-79.998558,40.366023],[-79.998662,40.366027],[-79.998415,40.366692],[-79.99761,40.367757],[-79.997523,40.368099],[-79.997506,40.368457],[-79.994437,40.370046],[-79.994555,40.370634],[-79.994528,40.371639],[-79.994733,40.372288],[-79.994594,40.374334],[-79.994499,40.37456],[-79.994096,40.374932],[-79.994013,40.37507],[-79.993945,40.375323],[-79.993999,40.375839],[-79.995214,40.374928],[-79.995434,40.37414],[-79.995895,40.373071],[-79.996117,40.372739],[-79.996691,40.372129],[-79.997044,40.371636],[-79.99767,40.370289],[-79.998649,40.370338],[-79.999908,40.370633],[-80.001547,40.370599],[-80.003919,40.369165],[-80.007897,40.366614],[-80.004877,40.36479],[-80.009643,40.360267],[-80.011219,40.362034],[-80.012817,40.361979],[-80.015941,40.359953],[-80.016287,40.35954],[-80.016409,40.358997],[-80.017084,40.359027],[-80.011579,40.351922],[-80.011504,40.351557],[-80.011464,40.349941],[-80.011918,40.349932],[-80.012155,40.349871],[-80.012416,40.349679],[-80.012513,40.349443],[-80.012272,40.348681],[-80.012176,40.348148],[-80.012214,40.347584],[-80.012481,40.346756],[-80.012405,40.346503],[-80.012144,40.34633],[-80.011322,40.346117],[-80.010878,40.346059],[-80.010201,40.346062],[-80.009562,40.346175],[-80.008054,40.346637],[-80.007731,40.346118],[-80.008395,40.345777],[-80.009191,40.345483],[-80.010002,40.345322],[-80.010621,40.3453],[-80.01377,40.345609],[-80.014455,40.346826],[-80.015567,40.348469],[-80.015971,40.348924],[-80.01676,40.349605],[-80.017095,40.349371],[-80.017371,40.348976],[-80.017425,40.348725],[-80.017358,40.348414],[-80.017098,40.348037],[-80.015788,40.347231],[-80.01547,40.346963],[-80.01519,40.346638],[-80.014988,40.346311],[-80.014823,40.345889],[-80.014676,40.344984],[-80.014689,40.344615],[-80.014887,40.344087],[-80.015624,40.343096],[-80.016253,40.342108],[-80.016078,40.342136],[-80.014801,40.341999],[-80.014001,40.342109],[-80.013492,40.342123],[-80.012364,40.341955],[-80.012068,40.341833],[-80.011554,40.341494],[-80.011374,40.34146],[-80.011132,40.341486],[-80.010737,40.340936],[-80.010339,40.340913],[-80.008998,40.340286],[-80.008289,40.340011],[-80.007745,40.339896],[-80.007304,40.339697],[-80.006672,40.339603],[-80.006183,40.339628],[-80.005177,40.339571],[-80.004274,40.339669],[-80.003074,40.339097],[-80.001676,40.338571],[-80.000369,40.338449],[-79.999694,40.338275],[-79.998832,40.337872],[-79.998486,40.337599],[-80.009341,40.32112],[-80.008878,40.320581],[-80.008395,40.319744],[-80.00816,40.319746],[-80.007989,40.319623],[-80.007206,40.319962],[-80.007047,40.320391],[-80.006868,40.320258],[-80.006674,40.320204],[-80.006067,40.320437],[-80.004901,40.320495],[-80.003378,40.320839],[-80.002616,40.320953],[-80.002382,40.320904],[-80.002211,40.320755],[-80.002186,40.320543],[-80.002636,40.320018],[-80.002921,40.319327],[-80.003152,40.318624],[-80.003085,40.3181],[-80.003125,40.317795],[-80.003104,40.317718],[-80.002983,40.317644],[-80.002691,40.31768],[-80.002067,40.317878],[-80.001651,40.318167],[-80.001484,40.31817],[-80.001348,40.318107],[-80.001272,40.317987],[-80.00121,40.317618],[-80.001383,40.316945],[-80.001384,40.316257],[-80.001305,40.316012],[-80.001036,40.316082],[-80.000698,40.316081],[-80.000371,40.316011],[-79.999393,40.315655],[-79.998696,40.315626],[-79.998247,40.315729],[-79.995569,40.316782],[-79.99534,40.316652],[-79.995365,40.316552],[-79.995853,40.315891],[-79.995072,40.315518],[-79.99425,40.314927],[-79.993459,40.31447],[-79.992,40.313785],[-79.991759,40.313615],[-79.991404,40.313231],[-79.990358,40.313517],[-79.990481,40.313895],[-79.982819,40.314621],[-79.981279,40.314043],[-79.980843,40.314],[-79.980396,40.314026],[-79.980291,40.31398],[-79.980169,40.313792],[-79.980289,40.313329],[-79.980113,40.313838],[-79.980182,40.314186],[-79.979954,40.314469],[-79.979854,40.316793],[-79.980048,40.317125],[-79.980458,40.318305],[-79.980288,40.318607],[-79.979909,40.318014],[-79.978971,40.318559],[-79.977824,40.317489],[-79.977376,40.317868],[-79.977171,40.317926],[-79.975549,40.318328],[-79.972071,40.319038],[-79.972005,40.319429],[-79.9721,40.319736],[-79.972595,40.320419],[-79.971581,40.321434],[-79.970918,40.323084],[-79.965763,40.321096],[-79.962024,40.319873],[-79.961313,40.318613],[-79.95964,40.317689],[-79.956973,40.320138],[-79.956905,40.320267],[-79.956919,40.321181],[-79.955927,40.320845],[-79.95298,40.320427],[-79.942554,40.31645],[-79.940482,40.317215],[-79.943604,40.324292],[-79.944198,40.325802],[-79.94575,40.331655],[-79.946618,40.334358],[-79.94676,40.334737],[-79.947094,40.3353],[-79.946816,40.335405],[-79.94752,40.335806],[-79.948171,40.336358],[-79.948588,40.336583],[-79.949138,40.336788],[-79.948724,40.337164],[-79.948317,40.337289],[-79.948264,40.337567],[-79.948103,40.337894],[-79.947676,40.338402],[-79.948045,40.338697],[-79.945316,40.339772],[-79.944295,40.340484],[-79.943787,40.34063],[-79.941438,40.341066],[-79.941022,40.340988],[-79.940455,40.340668],[-79.940271,40.34105],[-79.940211,40.341401],[-79.940534,40.342328],[-79.940645,40.343363],[-79.942193,40.343287],[-79.942652,40.343316],[-79.942997,40.343482],[-79.943323,40.343885],[-79.943586,40.344061],[-79.942374,40.344699],[-79.942855,40.345285],[-79.94317,40.345448],[-79.943289,40.345972],[-79.943383,40.346108],[-79.944601,40.346023],[-79.945848,40.345875],[-79.946121,40.345906],[-79.946456,40.346044],[-79.946716,40.346335],[-79.947043,40.346882],[-79.947232,40.347417],[-79.947206,40.347937],[-79.947262,40.34814],[-79.947605,40.348703],[-79.947699,40.348989],[-79.947796,40.349701],[-79.947966,40.349921],[-79.948215,40.350027],[-79.94952,40.350233],[-79.950453,40.350598],[-79.951073,40.350941],[-79.953177,40.352356],[-79.954016,40.352848],[-79.954708,40.353086],[-79.955957,40.353249],[-79.956144,40.353348],[-79.956241,40.353558],[-79.956256,40.354797],[-79.955992,40.355899],[-79.955613,40.356652],[-79.955663,40.356761],[-79.95595,40.356932],[-79.956262,40.356618],[-79.956901,40.356221],[-79.956665,40.355548],[-79.958748,40.352927],[-79.959128,40.352596],[-79.959401,40.352441],[-79.959889,40.352313],[-79.960591,40.352297],[-79.962149,40.354712],[-79.963229,40.355625],[-79.965268,40.35778],[-79.965377,40.357742],[-79.966923,40.356219],[-79.967586,40.355629],[-79.967001,40.355037],[-79.966702,40.354476],[-79.966389,40.354068],[-79.965652,40.353404]]],[[[-79.945474,40.38815],[-79.945645,40.388401],[-79.948374,40.387575],[-79.947971,40.386991],[-79.948831,40.386821],[-79.949571,40.386552],[-79.950014,40.386332],[-79.950102,40.386169],[-79.950085,40.385971],[-79.949666,40.385214],[-79.949662,40.384586],[-79.949882,40.384516],[-79.946101,40.375038],[-79.945488,40.374906],[-79.945229,40.374751],[-79.944891,40.373887],[-79.944631,40.373556],[-79.944385,40.373356],[-79.943941,40.373131],[-79.943332,40.372932],[-79.94301,40.372771],[-79.942522,40.37269],[-79.942057,40.373082],[-79.940626,40.374666],[-79.942734,40.375965],[-79.943666,40.374965],[-79.9455,40.376079],[-79.943332,40.378157],[-79.94406,40.378574],[-79.943152,40.379484],[-79.942889,40.379325],[-79.942535,40.37967],[-79.938278,40.38016],[-79.935473,40.38095],[-79.93553,40.382501],[-79.935384,40.383613],[-79.936124,40.3888],[-79.942093,40.388214],[-79.943647,40.389101],[-79.943841,40.389031],[-79.944385,40.390157],[-79.943791,40.390228],[-79.943547,40.390209],[-79.943245,40.390085],[-79.942517,40.389632],[-79.942355,40.38959],[-79.94143,40.389682],[-79.941024,40.389647],[-79.940377,40.389695],[-79.936779,40.389535],[-79.936869,40.389835],[-79.9361,40.389904],[-79.935648,40.389995],[-79.934944,40.390213],[-79.934552,40.39025],[-79.934518,40.389976],[-79.934564,40.389669],[-79.934121,40.389711],[-79.93426,40.390155],[-79.9346,40.390845],[-79.934751,40.391504],[-79.934985,40.393958],[-79.93587,40.394194],[-79.938594,40.394456],[-79.938156,40.39298],[-79.94387,40.394168],[-79.94439,40.394404],[-79.945308,40.394929],[-79.944933,40.395417],[-79.946078,40.395905],[-79.947379,40.396914],[-79.950608,40.399618],[-79.951053,40.400238],[-79.951517,40.400029],[-79.95284,40.401705],[-79.952555,40.402184],[-79.952921,40.40267],[-79.953201,40.402518],[-79.953492,40.403205],[-79.953288,40.403258],[-79.95492,40.406845],[-79.956032,40.406617],[-79.955971,40.406887],[-79.956283,40.407188],[-79.956625,40.407774],[-79.956644,40.408229],[-79.956112,40.409116],[-79.956203,40.409432],[-79.956131,40.410309],[-79.956582,40.410346],[-79.959048,40.40974],[-79.95907,40.409061],[-79.959292,40.409057],[-79.959311,40.408727],[-79.960098,40.408755],[-79.960393,40.407761],[-79.960489,40.407771],[-79.960909,40.407561],[-79.961354,40.408079],[-79.962227,40.408155],[-79.96303,40.407881],[-79.963563,40.408795],[-79.963884,40.408737],[-79.965887,40.40723],[-79.969061,40.40537],[-79.969503,40.405062],[-79.970106,40.404756],[-79.970736,40.403465],[-79.970961,40.403423],[-79.970871,40.403254],[-79.970865,40.402811],[-79.969054,40.400468],[-79.964795,40.399687],[-79.963904,40.399715],[-79.963476,40.398325],[-79.962989,40.398068],[-79.962565,40.397946],[-79.961057,40.397828],[-79.958798,40.397443],[-79.958451,40.397313],[-79.958161,40.397112],[-79.957731,40.389844],[-79.957187,40.389848],[-79.957159,40.389701],[-79.957543,40.389773],[-79.959338,40.390364],[-79.960416,40.390801],[-79.960679,40.390867],[-79.961157,40.390846],[-79.961783,40.39068],[-79.96246,40.390313],[-79.963553,40.389274],[-79.963694,40.38888],[-79.96266,40.389029],[-79.962314,40.389023],[-79.96209,40.388936],[-79.961691,40.388612],[-79.961141,40.387931],[-79.960194,40.387379],[-79.959772,40.387029],[-79.959649,40.386677],[-79.959693,40.386198],[-79.959756,40.38609],[-79.959956,40.385963],[-79.952237,40.389526],[-79.947598,40.38873],[-79.947011,40.389275],[-79.946162,40.389275],[-79.946103,40.389258],[-79.945365,40.3882],[-79.945474,40.38815]]],[[[-79.9613,40.360658],[-79.961776,40.35999],[-79.959406,40.35804],[-79.958198,40.358241],[-79.959009,40.359075],[-79.960478,40.360163],[-79.9613,40.360658]]]]}},{"type":"Feature","properties":{"block_count":693,"land_area_km2":62.709,"centroid":[-80.047418,40.548823],"bbox":[-80.120432,40.49864,-79.986975,40.595162],"boundary_source":"Approximate ZIP area: 2010 Census blocks grouped by their ZIP code (Allegheny County part only)","id":"zip-15237","name":"ZIP 15237 (Pittsburgh)","zip":"15237","geography":"zip","level":"MEDIUM","anomaly_score":1.4168607425221968,"confidence":"HIGH","case_id":"zcase-022","top_signal_headline":"Rents +5% vs. county +14%"},"geometry":{"type":"MultiPolygon","coordinates":[[[[-80.075656,40.592587],[-80.075862,40.592385],[-80.076158,40.592236],[-80.076547,40.59222],[-80.07664,40.592181],[-80.076813,40.592209],[-80.077872,40.592835],[-80.078463,40.593071],[-80.078924,40.593378],[-80.07914,40.593411],[-80.079392,40.593373],[-80.079572,40.593395],[-80.080826,40.593839],[-80.082008,40.59435],[-80.083283,40.59469],[-80.083621,40.594635],[-80.084061,40.594481],[-80.084796,40.594421],[-80.085754,40.594143],[-80.086521,40.591604],[-80.086945,40.591277],[-80.086813,40.590647],[-80.087001,40.588861],[-80.087439,40.588176],[-80.087712,40.58794],[-80.088113,40.587709],[-80.088206,40.587579],[-80.088333,40.586801],[-80.089023,40.584503],[-80.087057,40.58257],[-80.086533,40.582134],[-80.085988,40.581805],[-80.085131,40.581395],[-80.084925,40.581324],[-80.084583,40.581299],[-80.082274,40.581509],[-80.082073,40.578449],[-80.083697,40.57713],[-80.083502,40.570547],[-80.085629,40.561861],[-80.084898,40.560828],[-80.084424,40.559967],[-80.084166,40.559192],[-80.08395,40.558073],[-80.083993,40.557083],[-80.084288,40.555707],[-80.084309,40.555672],[-80.086184,40.556911],[-80.086213,40.556607],[-80.088,40.550831],[-80.089968,40.550819],[-80.090894,40.550922],[-80.091566,40.551061],[-80.092737,40.551524],[-80.093578,40.551727],[-80.094008,40.551742],[-80.095498,40.551444],[-80.096311,40.551184],[-80.097074,40.550845],[-80.097477,40.550715],[-80.098346,40.550623],[-80.098785,40.550626],[-80.099579,40.550738],[-80.101159,40.551093],[-80.101493,40.551219],[-80.102203,40.551661],[-80.101755,40.55018],[-80.101368,40.549142],[-80.102146,40.548593],[-80.103151,40.547458],[-80.103653,40.546345],[-80.103831,40.545178],[-80.104232,40.544218],[-80.104539,40.543632],[-80.104623,40.543212],[-80.104048,40.542234],[-80.103503,40.541877],[-80.103394,40.541735],[-80.103313,40.541513],[-80.103248,40.540836],[-80.102988,40.540191],[-80.102658,40.539641],[-80.102032,40.538873],[-80.101283,40.537776],[-80.101193,40.537527],[-80.101208,40.537408],[-80.10158,40.536909],[-80.101901,40.536577],[-80.104175,40.534591],[-80.105331,40.534158],[-80.105863,40.533756],[-80.106711,40.533246],[-80.107474,40.532918],[-80.107722,40.532552],[-80.108315,40.532157],[-80.108516,40.531909],[-80.109127,40.531505],[-80.109439,40.53156],[-80.110053,40.531327],[-80.112112,40.530157],[-80.112092,40.530096],[-80.112387,40.529877],[-80.112564,40.529675],[-80.114149,40.527306],[-80.11433,40.526923],[-80.114417,40.526441],[-80.114518,40.526229],[-80.114872,40.52589],[-80.115572,40.525389],[-80.115876,40.525057],[-80.116319,40.523611],[-80.116682,40.523025],[-80.116695,40.522665],[-80.116476,40.521875],[-80.116585,40.520839],[-80.116803,40.520008],[-80.116773,40.51978],[-80.116527,40.519253],[-80.116516,40.519121],[-80.116663,40.51889],[-80.117221,40.518497],[-80.117409,40.518296],[-80.117469,40.518053],[-80.117308,40.517105],[-80.117409,40.516777],[-80.117558,40.51665],[-80.118473,40.516207],[-80.118647,40.516022],[-80.119049,40.515381],[-80.120432,40.515738],[-80.120288,40.51314],[-80.117792,40.512829],[-80.112504,40.511842],[-80.110044,40.511091],[-80.108363,40.510521],[-80.108617,40.513213],[-80.108145,40.513942],[-80.107975,40.5146],[-80.108024,40.514717],[-80.107481,40.516823],[-80.105973,40.516563],[-80.101096,40.515482],[-80.10107,40.515354],[-80.099069,40.514623],[-80.098766,40.514714],[-80.095903,40.514784],[-80.096075,40.515663],[-80.096306,40.516402],[-80.092998,40.516529],[-80.093212,40.516976],[-80.093262,40.517229],[-80.093125,40.51752],[-80.092924,40.517649],[-80.092492,40.517704],[-80.092233,40.517675],[-80.091895,40.517578],[-80.091672,40.517428],[-80.09088,40.517467],[-80.090326,40.517629],[-80.089276,40.518328],[-80.088679,40.518598],[-80.088513,40.518786],[-80.088204,40.519324],[-80.087916,40.519551],[-80.087406,40.519772],[-80.086211,40.520434],[-80.085816,40.520593],[-80.085183,40.520967],[-80.084369,40.521366],[-80.08406,40.521588],[-80.082477,40.521823],[-80.082234,40.521929],[-80.070362,40.517906],[-80.070021,40.517961],[-80.06862,40.517858],[-80.06813,40.517888],[-80.067703,40.518],[-80.066791,40.518336],[-80.066654,40.517959],[-80.066675,40.517733],[-80.066767,40.517519],[-80.067134,40.517166],[-80.067478,40.517024],[-80.062292,40.515437],[-80.062621,40.518947],[-80.062637,40.521727],[-80.06273,40.523403],[-80.063345,40.531701],[-80.061925,40.531955],[-80.060305,40.532681],[-80.060003,40.532733],[-80.059722,40.532726],[-80.059823,40.533252],[-80.059952,40.53346],[-80.056562,40.534213],[-80.054555,40.534559],[-80.05431,40.534549],[-80.052764,40.534222],[-80.05002,40.534243],[-80.048554,40.533535],[-80.04732,40.533007],[-80.046154,40.532031],[-80.045602,40.531694],[-80.0437,40.530906],[-80.042539,40.530512],[-80.042267,40.530258],[-80.041627,40.529246],[-80.03818,40.53511],[-80.035964,40.535582],[-80.035967,40.535078],[-80.034677,40.534923],[-80.03471,40.534604],[-80.034468,40.534634],[-80.033733,40.533142],[-80.033141,40.53317],[-80.032911,40.533482],[-80.032779,40.533298],[-80.032257,40.5335],[-80.032078,40.533575],[-80.031788,40.533911],[-80.031514,40.534067],[-80.031203,40.532716],[-80.030147,40.532722],[-80.030549,40.535156],[-80.029889,40.535239],[-80.029904,40.534727],[-80.028,40.534828],[-80.027748,40.534315],[-80.027086,40.534424],[-80.027091,40.531929],[-80.023809,40.532253],[-80.023748,40.531893],[-80.022944,40.531959],[-80.023065,40.532288],[-80.023669,40.532783],[-80.023727,40.532882],[-80.023663,40.53363],[-80.022855,40.534066],[-80.022521,40.534134],[-80.021905,40.533886],[-80.022234,40.533518],[-80.022294,40.533256],[-80.021696,40.532897],[-80.021383,40.532624],[-80.021165,40.532338],[-80.021087,40.532069],[-80.020116,40.532066],[-80.019824,40.530481],[-80.019201,40.530305],[-80.019631,40.532808],[-80.019909,40.533769],[-80.019424,40.533921],[-80.019079,40.533371],[-80.019065,40.532971],[-80.018663,40.532196],[-80.018548,40.531076],[-80.018398,40.530494],[-80.018456,40.529802],[-80.018427,40.529159],[-80.018176,40.528302],[-80.017919,40.527837],[-80.017698,40.527881],[-80.017099,40.52687],[-80.015666,40.524787],[-80.015287,40.524015],[-80.014238,40.520247],[-80.014083,40.519868],[-80.013592,40.519081],[-80.01467,40.519602],[-80.014685,40.519421],[-80.014433,40.51918],[-80.013973,40.518559],[-80.013436,40.518063],[-80.013916,40.518268],[-80.01377,40.518019],[-80.01365,40.517442],[-80.012477,40.515671],[-80.014318,40.51517],[-80.016348,40.515002],[-80.01773,40.515013],[-80.018135,40.514958],[-80.01713,40.514896],[-80.014424,40.514849],[-80.011933,40.515105],[-80.011004,40.515394],[-80.011444,40.515176],[-80.011468,40.515081],[-80.011327,40.514861],[-80.011542,40.51476],[-80.012395,40.514512],[-80.01261,40.514404],[-80.014243,40.513307],[-80.01512,40.51321],[-80.016372,40.512755],[-80.016844,40.512422],[-80.016996,40.512156],[-80.017155,40.511244],[-80.017106,40.511112],[-80.016809,40.510845],[-80.01666,40.510067],[-80.016736,40.50998],[-80.017541,40.50971],[-80.01779,40.509397],[-80.018155,40.509112],[-80.018228,40.508911],[-80.018131,40.508499],[-80.019097,40.50859],[-80.020038,40.508796],[-80.021196,40.50925],[-80.022289,40.509835],[-80.02304,40.510027],[-80.024812,40.503507],[-80.025005,40.503442],[-80.024661,40.503397],[-80.023415,40.503679],[-80.023232,40.503591],[-80.023159,40.503461],[-80.022865,40.503556],[-80.022553,40.503746],[-80.022081,40.502711],[-80.023573,40.501669],[-80.023229,40.501172],[-80.022899,40.500845],[-80.021881,40.500122],[-80.019435,40.501829],[-80.019143,40.501915],[-80.01761,40.502094],[-80.016013,40.502355],[-80.015353,40.502397],[-80.012564,40.501726],[-80.012199,40.501584],[-80.012833,40.500076],[-80.013257,40.49864],[-80.012956,40.498734],[-80.01286,40.499349],[-80.012621,40.499864],[-80.011416,40.501523],[-80.010632,40.503024],[-80.010114,40.503821],[-80.00947,40.504558],[-80.009103,40.504903],[-80.006637,40.50701],[-80.006676,40.506768],[-80.00693,40.506538],[-80.007815,40.505178],[-80.008055,40.504932],[-80.008897,40.504361],[-80.008938,40.504188],[-80.009492,40.503718],[-80.00973,40.503192],[-80.009731,40.502744],[-80.009622,40.502277],[-80.008657,40.502297],[-80.006989,40.50502],[-80.006701,40.505162],[-80.006291,40.505224],[-80.006358,40.505029],[-80.005986,40.504769],[-80.005399,40.501293],[-80.00752,40.49952],[-80.007211,40.498783],[-80.006643,40.499303],[-80.003406,40.501215],[-80.001292,40.5033],[-79.996675,40.505667],[-79.996192,40.505733],[-79.994299,40.50568],[-79.993035,40.505759],[-79.990523,40.506117],[-79.989811,40.506371],[-79.989548,40.506539],[-79.98929,40.506861],[-79.989258,40.507268],[-79.989399,40.507548],[-79.98953,40.507677],[-79.9903,40.508179],[-79.990874,40.509108],[-79.99142,40.509629],[-79.993077,40.510542],[-79.993986,40.510927],[-79.993477,40.511699],[-79.99342,40.511906],[-79.993415,40.512315],[-79.990982,40.512286],[-79.990949,40.512704],[-79.990771,40.513013],[-79.98962,40.513942],[-79.989275,40.514022],[-79.98749,40.51403],[-79.987484,40.5144],[-79.987075,40.514468],[-79.986975,40.514115],[-79.987224,40.516574],[-79.988117,40.523181],[-79.988252,40.524582],[-79.988288,40.52613],[-79.988214,40.528172],[-79.988223,40.53581],[-79.988318,40.539457],[-79.988598,40.539684],[-79.988656,40.540014],[-79.989167,40.54008],[-79.989239,40.540189],[-79.989232,40.540442],[-79.989369,40.540579],[-79.989751,40.540788],[-79.990428,40.54126],[-79.990968,40.541479],[-79.991522,40.54177],[-79.992387,40.542341],[-79.992898,40.543027],[-79.99292,40.543387],[-79.993605,40.543342],[-79.994606,40.544007],[-79.995028,40.544426],[-79.996753,40.546937],[-79.997698,40.548596],[-79.997747,40.548939],[-79.997718,40.549482],[-79.997803,40.550068],[-79.998203,40.552001],[-79.99835,40.552461],[-79.998185,40.552541],[-79.997695,40.552631],[-79.996981,40.551658],[-79.996286,40.551444],[-79.995625,40.551584],[-79.99449,40.552003],[-79.994277,40.552155],[-79.994191,40.552311],[-79.994198,40.552534],[-79.994706,40.553097],[-79.994783,40.553448],[-79.994939,40.553623],[-79.994664,40.55371],[-79.994648,40.553842],[-79.994825,40.554006],[-79.993874,40.554004],[-79.993164,40.557768],[-79.996662,40.557883],[-79.997704,40.557616],[-79.998901,40.561256],[-79.999288,40.561237],[-79.999557,40.562253],[-79.999577,40.562842],[-79.999167,40.56559],[-79.999221,40.56574],[-79.999332,40.565828],[-79.999474,40.565877],[-79.999778,40.565808],[-80.000291,40.565775],[-80.000801,40.565829],[-80.005567,40.567148],[-80.006727,40.567366],[-80.008125,40.567407],[-80.012234,40.567279],[-80.012017,40.568498],[-80.012057,40.568634],[-80.012154,40.568735],[-80.012353,40.568814],[-80.012944,40.568778],[-80.013474,40.568831],[-80.013799,40.568807],[-80.013848,40.569462],[-80.014605,40.569421],[-80.015033,40.569286],[-80.015363,40.568982],[-80.015629,40.5685],[-80.015849,40.568379],[-80.016359,40.568277],[-80.016498,40.568183],[-80.016257,40.570194],[-80.016275,40.57105],[-80.01636,40.571854],[-80.016633,40.572776],[-80.016937,40.573427],[-80.016925,40.573805],[-80.016839,40.574041],[-80.016686,40.574254],[-80.01516,40.575839],[-80.014761,40.576156],[-80.014678,40.577202],[-80.017888,40.577126],[-80.01792,40.577608],[-80.021437,40.577613],[-80.02141,40.579994],[-80.021321,40.580069],[-80.021365,40.581568],[-80.021086,40.582309],[-80.020976,40.58246],[-80.019395,40.582542],[-80.019108,40.582663],[-80.019014,40.582865],[-80.019071,40.583408],[-80.018397,40.583449],[-80.018303,40.58526],[-80.018849,40.585471],[-80.019532,40.585377],[-80.020125,40.584802],[-80.020231,40.584503],[-80.020832,40.584499],[-80.020833,40.584205],[-80.025781,40.583711],[-80.025903,40.583745],[-80.026073,40.583712],[-80.026314,40.583808],[-80.028145,40.584023],[-80.028206,40.584173],[-80.027951,40.584228],[-80.028596,40.584189],[-80.028726,40.584261],[-80.029254,40.584944],[-80.029777,40.585032],[-80.030015,40.585115],[-80.030512,40.585005],[-80.030872,40.585],[-80.033451,40.585423],[-80.037253,40.586204],[-80.037563,40.58571],[-80.037866,40.585644],[-80.041093,40.586381],[-80.041366,40.586381],[-80.041647,40.58632],[-80.042332,40.585596],[-80.042483,40.585557],[-80.04339,40.585695],[-80.04365,40.585969],[-80.043815,40.586035],[-80.044132,40.585997],[-80.044723,40.585794],[-80.045047,40.586008],[-80.045313,40.586255],[-80.045648,40.586799],[-80.04639,40.586795],[-80.046598,40.586845],[-80.046821,40.586963],[-80.048756,40.588266],[-80.050135,40.589395],[-80.053202,40.59148],[-80.054048,40.592009],[-80.054506,40.592211],[-80.055215,40.592393],[-80.061567,40.593333],[-80.065974,40.594337],[-80.066594,40.594358],[-80.067211,40.594247],[-80.067256,40.595162],[-80.067636,40.595032],[-80.068219,40.594719],[-80.068904,40.594527],[-80.069451,40.594159],[-80.070128,40.593978],[-80.070813,40.593472],[-80.071007,40.59339],[-80.071778,40.593236],[-80.072873,40.592841],[-80.073111,40.592819],[-80.073399,40.592862],[-80.074703,40.592802],[-80.075365,40.592725],[-80.075656,40.592587]],[[-79.98944,40.519776],[-79.989757,40.520222],[-79.989754,40.520475],[-79.989188,40.521452],[-79.988951,40.521591],[-79.988683,40.521601],[-79.988415,40.521444],[-79.988314,40.521132],[-79.988355,40.520943],[-79.988715,40.520234],[-79.988736,40.519941],[-79.989102,40.519895],[-79.98944,40.519776]]],[[[-80.007141,40.572804],[-80.006324,40.572926],[-80.005613,40.572872],[-80.004955,40.572694],[-80.004268,40.572314],[-80.004062,40.570987],[-80.004637,40.570379],[-80.004547,40.570177],[-80.003902,40.569585],[-80.003811,40.569635],[-80.003257,40.570103],[-80.002147,40.571488],[-80.001087,40.573153],[-80.000627,40.57417],[-80.000305,40.574522],[-80.000077,40.57466],[-80.000447,40.575021],[-80.000659,40.580875],[-80.004127,40.580786],[-80.004482,40.58057],[-80.005841,40.580032],[-80.007726,40.57943],[-80.008212,40.579368],[-80.008182,40.578666],[-80.007141,40.572804]]],[[[-80.036935,40.525908],[-80.037042,40.526477],[-80.036817,40.52706],[-80.036893,40.527309],[-80.037083,40.527492],[-80.037297,40.527583],[-80.037601,40.527609],[-80.037864,40.527547],[-80.038664,40.527224],[-80.038905,40.52719],[-80.039269,40.527233],[-80.039604,40.527398],[-80.040099,40.527881],[-80.040904,40.52851],[-80.042243,40.527051],[-80.040578,40.523647],[-80.036684,40.525653],[-80.03685,40.525753],[-80.036935,40.525908]]]]}},{"type":"Feature","properties":{"block_count":393,"land_area_km2":42.4135,"centroid":[-79.880472,40.534643],"bbox":[-79.923659,40.483247,-79.820857,40.588742],"boundary_source":"Approximate ZIP area: 2010 Census blocks grouped by their ZIP code (Allegheny County part only)","id":"zip-15238","name":"ZIP 15238 (Pittsburgh)","zip":"15238","geography":"zip","level":"MEDIUM","anomaly_score":1.1028518205144662,"confidence":"HIGH","case_id":"zcase-033","top_signal_headline":"Home values +19% vs. county +14%"},"geometry":{"type":"Polygon","coordinates":[[[-79.881554,40.551289],[-79.881574,40.552142],[-79.881628,40.552374],[-79.881828,40.552592],[-79.882136,40.552783],[-79.882308,40.553145],[-79.882566,40.553181],[-79.883931,40.553024],[-79.885013,40.553027],[-79.884737,40.554403],[-79.884042,40.555079],[-79.883693,40.555568],[-79.88333,40.555725],[-79.882498,40.555789],[-79.882179,40.555972],[-79.881979,40.556163],[-79.88191,40.556309],[-79.881909,40.556515],[-79.881987,40.55714],[-79.881885,40.557404],[-79.881014,40.55802],[-79.879794,40.558151],[-79.87954,40.558215],[-79.878518,40.558685],[-79.877317,40.558744],[-79.875305,40.558718],[-79.87476,40.558825],[-79.874499,40.558961],[-79.874381,40.559086],[-79.874457,40.559476],[-79.874325,40.559665],[-79.872742,40.559991],[-79.871665,40.560262],[-79.870716,40.560671],[-79.869668,40.561333],[-79.869187,40.561833],[-79.869125,40.562099],[-79.869098,40.562844],[-79.868981,40.563049],[-79.868357,40.563387],[-79.867698,40.563972],[-79.86701,40.564415],[-79.866892,40.564586],[-79.866885,40.564727],[-79.866976,40.56486],[-79.867254,40.565078],[-79.867253,40.565257],[-79.866586,40.565482],[-79.865238,40.566303],[-79.865524,40.566277],[-79.866544,40.565934],[-79.866907,40.565925],[-79.867093,40.565965],[-79.867547,40.566168],[-79.868114,40.566668],[-79.868243,40.566924],[-79.868443,40.567678],[-79.868621,40.567915],[-79.868898,40.568088],[-79.869241,40.568161],[-79.872166,40.568203],[-79.872532,40.568285],[-79.873542,40.569179],[-79.875255,40.570885],[-79.875382,40.570961],[-79.875682,40.571032],[-79.876829,40.571084],[-79.881575,40.57098],[-79.881936,40.570901],[-79.882582,40.570623],[-79.882929,40.570526],[-79.885552,40.570182],[-79.886421,40.569938],[-79.886883,40.569704],[-79.887275,40.569385],[-79.887999,40.568563],[-79.888148,40.568447],[-79.888517,40.568348],[-79.889848,40.568245],[-79.890774,40.568281],[-79.891984,40.568629],[-79.892843,40.568754],[-79.893779,40.569235],[-79.893791,40.569366],[-79.893422,40.569602],[-79.893349,40.569704],[-79.893353,40.57033],[-79.893236,40.570616],[-79.892997,40.570884],[-79.892128,40.57164],[-79.892176,40.571778],[-79.892309,40.571827],[-79.893286,40.571841],[-79.893009,40.572194],[-79.89237,40.573329],[-79.891999,40.573874],[-79.890558,40.575397],[-79.888726,40.574314],[-79.888702,40.574171],[-79.889147,40.573357],[-79.888962,40.573467],[-79.888286,40.573582],[-79.887933,40.573708],[-79.88745,40.574296],[-79.886592,40.574976],[-79.886246,40.575174],[-79.885778,40.575333],[-79.885288,40.57542],[-79.884691,40.575415],[-79.883797,40.575524],[-79.883596,40.575507],[-79.883121,40.575145],[-79.88248,40.574941],[-79.88225,40.574936],[-79.881875,40.57504],[-79.880765,40.575638],[-79.880391,40.575736],[-79.879325,40.575879],[-79.878842,40.576016],[-79.877949,40.576751],[-79.877682,40.576828],[-79.877019,40.576888],[-79.8765,40.577398],[-79.875851,40.577808],[-79.876028,40.580125],[-79.875847,40.580395],[-79.874658,40.580693],[-79.87339,40.58115],[-79.873536,40.581492],[-79.873971,40.581881],[-79.874741,40.582803],[-79.877152,40.582246],[-79.877602,40.582222],[-79.878258,40.582266],[-79.878984,40.582425],[-79.879636,40.582689],[-79.881145,40.58353],[-79.881874,40.583996],[-79.881676,40.584118],[-79.881192,40.58564],[-79.880963,40.58609],[-79.880205,40.586778],[-79.879336,40.5872],[-79.88186,40.587908],[-79.882138,40.587736],[-79.882433,40.587725],[-79.8836,40.588115],[-79.884557,40.588379],[-79.88522,40.588632],[-79.885659,40.588742],[-79.885811,40.588737],[-79.886283,40.588601],[-79.885468,40.588098],[-79.886723,40.58809],[-79.887021,40.587699],[-79.887584,40.587189],[-79.887793,40.587046],[-79.888506,40.586811],[-79.889147,40.586822],[-79.889839,40.586663],[-79.890415,40.586433],[-79.891128,40.58651],[-79.892914,40.586434],[-79.893527,40.586489],[-79.894686,40.58644],[-79.895014,40.586472],[-79.895729,40.586324],[-79.897059,40.585868],[-79.897464,40.585671],[-79.898394,40.585094],[-79.900485,40.584422],[-79.900861,40.584224],[-79.901391,40.583779],[-79.902136,40.583305],[-79.902554,40.582978],[-79.902734,40.582743],[-79.902983,40.58218],[-79.903373,40.581494],[-79.90357,40.581283],[-79.90387,40.581105],[-79.904233,40.580976],[-79.905209,40.581224],[-79.906863,40.58126],[-79.907432,40.581323],[-79.907934,40.580901],[-79.908965,40.580343],[-79.909776,40.579783],[-79.910382,40.579515],[-79.911639,40.579198],[-79.912344,40.578632],[-79.913836,40.578319],[-79.915383,40.57793],[-79.915083,40.554947],[-79.917677,40.554827],[-79.917371,40.554553],[-79.916536,40.554168],[-79.916133,40.553888],[-79.915097,40.552707],[-79.914147,40.551785],[-79.91396,40.551351],[-79.913816,40.550763],[-79.913809,40.5505],[-79.913946,40.550148],[-79.914298,40.549834],[-79.913957,40.549425],[-79.913622,40.549207],[-79.913231,40.54905],[-79.910194,40.5483],[-79.910199,40.546985],[-79.91296,40.546863],[-79.912708,40.540866],[-79.913654,40.540848],[-79.913225,40.54031],[-79.913092,40.540013],[-79.912127,40.538826],[-79.911096,40.537733],[-79.912495,40.536872],[-79.912894,40.536459],[-79.913097,40.536165],[-79.916442,40.536107],[-79.920627,40.535972],[-79.920742,40.535554],[-79.92093,40.535141],[-79.922097,40.533302],[-79.92218,40.533023],[-79.922186,40.532388],[-79.922247,40.532105],[-79.922924,40.531199],[-79.923659,40.530462],[-79.923212,40.530518],[-79.922118,40.530223],[-79.921597,40.530133],[-79.922968,40.528002],[-79.922365,40.525151],[-79.922464,40.525001],[-79.922485,40.524822],[-79.922078,40.524314],[-79.921953,40.524231],[-79.921745,40.524204],[-79.92163,40.524237],[-79.921048,40.524499],[-79.920889,40.524657],[-79.92086,40.524764],[-79.920908,40.524841],[-79.92141,40.525041],[-79.921483,40.525147],[-79.921008,40.525121],[-79.920167,40.525257],[-79.919387,40.525085],[-79.919023,40.525111],[-79.918727,40.52521],[-79.918472,40.525371],[-79.918421,40.525414],[-79.918451,40.525524],[-79.918319,40.525587],[-79.918142,40.525782],[-79.918011,40.525371],[-79.917874,40.525304],[-79.91766,40.525292],[-79.916755,40.525527],[-79.916698,40.526083],[-79.91612,40.526037],[-79.915831,40.526059],[-79.915562,40.526134],[-79.915051,40.526405],[-79.914981,40.526328],[-79.914676,40.519693],[-79.913069,40.519913],[-79.912558,40.520097],[-79.91167,40.520657],[-79.911379,40.520902],[-79.911254,40.521105],[-79.911113,40.521552],[-79.911076,40.521771],[-79.911127,40.522056],[-79.909899,40.522309],[-79.908469,40.522916],[-79.907127,40.523673],[-79.906373,40.523968],[-79.905991,40.524175],[-79.905315,40.524413],[-79.905223,40.524102],[-79.904183,40.523459],[-79.903483,40.522832],[-79.902603,40.521512],[-79.90223,40.521109],[-79.901867,40.520842],[-79.901213,40.520525],[-79.899669,40.52016],[-79.897804,40.519109],[-79.897152,40.518924],[-79.895992,40.518693],[-79.895586,40.518476],[-79.89452,40.517533],[-79.89409,40.517044],[-79.893974,40.516808],[-79.89359,40.515646],[-79.893482,40.513678],[-79.893224,40.512881],[-79.892972,40.512343],[-79.89238,40.512044],[-79.892309,40.511523],[-79.891941,40.511221],[-79.891328,40.510841],[-79.890329,40.510515],[-79.889996,40.51034],[-79.888287,40.509083],[-79.888156,40.50889],[-79.888726,40.507281],[-79.886795,40.505047],[-79.883479,40.500005],[-79.883631,40.499323],[-79.883574,40.49884],[-79.882536,40.496806],[-79.881847,40.494698],[-79.883314,40.494424],[-79.883344,40.493724],[-79.883254,40.493347],[-79.883057,40.492921],[-79.882678,40.492518],[-79.882181,40.492128],[-79.881526,40.491939],[-79.883772,40.491066],[-79.884604,40.490922],[-79.884568,40.489615],[-79.884484,40.488949],[-79.884618,40.488375],[-79.884608,40.48775],[-79.885343,40.487748],[-79.885483,40.487842],[-79.886752,40.487856],[-79.886746,40.486997],[-79.888426,40.486686],[-79.890145,40.486627],[-79.892029,40.486695],[-79.893972,40.486933],[-79.895154,40.487177],[-79.901626,40.488985],[-79.901601,40.488367],[-79.901679,40.488146],[-79.90168,40.486218],[-79.900887,40.486128],[-79.88887,40.484046],[-79.888877,40.484014],[-79.8882,40.483948],[-79.888213,40.483682],[-79.8843,40.483393],[-79.883772,40.483406],[-79.879559,40.483247],[-79.876632,40.483316],[-79.874238,40.48355],[-79.871482,40.483998],[-79.865742,40.48502],[-79.862776,40.485809],[-79.861166,40.486352],[-79.859138,40.487227],[-79.857784,40.48809],[-79.856537,40.488976],[-79.85312,40.491824],[-79.851113,40.493601],[-79.85042,40.495738],[-79.84968,40.497589],[-79.849375,40.498864],[-79.849063,40.500963],[-79.848853,40.503658],[-79.849175,40.506112],[-79.849977,40.510118],[-79.850546,40.514188],[-79.850654,40.515924],[-79.850625,40.519843],[-79.850196,40.521716],[-79.849672,40.523024],[-79.849206,40.523951],[-79.848426,40.525126],[-79.847433,40.526198],[-79.846466,40.526973],[-79.845167,40.527872],[-79.84397,40.528775],[-79.842302,40.529804],[-79.840373,40.530732],[-79.838172,40.531501],[-79.835272,40.532634],[-79.833191,40.533522],[-79.83082,40.534342],[-79.828537,40.535004],[-79.823325,40.536019],[-79.82191,40.53624],[-79.822237,40.537734],[-79.82183,40.537781],[-79.820857,40.538028],[-79.821013,40.539089],[-79.821165,40.539703],[-79.822587,40.53934],[-79.824239,40.546917],[-79.824403,40.547478],[-79.824666,40.548057],[-79.824557,40.548085],[-79.824639,40.548233],[-79.82684,40.547662],[-79.82685,40.547488],[-79.829741,40.546736],[-79.831555,40.546215],[-79.83277,40.545781],[-79.834537,40.545035],[-79.835323,40.544629],[-79.836808,40.543716],[-79.838635,40.542409],[-79.840234,40.540937],[-79.840661,40.540418],[-79.840729,40.540627],[-79.844479,40.536211],[-79.846764,40.53399],[-79.846631,40.534476],[-79.846459,40.534652],[-79.84643,40.534784],[-79.846531,40.534806],[-79.847077,40.5343],[-79.847135,40.534498],[-79.847078,40.534794],[-79.847114,40.53519],[-79.847459,40.535206],[-79.847517,40.535371],[-79.847744,40.535686],[-79.848273,40.535837],[-79.848697,40.535883],[-79.849111,40.536042],[-79.850921,40.538057],[-79.85196,40.539101],[-79.852844,40.539812],[-79.853023,40.540096],[-79.853962,40.540099],[-79.855118,40.540226],[-79.857399,40.540346],[-79.858064,40.540516],[-79.858681,40.540582],[-79.859208,40.540779],[-79.860157,40.540987],[-79.860519,40.541108],[-79.861193,40.541472],[-79.861779,40.542076],[-79.862693,40.542871],[-79.864013,40.543534],[-79.864478,40.543817],[-79.865346,40.544636],[-79.86644,40.54521],[-79.867413,40.546063],[-79.867644,40.546331],[-79.867778,40.546619],[-79.867846,40.547158],[-79.867724,40.547602],[-79.867808,40.547733],[-79.867948,40.547735],[-79.868043,40.54768],[-79.868351,40.547269],[-79.86846,40.55227],[-79.868731,40.554585],[-79.868798,40.556014],[-79.869517,40.555856],[-79.872376,40.555052],[-79.873271,40.554708],[-79.873904,40.554399],[-79.874689,40.553923],[-79.877239,40.552009],[-79.877634,40.551835],[-79.878117,40.551687],[-79.879308,40.551593],[-79.881554,40.551289]]]}},{"type":"Feature","properties":{"block_count":216,"land_area_km2":41.3985,"centroid":[-79.738072,40.483674],"bbox":[-79.785362,40.443526,-79.702104,40.519465],"boundary_source":"Approximate ZIP area: 2010 Census blocks grouped by their ZIP code (Allegheny County part only)","id":"zip-15239","name":"ZIP 15239 (Pittsburgh)","zip":"15239","geography":"zip","level":"LOW","anomaly_score":0.40690626416321957,"confidence":"HIGH","case_id":"zipfile-15239","top_signal_headline":null},"geometry":{"type":"MultiPolygon","coordinates":[[[[-79.714502,40.445886],[-79.712016,40.445791],[-79.711567,40.445832],[-79.711109,40.445968],[-79.710599,40.446309],[-79.710255,40.446669],[-79.710052,40.44698],[-79.709526,40.448113],[-79.708647,40.447887],[-79.708142,40.447673],[-79.707945,40.447542],[-79.707745,40.447247],[-79.707683,40.446646],[-79.707523,40.44637],[-79.706611,40.445904],[-79.705841,40.445441],[-79.705088,40.44482],[-79.703834,40.443526],[-79.703743,40.444698],[-79.703655,40.449331],[-79.703491,40.452984],[-79.704157,40.453122],[-79.705173,40.453094],[-79.706479,40.453164],[-79.707368,40.453163],[-79.707782,40.453608],[-79.707879,40.453885],[-79.707811,40.454168],[-79.707596,40.454502],[-79.707273,40.454781],[-79.706884,40.45501],[-79.706344,40.455195],[-79.704314,40.455404],[-79.703958,40.455535],[-79.703394,40.455945],[-79.702699,40.47155],[-79.70247,40.477834],[-79.702245,40.486033],[-79.702246,40.487744],[-79.702131,40.489635],[-79.702264,40.517891],[-79.702104,40.519465],[-79.703457,40.519326],[-79.703927,40.519195],[-79.704124,40.519066],[-79.704621,40.518414],[-79.705324,40.518019],[-79.705574,40.517983],[-79.70813,40.518025],[-79.71022,40.517576],[-79.710556,40.517467],[-79.710756,40.517127],[-79.710815,40.516075],[-79.711062,40.514329],[-79.710992,40.512765],[-79.711075,40.512253],[-79.711266,40.512038],[-79.711573,40.511916],[-79.712267,40.511821],[-79.712663,40.51167],[-79.71328,40.510957],[-79.71348,40.510829],[-79.71376,40.510836],[-79.714098,40.510944],[-79.714583,40.510925],[-79.715742,40.510374],[-79.717602,40.510731],[-79.718447,40.511031],[-79.72029,40.511453],[-79.721114,40.511757],[-79.721726,40.512056],[-79.722274,40.512482],[-79.723501,40.513882],[-79.724441,40.514819],[-79.725785,40.516302],[-79.726615,40.517101],[-79.726943,40.516993],[-79.727849,40.516863],[-79.728995,40.516797],[-79.72943,40.516594],[-79.730372,40.515742],[-79.730597,40.515448],[-79.731287,40.513996],[-79.731489,40.513155],[-79.731624,40.512829],[-79.732713,40.511075],[-79.733126,40.510766],[-79.734374,40.510324],[-79.735353,40.50989],[-79.735697,40.510305],[-79.736081,40.510538],[-79.738899,40.510704],[-79.739297,40.510762],[-79.739687,40.510897],[-79.738365,40.514031],[-79.743389,40.519366],[-79.746344,40.517795],[-79.747049,40.517697],[-79.747623,40.51743],[-79.748148,40.516993],[-79.748369,40.516518],[-79.74831,40.516404],[-79.748407,40.516293],[-79.748892,40.516075],[-79.751452,40.515197],[-79.751215,40.512358],[-79.750972,40.511179],[-79.749838,40.509271],[-79.749728,40.509192],[-79.749126,40.509075],[-79.748164,40.508811],[-79.750599,40.508401],[-79.752258,40.508016],[-79.754324,40.507718],[-79.754758,40.507537],[-79.754481,40.507229],[-79.754734,40.506647],[-79.75505,40.506483],[-79.755496,40.506373],[-79.756,40.506126],[-79.756828,40.505819],[-79.757375,40.505496],[-79.758181,40.505134],[-79.759058,40.505052],[-79.759325,40.504843],[-79.759598,40.504733],[-79.760174,40.504728],[-79.760634,40.504783],[-79.760965,40.504871],[-79.761397,40.504883],[-79.761699,40.504811],[-79.762627,40.504326],[-79.763371,40.504736],[-79.763122,40.506347],[-79.763154,40.507377],[-79.762878,40.508381],[-79.762879,40.508565],[-79.763095,40.509002],[-79.76437,40.508784],[-79.765532,40.508336],[-79.766015,40.508239],[-79.766471,40.5082],[-79.767271,40.508219],[-79.768264,40.508347],[-79.76862,40.508542],[-79.76915,40.509017],[-79.769321,40.509279],[-79.76955,40.50985],[-79.769704,40.510008],[-79.770924,40.510983],[-79.771283,40.511177],[-79.771492,40.511141],[-79.771745,40.510743],[-79.772007,40.509522],[-79.772232,40.509166],[-79.772908,40.508709],[-79.77405,40.508299],[-79.774255,40.508149],[-79.774511,40.507696],[-79.774613,40.507629],[-79.774865,40.50759],[-79.775567,40.507712],[-79.775801,40.507618],[-79.776333,40.506278],[-79.776438,40.506143],[-79.776567,40.506058],[-79.777163,40.505872],[-79.777328,40.50578],[-79.778395,40.505039],[-79.780407,40.502818],[-79.781093,40.501675],[-79.781494,40.50017],[-79.781504,40.499198],[-79.781556,40.499023],[-79.781891,40.498542],[-79.781853,40.497488],[-79.781652,40.49653],[-79.781884,40.495273],[-79.782604,40.495174],[-79.782707,40.495279],[-79.782857,40.495283],[-79.783103,40.495239],[-79.783363,40.49511],[-79.783267,40.494895],[-79.783348,40.494836],[-79.781223,40.490018],[-79.781105,40.489992],[-79.78079,40.489371],[-79.780919,40.489366],[-79.780569,40.488749],[-79.780804,40.488746],[-79.781913,40.489034],[-79.782502,40.489075],[-79.782642,40.489142],[-79.78266,40.48908],[-79.782062,40.488985],[-79.781823,40.48887],[-79.781068,40.48869],[-79.780761,40.488438],[-79.781143,40.488487],[-79.781672,40.488446],[-79.782212,40.488237],[-79.782646,40.487976],[-79.782985,40.48795],[-79.783139,40.487185],[-79.783103,40.486788],[-79.782884,40.48621],[-79.781308,40.484952],[-79.781042,40.484651],[-79.780687,40.483646],[-79.780484,40.482312],[-79.780488,40.482013],[-79.780339,40.481934],[-79.780385,40.481785],[-79.77874,40.480864],[-79.779633,40.480068],[-79.77992,40.478466],[-79.778107,40.478246],[-79.77845,40.476487],[-79.778611,40.476553],[-79.778866,40.476175],[-79.778398,40.475976],[-79.777604,40.469601],[-79.776949,40.466387],[-79.776787,40.465825],[-79.777161,40.465452],[-79.777253,40.465164],[-79.777588,40.464849],[-79.777611,40.463943],[-79.777766,40.463697],[-79.778113,40.46341],[-79.779119,40.46294],[-79.779272,40.462818],[-79.779351,40.462472],[-79.779423,40.460961],[-79.776012,40.460277],[-79.774315,40.459719],[-79.773906,40.459653],[-79.773489,40.459656],[-79.772682,40.45982],[-79.769403,40.460865],[-79.769068,40.461094],[-79.768098,40.462016],[-79.767418,40.462066],[-79.762074,40.461814],[-79.761643,40.461707],[-79.761453,40.461591],[-79.760615,40.460842],[-79.760299,40.460477],[-79.758949,40.460306],[-79.758738,40.460059],[-79.757708,40.459719],[-79.757048,40.459643],[-79.756386,40.459675],[-79.755956,40.459763],[-79.754697,40.460183],[-79.754272,40.460285],[-79.753762,40.460324],[-79.753513,40.460279],[-79.753107,40.460092],[-79.75177,40.45919],[-79.749476,40.458199],[-79.748371,40.457356],[-79.748016,40.457158],[-79.747393,40.45698],[-79.745622,40.456649],[-79.745185,40.456599],[-79.744611,40.456627],[-79.74369,40.456885],[-79.739582,40.457795],[-79.739109,40.457814],[-79.738863,40.457761],[-79.73641,40.456529],[-79.73609,40.456262],[-79.735658,40.455639],[-79.735039,40.455154],[-79.733249,40.45439],[-79.731479,40.453372],[-79.730423,40.453058],[-79.729041,40.452444],[-79.727516,40.451495],[-79.726079,40.450771],[-79.725084,40.450335],[-79.724313,40.450056],[-79.723286,40.449414],[-79.72202,40.448794],[-79.720912,40.448017],[-79.720061,40.447517],[-79.719317,40.447187],[-79.717334,40.44655],[-79.71592,40.446254],[-79.714502,40.445886]]],[[[-79.783363,40.489876],[-79.783127,40.49044],[-79.783416,40.490519],[-79.784763,40.491143],[-79.784927,40.491287],[-79.78503,40.491664],[-79.785317,40.491744],[-79.785362,40.491583],[-79.785335,40.491395],[-79.78523,40.491177],[-79.785086,40.491026],[-79.783363,40.489876]]]]}},{"type":"Feature","properties":{"block_count":338,"land_area_km2":26.6179,"centroid":[-80.082434,40.333408],"bbox":[-80.118331,40.299837,-80.039879,40.36428],"boundary_source":"Approximate ZIP area: 2010 Census blocks grouped by their ZIP code (Allegheny County part only)","id":"zip-15241","name":"ZIP 15241 (Pittsburgh)","zip":"15241","geography":"zip","level":"LOW","anomaly_score":0.5247218487357789,"confidence":"HIGH","case_id":"zipfile-15241","top_signal_headline":null},"geometry":{"type":"Polygon","coordinates":[[[-80.059919,40.329579],[-80.059266,40.329927],[-80.058537,40.33011],[-80.057682,40.330113],[-80.05686,40.330004],[-80.056399,40.329987],[-80.056055,40.33001],[-80.055703,40.330093],[-80.054576,40.330526],[-80.054229,40.33074],[-80.052334,40.332182],[-80.052489,40.332436],[-80.052335,40.332795],[-80.051998,40.334661],[-80.051127,40.336176],[-80.051153,40.335697],[-80.050664,40.335881],[-80.050488,40.336134],[-80.049156,40.338652],[-80.049361,40.338724],[-80.048603,40.339842],[-80.047213,40.342601],[-80.046718,40.343728],[-80.046373,40.344278],[-80.045809,40.344964],[-80.045166,40.345528],[-80.044113,40.346217],[-80.041239,40.347769],[-80.039879,40.348327],[-80.040638,40.348675],[-80.041541,40.348169],[-80.044252,40.349427],[-80.045111,40.349872],[-80.045537,40.349565],[-80.045769,40.349481],[-80.047525,40.349187],[-80.047465,40.348729],[-80.04775,40.347781],[-80.047903,40.347652],[-80.049088,40.347647],[-80.049413,40.348006],[-80.049542,40.348062],[-80.049751,40.348043],[-80.049932,40.348774],[-80.050176,40.348934],[-80.05049,40.348951],[-80.051044,40.348414],[-80.051364,40.348282],[-80.051768,40.348295],[-80.052303,40.348502],[-80.051928,40.348894],[-80.051563,40.349489],[-80.050967,40.351082],[-80.05117,40.351043],[-80.050922,40.353006],[-80.058476,40.357817],[-80.060701,40.359305],[-80.060673,40.357879],[-80.060992,40.35777],[-80.063538,40.359743],[-80.065008,40.360345],[-80.069033,40.359694],[-80.069764,40.361584],[-80.068474,40.361996],[-80.068558,40.362159],[-80.069165,40.36199],[-80.069901,40.36168],[-80.071269,40.360538],[-80.071779,40.360302],[-80.072524,40.3601],[-80.073185,40.359546],[-80.07358,40.35928],[-80.074173,40.35901],[-80.0744,40.358939],[-80.074724,40.35891],[-80.075205,40.358964],[-80.075629,40.35911],[-80.078051,40.360641],[-80.078526,40.360747],[-80.080038,40.360741],[-80.079174,40.361938],[-80.079688,40.362335],[-80.080234,40.362914],[-80.080398,40.363243],[-80.080692,40.364216],[-80.081414,40.36428],[-80.081825,40.363059],[-80.082828,40.363009],[-80.084826,40.363164],[-80.085322,40.363129],[-80.086205,40.36383],[-80.086891,40.364102],[-80.086937,40.363981],[-80.087661,40.363721],[-80.087302,40.362753],[-80.087675,40.362834],[-80.087513,40.362244],[-80.088334,40.361922],[-80.0891,40.361812],[-80.092466,40.362084],[-80.092485,40.36203],[-80.093033,40.362073],[-80.092923,40.362398],[-80.093257,40.362511],[-80.093498,40.362563],[-80.094262,40.362539],[-80.0943,40.362425],[-80.094461,40.362517],[-80.094996,40.362962],[-80.095105,40.363097],[-80.095029,40.363196],[-80.095043,40.363298],[-80.095124,40.363381],[-80.095184,40.363368],[-80.09513,40.363215],[-80.09536,40.363166],[-80.094956,40.362694],[-80.095389,40.362092],[-80.097762,40.357526],[-80.099032,40.357583],[-80.098655,40.357094],[-80.098194,40.357],[-80.096926,40.356424],[-80.096237,40.356261],[-80.095389,40.356291],[-80.095248,40.35539],[-80.087691,40.352387],[-80.089931,40.350567],[-80.090229,40.350431],[-80.092062,40.351754],[-80.095619,40.353265],[-80.098071,40.350006],[-80.098646,40.349649],[-80.099272,40.349431],[-80.099751,40.349355],[-80.10262,40.349315],[-80.103626,40.349243],[-80.104633,40.349119],[-80.104606,40.348961],[-80.105828,40.348845],[-80.106079,40.348846],[-80.106189,40.348902],[-80.106889,40.350169],[-80.107455,40.350878],[-80.108027,40.351418],[-80.109971,40.351539],[-80.110511,40.351275],[-80.110644,40.351111],[-80.110661,40.350606],[-80.110422,40.349743],[-80.11054,40.349531],[-80.110337,40.349262],[-80.109987,40.348891],[-80.109815,40.348797],[-80.109316,40.348661],[-80.108926,40.348467],[-80.108044,40.348319],[-80.107966,40.348237],[-80.107825,40.348219],[-80.107678,40.348019],[-80.107898,40.34725],[-80.108236,40.346605],[-80.108525,40.346388],[-80.108792,40.345843],[-80.108902,40.345784],[-80.108879,40.345673],[-80.108996,40.345579],[-80.109028,40.345438],[-80.109192,40.34535],[-80.109388,40.345122],[-80.10957,40.344312],[-80.11004,40.34372],[-80.110291,40.343028],[-80.110613,40.342669],[-80.110895,40.342054],[-80.111005,40.341995],[-80.111044,40.341819],[-80.111468,40.341221],[-80.111578,40.340946],[-80.111687,40.340887],[-80.111899,40.340371],[-80.112182,40.339972],[-80.112315,40.339591],[-80.11259,40.339227],[-80.113092,40.338277],[-80.113209,40.338183],[-80.113335,40.337837],[-80.113578,40.337615],[-80.113938,40.337081],[-80.114072,40.3367],[-80.114903,40.335357],[-80.115053,40.334905],[-80.115194,40.334705],[-80.115415,40.33372],[-80.114855,40.33278],[-80.114879,40.332674],[-80.114778,40.33248],[-80.114062,40.33181],[-80.113344,40.331574],[-80.112166,40.331461],[-80.111236,40.331524],[-80.111127,40.331582],[-80.109971,40.33158],[-80.10941,40.331509],[-80.109152,40.331585],[-80.108574,40.331584],[-80.107363,40.331829],[-80.106691,40.332033],[-80.106472,40.33215],[-80.105542,40.332431],[-80.105025,40.332709],[-80.104738,40.332582],[-80.103926,40.332551],[-80.10227,40.332848],[-80.101755,40.332783],[-80.101349,40.332659],[-80.101077,40.332371],[-80.101204,40.331807],[-80.10147,40.331479],[-80.101588,40.330951],[-80.101464,40.330645],[-80.101068,40.330052],[-80.101045,40.32994],[-80.10121,40.329418],[-80.101134,40.328902],[-80.10101,40.328596],[-80.100784,40.328314],[-80.100957,40.327757],[-80.101381,40.327159],[-80.101615,40.326971],[-80.101663,40.32676],[-80.101921,40.326467],[-80.102688,40.32584],[-80.103071,40.325635],[-80.103486,40.325289],[-80.103916,40.32509],[-80.104337,40.325144],[-80.105922,40.324947],[-80.106532,40.324807],[-80.107173,40.324526],[-80.107845,40.324322],[-80.110148,40.323926],[-80.110523,40.323974],[-80.110788,40.32408],[-80.111552,40.324539],[-80.11259,40.324634],[-80.112887,40.3246],[-80.113457,40.324409],[-80.113864,40.323891],[-80.114382,40.323087],[-80.114601,40.32297],[-80.115396,40.323071],[-80.115733,40.322861],[-80.115891,40.322156],[-80.115813,40.322074],[-80.115689,40.321552],[-80.115511,40.321275],[-80.115472,40.321017],[-80.115819,40.319685],[-80.115929,40.319627],[-80.116,40.319092],[-80.115685,40.318764],[-80.11526,40.318469],[-80.115267,40.318179],[-80.11577,40.317827],[-80.116067,40.317783],[-80.117022,40.317839],[-80.117373,40.317764],[-80.118025,40.31739],[-80.118269,40.317122],[-80.118331,40.316801],[-80.118237,40.316536],[-80.117825,40.31617],[-80.116994,40.315981],[-80.116683,40.315841],[-80.116521,40.315681],[-80.116394,40.315341],[-80.116321,40.314716],[-80.116597,40.313541],[-80.116126,40.312478],[-80.116156,40.312324],[-80.114378,40.311669],[-80.106091,40.309175],[-80.104747,40.30915],[-80.104675,40.309078],[-80.104665,40.308766],[-80.099279,40.307266],[-80.098305,40.306933],[-80.096877,40.306568],[-80.095612,40.306184],[-80.094687,40.30583],[-80.086976,40.303669],[-80.086,40.30333],[-80.08291,40.302513],[-80.080776,40.301768],[-80.076675,40.300668],[-80.07396,40.299837],[-80.071917,40.304098],[-80.070905,40.304119],[-80.070718,40.30529],[-80.071002,40.305995],[-80.069395,40.309802],[-80.067693,40.314137],[-80.066889,40.316005],[-80.066806,40.316016],[-80.065119,40.320363],[-80.063078,40.319348],[-80.061499,40.321295],[-80.061696,40.322595],[-80.062686,40.323274],[-80.063002,40.323412],[-80.063411,40.323857],[-80.063623,40.324018],[-80.062777,40.326235],[-80.061865,40.328378],[-80.061188,40.329815],[-80.061491,40.328973],[-80.060841,40.329163],[-80.059919,40.329579]]]}},{"type":"Feature","properties":{"block_count":156,"land_area_km2":7.7899,"centroid":[-80.07308,40.374818],"bbox":[-80.096554,40.35891,-80.052332,40.393243],"boundary_source":"Approximate ZIP area: 2010 Census blocks grouped by their ZIP code (Allegheny County part only)","id":"zip-15243","name":"ZIP 15243 (Pittsburgh)","zip":"15243","geography":"zip","level":"LOW","anomaly_score":0.15828523312878365,"confidence":"HIGH","case_id":"zipfile-15243","top_signal_headline":null},"geometry":{"type":"Polygon","coordinates":[[[-80.066792,40.362571],[-80.066287,40.362576],[-80.06567,40.362432],[-80.065455,40.36234],[-80.065693,40.362129],[-80.064799,40.361877],[-80.064782,40.362348],[-80.064229,40.362566],[-80.063999,40.362704],[-80.063827,40.362923],[-80.063497,40.363749],[-80.062865,40.364397],[-80.062671,40.364878],[-80.062671,40.365378],[-80.062399,40.365758],[-80.062212,40.366383],[-80.06173,40.367127],[-80.06158,40.368887],[-80.061328,40.369313],[-80.061235,40.370159],[-80.061314,40.370813],[-80.061471,40.371272],[-80.059765,40.372036],[-80.057222,40.375043],[-80.056686,40.375121],[-80.055984,40.376367],[-80.055535,40.377436],[-80.055384,40.37768],[-80.055126,40.377972],[-80.052558,40.380269],[-80.052582,40.381248],[-80.052332,40.382247],[-80.052343,40.382509],[-80.052447,40.382875],[-80.053231,40.382813],[-80.053501,40.382743],[-80.053784,40.383549],[-80.054548,40.384673],[-80.053438,40.384934],[-80.054559,40.386875],[-80.055129,40.387596],[-80.055504,40.387986],[-80.055665,40.388067],[-80.056091,40.388199],[-80.056802,40.388335],[-80.057324,40.388541],[-80.057898,40.389055],[-80.058749,40.390422],[-80.059135,40.390814],[-80.058936,40.390984],[-80.056734,40.391453],[-80.056856,40.391906],[-80.057607,40.391812],[-80.058064,40.391948],[-80.059243,40.390905],[-80.063005,40.392851],[-80.063486,40.393059],[-80.064301,40.393243],[-80.064648,40.393005],[-80.065121,40.392946],[-80.065377,40.392867],[-80.065771,40.392847],[-80.066304,40.39263],[-80.067526,40.391921],[-80.067959,40.391724],[-80.068758,40.391658],[-80.0689,40.38889],[-80.073985,40.388176],[-80.073901,40.387511],[-80.073715,40.387233],[-80.071555,40.385451],[-80.069078,40.386789],[-80.069414,40.3833],[-80.06875,40.382957],[-80.068875,40.382785],[-80.069516,40.383069],[-80.070178,40.383154],[-80.075139,40.382636],[-80.07745,40.382609],[-80.078746,40.382491],[-80.081894,40.381882],[-80.082833,40.381658],[-80.083754,40.381218],[-80.08541,40.380272],[-80.086179,40.380127],[-80.086634,40.380202],[-80.087041,40.380341],[-80.090013,40.381976],[-80.090162,40.382028],[-80.090413,40.381981],[-80.091204,40.380595],[-80.091964,40.37954],[-80.092198,40.378768],[-80.091796,40.378328],[-80.091347,40.377969],[-80.090062,40.376957],[-80.088297,40.375677],[-80.089684,40.374563],[-80.089519,40.372049],[-80.089699,40.372174],[-80.090105,40.371847],[-80.09033,40.371763],[-80.090374,40.371546],[-80.090547,40.37145],[-80.09099,40.371443],[-80.091384,40.371538],[-80.095697,40.371679],[-80.096554,40.370998],[-80.09498,40.369366],[-80.09477,40.369013],[-80.094632,40.368344],[-80.094492,40.368109],[-80.094439,40.367269],[-80.094261,40.366776],[-80.094296,40.365549],[-80.094697,40.364622],[-80.094956,40.364329],[-80.095359,40.364113],[-80.094685,40.364319],[-80.09476,40.364191],[-80.095418,40.363831],[-80.095265,40.36335],[-80.095124,40.363381],[-80.095043,40.363298],[-80.095029,40.363196],[-80.095105,40.363097],[-80.094827,40.362792],[-80.0943,40.362425],[-80.094262,40.362539],[-80.093498,40.362563],[-80.093257,40.362511],[-80.092923,40.362398],[-80.093033,40.362073],[-80.092485,40.36203],[-80.092466,40.362084],[-80.089467,40.361821],[-80.088689,40.361849],[-80.088162,40.361973],[-80.087513,40.362244],[-80.087675,40.362834],[-80.087302,40.362753],[-80.087661,40.363721],[-80.086937,40.363981],[-80.086891,40.364102],[-80.086205,40.36383],[-80.085322,40.363129],[-80.084826,40.363164],[-80.082828,40.363009],[-80.081825,40.363059],[-80.081414,40.36428],[-80.080692,40.364216],[-80.080398,40.363243],[-80.080234,40.362914],[-80.079688,40.362335],[-80.079174,40.361938],[-80.080038,40.360741],[-80.078526,40.360747],[-80.078051,40.360641],[-80.075629,40.35911],[-80.075205,40.358964],[-80.074724,40.35891],[-80.0744,40.358939],[-80.074173,40.35901],[-80.07358,40.35928],[-80.073185,40.359546],[-80.072524,40.3601],[-80.071779,40.360302],[-80.071421,40.360445],[-80.070224,40.361436],[-80.069901,40.36168],[-80.069635,40.36181],[-80.06887,40.362076],[-80.067422,40.36245],[-80.066792,40.362571]]]}},{"type":"Feature","properties":{"block_count":40,"land_area_km2":8.6944,"centroid":[-79.934525,40.273634],"bbox":[-79.969083,40.260416,-79.903421,40.285397],"boundary_source":"Approximate ZIP area: 2010 Census blocks grouped by their ZIP code (Allegheny County part only)","id":"zip-15332","name":"ZIP 15332","zip":"15332","geography":"zip","level":"INSUFFICIENT DATA","anomaly_score":null,"confidence":"LOW","case_id":"zipfile-15332","top_signal_headline":null},"geometry":{"type":"Polygon","coordinates":[[[-79.956432,40.265142],[-79.944869,40.261661],[-79.943687,40.261405],[-79.940484,40.260416],[-79.940662,40.260888],[-79.94041,40.261601],[-79.940298,40.26222],[-79.939507,40.262223],[-79.939094,40.262269],[-79.937312,40.262794],[-79.93657,40.263107],[-79.934856,40.264064],[-79.933659,40.264382],[-79.932866,40.264672],[-79.931297,40.265393],[-79.930731,40.265715],[-79.930328,40.266129],[-79.92996,40.266767],[-79.929707,40.26698],[-79.929267,40.26714],[-79.928654,40.267276],[-79.928678,40.267401],[-79.92691,40.267829],[-79.92673,40.267915],[-79.92645,40.268161],[-79.926169,40.268648],[-79.925799,40.268576],[-79.925604,40.26865],[-79.925303,40.268638],[-79.924185,40.268515],[-79.923936,40.268391],[-79.923765,40.268075],[-79.916053,40.268122],[-79.904198,40.271885],[-79.904652,40.273261],[-79.905746,40.274324],[-79.905837,40.274657],[-79.903421,40.275437],[-79.904118,40.27623],[-79.904604,40.276953],[-79.904972,40.277719],[-79.905395,40.27902],[-79.905584,40.279422],[-79.906211,40.280144],[-79.906603,40.280426],[-79.906071,40.280668],[-79.905443,40.280847],[-79.903915,40.280964],[-79.903988,40.281228],[-79.904165,40.281417],[-79.904677,40.281667],[-79.905253,40.282149],[-79.905729,40.282448],[-79.906203,40.282988],[-79.906569,40.283312],[-79.907076,40.283561],[-79.907661,40.283684],[-79.908035,40.283672],[-79.908333,40.283579],[-79.908735,40.283257],[-79.908864,40.28303],[-79.908883,40.28285],[-79.908596,40.281786],[-79.908716,40.281369],[-79.909657,40.28181],[-79.91008,40.282121],[-79.910424,40.282452],[-79.910914,40.283195],[-79.911162,40.284013],[-79.911194,40.283956],[-79.916927,40.284081],[-79.916591,40.283531],[-79.923202,40.281573],[-79.925049,40.285397],[-79.925325,40.285295],[-79.93496,40.284161],[-79.936169,40.283342],[-79.93626,40.282025],[-79.93593,40.279539],[-79.939376,40.27907],[-79.942388,40.278979],[-79.94284,40.279067],[-79.943201,40.27921],[-79.943619,40.279482],[-79.944595,40.280554],[-79.945473,40.28163],[-79.945685,40.281801],[-79.945928,40.281977],[-79.946412,40.282195],[-79.946968,40.282294],[-79.9475,40.282269],[-79.94838,40.282039],[-79.949518,40.281021],[-79.950258,40.280526],[-79.951485,40.280075],[-79.956135,40.279282],[-79.956922,40.279185],[-79.957389,40.279179],[-79.959829,40.279486],[-79.956764,40.278247],[-79.956147,40.278035],[-79.963093,40.272761],[-79.969083,40.268662],[-79.962372,40.266769],[-79.957724,40.265572],[-79.956432,40.265142]]]}},{"type":"Feature","properties":{"block_count":4,"land_area_km2":0.999,"centroid":[-79.781581,40.355039],"bbox":[-79.792584,40.346571,-79.774412,40.359895],"boundary_source":"Approximate ZIP area: 2010 Census blocks grouped by their ZIP code (Allegheny County part only)","id":"zip-15642","name":"ZIP 15642","zip":"15642","geography":"zip","level":"INSUFFICIENT DATA","anomaly_score":null,"confidence":"LOW","case_id":"zipfile-15642","top_signal_headline":null},"geometry":{"type":"Polygon","coordinates":[[[-79.77552,40.353853],[-79.775322,40.355287],[-79.774412,40.359673],[-79.785787,40.359895],[-79.78638,40.357898],[-79.786976,40.356574],[-79.792219,40.347156],[-79.792584,40.34661],[-79.792245,40.346571],[-79.790972,40.347234],[-79.788827,40.349694],[-79.787651,40.351867],[-79.78701,40.353458],[-79.779376,40.352512],[-79.779682,40.35028],[-79.778446,40.350094],[-79.778337,40.34891],[-79.776554,40.348647],[-79.775661,40.35286],[-79.77552,40.353853]]]}},{"type":"Feature","properties":{"block_count":1,"land_area_km2":0.0849,"centroid":[-79.705387,40.454209],"bbox":[-79.707879,40.452984,-79.703394,40.455945],"boundary_source":"Approximate ZIP area: 2010 Census blocks grouped by their ZIP code (Allegheny County part only)","id":"zip-15668","name":"ZIP 15668","zip":"15668","geography":"zip","level":"INSUFFICIENT DATA","anomaly_score":null,"confidence":"LOW","case_id":"zipfile-15668","top_signal_headline":null},"geometry":{"type":"Polygon","coordinates":[[[-79.707368,40.453163],[-79.706479,40.453164],[-79.705173,40.453094],[-79.704157,40.453122],[-79.703491,40.452984],[-79.703394,40.455945],[-79.704112,40.455463],[-79.704494,40.455377],[-79.706344,40.455195],[-79.706884,40.45501],[-79.707273,40.454781],[-79.70768,40.454395],[-79.707866,40.454029],[-79.707879,40.453885],[-79.707782,40.453608],[-79.707368,40.453163]]]}},{"type":"Feature","properties":{"block_count":71,"land_area_km2":11.8858,"centroid":[-80.087841,40.666807],"bbox":[-80.148284,40.652469,-80.036206,40.674935],"boundary_source":"Approximate ZIP area: 2010 Census blocks grouped by their ZIP code (Allegheny County part only)","id":"zip-16046","name":"ZIP 16046","zip":"16046","geography":"zip","level":"HIGH","anomaly_score":1.6257156004965703,"confidence":"HIGH","case_id":"zcase-015","top_signal_headline":"Home sales -26% vs. county +4%"},"geometry":{"type":"MultiPolygon","coordinates":[[[[-80.040993,40.666499],[-80.04089,40.666765],[-80.040745,40.666952],[-80.040329,40.6672],[-80.038966,40.667679],[-80.036668,40.668254],[-80.036318,40.671499],[-80.036206,40.673516],[-80.03623,40.67409],[-80.071393,40.674174],[-80.071434,40.674935],[-80.101542,40.674004],[-80.098082,40.667258],[-80.097954,40.667261],[-80.096457,40.664485],[-80.095901,40.663806],[-80.0951,40.663106],[-80.094426,40.662681],[-80.094321,40.662504],[-80.083144,40.65739],[-80.081812,40.656887],[-80.080402,40.656466],[-80.07874,40.656109],[-80.077973,40.656003],[-80.07744,40.656422],[-80.077119,40.656751],[-80.076083,40.65826],[-80.076023,40.658575],[-80.076102,40.661127],[-80.076037,40.661449],[-80.075781,40.662099],[-80.075453,40.662482],[-80.073661,40.663699],[-80.07333,40.664066],[-80.073172,40.664338],[-80.073068,40.664624],[-80.073011,40.665219],[-80.073181,40.666001],[-80.073145,40.666341],[-80.072904,40.666734],[-80.07259,40.66781],[-80.072036,40.668878],[-80.071204,40.670159],[-80.070385,40.654917],[-80.071713,40.655015],[-80.073145,40.655182],[-80.074252,40.655371],[-80.074468,40.654816],[-80.074407,40.654125],[-80.074444,40.653986],[-80.075385,40.654019],[-80.077029,40.653788],[-80.077873,40.653591],[-80.077781,40.653497],[-80.077805,40.653349],[-80.07789,40.653272],[-80.078149,40.653179],[-80.07205,40.652608],[-80.071502,40.653603],[-80.07006,40.653435],[-80.067888,40.65342],[-80.068135,40.654627],[-80.061939,40.652882],[-80.060751,40.652618],[-80.060018,40.652526],[-80.059177,40.65249],[-80.054412,40.652469],[-80.054358,40.652556],[-80.059206,40.652582],[-80.060047,40.652622],[-80.060781,40.652715],[-80.059717,40.664039],[-80.050527,40.665803],[-80.050458,40.665517],[-80.050209,40.665289],[-80.048776,40.664879],[-80.047682,40.664686],[-80.047492,40.664616],[-80.047301,40.664455],[-80.047188,40.664143],[-80.047313,40.661937],[-80.047467,40.661461],[-80.048184,40.660256],[-80.04826,40.659768],[-80.048162,40.659445],[-80.047735,40.659899],[-80.046455,40.660804],[-80.044821,40.661403],[-80.043693,40.662454],[-80.042077,40.663401],[-80.041929,40.663544],[-80.041838,40.663795],[-80.041922,40.664583],[-80.041879,40.664765],[-80.041222,40.665824],[-80.040993,40.666499]]],[[[-80.125105,40.673669],[-80.131782,40.673847],[-80.132217,40.673686],[-80.132538,40.673625],[-80.133105,40.671068],[-80.134753,40.671051],[-80.135064,40.671198],[-80.136007,40.671988],[-80.136442,40.672194],[-80.13922,40.672791],[-80.140977,40.67306],[-80.142204,40.673076],[-80.142886,40.672975],[-80.143588,40.672945],[-80.144815,40.672972],[-80.145878,40.672866],[-80.148036,40.672752],[-80.1482,40.672671],[-80.148284,40.672514],[-80.148151,40.670146],[-80.146189,40.669665],[-80.143824,40.668445],[-80.143368,40.668145],[-80.141411,40.666388],[-80.141119,40.666191],[-80.138194,40.665091],[-80.136271,40.664652],[-80.134263,40.663628],[-80.13192,40.662059],[-80.13138,40.661869],[-80.130389,40.661755],[-80.12997,40.661637],[-80.129111,40.66124],[-80.128519,40.660827],[-80.128288,40.660726],[-80.127833,40.660678],[-80.117884,40.660931],[-80.117319,40.660718],[-80.115679,40.659839],[-80.115105,40.659634],[-80.1147,40.659568],[-80.113405,40.659697],[-80.112201,40.660002],[-80.11167,40.660262],[-80.110511,40.661198],[-80.110087,40.661349],[-80.108151,40.661329],[-80.100342,40.661573],[-80.100351,40.661356],[-80.100425,40.661225],[-80.100745,40.661],[-80.101005,40.660948],[-80.101801,40.660948],[-80.102168,40.6609],[-80.102539,40.660787],[-80.102927,40.660571],[-80.103327,40.660171],[-80.10339,40.659905],[-80.103301,40.659682],[-80.102957,40.659387],[-80.102743,40.659658],[-80.10257,40.659773],[-80.102362,40.659838],[-80.100394,40.659846],[-80.099984,40.659699],[-80.099743,40.659434],[-80.09969,40.659233],[-80.09972,40.658959],[-80.099936,40.658634],[-80.099724,40.658516],[-80.099491,40.658473],[-80.099109,40.658546],[-80.098606,40.658894],[-80.098407,40.65914],[-80.098169,40.659605],[-80.098043,40.660392],[-80.097895,40.660595],[-80.097719,40.66072],[-80.100543,40.662727],[-80.100748,40.663119],[-80.100911,40.665129],[-80.101029,40.665498],[-80.101946,40.666477],[-80.102147,40.667148],[-80.102632,40.66715],[-80.102938,40.667244],[-80.104353,40.668552],[-80.104593,40.668724],[-80.10625,40.669445],[-80.106869,40.668615],[-80.106854,40.668559],[-80.107009,40.668404],[-80.107221,40.667909],[-80.10718,40.667459],[-80.107388,40.667324],[-80.107735,40.667266],[-80.107874,40.667183],[-80.10792,40.667057],[-80.107865,40.666591],[-80.107988,40.666459],[-80.108215,40.666398],[-80.108374,40.666428],[-80.108512,40.666512],[-80.10978,40.667558],[-80.110266,40.667335],[-80.110938,40.667136],[-80.111538,40.667041],[-80.112205,40.667049],[-80.112789,40.667159],[-80.113349,40.667369],[-80.113834,40.667658],[-80.114235,40.668015],[-80.114551,40.668419],[-80.114847,40.669084],[-80.114913,40.669553],[-80.114969,40.671205],[-80.114712,40.671846],[-80.11326,40.673869],[-80.11994,40.673788],[-80.125105,40.673669]]]]}},{"type":"Feature","properties":{"block_count":13,"land_area_km2":2.1272,"centroid":[-79.957199,40.66936],"bbox":[-79.997046,40.663763,-79.932265,40.673637],"boundary_source":"Approximate ZIP area: 2010 Census blocks grouped by their ZIP code (Allegheny County part only)","id":"zip-16059","name":"ZIP 16059","zip":"16059","geography":"zip","level":"INSUFFICIENT DATA","anomaly_score":null,"confidence":"LOW","case_id":"zipfile-16059","top_signal_headline":null},"geometry":{"type":"MultiPolygon","coordinates":[[[[-79.937021,40.666802],[-79.935953,40.666953],[-79.934691,40.667038],[-79.934371,40.667009],[-79.933731,40.666865],[-79.932494,40.670302],[-79.932324,40.670962],[-79.932265,40.671963],[-79.932403,40.672876],[-79.937613,40.672844],[-79.952154,40.672466],[-79.96077,40.672306],[-79.96012,40.672014],[-79.959817,40.67196],[-79.959142,40.671952],[-79.957863,40.672021],[-79.957193,40.671888],[-79.956704,40.67162],[-79.955629,40.67082],[-79.955021,40.669984],[-79.952912,40.670041],[-79.950495,40.664322],[-79.939967,40.663763],[-79.937021,40.666802]]],[[[-79.985705,40.672406],[-79.985667,40.672514],[-79.985721,40.672595],[-79.987174,40.673538],[-79.987842,40.673587],[-79.989923,40.673618],[-79.993995,40.673637],[-79.996979,40.673635],[-79.997046,40.67355],[-79.99703,40.67286],[-79.996279,40.672189],[-79.996067,40.672055],[-79.995711,40.671586],[-79.995383,40.672092],[-79.995033,40.672473],[-79.994583,40.672788],[-79.994139,40.672988],[-79.993846,40.666503],[-79.980249,40.668215],[-79.983149,40.669568],[-79.983633,40.669216],[-79.983737,40.6692],[-79.984073,40.669313],[-79.984351,40.669532],[-79.984755,40.670016],[-79.984688,40.67014],[-79.984249,40.670353],[-79.985207,40.671406],[-79.986125,40.671873],[-79.985705,40.672406]]],[[[-79.984402,40.673293],[-79.984081,40.673425],[-79.985329,40.673443],[-79.984713,40.673038],[-79.984402,40.673293]]]]}}]}