RegionID,SizeRank,RegionName,RegionType,StateName,2018-03-31,2018-04-30,2018-05-31,2018-06-30,2018-07-31,2018-08-31,2018-09-30,2018-10-31,2018-11-30,2018-12-31,2019-01-31,2019-02-28,2019-03-31,2019-04-30,2019-05-31,2019-06-30,2019-07-31,2019-08-31,2019-09-30,2019-10-31,2019-11-30,2019-12-31,2020-01-31,2020-02-29,2020-03-31,2020-04-30,2020-05-31,2020-06-30,2020-07-31,2020-08-31,2020-09-30,2020-10-31,2020-11-30,2020-12-31,2021-01-31,2021-02-28,2021-03-31,2021-04-30,2021-05-31,2021-06-30,2021-07-31,2021-08-31,2021-09-30,2021-10-31,2021-11-30,2021-12-31,2022-01-31,2022-02-28,2022-03-31,2022-04-30,2022-05-31,2022-06-30,2022-07-31,2022-08-31,2022-09-30,2022-10-31,2022-11-30,2022-12-31,2023-01-31,2023-02-28,2023-03-31,2023-04-30,2023-05-31,2023-06-30,2023-07-31,2023-08-31,2023-09-30,2023-10-31,2023-11-30,2023-12-31,2024-01-31,2024-02-29,2024-03-31,2024-04-30,2024-05-31,2024-06-30,2024-07-31,2024-08-31,2024-09-30,2024-10-31,2024-11-30,2024-12-31,2025-01-31,2025-02-28,2025-03-31,2025-04-30,2025-05-31,2025-06-30,2025-07-31,2025-08-31,2025-09-30,2025-10-31,2025-11-30,2025-12-31,2026-01-31,2026-02-28,2026-03-31,2026-04-30,2026-05-31,2026-06-30,2026-07-31,2026-08-31
102001,0,United States,country,,51.0,48.0,45.0,43.0,44.0,46.0,50.0,54.0,59.0,66.0,72.0,73.0,70.0,63.0,57.0,53.0,52.0,54.0,56.0,59.0,62.0,67.0,72.0,72.0,65.0,58.0,54.0,54.0,53.0,50.0,47.0,44.0,43.0,43.0,46.0,47.0,42.0,34.0,28.0,24.0,22.0,22.0,24.0,26.0,28.0,31.0,33.0,32.0,29.0,24.0,20.0,19.0,20.0,24.0,29.0,33.0,37.0,42.0,49.0,51.0,49.0,43.0,37.0,33.0,32.0,33.0,35.0,36.0,39.0,44.0,49.0,52.0,49.0,43.0,39.0,37.0,38.0,41.0,44.0,46.0,50.0,55.0,61.0,63.0,60.0,53.0,48.0,46.0,47.0,50.0,54.0,56.0,59.0,65.0,71.0,73.0,68.0,60.0,53.0,50.0,51.0,53.0
394913,1,"New York, NY",msa,NY,68.0,65.0,63.0,64.0,66.0,71.0,77.0,82.0,87.0,93.0,100.0,102.0,100.0,92.0,86.0,81.0,81.0,85.0,89.0,92.0,95.0,101.0,107.0,109.0,101.0,92.0,87.0,84.0,77.0,72.0,68.0,66.0,66.0,70.0,78.0,84.0,81.0,72.0,63.0,59.0,58.0,57.0,60.0,62.0,66.0,69.0,73.0,72.0,67.0,58.0,50.0,47.0,46.0,50.0,53.0,57.0,60.0,65.0,72.0,76.0,73.0,65.0,58.0,54.0,53.0,54.0,55.0,56.0,57.0,61.0,68.0,72.0,67.0,59.0,51.0,49.0,50.0,53.0,56.0,58.0,60.0,65.0,71.0,72.0,67.0,58.0,51.0,48.0,49.0,53.0,57.0,60.0,62.0,67.0,73.0,76.0,72.0,62.0,54.0,50.0,52.0,55.0
753899,2,"Los Angeles, CA",msa,CA,35.0,32.0,31.0,32.0,33.0,36.0,40.0,43.0,46.0,51.0,56.0,59.0,56.0,51.0,46.0,44.0,44.0,45.0,47.0,48.0,50.0,53.0,56.0,53.0,45.0,38.0,35.0,36.0,37.0,36.0,34.0,32.0,31.0,32.0,35.0,35.0,32.0,27.0,24.0,23.0,22.0,23.0,24.0,25.0,26.0,27.0,29.0,27.0,23.0,19.0,18.0,19.0,22.0,27.0,32.0,36.0,39.0,44.0,50.0,52.0,49.0,42.0,35.0,31.0,29.0,29.0,30.0,31.0,33.0,36.0,40.0,41.0,37.0,33.0,30.0,29.0,30.0,33.0,36.0,38.0,41.0,46.0,51.0,51.0,47.0,41.0,39.0,40.0,43.0,47.0,50.0,53.0,55.0,59.0,63.0,61.0,54.0,47.0,44.0,45.0,46.0,48.0
394463,3,"Chicago, IL",msa,IL,51.0,44.0,40.0,39.0,40.0,44.0,49.0,54.0,60.0,69.0,77.0,78.0,71.0,59.0,51.0,47.0,48.0,51.0,56.0,60.0,66.0,75.0,83.0,82.0,72.0,61.0,56.0,55.0,52.0,49.0,45.0,43.0,42.0,46.0,52.0,53.0,47.0,37.0,29.0,25.0,24.0,25.0,28.0,31.0,36.0,41.0,46.0,44.0,36.0,27.0,22.0,20.0,20.0,24.0,29.0,33.0,37.0,43.0,50.0,52.0,46.0,37.0,30.0,26.0,25.0,25.0,26.0,28.0,31.0,36.0,42.0,44.0,38.0,30.0,26.0,24.0,24.0,25.0,27.0,31.0,35.0,41.0,46.0,48.0,43.0,35.0,29.0,26.0,27.0,29.0,31.0,33.0,36.0,42.0,49.0,49.0,43.0,35.0,29.0,27.0,27.0,29.0
394514,4,"Dallas, TX",msa,TX,46.0,42.0,38.0,37.0,38.0,41.0,45.0,49.0,54.0,60.0,65.0,66.0,62.0,56.0,51.0,49.0,49.0,51.0,54.0,58.0,61.0,65.0,69.0,69.0,64.0,56.0,52.0,50.0,49.0,47.0,46.0,44.0,44.0,44.0,45.0,44.0,40.0,33.0,28.0,25.0,23.0,24.0,26.0,28.0,30.0,31.0,32.0,31.0,26.0,18.0,13.0,12.0,14.0,18.0,24.0,29.0,33.0,40.0,46.0,49.0,45.0,37.0,30.0,27.0,28.0,31.0,34.0,37.0,40.0,45.0,51.0,52.0,49.0,43.0,39.0,38.0,40.0,45.0,50.0,53.0,57.0,62.0,69.0,71.0,67.0,59.0,53.0,52.0,54.0,59.0,64.0,68.0,71.0,76.0,80.0,82.0,76.0,66.0,58.0,56.0,58.0,61.0
394692,5,"Houston, TX",msa,TX,49.0,46.0,43.0,42.0,44.0,47.0,52.0,57.0,62.0,67.0,71.0,73.0,69.0,63.0,57.0,54.0,54.0,56.0,60.0,64.0,67.0,72.0,77.0,76.0,69.0,61.0,57.0,58.0,57.0,54.0,51.0,50.0,48.0,47.0,48.0,48.0,44.0,38.0,31.0,26.0,23.0,24.0,26.0,29.0,31.0,33.0,35.0,34.0,32.0,27.0,23.0,21.0,21.0,25.0,30.0,36.0,41.0,47.0,54.0,57.0,55.0,49.0,43.0,39.0,38.0,39.0,41.0,44.0,47.0,53.0,58.0,63.0,60.0,54.0,48.0,47.0,49.0,53.0,57.0,60.0,62.0,67.0,73.0,76.0,73.0,67.0,62.0,60.0,63.0,67.0,73.0,77.0,81.0,86.0,92.0,94.0,90.0,81.0,74.0,71.0,72.0,74.0
395209,6,"Washington, DC",msa,VA,53.0,45.0,42.0,38.0,37.0,36.0,38.0,42.0,46.0,54.0,59.0,56.0,47.0,37.0,32.0,31.0,34.0,37.0,39.0,40.0,43.0,49.0,53.0,50.0,39.0,30.0,27.0,28.0,28.0,26.0,25.0,22.0,22.0,23.0,25.0,25.0,21.0,16.0,13.0,13.0,14.0,16.0,19.0,21.0,24.0,27.0,28.0,25.0,20.0,15.0,13.0,13.0,16.0,20.0,24.0,28.0,32.0,37.0,42.0,41.0,33.0,24.0,20.0,18.0,18.0,19.0,20.0,22.0,25.0,30.0,33.0,32.0,26.0,20.0,17.0,17.0,19.0,22.0,25.0,27.0,30.0,34.0,38.0,36.0,30.0,24.0,23.0,25.0,28.0,32.0,35.0,37.0,40.0,47.0,52.0,52.0,43.0,33.0,28.0,28.0,31.0,35.0
394974,7,"Philadelphia, PA",msa,PA,60.0,56.0,52.0,52.0,51.0,52.0,53.0,56.0,60.0,65.0,71.0,72.0,66.0,56.0,49.0,45.0,47.0,49.0,52.0,53.0,55.0,62.0,67.0,66.0,57.0,50.0,45.0,44.0,39.0,35.0,35.0,33.0,33.0,32.0,36.0,36.0,32.0,26.0,21.0,19.0,18.0,20.0,23.0,24.0,26.0,29.0,33.0,33.0,29.0,22.0,18.0,17.0,19.0,22.0,25.0,27.0,29.0,33.0,38.0,40.0,38.0,32.0,27.0,24.0,23.0,23.0,24.0,25.0,29.0,33.0,37.0,38.0,35.0,30.0,26.0,24.0,25.0,27.0,28.0,30.0,32.0,36.0,40.0,42.0,38.0,32.0,28.0,26.0,27.0,29.0,32.0,34.0,36.0,41.0,45.0,47.0,43.0,36.0,30.0,28.0,30.0,31.0
394856,8,"Miami, FL",msa,FL,59.0,62.0,64.0,67.0,68.0,69.0,72.0,74.0,77.0,80.0,85.0,88.0,87.0,86.0,84.0,84.0,83.0,84.0,85.0,86.0,87.0,90.0,92.0,92.0,88.0,85.0,83.0,84.0,85.0,84.0,81.0,79.0,78.0,80.0,82.0,83.0,79.0,73.0,65.0,58.0,50.0,44.0,41.0,42.0,43.0,44.0,45.0,45.0,41.0,35.0,31.0,27.0,27.0,30.0,34.0,39.0,43.0,48.0,54.0,58.0,60.0,58.0,56.0,53.0,52.0,51.0,51.0,50.0,51.0,55.0,60.0,64.0,66.0,66.0,67.0,68.0,68.0,70.0,73.0,77.0,80.0,85.0,89.0,92.0,93.0,91.0,91.0,93.0,95.0,97.0,101.0,104.0,105.0,107.0,108.0,108.0,105.0,101.0,99.0,98.0,98.0,98.0
394347,9,"Atlanta, GA",msa,GA,40.0,35.0,32.0,31.0,32.0,34.0,37.0,40.0,44.0,48.0,53.0,54.0,51.0,45.0,41.0,39.0,40.0,42.0,45.0,47.0,50.0,55.0,60.0,61.0,55.0,47.0,43.0,44.0,46.0,45.0,43.0,40.0,38.0,38.0,38.0,36.0,30.0,24.0,19.0,17.0,16.0,17.0,20.0,21.0,23.0,24.0,27.0,27.0,24.0,21.0,18.0,17.0,19.0,22.0,27.0,32.0,37.0,44.0,51.0,54.0,51.0,43.0,37.0,34.0,33.0,33.0,35.0,37.0,40.0,45.0,50.0,52.0,48.0,44.0,41.0,40.0,42.0,46.0,51.0,54.0,59.0,65.0,72.0,75.0,71.0,64.0,59.0,59.0,62.0,66.0,70.0,73.0,77.0,83.0,89.0,89.0,84.0,76.0,69.0,67.0,67.0,69.0
394404,10,"Boston, MA",msa,MA,34.0,27.0,23.0,21.0,24.0,27.0,30.0,33.0,37.0,43.0,50.0,50.0,44.0,35.0,30.0,28.0,29.0,33.0,35.0,37.0,40.0,49.0,55.0,52.0,40.0,30.0,27.0,28.0,27.0,26.0,27.0,26.0,27.0,29.0,34.0,34.0,28.0,21.0,17.0,15.0,16.0,17.0,19.0,20.0,22.0,26.0,30.0,28.0,21.0,15.0,13.0,15.0,17.0,21.0,23.0,25.0,27.0,32.0,37.0,38.0,34.0,27.0,21.0,18.0,19.0,20.0,22.0,22.0,24.0,28.0,31.0,32.0,28.0,22.0,19.0,18.0,19.0,22.0,25.0,27.0,29.0,35.0,40.0,39.0,32.0,24.0,20.0,20.0,23.0,29.0,32.0,34.0,35.0,42.0,47.0,47.0,38.0,31.0,24.0,23.0,25.0,29.0
394976,11,"Phoenix, AZ",msa,AZ,47.0,46.0,47.0,46.0,48.0,49.0,48.0,49.0,52.0,55.0,58.0,58.0,57.0,54.0,52.0,49.0,48.0,46.0,44.0,42.0,42.0,45.0,47.0,47.0,41.0,37.0,35.0,36.0,37.0,35.0,31.0,28.0,27.0,29.0,30.0,29.0,25.0,21.0,18.0,18.0,18.0,19.0,20.0,22.0,23.0,25.0,27.0,26.0,23.0,19.0,18.0,19.0,22.0,29.0,37.0,46.0,53.0,61.0,69.0,73.0,71.0,64.0,57.0,51.0,46.0,42.0,40.0,40.0,41.0,46.0,50.0,50.0,47.0,44.0,44.0,44.0,45.0,47.0,48.0,48.0,50.0,54.0,58.0,59.0,56.0,53.0,54.0,56.0,61.0,64.0,64.0,62.0,61.0,64.0,66.0,65.0,60.0,58.0,58.0,59.0,61.0,63.0
395057,12,"San Francisco, CA",msa,CA,23.0,19.0,18.0,19.0,21.0,24.0,25.0,28.0,31.0,37.0,41.0,40.0,35.0,30.0,28.0,27.0,29.0,31.0,33.0,33.0,35.0,41.0,44.0,40.0,31.0,25.0,25.0,27.0,28.0,27.0,26.0,26.0,26.0,30.0,32.0,31.0,26.0,20.0,18.0,17.0,17.0,18.0,20.0,21.0,22.0,26.0,27.0,25.0,20.0,16.0,16.0,18.0,22.0,27.0,31.0,34.0,36.0,43.0,49.0,49.0,41.0,33.0,28.0,26.0,25.0,26.0,28.0,28.0,31.0,38.0,42.0,41.0,33.0,27.0,24.0,25.0,28.0,32.0,34.0,35.0,38.0,45.0,48.0,45.0,36.0,31.0,30.0,33.0,37.0,41.0,43.0,44.0,46.0,53.0,56.0,52.0,41.0,32.0,29.0,31.0,35.0,38.0
395025,13,"Riverside, CA",msa,CA,43.0,40.0,39.0,39.0,41.0,43.0,48.0,51.0,55.0,59.0,63.0,65.0,63.0,60.0,57.0,54.0,52.0,51.0,52.0,53.0,55.0,58.0,62.0,62.0,57.0,50.0,47.0,47.0,48.0,44.0,37.0,30.0,27.0,29.0,31.0,31.0,27.0,22.0,18.0,16.0,16.0,18.0,19.0,21.0,23.0,25.0,27.0,25.0,22.0,18.0,18.0,19.0,23.0,29.0,35.0,40.0,46.0,51.0,58.0,61.0,58.0,51.0,44.0,39.0,37.0,36.0,36.0,37.0,40.0,43.0,48.0,50.0,47.0,43.0,39.0,39.0,39.0,41.0,43.0,46.0,49.0,54.0,60.0,62.0,60.0,55.0,53.0,53.0,54.0,58.0,62.0,65.0,66.0,68.0,72.0,72.0,69.0,61.0,57.0,55.0,56.0,58.0
394532,14,"Detroit, MI",msa,MI,42.0,34.0,28.0,24.0,25.0,28.0,31.0,37.0,43.0,51.0,57.0,62.0,57.0,49.0,40.0,35.0,34.0,37.0,40.0,46.0,50.0,58.0,65.0,67.0,60.0,55.0,48.0,46.0,40.0,35.0,32.0,30.0,31.0,33.0,39.0,38.0,33.0,24.0,19.0,16.0,15.0,17.0,20.0,23.0,25.0,27.0,30.0,30.0,27.0,22.0,17.0,16.0,17.0,21.0,25.0,29.0,33.0,38.0,43.0,47.0,44.0,37.0,29.0,24.0,23.0,23.0,25.0,27.0,30.0,34.0,38.0,40.0,36.0,31.0,26.0,24.0,23.0,24.0,27.0,30.0,33.0,37.0,42.0,44.0,41.0,35.0,30.0,27.0,27.0,28.0,31.0,33.0,37.0,43.0,50.0,53.0,50.0,42.0,35.0,31.0,30.0,32.0
395078,15,"Seattle, WA",msa,WA,22.0,17.0,15.0,15.0,17.0,21.0,26.0,31.0,37.0,45.0,49.0,47.0,39.0,30.0,24.0,22.0,24.0,27.0,30.0,32.0,35.0,39.0,41.0,35.0,25.0,17.0,15.0,17.0,18.0,17.0,17.0,16.0,18.0,20.0,22.0,20.0,15.0,12.0,10.0,10.0,11.0,12.0,13.0,14.0,15.0,16.0,16.0,14.0,10.0,8.0,8.0,10.0,15.0,21.0,27.0,31.0,36.0,42.0,50.0,48.0,40.0,28.0,21.0,18.0,18.0,20.0,23.0,25.0,28.0,35.0,39.0,36.0,28.0,20.0,17.0,17.0,20.0,24.0,28.0,32.0,36.0,43.0,45.0,42.0,32.0,24.0,21.0,23.0,27.0,33.0,37.0,42.0,47.0,56.0,60.0,54.0,42.0,33.0,29.0,30.0,34.0,39.0
394865,16,"Minneapolis, MN",msa,MN,43.0,36.0,32.0,32.0,32.0,35.0,39.0,43.0,49.0,57.0,65.0,66.0,60.0,47.0,39.0,34.0,34.0,37.0,40.0,44.0,49.0,56.0,61.0,61.0,53.0,42.0,35.0,33.0,34.0,34.0,33.0,32.0,33.0,37.0,42.0,40.0,33.0,24.0,18.0,17.0,18.0,20.0,23.0,25.0,29.0,34.0,37.0,35.0,28.0,21.0,17.0,17.0,19.0,24.0,29.0,33.0,38.0,46.0,54.0,56.0,49.0,37.0,27.0,24.0,24.0,26.0,29.0,32.0,37.0,44.0,52.0,54.0,47.0,37.0,30.0,29.0,30.0,33.0,37.0,40.0,46.0,52.0,59.0,59.0,51.0,40.0,33.0,31.0,33.0,36.0,40.0,43.0,47.0,54.0,61.0,63.0,56.0,46.0,37.0,34.0,35.0,39.0
395056,17,"San Diego, CA",msa,CA,35.0,33.0,33.0,35.0,40.0,43.0,46.0,48.0,52.0,58.0,61.0,63.0,59.0,55.0,49.0,46.0,46.0,48.0,50.0,51.0,51.0,56.0,60.0,56.0,47.0,41.0,40.0,40.0,37.0,33.0,30.0,26.0,25.0,27.0,28.0,28.0,24.0,20.0,17.0,16.0,16.0,17.0,18.0,19.0,20.0,20.0,19.0,17.0,14.0,13.0,13.0,15.0,18.0,24.0,29.0,33.0,36.0,40.0,46.0,46.0,39.0,30.0,24.0,21.0,21.0,21.0,23.0,24.0,27.0,31.0,34.0,35.0,30.0,27.0,25.0,25.0,27.0,31.0,35.0,38.0,41.0,45.0,48.0,48.0,43.0,39.0,36.0,38.0,42.0,47.0,50.0,53.0,55.0,57.0,59.0,57.0,52.0,44.0,39.0,39.0,41.0,42.0
395148,18,"Tampa, FL",msa,FL,45.0,43.0,42.0,41.0,42.0,44.0,47.0,49.0,51.0,53.0,58.0,61.0,59.0,57.0,55.0,53.0,52.0,51.0,52.0,55.0,56.0,57.0,57.0,55.0,50.0,44.0,43.0,44.0,44.0,39.0,35.0,32.0,31.0,30.0,32.0,31.0,28.0,22.0,17.0,14.0,13.0,14.0,15.0,16.0,17.0,18.0,18.0,18.0,16.0,13.0,12.0,13.0,15.0,20.0,24.0,29.0,33.0,40.0,45.0,49.0,49.0,45.0,40.0,35.0,33.0,32.0,33.0,35.0,38.0,42.0,49.0,52.0,52.0,49.0,48.0,49.0,52.0,55.0,59.0,65.0,66.0,68.0,68.0,69.0,66.0,61.0,59.0,61.0,65.0,69.0,72.0,74.0,75.0,78.0,82.0,82.0,80.0,75.0,71.0,68.0,69.0,70.0
394530,19,"Denver, CO",msa,CO,23.0,19.0,17.0,17.0,19.0,23.0,27.0,31.0,35.0,40.0,44.0,42.0,37.0,30.0,26.0,25.0,27.0,31.0,34.0,37.0,39.0,43.0,46.0,43.0,34.0,26.0,23.0,25.0,25.0,25.0,24.0,23.0,23.0,24.0,25.0,25.0,20.0,15.0,11.0,10.0,10.0,12.0,14.0,15.0,16.0,18.0,18.0,16.0,12.0,10.0,9.0,10.0,14.0,20.0,26.0,31.0,36.0,43.0,49.0,47.0,38.0,28.0,22.0,20.0,21.0,24.0,27.0,31.0,36.0,42.0,46.0,44.0,36.0,27.0,23.0,24.0,28.0,33.0,39.0,43.0,49.0,57.0,61.0,59.0,49.0,41.0,36.0,37.0,42.0,49.0,55.0,60.0,64.0,73.0,76.0,72.0,59.0,48.0,42.0,41.0,43.0,48.0
394358,20,"Baltimore, MD",msa,MD,59.0,54.0,50.0,47.0,49.0,48.0,50.0,54.0,58.0,67.0,72.0,73.0,65.0,55.0,47.0,45.0,47.0,51.0,54.0,55.0,57.0,61.0,67.0,67.0,60.0,50.0,45.0,43.0,43.0,40.0,39.0,33.0,30.0,29.0,31.0,30.0,24.0,18.0,15.0,14.0,14.0,16.0,18.0,20.0,23.0,25.0,27.0,26.0,22.0,17.0,14.0,14.0,15.0,18.0,21.0,24.0,26.0,31.0,35.0,36.0,32.0,26.0,22.0,19.0,19.0,20.0,21.0,22.0,25.0,28.0,32.0,33.0,30.0,25.0,21.0,20.0,21.0,23.0,25.0,26.0,28.0,32.0,38.0,39.0,35.0,29.0,26.0,25.0,27.0,29.0,32.0,34.0,36.0,42.0,47.0,49.0,43.0,35.0,29.0,27.0,29.0,32.0
395121,21,"St. Louis, MO",msa,MO,51.0,46.0,42.0,39.0,39.0,41.0,45.0,49.0,54.0,61.0,68.0,67.0,60.0,49.0,42.0,37.0,38.0,39.0,41.0,43.0,46.0,53.0,59.0,60.0,51.0,43.0,37.0,37.0,35.0,33.0,30.0,29.0,30.0,33.0,36.0,36.0,30.0,25.0,19.0,16.0,14.0,15.0,17.0,19.0,21.0,23.0,25.0,25.0,22.0,18.0,15.0,13.0,14.0,16.0,18.0,20.0,22.0,26.0,31.0,32.0,28.0,24.0,20.0,18.0,17.0,18.0,19.0,20.0,23.0,28.0,32.0,33.0,29.0,24.0,20.0,19.0,20.0,21.0,22.0,24.0,26.0,29.0,35.0,37.0,34.0,27.0,23.0,22.0,22.0,23.0,25.0,28.0,30.0,34.0,38.0,41.0,37.0,31.0,26.0,24.0,24.0,26.0
394943,22,"Orlando, FL",msa,FL,43.0,40.0,38.0,37.0,38.0,39.0,42.0,45.0,50.0,54.0,57.0,58.0,56.0,52.0,48.0,46.0,46.0,46.0,48.0,53.0,56.0,58.0,57.0,57.0,51.0,44.0,42.0,43.0,44.0,41.0,38.0,37.0,36.0,38.0,40.0,42.0,39.0,33.0,27.0,21.0,18.0,17.0,19.0,20.0,21.0,22.0,22.0,21.0,18.0,15.0,14.0,14.0,16.0,20.0,25.0,31.0,36.0,42.0,49.0,51.0,48.0,41.0,37.0,34.0,32.0,32.0,33.0,35.0,37.0,42.0,48.0,51.0,51.0,47.0,46.0,47.0,49.0,52.0,55.0,60.0,64.0,69.0,71.0,73.0,71.0,68.0,67.0,67.0,69.0,71.0,74.0,77.0,79.0,83.0,85.0,84.0,80.0,75.0,71.0,69.0,69.0,70.0
394458,23,"Charlotte, NC",msa,NC,35.0,31.0,28.0,28.0,30.0,33.0,37.0,39.0,43.0,47.0,52.0,52.0,48.0,42.0,38.0,36.0,36.0,37.0,40.0,42.0,44.0,46.0,50.0,49.0,43.0,35.0,33.0,34.0,34.0,30.0,27.0,24.0,23.0,24.0,27.0,24.0,21.0,15.0,14.0,13.0,13.0,14.0,15.0,17.0,19.0,21.0,23.0,23.0,20.0,15.0,12.0,12.0,14.0,18.0,23.0,28.0,32.0,38.0,44.0,49.0,47.0,39.0,31.0,25.0,23.0,23.0,25.0,28.0,31.0,35.0,38.0,41.0,38.0,34.0,30.0,30.0,32.0,37.0,40.0,44.0,48.0,54.0,63.0,63.0,58.0,47.0,43.0,42.0,45.0,49.0,54.0,57.0,62.0,66.0,74.0,76.0,70.0,58.0,50.0,48.0,54.0,58.0
395055,24,"San Antonio, TX",msa,TX,58.0,56.0,54.0,53.0,53.0,54.0,56.0,59.0,64.0,68.0,74.0,76.0,74.0,68.0,62.0,60.0,59.0,61.0,63.0,66.0,70.0,75.0,80.0,82.0,77.0,69.0,63.0,61.0,60.0,58.0,55.0,54.0,54.0,53.0,53.0,49.0,41.0,30.0,22.0,17.0,16.0,17.0,19.0,22.0,23.0,25.0,27.0,28.0,26.0,21.0,17.0,17.0,18.0,22.0,27.0,33.0,39.0,46.0,54.0,58.0,58.0,53.0,48.0,45.0,45.0,47.0,50.0,55.0,58.0,64.0,70.0,75.0,75.0,69.0,63.0,61.0,62.0,65.0,70.0,76.0,80.0,85.0,91.0,97.0,92.0,85.0,77.0,74.0,74.0,77.0,82.0,87.0,92.0,98.0,105.0,107.0,100.0,90.0,82.0,77.0,78.0,82.0
394998,25,"Portland, OR",msa,OR,37.0,30.0,25.0,25.0,27.0,31.0,38.0,43.0,50.0,56.0,61.0,61.0,53.0,44.0,36.0,33.0,33.0,36.0,40.0,44.0,48.0,54.0,57.0,54.0,43.0,31.0,27.0,28.0,29.0,27.0,25.0,25.0,25.0,28.0,30.0,28.0,22.0,18.0,14.0,14.0,14.0,16.0,18.0,20.0,22.0,24.0,25.0,22.0,18.0,14.0,12.0,13.0,16.0,22.0,28.0,33.0,38.0,44.0,52.0,52.0,47.0,35.0,28.0,25.0,25.0,28.0,32.0,36.0,41.0,48.0,54.0,56.0,48.0,39.0,31.0,29.0,30.0,34.0,40.0,44.0,50.0,58.0,61.0,60.0,52.0,43.0,37.0,34.0,39.0,44.0,50.0,54.0,59.0,66.0,71.0,69.0,60.0,49.0,43.0,40.0,42.0,45.0
395045,26,"Sacramento, CA",msa,CA,31.0,27.0,24.0,24.0,27.0,30.0,35.0,39.0,43.0,47.0,52.0,51.0,46.0,36.0,31.0,29.0,30.0,33.0,36.0,38.0,41.0,45.0,47.0,44.0,36.0,29.0,28.0,30.0,32.0,29.0,26.0,22.0,20.0,21.0,23.0,22.0,18.0,14.0,13.0,13.0,14.0,15.0,17.0,19.0,21.0,23.0,24.0,22.0,19.0,15.0,14.0,16.0,20.0,26.0,33.0,37.0,42.0,46.0,51.0,53.0,48.0,38.0,29.0,24.0,23.0,24.0,26.0,28.0,31.0,35.0,40.0,39.0,35.0,28.0,25.0,25.0,27.0,31.0,33.0,36.0,40.0,45.0,50.0,48.0,41.0,35.0,32.0,34.0,38.0,43.0,47.0,50.0,53.0,58.0,61.0,57.0,47.0,36.0,32.0,32.0,36.0,41.0
394982,27,"Pittsburgh, PA",msa,PA,67.0,63.0,59.0,53.0,51.0,50.0,53.0,59.0,64.0,71.0,77.0,83.0,82.0,74.0,64.0,58.0,55.0,55.0,53.0,56.0,59.0,66.0,71.0,74.0,70.0,67.0,62.0,58.0,51.0,44.0,43.0,41.0,43.0,46.0,51.0,51.0,45.0,35.0,26.0,21.0,20.0,21.0,23.0,27.0,30.0,35.0,40.0,43.0,38.0,30.0,23.0,21.0,21.0,24.0,27.0,29.0,33.0,40.0,48.0,51.0,48.0,40.0,34.0,29.0,28.0,28.0,30.0,31.0,34.0,40.0,47.0,51.0,47.0,39.0,32.0,29.0,29.0,31.0,34.0,38.0,41.0,47.0,55.0,59.0,55.0,46.0,38.0,35.0,34.0,37.0,37.0,40.0,44.0,52.0,59.0,64.0,60.0,51.0,42.0,37.0,36.0,37.0
394466,28,"Cincinnati, OH",msa,OH,43.0,37.0,32.0,29.0,28.0,31.0,33.0,37.0,42.0,48.0,55.0,57.0,53.0,44.0,36.0,32.0,31.0,31.0,33.0,36.0,39.0,42.0,45.0,46.0,41.0,33.0,30.0,28.0,26.0,23.0,21.0,20.0,20.0,22.0,26.0,26.0,23.0,18.0,14.0,12.0,12.0,12.0,14.0,17.0,19.0,21.0,22.0,21.0,17.0,13.0,10.0,10.0,11.0,14.0,16.0,18.0,21.0,24.0,28.0,28.0,26.0,20.0,16.0,14.0,14.0,16.0,17.0,19.0,21.0,26.0,30.0,32.0,28.0,22.0,18.0,17.0,18.0,19.0,22.0,25.0,28.0,33.0,38.0,40.0,36.0,28.0,24.0,21.0,22.0,23.0,25.0,28.0,31.0,37.0,42.0,45.0,41.0,34.0,28.0,25.0,25.0,27.0
394355,29,"Austin, TX",msa,TX,39.0,33.0,31.0,30.0,33.0,38.0,44.0,49.0,53.0,58.0,61.0,59.0,50.0,41.0,36.0,34.0,35.0,37.0,41.0,43.0,45.0,49.0,53.0,50.0,40.0,32.0,30.0,31.0,32.0,30.0,29.0,27.0,27.0,26.0,30.0,28.0,25.0,19.0,17.0,17.0,17.0,19.0,22.0,26.0,30.0,34.0,36.0,34.0,28.0,21.0,19.0,20.0,25.0,33.0,44.0,54.0,62.0,72.0,79.0,85.0,82.0,76.0,67.0,62.0,60.0,62.0,66.0,74.0,79.0,86.0,89.0,89.0,82.0,70.0,62.0,61.0,64.0,68.0,74.0,83.0,91.0,97.0,104.0,106.0,101.0,86.0,74.0,71.0,74.0,82.0,89.0,94.0,99.0,105.0,113.0,113.0,104.0,90.0,80.0,78.0,78.0,82.0
394775,30,"Las Vegas, NV",msa,NV,46.0,47.0,41.0,36.0,28.0,31.0,33.0,38.0,41.0,47.0,53.0,56.0,57.0,54.0,53.0,52.0,53.0,55.0,58.0,60.0,62.0,65.0,67.0,65.0,56.0,48.0,45.0,47.0,50.0,48.0,45.0,42.0,44.0,45.0,51.0,51.0,47.0,34.0,24.0,20.0,19.0,20.0,21.0,23.0,24.0,25.0,27.0,25.0,22.0,19.0,17.0,17.0,20.0,26.0,35.0,44.0,51.0,60.0,69.0,74.0,73.0,66.0,56.0,48.0,42.0,39.0,38.0,38.0,40.0,44.0,48.0,49.0,46.0,41.0,37.0,35.0,35.0,37.0,39.0,43.0,47.0,52.0,57.0,60.0,58.0,53.0,50.0,51.0,55.0,58.0,62.0,66.0,70.0,74.0,79.0,80.0,77.0,70.0,66.0,64.0,63.0,63.0
394735,31,"Kansas City, MO",msa,MO,44.0,39.0,34.0,32.0,33.0,35.0,41.0,43.0,45.0,47.0,52.0,57.0,54.0,47.0,38.0,33.0,33.0,34.0,36.0,38.0,41.0,48.0,54.0,56.0,49.0,42.0,37.0,35.0,34.0,30.0,28.0,26.0,25.0,27.0,29.0,28.0,23.0,16.0,12.0,10.0,10.0,12.0,14.0,15.0,16.0,19.0,21.0,21.0,18.0,13.0,10.0,9.0,10.0,13.0,16.0,19.0,22.0,26.0,31.0,31.0,28.0,22.0,18.0,16.0,15.0,16.0,17.0,19.0,22.0,26.0,31.0,33.0,30.0,24.0,20.0,19.0,21.0,23.0,25.0,28.0,30.0,34.0,40.0,42.0,38.0,30.0,25.0,22.0,25.0,27.0,29.0,30.0,33.0,39.0,44.0,45.0,40.0,32.0,26.0,24.0,25.0,27.0
394492,32,"Columbus, OH",msa,OH,32.0,25.0,20.0,19.0,20.0,22.0,25.0,29.0,33.0,39.0,45.0,46.0,42.0,33.0,26.0,23.0,22.0,24.0,26.0,29.0,32.0,36.0,41.0,40.0,34.0,26.0,22.0,22.0,20.0,18.0,18.0,17.0,18.0,19.0,23.0,23.0,20.0,14.0,10.0,9.0,9.0,10.0,12.0,13.0,15.0,17.0,19.0,18.0,15.0,11.0,9.0,9.0,10.0,12.0,15.0,17.0,20.0,24.0,28.0,29.0,25.0,19.0,15.0,13.0,13.0,14.0,17.0,19.0,22.0,26.0,30.0,30.0,26.0,20.0,17.0,15.0,15.0,18.0,21.0,25.0,27.0,32.0,37.0,39.0,34.0,28.0,23.0,21.0,22.0,24.0,27.0,30.0,34.0,40.0,45.0,47.0,42.0,34.0,26.0,23.0,23.0,27.0
394705,34,"Indianapolis, IN",msa,IN,46.0,42.0,34.0,28.0,25.0,27.0,31.0,35.0,40.0,47.0,54.0,57.0,53.0,45.0,35.0,30.0,29.0,30.0,32.0,34.0,37.0,44.0,50.0,51.0,45.0,37.0,32.0,31.0,29.0,26.0,23.0,21.0,22.0,24.0,27.0,27.0,23.0,19.0,14.0,12.0,11.0,12.0,13.0,15.0,15.0,18.0,20.0,21.0,17.0,14.0,11.0,10.0,11.0,14.0,18.0,21.0,25.0,30.0,37.0,39.0,36.0,28.0,21.0,19.0,19.0,21.0,23.0,25.0,29.0,35.0,41.0,43.0,38.0,31.0,26.0,23.0,24.0,25.0,28.0,32.0,36.0,42.0,48.0,50.0,45.0,37.0,30.0,28.0,29.0,33.0,35.0,37.0,41.0,48.0,55.0,60.0,56.0,47.0,37.0,33.0,34.0,37.0
394475,35,"Cleveland, OH",msa,OH,64.0,62.0,58.0,55.0,54.0,55.0,58.0,62.0,67.0,73.0,78.0,82.0,79.0,73.0,65.0,60.0,57.0,57.0,59.0,61.0,65.0,71.0,74.0,76.0,68.0,62.0,53.0,49.0,45.0,40.0,40.0,37.0,38.0,47.0,54.0,55.0,39.0,27.0,20.0,16.0,15.0,15.0,18.0,21.0,24.0,26.0,29.0,30.0,26.0,21.0,16.0,14.0,15.0,17.0,20.0,22.0,26.0,31.0,37.0,38.0,35.0,28.0,23.0,20.0,19.0,19.0,20.0,21.0,23.0,27.0,33.0,35.0,32.0,27.0,21.0,19.0,18.0,20.0,22.0,24.0,27.0,31.0,36.0,38.0,34.0,27.0,22.0,21.0,22.0,24.0,26.0,28.0,31.0,36.0,41.0,43.0,39.0,32.0,26.0,24.0,25.0,26.0
395059,36,"San Jose, CA",msa,CA,21.0,18.0,16.0,16.0,20.0,24.0,28.0,31.0,34.0,40.0,44.0,44.0,38.0,32.0,30.0,30.0,33.0,37.0,42.0,43.0,45.0,49.0,51.0,46.0,34.0,28.0,28.0,34.0,35.0,34.0,30.0,30.0,32.0,36.0,37.0,38.0,31.0,28.0,25.0,25.0,23.0,23.0,25.0,27.0,30.0,32.0,33.0,28.0,22.0,18.0,18.0,21.0,25.0,31.0,35.0,40.0,41.0,44.0,47.0,49.0,46.0,40.0,34.0,27.0,22.0,20.0,22.0,23.0,25.0,29.0,31.0,30.0,24.0,18.0,16.0,18.0,21.0,23.0,25.0,27.0,31.0,35.0,36.0,31.0,24.0,21.0,22.0,26.0,31.0,34.0,36.0,36.0,37.0,41.0,43.0,39.0,31.0,25.0,25.0,30.0,34.0,37.0
394902,37,"Nashville, TN",msa,TN,40.0,36.0,35.0,35.0,36.0,38.0,41.0,44.0,48.0,54.0,63.0,64.0,60.0,51.0,45.0,43.0,43.0,46.0,50.0,57.0,62.0,69.0,70.0,71.0,65.0,59.0,55.0,52.0,52.0,55.0,53.0,51.0,44.0,44.0,47.0,43.0,34.0,21.0,15.0,12.0,11.0,12.0,13.0,15.0,17.0,19.0,20.0,19.0,16.0,12.0,11.0,11.0,13.0,18.0,24.0,30.0,36.0,43.0,50.0,53.0,51.0,45.0,38.0,34.0,31.0,33.0,37.0,40.0,43.0,47.0,54.0,56.0,52.0,44.0,37.0,36.0,38.0,43.0,46.0,49.0,53.0,58.0,65.0,68.0,64.0,56.0,49.0,47.0,50.0,54.0,58.0,62.0,66.0,74.0,81.0,83.0,76.0,65.0,56.0,53.0,57.0,60.0
395194,38,"Virginia Beach, VA",msa,VA,74.0,72.0,72.0,71.0,73.0,73.0,77.0,83.0,89.0,96.0,101.0,101.0,98.0,88.0,79.0,71.0,70.0,72.0,75.0,79.0,85.0,103.0,108.0,110.0,103.0,109.0,110.0,109.0,104.0,100.0,85.0,69.0,57.0,50.0,49.0,46.0,43.0,38.0,31.0,28.0,25.0,26.0,28.0,30.0,33.0,34.0,36.0,34.0,30.0,24.0,21.0,21.0,22.0,26.0,29.0,33.0,35.0,39.0,44.0,46.0,44.0,36.0,31.0,28.0,27.0,29.0,31.0,33.0,38.0,43.0,48.0,48.0,45.0,39.0,34.0,34.0,35.0,38.0,41.0,43.0,46.0,49.0,53.0,54.0,53.0,48.0,44.0,41.0,42.0,44.0,48.0,51.0,54.0,58.0,61.0,62.0,59.0,51.0,45.0,43.0,43.0,46.0
395005,39,"Providence, RI",msa,RI,51.0,45.0,40.0,37.0,38.0,41.0,50.0,54.0,61.0,63.0,70.0,75.0,71.0,64.0,53.0,50.0,49.0,51.0,51.0,52.0,55.0,61.0,67.0,68.0,63.0,55.0,50.0,45.0,41.0,35.0,33.0,31.0,30.0,34.0,41.0,42.0,36.0,26.0,23.0,22.0,20.0,19.0,20.0,23.0,25.0,27.0,28.0,28.0,24.0,19.0,15.0,15.0,17.0,21.0,25.0,26.0,28.0,30.0,35.0,37.0,35.0,28.0,23.0,20.0,20.0,22.0,22.0,23.0,24.0,30.0,34.0,36.0,31.0,26.0,22.0,20.0,22.0,23.0,25.0,27.0,31.0,34.0,38.0,38.0,36.0,29.0,25.0,23.0,26.0,29.0,32.0,33.0,34.0,39.0,43.0,44.0,41.0,35.0,29.0,25.0,26.0,29.0
394714,40,"Jacksonville, FL",msa,FL,52.0,52.0,51.0,52.0,52.0,55.0,57.0,60.0,64.0,67.0,72.0,74.0,73.0,70.0,64.0,59.0,56.0,54.0,56.0,57.0,59.0,60.0,63.0,64.0,58.0,53.0,51.0,53.0,53.0,50.0,48.0,43.0,39.0,35.0,36.0,34.0,28.0,22.0,19.0,17.0,16.0,16.0,17.0,19.0,20.0,23.0,24.0,23.0,20.0,17.0,14.0,14.0,16.0,21.0,26.0,32.0,39.0,47.0,57.0,63.0,64.0,59.0,53.0,49.0,47.0,47.0,48.0,50.0,53.0,57.0,60.0,63.0,61.0,59.0,57.0,58.0,64.0,68.0,72.0,73.0,76.0,82.0,86.0,88.0,86.0,81.0,80.0,81.0,85.0,90.0,93.0,95.0,96.0,98.0,98.0,96.0,94.0,88.0,84.0,79.0,80.0,80.0
394862,41,"Milwaukee, WI",msa,WI,,,,,,,,,,,,,66.0,54.0,51.0,51.0,51.0,49.0,50.0,55.0,59.0,67.0,70.0,76.0,69.0,61.0,52.0,51.0,50.0,48.0,42.0,41.0,46.0,49.0,57.0,50.0,53.0,42.0,38.0,30.0,29.0,31.0,32.0,36.0,38.0,43.0,46.0,44.0,38.0,29.0,26.0,24.0,26.0,28.0,34.0,38.0,41.0,44.0,45.0,46.0,41.0,33.0,27.0,25.0,26.0,26.0,28.0,29.0,34.0,42.0,47.0,48.0,38.0,32.0,27.0,27.0,26.0,26.0,29.0,32.0,37.0,43.0,48.0,49.0,45.0,39.0,33.0,30.0,28.0,30.0,32.0,34.0,36.0,42.0,49.0,54.0,49.0,39.0,32.0,31.0,32.0,33.0
394935,42,"Oklahoma City, OK",msa,OK,76.0,67.0,58.0,52.0,51.0,51.0,55.0,58.0,65.0,72.0,79.0,84.0,81.0,73.0,62.0,55.0,52.0,51.0,52.0,54.0,57.0,63.0,66.0,66.0,59.0,51.0,47.0,45.0,45.0,42.0,40.0,37.0,37.0,39.0,42.0,43.0,38.0,30.0,21.0,16.0,14.0,15.0,18.0,20.0,21.0,23.0,25.0,26.0,23.0,18.0,15.0,14.0,15.0,18.0,22.0,26.0,30.0,34.0,40.0,43.0,43.0,38.0,34.0,31.0,31.0,34.0,37.0,40.0,44.0,49.0,55.0,56.0,54.0,49.0,46.0,43.0,44.0,45.0,48.0,50.0,54.0,60.0,67.0,71.0,67.0,62.0,54.0,51.0,50.0,53.0,55.0,58.0,62.0,69.0,75.0,79.0,75.0,68.0,60.0,57.0,56.0,59.0
395012,43,"Raleigh, NC",msa,NC,31.0,26.0,25.0,24.0,26.0,29.0,31.0,33.0,35.0,39.0,43.0,42.0,39.0,34.0,31.0,30.0,31.0,33.0,34.0,36.0,38.0,42.0,45.0,43.0,36.0,28.0,26.0,27.0,27.0,25.0,22.0,20.0,21.0,23.0,24.0,22.0,17.0,13.0,11.0,10.0,10.0,10.0,11.0,12.0,13.0,15.0,16.0,16.0,13.0,10.0,9.0,10.0,12.0,17.0,21.0,27.0,33.0,41.0,47.0,47.0,40.0,32.0,25.0,22.0,22.0,23.0,25.0,27.0,30.0,35.0,39.0,40.0,34.0,28.0,24.0,25.0,28.0,31.0,34.0,37.0,41.0,49.0,53.0,53.0,44.0,37.0,33.0,34.0,40.0,46.0,50.0,53.0,57.0,63.0,69.0,70.0,61.0,52.0,44.0,44.0,46.0,51.0
394849,44,"Memphis, TN",msa,TN,60.0,52.0,45.0,40.0,43.0,43.0,49.0,49.0,57.0,62.0,72.0,73.0,68.0,57.0,45.0,37.0,36.0,38.0,42.0,43.0,46.0,50.0,54.0,54.0,49.0,41.0,35.0,31.0,33.0,33.0,32.0,29.0,26.0,25.0,23.0,35.0,34.0,35.0,25.0,22.0,22.0,23.0,25.0,27.0,28.0,30.0,36.0,36.0,34.0,24.0,21.0,21.0,23.0,25.0,28.0,30.0,33.0,39.0,44.0,48.0,46.0,43.0,39.0,37.0,36.0,39.0,41.0,44.0,44.0,49.0,53.0,58.0,58.0,54.0,51.0,50.0,52.0,53.0,56.0,57.0,59.0,62.0,67.0,69.0,64.0,61.0,56.0,53.0,51.0,53.0,58.0,61.0,64.0,68.0,75.0,79.0,77.0,69.0,62.0,58.0,57.0,61.0
395022,45,"Richmond, VA",msa,VA,41.0,31.0,31.0,31.0,35.0,36.0,42.0,46.0,52.0,55.0,60.0,59.0,52.0,43.0,35.0,33.0,35.0,39.0,41.0,44.0,47.0,57.0,60.0,58.0,44.0,35.0,31.0,32.0,32.0,28.0,24.0,23.0,21.0,22.0,23.0,23.0,20.0,15.0,12.0,11.0,11.0,13.0,14.0,15.0,16.0,18.0,19.0,18.0,15.0,11.0,10.0,10.0,11.0,14.0,17.0,19.0,21.0,25.0,29.0,28.0,25.0,21.0,18.0,15.0,15.0,15.0,16.0,17.0,20.0,24.0,28.0,29.0,25.0,20.0,17.0,16.0,17.0,20.0,23.0,25.0,27.0,30.0,35.0,37.0,33.0,26.0,21.0,20.0,22.0,26.0,29.0,31.0,33.0,38.0,43.0,43.0,37.0,29.0,23.0,20.0,22.0,26.0
394807,46,"Louisville, KY",msa,KY,42.0,36.0,32.0,31.0,32.0,34.0,35.0,39.0,42.0,52.0,59.0,64.0,58.0,50.0,43.0,39.0,37.0,36.0,39.0,41.0,45.0,52.0,61.0,61.0,53.0,44.0,40.0,39.0,35.0,31.0,29.0,25.0,24.0,27.0,33.0,34.0,30.0,22.0,16.0,14.0,13.0,14.0,16.0,19.0,20.0,23.0,25.0,27.0,23.0,18.0,13.0,13.0,14.0,17.0,20.0,22.0,25.0,30.0,34.0,36.0,33.0,29.0,26.0,22.0,20.0,20.0,22.0,24.0,27.0,30.0,36.0,37.0,36.0,31.0,27.0,24.0,23.0,26.0,29.0,31.0,34.0,38.0,44.0,47.0,44.0,37.0,30.0,28.0,27.0,32.0,34.0,37.0,37.0,42.0,48.0,53.0,50.0,44.0,38.0,35.0,35.0,37.0
394910,47,"New Orleans, LA",msa,LA,59.0,59.0,58.0,60.0,60.0,62.0,61.0,63.0,67.0,72.0,79.0,80.0,79.0,73.0,69.0,60.0,57.0,57.0,61.0,62.0,66.0,71.0,80.0,82.0,77.0,68.0,63.0,62.0,63.0,61.0,57.0,49.0,44.0,43.0,43.0,41.0,37.0,30.0,26.0,23.0,23.0,24.0,29.0,31.0,33.0,33.0,35.0,33.0,29.0,23.0,22.0,23.0,25.0,30.0,34.0,40.0,45.0,52.0,59.0,62.0,61.0,57.0,54.0,55.0,58.0,60.0,61.0,62.0,67.0,72.0,80.0,82.0,79.0,74.0,70.0,69.0,72.0,75.0,76.0,80.0,83.0,91.0,95.0,99.0,100.0,95.0,88.0,82.0,82.0,88.0,91.0,92.0,91.0,95.0,104.0,107.0,104.0,93.0,87.0,83.0,84.0,87.0
395053,48,"Salt Lake City, UT",msa,UT,33.0,24.0,22.0,21.0,24.0,25.0,28.0,30.0,34.0,41.0,48.0,49.0,43.0,37.0,30.0,27.0,29.0,34.0,36.0,35.0,37.0,43.0,45.0,42.0,34.0,28.0,24.0,25.0,23.0,21.0,18.0,17.0,16.0,18.0,23.0,22.0,17.0,11.0,9.0,9.0,10.0,11.0,13.0,14.0,16.0,17.0,17.0,14.0,11.0,8.0,9.0,11.0,15.0,21.0,27.0,32.0,37.0,44.0,51.0,54.0,48.0,39.0,29.0,25.0,25.0,27.0,31.0,33.0,38.0,42.0,49.0,49.0,43.0,34.0,28.0,27.0,29.0,33.0,37.0,39.0,42.0,46.0,53.0,54.0,49.0,40.0,34.0,33.0,38.0,42.0,46.0,48.0,54.0,61.0,66.0,64.0,56.0,46.0,40.0,38.0,41.0,45.0
394669,49,"Hartford, CT",msa,CT,63.0,52.0,46.0,40.0,42.0,47.0,52.0,57.0,61.0,72.0,82.0,84.0,74.0,61.0,53.0,48.0,48.0,50.0,54.0,57.0,63.0,71.0,79.0,81.0,72.0,60.0,52.0,47.0,42.0,37.0,34.0,33.0,31.0,32.0,38.0,38.0,33.0,22.0,16.0,14.0,14.0,16.0,18.0,20.0,22.0,25.0,27.0,27.0,21.0,15.0,12.0,11.0,13.0,16.0,19.0,20.0,20.0,22.0,26.0,27.0,23.0,17.0,13.0,11.0,12.0,13.0,14.0,16.0,18.0,20.0,22.0,23.0,21.0,18.0,14.0,13.0,13.0,14.0,17.0,18.0,21.0,24.0,27.0,27.0,23.0,17.0,15.0,14.0,16.0,17.0,20.0,21.0,23.0,26.0,29.0,31.0,28.0,22.0,18.0,15.0,15.0,17.0
394425,50,"Buffalo, NY",msa,NY,50.0,42.0,34.0,32.0,32.0,34.0,38.0,42.0,48.0,55.0,61.0,65.0,62.0,53.0,44.0,37.0,37.0,37.0,39.0,40.0,46.0,54.0,62.0,64.0,59.0,55.0,50.0,45.0,36.0,31.0,28.0,28.0,29.0,32.0,35.0,36.0,32.0,26.0,21.0,19.0,18.0,19.0,20.0,22.0,24.0,27.0,30.0,30.0,28.0,22.0,18.0,16.0,16.0,19.0,23.0,25.0,28.0,31.0,38.0,38.0,33.0,26.0,22.0,21.0,20.0,20.0,22.0,23.0,26.0,29.0,35.0,36.0,33.0,27.0,23.0,20.0,19.0,21.0,24.0,27.0,29.0,33.0,38.0,41.0,38.0,29.0,23.0,20.0,20.0,22.0,23.0,29.0,31.0,35.0,38.0,41.0,39.0,31.0,24.0,20.0,20.0,23.0
394388,51,"Birmingham, AL",msa,AL,49.0,43.0,40.0,41.0,42.0,46.0,48.0,52.0,54.0,59.0,65.0,67.0,61.0,53.0,46.0,43.0,42.0,43.0,46.0,49.0,52.0,56.0,59.0,59.0,53.0,45.0,39.0,39.0,39.0,37.0,34.0,32.0,31.0,31.0,35.0,37.0,35.0,27.0,20.0,17.0,15.0,16.0,17.0,19.0,20.0,22.0,24.0,27.0,25.0,22.0,17.0,16.0,17.0,20.0,24.0,28.0,31.0,37.0,43.0,45.0,42.0,36.0,31.0,29.0,29.0,31.0,33.0,35.0,37.0,42.0,49.0,50.0,48.0,42.0,41.0,39.0,39.0,41.0,42.0,45.0,48.0,56.0,62.0,63.0,58.0,50.0,48.0,45.0,47.0,49.0,51.0,52.0,53.0,61.0,68.0,71.0,64.0,56.0,51.0,49.0,50.0,49.0
395031,52,"Rochester, NY",msa,NY,51.0,42.0,37.0,33.0,34.0,37.0,42.0,47.0,51.0,58.0,63.0,65.0,59.0,49.0,39.0,34.0,33.0,35.0,38.0,42.0,46.0,55.0,58.0,57.0,49.0,45.0,42.0,38.0,33.0,30.0,31.0,29.0,30.0,32.0,36.0,34.0,28.0,22.0,18.0,17.0,15.0,16.0,17.0,18.0,19.0,22.0,25.0,26.0,23.0,18.0,14.0,13.0,14.0,15.0,17.0,19.0,21.0,24.0,27.0,26.0,23.0,20.0,18.0,16.0,16.0,15.0,16.0,17.0,18.0,22.0,24.0,24.0,21.0,18.0,15.0,15.0,15.0,16.0,17.0,18.0,19.0,22.0,24.0,25.0,21.0,17.0,14.0,14.0,15.0,15.0,18.0,19.0,21.0,26.0,28.0,30.0,23.0,19.0,15.0,15.0,15.0,17.0
394640,53,"Grand Rapids, MI",msa,MI,37.0,32.0,26.0,24.0,23.0,25.0,30.0,34.0,37.0,41.0,43.0,49.0,46.0,41.0,33.0,30.0,28.0,30.0,33.0,37.0,39.0,45.0,53.0,56.0,50.0,41.0,33.0,34.0,30.0,29.0,24.0,22.0,22.0,24.0,27.0,26.0,22.0,18.0,15.0,13.0,12.0,13.0,15.0,15.0,17.0,18.0,21.0,21.0,18.0,13.0,11.0,11.0,12.0,15.0,18.0,20.0,22.0,26.0,31.0,32.0,30.0,23.0,18.0,15.0,15.0,16.0,17.0,19.0,23.0,28.0,31.0,32.0,27.0,21.0,16.0,15.0,17.0,19.0,22.0,24.0,29.0,34.0,39.0,40.0,35.0,28.0,22.0,20.0,20.0,22.0,25.0,27.0,29.0,33.0,38.0,41.0,36.0,29.0,22.0,19.0,19.0,22.0
395167,54,"Tucson, AZ",msa,AZ,47.0,46.0,44.0,42.0,41.0,41.0,41.0,41.0,41.0,45.0,50.0,54.0,54.0,49.0,46.0,42.0,43.0,41.0,42.0,41.0,39.0,40.0,43.0,44.0,40.0,36.0,35.0,36.0,35.0,30.0,25.0,22.0,23.0,25.0,29.0,27.0,23.0,16.0,13.0,12.0,12.0,12.0,15.0,17.0,19.0,22.0,25.0,25.0,22.0,17.0,14.0,13.0,14.0,20.0,25.0,30.0,35.0,42.0,49.0,51.0,49.0,44.0,39.0,35.0,31.0,28.0,28.0,29.0,31.0,36.0,43.0,45.0,44.0,40.0,39.0,39.0,42.0,43.0,45.0,48.0,52.0,58.0,64.0,68.0,66.0,61.0,56.0,58.0,61.0,65.0,65.0,65.0,65.0,70.0,74.0,77.0,73.0,69.0,66.0,66.0,68.0,67.0
753924,55,"Urban Honolulu, HI",msa,HI,,,,,,,,,,,,,,,,,,,,,,,,,,,,,,,,,,,61.0,62.0,68.0,55.0,49.0,44.0,39.0,36.0,34.0,33.0,34.0,36.0,41.0,38.0,38.0,31.0,31.0,30.0,30.0,31.0,35.0,38.0,40.0,42.0,49.0,56.0,58.0,55.0,51.0,47.0,45.0,45.0,46.0,49.0,50.0,53.0,56.0,59.0,59.0,56.0,54.0,55.0,53.0,55.0,53.0,57.0,60.0,64.0,69.0,72.0,74.0,70.0,68.0,67.0,69.0,73.0,75.0,76.0,74.0,76.0,82.0,84.0,87.0,81.0,75.0,68.0,67.0,70.0
395169,56,"Tulsa, OK",msa,OK,65.0,62.0,61.0,59.0,60.0,61.0,66.0,70.0,77.0,87.0,93.0,95.0,87.0,80.0,74.0,71.0,68.0,66.0,66.0,66.0,66.0,70.0,73.0,75.0,69.0,64.0,58.0,55.0,52.0,49.0,45.0,39.0,38.0,39.0,44.0,48.0,43.0,35.0,24.0,21.0,19.0,20.0,22.0,24.0,26.0,27.0,29.0,29.0,26.0,22.0,18.0,16.0,17.0,20.0,23.0,27.0,32.0,36.0,42.0,43.0,44.0,40.0,37.0,34.0,34.0,37.0,39.0,41.0,41.0,44.0,52.0,57.0,58.0,52.0,47.0,43.0,43.0,43.0,46.0,49.0,53.0,58.0,63.0,64.0,62.0,56.0,50.0,46.0,47.0,49.0,54.0,56.0,60.0,64.0,71.0,74.0,69.0,64.0,55.0,53.0,52.0,54.0
394619,57,"Fresno, CA",msa,CA,35.0,33.0,31.0,31.0,32.0,33.0,35.0,35.0,41.0,48.0,53.0,56.0,51.0,46.0,40.0,38.0,40.0,39.0,41.0,43.0,48.0,50.0,53.0,53.0,49.0,49.0,46.0,49.0,46.0,39.0,31.0,26.0,26.0,28.0,29.0,28.0,25.0,22.0,20.0,18.0,18.0,19.0,24.0,23.0,24.0,22.0,24.0,22.0,20.0,16.0,15.0,15.0,18.0,22.0,27.0,31.0,34.0,39.0,44.0,46.0,43.0,38.0,32.0,28.0,25.0,26.0,27.0,27.0,29.0,34.0,38.0,39.0,37.0,33.0,30.0,29.0,32.0,34.0,34.0,35.0,38.0,42.0,46.0,48.0,45.0,42.0,39.0,39.0,40.0,42.0,42.0,44.0,46.0,50.0,53.0,52.0,49.0,45.0,46.0,46.0,46.0,43.0
395238,58,"Worcester, MA",msa,MA,43.0,36.0,28.0,25.0,26.0,29.0,33.0,38.0,42.0,52.0,57.0,60.0,54.0,46.0,35.0,30.0,31.0,33.0,36.0,38.0,42.0,46.0,50.0,50.0,44.0,36.0,30.0,30.0,30.0,28.0,26.0,23.0,23.0,26.0,29.0,29.0,23.0,16.0,13.0,12.0,14.0,16.0,18.0,19.0,20.0,23.0,26.0,26.0,23.0,18.0,14.0,15.0,16.0,19.0,19.0,21.0,23.0,27.0,32.0,34.0,30.0,24.0,18.0,16.0,17.0,18.0,19.0,19.0,21.0,24.0,28.0,28.0,26.0,20.0,18.0,17.0,18.0,20.0,22.0,25.0,27.0,31.0,36.0,36.0,32.0,26.0,21.0,19.0,21.0,26.0,29.0,31.0,33.0,39.0,45.0,46.0,41.0,31.0,26.0,23.0,26.0,29.0
394938,59,"Omaha, NE",msa,NE,40.0,38.0,34.0,34.0,34.0,36.0,39.0,40.0,43.0,50.0,66.0,73.0,66.0,55.0,46.0,41.0,36.0,36.0,38.0,49.0,53.0,62.0,62.0,63.0,56.0,47.0,39.0,39.0,38.0,39.0,36.0,32.0,28.0,25.0,30.0,28.0,24.0,15.0,13.0,12.0,12.0,13.0,15.0,17.0,19.0,21.0,22.0,20.0,17.0,13.0,11.0,11.0,13.0,15.0,18.0,18.0,23.0,27.0,30.0,28.0,24.0,19.0,15.0,14.0,16.0,18.0,20.0,22.0,25.0,29.0,35.0,36.0,31.0,24.0,21.0,21.0,22.0,25.0,28.0,31.0,32.0,37.0,42.0,45.0,41.0,33.0,27.0,25.0,26.0,31.0,33.0,37.0,38.0,43.0,50.0,53.0,47.0,37.0,29.0,26.0,26.0,29.0
394415,60,"Bridgeport, CT",msa,CT,66.0,56.0,50.0,48.0,54.0,61.0,66.0,73.0,79.0,89.0,93.0,93.0,85.0,78.0,70.0,68.0,71.0,77.0,83.0,87.0,91.0,103.0,110.0,108.0,93.0,82.0,81.0,79.0,70.0,58.0,52.0,52.0,52.0,53.0,57.0,58.0,51.0,39.0,30.0,26.0,25.0,29.0,32.0,37.0,39.0,43.0,44.0,42.0,35.0,27.0,20.0,18.0,19.0,24.0,30.0,33.0,35.0,39.0,45.0,45.0,39.0,30.0,24.0,21.0,23.0,27.0,28.0,28.0,27.0,31.0,33.0,35.0,31.0,27.0,23.0,21.0,23.0,25.0,28.0,30.0,33.0,38.0,41.0,38.0,33.0,27.0,24.0,23.0,26.0,29.0,31.0,32.0,35.0,41.0,45.0,44.0,37.0,30.0,24.0,23.0,25.0,30.0
394653,61,"Greenville, SC",msa,SC,44.0,41.0,37.0,35.0,36.0,39.0,42.0,46.0,51.0,58.0,63.0,65.0,60.0,55.0,49.0,49.0,48.0,49.0,49.0,52.0,55.0,61.0,64.0,66.0,57.0,51.0,46.0,48.0,49.0,48.0,44.0,40.0,39.0,39.0,40.0,37.0,33.0,27.0,22.0,17.0,15.0,15.0,16.0,18.0,19.0,21.0,23.0,22.0,20.0,16.0,14.0,14.0,14.0,18.0,20.0,23.0,26.0,33.0,40.0,42.0,40.0,34.0,31.0,28.0,27.0,28.0,29.0,30.0,32.0,36.0,41.0,43.0,41.0,38.0,37.0,36.0,36.0,36.0,39.0,43.0,49.0,56.0,59.0,58.0,51.0,44.0,41.0,42.0,44.0,46.0,49.0,52.0,54.0,61.0,69.0,71.0,67.0,56.0,52.0,50.0,53.0,57.0
394312,62,"Albuquerque, NM",msa,NM,53.0,48.0,42.0,39.0,41.0,45.0,49.0,53.0,57.0,63.0,69.0,69.0,64.0,54.0,47.0,42.0,41.0,41.0,42.0,43.0,47.0,50.0,54.0,52.0,45.0,36.0,32.0,32.0,31.0,30.0,26.0,25.0,24.0,26.0,29.0,28.0,23.0,18.0,14.0,13.0,12.0,13.0,15.0,16.0,17.0,19.0,19.0,18.0,15.0,13.0,11.0,11.0,12.0,16.0,21.0,24.0,26.0,28.0,33.0,35.0,32.0,27.0,22.0,20.0,19.0,21.0,22.0,24.0,27.0,31.0,36.0,38.0,34.0,29.0,25.0,26.0,27.0,29.0,33.0,35.0,40.0,44.0,49.0,48.0,45.0,39.0,35.0,33.0,35.0,38.0,43.0,47.0,50.0,53.0,58.0,59.0,54.0,45.0,39.0,36.0,37.0,38.0
394357,63,"Bakersfield, CA",msa,CA,52.0,48.0,47.0,47.0,47.0,48.0,47.0,51.0,58.0,66.0,70.0,69.0,71.0,66.0,62.0,54.0,55.0,55.0,56.0,57.0,65.0,72.0,84.0,86.0,85.0,74.0,68.0,66.0,66.0,58.0,51.0,40.0,36.0,36.0,37.0,35.0,27.0,21.0,18.0,17.0,17.0,17.0,19.0,21.0,23.0,24.0,25.0,25.0,24.0,21.0,20.0,20.0,22.0,26.0,30.0,35.0,40.0,47.0,52.0,55.0,51.0,47.0,39.0,34.0,31.0,32.0,32.0,33.0,36.0,40.0,43.0,42.0,41.0,37.0,35.0,33.0,34.0,37.0,39.0,41.0,44.0,49.0,52.0,54.0,54.0,51.0,48.0,46.0,48.0,50.0,53.0,56.0,62.0,66.0,67.0,66.0,60.0,55.0,50.0,49.0,50.0,53.0
394308,64,"Albany, NY",msa,NY,65.0,60.0,54.0,49.0,48.0,50.0,53.0,58.0,66.0,74.0,81.0,85.0,83.0,74.0,63.0,55.0,51.0,50.0,52.0,58.0,63.0,74.0,83.0,88.0,79.0,71.0,63.0,56.0,47.0,43.0,39.0,37.0,36.0,39.0,42.0,39.0,34.0,27.0,22.0,18.0,18.0,20.0,24.0,27.0,33.0,37.0,41.0,38.0,33.0,26.0,21.0,19.0,19.0,22.0,26.0,28.0,31.0,35.0,43.0,45.0,41.0,32.0,26.0,23.0,23.0,24.0,25.0,25.0,28.0,31.0,37.0,39.0,37.0,29.0,23.0,21.0,22.0,25.0,26.0,29.0,32.0,38.0,41.0,43.0,39.0,32.0,25.0,21.0,20.0,22.0,25.0,28.0,33.0,39.0,46.0,45.0,39.0,29.0,24.0,20.0,20.0,21.0
394753,65,"Knoxville, TN",msa,TN,54.0,52.0,48.0,47.0,46.0,47.0,49.0,52.0,55.0,60.0,66.0,69.0,64.0,59.0,51.0,49.0,45.0,45.0,46.0,48.0,49.0,53.0,58.0,59.0,54.0,45.0,43.0,45.0,46.0,42.0,35.0,31.0,31.0,31.0,34.0,36.0,33.0,26.0,18.0,15.0,14.0,14.0,16.0,18.0,20.0,22.0,23.0,24.0,20.0,16.0,13.0,13.0,14.0,17.0,21.0,24.0,27.0,30.0,37.0,38.0,36.0,30.0,25.0,23.0,21.0,22.0,24.0,26.0,28.0,33.0,39.0,43.0,40.0,34.0,30.0,28.0,31.0,33.0,37.0,39.0,43.0,48.0,54.0,58.0,55.0,48.0,43.0,43.0,45.0,49.0,51.0,53.0,55.0,62.0,68.0,71.0,66.0,58.0,51.0,48.0,49.0,51.0
394367,66,"Baton Rouge, LA",msa,LA,,,,,,,,,81.0,96.0,114.0,104.0,108.0,111.0,110.0,100.0,92.0,92.0,97.0,94.0,88.0,90.0,97.0,101.0,98.0,89.0,86.0,83.0,80.0,73.0,68.0,65.0,65.0,63.0,65.0,68.0,69.0,61.0,48.0,37.0,32.0,30.0,31.0,33.0,31.0,30.0,29.0,27.0,26.0,23.0,22.0,20.0,21.0,24.0,27.0,31.0,34.0,42.0,47.0,50.0,48.0,44.0,43.0,42.0,41.0,40.0,42.0,44.0,51.0,57.0,63.0,67.0,67.0,63.0,57.0,53.0,53.0,55.0,61.0,63.0,69.0,72.0,80.0,80.0,76.0,69.0,65.0,62.0,64.0,66.0,67.0,70.0,73.0,81.0,82.0,85.0,82.0,79.0,71.0,68.0,67.0,71.0
394843,67,"McAllen, TX",msa,TX,82.0,85.0,83.0,83.0,89.0,93.0,100.0,93.0,97.0,98.0,124.0,130.0,131.0,117.0,127.0,123.0,129.0,126.0,132.0,128.0,119.0,116.0,124.0,121.0,118.0,109.0,109.0,108.0,107.0,104.0,97.0,84.0,69.0,70.0,73.0,77.0,73.0,67.0,62.0,61.0,57.0,55.0,48.0,46.0,46.0,46.0,50.0,55.0,59.0,56.0,49.0,45.0,44.0,47.0,51.0,52.0,56.0,58.0,66.0,67.0,75.0,77.0,81.0,79.0,75.0,74.0,73.0,80.0,81.0,86.0,85.0,91.0,90.0,94.0,95.0,92.0,92.0,89.0,93.0,96.0,98.0,102.0,107.0,111.0,110.0,112.0,115.0,117.0,113.0,115.0,113.0,116.0,111.0,117.0,120.0,126.0,124.0,130.0,130.0,133.0,129.0,130.0
394908,68,"New Haven, CT",msa,CT,65.0,56.0,48.0,44.0,46.0,50.0,57.0,63.0,68.0,74.0,78.0,80.0,73.0,64.0,55.0,51.0,51.0,53.0,56.0,59.0,62.0,68.0,75.0,77.0,66.0,55.0,51.0,48.0,46.0,37.0,34.0,31.0,32.0,33.0,38.0,37.0,33.0,22.0,16.0,15.0,17.0,19.0,21.0,23.0,27.0,30.0,32.0,29.0,25.0,17.0,13.0,12.0,15.0,19.0,22.0,23.0,23.0,28.0,33.0,35.0,30.0,24.0,19.0,16.0,16.0,17.0,19.0,19.0,21.0,25.0,29.0,30.0,27.0,22.0,19.0,18.0,19.0,21.0,24.0,25.0,28.0,32.0,37.0,37.0,34.0,29.0,24.0,22.0,22.0,24.0,26.0,28.0,31.0,35.0,40.0,42.0,39.0,32.0,26.0,23.0,23.0,25.0
394561,69,"El Paso, TX",msa,TX,,,,,,,,,,,,,,,,,,,,,,,,,,,,,,,,,,,,,32.0,26.0,28.0,24.0,21.0,15.0,17.0,18.0,20.0,20.0,22.0,23.0,22.0,18.0,15.0,14.0,15.0,18.0,19.0,26.0,27.0,33.0,36.0,39.0,36.0,35.0,34.0,39.0,38.0,38.0,38.0,40.0,46.0,53.0,60.0,64.0,65.0,66.0,61.0,56.0,51.0,56.0,59.0,64.0,68.0,75.0,82.0,84.0,81.0,73.0,70.0,68.0,68.0,68.0,69.0,74.0,78.0,83.0,90.0,94.0,91.0,81.0,77.0,74.0,74.0,73.0
394318,70,"Allentown, PA",msa,PA,75.0,74.0,66.0,62.0,62.0,67.0,71.0,74.0,85.0,92.0,96.0,99.0,99.0,100.0,87.0,78.0,67.0,71.0,75.0,88.0,90.0,98.0,100.0,107.0,101.0,97.0,87.0,80.0,66.0,59.0,54.0,47.0,41.0,36.0,39.0,39.0,34.0,25.0,18.0,17.0,16.0,17.0,18.0,19.0,21.0,22.0,25.0,24.0,22.0,17.0,15.0,14.0,15.0,17.0,24.0,27.0,30.0,32.0,37.0,38.0,34.0,27.0,21.0,18.0,18.0,20.0,22.0,23.0,24.0,27.0,31.0,30.0,28.0,23.0,22.0,21.0,21.0,22.0,25.0,28.0,32.0,35.0,38.0,39.0,37.0,31.0,28.0,23.0,24.0,25.0,27.0,31.0,33.0,38.0,40.0,43.0,38.0,32.0,26.0,22.0,23.0,23.0
394952,71,"Oxnard, CA",msa,CA,36.0,33.0,32.0,32.0,34.0,38.0,43.0,46.0,50.0,54.0,58.0,60.0,57.0,52.0,45.0,43.0,43.0,45.0,48.0,50.0,51.0,53.0,54.0,52.0,45.0,39.0,39.0,40.0,43.0,39.0,35.0,30.0,27.0,26.0,25.0,24.0,21.0,18.0,16.0,15.0,15.0,15.0,17.0,18.0,21.0,21.0,22.0,18.0,16.0,14.0,15.0,16.0,20.0,24.0,28.0,33.0,37.0,42.0,47.0,48.0,43.0,34.0,28.0,24.0,25.0,25.0,28.0,29.0,29.0,31.0,34.0,35.0,31.0,26.0,24.0,24.0,27.0,31.0,34.0,35.0,38.0,40.0,44.0,42.0,39.0,35.0,36.0,38.0,40.0,44.0,48.0,54.0,58.0,60.0,60.0,56.0,50.0,42.0,40.0,39.0,41.0,46.0
394486,72,"Columbia, SC",msa,SC,71.0,69.0,66.0,64.0,55.0,59.0,64.0,76.0,83.0,102.0,110.0,102.0,92.0,76.0,77.0,71.0,72.0,73.0,76.0,89.0,93.0,91.0,83.0,72.0,75.0,79.0,82.0,74.0,64.0,64.0,56.0,48.0,47.0,44.0,45.0,35.0,36.0,31.0,26.0,25.0,22.0,21.0,15.0,23.0,27.0,,50.0,52.0,31.0,22.0,18.0,21.0,23.0,22.0,26.0,31.0,34.0,38.0,41.0,43.0,43.0,39.0,42.0,35.0,34.0,27.0,28.0,29.0,32.0,37.0,40.0,41.0,39.0,36.0,34.0,33.0,34.0,37.0,39.0,42.0,45.0,51.0,56.0,58.0,54.0,48.0,43.0,42.0,42.0,44.0,46.0,49.0,52.0,55.0,60.0,62.0,62.0,57.0,54.0,50.0,52.0,53.0
753906,73,"North Port, FL",msa,FL,62.0,66.0,69.0,72.0,75.0,76.0,76.0,76.0,78.0,81.0,83.0,83.0,86.0,88.0,92.0,92.0,90.0,90.0,86.0,83.0,78.0,79.0,78.0,75.0,70.0,67.0,71.0,74.0,74.0,69.0,63.0,58.0,53.0,52.0,51.0,48.0,41.0,32.0,23.0,19.0,17.0,17.0,16.0,17.0,17.0,19.0,19.0,19.0,16.0,14.0,14.0,14.0,17.0,23.0,29.0,35.0,38.0,41.0,43.0,44.0,43.0,44.0,44.0,44.0,45.0,47.0,48.0,48.0,49.0,54.0,58.0,62.0,62.0,65.0,69.0,75.0,79.0,81.0,82.0,86.0,86.0,83.0,78.0,75.0,75.0,77.0,82.0,87.0,91.0,97.0,99.0,99.0,96.0,95.0,94.0,92.0,92.0,88.0,88.0,88.0,91.0,91.0
845158,74,"Dayton, OH",msa,OH,48.0,44.0,36.0,32.0,31.0,33.0,36.0,38.0,44.0,53.0,60.0,65.0,60.0,51.0,38.0,30.0,28.0,29.0,34.0,36.0,38.0,41.0,46.0,46.0,39.0,32.0,28.0,27.0,25.0,22.0,20.0,19.0,19.0,21.0,24.0,26.0,23.0,18.0,13.0,11.0,11.0,12.0,13.0,15.0,18.0,20.0,22.0,21.0,17.0,13.0,10.0,10.0,13.0,15.0,19.0,19.0,22.0,25.0,30.0,33.0,30.0,25.0,18.0,16.0,14.0,14.0,15.0,17.0,19.0,24.0,29.0,31.0,28.0,23.0,18.0,16.0,16.0,18.0,21.0,23.0,27.0,31.0,39.0,40.0,37.0,29.0,25.0,22.0,22.0,22.0,25.0,28.0,31.0,35.0,41.0,44.0,40.0,33.0,26.0,25.0,26.0,27.0
394457,75,"Charleston, SC",msa,SC,48.0,46.0,45.0,44.0,46.0,50.0,54.0,60.0,63.0,67.0,72.0,72.0,69.0,62.0,61.0,62.0,62.0,63.0,65.0,69.0,74.0,78.0,78.0,75.0,69.0,63.0,61.0,63.0,66.0,64.0,59.0,53.0,49.0,48.0,50.0,47.0,41.0,31.0,22.0,17.0,16.0,18.0,20.0,21.0,23.0,22.0,24.0,22.0,19.0,15.0,13.0,14.0,15.0,19.0,23.0,28.0,32.0,37.0,43.0,45.0,41.0,37.0,32.0,30.0,27.0,28.0,29.0,32.0,37.0,41.0,45.0,46.0,43.0,40.0,37.0,38.0,38.0,40.0,43.0,46.0,50.0,56.0,61.0,62.0,57.0,52.0,54.0,57.0,65.0,69.0,72.0,77.0,78.0,86.0,92.0,92.0,89.0,79.0,74.0,70.0,73.0,79.0
394648,76,"Greensboro, NC",msa,NC,69.0,70.0,64.0,59.0,55.0,52.0,53.0,52.0,53.0,56.0,63.0,66.0,60.0,51.0,43.0,37.0,35.0,36.0,37.0,41.0,42.0,49.0,51.0,54.0,48.0,46.0,41.0,39.0,36.0,33.0,30.0,29.0,27.0,26.0,25.0,28.0,27.0,22.0,16.0,15.0,14.0,14.0,15.0,17.0,19.0,21.0,24.0,25.0,24.0,19.0,14.0,12.0,14.0,17.0,20.0,24.0,27.0,33.0,37.0,39.0,36.0,31.0,27.0,23.0,24.0,24.0,26.0,27.0,29.0,32.0,36.0,39.0,37.0,33.0,30.0,30.0,30.0,31.0,32.0,34.0,38.0,44.0,48.0,52.0,48.0,43.0,35.0,35.0,37.0,41.0,43.0,43.0,45.0,53.0,56.0,60.0,56.0,52.0,44.0,43.0,43.0,44.0
395134,77,"Stockton, CA",msa,CA,32.0,29.0,26.0,26.0,28.0,30.0,32.0,34.0,38.0,45.0,51.0,53.0,47.0,40.0,36.0,36.0,35.0,36.0,36.0,38.0,39.0,44.0,49.0,46.0,39.0,29.0,28.0,32.0,32.0,28.0,22.0,19.0,18.0,18.0,18.0,16.0,14.0,13.0,13.0,13.0,13.0,14.0,17.0,19.0,22.0,24.0,24.0,21.0,17.0,15.0,15.0,18.0,22.0,27.0,33.0,39.0,45.0,48.0,53.0,55.0,51.0,42.0,33.0,28.0,25.0,25.0,25.0,27.0,29.0,33.0,38.0,39.0,35.0,29.0,25.0,26.0,26.0,29.0,31.0,34.0,38.0,43.0,47.0,46.0,42.0,38.0,37.0,38.0,42.0,46.0,51.0,54.0,57.0,62.0,65.0,63.0,57.0,51.0,47.0,42.0,42.0,44.0
394440,78,"Cape Coral, FL",msa,FL,63.0,70.0,75.0,78.0,80.0,82.0,85.0,85.0,87.0,87.0,91.0,93.0,96.0,100.0,104.0,105.0,106.0,104.0,102.0,98.0,94.0,91.0,93.0,94.0,92.0,88.0,88.0,91.0,89.0,85.0,79.0,73.0,69.0,66.0,66.0,61.0,55.0,,34.0,25.0,23.0,23.0,26.0,29.0,31.0,34.0,38.0,39.0,39.0,36.0,35.0,32.0,34.0,36.0,41.0,47.0,52.0,55.0,55.0,57.0,59.0,62.0,67.0,73.0,80.0,89.0,97.0,100.0,95.0,92.0,90.0,91.0,90.0,90.0,94.0,96.0,101.0,104.0,107.0,109.0,108.0,106.0,101.0,99.0,99.0,102.0,107.0,114.0,121.0,125.0,127.0,125.0,121.0,117.0,117.0,118.0,118.0,115.0,117.0,120.0,121.0,119.0
394399,79,"Boise City, ID",msa,ID,40.0,32.0,27.0,24.0,25.0,26.0,29.0,33.0,35.0,40.0,48.0,51.0,47.0,39.0,35.0,33.0,30.0,31.0,35.0,41.0,46.0,49.0,50.0,47.0,39.0,28.0,23.0,24.0,25.0,25.0,23.0,20.0,20.0,18.0,21.0,20.0,20.0,17.0,12.0,9.0,11.0,13.0,16.0,19.0,24.0,29.0,31.0,27.0,20.0,14.0,12.0,14.0,19.0,27.0,35.0,43.0,50.0,57.0,65.0,66.0,58.0,45.0,35.0,30.0,30.0,32.0,36.0,40.0,43.0,49.0,52.0,52.0,43.0,35.0,29.0,30.0,32.0,36.0,40.0,44.0,47.0,53.0,58.0,55.0,45.0,34.0,31.0,30.0,34.0,37.0,42.0,47.0,51.0,56.0,58.0,56.0,47.0,37.0,31.0,29.0,30.0,34.0
394484,80,"Colorado Springs, CO",msa,CO,28.0,24.0,21.0,19.0,20.0,24.0,29.0,34.0,37.0,42.0,45.0,44.0,39.0,32.0,28.0,26.0,26.0,28.0,34.0,38.0,41.0,42.0,44.0,47.0,44.0,36.0,32.0,31.0,35.0,37.0,42.0,42.0,44.0,47.0,45.0,35.0,22.0,13.0,11.0,10.0,10.0,11.0,13.0,16.0,17.0,19.0,17.0,16.0,12.0,11.0,10.0,11.0,14.0,21.0,28.0,33.0,38.0,43.0,50.0,53.0,47.0,36.0,26.0,24.0,24.0,28.0,33.0,38.0,43.0,49.0,55.0,56.0,49.0,38.0,31.0,29.0,32.0,37.0,44.0,51.0,58.0,63.0,69.0,68.0,63.0,53.0,47.0,43.0,45.0,48.0,55.0,60.0,68.0,76.0,82.0,80.0,72.0,60.0,52.0,47.0,48.0,50.0
394798,81,"Little Rock, AR",msa,AR,73.0,62.0,55.0,52.0,59.0,64.0,68.0,72.0,85.0,92.0,100.0,94.0,88.0,86.0,83.0,81.0,73.0,71.0,70.0,75.0,79.0,93.0,93.0,97.0,82.0,77.0,59.0,49.0,35.0,32.0,41.0,47.0,49.0,44.0,46.0,39.0,30.0,17.0,16.0,21.0,25.0,29.0,27.0,28.0,31.0,34.0,35.0,34.0,31.0,28.0,25.0,23.0,23.0,26.0,31.0,34.0,37.0,41.0,46.0,48.0,44.0,40.0,37.0,35.0,37.0,41.0,43.0,46.0,46.0,53.0,55.0,59.0,56.0,52.0,48.0,44.0,48.0,48.0,52.0,54.0,60.0,68.0,75.0,79.0,74.0,67.0,62.0,58.0,58.0,58.0,64.0,63.0,66.0,70.0,78.0,83.0,84.0,80.0,75.0,68.0,65.0,67.0
394766,82,"Lakeland, FL",msa,FL,49.0,47.0,45.0,42.0,40.0,39.0,40.0,42.0,44.0,51.0,57.0,58.0,56.0,52.0,51.0,50.0,50.0,49.0,51.0,56.0,59.0,59.0,59.0,59.0,56.0,53.0,50.0,51.0,48.0,47.0,42.0,38.0,34.0,34.0,35.0,36.0,34.0,29.0,24.0,19.0,16.0,16.0,16.0,17.0,19.0,20.0,21.0,19.0,16.0,14.0,13.0,14.0,17.0,21.0,25.0,30.0,37.0,41.0,49.0,52.0,55.0,51.0,47.0,44.0,43.0,45.0,44.0,44.0,46.0,51.0,56.0,59.0,58.0,57.0,57.0,59.0,61.0,66.0,68.0,74.0,76.0,81.0,86.0,85.0,84.0,79.0,80.0,80.0,84.0,84.0,86.0,84.0,87.0,87.0,91.0,88.0,87.0,85.0,88.0,86.0,83.0,80.0
394304,83,"Akron, OH",msa,OH,62.0,61.0,58.0,55.0,54.0,53.0,56.0,58.0,65.0,71.0,76.0,78.0,75.0,68.0,59.0,52.0,50.0,51.0,54.0,59.0,61.0,66.0,68.0,71.0,65.0,59.0,53.0,46.0,40.0,35.0,36.0,36.0,35.0,36.0,41.0,41.0,34.0,24.0,17.0,13.0,12.0,13.0,16.0,18.0,21.0,22.0,26.0,26.0,24.0,18.0,14.0,12.0,12.0,15.0,19.0,21.0,23.0,27.0,33.0,35.0,32.0,26.0,21.0,19.0,18.0,19.0,19.0,19.0,22.0,28.0,33.0,33.0,29.0,23.0,20.0,18.0,18.0,18.0,20.0,22.0,25.0,30.0,37.0,41.0,36.0,28.0,22.0,21.0,22.0,22.0,24.0,25.0,28.0,32.0,38.0,40.0,37.0,31.0,25.0,22.0,22.0,24.0
394531,84,"Des Moines, IA",msa,IA,51.0,47.0,43.0,42.0,42.0,45.0,48.0,51.0,56.0,63.0,70.0,74.0,75.0,72.0,65.0,55.0,53.0,53.0,56.0,59.0,65.0,74.0,80.0,84.0,81.0,73.0,65.0,60.0,58.0,55.0,52.0,48.0,48.0,53.0,59.0,57.0,49.0,35.0,24.0,17.0,17.0,19.0,21.0,24.0,27.0,30.0,32.0,31.0,26.0,19.0,15.0,15.0,16.0,20.0,25.0,29.0,32.0,38.0,46.0,48.0,42.0,32.0,26.0,23.0,24.0,26.0,29.0,32.0,36.0,43.0,51.0,56.0,52.0,44.0,37.0,34.0,36.0,39.0,41.0,44.0,48.0,56.0,62.0,64.0,61.0,55.0,49.0,45.0,44.0,46.0,49.0,53.0,58.0,66.0,75.0,78.0,72.0,62.0,53.0,48.0,47.0,52.0
395115,85,"Springfield, MA",msa,MA,53.0,47.0,40.0,35.0,34.0,38.0,43.0,49.0,53.0,57.0,65.0,66.0,62.0,52.0,46.0,41.0,40.0,41.0,43.0,45.0,48.0,56.0,62.0,64.0,55.0,45.0,38.0,35.0,33.0,30.0,28.0,27.0,28.0,31.0,33.0,33.0,29.0,24.0,20.0,17.0,16.0,17.0,18.0,20.0,24.0,26.0,28.0,28.0,26.0,21.0,17.0,16.0,18.0,20.0,23.0,25.0,27.0,31.0,36.0,38.0,38.0,30.0,25.0,18.0,17.0,18.0,19.0,21.0,23.0,27.0,31.0,31.0,29.0,22.0,19.0,17.0,18.0,20.0,22.0,24.0,27.0,30.0,34.0,37.0,39.0,33.0,27.0,22.0,22.0,27.0,29.0,32.0,33.0,37.0,43.0,46.0,42.0,35.0,27.0,23.0,23.0,26.0
845159,86,"Poughkeepsie, NY",msa,NY,,,,,,,,,,,,,,,,,,,,,,,,,,,,,,,,,,,,,24.0,32.0,36.0,39.0,43.0,50.0,59.0,61.0,68.0,76.0,90.0,104.0,106.0,104.0,84.0,71.0,60.0,66.0,69.0,78.0,82.0,84.0,76.0,63.0,53.0,45.0,44.0,44.0,46.0,49.0,51.0,54.0,57.0,65.0,72.0,78.0,76.0,67.0,58.0,53.0,53.0,54.0,56.0,57.0,60.0,68.0,75.0,85.0,82.0,76.0,62.0,54.0,55.0,58.0,62.0,66.0,68.0,75.0,79.0,86.0,83.0,75.0,65.0,60.0,58.0,60.0
394931,87,"Ogden, UT",msa,UT,34.0,27.0,24.0,23.0,24.0,25.0,27.0,32.0,37.0,43.0,46.0,47.0,41.0,35.0,29.0,27.0,25.0,28.0,30.0,35.0,35.0,42.0,46.0,50.0,40.0,33.0,25.0,25.0,21.0,20.0,17.0,15.0,12.0,14.0,18.0,19.0,15.0,11.0,10.0,10.0,10.0,11.0,13.0,14.0,16.0,17.0,18.0,16.0,13.0,10.0,11.0,13.0,17.0,22.0,30.0,37.0,44.0,51.0,59.0,62.0,58.0,47.0,38.0,32.0,31.0,32.0,34.0,36.0,41.0,50.0,55.0,56.0,48.0,38.0,31.0,29.0,31.0,36.0,41.0,45.0,45.0,49.0,55.0,57.0,54.0,48.0,42.0,39.0,39.0,43.0,45.0,52.0,55.0,63.0,63.0,63.0,57.0,50.0,42.0,41.0,42.0,46.0
394816,88,"Madison, WI",msa,WI,50.0,46.0,43.0,42.0,43.0,46.0,52.0,61.0,69.0,78.0,82.0,79.0,68.0,56.0,50.0,47.0,48.0,49.0,56.0,60.0,71.0,80.0,87.0,84.0,73.0,64.0,57.0,50.0,46.0,44.0,50.0,48.0,51.0,52.0,53.0,48.0,41.0,34.0,26.0,21.0,22.0,23.0,28.0,31.0,38.0,43.0,42.0,37.0,26.0,20.0,16.0,15.0,16.0,20.0,23.0,26.0,32.0,37.0,41.0,37.0,31.0,25.0,21.0,20.0,21.0,22.0,23.0,24.0,27.0,37.0,40.0,39.0,28.0,23.0,21.0,19.0,21.0,26.0,32.0,37.0,38.0,44.0,46.0,47.0,38.0,31.0,25.0,24.0,26.0,28.0,34.0,38.0,45.0,54.0,60.0,59.0,46.0,38.0,29.0,32.0,31.0,35.0
395235,89,"Winston, NC",msa,NC,70.0,69.0,65.0,62.0,58.0,56.0,53.0,52.0,58.0,64.0,70.0,67.0,60.0,52.0,44.0,41.0,42.0,42.0,43.0,43.0,47.0,53.0,56.0,55.0,47.0,44.0,43.0,44.0,42.0,39.0,32.0,28.0,26.0,29.0,31.0,31.0,24.0,19.0,15.0,16.0,16.0,16.0,17.0,19.0,21.0,24.0,27.0,28.0,25.0,19.0,16.0,15.0,16.0,19.0,22.0,24.0,27.0,30.0,37.0,39.0,38.0,32.0,27.0,24.0,24.0,25.0,26.0,29.0,31.0,34.0,37.0,39.0,38.0,35.0,31.0,30.0,29.0,31.0,34.0,36.0,39.0,42.0,51.0,53.0,50.0,41.0,35.0,35.0,38.0,42.0,44.0,44.0,47.0,56.0,64.0,67.0,60.0,54.0,47.0,44.0,45.0,47.0
394528,90,"Deltona, FL",msa,FL,58.0,53.0,50.0,53.0,53.0,61.0,68.0,76.0,78.0,78.0,88.0,91.0,92.0,87.0,88.0,89.0,88.0,87.0,88.0,86.0,80.0,76.0,76.0,76.0,70.0,67.0,68.0,71.0,72.0,70.0,62.0,55.0,48.0,47.0,48.0,49.0,45.0,41.0,34.0,29.0,23.0,22.0,23.0,25.0,28.0,30.0,31.0,31.0,28.0,23.0,20.0,19.0,21.0,25.0,31.0,37.0,41.0,46.0,51.0,56.0,55.0,52.0,49.0,48.0,47.0,47.0,48.0,50.0,55.0,59.0,65.0,68.0,67.0,66.0,64.0,68.0,70.0,72.0,73.0,76.0,82.0,89.0,91.0,91.0,87.0,84.0,84.0,84.0,90.0,95.0,97.0,97.0,96.0,99.0,101.0,100.0,96.0,92.0,91.0,92.0,90.0,89.0
395143,91,"Syracuse, NY",msa,NY,78.0,74.0,69.0,61.0,59.0,58.0,66.0,69.0,77.0,80.0,92.0,99.0,97.0,85.0,71.0,60.0,52.0,51.0,53.0,57.0,58.0,68.0,75.0,80.0,75.0,72.0,64.0,52.0,42.0,36.0,36.0,36.0,35.0,38.0,44.0,46.0,42.0,31.0,22.0,17.0,15.0,18.0,21.0,24.0,26.0,30.0,35.0,35.0,31.0,23.0,19.0,17.0,17.0,18.0,20.0,21.0,23.0,28.0,34.0,38.0,35.0,29.0,23.0,18.0,17.0,15.0,17.0,18.0,22.0,25.0,29.0,30.0,29.0,26.0,20.0,18.0,17.0,18.0,19.0,21.0,24.0,30.0,36.0,36.0,33.0,26.0,22.0,18.0,18.0,21.0,23.0,25.0,28.0,35.0,42.0,43.0,37.0,29.0,22.0,19.0,18.0,20.0
395006,92,"Provo, UT",msa,UT,38.0,33.0,31.0,27.0,28.0,28.0,32.0,33.0,38.0,42.0,50.0,50.0,45.0,37.0,35.0,35.0,36.0,35.0,38.0,40.0,48.0,51.0,54.0,51.0,40.0,33.0,26.0,28.0,26.0,25.0,21.0,20.0,18.0,18.0,20.0,20.0,18.0,13.0,11.0,11.0,12.0,13.0,15.0,16.0,18.0,19.0,20.0,17.0,14.0,11.0,11.0,14.0,19.0,27.0,35.0,42.0,48.0,54.0,60.0,60.0,55.0,45.0,38.0,33.0,35.0,37.0,40.0,41.0,44.0,48.0,53.0,54.0,48.0,40.0,34.0,33.0,34.0,38.0,42.0,44.0,48.0,52.0,57.0,54.0,52.0,47.0,44.0,44.0,45.0,52.0,55.0,59.0,60.0,65.0,70.0,72.0,65.0,55.0,48.0,47.0,49.0,52.0
395160,93,"Toledo, OH",msa,OH,60.0,54.0,46.0,40.0,40.0,43.0,46.0,50.0,55.0,66.0,73.0,77.0,70.0,62.0,51.0,43.0,42.0,42.0,45.0,47.0,49.0,53.0,63.0,65.0,62.0,50.0,47.0,46.0,42.0,37.0,31.0,29.0,28.0,31.0,36.0,38.0,33.0,26.0,21.0,17.0,15.0,16.0,18.0,20.0,23.0,25.0,27.0,29.0,27.0,21.0,15.0,12.0,14.0,16.0,20.0,22.0,25.0,27.0,32.0,34.0,33.0,25.0,20.0,17.0,17.0,18.0,21.0,23.0,24.0,26.0,30.0,33.0,32.0,27.0,23.0,19.0,19.0,22.0,24.0,25.0,25.0,28.0,30.0,33.0,32.0,27.0,24.0,21.0,23.0,24.0,26.0,26.0,28.0,32.0,39.0,42.0,40.0,35.0,30.0,27.0,25.0,26.0
395224,94,"Wichita, KS",msa,KS,57.0,55.0,50.0,45.0,44.0,45.0,49.0,50.0,54.0,57.0,64.0,68.0,69.0,62.0,54.0,51.0,47.0,42.0,42.0,46.0,49.0,52.0,55.0,59.0,53.0,47.0,39.0,38.0,36.0,34.0,33.0,31.0,30.0,30.0,36.0,37.0,32.0,23.0,16.0,13.0,12.0,15.0,18.0,21.0,21.0,23.0,24.0,23.0,19.0,16.0,13.0,11.0,12.0,15.0,17.0,19.0,20.0,24.0,28.0,29.0,27.0,22.0,19.0,16.0,17.0,18.0,20.0,21.0,25.0,28.0,32.0,36.0,35.0,30.0,27.0,28.0,31.0,32.0,34.0,37.0,40.0,46.0,51.0,54.0,52.0,46.0,41.0,37.0,37.0,38.0,42.0,45.0,47.0,53.0,59.0,64.0,60.0,53.0,46.0,43.0,42.0,42.0
394549,95,"Durham, NC",msa,NC,34.0,28.0,27.0,27.0,28.0,30.0,33.0,36.0,39.0,45.0,51.0,53.0,46.0,36.0,30.0,30.0,33.0,35.0,37.0,38.0,42.0,46.0,51.0,50.0,45.0,38.0,35.0,33.0,33.0,32.0,30.0,28.0,28.0,32.0,33.0,32.0,27.0,21.0,17.0,13.0,12.0,12.0,13.0,14.0,16.0,17.0,19.0,19.0,18.0,14.0,12.0,12.0,13.0,16.0,22.0,28.0,34.0,41.0,46.0,46.0,39.0,29.0,23.0,21.0,22.0,22.0,25.0,27.0,33.0,39.0,45.0,44.0,37.0,30.0,26.0,25.0,27.0,30.0,36.0,38.0,42.0,48.0,56.0,56.0,48.0,39.0,35.0,34.0,38.0,42.0,49.0,52.0,57.0,66.0,76.0,79.0,67.0,52.0,43.0,44.0,48.0,54.0
394352,96,"Augusta, GA",msa,GA,,,,,,,,56.0,58.0,70.0,88.0,104.0,103.0,96.0,87.0,78.0,67.0,62.0,62.0,62.0,61.0,65.0,69.0,73.0,70.0,64.0,60.0,54.0,50.0,45.0,45.0,40.0,40.0,36.0,34.0,30.0,27.0,25.0,22.0,19.0,18.0,18.0,20.0,21.0,22.0,23.0,25.0,25.0,23.0,19.0,16.0,15.0,17.0,19.0,24.0,26.0,29.0,31.0,36.0,39.0,38.0,34.0,31.0,30.0,30.0,31.0,32.0,34.0,37.0,41.0,45.0,47.0,45.0,44.0,42.0,40.0,39.0,41.0,44.0,49.0,53.0,60.0,62.0,59.0,53.0,46.0,46.0,44.0,46.0,47.0,49.0,50.0,51.0,57.0,67.0,73.0,72.0,65.0,59.0,57.0,57.0,59.0
394957,97,"Palm Bay, FL",msa,FL,49.0,48.0,47.0,46.0,48.0,50.0,54.0,56.0,60.0,65.0,72.0,75.0,72.0,66.0,62.0,63.0,62.0,59.0,56.0,57.0,59.0,59.0,62.0,64.0,61.0,55.0,52.0,57.0,59.0,57.0,57.0,51.0,46.0,36.0,36.0,35.0,31.0,26.0,21.0,18.0,17.0,17.0,19.0,21.0,21.0,23.0,24.0,23.0,20.0,16.0,15.0,14.0,16.0,19.0,25.0,30.0,34.0,40.0,45.0,48.0,47.0,44.0,41.0,39.0,36.0,38.0,38.0,40.0,42.0,49.0,55.0,57.0,58.0,59.0,58.0,57.0,55.0,59.0,63.0,69.0,70.0,74.0,74.0,77.0,75.0,71.0,70.0,70.0,72.0,75.0,77.0,79.0,79.0,81.0,83.0,84.0,79.0,77.0,75.0,73.0,70.0,67.0
394711,98,"Jackson, MS",msa,MS,62.0,63.0,63.0,61.0,60.0,61.0,65.0,70.0,77.0,84.0,94.0,94.0,88.0,79.0,72.0,68.0,64.0,67.0,68.0,69.0,72.0,75.0,82.0,81.0,77.0,72.0,66.0,67.0,63.0,61.0,56.0,54.0,50.0,48.0,45.0,43.0,36.0,30.0,28.0,24.0,20.0,19.0,22.0,26.0,27.0,27.0,27.0,28.0,26.0,21.0,17.0,17.0,20.0,23.0,26.0,28.0,30.0,36.0,42.0,46.0,43.0,39.0,35.0,35.0,34.0,40.0,42.0,44.0,43.0,47.0,52.0,58.0,53.0,50.0,44.0,44.0,45.0,48.0,50.0,53.0,54.0,58.0,62.0,67.0,65.0,62.0,56.0,54.0,53.0,52.0,54.0,57.0,62.0,67.0,71.0,72.0,70.0,63.0,57.0,56.0,56.0,57.0
394666,99,"Harrisburg, PA",msa,PA,58.0,50.0,44.0,40.0,40.0,40.0,44.0,47.0,50.0,56.0,63.0,65.0,57.0,50.0,41.0,39.0,38.0,40.0,41.0,43.0,44.0,46.0,48.0,52.0,51.0,47.0,41.0,38.0,37.0,32.0,32.0,27.0,26.0,25.0,27.0,29.0,24.0,19.0,14.0,12.0,13.0,15.0,17.0,18.0,19.0,19.0,22.0,22.0,20.0,15.0,12.0,12.0,12.0,14.0,16.0,17.0,19.0,23.0,28.0,29.0,28.0,22.0,20.0,16.0,16.0,15.0,15.0,16.0,18.0,22.0,25.0,27.0,23.0,20.0,17.0,18.0,17.0,20.0,21.0,23.0,23.0,27.0,28.0,30.0,27.0,24.0,20.0,19.0,19.0,20.0,21.0,23.0,27.0,31.0,36.0,39.0,35.0,29.0,23.0,21.0,23.0,24.0
395113,100,"Spokane, WA",msa,WA,59.0,52.0,44.0,40.0,40.0,41.0,43.0,45.0,51.0,57.0,65.0,68.0,66.0,56.0,45.0,39.0,41.0,43.0,41.0,39.0,40.0,50.0,55.0,55.0,43.0,31.0,24.0,23.0,23.0,25.0,25.0,26.0,25.0,27.0,32.0,30.0,25.0,15.0,12.0,10.0,11.0,12.0,14.0,16.0,19.0,23.0,26.0,24.0,19.0,12.0,10.0,11.0,15.0,20.0,27.0,33.0,38.0,45.0,52.0,55.0,47.0,36.0,26.0,24.0,25.0,29.0,34.0,37.0,40.0,47.0,55.0,60.0,53.0,41.0,32.0,29.0,31.0,38.0,43.0,49.0,52.0,62.0,67.0,72.0,62.0,49.0,38.0,34.0,39.0,41.0,46.0,54.0,63.0,71.0,73.0,75.0,68.0,56.0,44.0,39.0,44.0,50.0
395075,101,"Scranton, PA",msa,PA,85.0,85.0,79.0,77.0,76.0,70.0,82.0,86.0,105.0,118.0,128.0,139.0,126.0,112.0,94.0,93.0,98.0,100.0,97.0,100.0,98.0,104.0,99.0,99.0,101.0,119.0,123.0,115.0,92.0,79.0,64.0,56.0,46.0,50.0,45.0,46.0,38.0,34.0,25.0,20.0,23.0,32.0,38.0,45.0,48.0,53.0,54.0,55.0,49.0,41.0,30.0,25.0,24.0,28.0,34.0,39.0,43.0,47.0,55.0,59.0,59.0,51.0,45.0,43.0,43.0,40.0,38.0,37.0,42.0,49.0,59.0,65.0,61.0,52.0,44.0,38.0,35.0,34.0,35.0,43.0,44.0,53.0,54.0,59.0,56.0,50.0,44.0,43.0,40.0,45.0,42.0,47.0,46.0,49.0,51.0,54.0,55.0,50.0,43.0,37.0,37.0,37.0
394460,102,"Chattanooga, TN",msa,TN,50.0,46.0,42.0,39.0,37.0,39.0,43.0,48.0,51.0,57.0,64.0,66.0,63.0,54.0,51.0,49.0,47.0,48.0,53.0,56.0,58.0,61.0,67.0,70.0,64.0,57.0,49.0,47.0,46.0,43.0,40.0,35.0,32.0,35.0,39.0,37.0,31.0,24.0,20.0,16.0,15.0,15.0,17.0,19.0,23.0,24.0,23.0,22.0,19.0,16.0,15.0,15.0,17.0,20.0,25.0,30.0,35.0,42.0,46.0,48.0,45.0,41.0,36.0,33.0,31.0,32.0,32.0,34.0,37.0,41.0,46.0,48.0,47.0,43.0,41.0,39.0,40.0,41.0,44.0,46.0,47.0,53.0,58.0,63.0,62.0,58.0,54.0,50.0,52.0,54.0,56.0,56.0,58.0,64.0,70.0,72.0,69.0,65.0,62.0,58.0,57.0,61.0
394871,103,"Modesto, CA",msa,CA,34.0,31.0,28.0,28.0,28.0,31.0,36.0,40.0,42.0,45.0,51.0,53.0,51.0,43.0,36.0,32.0,30.0,32.0,33.0,34.0,36.0,37.0,41.0,39.0,36.0,29.0,27.0,27.0,28.0,26.0,22.0,18.0,17.0,19.0,22.0,22.0,19.0,15.0,13.0,13.0,13.0,15.0,16.0,18.0,19.0,22.0,24.0,23.0,19.0,14.0,15.0,16.0,20.0,25.0,30.0,35.0,38.0,40.0,46.0,45.0,44.0,37.0,31.0,26.0,23.0,24.0,26.0,27.0,29.0,30.0,36.0,36.0,35.0,28.0,27.0,26.0,26.0,29.0,31.0,35.0,37.0,42.0,47.0,46.0,40.0,34.0,32.0,33.0,36.0,40.0,45.0,48.0,50.0,49.0,49.0,48.0,46.0,43.0,39.0,37.0,35.0,37.0
394768,104,"Lancaster, PA",msa,PA,49.0,40.0,38.0,34.0,37.0,36.0,40.0,40.0,41.0,42.0,51.0,53.0,52.0,42.0,35.0,32.0,30.0,31.0,30.0,32.0,35.0,42.0,47.0,46.0,43.0,39.0,40.0,39.0,35.0,27.0,28.0,27.0,26.0,22.0,26.0,27.0,24.0,19.0,15.0,14.0,13.0,14.0,15.0,16.0,17.0,18.0,19.0,19.0,15.0,13.0,11.0,11.0,11.0,14.0,16.0,17.0,17.0,20.0,23.0,23.0,19.0,16.0,14.0,13.0,14.0,15.0,16.0,16.0,17.0,21.0,24.0,23.0,21.0,17.0,15.0,13.0,13.0,15.0,16.0,17.0,18.0,22.0,24.0,24.0,20.0,17.0,15.0,15.0,15.0,18.0,20.0,21.0,20.0,23.0,24.0,26.0,22.0,19.0,16.0,15.0,15.0,16.0
394997,105,"Portland, ME",msa,ME,54.0,52.0,45.0,40.0,37.0,42.0,53.0,58.0,68.0,75.0,86.0,85.0,76.0,62.0,49.0,41.0,38.0,42.0,46.0,48.0,52.0,64.0,75.0,86.0,80.0,65.0,55.0,47.0,47.0,43.0,51.0,49.0,45.0,40.0,43.0,48.0,46.0,42.0,32.0,27.0,23.0,21.0,21.0,23.0,25.0,29.0,33.0,35.0,29.0,21.0,15.0,15.0,17.0,20.0,24.0,26.0,29.0,35.0,43.0,44.0,41.0,34.0,28.0,22.0,19.0,19.0,22.0,22.0,24.0,30.0,38.0,39.0,35.0,26.0,23.0,20.0,22.0,24.0,28.0,30.0,34.0,39.0,43.0,44.0,40.0,33.0,27.0,24.0,28.0,32.0,36.0,35.0,37.0,43.0,52.0,57.0,53.0,43.0,31.0,27.0,28.0,32.0
395245,106,"Youngstown, OH",msa,OH,78.0,84.0,81.0,77.0,71.0,70.0,72.0,75.0,81.0,89.0,96.0,100.0,101.0,99.0,91.0,83.0,79.0,79.0,79.0,79.0,84.0,85.0,91.0,89.0,89.0,84.0,80.0,78.0,72.0,67.0,60.0,54.0,50.0,50.0,57.0,55.0,48.0,33.0,27.0,22.0,20.0,21.0,22.0,25.0,26.0,30.0,33.0,37.0,35.0,29.0,24.0,19.0,19.0,19.0,22.0,26.0,29.0,34.0,38.0,42.0,40.0,36.0,30.0,24.0,20.0,20.0,22.0,25.0,29.0,35.0,41.0,44.0,41.0,37.0,31.0,28.0,26.0,26.0,27.0,28.0,31.0,36.0,43.0,49.0,48.0,43.0,36.0,32.0,31.0,33.0,35.0,37.0,39.0,45.0,56.0,61.0,60.0,49.0,42.0,39.0,38.0,39.0
394770,107,"Lansing, MI",msa,MI,65.0,61.0,52.0,47.0,44.0,44.0,49.0,53.0,61.0,69.0,77.0,85.0,84.0,79.0,66.0,56.0,51.0,50.0,50.0,56.0,59.0,66.0,75.0,83.0,83.0,79.0,71.0,66.0,60.0,53.0,49.0,46.0,46.0,46.0,53.0,50.0,41.0,27.0,21.0,20.0,20.0,23.0,26.0,30.0,34.0,35.0,36.0,33.0,29.0,23.0,17.0,14.0,13.0,16.0,21.0,24.0,26.0,31.0,40.0,45.0,41.0,33.0,26.0,21.0,17.0,16.0,17.0,20.0,24.0,30.0,35.0,38.0,35.0,29.0,23.0,20.0,20.0,20.0,22.0,25.0,28.0,32.0,39.0,43.0,42.0,35.0,28.0,22.0,23.0,24.0,26.0,28.0,33.0,40.0,45.0,47.0,42.0,36.0,27.0,24.0,22.0,25.0
394590,108,"Fayetteville, AR",msa,AR,,,,,,,,,,,,,,,,,,,,,,,,,,,,,,,,,,,,,,,,,,,,,,,,,,,,,,,,,,,,,,,,,,,,,,,,,,,,,,,,,,,,,,,,,,,,,76.0,85.0,75.0,72.0,69.0,67.0,54.0,48.0,57.0,64.0
394589,109,"Fayetteville, NC",msa,NC,64.0,67.0,65.0,65.0,65.0,67.0,70.0,72.0,77.0,79.0,84.0,85.0,83.0,72.0,60.0,50.0,47.0,49.0,48.0,49.0,51.0,58.0,64.0,64.0,59.0,49.0,44.0,38.0,33.0,29.0,27.0,25.0,22.0,22.0,25.0,23.0,21.0,15.0,13.0,11.0,11.0,12.0,13.0,15.0,16.0,17.0,17.0,17.0,15.0,12.0,10.0,11.0,13.0,14.0,15.0,18.0,19.0,22.0,24.0,25.0,24.0,21.0,19.0,18.0,18.0,18.0,19.0,22.0,25.0,30.0,34.0,35.0,33.0,29.0,26.0,25.0,28.0,32.0,35.0,37.0,39.0,42.0,46.0,50.0,52.0,48.0,43.0,42.0,43.0,46.0,48.0,55.0,57.0,64.0,65.0,72.0,67.0,61.0,52.0,51.0,51.0,52.0
394792,110,"Lexington, KY",msa,KY,49.0,43.0,36.0,33.0,33.0,36.0,40.0,46.0,53.0,62.0,69.0,72.0,67.0,61.0,51.0,48.0,43.0,43.0,46.0,49.0,54.0,59.0,66.0,68.0,65.0,57.0,53.0,49.0,48.0,42.0,37.0,35.0,34.0,33.0,35.0,41.0,41.0,31.0,20.0,14.0,14.0,15.0,17.0,19.0,23.0,24.0,26.0,24.0,20.0,14.0,11.0,10.0,14.0,17.0,20.0,21.0,25.0,28.0,34.0,33.0,29.0,23.0,20.0,18.0,19.0,20.0,22.0,24.0,26.0,32.0,38.0,39.0,35.0,27.0,23.0,21.0,21.0,25.0,28.0,30.0,32.0,39.0,50.0,51.0,45.0,34.0,29.0,28.0,26.0,28.0,32.0,37.0,41.0,47.0,52.0,57.0,54.0,47.0,38.0,34.0,34.0,39.0
394971,111,"Pensacola, FL",msa,FL,,49.0,39.0,41.0,51.0,51.0,48.0,40.0,53.0,67.0,72.0,66.0,56.0,51.0,43.0,40.0,38.0,47.0,49.0,53.0,53.0,64.0,66.0,68.0,54.0,53.0,46.0,49.0,41.0,34.0,38.0,41.0,46.0,40.0,44.0,40.0,36.0,27.0,24.0,23.0,22.0,20.0,19.0,21.0,23.0,29.0,29.0,28.0,23.0,21.0,19.0,17.0,18.0,23.0,31.0,37.0,40.0,42.0,47.0,50.0,49.0,44.0,40.0,39.0,39.0,43.0,43.0,43.0,44.0,49.0,58.0,61.0,63.0,59.0,55.0,53.0,54.0,58.0,62.0,65.0,68.0,71.0,75.0,81.0,80.0,76.0,71.0,70.0,69.0,68.0,71.0,77.0,80.0,81.0,80.0,80.0,77.0,73.0,67.0,66.0,63.0,65.0
395068,112,"Santa Rosa, CA",msa,CA,30.0,27.0,26.0,26.0,28.0,32.0,37.0,42.0,44.0,50.0,57.0,60.0,55.0,45.0,36.0,32.0,35.0,39.0,43.0,44.0,48.0,54.0,59.0,56.0,46.0,39.0,40.0,44.0,48.0,48.0,45.0,37.0,32.0,32.0,38.0,40.0,38.0,29.0,24.0,21.0,23.0,23.0,25.0,27.0,29.0,35.0,36.0,31.0,21.0,15.0,15.0,17.0,20.0,24.0,27.0,31.0,35.0,40.0,47.0,46.0,43.0,36.0,30.0,26.0,26.0,30.0,35.0,35.0,40.0,43.0,48.0,46.0,39.0,31.0,26.0,27.0,31.0,35.0,37.0,40.0,42.0,47.0,52.0,53.0,45.0,37.0,32.0,35.0,37.0,47.0,51.0,57.0,60.0,64.0,66.0,62.0,53.0,45.0,41.0,41.0,44.0,45.0
395019,113,"Reno, NV",msa,NV,34.0,27.0,26.0,24.0,29.0,33.0,39.0,44.0,51.0,56.0,65.0,67.0,65.0,56.0,45.0,37.0,34.0,39.0,46.0,53.0,55.0,62.0,66.0,65.0,51.0,38.0,35.0,41.0,41.0,39.0,32.0,29.0,26.0,28.0,33.0,32.0,25.0,18.0,16.0,16.0,16.0,16.0,17.0,18.0,21.0,24.0,27.0,26.0,21.0,16.0,14.0,16.0,21.0,28.0,39.0,45.0,54.0,60.0,69.0,71.0,66.0,55.0,41.0,34.0,31.0,33.0,36.0,40.0,42.0,49.0,53.0,57.0,49.0,42.0,33.0,32.0,32.0,37.0,43.0,48.0,52.0,57.0,61.0,61.0,56.0,49.0,44.0,42.0,42.0,45.0,52.0,56.0,63.0,63.0,66.0,66.0,60.0,50.0,39.0,36.0,36.0,40.0
394698,114,"Huntsville, AL",msa,AL,63.0,60.0,52.0,51.0,47.0,54.0,55.0,57.0,56.0,60.0,69.0,67.0,62.0,50.0,41.0,38.0,38.0,39.0,41.0,38.0,40.0,43.0,47.0,45.0,39.0,34.0,35.0,35.0,31.0,25.0,23.0,20.0,20.0,18.0,26.0,28.0,28.0,19.0,15.0,13.0,11.0,12.0,12.0,14.0,16.0,17.0,19.0,18.0,16.0,13.0,11.0,12.0,13.0,16.0,19.0,21.0,24.0,29.0,37.0,41.0,42.0,38.0,33.0,30.0,28.0,30.0,32.0,35.0,36.0,41.0,48.0,55.0,55.0,49.0,42.0,39.0,40.0,44.0,48.0,54.0,60.0,66.0,71.0,73.0,69.0,61.0,55.0,52.0,53.0,56.0,60.0,63.0,66.0,72.0,77.0,78.0,73.0,64.0,57.0,56.0,55.0,55.0
394995,115,"Port St. Lucie, FL",msa,FL,59.0,60.0,65.0,68.0,71.0,71.0,72.0,73.0,73.0,73.0,77.0,82.0,86.0,88.0,88.0,85.0,81.0,79.0,82.0,87.0,88.0,92.0,91.0,90.0,88.0,87.0,87.0,88.0,88.0,84.0,78.0,74.0,69.0,62.0,60.0,57.0,53.0,41.0,33.0,24.0,21.0,20.0,20.0,21.0,23.0,24.0,24.0,24.0,22.0,20.0,18.0,18.0,19.0,23.0,29.0,36.0,42.0,47.0,51.0,55.0,57.0,56.0,53.0,51.0,49.0,48.0,47.0,47.0,49.0,52.0,57.0,62.0,66.0,68.0,69.0,67.0,69.0,70.0,74.0,75.0,75.0,81.0,85.0,89.0,88.0,90.0,90.0,91.0,92.0,92.0,94.0,92.0,97.0,98.0,102.0,102.0,102.0,100.0,97.0,94.0,92.0,92.0
394761,116,"Lafayette, LA",msa,LA,80.0,83.0,78.0,84.0,81.0,86.0,85.0,94.0,101.0,108.0,109.0,110.0,112.0,110.0,104.0,96.0,92.0,94.0,98.0,103.0,99.0,102.0,106.0,108.0,106.0,99.0,97.0,94.0,88.0,86.0,85.0,84.0,80.0,73.0,73.0,72.0,67.0,57.0,48.0,45.0,39.0,36.0,36.0,40.0,41.0,37.0,35.0,36.0,36.0,35.0,30.0,27.0,24.0,27.0,29.0,36.0,40.0,46.0,51.0,51.0,51.0,46.0,48.0,44.0,42.0,38.0,41.0,46.0,50.0,54.0,59.0,63.0,63.0,59.0,54.0,52.0,53.0,57.0,55.0,60.0,66.0,73.0,75.0,77.0,79.0,77.0,77.0,73.0,71.0,64.0,64.0,63.0,69.0,82.0,92.0,92.0,79.0,72.0,67.0,70.0,69.0,74.0
394898,117,"Myrtle Beach, SC",msa,SC,66.0,66.0,66.0,68.0,70.0,71.0,75.0,79.0,83.0,88.0,91.0,95.0,91.0,86.0,79.0,79.0,80.0,84.0,84.0,85.0,84.0,89.0,94.0,94.0,88.0,93.0,96.0,102.0,92.0,85.0,76.0,71.0,70.0,70.0,66.0,59.0,51.0,46.0,39.0,34.0,28.0,25.0,24.0,25.0,27.0,27.0,28.0,26.0,23.0,18.0,17.0,17.0,20.0,25.0,31.0,36.0,41.0,45.0,52.0,55.0,57.0,53.0,49.0,45.0,45.0,45.0,45.0,45.0,49.0,56.0,62.0,63.0,57.0,52.0,50.0,54.0,57.0,63.0,66.0,71.0,74.0,80.0,83.0,86.0,84.0,81.0,77.0,79.0,85.0,92.0,96.0,98.0,96.0,103.0,106.0,110.0,102.0,96.0,92.0,92.0,93.0,95.0
395116,118,"Springfield, MO",msa,MO,50.0,45.0,41.0,37.0,38.0,40.0,44.0,47.0,52.0,61.0,68.0,71.0,66.0,59.0,51.0,47.0,42.0,40.0,41.0,44.0,45.0,49.0,54.0,57.0,52.0,48.0,42.0,40.0,36.0,35.0,31.0,30.0,29.0,32.0,34.0,32.0,26.0,19.0,14.0,12.0,13.0,15.0,17.0,19.0,22.0,24.0,26.0,27.0,24.0,19.0,16.0,14.0,16.0,19.0,22.0,27.0,31.0,36.0,41.0,45.0,45.0,42.0,37.0,34.0,32.0,33.0,35.0,34.0,34.0,37.0,42.0,48.0,44.0,39.0,31.0,31.0,31.0,34.0,37.0,39.0,42.0,48.0,54.0,59.0,56.0,51.0,44.0,40.0,38.0,41.0,46.0,50.0,52.0,58.0,63.0,65.0,59.0,51.0,44.0,39.0,40.0,42.0
395195,119,"Visalia, CA",msa,CA,40.0,38.0,38.0,36.0,38.0,40.0,41.0,40.0,44.0,50.0,58.0,60.0,57.0,52.0,47.0,46.0,43.0,44.0,43.0,45.0,43.0,44.0,46.0,48.0,45.0,41.0,39.0,41.0,40.0,36.0,31.0,24.0,24.0,23.0,25.0,27.0,25.0,21.0,18.0,17.0,17.0,17.0,20.0,21.0,22.0,22.0,25.0,24.0,22.0,19.0,19.0,19.0,20.0,23.0,27.0,31.0,34.0,40.0,47.0,48.0,45.0,39.0,39.0,34.0,34.0,31.0,33.0,33.0,35.0,39.0,46.0,45.0,44.0,37.0,35.0,32.0,33.0,35.0,39.0,43.0,47.0,49.0,48.0,46.0,43.0,43.0,44.0,44.0,47.0,45.0,48.0,48.0,50.0,51.0,56.0,55.0,52.0,45.0,43.0,42.0,46.0,47.0
394746,120,"Killeen, TX",msa,TX,51.0,46.0,42.0,38.0,37.0,39.0,44.0,50.0,53.0,53.0,58.0,57.0,54.0,46.0,40.0,37.0,37.0,37.0,40.0,43.0,46.0,49.0,48.0,50.0,44.0,40.0,36.0,36.0,34.0,31.0,30.0,27.0,25.0,23.0,25.0,23.0,21.0,16.0,15.0,14.0,13.0,13.0,16.0,19.0,20.0,22.0,23.0,23.0,20.0,19.0,17.0,16.0,17.0,21.0,25.0,32.0,38.0,45.0,52.0,57.0,57.0,53.0,49.0,47.0,48.0,52.0,53.0,55.0,57.0,67.0,74.0,75.0,73.0,71.0,69.0,66.0,64.0,65.0,66.0,70.0,77.0,85.0,95.0,97.0,94.0,85.0,78.0,74.0,74.0,75.0,78.0,82.0,89.0,95.0,98.0,104.0,105.0,98.0,86.0,81.0,84.0,85.0
394338,121,"Asheville, NC",msa,NC,57.0,52.0,47.0,46.0,49.0,52.0,54.0,57.0,63.0,71.0,83.0,89.0,86.0,71.0,64.0,60.0,63.0,62.0,66.0,70.0,76.0,84.0,91.0,92.0,83.0,70.0,64.0,62.0,65.0,63.0,57.0,52.0,50.0,52.0,57.0,54.0,49.0,36.0,27.0,21.0,21.0,24.0,27.0,30.0,32.0,39.0,43.0,45.0,38.0,31.0,25.0,23.0,24.0,28.0,31.0,35.0,37.0,45.0,52.0,57.0,55.0,50.0,49.0,48.0,48.0,45.0,45.0,46.0,52.0,59.0,67.0,66.0,65.0,55.0,47.0,45.0,49.0,52.0,49.0,52.0,62.0,65.0,76.0,79.0,86.0,73.0,71.0,64.0,71.0,78.0,81.0,87.0,85.0,106.0,114.0,120.0,104.0,96.0,80.0,79.0,75.0,83.0
395244,122,"York, PA",msa,PA,62.0,55.0,52.0,49.0,47.0,44.0,47.0,55.0,59.0,63.0,69.0,71.0,70.0,57.0,46.0,41.0,40.0,44.0,45.0,47.0,50.0,58.0,68.0,64.0,54.0,45.0,44.0,43.0,38.0,33.0,32.0,30.0,28.0,24.0,26.0,25.0,22.0,15.0,12.0,11.0,13.0,14.0,15.0,16.0,16.0,17.0,17.0,17.0,15.0,14.0,12.0,12.0,12.0,15.0,18.0,20.0,22.0,23.0,26.0,28.0,25.0,20.0,14.0,13.0,14.0,15.0,16.0,18.0,20.0,24.0,29.0,32.0,30.0,23.0,18.0,15.0,15.0,17.0,19.0,22.0,25.0,30.0,32.0,33.0,29.0,24.0,19.0,18.0,19.0,22.0,24.0,25.0,27.0,29.0,32.0,33.0,29.0,23.0,19.0,18.0,19.0,20.0
395183,123,"Vallejo, CA",msa,CA,28.0,24.0,24.0,24.0,26.0,28.0,32.0,36.0,41.0,45.0,52.0,54.0,51.0,44.0,37.0,35.0,34.0,35.0,36.0,39.0,41.0,42.0,46.0,45.0,40.0,35.0,31.0,32.0,28.0,25.0,25.0,20.0,21.0,20.0,23.0,21.0,21.0,17.0,14.0,11.0,12.0,12.0,14.0,15.0,17.0,20.0,21.0,20.0,15.0,13.0,12.0,15.0,19.0,25.0,31.0,37.0,42.0,48.0,54.0,54.0,48.0,38.0,29.0,24.0,24.0,24.0,27.0,28.0,31.0,35.0,40.0,42.0,38.0,32.0,28.0,28.0,29.0,33.0,34.0,39.0,41.0,43.0,45.0,45.0,43.0,39.0,37.0,39.0,40.0,42.0,46.0,51.0,56.0,59.0,63.0,61.0,52.0,43.0,36.0,37.0,39.0,42.0
753917,124,"Santa Maria, CA",msa,CA,48.0,44.0,42.0,42.0,45.0,50.0,55.0,57.0,63.0,67.0,72.0,67.0,65.0,61.0,60.0,57.0,56.0,57.0,61.0,64.0,64.0,69.0,71.0,70.0,58.0,48.0,50.0,55.0,61.0,57.0,53.0,49.0,41.0,38.0,36.0,36.0,32.0,27.0,25.0,21.0,20.0,19.0,19.0,19.0,19.0,21.0,23.0,22.0,20.0,17.0,17.0,18.0,21.0,25.0,28.0,31.0,36.0,42.0,45.0,45.0,40.0,37.0,29.0,24.0,22.0,25.0,28.0,32.0,32.0,35.0,36.0,38.0,37.0,37.0,36.0,33.0,30.0,34.0,36.0,39.0,38.0,45.0,53.0,56.0,51.0,41.0,35.0,34.0,38.0,43.0,51.0,53.0,54.0,56.0,58.0,58.0,52.0,44.0,43.0,41.0,45.0,43.0
395050,125,"Salinas, CA",msa,CA,48.0,43.0,40.0,40.0,40.0,43.0,46.0,50.0,51.0,56.0,62.0,67.0,64.0,58.0,55.0,55.0,59.0,59.0,61.0,63.0,65.0,70.0,78.0,78.0,66.0,49.0,51.0,57.0,66.0,58.0,53.0,47.0,41.0,39.0,37.0,39.0,39.0,35.0,29.0,24.0,23.0,25.0,27.0,27.0,29.0,31.0,34.0,32.0,25.0,22.0,20.0,23.0,26.0,30.0,33.0,36.0,39.0,42.0,48.0,52.0,49.0,43.0,37.0,34.0,32.0,32.0,37.0,39.0,39.0,40.0,43.0,46.0,43.0,36.0,32.0,33.0,36.0,40.0,46.0,48.0,49.0,50.0,54.0,56.0,52.0,47.0,43.0,45.0,46.0,44.0,45.0,55.0,57.0,63.0,62.0,63.0,54.0,46.0,45.0,47.0,49.0,49.0
395048,126,"Salem, OR",msa,OR,41.0,36.0,33.0,32.0,35.0,36.0,37.0,38.0,44.0,54.0,62.0,61.0,59.0,56.0,52.0,47.0,43.0,44.0,48.0,50.0,56.0,64.0,70.0,71.0,58.0,48.0,41.0,42.0,42.0,38.0,35.0,34.0,32.0,37.0,39.0,39.0,25.0,16.0,13.0,12.0,13.0,15.0,17.0,22.0,23.0,28.0,26.0,25.0,19.0,16.0,15.0,14.0,17.0,21.0,27.0,32.0,37.0,46.0,53.0,53.0,47.0,38.0,33.0,28.0,28.0,31.0,35.0,39.0,44.0,50.0,53.0,54.0,52.0,46.0,39.0,36.0,36.0,38.0,43.0,49.0,53.0,57.0,58.0,61.0,56.0,51.0,45.0,41.0,40.0,42.0,45.0,51.0,59.0,67.0,72.0,75.0,69.0,62.0,51.0,49.0,47.0,50.0
394870,127,"Mobile, AL",msa,AL,,,,,,,,,,,,,,,,,,,,,,,,,,,,,,,71.0,56.0,59.0,52.0,59.0,47.0,47.0,36.0,31.0,29.0,27.0,25.0,26.0,28.0,31.0,29.0,34.0,38.0,40.0,35.0,29.0,26.0,25.0,27.0,31.0,35.0,39.0,43.0,50.0,46.0,43.0,31.0,36.0,41.0,42.0,38.0,31.0,39.0,39.0,43.0,48.0,57.0,62.0,52.0,49.0,43.0,46.0,45.0,49.0,57.0,62.0,70.0,71.0,74.0,69.0,65.0,59.0,60.0,60.0,63.0,62.0,60.0,66.0,71.0,76.0,76.0,71.0,66.0,61.0,61.0,64.0,61.0
395015,128,"Reading, PA",msa,PA,58.0,54.0,47.0,40.0,37.0,39.0,42.0,45.0,50.0,52.0,58.0,59.0,58.0,51.0,39.0,35.0,33.0,38.0,41.0,43.0,44.0,47.0,54.0,55.0,48.0,47.0,47.0,50.0,42.0,34.0,31.0,27.0,25.0,25.0,29.0,28.0,23.0,19.0,16.0,14.0,14.0,15.0,15.0,16.0,18.0,23.0,29.0,29.0,25.0,18.0,14.0,13.0,13.0,15.0,16.0,19.0,21.0,24.0,26.0,25.0,24.0,20.0,18.0,17.0,18.0,19.0,17.0,16.0,19.0,25.0,28.0,28.0,24.0,21.0,18.0,16.0,14.0,16.0,17.0,19.0,21.0,23.0,28.0,30.0,30.0,24.0,19.0,16.0,17.0,20.0,20.0,22.0,24.0,28.0,31.0,32.0,27.0,21.0,16.0,16.0,18.0,18.0
394502,129,"Corpus Christi, TX",msa,TX,75.0,76.0,75.0,71.0,72.0,74.0,81.0,87.0,91.0,92.0,95.0,100.0,98.0,91.0,84.0,84.0,84.0,85.0,89.0,94.0,93.0,96.0,100.0,104.0,100.0,88.0,81.0,74.0,72.0,70.0,66.0,65.0,59.0,55.0,55.0,56.0,51.0,46.0,37.0,34.0,30.0,28.0,28.0,29.0,32.0,37.0,43.0,43.0,39.0,34.0,30.0,28.0,28.0,31.0,37.0,42.0,47.0,55.0,64.0,71.0,70.0,65.0,59.0,54.0,51.0,54.0,53.0,55.0,57.0,63.0,72.0,75.0,77.0,69.0,67.0,69.0,72.0,75.0,77.0,80.0,83.0,86.0,92.0,89.0,87.0,81.0,81.0,83.0,91.0,95.0,98.0,96.0,98.0,93.0,101.0,100.0,102.0,94.0,93.0,92.0,93.0,100.0
394421,130,"Brownsville, TX",msa,TX,74.0,84.0,86.0,89.0,83.0,82.0,89.0,100.0,115.0,123.0,127.0,116.0,104.0,97.0,96.0,95.0,92.0,103.0,105.0,108.0,98.0,96.0,94.0,93.0,96.0,100.0,109.0,120.0,124.0,130.0,119.0,115.0,92.0,91.0,86.0,91.0,81.0,71.0,66.0,55.0,47.0,36.0,35.0,34.0,40.0,46.0,50.0,58.0,55.0,52.0,39.0,40.0,40.0,43.0,44.0,48.0,50.0,54.0,57.0,62.0,60.0,63.0,69.0,70.0,70.0,67.0,70.0,68.0,69.0,67.0,71.0,76.0,81.0,94.0,95.0,90.0,83.0,85.0,93.0,99.0,103.0,111.0,120.0,116.0,120.0,109.0,113.0,108.0,112.0,107.0,112.0,117.0,123.0,119.0,121.0,115.0,117.0,118.0,122.0,115.0,106.0,109.0
394820,131,"Manchester, NH",msa,NH,40.0,30.0,24.0,22.0,22.0,23.0,29.0,34.0,42.0,46.0,51.0,48.0,39.0,29.0,23.0,25.0,25.0,31.0,32.0,34.0,33.0,39.0,44.0,46.0,34.0,29.0,22.0,23.0,22.0,22.0,28.0,28.0,27.0,22.0,24.0,22.0,18.0,11.0,10.0,9.0,10.0,11.0,13.0,14.0,14.0,16.0,15.0,15.0,12.0,10.0,9.0,9.0,11.0,13.0,14.0,16.0,18.0,20.0,23.0,22.0,19.0,14.0,12.0,11.0,11.0,12.0,14.0,15.0,17.0,18.0,19.0,20.0,18.0,16.0,13.0,12.0,13.0,15.0,17.0,19.0,20.0,23.0,26.0,24.0,21.0,16.0,15.0,14.0,16.0,18.0,20.0,22.0,24.0,26.0,29.0,27.0,25.0,18.0,16.0,14.0,15.0,18.0
394612,132,"Fort Wayne, IN",msa,IN,,,,,,,,,,,,,,,,,,,,,,,,,,,52.0,41.0,27.0,21.0,23.0,24.0,23.0,21.0,25.0,25.0,22.0,14.0,10.0,8.0,8.0,9.0,11.0,13.0,14.0,15.0,16.0,17.0,14.0,11.0,8.0,7.0,9.0,11.0,14.0,15.0,16.0,19.0,24.0,27.0,26.0,20.0,15.0,12.0,12.0,14.0,15.0,18.0,21.0,26.0,31.0,35.0,34.0,31.0,23.0,21.0,20.0,23.0,25.0,27.0,28.0,34.0,39.0,42.0,40.0,35.0,29.0,25.0,25.0,28.0,33.0,35.0,38.0,43.0,48.0,53.0,47.0,41.0,33.0,29.0,27.0,27.0
394658,133,"Gulfport, MS",msa,MS,,,,,,,,,,,,,,,,,,,,,,,,,,,,,,,,,,,,,,,,,39.0,42.0,49.0,51.0,46.0,42.0,36.0,34.0,32.0,28.0,26.0,22.0,24.0,26.0,31.0,33.0,36.0,40.0,44.0,47.0,47.0,45.0,42.0,41.0,40.0,38.0,39.0,40.0,45.0,51.0,57.0,61.0,61.0,58.0,56.0,56.0,58.0,61.0,63.0,65.0,65.0,69.0,72.0,74.0,74.0,75.0,72.0,70.0,66.0,68.0,70.0,74.0,74.0,79.0,85.0,88.0,83.0,79.0,79.0,79.0,76.0,76.0
395051,134,"Salisbury, MD",msa,DE,74.0,72.0,72.0,78.0,83.0,89.0,93.0,101.0,106.0,104.0,109.0,107.0,105.0,98.0,94.0,97.0,96.0,102.0,101.0,103.0,104.0,109.0,111.0,105.0,101.0,91.0,87.0,88.0,92.0,87.0,75.0,60.0,49.0,44.0,44.0,44.0,37.0,30.0,24.0,24.0,24.0,26.0,24.0,25.0,26.0,30.0,33.0,33.0,29.0,24.0,21.0,22.0,23.0,26.0,28.0,31.0,34.0,39.0,46.0,49.0,49.0,42.0,38.0,36.0,39.0,40.0,40.0,38.0,38.0,43.0,49.0,53.0,50.0,47.0,44.0,45.0,48.0,51.0,52.0,52.0,55.0,60.0,66.0,66.0,63.0,57.0,57.0,59.0,61.0,62.0,64.0,66.0,70.0,73.0,80.0,79.0,76.0,66.0,62.0,63.0,66.0,71.0
394596,135,"Flint, MI",msa,MI,46.0,41.0,35.0,29.0,27.0,30.0,35.0,41.0,48.0,55.0,63.0,65.0,61.0,52.0,44.0,40.0,36.0,36.0,35.0,39.0,45.0,53.0,58.0,60.0,59.0,63.0,60.0,57.0,41.0,34.0,27.0,26.0,24.0,27.0,33.0,33.0,28.0,19.0,14.0,12.0,13.0,15.0,18.0,19.0,23.0,24.0,33.0,34.0,37.0,28.0,21.0,17.0,17.0,20.0,25.0,29.0,34.0,38.0,45.0,47.0,47.0,41.0,33.0,29.0,26.0,26.0,24.0,26.0,33.0,39.0,44.0,45.0,41.0,36.0,28.0,24.0,24.0,27.0,32.0,37.0,39.0,44.0,50.0,55.0,54.0,46.0,37.0,31.0,28.0,29.0,32.0,35.0,38.0,44.0,51.0,55.0,51.0,44.0,37.0,35.0,32.0,34.0
394972,136,"Peoria, IL",msa,IL,86.0,91.0,90.0,85.0,79.0,83.0,88.0,96.0,103.0,109.0,119.0,122.0,126.0,118.0,107.0,92.0,86.0,83.0,86.0,89.0,96.0,100.0,109.0,115.0,118.0,110.0,100.0,91.0,82.0,75.0,69.0,67.0,69.0,73.0,73.0,72.0,67.0,60.0,44.0,35.0,29.0,29.0,31.0,34.0,38.0,40.0,44.0,47.0,44.0,35.0,26.0,20.0,20.0,22.0,26.0,29.0,32.0,37.0,43.0,47.0,43.0,36.0,27.0,23.0,21.0,21.0,22.0,22.0,23.0,25.0,32.0,37.0,37.0,31.0,26.0,23.0,22.0,21.0,25.0,28.0,30.0,32.0,39.0,42.0,44.0,36.0,32.0,25.0,23.0,20.0,23.0,27.0,33.0,34.0,40.0,40.0,42.0,37.0,31.0,24.0,22.0,24.0
394439,137,"Canton, OH",msa,OH,63.0,58.0,55.0,48.0,47.0,47.0,51.0,55.0,56.0,60.0,64.0,67.0,68.0,65.0,61.0,54.0,51.0,50.0,49.0,50.0,51.0,61.0,66.0,69.0,62.0,57.0,53.0,48.0,43.0,39.0,37.0,35.0,33.0,34.0,42.0,43.0,37.0,24.0,18.0,14.0,14.0,15.0,16.0,19.0,21.0,26.0,29.0,29.0,25.0,19.0,15.0,12.0,14.0,16.0,20.0,22.0,26.0,27.0,33.0,36.0,36.0,30.0,23.0,20.0,18.0,19.0,20.0,22.0,24.0,28.0,35.0,38.0,35.0,27.0,20.0,19.0,19.0,20.0,22.0,24.0,27.0,32.0,36.0,39.0,35.0,31.0,28.0,25.0,25.0,24.0,25.0,27.0,30.0,34.0,44.0,45.0,43.0,31.0,25.0,23.0,25.0,27.0
395070,138,"Savannah, GA",msa,GA,52.0,49.0,52.0,56.0,58.0,60.0,61.0,64.0,67.0,70.0,73.0,76.0,73.0,68.0,65.0,63.0,63.0,59.0,63.0,65.0,68.0,71.0,75.0,77.0,69.0,60.0,58.0,61.0,63.0,62.0,61.0,58.0,54.0,54.0,54.0,56.0,48.0,39.0,30.0,22.0,19.0,18.0,19.0,22.0,24.0,26.0,26.0,27.0,22.0,18.0,13.0,13.0,14.0,16.0,19.0,21.0,25.0,28.0,33.0,37.0,34.0,29.0,24.0,23.0,24.0,28.0,29.0,31.0,35.0,41.0,46.0,47.0,46.0,44.0,41.0,42.0,44.0,49.0,50.0,54.0,56.0,59.0,63.0,68.0,72.0,70.0,66.0,68.0,68.0,75.0,76.0,84.0,85.0,89.0,88.0,85.0,79.0,75.0,71.0,73.0,71.0,73.0
394327,139,"Anchorage, AK",msa,AK,57.0,52.0,47.0,46.0,47.0,51.0,59.0,69.0,78.0,88.0,89.0,89.0,77.0,66.0,53.0,49.0,50.0,53.0,57.0,62.0,69.0,77.0,84.0,82.0,71.0,57.0,45.0,45.0,43.0,44.0,42.0,45.0,46.0,49.0,48.0,43.0,34.0,25.0,21.0,18.0,18.0,20.0,24.0,29.0,32.0,35.0,36.0,32.0,24.0,16.0,13.0,13.0,16.0,21.0,27.0,29.0,31.0,34.0,42.0,39.0,31.0,22.0,17.0,17.0,15.0,19.0,22.0,26.0,30.0,35.0,39.0,39.0,35.0,27.0,22.0,19.0,20.0,22.0,27.0,32.0,39.0,42.0,45.0,41.0,38.0,30.0,24.0,20.0,22.0,25.0,29.0,33.0,40.0,52.0,59.0,57.0,44.0,32.0,23.0,19.0,19.0,23.0
394372,140,"Beaumont, TX",msa,TX,44.0,46.0,43.0,41.0,37.0,39.0,46.0,50.0,55.0,56.0,62.0,63.0,63.0,63.0,61.0,58.0,55.0,60.0,66.0,67.0,66.0,64.0,75.0,76.0,80.0,72.0,72.0,65.0,60.0,57.0,64.0,67.0,68.0,69.0,67.0,62.0,56.0,49.0,48.0,45.0,43.0,38.0,35.0,37.0,41.0,45.0,47.0,47.0,45.0,41.0,37.0,34.0,35.0,37.0,41.0,43.0,47.0,53.0,63.0,72.0,71.0,67.0,57.0,53.0,53.0,57.0,57.0,57.0,57.0,68.0,76.0,83.0,78.0,70.0,65.0,64.0,65.0,66.0,69.0,69.0,73.0,77.0,87.0,88.0,88.0,81.0,76.0,74.0,73.0,73.0,76.0,74.0,75.0,81.0,89.0,93.0,88.0,82.0,76.0,68.0,67.0,66.0
395096,141,"Shreveport, LA",msa,LA,,,,,,,,,,,,,,,,,,,,,,,168.0,158.0,143.0,114.0,105.0,109.0,114.0,109.0,91.0,84.0,85.0,86.0,81.0,71.0,64.0,54.0,44.0,34.0,28.0,28.0,30.0,32.0,37.0,42.0,49.0,48.0,45.0,39.0,31.0,26.0,24.0,28.0,31.0,32.0,36.0,42.0,50.0,54.0,52.0,48.0,44.0,43.0,43.0,39.0,42.0,41.0,47.0,56.0,68.0,70.0,65.0,62.0,64.0,60.0,57.0,53.0,57.0,60.0,70.0,80.0,87.0,89.0,83.0,74.0,71.0,71.0,77.0,73.0,71.0,74.0,74.0,78.0,82.0,90.0,87.0,79.0,69.0,65.0,59.0,62.0
395164,142,"Trenton, NJ",msa,NJ,64.0,57.0,55.0,57.0,59.0,61.0,61.0,66.0,70.0,78.0,78.0,79.0,73.0,67.0,57.0,54.0,57.0,63.0,68.0,74.0,77.0,80.0,81.0,80.0,71.0,61.0,55.0,55.0,52.0,47.0,43.0,40.0,37.0,42.0,44.0,45.0,35.0,28.0,20.0,19.0,20.0,22.0,26.0,29.0,30.0,32.0,35.0,33.0,27.0,20.0,19.0,19.0,22.0,24.0,28.0,29.0,31.0,34.0,39.0,40.0,35.0,28.0,24.0,24.0,24.0,22.0,23.0,23.0,25.0,28.0,31.0,31.0,27.0,23.0,21.0,22.0,23.0,24.0,25.0,30.0,33.0,39.0,41.0,44.0,39.0,33.0,28.0,29.0,31.0,33.0,34.0,38.0,40.0,48.0,54.0,55.0,47.0,39.0,34.0,35.0,35.0,38.0
394875,143,"Montgomery, AL",msa,AL,67.0,66.0,69.0,75.0,78.0,78.0,78.0,88.0,93.0,102.0,96.0,101.0,95.0,91.0,83.0,78.0,79.0,79.0,81.0,82.0,81.0,82.0,82.0,80.0,76.0,71.0,65.0,65.0,61.0,57.0,51.0,49.0,45.0,44.0,47.0,48.0,44.0,36.0,29.0,25.0,20.0,19.0,19.0,22.0,24.0,25.0,23.0,22.0,20.0,20.0,21.0,20.0,21.0,19.0,23.0,23.0,27.0,28.0,35.0,38.0,42.0,38.0,33.0,28.0,29.0,32.0,33.0,37.0,41.0,47.0,50.0,50.0,46.0,41.0,38.0,41.0,45.0,47.0,46.0,44.0,46.0,49.0,58.0,64.0,66.0,58.0,50.0,45.0,47.0,50.0,51.0,50.0,55.0,64.0,73.0,74.0,69.0,62.0,53.0,55.0,56.0,61.0
394520,144,"Davenport, IA",msa,IL,62.0,56.0,51.0,50.0,48.0,49.0,51.0,53.0,63.0,69.0,80.0,86.0,87.0,77.0,61.0,55.0,52.0,55.0,55.0,57.0,62.0,67.0,73.0,75.0,73.0,70.0,61.0,56.0,53.0,51.0,50.0,46.0,45.0,42.0,43.0,46.0,45.0,37.0,29.0,22.0,21.0,21.0,25.0,29.0,35.0,40.0,48.0,49.0,48.0,38.0,29.0,23.0,20.0,23.0,24.0,26.0,27.0,32.0,37.0,40.0,39.0,32.0,28.0,22.0,22.0,22.0,24.0,24.0,25.0,31.0,37.0,39.0,37.0,31.0,29.0,25.0,24.0,23.0,25.0,29.0,,,,52.0,51.0,43.0,36.0,32.0,30.0,29.0,33.0,36.0,38.0,40.0,46.0,52.0,49.0,41.0,34.0,30.0,30.0,30.0
395146,145,"Tallahassee, FL",msa,FL,50.0,49.0,46.0,46.0,45.0,49.0,51.0,62.0,71.0,76.0,74.0,69.0,64.0,57.0,54.0,51.0,49.0,51.0,54.0,55.0,57.0,63.0,67.0,67.0,61.0,54.0,50.0,46.0,50.0,48.0,48.0,44.0,44.0,43.0,45.0,43.0,40.0,34.0,26.0,21.0,19.0,21.0,23.0,27.0,30.0,34.0,36.0,37.0,29.0,23.0,16.0,15.0,16.0,21.0,25.0,29.0,30.0,32.0,38.0,42.0,42.0,35.0,30.0,26.0,25.0,27.0,28.0,31.0,30.0,35.0,38.0,44.0,42.0,40.0,37.0,37.0,38.0,41.0,46.0,51.0,54.0,61.0,66.0,66.0,59.0,52.0,48.0,51.0,54.0,57.0,60.0,63.0,71.0,72.0,73.0,70.0,68.0,62.0,58.0,55.0,58.0,62.0
394576,146,"Eugene, OR",msa,OR,37.0,31.0,25.0,23.0,26.0,29.0,36.0,42.0,49.0,53.0,56.0,55.0,51.0,45.0,36.0,30.0,27.0,30.0,33.0,36.0,39.0,46.0,48.0,47.0,37.0,30.0,28.0,32.0,35.0,33.0,31.0,29.0,28.0,28.0,28.0,25.0,22.0,18.0,17.0,15.0,15.0,17.0,21.0,22.0,23.0,26.0,27.0,25.0,19.0,16.0,15.0,15.0,18.0,23.0,27.0,29.0,32.0,39.0,45.0,45.0,37.0,32.0,29.0,30.0,28.0,30.0,32.0,35.0,38.0,49.0,59.0,62.0,50.0,42.0,36.0,39.0,37.0,40.0,42.0,49.0,55.0,63.0,62.0,59.0,53.0,46.0,40.0,38.0,39.0,45.0,50.0,54.0,56.0,58.0,61.0,62.0,59.0,49.0,42.0,37.0,39.0,43.0
394901,147,"Naples, FL",msa,FL,75.0,81.0,88.0,90.0,94.0,99.0,103.0,106.0,107.0,109.0,113.0,116.0,115.0,115.0,118.0,121.0,122.0,122.0,126.0,124.0,123.0,123.0,124.0,124.0,117.0,116.0,117.0,119.0,120.0,115.0,114.0,109.0,104.0,95.0,89.0,83.0,,,,,24.0,24.0,24.0,25.0,24.0,26.0,26.0,25.0,22.0,18.0,18.0,21.0,26.0,33.0,40.0,47.0,51.0,53.0,53.0,54.0,54.0,55.0,55.0,56.0,58.0,61.0,65.0,65.0,65.0,66.0,68.0,70.0,70.0,73.0,78.0,86.0,93.0,96.0,102.0,101.0,100.0,99.0,100.0,104.0,103.0,105.0,108.0,115.0,123.0,131.0,133.0,130.0,123.0,118.0,115.0,117.0,117.0,119.0,123.0,127.0,133.0,130.0
394332,148,"Ann Arbor, MI",msa,MI,38.0,29.0,25.0,25.0,27.0,31.0,36.0,42.0,48.0,55.0,58.0,58.0,50.0,41.0,35.0,33.0,37.0,38.0,46.0,50.0,56.0,63.0,71.0,73.0,62.0,56.0,47.0,47.0,43.0,44.0,49.0,51.0,53.0,54.0,59.0,57.0,47.0,34.0,25.0,20.0,17.0,20.0,25.0,32.0,36.0,40.0,40.0,35.0,25.0,17.0,13.0,13.0,14.0,17.0,22.0,26.0,32.0,37.0,43.0,44.0,37.0,29.0,21.0,18.0,16.0,19.0,21.0,22.0,24.0,31.0,39.0,37.0,29.0,20.0,16.0,15.0,17.0,20.0,25.0,27.0,33.0,37.0,43.0,41.0,34.0,26.0,22.0,22.0,23.0,27.0,33.0,36.0,38.0,41.0,49.0,51.0,46.0,34.0,27.0,27.0,28.0,32.0
394927,149,"Ocala, FL",msa,FL,59.0,61.0,62.0,63.0,62.0,63.0,66.0,67.0,68.0,68.0,71.0,70.0,69.0,67.0,72.0,71.0,69.0,67.0,69.0,68.0,68.0,69.0,74.0,73.0,68.0,64.0,60.0,64.0,63.0,62.0,53.0,45.0,41.0,41.0,45.0,46.0,44.0,36.0,28.0,23.0,19.0,21.0,20.0,22.0,21.0,24.0,27.0,28.0,27.0,22.0,20.0,19.0,21.0,24.0,28.0,33.0,37.0,42.0,49.0,55.0,58.0,58.0,55.0,55.0,54.0,52.0,49.0,48.0,50.0,54.0,59.0,65.0,68.0,68.0,67.0,68.0,68.0,73.0,71.0,75.0,75.0,83.0,87.0,91.0,89.0,85.0,82.0,81.0,82.0,83.0,86.0,89.0,91.0,96.0,99.0,104.0,102.0,101.0,100.0,99.0,97.0,95.0
394679,150,"Hickory, NC",msa,NC,64.0,53.0,44.0,43.0,39.0,41.0,43.0,51.0,57.0,65.0,70.0,70.0,70.0,68.0,61.0,57.0,54.0,54.0,55.0,53.0,57.0,61.0,69.0,69.0,58.0,54.0,54.0,60.0,59.0,53.0,44.0,34.0,33.0,34.0,35.0,34.0,29.0,25.0,21.0,18.0,17.0,18.0,20.0,24.0,27.0,29.0,32.0,31.0,28.0,25.0,22.0,22.0,23.0,26.0,30.0,33.0,36.0,39.0,46.0,48.0,48.0,44.0,43.0,45.0,50.0,56.0,58.0,56.0,56.0,59.0,64.0,58.0,63.0,54.0,52.0,45.0,46.0,52.0,48.0,55.0,51.0,60.0,67.0,70.0,67.0,56.0,53.0,54.0,63.0,71.0,70.0,64.0,67.0,67.0,74.0,72.0,72.0,64.0,65.0,59.0,58.0,54.0
394697,151,"Huntington, WV",msa,OH,,,,,,,,,,,133.0,139.0,126.0,121.0,122.0,114.0,108.0,101.0,104.0,100.0,100.0,104.0,118.0,124.0,124.0,117.0,123.0,132.0,125.0,102.0,77.0,70.0,69.0,64.0,65.0,68.0,78.0,73.0,61.0,44.0,37.0,33.0,30.0,29.0,29.0,34.0,40.0,42.0,44.0,39.0,35.0,29.0,28.0,27.0,31.0,34.0,40.0,48.0,55.0,57.0,57.0,53.0,46.0,38.0,32.0,31.0,30.0,34.0,37.0,45.0,54.0,54.0,52.0,46.0,45.0,42.0,43.0,42.0,40.0,40.0,42.0,52.0,55.0,59.0,57.0,52.0,46.0,39.0,37.0,39.0,40.0,42.0,43.0,52.0,59.0,63.0,61.0,52.0,42.0,37.0,38.0,41.0
394602,152,"Fort Collins, CO",msa,CO,41.0,36.0,33.0,31.0,31.0,33.0,39.0,48.0,57.0,65.0,71.0,77.0,76.0,71.0,58.0,45.0,37.0,37.0,42.0,47.0,51.0,54.0,57.0,56.0,46.0,38.0,31.0,35.0,35.0,35.0,34.0,34.0,34.0,36.0,40.0,40.0,35.0,28.0,23.0,18.0,20.0,21.0,26.0,22.0,20.0,19.0,23.0,22.0,22.0,17.0,17.0,29.0,34.0,38.0,33.0,44.0,54.0,58.0,60.0,56.0,50.0,35.0,26.0,23.0,26.0,33.0,40.0,46.0,52.0,52.0,60.0,64.0,58.0,43.0,31.0,31.0,35.0,40.0,51.0,59.0,67.0,71.0,77.0,76.0,70.0,59.0,52.0,47.0,49.0,51.0,59.0,67.0,77.0,89.0,94.0,96.0,81.0,66.0,49.0,44.0,45.0,50.0
395033,153,"Rockford, IL",msa,IL,55.0,52.0,45.0,40.0,40.0,41.0,42.0,47.0,53.0,60.0,63.0,68.0,67.0,60.0,49.0,44.0,39.0,40.0,40.0,46.0,54.0,63.0,68.0,69.0,66.0,59.0,53.0,46.0,41.0,37.0,36.0,32.0,29.0,28.0,35.0,40.0,38.0,28.0,16.0,12.0,14.0,17.0,20.0,21.0,22.0,25.0,30.0,32.0,27.0,19.0,15.0,14.0,15.0,15.0,18.0,21.0,24.0,29.0,35.0,37.0,32.0,26.0,19.0,14.0,13.0,14.0,15.0,17.0,20.0,24.0,33.0,35.0,32.0,22.0,17.0,15.0,14.0,15.0,17.0,20.0,22.0,26.0,28.0,30.0,26.0,21.0,16.0,16.0,15.0,16.0,17.0,18.0,21.0,25.0,30.0,30.0,30.0,26.0,23.0,19.0,19.0,18.0
394796,154,"Lincoln, NE",msa,NE,,,,,,,,,,,,,,,,,,,,,,,71.0,68.0,56.0,38.0,27.0,22.0,22.0,20.0,23.0,21.0,22.0,17.0,25.0,26.0,25.0,17.0,12.0,10.0,10.0,13.0,14.0,16.0,19.0,24.0,25.0,23.0,19.0,14.0,12.0,10.0,11.0,15.0,19.0,21.0,22.0,26.0,30.0,33.0,28.0,23.0,18.0,17.0,17.0,19.0,22.0,25.0,30.0,36.0,43.0,44.0,40.0,31.0,26.0,22.0,22.0,23.0,26.0,30.0,36.0,40.0,44.0,43.0,39.0,32.0,27.0,24.0,26.0,28.0,31.0,34.0,38.0,46.0,53.0,55.0,50.0,40.0,30.0,27.0,29.0,32.0
394622,155,"Gainesville, FL",msa,FL,47.0,47.0,43.0,42.0,45.0,52.0,60.0,68.0,75.0,76.0,79.0,75.0,70.0,61.0,55.0,54.0,54.0,59.0,64.0,66.0,64.0,63.0,64.0,61.0,51.0,46.0,48.0,54.0,52.0,52.0,49.0,46.0,44.0,47.0,51.0,51.0,47.0,40.0,30.0,21.0,19.0,20.0,24.0,28.0,31.0,35.0,37.0,35.0,30.0,23.0,18.0,16.0,18.0,23.0,28.0,31.0,37.0,42.0,49.0,50.0,49.0,44.0,39.0,34.0,32.0,32.0,37.0,40.0,41.0,40.0,48.0,53.0,55.0,49.0,44.0,45.0,49.0,58.0,65.0,69.0,72.0,73.0,78.0,76.0,74.0,65.0,63.0,63.0,65.0,69.0,74.0,79.0,79.0,81.0,84.0,89.0,85.0,78.0,70.0,70.0,73.0,76.0
394405,156,"Boulder, CO",msa,CO,33.0,26.0,23.0,23.0,26.0,31.0,37.0,41.0,49.0,58.0,61.0,60.0,52.0,45.0,41.0,38.0,38.0,40.0,44.0,49.0,54.0,60.0,66.0,62.0,50.0,35.0,31.0,31.0,33.0,32.0,33.0,34.0,38.0,45.0,48.0,42.0,33.0,23.0,19.0,16.0,14.0,15.0,22.0,24.0,27.0,25.0,28.0,24.0,19.0,12.0,11.0,17.0,23.0,28.0,32.0,36.0,45.0,55.0,64.0,58.0,50.0,38.0,33.0,29.0,29.0,32.0,34.0,42.0,47.0,56.0,60.0,61.0,50.0,41.0,33.0,37.0,39.0,42.0,48.0,54.0,68.0,79.0,85.0,80.0,62.0,53.0,49.0,53.0,54.0,59.0,63.0,68.0,67.0,68.0,74.0,85.0,77.0,64.0,45.0,45.0,46.0,52.0
394646,157,"Green Bay, WI",msa,WI,75.0,77.0,77.0,69.0,64.0,59.0,66.0,68.0,76.0,87.0,96.0,103.0,100.0,98.0,90.0,80.0,71.0,67.0,69.0,72.0,82.0,85.0,97.0,98.0,100.0,89.0,80.0,77.0,73.0,80.0,74.0,74.0,66.0,68.0,69.0,79.0,73.0,72.0,56.0,53.0,46.0,48.0,47.0,52.0,54.0,60.0,62.0,65.0,61.0,54.0,47.0,42.0,42.0,41.0,44.0,47.0,52.0,52.0,59.0,56.0,56.0,48.0,46.0,43.0,43.0,43.0,47.0,50.0,52.0,52.0,55.0,55.0,55.0,53.0,51.0,52.0,49.0,51.0,48.0,51.0,49.0,55.0,63.0,76.0,71.0,63.0,50.0,50.0,44.0,48.0,51.0,53.0,49.0,54.0,63.0,68.0,73.0,69.0,69.0,61.0,60.0,57.0
394488,158,"Columbus, GA",msa,GA,72.0,74.0,79.0,91.0,94.0,87.0,81.0,96.0,105.0,113.0,113.0,113.0,99.0,92.0,88.0,84.0,73.0,68.0,80.0,77.0,82.0,68.0,76.0,84.0,86.0,76.0,61.0,59.0,61.0,54.0,53.0,46.0,43.0,41.0,46.0,54.0,45.0,44.0,31.0,28.0,21.0,21.0,21.0,22.0,25.0,28.0,31.0,30.0,27.0,24.0,20.0,20.0,19.0,21.0,26.0,27.0,32.0,39.0,46.0,45.0,41.0,35.0,31.0,28.0,27.0,29.0,28.0,31.0,30.0,34.0,35.0,40.0,41.0,39.0,34.0,30.0,29.0,33.0,34.0,37.0,38.0,43.0,47.0,50.0,49.0,47.0,42.0,39.0,38.0,47.0,53.0,57.0,53.0,57.0,58.0,58.0,50.0,49.0,48.0,48.0,48.0,44.0
395107,159,"South Bend, IN",msa,IN,,,,,,,,,,,,,,,,,,,,,,,,,,,83.0,70.0,53.0,60.0,66.0,58.0,41.0,34.0,44.0,49.0,46.0,32.0,22.0,16.0,13.0,15.0,17.0,19.0,22.0,25.0,25.0,25.0,21.0,17.0,14.0,13.0,15.0,17.0,20.0,22.0,23.0,26.0,31.0,34.0,32.0,26.0,21.0,19.0,20.0,22.0,22.0,24.0,27.0,30.0,38.0,43.0,43.0,37.0,31.0,29.0,26.0,26.0,29.0,34.0,38.0,44.0,49.0,54.0,52.0,48.0,41.0,37.0,35.0,34.0,37.0,38.0,41.0,45.0,49.0,52.0,46.0,43.0,37.0,34.0,31.0,32.0
395109,160,"Spartanburg, SC",msa,SC,48.0,49.0,46.0,42.0,39.0,41.0,42.0,45.0,53.0,55.0,61.0,61.0,65.0,63.0,58.0,51.0,48.0,46.0,49.0,50.0,52.0,56.0,62.0,65.0,62.0,55.0,57.0,61.0,63.0,56.0,57.0,46.0,42.0,32.0,36.0,35.0,32.0,26.0,27.0,25.0,21.0,15.0,13.0,15.0,19.0,20.0,22.0,20.0,17.0,15.0,13.0,13.0,14.0,16.0,22.0,27.0,33.0,36.0,40.0,43.0,41.0,37.0,32.0,28.0,28.0,29.0,30.0,31.0,34.0,39.0,46.0,48.0,48.0,44.0,42.0,40.0,39.0,44.0,48.0,54.0,57.0,59.0,60.0,57.0,57.0,53.0,51.0,48.0,49.0,51.0,52.0,56.0,60.0,68.0,71.0,72.0,67.0,63.0,62.0,61.0,66.0,66.0
394645,161,"Greeley, CO",msa,CO,32.0,29.0,25.0,24.0,26.0,29.0,32.0,37.0,42.0,48.0,50.0,45.0,39.0,33.0,34.0,31.0,31.0,29.0,30.0,34.0,39.0,43.0,43.0,39.0,32.0,27.0,24.0,25.0,25.0,26.0,24.0,23.0,23.0,23.0,24.0,23.0,20.0,16.0,12.0,12.0,11.0,13.0,17.0,17.0,17.0,15.0,17.0,16.0,15.0,12.0,12.0,14.0,18.0,22.0,28.0,35.0,41.0,47.0,53.0,51.0,44.0,35.0,31.0,27.0,28.0,30.0,34.0,41.0,49.0,53.0,55.0,49.0,43.0,37.0,35.0,35.0,32.0,35.0,42.0,45.0,50.0,55.0,63.0,67.0,63.0,60.0,52.0,47.0,45.0,53.0,57.0,66.0,71.0,83.0,82.0,85.0,75.0,65.0,50.0,42.0,43.0,45.0
394808,162,"Lubbock, TX",msa,TX,,,,,,,,,,,,,,,,,,,,,,,,,,,,,,,42.0,43.0,47.0,42.0,46.0,49.0,44.0,35.0,30.0,24.0,19.0,15.0,17.0,20.0,22.0,27.0,29.0,28.0,21.0,15.0,12.0,12.0,14.0,17.0,22.0,27.0,32.0,35.0,40.0,39.0,39.0,33.0,31.0,30.0,31.0,36.0,39.0,44.0,49.0,57.0,64.0,64.0,62.0,55.0,52.0,50.0,54.0,55.0,58.0,65.0,71.0,82.0,83.0,85.0,77.0,69.0,63.0,60.0,61.0,64.0,67.0,70.0,71.0,75.0,78.0,81.0,78.0,74.0,67.0,62.0,57.0,58.0
394471,163,"Clarksville, TN",msa,TN,57.0,51.0,43.0,39.0,39.0,38.0,42.0,43.0,49.0,55.0,61.0,68.0,65.0,62.0,52.0,49.0,48.0,47.0,51.0,56.0,63.0,73.0,74.0,78.0,63.0,55.0,45.0,49.0,52.0,53.0,53.0,49.0,48.0,45.0,41.0,30.0,17.0,9.0,8.0,8.0,8.0,9.0,11.0,12.0,14.0,15.0,17.0,17.0,15.0,12.0,10.0,10.0,12.0,15.0,19.0,25.0,29.0,36.0,41.0,45.0,42.0,36.0,28.0,22.0,22.0,24.0,27.0,28.0,30.0,34.0,43.0,48.0,46.0,39.0,34.0,33.0,39.0,42.0,46.0,47.0,52.0,59.0,62.0,65.0,60.0,55.0,48.0,48.0,51.0,55.0,56.0,59.0,62.0,67.0,71.0,79.0,74.0,65.0,54.0,52.0,54.0,57.0
395028,164,"Roanoke, VA",msa,VA,,,,,,,,,96.0,93.0,95.0,90.0,90.0,75.0,70.0,63.0,64.0,65.0,67.0,71.0,71.0,69.0,74.0,76.0,74.0,63.0,56.0,58.0,63.0,60.0,51.0,44.0,43.0,45.0,44.0,42.0,36.0,28.0,22.0,17.0,17.0,18.0,20.0,21.0,22.0,25.0,27.0,29.0,26.0,23.0,18.0,16.0,16.0,19.0,23.0,26.0,27.0,28.0,31.0,32.0,33.0,28.0,26.0,21.0,21.0,22.0,25.0,27.0,28.0,30.0,35.0,38.0,37.0,31.0,28.0,27.0,28.0,31.0,33.0,34.0,35.0,41.0,44.0,48.0,44.0,42.0,33.0,34.0,37.0,42.0,43.0,44.0,47.0,53.0,63.0,67.0,63.0,54.0,48.0,45.0,46.0,47.0
394579,165,"Evansville, IN",msa,IN,63.0,51.0,41.0,30.0,27.0,32.0,33.0,49.0,63.0,82.0,87.0,91.0,86.0,77.0,62.0,56.0,52.0,46.0,51.0,58.0,73.0,74.0,72.0,67.0,61.0,63.0,60.0,55.0,47.0,34.0,37.0,31.0,32.0,41.0,47.0,52.0,40.0,29.0,22.0,14.0,12.0,14.0,17.0,21.0,23.0,25.0,25.0,25.0,21.0,16.0,12.0,12.0,14.0,17.0,20.0,23.0,23.0,28.0,32.0,38.0,35.0,29.0,23.0,20.0,21.0,21.0,22.0,23.0,26.0,31.0,39.0,43.0,39.0,34.0,28.0,26.0,25.0,27.0,29.0,31.0,33.0,41.0,47.0,52.0,46.0,39.0,32.0,30.0,30.0,31.0,33.0,36.0,41.0,45.0,52.0,55.0,53.0,44.0,39.0,43.0,43.0,42.0
394747,167,"Kingsport, TN",msa,TN,74.0,69.0,64.0,61.0,60.0,64.0,69.0,75.0,79.0,86.0,94.0,100.0,97.0,85.0,77.0,67.0,62.0,56.0,59.0,63.0,72.0,74.0,81.0,84.0,83.0,80.0,77.0,73.0,68.0,54.0,50.0,44.0,43.0,45.0,45.0,48.0,42.0,35.0,25.0,20.0,19.0,21.0,24.0,27.0,29.0,36.0,37.0,35.0,28.0,22.0,19.0,17.0,21.0,23.0,27.0,27.0,29.0,31.0,35.0,36.0,37.0,36.0,33.0,31.0,29.0,30.0,31.0,29.0,29.0,30.0,39.0,44.0,43.0,37.0,32.0,35.0,33.0,36.0,36.0,42.0,42.0,46.0,54.0,60.0,61.0,51.0,44.0,44.0,43.0,43.0,45.0,47.0,54.0,60.0,67.0,72.0,70.0,61.0,52.0,46.0,44.0,44.0
394741,168,"Kennewick, WA",msa,WA,41.0,33.0,26.0,24.0,24.0,28.0,31.0,37.0,43.0,47.0,53.0,53.0,54.0,43.0,35.0,28.0,27.0,28.0,30.0,34.0,39.0,47.0,52.0,55.0,47.0,41.0,31.0,29.0,26.0,26.0,27.0,25.0,27.0,28.0,29.0,25.0,20.0,15.0,11.0,10.0,10.0,12.0,13.0,14.0,16.0,18.0,21.0,20.0,16.0,13.0,13.0,15.0,17.0,20.0,24.0,28.0,34.0,39.0,49.0,52.0,49.0,40.0,33.0,30.0,28.0,29.0,31.0,36.0,39.0,45.0,48.0,53.0,52.0,47.0,39.0,33.0,33.0,37.0,42.0,46.0,50.0,55.0,57.0,60.0,56.0,49.0,42.0,37.0,39.0,40.0,46.0,47.0,54.0,63.0,76.0,78.0,72.0,58.0,46.0,39.0,41.0,51.0
395179,169,"Utica, NY",msa,NY,78.0,78.0,73.0,73.0,72.0,77.0,81.0,86.0,88.0,94.0,97.0,103.0,108.0,105.0,93.0,72.0,65.0,61.0,64.0,68.0,76.0,86.0,99.0,102.0,96.0,94.0,91.0,84.0,67.0,58.0,52.0,51.0,52.0,61.0,68.0,70.0,64.0,55.0,42.0,31.0,25.0,24.0,27.0,30.0,34.0,40.0,47.0,50.0,45.0,36.0,31.0,26.0,27.0,28.0,34.0,37.0,39.0,46.0,54.0,59.0,53.0,46.0,38.0,36.0,31.0,29.0,30.0,33.0,38.0,48.0,63.0,65.0,54.0,42.0,37.0,33.0,29.0,32.0,36.0,37.0,36.0,38.0,47.0,62.0,67.0,57.0,44.0,33.0,30.0,26.0,33.0,44.0,49.0,56.0,65.0,79.0,82.0,68.0,49.0,39.0,40.0,41.0
394660,170,"Hagerstown, MD",msa,MD,68.0,65.0,66.0,61.0,57.0,54.0,56.0,61.0,63.0,69.0,75.0,82.0,78.0,72.0,61.0,58.0,55.0,56.0,53.0,54.0,53.0,62.0,72.0,79.0,74.0,66.0,59.0,56.0,48.0,39.0,32.0,31.0,29.0,26.0,26.0,28.0,25.0,23.0,19.0,17.0,15.0,16.0,18.0,18.0,19.0,20.0,23.0,23.0,21.0,16.0,13.0,13.0,16.0,19.0,21.0,23.0,28.0,32.0,38.0,37.0,34.0,27.0,23.0,19.0,20.0,21.0,23.0,25.0,30.0,33.0,37.0,38.0,35.0,28.0,23.0,22.0,23.0,24.0,25.0,26.0,29.0,35.0,39.0,43.0,42.0,38.0,30.0,28.0,29.0,33.0,36.0,38.0,40.0,42.0,51.0,58.0,53.0,42.0,35.0,33.0,35.0,36.0
394543,171,"Duluth, MN",msa,MN,62.0,53.0,44.0,39.0,40.0,45.0,51.0,57.0,59.0,72.0,82.0,90.0,80.0,63.0,53.0,46.0,48.0,51.0,56.0,60.0,66.0,75.0,81.0,79.0,70.0,60.0,54.0,49.0,50.0,50.0,51.0,52.0,52.0,54.0,64.0,64.0,56.0,38.0,26.0,21.0,20.0,23.0,26.0,27.0,29.0,31.0,37.0,40.0,38.0,28.0,20.0,16.0,18.0,20.0,25.0,28.0,33.0,34.0,41.0,43.0,43.0,35.0,28.0,23.0,22.0,23.0,27.0,30.0,33.0,38.0,45.0,52.0,50.0,40.0,30.0,25.0,25.0,26.0,29.0,35.0,42.0,49.0,55.0,56.0,51.0,39.0,29.0,26.0,27.0,32.0,36.0,41.0,44.0,47.0,55.0,59.0,55.0,43.0,35.0,33.0,32.0,37.0
394937,172,"Olympia, WA",msa,WA,28.0,23.0,19.0,18.0,20.0,23.0,26.0,30.0,33.0,36.0,39.0,40.0,38.0,31.0,25.0,21.0,19.0,21.0,23.0,25.0,27.0,33.0,33.0,29.0,20.0,16.0,14.0,16.0,16.0,16.0,14.0,13.0,13.0,15.0,16.0,15.0,12.0,9.0,8.0,9.0,9.0,10.0,10.0,11.0,12.0,13.0,14.0,13.0,11.0,8.0,8.0,9.0,13.0,18.0,24.0,28.0,33.0,42.0,50.0,53.0,43.0,30.0,19.0,15.0,16.0,19.0,22.0,23.0,29.0,35.0,43.0,40.0,34.0,25.0,21.0,22.0,24.0,28.0,30.0,33.0,34.0,39.0,44.0,47.0,38.0,28.0,22.0,22.0,26.0,32.0,38.0,45.0,51.0,62.0,64.0,62.0,51.0,40.0,31.0,30.0,35.0,42.0
394803,173,"Longview, TX",msa,TX,,,,,,,,,,,,,,,,,,,,,,,,,,,,,,,,,,,,,74.0,64.0,71.0,59.0,47.0,44.0,50.0,51.0,52.0,48.0,52.0,53.0,59.0,56.0,48.0,37.0,37.0,43.0,46.0,48.0,53.0,57.0,63.0,57.0,63.0,57.0,61.0,54.0,57.0,56.0,57.0,54.0,58.0,63.0,71.0,77.0,77.0,77.0,72.0,77.0,78.0,83.0,85.0,89.0,91.0,94.0,98.0,110.0,108.0,103.0,92.0,87.0,85.0,83.0,88.0,96.0,109.0,115.0,113.0,111.0,109.0,111.0,112.0,115.0,115.0,103.0
395229,174,"Wilmington, NC",msa,NC,54.0,51.0,51.0,50.0,51.0,51.0,56.0,63.0,67.0,69.0,70.0,70.0,64.0,57.0,49.0,46.0,43.0,45.0,48.0,51.0,54.0,56.0,59.0,66.0,62.0,58.0,51.0,53.0,53.0,50.0,45.0,39.0,35.0,35.0,40.0,42.0,37.0,28.0,21.0,17.0,16.0,15.0,19.0,21.0,23.0,25.0,26.0,25.0,21.0,16.0,12.0,11.0,15.0,18.0,23.0,26.0,29.0,32.0,36.0,36.0,34.0,28.0,25.0,25.0,27.0,28.0,29.0,30.0,30.0,38.0,45.0,49.0,45.0,40.0,36.0,36.0,38.0,42.0,46.0,51.0,53.0,54.0,54.0,55.0,49.0,45.0,42.0,46.0,51.0,56.0,57.0,59.0,63.0,71.0,75.0,74.0,65.0,59.0,52.0,51.0,53.0,57.0
395061,175,"San Luis Obispo, CA",msa,CA,42.0,41.0,40.0,42.0,45.0,50.0,53.0,58.0,60.0,62.0,66.0,68.0,65.0,55.0,50.0,49.0,51.0,54.0,59.0,60.0,58.0,65.0,69.0,68.0,58.0,49.0,52.0,56.0,59.0,54.0,49.0,40.0,34.0,36.0,38.0,42.0,35.0,29.0,23.0,20.0,18.0,18.0,20.0,19.0,21.0,24.0,29.0,29.0,24.0,21.0,19.0,18.0,20.0,24.0,30.0,32.0,34.0,38.0,41.0,45.0,41.0,37.0,32.0,33.0,34.0,34.0,29.0,27.0,30.0,38.0,48.0,46.0,40.0,30.0,28.0,32.0,34.0,37.0,35.0,39.0,40.0,49.0,52.0,57.0,53.0,47.0,41.0,41.0,44.0,45.0,49.0,52.0,56.0,59.0,60.0,59.0,51.0,46.0,43.0,42.0,42.0,44.0
753875,176,"Crestview, FL",msa,FL,79.0,73.0,71.0,63.0,69.0,69.0,73.0,75.0,79.0,81.0,81.0,80.0,78.0,72.0,65.0,61.0,61.0,62.0,64.0,68.0,69.0,74.0,74.0,76.0,69.0,64.0,66.0,72.0,75.0,71.0,63.0,66.0,63.0,63.0,58.0,57.0,47.0,36.0,33.0,30.0,28.0,23.0,24.0,28.0,32.0,34.0,36.0,33.0,28.0,21.0,17.0,18.0,22.0,27.0,33.0,38.0,44.0,51.0,58.0,59.0,60.0,57.0,57.0,56.0,56.0,58.0,61.0,65.0,69.0,72.0,76.0,80.0,79.0,75.0,75.0,78.0,84.0,82.0,88.0,89.0,97.0,102.0,114.0,115.0,111.0,101.0,98.0,97.0,101.0,105.0,108.0,115.0,118.0,124.0,127.0,124.0,115.0,103.0,100.0,100.0,102.0,102.0
394851,177,"Merced, CA",msa,CA,41.0,36.0,36.0,36.0,36.0,37.0,38.0,41.0,44.0,52.0,61.0,64.0,64.0,55.0,53.0,50.0,48.0,45.0,49.0,49.0,52.0,56.0,64.0,64.0,52.0,41.0,36.0,39.0,42.0,39.0,35.0,29.0,31.0,28.0,31.0,31.0,30.0,25.0,19.0,16.0,15.0,16.0,17.0,18.0,20.0,23.0,24.0,26.0,24.0,21.0,18.0,19.0,24.0,32.0,41.0,47.0,49.0,48.0,54.0,58.0,59.0,50.0,41.0,31.0,27.0,27.0,29.0,33.0,37.0,42.0,43.0,43.0,41.0,38.0,35.0,34.0,34.0,36.0,36.0,39.0,40.0,48.0,50.0,53.0,48.0,45.0,43.0,40.0,39.0,44.0,49.0,51.0,52.0,55.0,59.0,59.0,54.0,49.0,47.0,48.0,52.0,50.0
395197,178,"Waco, TX",msa,TX,53.0,51.0,46.0,45.0,46.0,51.0,52.0,54.0,55.0,60.0,65.0,65.0,64.0,55.0,52.0,47.0,48.0,49.0,50.0,53.0,55.0,61.0,66.0,64.0,59.0,53.0,50.0,50.0,46.0,45.0,40.0,40.0,40.0,43.0,45.0,42.0,36.0,29.0,22.0,18.0,16.0,16.0,20.0,22.0,25.0,27.0,31.0,31.0,29.0,25.0,22.0,21.0,21.0,24.0,29.0,33.0,37.0,44.0,55.0,59.0,56.0,51.0,49.0,51.0,54.0,55.0,55.0,62.0,64.0,70.0,74.0,81.0,79.0,67.0,59.0,56.0,60.0,61.0,67.0,71.0,82.0,84.0,89.0,84.0,82.0,77.0,71.0,68.0,65.0,69.0,72.0,78.0,81.0,90.0,94.0,102.0,97.0,89.0,77.0,72.0,74.0,75.0
394447,179,"Cedar Rapids, IA",msa,IA,59.0,52.0,45.0,41.0,42.0,44.0,46.0,56.0,63.0,79.0,89.0,86.0,74.0,55.0,50.0,45.0,46.0,49.0,52.0,54.0,57.0,64.0,73.0,80.0,73.0,62.0,48.0,47.0,43.0,44.0,42.0,41.0,38.0,39.0,45.0,41.0,33.0,21.0,18.0,16.0,17.0,20.0,22.0,24.0,25.0,28.0,36.0,38.0,34.0,24.0,16.0,13.0,15.0,19.0,24.0,27.0,31.0,37.0,44.0,45.0,43.0,36.0,28.0,24.0,23.0,25.0,27.0,31.0,34.0,39.0,48.0,52.0,50.0,41.0,33.0,32.0,33.0,36.0,36.0,38.0,43.0,50.0,60.0,65.0,66.0,58.0,47.0,38.0,32.0,33.0,38.0,42.0,45.0,52.0,60.0,65.0,61.0,51.0,40.0,33.0,28.0,31.0
394348,180,"Atlantic City, NJ",msa,NJ,74.0,73.0,75.0,79.0,86.0,91.0,88.0,90.0,96.0,108.0,113.0,103.0,96.0,91.0,96.0,101.0,98.0,97.0,90.0,85.0,93.0,95.0,107.0,97.0,97.0,84.0,95.0,92.0,107.0,97.0,98.0,81.0,72.0,67.0,80.0,87.0,84.0,69.0,58.0,52.0,45.0,43.0,44.0,49.0,53.0,56.0,60.0,62.0,59.0,49.0,41.0,35.0,36.0,37.0,42.0,45.0,49.0,51.0,57.0,62.0,60.0,55.0,48.0,47.0,47.0,44.0,40.0,39.0,42.0,47.0,54.0,53.0,51.0,46.0,47.0,47.0,47.0,45.0,46.0,46.0,49.0,56.0,61.0,64.0,60.0,60.0,57.0,57.0,54.0,55.0,56.0,56.0,57.0,65.0,70.0,75.0,68.0,62.0,55.0,53.0,56.0,59.0
394412,181,"Bremerton, WA",msa,WA,28.0,23.0,20.0,18.0,18.0,21.0,25.0,29.0,34.0,36.0,40.0,41.0,36.0,30.0,23.0,22.0,21.0,24.0,26.0,28.0,30.0,31.0,34.0,32.0,27.0,20.0,17.0,18.0,19.0,19.0,17.0,16.0,15.0,16.0,16.0,14.0,12.0,9.0,9.0,8.0,9.0,10.0,12.0,13.0,15.0,16.0,16.0,14.0,11.0,10.0,10.0,10.0,13.0,19.0,25.0,29.0,34.0,40.0,46.0,46.0,38.0,30.0,23.0,20.0,18.0,18.0,24.0,29.0,32.0,34.0,41.0,41.0,35.0,23.0,19.0,20.0,23.0,26.0,28.0,32.0,35.0,42.0,44.0,42.0,35.0,28.0,24.0,25.0,28.0,34.0,38.0,42.0,47.0,48.0,53.0,50.0,46.0,33.0,26.0,24.0,26.0,33.0
395103,182,"Sioux Falls, SD",msa,SD,,,,,,,,,,,,,,,,,,,,,,,,,,,,,,,,,,,,,,,,,,,,,,,,,,,,,,,,,,,,,,,,,,,,,,,,,,,,,,,,,,,,,,,,,,,,,67.0,64.0,75.0,78.0,74.0,66.0,47.0,45.0,44.0,66.0
395065,183,"Santa Cruz, CA",msa,CA,36.0,31.0,28.0,29.0,31.0,34.0,41.0,46.0,49.0,54.0,64.0,71.0,62.0,49.0,38.0,37.0,38.0,44.0,49.0,53.0,56.0,64.0,72.0,68.0,50.0,33.0,32.0,38.0,44.0,42.0,43.0,39.0,35.0,35.0,42.0,44.0,39.0,28.0,21.0,20.0,19.0,23.0,28.0,31.0,30.0,31.0,37.0,33.0,28.0,18.0,17.0,21.0,27.0,31.0,33.0,37.0,44.0,52.0,58.0,57.0,55.0,49.0,42.0,36.0,31.0,32.0,33.0,36.0,41.0,49.0,53.0,52.0,48.0,38.0,31.0,32.0,36.0,40.0,42.0,43.0,43.0,46.0,55.0,63.0,59.0,51.0,41.0,42.0,43.0,53.0,61.0,67.0,64.0,70.0,74.0,78.0,66.0,53.0,47.0,45.0,50.0,50.0
394572,184,"Erie, PA",msa,PA,83.0,85.0,82.0,74.0,68.0,69.0,72.0,78.0,91.0,105.0,115.0,116.0,117.0,112.0,97.0,82.0,72.0,78.0,80.0,86.0,91.0,100.0,110.0,106.0,102.0,94.0,87.0,78.0,65.0,58.0,53.0,53.0,48.0,44.0,47.0,54.0,55.0,44.0,29.0,19.0,17.0,19.0,26.0,30.0,33.0,33.0,38.0,37.0,37.0,27.0,23.0,18.0,19.0,22.0,24.0,27.0,35.0,40.0,51.0,47.0,46.0,34.0,28.0,20.0,19.0,18.0,20.0,21.0,24.0,33.0,38.0,45.0,42.0,38.0,31.0,26.0,25.0,23.0,24.0,23.0,26.0,27.0,35.0,36.0,41.0,34.0,28.0,19.0,21.0,23.0,28.0,28.0,28.0,32.0,38.0,49.0,46.0,40.0,28.0,22.0,22.0,21.0
394924,185,"Norwich, CT",msa,CT,66.0,56.0,51.0,48.0,50.0,60.0,66.0,75.0,75.0,88.0,97.0,95.0,87.0,73.0,71.0,65.0,66.0,71.0,71.0,75.0,72.0,91.0,94.0,97.0,79.0,71.0,67.0,67.0,62.0,54.0,50.0,44.0,39.0,37.0,46.0,49.0,44.0,29.0,20.0,16.0,15.0,19.0,23.0,27.0,30.0,32.0,34.0,31.0,25.0,19.0,15.0,15.0,15.0,19.0,21.0,23.0,23.0,29.0,32.0,35.0,29.0,23.0,16.0,15.0,21.0,23.0,22.0,19.0,18.0,21.0,23.0,24.0,26.0,24.0,23.0,21.0,22.0,24.0,23.0,24.0,26.0,29.0,34.0,34.0,31.0,25.0,20.0,19.0,22.0,23.0,24.0,25.0,26.0,29.0,31.0,34.0,33.0,28.0,23.0,20.0,22.0,25.0
394323,186,"Amarillo, TX",msa,TX,66.0,64.0,62.0,57.0,59.0,59.0,66.0,69.0,77.0,85.0,91.0,89.0,83.0,77.0,78.0,77.0,76.0,78.0,79.0,85.0,86.0,89.0,90.0,88.0,84.0,82.0,75.0,68.0,61.0,62.0,57.0,53.0,51.0,51.0,51.0,51.0,48.0,44.0,33.0,26.0,21.0,20.0,22.0,23.0,24.0,27.0,28.0,29.0,25.0,22.0,18.0,17.0,17.0,19.0,25.0,29.0,31.0,35.0,39.0,42.0,40.0,34.0,31.0,30.0,31.0,34.0,40.0,44.0,44.0,46.0,53.0,58.0,56.0,53.0,50.0,48.0,46.0,49.0,54.0,61.0,66.0,74.0,80.0,80.0,79.0,73.0,68.0,63.0,62.0,62.0,78.0,82.0,85.0,73.0,73.0,75.0,75.0,67.0,58.0,51.0,54.0,55.0
394772,187,"Laredo, TX",msa,TX,,,,,,,,,,,,,,,,,,,,,,,,,,,,,,,,,,,,,,,,,,,,,,,,,,,,,,,,,,,,,,51.0,77.0,84.0,75.0,73.0,76.0,80.0,78.0,77.0,81.0,86.0,92.0,89.0,82.0,74.0,71.0,80.0,79.0,83.0,80.0,91.0,95.0,95.0,102.0,105.0,106.0,94.0,85.0,90.0,89.0,94.0,93.0,106.0,105.0,116.0,115.0,123.0,114.0,107.0,98.0,97.0
395171,188,"Tuscaloosa, AL",msa,AL,55.0,54.0,54.0,52.0,55.0,59.0,62.0,66.0,69.0,72.0,72.0,70.0,69.0,65.0,62.0,62.0,63.0,63.0,66.0,71.0,74.0,80.0,80.0,81.0,78.0,73.0,68.0,60.0,56.0,51.0,49.0,49.0,51.0,50.0,52.0,50.0,48.0,45.0,39.0,37.0,31.0,37.0,36.0,42.0,42.0,44.0,43.0,38.0,31.0,24.0,19.0,18.0,20.0,28.0,41.0,50.0,52.0,47.0,45.0,44.0,42.0,42.0,39.0,41.0,42.0,44.0,44.0,41.0,45.0,49.0,53.0,49.0,46.0,42.0,43.0,41.0,45.0,46.0,50.0,49.0,50.0,54.0,57.0,62.0,62.0,57.0,49.0,45.0,50.0,55.0,59.0,57.0,57.0,62.0,65.0,67.0,59.0,59.0,59.0,61.0,59.0,57.0
394483,189,"College Station, TX",msa,TX,66.0,65.0,62.0,66.0,68.0,71.0,73.0,89.0,97.0,102.0,105.0,111.0,113.0,97.0,86.0,83.0,86.0,89.0,87.0,89.0,97.0,105.0,114.0,101.0,90.0,78.0,78.0,79.0,83.0,82.0,85.0,82.0,87.0,86.0,88.0,81.0,72.0,59.0,51.0,45.0,44.0,42.0,39.0,36.0,34.0,41.0,37.0,35.0,28.0,25.0,23.0,22.0,25.0,29.0,33.0,37.0,37.0,41.0,45.0,49.0,47.0,45.0,43.0,42.0,44.0,48.0,53.0,54.0,56.0,60.0,66.0,70.0,67.0,61.0,56.0,57.0,62.0,64.0,64.0,67.0,73.0,82.0,84.0,87.0,82.0,78.0,73.0,70.0,68.0,67.0,69.0,76.0,79.0,86.0,94.0,101.0,94.0,83.0,71.0,73.0,77.0,88.0
394732,190,"Kalamazoo, MI",msa,MI,49.0,44.0,36.0,35.0,33.0,34.0,35.0,36.0,44.0,49.0,61.0,69.0,70.0,63.0,48.0,39.0,36.0,36.0,38.0,41.0,49.0,61.0,66.0,69.0,62.0,60.0,51.0,52.0,48.0,43.0,38.0,34.0,36.0,37.0,37.0,36.0,34.0,28.0,23.0,17.0,15.0,14.0,17.0,21.0,24.0,27.0,29.0,29.0,26.0,21.0,15.0,13.0,13.0,16.0,19.0,23.0,25.0,28.0,35.0,42.0,40.0,34.0,23.0,21.0,17.0,18.0,20.0,23.0,24.0,29.0,37.0,39.0,38.0,32.0,28.0,22.0,20.0,20.0,25.0,28.0,33.0,36.0,43.0,43.0,40.0,32.0,29.0,24.0,24.0,27.0,32.0,34.0,32.0,34.0,41.0,44.0,44.0,38.0,35.0,31.0,30.0,29.0
394811,191,"Lynchburg, VA",msa,VA,,,,,,,,,82.0,91.0,97.0,107.0,106.0,105.0,92.0,83.0,74.0,81.0,79.0,82.0,88.0,99.0,102.0,99.0,85.0,85.0,75.0,93.0,85.0,80.0,59.0,51.0,44.0,40.0,42.0,40.0,37.0,31.0,28.0,22.0,19.0,19.0,24.0,28.0,32.0,32.0,32.0,31.0,28.0,23.0,18.0,15.0,17.0,21.0,24.0,27.0,28.0,32.0,33.0,34.0,29.0,26.0,22.0,22.0,23.0,27.0,29.0,30.0,32.0,45.0,53.0,56.0,49.0,42.0,37.0,31.0,34.0,37.0,47.0,50.0,52.0,52.0,55.0,62.0,60.0,52.0,42.0,40.0,42.0,45.0,45.0,52.0,51.0,58.0,61.0,72.0,68.0,60.0,50.0,50.0,48.0,49.0
394455,192,"Charleston, WV",msa,WV,,,,,,,,,,,,,,,,,,,,,,,,,,,88.0,94.0,83.0,70.0,79.0,87.0,96.0,84.0,85.0,85.0,80.0,73.0,58.0,44.0,36.0,38.0,39.0,41.0,43.0,44.0,49.0,47.0,46.0,42.0,35.0,28.0,25.0,28.0,33.0,35.0,38.0,37.0,42.0,48.0,49.0,46.0,36.0,35.0,37.0,41.0,37.0,33.0,34.0,40.0,48.0,48.0,44.0,36.0,33.0,34.0,34.0,34.0,36.0,36.0,41.0,45.0,57.0,61.0,59.0,49.0,40.0,34.0,32.0,34.0,38.0,42.0,45.0,48.0,55.0,58.0,61.0,56.0,48.0,41.0,37.0,40.0
395240,193,"Yakima, WA",msa,WA,51.0,41.0,34.0,33.0,33.0,36.0,36.0,37.0,38.0,45.0,48.0,50.0,48.0,47.0,43.0,37.0,37.0,39.0,40.0,37.0,36.0,42.0,55.0,56.0,50.0,40.0,40.0,39.0,37.0,30.0,24.0,22.0,23.0,39.0,43.0,45.0,32.0,29.0,24.0,20.0,17.0,18.0,20.0,20.0,23.0,27.0,32.0,35.0,31.0,26.0,19.0,18.0,20.0,24.0,29.0,34.0,39.0,46.0,58.0,65.0,62.0,49.0,43.0,40.0,40.0,37.0,38.0,40.0,45.0,49.0,56.0,54.0,51.0,46.0,47.0,44.0,39.0,36.0,38.0,42.0,42.0,51.0,58.0,65.0,60.0,54.0,50.0,46.0,45.0,42.0,43.0,46.0,49.0,54.0,63.0,69.0,68.0,62.0,51.0,52.0,49.0,59.0
394585,194,"Fargo, ND",msa,ND,,,,,,,,,,,,,,,,,,,,,,,,,,,,,,,,,,,,,,,,,,,,,,,,,,,,,,,,,,,,52.0,53.0,48.0,35.0,35.0,30.0,33.0,38.0,43.0,47.0,54.0,66.0,69.0,65.0,53.0,45.0,40.0,39.0,43.0,47.0,54.0,56.0,66.0,69.0,80.0,75.0,67.0,54.0,47.0,45.0,46.0,50.0,55.0,60.0,73.0,84.0,89.0,81.0,65.0,51.0,40.0,43.0,46.0
394387,195,"Binghamton, NY",msa,NY,82.0,81.0,74.0,71.0,72.0,75.0,78.0,80.0,89.0,102.0,107.0,112.0,108.0,108.0,99.0,86.0,87.0,86.0,91.0,83.0,86.0,95.0,105.0,113.0,105.0,124.0,114.0,110.0,85.0,79.0,77.0,70.0,65.0,65.0,69.0,66.0,62.0,56.0,48.0,37.0,27.0,29.0,33.0,34.0,36.0,38.0,47.0,53.0,51.0,42.0,30.0,26.0,24.0,27.0,31.0,36.0,39.0,40.0,43.0,45.0,50.0,45.0,36.0,27.0,26.0,28.0,31.0,31.0,31.0,32.0,36.0,39.0,38.0,33.0,31.0,29.0,29.0,27.0,28.0,34.0,37.0,44.0,48.0,51.0,46.0,37.0,33.0,27.0,27.0,27.0,30.0,33.0,34.0,37.0,42.0,47.0,48.0,42.0,33.0,30.0,29.0,31.0
394609,196,"Fort Smith, AR",msa,AR,73.0,77.0,78.0,76.0,71.0,74.0,79.0,89.0,91.0,97.0,102.0,102.0,104.0,103.0,107.0,104.0,97.0,95.0,88.0,87.0,89.0,99.0,105.0,102.0,98.0,93.0,93.0,86.0,84.0,81.0,77.0,81.0,71.0,74.0,63.0,65.0,52.0,44.0,36.0,30.0,26.0,25.0,27.0,32.0,33.0,34.0,37.0,40.0,41.0,36.0,33.0,30.0,30.0,31.0,31.0,34.0,41.0,50.0,55.0,57.0,53.0,52.0,49.0,47.0,51.0,48.0,48.0,41.0,46.0,51.0,57.0,57.0,57.0,59.0,58.0,59.0,51.0,54.0,50.0,56.0,56.0,64.0,67.0,68.0,66.0,64.0,65.0,69.0,68.0,67.0,69.0,68.0,68.0,74.0,85.0,94.0,91.0,86.0,81.0,79.0,83.0,85.0
394334,197,"Appleton, WI",msa,WI,,,,,,,,,,,,,,,,,,,,,,,,,,,,,,,,,,,,,,,,,,,,,,,,,,,,,,,,,,,,,,,,,,,,,,,,,,,,,,,,,,,,,,,,,,,,,,,,78.0,88.0,74.0,90.0,78.0,73.0,43.0
845160,198,"Prescott Valley, AZ",msa,AZ,49.0,45.0,47.0,45.0,47.0,48.0,54.0,59.0,64.0,67.0,73.0,75.0,72.0,66.0,62.0,61.0,61.0,65.0,65.0,68.0,72.0,80.0,82.0,80.0,72.0,66.0,64.0,68.0,71.0,68.0,61.0,50.0,41.0,35.0,34.0,32.0,29.0,26.0,23.0,19.0,18.0,21.0,24.0,26.0,27.0,29.0,29.0,27.0,23.0,20.0,18.0,21.0,24.0,32.0,37.0,44.0,52.0,59.0,67.0,68.0,66.0,58.0,52.0,49.0,46.0,48.0,46.0,52.0,55.0,68.0,71.0,73.0,66.0,63.0,60.0,60.0,58.0,64.0,65.0,69.0,71.0,77.0,82.0,79.0,74.0,65.0,63.0,62.0,65.0,71.0,76.0,76.0,80.0,87.0,96.0,97.0,86.0,78.0,75.0,78.0,78.0,75.0
395161,199,"Topeka, KS",msa,KS,61.0,53.0,45.0,45.0,52.0,52.0,51.0,53.0,67.0,85.0,95.0,88.0,78.0,66.0,66.0,59.0,55.0,52.0,52.0,55.0,65.0,84.0,87.0,80.0,63.0,55.0,46.0,41.0,42.0,45.0,44.0,40.0,33.0,33.0,33.0,43.0,40.0,35.0,24.0,21.0,24.0,22.0,21.0,19.0,21.0,25.0,27.0,23.0,23.0,19.0,18.0,13.0,13.0,15.0,15.0,19.0,21.0,29.0,34.0,35.0,30.0,22.0,20.0,20.0,20.0,20.0,20.0,21.0,23.0,29.0,36.0,40.0,39.0,32.0,29.0,27.0,27.0,25.0,24.0,29.0,32.0,37.0,40.0,43.0,41.0,34.0,28.0,23.0,25.0,24.0,27.0,31.0,35.0,41.0,43.0,44.0,38.0,33.0,26.0,25.0,24.0,30.0
394813,200,"Macon, GA",msa,GA,65.0,62.0,59.0,58.0,55.0,57.0,57.0,62.0,64.0,72.0,78.0,78.0,70.0,58.0,54.0,57.0,58.0,65.0,74.0,76.0,77.0,73.0,79.0,78.0,77.0,69.0,69.0,67.0,67.0,64.0,54.0,50.0,40.0,39.0,39.0,38.0,39.0,35.0,31.0,23.0,18.0,17.0,20.0,23.0,27.0,33.0,35.0,34.0,28.0,26.0,23.0,21.0,22.0,24.0,28.0,29.0,32.0,36.0,42.0,46.0,45.0,41.0,39.0,47.0,47.0,45.0,37.0,35.0,38.0,43.0,56.0,57.0,53.0,44.0,42.0,43.0,45.0,45.0,46.0,46.0,53.0,56.0,61.0,63.0,63.0,63.0,65.0,65.0,67.0,63.0,66.0,64.0,64.0,67.0,72.0,77.0,71.0,65.0,57.0,57.0,58.0,69.0
395174,201,"Tyler, TX",msa,TX,62.0,59.0,56.0,54.0,55.0,58.0,64.0,72.0,77.0,80.0,80.0,83.0,79.0,71.0,61.0,58.0,55.0,53.0,56.0,64.0,67.0,70.0,68.0,68.0,67.0,61.0,59.0,57.0,61.0,67.0,67.0,65.0,59.0,60.0,64.0,65.0,59.0,49.0,43.0,40.0,39.0,41.0,42.0,38.0,35.0,35.0,39.0,40.0,36.0,29.0,23.0,22.0,24.0,27.0,30.0,37.0,41.0,44.0,49.0,55.0,57.0,55.0,54.0,51.0,47.0,44.0,47.0,53.0,59.0,71.0,78.0,84.0,79.0,72.0,61.0,59.0,60.0,65.0,70.0,71.0,77.0,79.0,88.0,84.0,82.0,73.0,70.0,66.0,67.0,73.0,80.0,88.0,93.0,97.0,100.0,99.0,99.0,97.0,95.0,93.0,88.0,87.0
394361,202,"Barnstable Town, MA",msa,MA,62.0,58.0,55.0,52.0,51.0,56.0,62.0,70.0,73.0,82.0,86.0,91.0,85.0,82.0,76.0,73.0,70.0,75.0,79.0,87.0,85.0,85.0,92.0,99.0,100.0,94.0,88.0,90.0,87.0,83.0,72.0,63.0,55.0,56.0,61.0,60.0,52.0,35.0,27.0,20.0,21.0,21.0,23.0,24.0,28.0,29.0,32.0,30.0,29.0,24.0,20.0,19.0,20.0,23.0,26.0,30.0,33.0,37.0,45.0,48.0,43.0,34.0,29.0,32.0,32.0,33.0,29.0,30.0,31.0,40.0,44.0,44.0,39.0,34.0,32.0,31.0,35.0,39.0,40.0,42.0,44.0,53.0,60.0,62.0,54.0,44.0,38.0,39.0,46.0,55.0,57.0,54.0,54.0,66.0,73.0,72.0,62.0,52.0,43.0,34.0,37.0,43.0
394519,203,"Daphne, AL",msa,AL,,,,,,,,,,,,,,,,,,,,,,,,,,,,,,,,,,,,,,,,,,,,,,,,,,,,,,,,,,,,,,,,,,,,,,,71.0,82.0,85.0,80.0,77.0,82.0,85.0,85.0,83.0,85.0,91.0,96.0,97.0,102.0,98.0,96.0,89.0,92.0,95.0,100.0,105.0,112.0,119.0,122.0,123.0,120.0,116.0,110.0,102.0,99.0,96.0,96.0
394378,205,"Bellingham, WA",msa,WA,41.0,34.0,33.0,29.0,29.0,30.0,33.0,38.0,42.0,51.0,58.0,59.0,49.0,40.0,34.0,32.0,33.0,34.0,37.0,38.0,42.0,48.0,52.0,49.0,39.0,32.0,28.0,32.0,31.0,32.0,30.0,31.0,28.0,35.0,37.0,39.0,30.0,22.0,16.0,14.0,14.0,16.0,17.0,18.0,17.0,20.0,23.0,23.0,18.0,12.0,11.0,12.0,16.0,21.0,28.0,34.0,37.0,45.0,49.0,51.0,45.0,37.0,28.0,25.0,27.0,31.0,34.0,40.0,40.0,47.0,49.0,49.0,39.0,28.0,24.0,22.0,25.0,30.0,35.0,38.0,39.0,49.0,60.0,65.0,56.0,44.0,33.0,31.0,33.0,44.0,48.0,56.0,58.0,74.0,77.0,76.0,60.0,50.0,42.0,38.0,38.0,43.0
394429,206,"Burlington, VT",msa,VT,63.0,57.0,53.0,49.0,46.0,43.0,41.0,46.0,50.0,55.0,73.0,76.0,76.0,56.0,49.0,44.0,40.0,42.0,46.0,46.0,55.0,63.0,74.0,80.0,67.0,62.0,46.0,42.0,42.0,36.0,51.0,48.0,54.0,46.0,48.0,47.0,38.0,27.0,19.0,16.0,17.0,18.0,19.0,21.0,24.0,26.0,29.0,27.0,21.0,14.0,10.0,11.0,12.0,15.0,17.0,19.0,21.0,28.0,32.0,36.0,33.0,25.0,17.0,13.0,16.0,18.0,22.0,22.0,26.0,27.0,32.0,29.0,25.0,19.0,17.0,17.0,18.0,21.0,24.0,27.0,31.0,41.0,47.0,48.0,44.0,37.0,31.0,28.0,30.0,33.0,35.0,39.0,45.0,52.0,58.0,59.0,54.0,43.0,35.0,30.0,32.0,36.0
395030,207,"Rochester, MN",msa,MN,49.0,44.0,39.0,38.0,38.0,40.0,41.0,46.0,53.0,64.0,72.0,73.0,67.0,54.0,48.0,42.0,45.0,45.0,48.0,50.0,55.0,62.0,68.0,72.0,64.0,51.0,42.0,41.0,45.0,42.0,42.0,39.0,43.0,45.0,49.0,44.0,38.0,28.0,21.0,18.0,15.0,16.0,18.0,22.0,28.0,33.0,38.0,37.0,31.0,23.0,16.0,18.0,22.0,28.0,31.0,34.0,40.0,44.0,50.0,50.0,45.0,35.0,27.0,23.0,25.0,27.0,33.0,37.0,44.0,50.0,57.0,59.0,50.0,38.0,28.0,30.0,31.0,37.0,38.0,44.0,45.0,52.0,57.0,60.0,53.0,43.0,33.0,34.0,35.0,43.0,45.0,49.0,49.0,56.0,62.0,62.0,54.0,42.0,37.0,35.0,38.0,43.0
753895,208,"Lafayette, IN",msa,IN,,,,,,,,,,,,,,,,,,,,,,,,,,,,,,,29.0,29.0,28.0,31.0,35.0,31.0,25.0,16.0,13.0,8.0,9.0,11.0,12.0,15.0,18.0,20.0,22.0,21.0,19.0,16.0,14.0,13.0,14.0,18.0,19.0,20.0,22.0,26.0,29.0,30.0,27.0,24.0,19.0,16.0,17.0,18.0,18.0,19.0,23.0,30.0,32.0,37.0,31.0,28.0,20.0,20.0,19.0,21.0,23.0,28.0,30.0,33.0,34.0,41.0,41.0,38.0,32.0,29.0,30.0,32.0,39.0,43.0,46.0,48.0,58.0,58.0,53.0,40.0,34.0,30.0,31.0,35.0
394454,209,"Champaign, IL",msa,IL,75.0,71.0,63.0,58.0,60.0,63.0,73.0,81.0,88.0,96.0,108.0,113.0,104.0,90.0,80.0,77.0,75.0,71.0,72.0,76.0,81.0,92.0,102.0,106.0,98.0,91.0,87.0,83.0,73.0,68.0,64.0,64.0,62.0,64.0,66.0,73.0,68.0,55.0,36.0,26.0,24.0,23.0,28.0,31.0,35.0,40.0,40.0,40.0,33.0,30.0,23.0,18.0,18.0,22.0,27.0,32.0,42.0,47.0,54.0,53.0,48.0,36.0,25.0,21.0,19.0,19.0,22.0,26.0,28.0,30.0,32.0,36.0,34.0,28.0,22.0,19.0,21.0,28.0,33.0,33.0,31.0,34.0,41.0,42.0,35.0,27.0,21.0,22.0,22.0,26.0,26.0,30.0,30.0,37.0,43.0,52.0,48.0,42.0,31.0,29.0,28.0,36.0
394848,210,"Medford, OR",msa,OR,42.0,39.0,36.0,39.0,45.0,52.0,56.0,56.0,60.0,62.0,76.0,75.0,78.0,65.0,64.0,65.0,65.0,69.0,67.0,67.0,77.0,82.0,93.0,77.0,69.0,60.0,59.0,57.0,53.0,49.0,44.0,43.0,39.0,35.0,34.0,32.0,28.0,21.0,20.0,19.0,18.0,18.0,20.0,24.0,27.0,32.0,35.0,34.0,29.0,25.0,22.0,23.0,26.0,33.0,39.0,48.0,55.0,67.0,70.0,68.0,54.0,44.0,39.0,41.0,43.0,48.0,47.0,51.0,51.0,55.0,60.0,60.0,66.0,58.0,56.0,48.0,51.0,53.0,53.0,57.0,62.0,66.0,67.0,73.0,68.0,62.0,48.0,43.0,46.0,51.0,55.0,59.0,63.0,70.0,75.0,73.0,65.0,62.0,58.0,55.0,50.0,48.0
845164,211,"Lebanon, NH",msa,NH,76.0,76.0,74.0,69.0,64.0,64.0,80.0,90.0,105.0,116.0,133.0,130.0,118.0,109.0,107.0,109.0,104.0,99.0,87.0,96.0,120.0,138.0,140.0,122.0,110.0,112.0,110.0,119.0,95.0,86.0,82.0,86.0,85.0,70.0,70.0,70.0,63.0,44.0,32.0,26.0,27.0,27.0,28.0,32.0,37.0,40.0,43.0,39.0,32.0,24.0,20.0,17.0,17.0,20.0,26.0,32.0,37.0,42.0,48.0,52.0,49.0,38.0,30.0,23.0,25.0,28.0,29.0,31.0,34.0,40.0,44.0,45.0,42.0,38.0,32.0,28.0,26.0,30.0,34.0,43.0,49.0,63.0,67.0,68.0,62.0,52.0,43.0,33.0,34.0,41.0,48.0,52.0,59.0,68.0,76.0,78.0,75.0,64.0,51.0,38.0,39.0,44.0
394459,212,"Charlottesville, VA",msa,VA,59.0,54.0,49.0,51.0,55.0,66.0,65.0,65.0,72.0,83.0,92.0,87.0,76.0,71.0,55.0,59.0,69.0,76.0,79.0,79.0,85.0,92.0,87.0,98.0,89.0,80.0,67.0,66.0,72.0,79.0,72.0,66.0,56.0,60.0,64.0,61.0,52.0,38.0,26.0,24.0,23.0,24.0,26.0,27.0,29.0,36.0,37.0,33.0,22.0,17.0,14.0,16.0,18.0,22.0,24.0,25.0,28.0,36.0,43.0,45.0,37.0,33.0,30.0,27.0,25.0,27.0,27.0,28.0,31.0,42.0,53.0,56.0,47.0,34.0,24.0,24.0,30.0,35.0,37.0,38.0,41.0,47.0,51.0,51.0,43.0,31.0,25.0,28.0,34.0,43.0,46.0,49.0,51.0,60.0,68.0,67.0,53.0,39.0,30.0,34.0,41.0,47.0
394763,213,"Lake Charles, LA",msa,LA,73.0,76.0,77.0,71.0,67.0,66.0,70.0,76.0,79.0,86.0,91.0,97.0,94.0,91.0,86.0,86.0,83.0,81.0,79.0,82.0,81.0,90.0,89.0,100.0,96.0,97.0,97.0,90.0,84.0,75.0,89.0,100.0,108.0,93.0,78.0,63.0,61.0,52.0,42.0,32.0,30.0,32.0,33.0,35.0,39.0,41.0,47.0,49.0,51.0,53.0,47.0,45.0,39.0,43.0,48.0,58.0,66.0,72.0,81.0,89.0,90.0,85.0,76.0,75.0,74.0,79.0,78.0,78.0,80.0,84.0,91.0,94.0,101.0,92.0,86.0,75.0,79.0,81.0,91.0,108.0,121.0,133.0,135.0,135.0,132.0,120.0,116.0,103.0,100.0,95.0,103.0,106.0,113.0,115.0,122.0,126.0,120.0,115.0,96.0,103.0,106.0,109.0
394773,214,"Las Cruces, NM",msa,NM,70.0,70.0,65.0,65.0,63.0,63.0,64.0,67.0,70.0,83.0,91.0,96.0,88.0,83.0,76.0,71.0,69.0,68.0,67.0,66.0,67.0,75.0,78.0,79.0,71.0,61.0,53.0,50.0,49.0,49.0,45.0,49.0,44.0,45.0,41.0,41.0,35.0,28.0,24.0,20.0,20.0,23.0,26.0,24.0,24.0,24.0,25.0,26.0,24.0,20.0,16.0,15.0,16.0,18.0,22.0,26.0,33.0,37.0,40.0,43.0,40.0,40.0,36.0,41.0,36.0,37.0,30.0,30.0,42.0,51.0,81.0,73.0,76.0,54.0,53.0,52.0,53.0,59.0,56.0,56.0,61.0,72.0,81.0,84.0,81.0,76.0,65.0,65.0,68.0,71.0,72.0,72.0,74.0,88.0,90.0,95.0,82.0,84.0,80.0,81.0,81.0,83.0
394464,215,"Chico, CA",msa,CA,38.0,33.0,31.0,31.0,34.0,35.0,37.0,42.0,50.0,46.0,39.0,28.0,29.0,28.0,27.0,25.0,27.0,32.0,38.0,42.0,47.0,49.0,58.0,57.0,53.0,43.0,40.0,41.0,38.0,35.0,34.0,30.0,26.0,32.0,37.0,42.0,33.0,28.0,22.0,19.0,18.0,20.0,23.0,24.0,27.0,29.0,34.0,35.0,32.0,26.0,22.0,21.0,26.0,31.0,36.0,39.0,44.0,51.0,60.0,64.0,64.0,59.0,51.0,43.0,37.0,38.0,39.0,41.0,40.0,46.0,51.0,57.0,49.0,42.0,35.0,38.0,39.0,41.0,42.0,44.0,44.0,47.0,49.0,52.0,54.0,53.0,52.0,48.0,49.0,53.0,51.0,56.0,55.0,68.0,79.0,78.0,72.0,52.0,50.0,44.0,50.0,50.0
394681,216,"Hilton Head Island, SC",msa,SC,66.0,68.0,71.0,74.0,76.0,79.0,84.0,87.0,92.0,96.0,101.0,106.0,107.0,108.0,102.0,99.0,96.0,101.0,107.0,105.0,107.0,104.0,115.0,110.0,103.0,88.0,92.0,104.0,114.0,114.0,109.0,100.0,92.0,82.0,81.0,73.0,61.0,45.0,34.0,27.0,23.0,23.0,25.0,28.0,30.0,32.0,32.0,31.0,26.0,19.0,16.0,17.0,20.0,24.0,28.0,33.0,35.0,42.0,47.0,53.0,51.0,47.0,43.0,41.0,40.0,39.0,42.0,45.0,48.0,52.0,57.0,58.0,57.0,52.0,54.0,54.0,56.0,62.0,67.0,70.0,70.0,75.0,79.0,79.0,73.0,69.0,69.0,72.0,75.0,78.0,79.0,83.0,84.0,88.0,88.0,91.0,89.0,90.0,83.0,81.0,80.0,81.0
394346,217,"Athens, GA",msa,GA,49.0,46.0,48.0,53.0,53.0,57.0,60.0,65.0,70.0,83.0,90.0,81.0,66.0,60.0,62.0,58.0,58.0,56.0,60.0,62.0,73.0,73.0,75.0,72.0,68.0,58.0,49.0,48.0,52.0,51.0,49.0,51.0,53.0,54.0,51.0,49.0,49.0,37.0,28.0,19.0,22.0,24.0,29.0,30.0,31.0,31.0,29.0,27.0,24.0,22.0,20.0,19.0,20.0,23.0,30.0,32.0,36.0,43.0,49.0,52.0,46.0,44.0,40.0,36.0,37.0,36.0,39.0,41.0,44.0,42.0,45.0,44.0,45.0,36.0,35.0,36.0,39.0,43.0,51.0,54.0,61.0,65.0,73.0,75.0,70.0,62.0,53.0,55.0,58.0,63.0,64.0,64.0,64.0,70.0,74.0,76.0,70.0,63.0,59.0,58.0,58.0,68.0
394765,218,"Lake Havasu City, AZ",msa,AZ,59.0,61.0,59.0,56.0,57.0,55.0,54.0,47.0,52.0,55.0,61.0,61.0,64.0,64.0,66.0,64.0,63.0,57.0,56.0,56.0,60.0,62.0,68.0,69.0,64.0,54.0,55.0,62.0,60.0,53.0,40.0,38.0,32.0,33.0,32.0,33.0,31.0,25.0,21.0,17.0,19.0,21.0,23.0,27.0,29.0,34.0,34.0,31.0,26.0,25.0,29.0,31.0,34.0,37.0,42.0,49.0,53.0,62.0,68.0,77.0,77.0,72.0,66.0,65.0,63.0,60.0,56.0,56.0,55.0,57.0,68.0,71.0,73.0,70.0,70.0,64.0,59.0,64.0,67.0,67.0,64.0,70.0,76.0,82.0,77.0,78.0,73.0,73.0,72.0,71.0,75.0,74.0,78.0,76.0,79.0,81.0,81.0,78.0,73.0,73.0,76.0,76.0
394485,219,"Columbia, MO",msa,MO,,,,,,,,,,,,,,,,,,,,,,,,,,,,,,,,,,,,,,,,,,,,,,,,,,,,,,,,,,,,,,,,,,,,,,,50.0,53.0,51.0,37.0,29.0,28.0,31.0,30.0,34.0,35.0,40.0,43.0,52.0,57.0,56.0,46.0,37.0,36.0,38.0,41.0,45.0,50.0,54.0,60.0,67.0,70.0,64.0,54.0,48.0,44.0,44.0,44.0
395114,220,"Springfield, IL",msa,IL,70.0,65.0,56.0,56.0,56.0,63.0,67.0,73.0,86.0,94.0,100.0,96.0,98.0,91.0,86.0,79.0,74.0,72.0,71.0,76.0,84.0,95.0,96.0,93.0,80.0,75.0,67.0,62.0,57.0,50.0,47.0,44.0,43.0,49.0,53.0,54.0,46.0,37.0,29.0,22.0,22.0,25.0,26.0,24.0,26.0,27.0,30.0,28.0,29.0,23.0,18.0,16.0,15.0,17.0,20.0,24.0,25.0,26.0,30.0,31.0,28.0,20.0,17.0,16.0,17.0,17.0,17.0,18.0,20.0,21.0,25.0,26.0,25.0,20.0,18.0,17.0,18.0,18.0,19.0,21.0,20.0,23.0,30.0,34.0,31.0,23.0,20.0,17.0,17.0,18.0,20.0,22.0,21.0,24.0,30.0,35.0,35.0,29.0,21.0,17.0,16.0,18.0
394691,221,"Houma, LA",msa,LA,83.0,88.0,90.0,86.0,88.0,87.0,89.0,97.0,109.0,115.0,118.0,115.0,116.0,115.0,117.0,116.0,112.0,104.0,101.0,104.0,104.0,133.0,124.0,127.0,112.0,119.0,136.0,123.0,119.0,111.0,108.0,99.0,75.0,78.0,83.0,94.0,93.0,82.0,79.0,65.0,70.0,61.0,69.0,79.0,69.0,73.0,51.0,50.0,36.0,32.0,34.0,34.0,32.0,34.0,35.0,39.0,41.0,46.0,55.0,62.0,63.0,63.0,61.0,59.0,64.0,65.0,63.0,61.0,71.0,83.0,94.0,101.0,109.0,105.0,100.0,95.0,100.0,104.0,101.0,106.0,112.0,124.0,122.0,121.0,122.0,109.0,114.0,106.0,114.0,106.0,109.0,118.0,124.0,140.0,135.0,133.0,123.0,120.0,116.0,121.0,132.0,126.0
394872,222,"Monroe, LA",msa,LA,,,,,,,,,,,,,,,,,,,,,,,,,,,,,,,,,,,,,,,,,,,,,,,,,,,,,,,,,,,,,,,,,64.0,68.0,51.0,52.0,45.0,47.0,49.0,52.0,55.0,50.0,58.0,56.0,57.0,56.0,58.0,58.0,61.0,70.0,79.0,76.0,75.0,72.0,72.0,68.0,65.0,63.0,62.0,63.0,77.0,82.0,87.0,81.0,78.0,69.0,59.0,51.0,46.0,47.0
394565,223,"Elkhart, IN",msa,IN,,,,,,,,,,,,,,,,,,,,,,,,,,,71.0,71.0,43.0,31.0,29.0,31.0,37.0,45.0,47.0,46.0,32.0,26.0,18.0,17.0,14.0,13.0,14.0,14.0,15.0,15.0,18.0,20.0,20.0,17.0,12.0,10.0,10.0,14.0,17.0,20.0,22.0,27.0,32.0,34.0,33.0,28.0,23.0,18.0,18.0,19.0,24.0,26.0,33.0,37.0,47.0,49.0,47.0,38.0,34.0,31.0,29.0,26.0,31.0,34.0,37.0,41.0,43.0,51.0,52.0,51.0,44.0,40.0,35.0,35.0,32.0,35.0,37.0,43.0,47.0,50.0,55.0,48.0,40.0,30.0,30.0,31.0
394726,224,"Johnson City, TN",msa,TN,67.0,65.0,59.0,57.0,53.0,51.0,55.0,60.0,64.0,67.0,71.0,77.0,79.0,74.0,63.0,55.0,51.0,53.0,49.0,46.0,48.0,51.0,60.0,65.0,71.0,65.0,61.0,56.0,51.0,46.0,35.0,36.0,34.0,37.0,36.0,36.0,30.0,24.0,17.0,15.0,13.0,14.0,16.0,19.0,21.0,24.0,30.0,30.0,31.0,23.0,21.0,15.0,15.0,16.0,21.0,24.0,25.0,26.0,32.0,36.0,34.0,28.0,29.0,27.0,25.0,21.0,23.0,24.0,27.0,29.0,35.0,40.0,42.0,38.0,35.0,27.0,27.0,26.0,30.0,34.0,37.0,42.0,47.0,53.0,49.0,44.0,36.0,39.0,37.0,40.0,45.0,48.0,55.0,59.0,65.0,61.0,58.0,56.0,55.0,49.0,48.0,45.0
395247,225,"Yuma, AZ",msa,AZ,,,,,,,,,,,,,,,,,,,,,,,,,,,,,,,44.0,41.0,32.0,24.0,20.0,27.0,31.0,31.0,21.0,15.0,15.0,17.0,23.0,26.0,25.0,25.0,22.0,23.0,20.0,19.0,17.0,17.0,19.0,25.0,33.0,39.0,42.0,45.0,52.0,57.0,57.0,48.0,38.0,29.0,30.0,35.0,36.0,35.0,34.0,44.0,58.0,59.0,59.0,54.0,59.0,63.0,68.0,67.0,62.0,59.0,55.0,57.0,61.0,77.0,81.0,79.0,61.0,52.0,57.0,76.0,79.0,73.0,74.0,82.0,85.0,78.0,79.0,79.0,75.0,69.0,62.0,59.0
394623,226,"Gainesville, GA",msa,GA,48.0,44.0,44.0,43.0,45.0,51.0,56.0,61.0,64.0,67.0,72.0,69.0,66.0,61.0,59.0,58.0,56.0,60.0,58.0,65.0,62.0,68.0,73.0,79.0,77.0,68.0,59.0,63.0,65.0,68.0,57.0,52.0,48.0,48.0,47.0,42.0,38.0,29.0,25.0,23.0,23.0,22.0,24.0,28.0,29.0,33.0,38.0,41.0,43.0,36.0,31.0,23.0,25.0,28.0,34.0,42.0,49.0,53.0,58.0,59.0,58.0,50.0,44.0,42.0,42.0,44.0,44.0,45.0,51.0,61.0,68.0,69.0,61.0,52.0,46.0,43.0,48.0,50.0,53.0,52.0,56.0,65.0,73.0,75.0,69.0,63.0,61.0,62.0,64.0,68.0,73.0,76.0,77.0,85.0,92.0,98.0,90.0,79.0,70.0,74.0,83.0,87.0
394716,227,"Jacksonville, NC",msa,NC,56.0,55.0,54.0,56.0,54.0,58.0,57.0,63.0,63.0,63.0,59.0,53.0,44.0,32.0,26.0,26.0,29.0,35.0,42.0,46.0,51.0,53.0,60.0,63.0,58.0,50.0,44.0,45.0,44.0,39.0,35.0,28.0,26.0,24.0,25.0,25.0,19.0,15.0,9.0,10.0,11.0,12.0,13.0,14.0,14.0,16.0,16.0,13.0,11.0,9.0,9.0,10.0,11.0,13.0,14.0,15.0,17.0,19.0,23.0,26.0,25.0,20.0,16.0,15.0,18.0,20.0,25.0,26.0,29.0,32.0,36.0,39.0,36.0,30.0,25.0,23.0,26.0,29.0,33.0,35.0,37.0,39.0,43.0,45.0,45.0,41.0,35.0,33.0,35.0,41.0,45.0,47.0,47.0,50.0,53.0,57.0,49.0,44.0,38.0,40.0,42.0,45.0
394597,228,"Florence, SC",msa,SC,,,,,,,,,,,,,,,,,,,,,,,,,,,,,,,,,,74.0,68.0,63.0,52.0,41.0,34.0,28.0,23.0,21.0,24.0,26.0,27.0,28.0,32.0,32.0,32.0,27.0,23.0,19.0,18.0,23.0,24.0,29.0,30.0,40.0,47.0,50.0,47.0,39.0,38.0,35.0,37.0,36.0,35.0,34.0,33.0,35.0,43.0,46.0,48.0,42.0,40.0,43.0,51.0,63.0,63.0,65.0,58.0,65.0,67.0,64.0,55.0,55.0,54.0,58.0,50.0,53.0,50.0,54.0,56.0,65.0,70.0,75.0,68.0,66.0,63.0,63.0,59.0,58.0
394680,229,"Hilo, HI",msa,HI,64.0,64.0,62.0,62.0,63.0,67.0,70.0,76.0,77.0,78.0,82.0,84.0,88.0,89.0,89.0,89.0,88.0,89.0,92.0,90.0,95.0,92.0,96.0,101.0,100.0,94.0,82.0,89.0,92.0,94.0,90.0,82.0,81.0,80.0,83.0,80.0,71.0,65.0,55.0,47.0,36.0,29.0,27.0,26.0,32.0,33.0,34.0,30.0,29.0,30.0,31.0,29.0,32.0,34.0,39.0,43.0,46.0,46.0,52.0,55.0,60.0,58.0,56.0,53.0,50.0,52.0,50.0,49.0,45.0,51.0,54.0,61.0,61.0,68.0,68.0,70.0,65.0,65.0,66.0,69.0,73.0,74.0,75.0,79.0,80.0,79.0,76.0,77.0,82.0,85.0,94.0,100.0,101.0,96.0,94.0,94.0,94.0,90.0,88.0,91.0,87.0,85.0
395118,230,"St. Cloud, MN",msa,MN,62.0,63.0,54.0,49.0,43.0,49.0,52.0,58.0,65.0,70.0,78.0,79.0,78.0,68.0,58.0,48.0,43.0,47.0,52.0,63.0,62.0,73.0,80.0,83.0,75.0,63.0,56.0,53.0,51.0,46.0,43.0,40.0,42.0,46.0,51.0,49.0,42.0,29.0,22.0,18.0,17.0,18.0,21.0,25.0,30.0,35.0,39.0,38.0,33.0,25.0,21.0,19.0,22.0,26.0,30.0,32.0,36.0,42.0,52.0,53.0,55.0,44.0,39.0,28.0,27.0,25.0,27.0,30.0,35.0,45.0,54.0,59.0,55.0,47.0,37.0,32.0,31.0,36.0,39.0,41.0,42.0,54.0,64.0,71.0,61.0,49.0,41.0,39.0,43.0,47.0,52.0,53.0,55.0,61.0,68.0,74.0,72.0,63.0,51.0,45.0,41.0,44.0
395011,231,"Racine, WI",msa,WI,,,,,,,,,,,,,,,,,,,,,,,,,,,,,,,,,,,,,,,39.0,39.0,29.0,30.0,34.0,35.0,38.0,45.0,50.0,50.0,40.0,30.0,26.0,23.0,22.0,25.0,31.0,40.0,45.0,45.0,46.0,44.0,45.0,36.0,30.0,23.0,23.0,27.0,28.0,29.0,27.0,33.0,41.0,48.0,45.0,35.0,26.0,27.0,26.0,27.0,28.0,29.0,38.0,39.0,51.0,50.0,47.0,33.0,27.0,28.0,30.0,31.0,36.0,36.0,36.0,37.0,42.0,44.0,34.0,36.0,33.0,36.0,28.0,29.0
394380,232,"Bend, OR",msa,OR,52.0,49.0,46.0,46.0,47.0,53.0,59.0,64.0,68.0,77.0,83.0,86.0,83.0,73.0,62.0,51.0,48.0,52.0,57.0,65.0,72.0,81.0,87.0,82.0,68.0,52.0,47.0,46.0,48.0,44.0,40.0,33.0,32.0,31.0,29.0,26.0,21.0,18.0,14.0,14.0,15.0,18.0,21.0,24.0,28.0,33.0,35.0,31.0,23.0,15.0,14.0,16.0,22.0,29.0,37.0,41.0,48.0,56.0,65.0,64.0,55.0,44.0,36.0,33.0,34.0,38.0,43.0,47.0,53.0,59.0,64.0,62.0,53.0,45.0,38.0,38.0,40.0,47.0,57.0,62.0,68.0,76.0,82.0,83.0,69.0,60.0,50.0,47.0,50.0,56.0,69.0,75.0,83.0,91.0,95.0,92.0,73.0,54.0,42.0,44.0,51.0,61.0
395047,233,"Saginaw, MI",msa,MI,59.0,54.0,50.0,48.0,47.0,45.0,48.0,53.0,59.0,59.0,67.0,71.0,75.0,66.0,55.0,48.0,48.0,50.0,48.0,48.0,46.0,53.0,62.0,72.0,69.0,75.0,67.0,63.0,38.0,32.0,24.0,23.0,23.0,32.0,37.0,36.0,28.0,23.0,19.0,17.0,15.0,17.0,21.0,22.0,26.0,32.0,38.0,42.0,39.0,36.0,28.0,22.0,21.0,22.0,26.0,28.0,32.0,38.0,43.0,44.0,46.0,42.0,38.0,31.0,28.0,26.0,26.0,26.0,30.0,37.0,47.0,53.0,51.0,44.0,38.0,29.0,27.0,27.0,33.0,36.0,39.0,42.0,47.0,49.0,46.0,41.0,37.0,36.0,34.0,32.0,30.0,33.0,39.0,47.0,56.0,61.0,61.0,58.0,48.0,40.0,34.0,35.0
395202,234,"Warner Robins, GA",msa,GA,53.0,46.0,43.0,41.0,45.0,43.0,45.0,46.0,54.0,64.0,67.0,63.0,57.0,57.0,53.0,49.0,45.0,53.0,53.0,52.0,49.0,52.0,56.0,52.0,47.0,43.0,42.0,45.0,42.0,39.0,31.0,26.0,24.0,28.0,31.0,32.0,28.0,21.0,15.0,13.0,11.0,11.0,13.0,16.0,17.0,18.0,19.0,22.0,20.0,18.0,14.0,14.0,16.0,18.0,17.0,18.0,19.0,24.0,29.0,29.0,29.0,28.0,27.0,24.0,22.0,21.0,26.0,27.0,34.0,39.0,44.0,42.0,39.0,38.0,36.0,33.0,30.0,32.0,34.0,37.0,40.0,46.0,49.0,48.0,43.0,42.0,39.0,37.0,33.0,36.0,39.0,44.0,50.0,55.0,60.0,58.0,59.0,53.0,48.0,47.0,47.0,51.0
395151,235,"Terre Haute, IN",msa,IN,56.0,50.0,52.0,50.0,57.0,57.0,64.0,63.0,72.0,79.0,95.0,96.0,98.0,82.0,74.0,64.0,60.0,57.0,60.0,66.0,69.0,78.0,83.0,92.0,84.0,82.0,73.0,64.0,57.0,50.0,50.0,48.0,44.0,45.0,51.0,56.0,48.0,42.0,33.0,29.0,21.0,23.0,23.0,26.0,27.0,34.0,38.0,46.0,46.0,44.0,32.0,25.0,23.0,25.0,26.0,26.0,29.0,34.0,44.0,51.0,49.0,42.0,30.0,30.0,27.0,31.0,30.0,32.0,33.0,33.0,46.0,54.0,57.0,47.0,42.0,40.0,37.0,38.0,43.0,48.0,55.0,67.0,75.0,75.0,64.0,56.0,46.0,41.0,38.0,44.0,49.0,49.0,46.0,51.0,56.0,70.0,67.0,68.0,55.0,51.0,46.0,45.0
395162,236,"Torrington, CT",msa,CT,79.0,74.0,73.0,65.0,62.0,61.0,68.0,76.0,87.0,100.0,114.0,114.0,115.0,103.0,92.0,82.0,82.0,89.0,86.0,85.0,90.0,99.0,118.0,122.0,122.0,111.0,113.0,108.0,94.0,75.0,60.0,58.0,48.0,56.0,59.0,71.0,67.0,56.0,40.0,28.0,25.0,26.0,31.0,36.0,40.0,44.0,53.0,56.0,51.0,36.0,27.0,23.0,23.0,25.0,35.0,41.0,43.0,37.0,42.0,45.0,47.0,37.0,29.0,25.0,26.0,30.0,29.0,29.0,26.0,31.0,34.0,38.0,42.0,39.0,34.0,26.0,28.0,31.0,36.0,38.0,41.0,42.0,53.0,52.0,50.0,38.0,35.0,32.0,32.0,32.0,34.0,38.0,42.0,49.0,57.0,58.0,52.0,40.0,34.0,29.0,31.0,35.0
395009,237,"Punta Gorda, FL",msa,FL,57.0,61.0,65.0,68.0,72.0,73.0,71.0,73.0,72.0,72.0,71.0,72.0,81.0,85.0,90.0,86.0,86.0,83.0,82.0,79.0,77.0,77.0,77.0,80.0,80.0,75.0,74.0,76.0,80.0,77.0,69.0,60.0,56.0,53.0,52.0,49.0,44.0,36.0,25.0,20.0,18.0,19.0,19.0,21.0,25.0,26.0,29.0,28.0,27.0,24.0,23.0,25.0,28.0,31.0,34.0,41.0,43.0,47.0,45.0,49.0,49.0,50.0,50.0,49.0,53.0,59.0,67.0,71.0,69.0,70.0,74.0,79.0,82.0,86.0,87.0,91.0,93.0,98.0,96.0,100.0,97.0,99.0,94.0,94.0,90.0,90.0,97.0,106.0,116.0,118.0,118.0,112.0,107.0,106.0,109.0,114.0,115.0,111.0,110.0,113.0,116.0,114.0
394386,239,"Billings, MT",msa,MT,60.0,58.0,55.0,49.0,46.0,48.0,57.0,61.0,67.0,75.0,84.0,88.0,83.0,74.0,65.0,57.0,59.0,62.0,63.0,65.0,64.0,76.0,81.0,84.0,70.0,61.0,53.0,56.0,53.0,51.0,44.0,39.0,37.0,36.0,41.0,39.0,35.0,25.0,22.0,16.0,15.0,15.0,17.0,20.0,22.0,26.0,25.0,25.0,22.0,20.0,16.0,14.0,16.0,20.0,25.0,25.0,30.0,33.0,41.0,43.0,45.0,40.0,38.0,34.0,34.0,33.0,37.0,40.0,46.0,53.0,62.0,64.0,61.0,53.0,45.0,39.0,38.0,41.0,46.0,49.0,56.0,61.0,70.0,71.0,75.0,68.0,60.0,51.0,48.0,50.0,53.0,57.0,61.0,66.0,76.0,83.0,81.0,64.0,50.0,42.0,45.0,48.0
395018,240,"Redding, CA",msa,CA,,,,,,,,,,,,,,,,,,,,,,,,,,,,,,,,,,,,,,,,,,,,,,,,,,,,,,,,,,,,,,,,,,,,,,67.0,68.0,67.0,61.0,49.0,44.0,39.0,47.0,46.0,46.0,48.0,48.0,56.0,60.0,68.0,64.0,62.0,55.0,53.0,47.0,52.0,54.0,59.0,61.0,67.0,68.0,72.0,70.0,65.0,52.0,42.0,44.0,48.0
394748,241,"Kingston, NY",msa,NY,96.0,103.0,105.0,95.0,92.0,93.0,100.0,105.0,106.0,119.0,122.0,136.0,139.0,141.0,126.0,112.0,104.0,105.0,104.0,113.0,115.0,117.0,121.0,125.0,146.0,144.0,156.0,134.0,121.0,94.0,85.0,83.0,82.0,89.0,95.0,101.0,99.0,88.0,78.0,67.0,66.0,65.0,67.0,59.0,59.0,58.0,66.0,70.0,70.0,57.0,44.0,34.0,35.0,41.0,45.0,52.0,55.0,60.0,65.0,72.0,77.0,72.0,65.0,56.0,52.0,49.0,52.0,53.0,53.0,56.0,69.0,79.0,74.0,62.0,51.0,47.0,44.0,45.0,54.0,55.0,59.0,62.0,76.0,81.0,80.0,68.0,56.0,47.0,45.0,48.0,50.0,54.0,63.0,73.0,86.0,91.0,89.0,75.0,57.0,46.0,42.0,46.0
394960,242,"Panama City, FL",msa,FL,62.0,60.0,61.0,63.0,64.0,67.0,69.0,72.0,79.0,81.0,86.0,89.0,81.0,76.0,65.0,63.0,69.0,68.0,78.0,73.0,85.0,86.0,94.0,86.0,97.0,92.0,95.0,91.0,94.0,93.0,86.0,77.0,81.0,76.0,81.0,73.0,69.0,57.0,43.0,33.0,24.0,23.0,24.0,28.0,33.0,35.0,37.0,34.0,28.0,24.0,23.0,23.0,28.0,33.0,40.0,44.0,48.0,56.0,64.0,71.0,70.0,67.0,60.0,59.0,62.0,70.0,72.0,72.0,70.0,74.0,80.0,84.0,87.0,87.0,85.0,84.0,82.0,87.0,89.0,95.0,98.0,104.0,104.0,108.0,106.0,105.0,99.0,102.0,108.0,113.0,112.0,113.0,112.0,119.0,121.0,128.0,127.0,122.0,119.0,111.0,112.0,113.0
394729,243,"Joplin, MO",msa,MO,59.0,56.0,61.0,59.0,55.0,50.0,45.0,53.0,66.0,75.0,79.0,79.0,84.0,76.0,63.0,54.0,51.0,50.0,50.0,54.0,57.0,57.0,67.0,72.0,75.0,61.0,56.0,47.0,50.0,56.0,61.0,61.0,48.0,43.0,39.0,42.0,41.0,36.0,26.0,20.0,19.0,21.0,21.0,21.0,24.0,27.0,32.0,32.0,30.0,24.0,18.0,16.0,18.0,21.0,24.0,28.0,32.0,39.0,46.0,46.0,43.0,37.0,35.0,31.0,32.0,33.0,33.0,34.0,36.0,43.0,49.0,49.0,47.0,40.0,38.0,34.0,33.0,35.0,37.0,40.0,43.0,49.0,54.0,56.0,57.0,53.0,47.0,38.0,40.0,42.0,48.0,48.0,48.0,49.0,53.0,59.0,61.0,63.0,59.0,53.0,46.0,46.0
394539,244,"Dover, DE",msa,DE,63.0,60.0,60.0,61.0,62.0,67.0,64.0,63.0,60.0,62.0,73.0,78.0,82.0,77.0,69.0,63.0,66.0,66.0,67.0,59.0,63.0,61.0,65.0,63.0,60.0,53.0,49.0,47.0,43.0,39.0,38.0,33.0,32.0,28.0,29.0,29.0,26.0,21.0,14.0,13.0,13.0,14.0,15.0,18.0,19.0,22.0,22.0,23.0,22.0,18.0,16.0,14.0,17.0,18.0,20.0,24.0,28.0,31.0,36.0,36.0,34.0,30.0,27.0,28.0,25.0,28.0,26.0,28.0,30.0,33.0,40.0,40.0,41.0,35.0,32.0,31.0,28.0,30.0,31.0,34.0,37.0,42.0,46.0,47.0,45.0,45.0,41.0,38.0,36.0,38.0,45.0,49.0,50.0,51.0,53.0,61.0,57.0,50.0,37.0,36.0,39.0,43.0
394559,245,"El Centro, CA",msa,CA,45.0,46.0,42.0,43.0,45.0,42.0,45.0,49.0,56.0,62.0,64.0,72.0,67.0,59.0,54.0,53.0,51.0,47.0,38.0,37.0,38.0,42.0,47.0,41.0,42.0,40.0,38.0,46.0,43.0,45.0,30.0,27.0,23.0,25.0,27.0,34.0,31.0,27.0,20.0,20.0,20.0,19.0,21.0,23.0,25.0,23.0,27.0,24.0,23.0,20.0,20.0,20.0,19.0,20.0,26.0,34.0,39.0,43.0,47.0,52.0,54.0,46.0,39.0,33.0,31.0,29.0,28.0,27.0,32.0,35.0,40.0,34.0,37.0,33.0,31.0,30.0,34.0,35.0,27.0,22.0,23.0,29.0,36.0,38.0,37.0,37.0,46.0,46.0,43.0,39.0,42.0,43.0,41.0,38.0,39.0,57.0,61.0,61.0,46.0,37.0,33.0,35.0
394712,246,"Jackson, TN",msa,TN,,,,,,,,,,,,,,,,,,,,,,,,,,,,,,,,,,,,,,,21.0,22.0,20.0,21.0,25.0,33.0,38.0,39.0,39.0,40.0,38.0,35.0,28.0,25.0,24.0,27.0,33.0,36.0,39.0,44.0,50.0,52.0,50.0,51.0,49.0,48.0,40.0,41.0,44.0,44.0,43.0,43.0,47.0,51.0,52.0,50.0,46.0,42.0,43.0,46.0,49.0,52.0,50.0,64.0,68.0,76.0,68.0,62.0,59.0,56.0,57.0,56.0,61.0,67.0,72.0,74.0,82.0,88.0,86.0,78.0,71.0,71.0,70.0,67.0
395246,247,"Yuba City, CA",msa,CA,43.0,36.0,31.0,29.0,29.0,31.0,37.0,42.0,47.0,48.0,50.0,49.0,44.0,36.0,31.0,30.0,31.0,31.0,33.0,36.0,39.0,43.0,43.0,43.0,39.0,37.0,38.0,38.0,36.0,30.0,28.0,25.0,24.0,22.0,25.0,25.0,21.0,13.0,12.0,14.0,15.0,17.0,17.0,18.0,18.0,22.0,23.0,23.0,18.0,16.0,17.0,19.0,23.0,28.0,35.0,42.0,45.0,54.0,59.0,58.0,49.0,43.0,38.0,35.0,31.0,31.0,33.0,36.0,44.0,52.0,54.0,53.0,45.0,43.0,36.0,35.0,38.0,38.0,41.0,41.0,52.0,58.0,62.0,61.0,57.0,54.0,46.0,44.0,44.0,47.0,52.0,54.0,58.0,61.0,66.0,68.0,60.0,48.0,37.0,37.0,41.0,46.0
394406,248,"Bowling Green, KY",msa,KY,63.0,62.0,59.0,57.0,56.0,60.0,63.0,72.0,79.0,92.0,98.0,106.0,101.0,93.0,79.0,77.0,79.0,79.0,76.0,80.0,86.0,98.0,101.0,106.0,102.0,95.0,82.0,78.0,74.0,78.0,69.0,63.0,55.0,54.0,56.0,52.0,47.0,44.0,36.0,32.0,25.0,26.0,26.0,28.0,30.0,33.0,38.0,39.0,35.0,28.0,22.0,20.0,22.0,27.0,33.0,36.0,40.0,43.0,49.0,51.0,52.0,48.0,44.0,42.0,44.0,46.0,46.0,47.0,52.0,58.0,66.0,72.0,72.0,66.0,61.0,57.0,56.0,55.0,58.0,63.0,67.0,77.0,86.0,94.0,93.0,82.0,75.0,71.0,76.0,81.0,85.0,87.0,80.0,84.0,85.0,88.0,87.0,88.0,85.0,83.0,80.0,89.0
395119,249,"St. George, UT",msa,UT,48.0,48.0,45.0,46.0,45.0,48.0,49.0,49.0,53.0,63.0,68.0,68.0,64.0,61.0,61.0,61.0,65.0,60.0,59.0,53.0,59.0,62.0,71.0,70.0,65.0,57.0,57.0,58.0,57.0,46.0,42.0,40.0,39.0,37.0,38.0,40.0,34.0,24.0,17.0,14.0,14.0,15.0,19.0,23.0,28.0,31.0,34.0,32.0,30.0,24.0,22.0,21.0,26.0,32.0,42.0,47.0,54.0,62.0,70.0,73.0,69.0,64.0,60.0,57.0,56.0,58.0,57.0,57.0,56.0,60.0,64.0,67.0,68.0,64.0,62.0,61.0,60.0,57.0,55.0,57.0,60.0,66.0,73.0,74.0,71.0,67.0,69.0,71.0,71.0,75.0,77.0,77.0,75.0,81.0,89.0,92.0,88.0,79.0,72.0,68.0,70.0,74.0
394896,250,"Muskegon, MI",msa,MI,52.0,44.0,34.0,26.0,26.0,30.0,37.0,42.0,49.0,50.0,56.0,59.0,57.0,54.0,44.0,39.0,35.0,37.0,40.0,39.0,34.0,44.0,52.0,69.0,64.0,60.0,50.0,51.0,43.0,36.0,27.0,23.0,23.0,26.0,29.0,28.0,22.0,18.0,14.0,13.0,12.0,14.0,16.0,17.0,19.0,21.0,22.0,23.0,20.0,16.0,14.0,13.0,16.0,18.0,21.0,22.0,24.0,27.0,31.0,34.0,35.0,29.0,23.0,19.0,19.0,21.0,21.0,21.0,25.0,30.0,35.0,38.0,41.0,34.0,28.0,21.0,22.0,24.0,26.0,28.0,33.0,37.0,46.0,49.0,48.0,37.0,28.0,22.0,23.0,24.0,29.0,32.0,38.0,42.0,48.0,52.0,53.0,45.0,37.0,30.0,28.0,27.0
394299,251,"Abilene, TX",msa,TX,62.0,61.0,60.0,57.0,55.0,53.0,55.0,63.0,74.0,77.0,77.0,73.0,74.0,73.0,74.0,73.0,72.0,65.0,62.0,63.0,70.0,76.0,79.0,77.0,75.0,70.0,70.0,66.0,63.0,60.0,57.0,62.0,62.0,63.0,61.0,54.0,50.0,41.0,35.0,29.0,26.0,28.0,29.0,34.0,37.0,40.0,39.0,41.0,38.0,33.0,25.0,18.0,19.0,20.0,25.0,30.0,36.0,43.0,51.0,56.0,55.0,45.0,35.0,29.0,33.0,36.0,40.0,42.0,48.0,54.0,62.0,67.0,68.0,61.0,51.0,45.0,48.0,59.0,63.0,65.0,64.0,74.0,82.0,83.0,77.0,67.0,62.0,59.0,58.0,59.0,56.0,55.0,56.0,58.0,58.0,53.0,46.0,40.0,32.0,31.0,28.0,31.0
394707,252,"Iowa City, IA",msa,IA,58.0,60.0,55.0,56.0,58.0,59.0,65.0,70.0,85.0,101.0,106.0,108.0,94.0,86.0,72.0,69.0,63.0,68.0,69.0,78.0,80.0,101.0,106.0,116.0,98.0,90.0,77.0,75.0,78.0,80.0,89.0,88.0,90.0,100.0,104.0,89.0,62.0,46.0,35.0,25.0,19.0,22.0,26.0,29.0,33.0,37.0,38.0,37.0,27.0,21.0,15.0,15.0,16.0,19.0,24.0,28.0,34.0,36.0,46.0,51.0,49.0,36.0,27.0,23.0,25.0,26.0,31.0,36.0,41.0,50.0,54.0,56.0,46.0,40.0,35.0,47.0,52.0,57.0,59.0,62.0,70.0,70.0,72.0,72.0,70.0,68.0,64.0,64.0,62.0,59.0,58.0,59.0,69.0,74.0,86.0,78.0,67.0,52.0,44.0,47.0,48.0,50.0
394351,253,"Auburn, AL",msa,AL,,,,,,,,,,,,,,,,,,,,,,,,,,,61.0,71.0,61.0,69.0,58.0,60.0,53.0,63.0,59.0,62.0,42.0,40.0,32.0,32.0,22.0,24.0,22.0,28.0,26.0,27.0,26.0,24.0,22.0,17.0,17.0,17.0,19.0,22.0,24.0,27.0,28.0,36.0,42.0,45.0,39.0,33.0,27.0,27.0,28.0,31.0,31.0,35.0,38.0,42.0,44.0,47.0,46.0,41.0,37.0,35.0,37.0,37.0,41.0,48.0,47.0,54.0,58.0,62.0,59.0,55.0,50.0,48.0,44.0,50.0,54.0,62.0,58.0,60.0,63.0,67.0,59.0,53.0,52.0,54.0,56.0,59.0
394860,254,"Midland, TX",msa,TX,,,,,,,,,,,,,,,,,,,,,,,,,,,,,,,,,,,71.0,83.0,82.0,68.0,63.0,54.0,51.0,51.0,52.0,55.0,54.0,56.0,58.0,65.0,63.0,54.0,41.0,36.0,36.0,38.0,43.0,49.0,55.0,61.0,64.0,61.0,58.0,50.0,42.0,35.0,35.0,38.0,43.0,42.0,47.0,48.0,53.0,52.0,49.0,42.0,39.0,38.0,43.0,47.0,49.0,46.0,49.0,57.0,64.0,63.0,54.0,47.0,41.0,39.0,38.0,43.0,47.0,51.0,55.0,60.0,66.0,67.0,65.0,58.0,51.0,47.0,46.0,46.0
394671,255,"Hattiesburg, MS",msa,MS,73.0,73.0,65.0,60.0,54.0,62.0,66.0,66.0,71.0,82.0,96.0,96.0,91.0,84.0,73.0,61.0,56.0,55.0,59.0,63.0,67.0,75.0,75.0,78.0,79.0,84.0,91.0,88.0,76.0,57.0,44.0,41.0,44.0,46.0,51.0,48.0,46.0,40.0,32.0,23.0,19.0,21.0,25.0,28.0,29.0,32.0,32.0,28.0,27.0,23.0,23.0,21.0,21.0,22.0,29.0,33.0,39.0,46.0,54.0,59.0,49.0,44.0,41.0,40.0,39.0,35.0,38.0,41.0,44.0,44.0,46.0,53.0,55.0,54.0,46.0,46.0,47.0,50.0,52.0,54.0,60.0,77.0,84.0,90.0,81.0,73.0,69.0,59.0,60.0,56.0,56.0,56.0,59.0,61.0,73.0,76.0,85.0,75.0,69.0,64.0,68.0,74.0
753869,255,"Bloomington, IL",msa,IL,,,,,,,,,,,102.0,100.0,103.0,85.0,75.0,70.0,67.0,69.0,73.0,79.0,87.0,91.0,93.0,87.0,75.0,67.0,61.0,63.0,56.0,53.0,48.0,47.0,44.0,43.0,43.0,48.0,47.0,41.0,30.0,22.0,17.0,16.0,15.0,17.0,22.0,24.0,28.0,28.0,25.0,19.0,11.0,10.0,10.0,11.0,13.0,15.0,20.0,27.0,33.0,33.0,29.0,23.0,19.0,14.0,13.0,12.0,12.0,15.0,22.0,27.0,26.0,21.0,17.0,16.0,17.0,15.0,15.0,15.0,18.0,21.0,26.0,30.0,31.0,28.0,22.0,17.0,14.0,13.0,13.0,17.0,19.0,24.0,24.0,30.0,32.0,36.0,31.0,27.0,21.0,18.0,18.0,21.0
394944,257,"Oshkosh, WI",msa,WI,,,,,,,,,,,,,,,,,,,,,,,,,,,,,,,,,,,,,,,,,,,,,,,,,,,,,,,,,,,,,,,,,,,,,,,,,,,,,,,,,,,,,,,,,,,,,,,,,74.0,62.0,67.0,58.0,59.0,48.0
394555,258,"Eau Claire, WI",msa,WI,,,,,,,,,,,,,,,,,,,,,,,,,,,,,,,,,,,,,,,,,,,,,,,,,,,,,,,,,,,,,,,,,,,,,,,,56.0,53.0,45.0,37.0,37.0,41.0,45.0,45.0,46.0,49.0,51.0,58.0,72.0,67.0,65.0,49.0,46.0,40.0,48.0,56.0,65.0,58.0,70.0,74.0,73.0,62.0,49.0,47.0,40.0,36.0,31.0
394651,259,"Greenville, NC",msa,NC,48.0,47.0,46.0,45.0,47.0,51.0,54.0,55.0,63.0,68.0,74.0,69.0,67.0,53.0,47.0,37.0,37.0,36.0,39.0,46.0,47.0,44.0,43.0,44.0,40.0,37.0,31.0,30.0,26.0,26.0,25.0,23.0,22.0,21.0,24.0,27.0,27.0,20.0,13.0,10.0,12.0,14.0,16.0,17.0,16.0,17.0,18.0,17.0,14.0,10.0,10.0,9.0,10.0,12.0,15.0,16.0,19.0,22.0,25.0,27.0,26.0,23.0,20.0,18.0,18.0,18.0,17.0,19.0,23.0,27.0,35.0,36.0,37.0,29.0,25.0,25.0,26.0,28.0,31.0,34.0,38.0,42.0,43.0,49.0,43.0,42.0,35.0,38.0,38.0,41.0,42.0,46.0,49.0,56.0,54.0,57.0,53.0,48.0,39.0,35.0,41.0,45.0
394428,260,"Burlington, NC",msa,NC,55.0,51.0,43.0,38.0,34.0,35.0,36.0,35.0,38.0,44.0,54.0,57.0,55.0,49.0,41.0,38.0,36.0,38.0,37.0,35.0,34.0,37.0,40.0,39.0,34.0,31.0,30.0,28.0,26.0,19.0,18.0,15.0,16.0,17.0,20.0,18.0,16.0,11.0,12.0,14.0,16.0,20.0,20.0,22.0,20.0,18.0,21.0,20.0,17.0,10.0,7.0,9.0,13.0,16.0,19.0,22.0,24.0,25.0,29.0,33.0,35.0,30.0,25.0,23.0,23.0,25.0,25.0,31.0,32.0,36.0,37.0,39.0,36.0,31.0,27.0,28.0,29.0,32.0,33.0,34.0,40.0,46.0,51.0,52.0,45.0,40.0,33.0,39.0,40.0,48.0,47.0,55.0,55.0,55.0,54.0,51.0,52.0,50.0,48.0,46.0,48.0,51.0
395210,261,"Waterloo, IA",msa,IA,,,,,,,,,77.0,81.0,93.0,97.0,92.0,78.0,66.0,52.0,59.0,58.0,69.0,66.0,75.0,78.0,91.0,91.0,85.0,67.0,57.0,55.0,53.0,51.0,47.0,47.0,48.0,54.0,57.0,57.0,48.0,44.0,32.0,25.0,19.0,21.0,26.0,30.0,33.0,38.0,42.0,45.0,38.0,29.0,21.0,18.0,17.0,19.0,23.0,27.0,30.0,33.0,40.0,43.0,47.0,40.0,38.0,31.0,28.0,27.0,31.0,34.0,31.0,33.0,37.0,41.0,37.0,35.0,32.0,30.0,27.0,28.0,30.0,32.0,39.0,44.0,51.0,56.0,55.0,50.0,44.0,43.0,39.0,36.0,35.0,37.0,43.0,44.0,58.0,67.0,73.0,65.0,53.0,46.0,41.0,39.0
394480,262,"Coeur d'Alene, ID",msa,ID,,,,,,,,,,,,,,,,75.0,80.0,51.0,55.0,50.0,56.0,57.0,62.0,59.0,55.0,40.0,33.0,32.0,35.0,35.0,33.0,33.0,34.0,30.0,27.0,18.0,20.0,16.0,18.0,15.0,16.0,20.0,22.0,26.0,28.0,32.0,35.0,32.0,25.0,16.0,14.0,18.0,25.0,32.0,40.0,45.0,52.0,61.0,68.0,66.0,57.0,44.0,40.0,39.0,45.0,49.0,53.0,59.0,62.0,75.0,81.0,86.0,74.0,59.0,51.0,47.0,50.0,54.0,63.0,66.0,70.0,79.0,91.0,92.0,79.0,63.0,53.0,49.0,51.0,56.0,60.0,65.0,69.0,80.0,88.0,88.0,77.0,64.0,55.0,47.0,44.0,46.0
394553,263,"East Stroudsburg, PA",msa,PA,,,,,,,,,,,,,,,,,,,,,,,,,,,,,96.0,72.0,76.0,52.0,40.0,33.0,43.0,47.0,43.0,37.0,38.0,31.0,28.0,28.0,30.0,36.0,36.0,38.0,41.0,39.0,42.0,33.0,30.0,22.0,26.0,27.0,34.0,37.0,46.0,55.0,57.0,55.0,48.0,50.0,45.0,40.0,33.0,36.0,40.0,47.0,51.0,58.0,59.0,67.0,63.0,62.0,50.0,48.0,47.0,50.0,51.0,55.0,61.0,63.0,71.0,81.0,95.0,89.0,80.0,61.0,55.0,55.0,58.0,64.0,63.0,72.0,82.0,86.0,87.0,76.0,62.0,51.0,51.0,57.0
395007,264,"Pueblo, CO",msa,CO,,,,,,,,,,,,,,,,,,,,,,,,,,,49.0,49.0,40.0,40.0,36.0,35.0,31.0,28.0,33.0,31.0,27.0,23.0,21.0,20.0,16.0,17.0,19.0,22.0,25.0,26.0,29.0,35.0,35.0,34.0,26.0,24.0,22.0,24.0,31.0,35.0,42.0,47.0,57.0,62.0,65.0,59.0,56.0,47.0,43.0,43.0,51.0,58.0,62.0,72.0,79.0,79.0,72.0,70.0,71.0,67.0,58.0,58.0,62.0,66.0,65.0,69.0,83.0,91.0,93.0,84.0,82.0,81.0,81.0,82.0,82.0,87.0,90.0,102.0,106.0,106.0,101.0,93.0,87.0,77.0,71.0,69.0
394392,265,"Blacksburg, VA",msa,VA,51.0,48.0,45.0,46.0,44.0,47.0,48.0,51.0,60.0,66.0,78.0,79.0,75.0,61.0,52.0,47.0,45.0,43.0,47.0,56.0,61.0,68.0,68.0,69.0,61.0,56.0,52.0,53.0,54.0,47.0,47.0,42.0,48.0,53.0,57.0,54.0,42.0,32.0,27.0,23.0,24.0,24.0,25.0,26.0,27.0,30.0,28.0,31.0,27.0,23.0,16.0,16.0,18.0,21.0,25.0,33.0,36.0,40.0,42.0,40.0,36.0,29.0,29.0,26.0,26.0,27.0,29.0,29.0,32.0,34.0,45.0,44.0,38.0,30.0,26.0,29.0,27.0,30.0,36.0,39.0,47.0,54.0,57.0,56.0,47.0,38.0,29.0,28.0,33.0,36.0,37.0,38.0,43.0,48.0,56.0,62.0,60.0,50.0,39.0,35.0,36.0,40.0
395215,266,"Wausau, WI",msa,WI,,,,,,,,,,,,,,,,,,,,,,,,,,,,,,,,,,,,,,,,,,,,,,,,,,,,,,,,,,,,,,,,,,,,,,,,,,,,,,,,,,,,,,,,,,,,,,,,80.0,66.0,43.0,30.0,31.0,33.0,39.0
394731,267,"Kahului, HI",msa,HI,68.0,72.0,75.0,75.0,80.0,78.0,76.0,72.0,73.0,72.0,78.0,80.0,84.0,79.0,78.0,82.0,82.0,86.0,87.0,87.0,83.0,83.0,90.0,95.0,96.0,86.0,78.0,68.0,69.0,69.0,76.0,82.0,90.0,89.0,100.0,103.0,107.0,92.0,82.0,67.0,61.0,54.0,49.0,38.0,31.0,28.0,27.0,26.0,30.0,30.0,28.0,27.0,29.0,32.0,38.0,43.0,44.0,43.0,45.0,49.0,55.0,53.0,55.0,49.0,47.0,49.0,49.0,52.0,46.0,45.0,44.0,48.0,45.0,48.0,50.0,58.0,60.0,67.0,75.0,79.0,79.0,87.0,88.0,96.0,98.0,102.0,103.0,99.0,98.0,98.0,109.0,120.0,126.0,129.0,131.0,129.0,127.0,121.0,128.0,126.0,127.0,134.0
394720,268,"Janesville, WI",msa,WI,59.0,54.0,52.0,45.0,43.0,40.0,43.0,46.0,49.0,58.0,74.0,79.0,81.0,69.0,60.0,49.0,48.0,54.0,58.0,61.0,58.0,62.0,67.0,83.0,76.0,73.0,62.0,64.0,60.0,57.0,50.0,47.0,45.0,47.0,47.0,46.0,42.0,36.0,27.0,25.0,23.0,25.0,25.0,29.0,34.0,42.0,42.0,37.0,26.0,20.0,16.0,17.0,20.0,24.0,26.0,27.0,28.0,32.0,35.0,44.0,39.0,37.0,23.0,25.0,25.0,24.0,24.0,28.0,31.0,34.0,36.0,40.0,38.0,30.0,26.0,22.0,23.0,23.0,26.0,28.0,36.0,41.0,47.0,49.0,42.0,34.0,23.0,23.0,22.0,26.0,27.0,31.0,32.0,41.0,42.0,47.0,41.0,41.0,33.0,32.0,27.0,27.0
395170,269,"Tupelo, MS",msa,MS,,,,,,,,,,,,,,,,,,,,,,,,,,,,,,,,,,,,,,,,,,,,,,,,,,,,,,,,,,,,,,,,,,,,,,,,,,,,,,,,,,,,,,,,,,,,,,,,,,,,55.0,69.0,79.0
394393,270,"Bloomington, IN",msa,IN,,,,,,,,,,,,,,,,,,,,,,,,,,,,,,,,,,,,,,,,,,,,,,,,,,,,,,,,,,,,,,,,,,,,,,,,,,,,,,,,,,,,,,,,,,,,,,,98.0,105.0,96.0,78.0,65.0,61.0,57.0,71.0
394930,271,"Odessa, TX",msa,TX,,,,,,,,,,,,,,,,,,,,,,,,,,,,,,,,,,,,,,,,,,,,,,,,,,,,,,,,,,,,,,,,,,,,,,,,,,,,,,,,,,,,,,,,,,,,,,,,77.0,83.0,73.0,54.0,50.0,50.0,63.0
394710,272,"Jackson, MI",msa,MI,62.0,53.0,48.0,39.0,40.0,38.0,40.0,43.0,51.0,60.0,67.0,72.0,68.0,61.0,49.0,44.0,40.0,39.0,39.0,44.0,53.0,59.0,73.0,76.0,81.0,81.0,74.0,67.0,54.0,51.0,41.0,32.0,28.0,32.0,36.0,37.0,33.0,29.0,25.0,21.0,18.0,20.0,27.0,33.0,39.0,42.0,45.0,42.0,38.0,35.0,32.0,29.0,26.0,28.0,31.0,32.0,31.0,33.0,40.0,44.0,45.0,36.0,28.0,25.0,24.0,25.0,25.0,27.0,27.0,31.0,37.0,42.0,44.0,39.0,34.0,26.0,25.0,27.0,31.0,33.0,37.0,44.0,51.0,60.0,57.0,50.0,36.0,31.0,30.0,30.0,33.0,39.0,43.0,48.0,51.0,52.0,52.0,45.0,41.0,33.0,34.0,33.0
395125,273,"State College, PA",msa,PA,,,,,,,,,,,,,,,,,,,,,,,,,,,49.0,50.0,36.0,43.0,45.0,50.0,44.0,56.0,59.0,65.0,55.0,43.0,32.0,22.0,20.0,21.0,26.0,29.0,29.0,30.0,29.0,32.0,25.0,20.0,13.0,15.0,17.0,21.0,25.0,25.0,28.0,30.0,34.0,35.0,31.0,27.0,21.0,19.0,19.0,21.0,23.0,28.0,30.0,36.0,39.0,43.0,38.0,30.0,22.0,20.0,25.0,30.0,34.0,35.0,39.0,39.0,48.0,50.0,49.0,36.0,26.0,28.0,31.0,34.0,30.0,32.0,36.0,42.0,42.0,41.0,38.0,31.0,25.0,22.0,25.0,29.0
395079,274,"Sebastian, FL",msa,FL,60.0,63.0,71.0,78.0,91.0,98.0,104.0,100.0,98.0,99.0,103.0,105.0,102.0,101.0,107.0,107.0,115.0,106.0,117.0,115.0,132.0,134.0,134.0,124.0,119.0,119.0,118.0,124.0,128.0,130.0,119.0,108.0,102.0,90.0,84.0,81.0,71.0,56.0,38.0,32.0,29.0,23.0,25.0,24.0,25.0,25.0,26.0,27.0,23.0,19.0,16.0,17.0,20.0,24.0,29.0,34.0,41.0,46.0,52.0,55.0,55.0,55.0,56.0,57.0,54.0,51.0,49.0,51.0,58.0,65.0,71.0,67.0,64.0,60.0,61.0,65.0,72.0,80.0,85.0,82.0,82.0,86.0,94.0,95.0,94.0,94.0,94.0,94.0,94.0,96.0,96.0,98.0,95.0,98.0,98.0,99.0,99.0,98.0,107.0,103.0,107.0,98.0
394814,275,"Madera, CA",msa,CA,57.0,55.0,52.0,56.0,63.0,67.0,73.0,71.0,71.0,76.0,88.0,97.0,95.0,87.0,78.0,69.0,70.0,74.0,73.0,67.0,64.0,73.0,84.0,89.0,84.0,75.0,69.0,67.0,67.0,65.0,58.0,48.0,43.0,41.0,46.0,45.0,40.0,28.0,25.0,27.0,30.0,29.0,28.0,27.0,28.0,32.0,37.0,39.0,33.0,29.0,25.0,27.0,27.0,29.0,33.0,37.0,46.0,50.0,66.0,70.0,72.0,63.0,57.0,50.0,48.0,47.0,42.0,41.0,39.0,53.0,59.0,71.0,66.0,65.0,54.0,53.0,48.0,51.0,52.0,61.0,64.0,70.0,76.0,80.0,75.0,64.0,56.0,57.0,65.0,79.0,82.0,85.0,82.0,88.0,91.0,86.0,81.0,71.0,70.0,65.0,64.0,62.0
394523,276,"Decatur, AL",msa,AL,,,,,,,,,,,,,,,,,,,,,,85.0,91.0,94.0,79.0,72.0,60.0,63.0,61.0,60.0,48.0,42.0,39.0,30.0,35.0,36.0,39.0,33.0,28.0,23.0,18.0,15.0,18.0,20.0,22.0,22.0,25.0,32.0,30.0,26.0,17.0,18.0,20.0,23.0,27.0,30.0,33.0,37.0,41.0,43.0,44.0,40.0,37.0,33.0,35.0,33.0,33.0,31.0,35.0,41.0,48.0,51.0,50.0,45.0,45.0,49.0,48.0,49.0,44.0,50.0,57.0,67.0,67.0,67.0,65.0,69.0,70.0,68.0,67.0,62.0,65.0,67.0,80.0,86.0,88.0,85.0,82.0,75.0,64.0,59.0,58.0,61.0
394453,277,"Chambersburg, PA",msa,PA,70.0,66.0,62.0,63.0,63.0,62.0,63.0,73.0,83.0,86.0,86.0,87.0,88.0,83.0,72.0,68.0,66.0,65.0,64.0,55.0,61.0,75.0,90.0,93.0,78.0,79.0,75.0,73.0,61.0,54.0,52.0,42.0,37.0,38.0,46.0,43.0,32.0,21.0,20.0,17.0,18.0,18.0,22.0,23.0,26.0,26.0,28.0,28.0,27.0,22.0,18.0,13.0,14.0,17.0,21.0,22.0,28.0,30.0,37.0,35.0,32.0,26.0,20.0,21.0,23.0,24.0,22.0,22.0,25.0,32.0,37.0,37.0,31.0,24.0,20.0,20.0,24.0,27.0,28.0,29.0,32.0,38.0,40.0,46.0,40.0,34.0,25.0,29.0,30.0,31.0,31.0,32.0,36.0,41.0,45.0,45.0,41.0,39.0,35.0,32.0,31.0,34.0
395193,278,"Vineland, NJ",msa,NJ,86.0,91.0,94.0,90.0,88.0,82.0,80.0,89.0,92.0,108.0,101.0,104.0,94.0,102.0,97.0,101.0,97.0,101.0,93.0,89.0,87.0,95.0,113.0,120.0,114.0,92.0,88.0,87.0,85.0,73.0,64.0,54.0,58.0,53.0,55.0,51.0,51.0,50.0,44.0,38.0,31.0,28.0,27.0,31.0,38.0,42.0,43.0,47.0,48.0,46.0,37.0,31.0,30.0,32.0,39.0,40.0,43.0,47.0,55.0,58.0,54.0,51.0,44.0,39.0,35.0,35.0,35.0,34.0,37.0,42.0,48.0,50.0,48.0,43.0,38.0,36.0,32.0,35.0,34.0,39.0,41.0,53.0,60.0,62.0,62.0,60.0,55.0,48.0,47.0,48.0,50.0,51.0,50.0,60.0,58.0,68.0,66.0,65.0,58.0,51.0,49.0,46.0
394703,279,"Idaho Falls, ID",msa,ID,,,,,,,,,,,,,,,,,,,,,,,,,,,,,,,,,,,,,,,,,,,,,,,,,,,,,,,,,,,,,,,,,,52.0,52.0,51.0,53.0,58.0,65.0,70.0,64.0,54.0,44.0,40.0,42.0,44.0,47.0,50.0,54.0,68.0,72.0,74.0,70.0,65.0,60.0,47.0,47.0,48.0,56.0,58.0,64.0,66.0,73.0,73.0,73.0,65.0,58.0,53.0,51.0,54.0
394639,280,"Grand Junction, CO",msa,CO,37.0,36.0,36.0,36.0,34.0,35.0,37.0,42.0,49.0,53.0,57.0,58.0,58.0,56.0,47.0,41.0,40.0,43.0,47.0,52.0,54.0,62.0,64.0,69.0,60.0,53.0,44.0,43.0,44.0,42.0,42.0,38.0,39.0,45.0,47.0,42.0,29.0,22.0,18.0,14.0,15.0,16.0,19.0,21.0,27.0,31.0,34.0,29.0,24.0,18.0,16.0,18.0,21.0,26.0,29.0,35.0,44.0,54.0,64.0,62.0,59.0,50.0,46.0,40.0,37.0,39.0,39.0,41.0,40.0,48.0,54.0,57.0,53.0,46.0,42.0,38.0,39.0,41.0,44.0,44.0,46.0,51.0,57.0,61.0,59.0,54.0,46.0,44.0,45.0,47.0,48.0,52.0,56.0,63.0,70.0,74.0,71.0,61.0,54.0,52.0,56.0,60.0
394563,281,"Elizabethtown, KY",msa,KY,,,,,,,,,,,81.0,79.0,70.0,75.0,67.0,76.0,80.0,80.0,78.0,76.0,67.0,77.0,88.0,114.0,109.0,81.0,62.0,50.0,49.0,36.0,33.0,28.0,27.0,26.0,28.0,35.0,29.0,26.0,19.0,19.0,16.0,19.0,21.0,30.0,33.0,37.0,40.0,39.0,38.0,29.0,25.0,20.0,22.0,26.0,31.0,34.0,38.0,46.0,53.0,58.0,55.0,51.0,47.0,47.0,47.0,48.0,49.0,55.0,60.0,68.0,61.0,58.0,52.0,56.0,50.0,40.0,41.0,41.0,50.0,48.0,61.0,63.0,75.0,72.0,73.0,68.0,61.0,61.0,55.0,58.0,56.0,69.0,70.0,73.0,70.0,82.0,84.0,75.0,62.0,57.0,64.0,71.0
394917,282,"Niles, MI",msa,MI,,,,,,,,,,,,,,,,,,,,,,,,,,,101.0,87.0,89.0,91.0,93.0,74.0,74.0,73.0,83.0,70.0,58.0,50.0,47.0,41.0,36.0,34.0,36.0,40.0,46.0,48.0,51.0,51.0,45.0,41.0,31.0,34.0,29.0,34.0,34.0,36.0,37.0,40.0,48.0,50.0,55.0,50.0,41.0,28.0,24.0,30.0,37.0,39.0,39.0,40.0,48.0,50.0,48.0,38.0,35.0,31.0,30.0,30.0,35.0,39.0,44.0,46.0,53.0,63.0,67.0,58.0,47.0,38.0,37.0,39.0,42.0,44.0,42.0,43.0,49.0,52.0,52.0,42.0,38.0,34.0,35.0,34.0
394873,283,"Monroe, MI",msa,MI,61.0,55.0,47.0,37.0,34.0,36.0,42.0,47.0,51.0,59.0,64.0,85.0,80.0,76.0,54.0,47.0,41.0,41.0,44.0,47.0,46.0,50.0,58.0,66.0,62.0,62.0,50.0,50.0,39.0,37.0,29.0,26.0,31.0,34.0,43.0,41.0,42.0,32.0,23.0,17.0,16.0,18.0,23.0,28.0,34.0,34.0,36.0,35.0,34.0,25.0,20.0,19.0,20.0,23.0,24.0,29.0,36.0,39.0,44.0,42.0,44.0,35.0,29.0,21.0,20.0,18.0,19.0,26.0,29.0,34.0,38.0,45.0,44.0,38.0,28.0,24.0,22.0,24.0,31.0,39.0,42.0,44.0,44.0,47.0,40.0,34.0,28.0,27.0,27.0,28.0,29.0,32.0,33.0,38.0,47.0,57.0,57.0,47.0,35.0,29.0,26.0,28.0
395066,284,"Santa Fe, NM",msa,NM,69.0,71.0,62.0,57.0,50.0,50.0,55.0,57.0,65.0,75.0,86.0,87.0,79.0,66.0,55.0,50.0,50.0,57.0,60.0,66.0,64.0,70.0,73.0,77.0,73.0,61.0,53.0,51.0,54.0,53.0,51.0,49.0,53.0,54.0,59.0,56.0,51.0,42.0,34.0,28.0,22.0,20.0,24.0,29.0,33.0,34.0,35.0,33.0,28.0,26.0,22.0,19.0,18.0,21.0,26.0,32.0,36.0,42.0,50.0,54.0,57.0,52.0,47.0,39.0,37.0,37.0,41.0,38.0,40.0,47.0,58.0,67.0,65.0,61.0,49.0,45.0,39.0,46.0,54.0,60.0,63.0,65.0,75.0,75.0,71.0,60.0,53.0,51.0,54.0,56.0,60.0,63.0,67.0,75.0,81.0,84.0,78.0,68.0,60.0,58.0,61.0,64.0
394493,285,"Concord, NH",msa,NH,53.0,45.0,36.0,33.0,34.0,38.0,43.0,49.0,63.0,69.0,76.0,72.0,71.0,60.0,48.0,38.0,33.0,37.0,41.0,43.0,46.0,60.0,64.0,64.0,42.0,32.0,26.0,30.0,32.0,26.0,30.0,29.0,32.0,23.0,34.0,35.0,32.0,16.0,12.0,11.0,13.0,14.0,16.0,17.0,17.0,21.0,22.0,20.0,16.0,12.0,12.0,12.0,12.0,16.0,19.0,21.0,20.0,22.0,27.0,31.0,31.0,22.0,15.0,11.0,12.0,13.0,14.0,16.0,18.0,21.0,26.0,27.0,24.0,16.0,12.0,11.0,12.0,16.0,19.0,20.0,23.0,29.0,33.0,30.0,21.0,16.0,17.0,17.0,19.0,20.0,24.0,26.0,29.0,35.0,38.0,42.0,36.0,34.0,24.0,21.0,20.0,25.0
394314,286,"Alexandria, LA",msa,LA,,,,,,,,,,,,,,,,,,,,,,,,,,,,,,,,,,,,,80.0,72.0,59.0,50.0,42.0,41.0,33.0,30.0,34.0,36.0,36.0,38.0,38.0,31.0,25.0,23.0,25.0,33.0,38.0,42.0,40.0,44.0,48.0,54.0,52.0,53.0,51.0,53.0,54.0,53.0,51.0,53.0,57.0,63.0,63.0,66.0,59.0,66.0,56.0,61.0,53.0,60.0,59.0,64.0,63.0,65.0,78.0,88.0,92.0,74.0,62.0,49.0,55.0,61.0,69.0,63.0,63.0,65.0,71.0,67.0,71.0,66.0,68.0,68.0,65.0,63.0
395163,287,"Traverse City, MI",msa,MI,86.0,85.0,74.0,71.0,72.0,78.0,82.0,87.0,92.0,103.0,126.0,141.0,144.0,131.0,120.0,103.0,88.0,87.0,91.0,97.0,107.0,107.0,112.0,109.0,123.0,131.0,131.0,120.0,119.0,101.0,101.0,71.0,73.0,67.0,81.0,72.0,59.0,43.0,35.0,28.0,25.0,26.0,31.0,31.0,35.0,35.0,43.0,47.0,47.0,39.0,29.0,25.0,26.0,29.0,33.0,37.0,38.0,46.0,49.0,55.0,50.0,43.0,37.0,34.0,34.0,37.0,37.0,42.0,48.0,52.0,64.0,64.0,62.0,43.0,37.0,32.0,36.0,38.0,40.0,49.0,55.0,72.0,74.0,84.0,80.0,74.0,55.0,42.0,41.0,48.0,54.0,55.0,59.0,62.0,73.0,73.0,77.0,60.0,51.0,38.0,39.0,41.0
394359,288,"Bangor, ME",msa,ME,,,,,,,,,90.0,98.0,100.0,106.0,107.0,99.0,90.0,71.0,63.0,53.0,58.0,67.0,77.0,87.0,90.0,89.0,92.0,90.0,84.0,68.0,51.0,43.0,48.0,55.0,59.0,52.0,55.0,63.0,61.0,43.0,26.0,24.0,24.0,26.0,23.0,29.0,34.0,38.0,42.0,42.0,42.0,33.0,29.0,22.0,22.0,25.0,28.0,35.0,43.0,47.0,52.0,53.0,56.0,50.0,40.0,28.0,23.0,23.0,29.0,31.0,33.0,37.0,46.0,52.0,51.0,46.0,37.0,31.0,28.0,32.0,39.0,42.0,45.0,50.0,61.0,72.0,74.0,64.0,50.0,38.0,38.0,43.0,53.0,56.0,59.0,60.0,65.0,67.0,74.0,73.0,68.0,57.0,51.0,50.0
394685,289,"Homosassa Springs, FL",msa,FL,62.0,63.0,64.0,65.0,67.0,65.0,65.0,63.0,66.0,72.0,76.0,78.0,78.0,85.0,90.0,91.0,86.0,79.0,78.0,76.0,74.0,77.0,79.0,82.0,77.0,77.0,79.0,80.0,77.0,70.0,58.0,46.0,42.0,43.0,47.0,46.0,42.0,32.0,26.0,20.0,20.0,19.0,21.0,21.0,24.0,25.0,28.0,26.0,25.0,22.0,21.0,19.0,21.0,25.0,30.0,35.0,40.0,44.0,48.0,53.0,56.0,56.0,55.0,55.0,54.0,47.0,44.0,43.0,49.0,53.0,61.0,64.0,67.0,66.0,67.0,69.0,70.0,69.0,72.0,75.0,76.0,79.0,83.0,89.0,84.0,79.0,76.0,79.0,88.0,96.0,94.0,88.0,85.0,95.0,102.0,103.0,100.0,96.0,95.0,95.0,99.0,98.0
394662,290,"Hanford, CA",msa,CA,,,,,,,,,,62.0,71.0,66.0,63.0,58.0,52.0,44.0,44.0,51.0,55.0,52.0,50.0,57.0,55.0,50.0,42.0,40.0,38.0,38.0,37.0,34.0,28.0,21.0,25.0,23.0,26.0,20.0,19.0,24.0,29.0,26.0,23.0,17.0,19.0,19.0,22.0,26.0,33.0,31.0,34.0,23.0,23.0,23.0,26.0,30.0,32.0,35.0,36.0,36.0,39.0,42.0,39.0,43.0,41.0,34.0,24.0,20.0,22.0,27.0,33.0,37.0,37.0,34.0,35.0,35.0,37.0,32.0,33.0,34.0,36.0,34.0,34.0,43.0,48.0,55.0,50.0,49.0,39.0,38.0,37.0,41.0,43.0,47.0,46.0,49.0,50.0,47.0,45.0,38.0,41.0,40.0,40.0,42.0
394723,291,"Jefferson City, MO",msa,MO,,,,,,,,,,,,,,,,,,,,,,,,,,,,,,,,,,,66.0,63.0,29.0,17.0,16.0,17.0,19.0,21.0,24.0,29.0,31.0,34.0,33.0,37.0,34.0,33.0,26.0,20.0,19.0,21.0,29.0,32.0,35.0,39.0,48.0,47.0,44.0,37.0,37.0,34.0,35.0,39.0,40.0,35.0,32.0,34.0,37.0,36.0,36.0,31.0,26.0,22.0,21.0,21.0,22.0,27.0,33.0,38.0,41.0,42.0,39.0,35.0,30.0,28.0,26.0,32.0,33.0,39.0,37.0,38.0,34.0,36.0,37.0,37.0,33.0,30.0,32.0,34.0
394598,292,"Florence, AL",msa,AL,,,,,,,,,,,,,,,,,,,,,,,,,,,,,,,,,,,,,,,,,,,,,,,,,,,,,34.0,36.0,38.0,36.0,41.0,47.0,56.0,57.0,51.0,47.0,44.0,43.0,39.0,41.0,43.0,38.0,37.0,41.0,52.0,57.0,56.0,53.0,49.0,48.0,48.0,49.0,48.0,45.0,45.0,51.0,60.0,75.0,79.0,80.0,67.0,59.0,55.0,57.0,62.0,58.0,57.0,67.0,78.0,85.0,79.0,73.0,69.0,67.0,70.0,77.0
394537,293,"Dothan, AL",msa,AL,,,,,,,,,,,,,,,,,,,,,,,,,,,,,,,,,,,45.0,47.0,47.0,49.0,44.0,40.0,34.0,35.0,31.0,25.0,28.0,29.0,31.0,30.0,31.0,28.0,23.0,26.0,35.0,40.0,42.0,39.0,37.0,36.0,35.0,46.0,54.0,55.0,50.0,43.0,42.0,40.0,33.0,36.0,38.0,56.0,60.0,62.0,49.0,45.0,44.0,45.0,45.0,48.0,46.0,47.0,48.0,54.0,61.0,65.0,75.0,71.0,66.0,54.0,57.0,59.0,63.0,66.0,66.0,78.0,79.0,82.0,72.0,71.0,71.0,72.0,74.0,71.0
394802,294,"London, KY",msa,KY,75.0,76.0,74.0,64.0,66.0,76.0,78.0,71.0,65.0,85.0,105.0,119.0,109.0,99.0,86.0,81.0,77.0,83.0,83.0,85.0,78.0,77.0,83.0,101.0,100.0,94.0,87.0,86.0,86.0,65.0,59.0,49.0,52.0,51.0,50.0,48.0,43.0,40.0,35.0,31.0,27.0,27.0,34.0,34.0,38.0,37.0,46.0,43.0,39.0,34.0,30.0,30.0,33.0,40.0,44.0,43.0,50.0,57.0,61.0,61.0,60.0,60.0,55.0,52.0,50.0,51.0,53.0,52.0,56.0,52.0,55.0,54.0,59.0,65.0,67.0,65.0,66.0,60.0,59.0,58.0,70.0,71.0,74.0,82.0,88.0,79.0,59.0,56.0,58.0,65.0,76.0,74.0,69.0,62.0,71.0,88.0,91.0,81.0,71.0,65.0,70.0,71.0
394306,295,"Albany, GA",msa,GA,,,,,,,,,,,,,,,,,,,,,,,,,,,,,,,,,,,,,,,,,,,,,,,,,,,,,,,,,,,,,,,,,,,,,,,,,,,,45.0,46.0,49.0,53.0,57.0,89.0,90.0,97.0,68.0,67.0,64.0,54.0,57.0,57.0,60.0,60.0,59.0,60.0,66.0,72.0,74.0,68.0,62.0,59.0,59.0,63.0,61.0
845167,296,"Ottawa, IL",msa,IL,80.0,78.0,74.0,67.0,67.0,67.0,68.0,73.0,78.0,87.0,92.0,104.0,105.0,98.0,81.0,72.0,75.0,80.0,83.0,81.0,85.0,84.0,90.0,97.0,106.0,104.0,97.0,85.0,78.0,69.0,69.0,68.0,68.0,65.0,73.0,75.0,80.0,65.0,53.0,37.0,31.0,27.0,27.0,27.0,32.0,42.0,51.0,60.0,54.0,46.0,34.0,29.0,28.0,31.0,35.0,37.0,35.0,39.0,43.0,51.0,54.0,49.0,42.0,37.0,37.0,34.0,28.0,27.0,29.0,35.0,40.0,44.0,45.0,42.0,39.0,32.0,30.0,27.0,33.0,33.0,38.0,37.0,45.0,48.0,52.0,47.0,43.0,36.0,34.0,31.0,33.0,33.0,37.0,41.0,50.0,55.0,58.0,60.0,52.0,50.0,42.0,40.0
395102,297,"Sioux City, IA",msa,IA,,,,,,,,,,,,,,,,,,,,,,,,106.0,99.0,87.0,77.0,70.0,61.0,58.0,56.0,56.0,50.0,46.0,48.0,50.0,50.0,34.0,31.0,24.0,25.0,25.0,26.0,29.0,31.0,37.0,41.0,43.0,39.0,32.0,28.0,26.0,27.0,27.0,29.0,26.0,27.0,36.0,43.0,49.0,51.0,50.0,48.0,37.0,41.0,44.0,46.0,45.0,47.0,49.0,56.0,63.0,60.0,53.0,38.0,40.0,35.0,43.0,43.0,46.0,40.0,46.0,56.0,64.0,63.0,53.0,46.0,42.0,39.0,37.0,37.0,48.0,51.0,56.0,55.0,58.0,57.0,47.0,39.0,34.0,35.0,45.0
395223,298,"Wichita Falls, TX",msa,TX,,,,,,,,,,,,,,,,,,,,,,,,,,,,,,,,,,67.0,52.0,50.0,35.0,37.0,37.0,32.0,30.0,29.0,34.0,40.0,47.0,50.0,49.0,50.0,52.0,48.0,39.0,27.0,30.0,34.0,43.0,39.0,46.0,45.0,63.0,81.0,83.0,71.0,49.0,51.0,52.0,54.0,53.0,51.0,54.0,59.0,66.0,66.0,65.0,61.0,62.0,63.0,64.0,64.0,64.0,69.0,75.0,84.0,87.0,89.0,83.0,81.0,77.0,75.0,76.0,79.0,86.0,88.0,89.0,89.0,91.0,90.0,89.0,85.0,85.0,79.0,78.0,75.0
395152,299,"Texarkana, TX",msa,TX,,,,,,,,,,,,,,,,,,,,,,,,,,,,,,,,,,,65.0,77.0,59.0,55.0,47.0,46.0,41.0,43.0,43.0,42.0,43.0,47.0,51.0,54.0,49.0,42.0,36.0,46.0,50.0,50.0,44.0,46.0,46.0,49.0,56.0,69.0,85.0,74.0,72.0,58.0,60.0,60.0,60.0,64.0,59.0,61.0,70.0,71.0,71.0,69.0,70.0,70.0,74.0,73.0,72.0,71.0,75.0,85.0,88.0,99.0,93.0,94.0,91.0,93.0,86.0,77.0,76.0,86.0,99.0,104.0,97.0,100.0,102.0,105.0,104.0,100.0,96.0,85.0
395182,300,"Valdosta, GA",msa,GA,,,,,,,,,,,,,,,,,,,,,,,,,,,,,,,,,,,,,,,,,,,,,,,,,,,,,,,,,,,,,,,,,,,,,,,,,,,,,,,,,59.0,63.0,81.0,83.0,77.0,60.0,48.0,46.0,48.0,50.0,53.0,58.0,62.0,67.0,68.0,62.0,62.0,58.0,62.0,63.0,67.0,71.0
394800,301,"Logan, UT",msa,UT,,,,,,,,,,,,,,,,,,,,,,,,,,,,,,,,,,,57.0,48.0,25.0,18.0,18.0,16.0,17.0,19.0,22.0,25.0,27.0,34.0,34.0,35.0,26.0,24.0,22.0,25.0,26.0,31.0,36.0,43.0,48.0,53.0,60.0,62.0,65.0,58.0,52.0,48.0,50.0,56.0,53.0,59.0,60.0,72.0,69.0,75.0,64.0,61.0,48.0,49.0,47.0,49.0,50.0,57.0,73.0,82.0,84.0,76.0,72.0,63.0,57.0,55.0,58.0,64.0,68.0,71.0,68.0,77.0,87.0,97.0,81.0,62.0,47.0,47.0,53.0,57.0
394595,302,"Flagstaff, AZ",msa,AZ,49.0,44.0,44.0,43.0,48.0,51.0,61.0,67.0,79.0,80.0,85.0,84.0,79.0,73.0,65.0,59.0,58.0,55.0,65.0,71.0,76.0,87.0,91.0,91.0,81.0,62.0,58.0,52.0,61.0,54.0,47.0,39.0,32.0,31.0,30.0,32.0,26.0,17.0,14.0,13.0,17.0,19.0,23.0,25.0,30.0,31.0,32.0,29.0,24.0,20.0,16.0,19.0,24.0,31.0,39.0,45.0,45.0,51.0,56.0,66.0,68.0,60.0,47.0,36.0,36.0,37.0,45.0,50.0,58.0,68.0,72.0,67.0,51.0,44.0,43.0,43.0,45.0,51.0,56.0,60.0,73.0,76.0,80.0,72.0,67.0,57.0,48.0,49.0,55.0,63.0,70.0,76.0,84.0,92.0,104.0,101.0,87.0,70.0,56.0,56.0,56.0,66.0
395036,303,"Rocky Mount, NC",msa,NC,77.0,75.0,69.0,65.0,64.0,70.0,71.0,78.0,78.0,77.0,81.0,82.0,91.0,86.0,85.0,82.0,69.0,63.0,61.0,64.0,101.0,101.0,105.0,71.0,73.0,74.0,68.0,57.0,55.0,54.0,53.0,42.0,35.0,30.0,31.0,30.0,29.0,24.0,27.0,19.0,18.0,14.0,19.0,20.0,24.0,26.0,33.0,34.0,31.0,21.0,18.0,14.0,17.0,18.0,22.0,25.0,30.0,38.0,49.0,56.0,56.0,47.0,42.0,36.0,29.0,27.0,27.0,30.0,31.0,36.0,44.0,46.0,47.0,43.0,41.0,44.0,47.0,51.0,48.0,44.0,47.0,52.0,71.0,67.0,62.0,54.0,61.0,64.0,61.0,53.0,57.0,54.0,58.0,61.0,73.0,83.0,76.0,73.0,63.0,66.0,66.0,71.0
395000,304,"Pottsville, PA",msa,PA,,,,,,,,,,,,,,,,,,,,,,,,,,,89.0,88.0,71.0,55.0,50.0,40.0,36.0,30.0,42.0,46.0,47.0,37.0,32.0,24.0,22.0,23.0,24.0,23.0,24.0,24.0,32.0,34.0,33.0,26.0,23.0,23.0,22.0,24.0,27.0,30.0,30.0,30.0,39.0,40.0,43.0,35.0,38.0,30.0,30.0,25.0,28.0,25.0,30.0,34.0,37.0,40.0,36.0,32.0,26.0,25.0,29.0,31.0,33.0,32.0,33.0,39.0,44.0,47.0,47.0,44.0,38.0,32.0,27.0,30.0,32.0,35.0,33.0,36.0,43.0,57.0,59.0,50.0,38.0,30.0,31.0,32.0
394515,305,"Dalton, GA",msa,GA,67.0,61.0,59.0,56.0,55.0,50.0,50.0,60.0,71.0,88.0,85.0,83.0,79.0,74.0,72.0,63.0,75.0,81.0,84.0,72.0,72.0,73.0,82.0,78.0,77.0,76.0,70.0,68.0,60.0,54.0,47.0,49.0,42.0,40.0,40.0,41.0,42.0,37.0,36.0,33.0,27.0,23.0,20.0,24.0,28.0,32.0,38.0,43.0,41.0,36.0,32.0,31.0,27.0,30.0,32.0,39.0,45.0,52.0,59.0,64.0,59.0,51.0,38.0,34.0,35.0,39.0,40.0,42.0,44.0,46.0,52.0,60.0,63.0,50.0,42.0,34.0,39.0,46.0,58.0,54.0,54.0,50.0,67.0,69.0,74.0,66.0,60.0,59.0,55.0,58.0,57.0,63.0,63.0,70.0,76.0,80.0,79.0,70.0,67.0,68.0,74.0,77.0
394783,306,"Lebanon, PA",msa,PA,52.0,53.0,51.0,50.0,46.0,46.0,45.0,45.0,48.0,56.0,61.0,65.0,60.0,53.0,41.0,33.0,31.0,40.0,43.0,49.0,48.0,60.0,63.0,66.0,53.0,43.0,35.0,37.0,44.0,44.0,44.0,37.0,30.0,26.0,28.0,25.0,21.0,17.0,17.0,15.0,12.0,13.0,15.0,15.0,17.0,21.0,23.0,23.0,17.0,13.0,11.0,12.0,12.0,14.0,15.0,17.0,17.0,18.0,21.0,21.0,19.0,16.0,15.0,14.0,14.0,13.0,14.0,14.0,17.0,20.0,24.0,25.0,22.0,18.0,18.0,18.0,18.0,20.0,21.0,23.0,21.0,22.0,31.0,34.0,37.0,26.0,23.0,18.0,18.0,21.0,21.0,27.0,25.0,29.0,26.0,29.0,26.0,22.0,18.0,17.0,19.0,21.0
394880,307,"Morristown, TN",msa,TN,62.0,62.0,57.0,57.0,57.0,59.0,60.0,67.0,71.0,73.0,85.0,95.0,96.0,84.0,78.0,73.0,72.0,65.0,67.0,64.0,72.0,74.0,77.0,70.0,66.0,60.0,59.0,61.0,57.0,51.0,43.0,37.0,34.0,33.0,40.0,38.0,36.0,28.0,26.0,22.0,21.0,23.0,25.0,28.0,31.0,34.0,39.0,40.0,35.0,28.0,22.0,27.0,27.0,31.0,30.0,33.0,37.0,41.0,52.0,52.0,55.0,46.0,46.0,45.0,47.0,52.0,50.0,48.0,46.0,47.0,54.0,54.0,56.0,54.0,51.0,48.0,48.0,52.0,51.0,49.0,54.0,63.0,72.0,74.0,69.0,63.0,59.0,61.0,61.0,56.0,57.0,57.0,61.0,62.0,69.0,71.0,77.0,74.0,69.0,62.0,61.0,66.0
395232,308,"Winchester, VA",msa,VA,64.0,56.0,57.0,50.0,46.0,44.0,51.0,57.0,61.0,65.0,70.0,70.0,70.0,60.0,52.0,49.0,47.0,50.0,60.0,68.0,71.0,66.0,71.0,71.0,62.0,49.0,42.0,39.0,50.0,46.0,46.0,31.0,29.0,26.0,28.0,30.0,24.0,20.0,15.0,15.0,14.0,14.0,17.0,21.0,23.0,27.0,29.0,30.0,26.0,20.0,16.0,15.0,18.0,20.0,24.0,27.0,33.0,40.0,45.0,46.0,40.0,36.0,28.0,26.0,23.0,27.0,28.0,32.0,33.0,45.0,53.0,52.0,40.0,27.0,23.0,23.0,24.0,28.0,31.0,38.0,37.0,36.0,37.0,42.0,40.0,37.0,29.0,29.0,29.0,33.0,38.0,37.0,38.0,45.0,51.0,57.0,54.0,47.0,37.0,33.0,36.0,43.0
395221,309,"Wheeling, WV",msa,OH,75.0,65.0,58.0,58.0,65.0,69.0,67.0,81.0,85.0,94.0,90.0,105.0,101.0,89.0,64.0,64.0,66.0,70.0,65.0,65.0,73.0,82.0,92.0,95.0,93.0,93.0,88.0,88.0,81.0,70.0,63.0,55.0,60.0,54.0,70.0,78.0,93.0,80.0,71.0,55.0,48.0,43.0,47.0,49.0,50.0,49.0,57.0,63.0,63.0,50.0,38.0,32.0,34.0,35.0,36.0,38.0,41.0,49.0,53.0,58.0,60.0,54.0,48.0,38.0,37.0,37.0,46.0,43.0,43.0,42.0,60.0,64.0,64.0,47.0,43.0,39.0,41.0,46.0,49.0,49.0,55.0,59.0,73.0,75.0,81.0,74.0,61.0,48.0,40.0,47.0,46.0,51.0,49.0,58.0,65.0,71.0,65.0,58.0,55.0,52.0,46.0,44.0
394879,310,"Morgantown, WV",msa,WV,,,,,,,,,,,,,,,,,,,,,,,,,,,,,,,,,,,,,,,,,,,,,,,,,,,,,,,,,,,76.0,75.0,72.0,55.0,37.0,28.0,26.0,29.0,31.0,35.0,40.0,51.0,52.0,56.0,46.0,38.0,29.0,29.0,31.0,36.0,44.0,50.0,57.0,57.0,67.0,67.0,62.0,43.0,30.0,25.0,30.0,34.0,38.0,41.0,46.0,56.0,62.0,73.0,68.0,59.0,44.0,38.0,36.0,36.0
394756,311,"La Crosse, WI",msa,WI,,,,,,,,,,,,,,,,,,,,,,,,,,,,,,,,,,,64.0,45.0,40.0,27.0,26.0,23.0,20.0,20.0,19.0,21.0,24.0,29.0,31.0,32.0,29.0,26.0,18.0,15.0,13.0,17.0,20.0,24.0,26.0,32.0,40.0,40.0,35.0,27.0,23.0,19.0,17.0,20.0,24.0,22.0,21.0,25.0,33.0,33.0,28.0,24.0,21.0,21.0,17.0,19.0,20.0,23.0,27.0,35.0,38.0,40.0,34.0,30.0,23.0,19.0,22.0,23.0,29.0,28.0,29.0,30.0,36.0,41.0,33.0,25.0,17.0,19.0,23.0,27.0
394900,312,"Napa, CA",msa,CA,40.0,36.0,33.0,33.0,36.0,45.0,45.0,49.0,51.0,66.0,73.0,73.0,68.0,58.0,52.0,42.0,50.0,53.0,63.0,63.0,69.0,64.0,69.0,64.0,59.0,48.0,48.0,60.0,70.0,77.0,73.0,62.0,49.0,45.0,52.0,54.0,49.0,41.0,35.0,35.0,35.0,36.0,35.0,37.0,40.0,45.0,47.0,40.0,31.0,22.0,23.0,30.0,34.0,34.0,30.0,33.0,40.0,51.0,55.0,53.0,45.0,43.0,37.0,32.0,33.0,47.0,51.0,51.0,52.0,63.0,68.0,64.0,57.0,51.0,49.0,49.0,44.0,41.0,40.0,51.0,58.0,79.0,89.0,92.0,74.0,54.0,43.0,42.0,49.0,59.0,71.0,75.0,80.0,84.0,99.0,106.0,98.0,78.0,66.0,64.0,71.0,68.0
395013,313,"Rapid City, SD",msa,SD,56.0,52.0,46.0,44.0,45.0,46.0,49.0,51.0,57.0,64.0,73.0,72.0,72.0,62.0,59.0,51.0,54.0,52.0,50.0,47.0,54.0,61.0,62.0,56.0,51.0,50.0,50.0,51.0,50.0,48.0,44.0,37.0,33.0,31.0,32.0,29.0,26.0,20.0,16.0,12.0,12.0,14.0,16.0,17.0,19.0,19.0,21.0,20.0,20.0,16.0,15.0,13.0,16.0,19.0,23.0,26.0,31.0,40.0,48.0,46.0,38.0,29.0,23.0,20.0,21.0,28.0,28.0,30.0,34.0,42.0,48.0,47.0,42.0,36.0,30.0,27.0,28.0,34.0,40.0,46.0,51.0,60.0,64.0,64.0,56.0,49.0,41.0,36.0,38.0,45.0,55.0,58.0,63.0,67.0,77.0,75.0,67.0,57.0,49.0,46.0,46.0,50.0
395139,314,"Sumter, SC",msa,SC,79.0,75.0,72.0,72.0,71.0,74.0,70.0,74.0,77.0,89.0,99.0,95.0,83.0,71.0,71.0,79.0,71.0,66.0,57.0,62.0,62.0,65.0,65.0,76.0,71.0,72.0,62.0,60.0,52.0,47.0,43.0,38.0,33.0,29.0,37.0,41.0,41.0,28.0,24.0,23.0,23.0,22.0,20.0,21.0,23.0,25.0,29.0,29.0,31.0,28.0,23.0,19.0,19.0,21.0,26.0,31.0,34.0,39.0,45.0,53.0,53.0,47.0,40.0,37.0,42.0,41.0,43.0,38.0,41.0,37.0,42.0,47.0,51.0,49.0,43.0,38.0,41.0,48.0,53.0,56.0,48.0,51.0,57.0,69.0,72.0,63.0,58.0,52.0,56.0,57.0,58.0,65.0,69.0,73.0,70.0,65.0,66.0,70.0,78.0,76.0,69.0,61.0
394577,315,"Eureka, CA",msa,CA,,,,,,,,,,,,,,,,,,,,,,,,,,,,,,,,,,,,,,,,,,,,,,,,,,,,,,,,,,,,,,,,,,,,,,,,,,,,,,,,,,,,,,,,,,72.0,91.0,87.0,90.0,89.0,97.0,99.0,106.0,95.0,85.0,66.0,62.0,52.0
395117,316,"Springfield, OH",msa,OH,61.0,58.0,48.0,40.0,39.0,41.0,43.0,43.0,46.0,66.0,80.0,84.0,65.0,51.0,42.0,38.0,32.0,29.0,33.0,38.0,44.0,46.0,53.0,54.0,54.0,46.0,42.0,37.0,32.0,30.0,27.0,22.0,20.0,20.0,27.0,25.0,21.0,13.0,11.0,12.0,13.0,15.0,17.0,19.0,20.0,22.0,24.0,23.0,21.0,16.0,13.0,11.0,13.0,16.0,19.0,21.0,22.0,28.0,34.0,38.0,36.0,30.0,24.0,19.0,15.0,15.0,16.0,18.0,22.0,25.0,30.0,34.0,33.0,29.0,21.0,18.0,18.0,20.0,22.0,23.0,28.0,33.0,39.0,41.0,41.0,36.0,32.0,28.0,30.0,32.0,35.0,35.0,38.0,40.0,42.0,42.0,41.0,35.0,29.0,25.0,26.0,26.0
394668,317,"Harrisonburg, VA",msa,VA,61.0,57.0,47.0,44.0,40.0,41.0,45.0,49.0,50.0,63.0,76.0,86.0,79.0,66.0,56.0,47.0,50.0,51.0,54.0,56.0,59.0,61.0,61.0,63.0,61.0,53.0,47.0,40.0,45.0,39.0,42.0,33.0,39.0,36.0,40.0,38.0,34.0,29.0,22.0,20.0,14.0,19.0,21.0,26.0,25.0,29.0,28.0,29.0,24.0,19.0,16.0,16.0,18.0,18.0,22.0,28.0,33.0,39.0,41.0,43.0,40.0,31.0,21.0,18.0,20.0,21.0,19.0,22.0,27.0,32.0,43.0,45.0,47.0,36.0,31.0,27.0,28.0,29.0,32.0,32.0,32.0,30.0,35.0,38.0,38.0,32.0,31.0,30.0,33.0,29.0,32.0,34.0,42.0,44.0,45.0,47.0,50.0,43.0,32.0,25.0,26.0,28.0
394368,318,"Battle Creek, MI",msa,MI,60.0,58.0,46.0,45.0,42.0,45.0,47.0,47.0,51.0,52.0,65.0,74.0,73.0,65.0,54.0,53.0,51.0,56.0,55.0,59.0,49.0,53.0,54.0,68.0,71.0,73.0,70.0,62.0,49.0,36.0,30.0,27.0,30.0,31.0,37.0,35.0,33.0,26.0,21.0,20.0,19.0,18.0,18.0,18.0,22.0,25.0,30.0,31.0,26.0,20.0,17.0,17.0,19.0,21.0,24.0,27.0,29.0,34.0,40.0,46.0,44.0,36.0,28.0,21.0,18.0,16.0,19.0,22.0,25.0,26.0,38.0,40.0,43.0,34.0,31.0,24.0,23.0,23.0,27.0,28.0,33.0,40.0,46.0,50.0,50.0,44.0,37.0,29.0,28.0,27.0,31.0,31.0,35.0,33.0,40.0,48.0,58.0,54.0,44.0,32.0,27.0,28.0
395094,319,"Sherman, TX",msa,TX,,,,,53.0,38.0,30.0,43.0,54.0,63.0,69.0,70.0,72.0,69.0,70.0,73.0,71.0,69.0,70.0,70.0,71.0,73.0,82.0,89.0,90.0,80.0,77.0,71.0,71.0,66.0,65.0,67.0,66.0,64.0,61.0,58.0,55.0,48.0,41.0,35.0,29.0,29.0,30.0,36.0,36.0,37.0,38.0,36.0,31.0,24.0,19.0,17.0,18.0,24.0,28.0,34.0,38.0,42.0,48.0,54.0,53.0,50.0,41.0,39.0,37.0,42.0,46.0,48.0,55.0,60.0,70.0,68.0,66.0,62.0,58.0,57.0,56.0,65.0,71.0,72.0,74.0,78.0,90.0,94.0,95.0,85.0,78.0,72.0,75.0,84.0,92.0,95.0,94.0,95.0,107.0,120.0,122.0,114.0,102.0,96.0,95.0,94.0
394821,320,"Manhattan, KS",msa,KS,,,,,,,,,,,,,,,,,,,,,,,,,,,,,,,,,,,,,,,,,,,,,,,,,,,,,,,,,,,,47.0,47.0,42.0,29.0,27.0,29.0,32.0,37.0,39.0,45.0,48.0,53.0,54.0,52.0,44.0,36.0,32.0,35.0,40.0,44.0,46.0,46.0,48.0,47.0,45.0,38.0,30.0,31.0,32.0,35.0,35.0,41.0,44.0,51.0,53.0,56.0,55.0,47.0,45.0,35.0,37.0,35.0,37.0
394442,321,"Carbondale, IL",msa,IL,,,,,,,,,,,,,,,,,,,,,145.0,161.0,133.0,116.0,109.0,108.0,108.0,113.0,102.0,96.0,85.0,76.0,79.0,72.0,73.0,56.0,53.0,41.0,38.0,35.0,35.0,34.0,33.0,36.0,39.0,42.0,44.0,46.0,47.0,45.0,40.0,36.0,34.0,35.0,39.0,40.0,43.0,45.0,54.0,60.0,64.0,57.0,50.0,43.0,41.0,40.0,43.0,44.0,43.0,49.0,55.0,57.0,53.0,50.0,47.0,39.0,35.0,37.0,41.0,45.0,51.0,52.0,58.0,66.0,68.0,62.0,50.0,46.0,41.0,42.0,38.0,47.0,63.0,77.0,80.0,80.0,69.0,66.0,57.0,63.0,62.0,60.0
394727,322,"Johnstown, PA",msa,PA,,,,,,,,,,,,,,,,,,,,,,,,,,,,,,,,,,,87.0,88.0,84.0,72.0,60.0,48.0,41.0,26.0,29.0,28.0,36.0,42.0,43.0,40.0,40.0,41.0,40.0,35.0,30.0,34.0,34.0,37.0,32.0,39.0,47.0,53.0,47.0,38.0,29.0,27.0,26.0,39.0,37.0,39.0,32.0,45.0,54.0,58.0,50.0,42.0,35.0,33.0,33.0,28.0,31.0,36.0,43.0,40.0,39.0,43.0,42.0,40.0,32.0,34.0,28.0,30.0,33.0,40.0,49.0,51.0,54.0,56.0,59.0,58.0,49.0,42.0,33.0,30.0
394728,323,"Jonesboro, AR",msa,AR,65.0,67.0,67.0,64.0,62.0,63.0,74.0,75.0,84.0,89.0,89.0,87.0,80.0,83.0,84.0,78.0,70.0,71.0,70.0,78.0,79.0,92.0,94.0,91.0,83.0,77.0,71.0,64.0,62.0,58.0,62.0,61.0,64.0,63.0,59.0,58.0,57.0,57.0,50.0,39.0,29.0,22.0,25.0,30.0,34.0,35.0,44.0,56.0,56.0,47.0,31.0,27.0,26.0,30.0,34.0,35.0,40.0,45.0,62.0,68.0,64.0,58.0,56.0,64.0,61.0,57.0,50.0,46.0,46.0,58.0,64.0,72.0,72.0,70.0,65.0,58.0,63.0,59.0,59.0,54.0,58.0,61.0,69.0,79.0,76.0,73.0,67.0,70.0,70.0,73.0,67.0,67.0,69.0,79.0,86.0,93.0,100.0,93.0,83.0,74.0,75.0,74.0
394390,324,"Bismarck, ND",msa,ND,,,,,,,,,,,,,,,,,,,,,,,,,,,,,,,,,,,,,37.0,54.0,43.0,41.0,30.0,31.0,35.0,36.0,41.0,44.0,49.0,44.0,41.0,39.0,34.0,27.0,23.0,26.0,32.0,36.0,42.0,48.0,57.0,57.0,53.0,44.0,43.0,37.0,35.0,32.0,36.0,38.0,40.0,45.0,54.0,62.0,59.0,50.0,35.0,31.0,30.0,32.0,34.0,37.0,43.0,50.0,57.0,58.0,53.0,44.0,36.0,34.0,38.0,39.0,40.0,38.0,45.0,58.0,65.0,63.0,53.0,44.0,38.0,34.0,35.0,34.0
394661,325,"Hammond, LA",msa,LA,67.0,68.0,67.0,64.0,66.0,65.0,64.0,60.0,69.0,87.0,103.0,104.0,99.0,90.0,96.0,88.0,93.0,83.0,89.0,86.0,93.0,97.0,96.0,97.0,98.0,105.0,101.0,92.0,74.0,58.0,52.0,50.0,51.0,53.0,55.0,50.0,40.0,29.0,35.0,35.0,31.0,21.0,22.0,28.0,34.0,33.0,28.0,28.0,22.0,20.0,18.0,21.0,26.0,27.0,32.0,39.0,47.0,48.0,56.0,56.0,64.0,58.0,57.0,58.0,53.0,51.0,47.0,50.0,57.0,65.0,82.0,76.0,79.0,71.0,65.0,62.0,55.0,65.0,62.0,65.0,64.0,62.0,69.0,80.0,87.0,90.0,83.0,76.0,73.0,76.0,80.0,75.0,75.0,81.0,85.0,100.0,102.0,97.0,79.0,68.0,73.0,74.0
394983,326,"Pittsfield, MA",msa,MA,83.0,85.0,79.0,75.0,67.0,66.0,70.0,81.0,97.0,105.0,113.0,116.0,117.0,114.0,100.0,88.0,85.0,91.0,99.0,100.0,115.0,125.0,144.0,144.0,138.0,128.0,108.0,107.0,96.0,101.0,97.0,89.0,82.0,81.0,93.0,101.0,93.0,74.0,50.0,39.0,34.0,35.0,37.0,40.0,44.0,53.0,59.0,65.0,60.0,56.0,48.0,43.0,35.0,34.0,39.0,44.0,48.0,49.0,58.0,58.0,69.0,61.0,56.0,40.0,35.0,35.0,39.0,43.0,50.0,60.0,67.0,67.0,71.0,63.0,59.0,43.0,44.0,43.0,44.0,48.0,55.0,64.0,66.0,74.0,77.0,80.0,62.0,52.0,44.0,51.0,55.0,61.0,72.0,85.0,89.0,82.0,75.0,73.0,67.0,58.0,53.0,57.0
394890,327,"Mount Vernon, WA",msa,WA,42.0,35.0,34.0,30.0,32.0,32.0,40.0,46.0,52.0,58.0,63.0,67.0,60.0,51.0,41.0,36.0,33.0,33.0,36.0,41.0,48.0,49.0,52.0,54.0,45.0,35.0,24.0,28.0,28.0,29.0,27.0,27.0,26.0,23.0,24.0,19.0,17.0,13.0,14.0,13.0,14.0,15.0,15.0,17.0,18.0,22.0,21.0,18.0,14.0,11.0,12.0,13.0,17.0,21.0,28.0,32.0,39.0,44.0,49.0,48.0,46.0,37.0,32.0,30.0,32.0,30.0,30.0,33.0,40.0,43.0,48.0,48.0,44.0,35.0,27.0,27.0,28.0,34.0,36.0,43.0,46.0,59.0,61.0,60.0,44.0,34.0,29.0,27.0,32.0,38.0,44.0,44.0,48.0,57.0,63.0,65.0,57.0,50.0,40.0,34.0,34.0,39.0
394719,328,"Jamestown, NY",msa,NY,86.0,89.0,90.0,86.0,83.0,78.0,81.0,84.0,92.0,99.0,114.0,121.0,125.0,110.0,101.0,94.0,94.0,94.0,97.0,101.0,104.0,105.0,111.0,105.0,103.0,104.0,111.0,110.0,107.0,98.0,98.0,83.0,80.0,79.0,86.0,97.0,88.0,71.0,50.0,33.0,29.0,26.0,34.0,41.0,41.0,44.0,46.0,50.0,46.0,41.0,32.0,26.0,23.0,24.0,29.0,34.0,43.0,44.0,50.0,46.0,47.0,42.0,38.0,36.0,30.0,31.0,30.0,32.0,34.0,39.0,46.0,54.0,49.0,46.0,43.0,40.0,36.0,35.0,35.0,44.0,45.0,57.0,62.0,69.0,69.0,67.0,56.0,45.0,38.0,37.0,42.0,41.0,50.0,53.0,71.0,77.0,77.0,68.0,56.0,51.0,45.0,47.0
395153,329,"The Villages, FL",msa,FL,58.0,56.0,53.0,48.0,51.0,55.0,60.0,59.0,56.0,58.0,70.0,78.0,78.0,69.0,64.0,65.0,66.0,63.0,59.0,55.0,58.0,57.0,54.0,52.0,53.0,56.0,59.0,55.0,56.0,55.0,55.0,52.0,53.0,53.0,56.0,58.0,53.0,46.0,32.0,26.0,23.0,21.0,21.0,19.0,22.0,24.0,26.0,27.0,26.0,23.0,23.0,23.0,28.0,32.0,36.0,37.0,44.0,54.0,62.0,63.0,60.0,58.0,60.0,55.0,52.0,48.0,51.0,52.0,50.0,52.0,56.0,57.0,58.0,54.0,54.0,58.0,60.0,64.0,65.0,70.0,78.0,81.0,82.0,79.0,71.0,71.0,68.0,72.0,75.0,80.0,83.0,80.0,75.0,72.0,75.0,83.0,84.0,80.0,69.0,72.0,69.0,69.0
394307,330,"Albany, OR",msa,OR,45.0,40.0,32.0,33.0,34.0,38.0,43.0,42.0,48.0,48.0,54.0,49.0,45.0,43.0,38.0,38.0,32.0,37.0,45.0,48.0,66.0,67.0,74.0,62.0,64.0,59.0,58.0,55.0,56.0,48.0,41.0,34.0,42.0,39.0,46.0,35.0,28.0,15.0,12.0,13.0,16.0,20.0,21.0,21.0,19.0,21.0,22.0,22.0,19.0,15.0,14.0,15.0,18.0,21.0,25.0,33.0,38.0,47.0,49.0,54.0,49.0,40.0,32.0,30.0,33.0,34.0,35.0,35.0,39.0,45.0,53.0,59.0,52.0,45.0,38.0,39.0,37.0,35.0,38.0,44.0,53.0,62.0,60.0,62.0,54.0,55.0,46.0,44.0,41.0,45.0,51.0,56.0,58.0,56.0,65.0,69.0,71.0,60.0,51.0,44.0,45.0,50.0
394633,331,"Glens Falls, NY",msa,NY,88.0,88.0,90.0,87.0,93.0,92.0,92.0,99.0,113.0,122.0,126.0,118.0,124.0,126.0,131.0,119.0,100.0,92.0,97.0,108.0,113.0,115.0,123.0,133.0,132.0,125.0,128.0,124.0,116.0,102.0,91.0,92.0,79.0,83.0,84.0,101.0,101.0,83.0,61.0,40.0,31.0,27.0,32.0,37.0,46.0,51.0,59.0,57.0,54.0,41.0,30.0,23.0,25.0,29.0,38.0,42.0,42.0,43.0,55.0,61.0,62.0,62.0,57.0,49.0,35.0,33.0,34.0,36.0,36.0,43.0,48.0,52.0,46.0,41.0,38.0,39.0,36.0,41.0,39.0,43.0,41.0,48.0,57.0,65.0,65.0,57.0,43.0,34.0,32.0,37.0,41.0,42.0,42.0,59.0,70.0,80.0,65.0,56.0,47.0,39.0,38.0,38.0
394780,332,"Lawton, OK",msa,OK,,,,,,,,,,,,,,,,,,,,,,,,,,,,,,,,,,,,,,,,,,,,,,,,,,,35.0,33.0,27.0,23.0,27.0,33.0,37.0,43.0,43.0,46.0,43.0,39.0,33.0,32.0,34.0,37.0,33.0,30.0,30.0,38.0,46.0,53.0,49.0,43.0,38.0,39.0,42.0,39.0,36.0,39.0,46.0,54.0,60.0,65.0,61.0,57.0,45.0,46.0,44.0,48.0,46.0,44.0,43.0,49.0,56.0,64.0,63.0,56.0,49.0,45.0,45.0,48.0
394474,334,"Cleveland, TN",msa,TN,,,,,,,,,,,,,,,,,,,,,,,,,77.0,64.0,64.0,74.0,74.0,68.0,69.0,58.0,53.0,55.0,59.0,55.0,45.0,32.0,28.0,18.0,18.0,15.0,18.0,19.0,24.0,25.0,30.0,29.0,24.0,17.0,14.0,15.0,18.0,21.0,28.0,33.0,44.0,46.0,55.0,52.0,53.0,47.0,43.0,44.0,44.0,43.0,41.0,38.0,41.0,45.0,57.0,64.0,57.0,44.0,35.0,38.0,44.0,47.0,46.0,47.0,52.0,60.0,70.0,73.0,71.0,58.0,51.0,48.0,52.0,54.0,53.0,56.0,61.0,64.0,74.0,86.0,89.0,77.0,64.0,62.0,65.0,72.0
395098,335,"Sierra Vista, AZ",msa,AZ,92.0,97.0,93.0,92.0,99.0,110.0,109.0,103.0,99.0,113.0,125.0,136.0,125.0,111.0,93.0,85.0,91.0,87.0,91.0,86.0,92.0,90.0,87.0,87.0,87.0,91.0,85.0,84.0,80.0,76.0,67.0,58.0,59.0,61.0,71.0,66.0,64.0,53.0,50.0,47.0,46.0,52.0,52.0,46.0,43.0,43.0,47.0,47.0,43.0,40.0,35.0,36.0,41.0,44.0,52.0,50.0,53.0,50.0,63.0,71.0,73.0,70.0,68.0,71.0,63.0,61.0,53.0,57.0,56.0,65.0,66.0,72.0,67.0,70.0,66.0,69.0,67.0,71.0,74.0,73.0,64.0,59.0,63.0,70.0,69.0,68.0,68.0,66.0,63.0,61.0,62.0,63.0,63.0,77.0,91.0,99.0,93.0,81.0,72.0,67.0,65.0,70.0
394325,336,"Ames, IA",msa,IA,56.0,57.0,57.0,53.0,44.0,48.0,50.0,52.0,49.0,57.0,70.0,80.0,83.0,76.0,60.0,52.0,48.0,55.0,66.0,77.0,83.0,86.0,91.0,101.0,103.0,96.0,82.0,67.0,63.0,63.0,64.0,62.0,62.0,66.0,60.0,59.0,54.0,46.0,30.0,24.0,25.0,25.0,24.0,26.0,35.0,42.0,52.0,51.0,43.0,33.0,25.0,22.0,20.0,26.0,30.0,31.0,33.0,34.0,40.0,36.0,32.0,27.0,26.0,29.0,32.0,38.0,38.0,36.0,39.0,42.0,50.0,51.0,52.0,46.0,38.0,30.0,26.0,28.0,36.0,41.0,49.0,57.0,65.0,64.0,53.0,48.0,41.0,41.0,39.0,46.0,53.0,60.0,58.0,61.0,68.0,75.0,70.0,57.0,48.0,41.0,43.0,44.0
394824,337,"Mansfield, OH",msa,OH,,,,,,,,,,,,,,,,,,,,,,,,,,,,,,,,,,,,,,,,,,,,,,,,,,,,,,,,,,28.0,35.0,39.0,35.0,26.0,20.0,15.0,13.0,17.0,19.0,22.0,27.0,32.0,37.0,37.0,32.0,26.0,19.0,19.0,22.0,26.0,26.0,25.0,29.0,37.0,40.0,43.0,36.0,38.0,30.0,29.0,26.0,28.0,30.0,27.0,31.0,34.0,46.0,48.0,45.0,36.0,29.0,25.0,24.0,27.0
395128,338,"Staunton, VA",msa,VA,62.0,60.0,52.0,41.0,41.0,46.0,57.0,65.0,72.0,66.0,68.0,70.0,69.0,54.0,47.0,43.0,44.0,47.0,55.0,55.0,55.0,62.0,67.0,74.0,66.0,64.0,57.0,54.0,49.0,40.0,29.0,27.0,32.0,33.0,36.0,31.0,31.0,24.0,17.0,14.0,16.0,18.0,23.0,22.0,31.0,30.0,32.0,25.0,26.0,21.0,20.0,18.0,20.0,20.0,21.0,24.0,26.0,28.0,33.0,35.0,33.0,28.0,22.0,20.0,21.0,25.0,27.0,25.0,25.0,32.0,42.0,44.0,40.0,29.0,26.0,22.0,23.0,24.0,25.0,28.0,27.0,28.0,34.0,39.0,38.0,32.0,27.0,26.0,27.0,33.0,37.0,41.0,39.0,41.0,43.0,47.0,45.0,40.0,32.0,30.0,28.0,30.0
394353,339,"Augusta, ME",msa,ME,,,,,,,,,,,,,,,,,,,,,,,,,,,,,,65.0,61.0,61.0,46.0,46.0,53.0,54.0,48.0,32.0,31.0,27.0,27.0,21.0,20.0,23.0,27.0,32.0,35.0,41.0,34.0,26.0,14.0,12.0,15.0,18.0,23.0,28.0,29.0,36.0,40.0,46.0,46.0,37.0,28.0,18.0,20.0,21.0,25.0,28.0,31.0,36.0,44.0,52.0,47.0,41.0,28.0,23.0,22.0,28.0,35.0,35.0,35.0,35.0,45.0,51.0,56.0,47.0,40.0,33.0,30.0,30.0,30.0,38.0,44.0,56.0,62.0,62.0,62.0,53.0,53.0,37.0,33.0,34.0
394321,340,"Altoona, PA",msa,PA,,,,,,,,,,,,,,,,,,,,,,,,,,,,,,,,,,,,,,,,,,,,,,,,,,,,,,,,,,,,,,,,,,,,,,,,,,,,,,,,,,,,,,,,,,48.0,47.0,53.0,51.0,48.0,54.0,57.0,63.0,56.0,50.0,44.0,45.0,44.0
394905,341,"New Bern, NC",msa,NC,66.0,64.0,65.0,61.0,66.0,70.0,80.0,82.0,84.0,80.0,75.0,73.0,65.0,56.0,45.0,40.0,43.0,51.0,59.0,60.0,65.0,70.0,78.0,75.0,75.0,70.0,74.0,75.0,84.0,78.0,75.0,62.0,56.0,58.0,61.0,55.0,46.0,34.0,30.0,23.0,23.0,24.0,23.0,24.0,23.0,25.0,25.0,24.0,23.0,20.0,18.0,15.0,17.0,19.0,25.0,24.0,27.0,26.0,30.0,35.0,38.0,34.0,27.0,22.0,26.0,28.0,31.0,25.0,26.0,30.0,38.0,46.0,44.0,41.0,37.0,39.0,37.0,34.0,34.0,36.0,42.0,46.0,55.0,52.0,52.0,42.0,43.0,42.0,46.0,46.0,55.0,55.0,57.0,60.0,69.0,75.0,69.0,61.0,55.0,53.0,58.0,58.0
394588,342,"Farmington, NM",msa,NM,,,,,,,,,,,,,,,,,,,,,,,,,,,,,,,,,,,,,,,,,,,,,,,,,,,,,,20.0,32.0,38.0,34.0,36.0,41.0,44.0,34.0,25.0,32.0,31.0,29.0,23.0,28.0,39.0,37.0,49.0,56.0,67.0,68.0,57.0,42.0,35.0,37.0,38.0,37.0,37.0,49.0,62.0,70.0,62.0,60.0,50.0,49.0,39.0,55.0,63.0,59.0,49.0,48.0,62.0,57.0,59.0,57.0,58.0,47.0,35.0,29.0,32.0
395120,343,"St. Joseph, MO",msa,MO,68.0,71.0,65.0,63.0,51.0,57.0,56.0,61.0,69.0,68.0,81.0,81.0,88.0,86.0,76.0,62.0,47.0,49.0,63.0,65.0,69.0,74.0,83.0,79.0,74.0,67.0,66.0,54.0,52.0,49.0,46.0,39.0,40.0,40.0,47.0,51.0,53.0,44.0,35.0,25.0,23.0,23.0,27.0,31.0,31.0,31.0,36.0,39.0,39.0,30.0,23.0,19.0,19.0,23.0,28.0,26.0,26.0,27.0,33.0,39.0,38.0,37.0,31.0,26.0,23.0,23.0,25.0,26.0,26.0,27.0,34.0,40.0,44.0,37.0,32.0,26.0,25.0,26.0,28.0,31.0,38.0,45.0,50.0,49.0,48.0,41.0,33.0,25.0,26.0,29.0,30.0,31.0,37.0,45.0,49.0,56.0,54.0,49.0,38.0,35.0,34.0,38.0
395054,344,"San Angelo, TX",msa,TX,,,,,,,,,,,,,,,,,,,,,,,,,,,,,,,,,,,,,,,,,,,,,,,,,,,,,,,,,,,,,,,,,,,,,,,,,,,,,,,,,,,82.0,89.0,96.0,98.0,96.0,88.0,88.0,98.0,101.0,108.0,99.0,104.0,127.0,130.0,125.0,94.0,83.0,72.0,70.0,74.0
395218,345,"Wenatchee, WA",msa,WA,53.0,44.0,40.0,37.0,38.0,39.0,43.0,50.0,59.0,60.0,60.0,59.0,59.0,57.0,52.0,44.0,39.0,41.0,47.0,51.0,61.0,72.0,83.0,80.0,69.0,58.0,49.0,46.0,44.0,42.0,38.0,31.0,32.0,36.0,41.0,39.0,30.0,22.0,18.0,16.0,19.0,20.0,23.0,23.0,27.0,35.0,46.0,50.0,44.0,30.0,22.0,20.0,26.0,30.0,36.0,43.0,48.0,58.0,67.0,75.0,72.0,61.0,52.0,47.0,47.0,50.0,52.0,54.0,56.0,65.0,71.0,78.0,71.0,58.0,41.0,35.0,39.0,43.0,45.0,51.0,58.0,73.0,86.0,87.0,72.0,55.0,42.0,42.0,41.0,50.0,51.0,59.0,76.0,92.0,84.0,69.0,53.0,50.0,48.0,44.0,52.0,58.0
394949,346,"Owensboro, KY",msa,KY,,,,,,,,,,,,,,,,,,,,,,,,,,,,,,,,,,,,,32.0,26.0,26.0,24.0,21.0,18.0,18.0,26.0,27.0,28.0,26.0,25.0,22.0,18.0,18.0,18.0,20.0,25.0,28.0,33.0,33.0,44.0,48.0,54.0,50.0,48.0,42.0,32.0,30.0,32.0,39.0,40.0,42.0,44.0,49.0,50.0,48.0,42.0,36.0,33.0,33.0,34.0,36.0,37.0,44.0,50.0,58.0,58.0,61.0,54.0,51.0,46.0,46.0,40.0,36.0,30.0,35.0,34.0,46.0,57.0,63.0,56.0,43.0,40.0,38.0,41.0
753890,347,"Holland, MI",msa,MI,65.0,58.0,49.0,50.0,48.0,50.0,47.0,58.0,64.0,75.0,85.0,88.0,85.0,70.0,54.0,45.0,51.0,55.0,56.0,51.0,60.0,67.0,88.0,97.0,93.0,97.0,93.0,95.0,72.0,58.0,57.0,54.0,56.0,48.0,52.0,49.0,46.0,35.0,26.0,20.0,17.0,21.0,25.0,25.0,27.0,27.0,33.0,32.0,27.0,19.0,13.0,14.0,14.0,17.0,23.0,29.0,31.0,32.0,33.0,36.0,32.0,25.0,20.0,25.0,29.0,31.0,28.0,27.0,28.0,34.0,43.0,48.0,43.0,35.0,29.0,29.0,32.0,29.0,31.0,30.0,36.0,43.0,52.0,54.0,45.0,33.0,23.0,24.0,26.0,33.0,35.0,39.0,40.0,45.0,50.0,52.0,51.0,41.0,33.0,26.0,28.0,29.0
394810,348,"Lumberton, NC",msa,NC,,,,,,,,,,,,,,,,,,,,,,,,,,,,,,,,,,,,,,,,,,,,,,,,,,,,,,,,,,,,,,,,,,,,,,45.0,51.0,51.0,50.0,50.0,62.0,58.0,51.0,40.0,42.0,47.0,50.0,61.0,66.0,69.0,63.0,57.0,50.0,57.0,61.0,65.0,55.0,46.0,56.0,73.0,82.0,88.0,104.0,104.0,92.0,78.0,83.0,89.0
394778,349,"Lawrence, KS",msa,KS,40.0,31.0,26.0,27.0,29.0,36.0,45.0,52.0,56.0,55.0,60.0,62.0,57.0,50.0,38.0,36.0,37.0,45.0,47.0,50.0,55.0,58.0,58.0,55.0,50.0,43.0,37.0,39.0,38.0,35.0,33.0,31.0,33.0,35.0,37.0,41.0,32.0,23.0,14.0,11.0,12.0,13.0,16.0,18.0,23.0,24.0,26.0,23.0,17.0,12.0,9.0,12.0,14.0,18.0,19.0,22.0,26.0,34.0,36.0,35.0,25.0,19.0,15.0,15.0,18.0,20.0,24.0,32.0,34.0,40.0,43.0,50.0,41.0,31.0,20.0,20.0,24.0,32.0,40.0,38.0,42.0,47.0,56.0,57.0,49.0,37.0,24.0,21.0,23.0,27.0,30.0,39.0,45.0,51.0,56.0,53.0,44.0,28.0,21.0,21.0,24.0,32.0
394635,350,"Goldsboro, NC",msa,NC,72.0,71.0,70.0,64.0,55.0,46.0,51.0,63.0,74.0,86.0,93.0,92.0,82.0,71.0,70.0,63.0,62.0,56.0,60.0,60.0,73.0,70.0,70.0,63.0,59.0,53.0,42.0,40.0,37.0,31.0,27.0,20.0,20.0,26.0,30.0,29.0,21.0,18.0,19.0,18.0,14.0,14.0,15.0,20.0,19.0,19.0,19.0,18.0,18.0,14.0,17.0,15.0,16.0,15.0,17.0,18.0,20.0,26.0,28.0,32.0,32.0,29.0,23.0,18.0,18.0,17.0,17.0,20.0,23.0,27.0,38.0,46.0,43.0,34.0,31.0,34.0,36.0,34.0,36.0,41.0,47.0,55.0,56.0,60.0,60.0,54.0,46.0,39.0,42.0,42.0,44.0,42.0,45.0,56.0,66.0,74.0,72.0,63.0,59.0,50.0,49.0,50.0
395213,351,"Watertown, NY",msa,NY,103.0,112.0,113.0,102.0,93.0,95.0,107.0,126.0,132.0,134.0,140.0,159.0,185.0,179.0,157.0,124.0,114.0,108.0,127.0,138.0,146.0,143.0,137.0,129.0,120.0,129.0,133.0,124.0,106.0,106.0,103.0,99.0,93.0,87.0,95.0,93.0,90.0,70.0,51.0,39.0,34.0,37.0,44.0,48.0,50.0,54.0,63.0,68.0,67.0,52.0,37.0,24.0,22.0,25.0,32.0,41.0,47.0,58.0,68.0,69.0,63.0,52.0,46.0,42.0,43.0,41.0,41.0,39.0,51.0,59.0,61.0,56.0,49.0,46.0,46.0,47.0,46.0,46.0,48.0,60.0,66.0,72.0,72.0,80.0,81.0,80.0,66.0,53.0,45.0,47.0,52.0,55.0,57.0,66.0,77.0,81.0,77.0,61.0,48.0,38.0,38.0,45.0
395089,352,"Sheboygan, WI",msa,WI,,,,,,,,,,,,,,,,,,,,,,,,,,,,,,,,,,,,,,,,,,,,,,,,,,,,,,,,,,,,,,,,,,,,,,,,,,,,,,,,,,,,,,,,,,,,,,,,,,,43.0,44.0,34.0,36.0
395217,353,"Weirton, WV",msa,OH,84.0,89.0,79.0,77.0,77.0,89.0,87.0,94.0,100.0,112.0,110.0,106.0,100.0,101.0,93.0,89.0,86.0,84.0,84.0,85.0,96.0,97.0,97.0,100.0,111.0,107.0,108.0,101.0,102.0,83.0,68.0,56.0,56.0,64.0,83.0,82.0,76.0,58.0,43.0,32.0,26.0,30.0,33.0,31.0,32.0,37.0,45.0,45.0,44.0,37.0,36.0,29.0,31.0,27.0,32.0,35.0,41.0,51.0,56.0,69.0,62.0,52.0,37.0,34.0,36.0,38.0,37.0,35.0,33.0,38.0,49.0,51.0,55.0,54.0,53.0,48.0,43.0,46.0,44.0,45.0,43.0,55.0,59.0,63.0,61.0,54.0,50.0,38.0,37.0,39.0,46.0,48.0,56.0,57.0,73.0,78.0,82.0,70.0,52.0,41.0,36.0,41.0
395237,355,"Wooster, OH",msa,OH,64.0,59.0,57.0,53.0,45.0,44.0,50.0,61.0,65.0,76.0,79.0,84.0,78.0,78.0,72.0,58.0,56.0,52.0,60.0,53.0,54.0,59.0,66.0,71.0,65.0,55.0,42.0,40.0,41.0,40.0,35.0,33.0,38.0,43.0,43.0,40.0,34.0,27.0,20.0,13.0,12.0,14.0,16.0,18.0,23.0,25.0,28.0,27.0,26.0,19.0,14.0,13.0,14.0,18.0,20.0,20.0,23.0,29.0,38.0,38.0,40.0,35.0,29.0,22.0,21.0,24.0,27.0,27.0,26.0,28.0,31.0,40.0,36.0,29.0,18.0,17.0,20.0,24.0,24.0,23.0,26.0,31.0,39.0,40.0,42.0,35.0,30.0,24.0,29.0,31.0,34.0,33.0,36.0,41.0,48.0,50.0,49.0,41.0,31.0,27.0,23.0,30.0
394407,356,"Bozeman, MT",msa,MT,51.0,46.0,38.0,30.0,33.0,37.0,42.0,45.0,51.0,65.0,77.0,79.0,72.0,65.0,55.0,48.0,39.0,44.0,49.0,54.0,63.0,75.0,91.0,90.0,83.0,65.0,54.0,44.0,48.0,53.0,59.0,53.0,52.0,46.0,49.0,40.0,34.0,23.0,19.0,14.0,15.0,17.0,20.0,24.0,33.0,36.0,36.0,30.0,26.0,20.0,15.0,13.0,17.0,26.0,39.0,45.0,52.0,63.0,71.0,71.0,58.0,47.0,35.0,31.0,36.0,45.0,55.0,61.0,65.0,72.0,74.0,74.0,63.0,54.0,51.0,47.0,50.0,52.0,56.0,64.0,75.0,89.0,95.0,99.0,88.0,75.0,60.0,57.0,58.0,61.0,67.0,71.0,78.0,91.0,105.0,107.0,94.0,78.0,70.0,59.0,56.0,56.0
394333,357,"Anniston, AL",msa,AL,72.0,74.0,78.0,71.0,65.0,66.0,68.0,76.0,92.0,106.0,113.0,106.0,96.0,90.0,83.0,75.0,58.0,57.0,56.0,65.0,63.0,68.0,67.0,73.0,79.0,76.0,70.0,62.0,62.0,61.0,61.0,61.0,58.0,54.0,55.0,52.0,46.0,38.0,31.0,28.0,27.0,25.0,23.0,23.0,31.0,36.0,41.0,38.0,35.0,33.0,29.0,28.0,26.0,30.0,33.0,39.0,42.0,46.0,50.0,55.0,58.0,52.0,45.0,43.0,43.0,43.0,41.0,42.0,39.0,42.0,46.0,55.0,54.0,46.0,39.0,36.0,34.0,36.0,38.0,45.0,49.0,52.0,56.0,69.0,73.0,66.0,47.0,44.0,46.0,51.0,58.0,60.0,60.0,52.0,65.0,76.0,79.0,74.0,68.0,59.0,48.0,39.0
394374,358,"Beckley, WV",msa,WV,,,,,,,,,,,,,,,,,,,,,,,,,,,,,,,,,,,,,83.0,77.0,84.0,72.0,54.0,39.0,35.0,38.0,44.0,44.0,51.0,49.0,46.0,36.0,26.0,23.0,26.0,32.0,36.0,36.0,35.0,41.0,46.0,52.0,55.0,50.0,51.0,41.0,38.0,35.0,41.0,50.0,50.0,52.0,55.0,60.0,55.0,46.0,35.0,37.0,34.0,41.0,40.0,50.0,50.0,60.0,61.0,68.0,65.0,57.0,48.0,38.0,37.0,36.0,44.0,48.0,50.0,49.0,55.0,65.0,67.0,63.0,51.0,46.0,53.0,58.0
395225,359,"Williamsport, PA",msa,PA,,,,,,,,,,,,,,,,,,,,,,,,,,,,,,,,,,,,,,,,,,,,,,,,,,,,,,,,,,,,,,,,,,,,,,,,,,,60.0,70.0,68.0,65.0,54.0,50.0,55.0,53.0,60.0,58.0,59.0,47.0,41.0,34.0,35.0,33.0,38.0,39.0,44.0,41.0,43.0,49.0,59.0,49.0,38.0,29.0,30.0,36.0
394423,360,"Brunswick, GA",msa,GA,64.0,66.0,73.0,81.0,86.0,98.0,104.0,104.0,93.0,100.0,112.0,131.0,126.0,119.0,106.0,107.0,110.0,125.0,132.0,134.0,122.0,118.0,120.0,130.0,130.0,128.0,120.0,139.0,142.0,149.0,128.0,114.0,105.0,93.0,81.0,67.0,68.0,71.0,65.0,48.0,31.0,23.0,25.0,27.0,31.0,38.0,45.0,44.0,36.0,30.0,24.0,21.0,21.0,25.0,29.0,32.0,44.0,47.0,55.0,55.0,58.0,50.0,45.0,41.0,44.0,40.0,38.0,48.0,54.0,61.0,62.0,63.0,64.0,55.0,55.0,53.0,55.0,60.0,68.0,80.0,80.0,78.0,77.0,73.0,74.0,71.0,77.0,75.0,79.0,86.0,85.0,81.0,77.0,89.0,98.0,107.0,99.0,91.0,81.0,88.0,94.0,94.0
395173,361,"Twin Falls, ID",msa,ID,,,,,,,,,,,,,,,,,,,,,,,,,,,,,,,,,,,,,43.0,29.0,23.0,14.0,14.0,16.0,18.0,22.0,24.0,24.0,22.0,21.0,20.0,20.0,19.0,20.0,21.0,27.0,33.0,40.0,43.0,51.0,60.0,67.0,67.0,58.0,49.0,45.0,48.0,51.0,49.0,52.0,49.0,53.0,59.0,69.0,68.0,63.0,49.0,48.0,46.0,54.0,55.0,52.0,53.0,57.0,68.0,78.0,74.0,71.0,60.0,60.0,57.0,56.0,62.0,61.0,66.0,67.0,75.0,79.0,79.0,66.0,51.0,44.0,52.0,62.0
753872,361,"California, MD",msa,MD,80.0,76.0,71.0,60.0,62.0,61.0,61.0,61.0,64.0,75.0,79.0,77.0,65.0,57.0,55.0,52.0,51.0,50.0,62.0,67.0,68.0,59.0,62.0,60.0,53.0,38.0,38.0,42.0,40.0,34.0,27.0,27.0,27.0,27.0,26.0,22.0,18.0,15.0,12.0,13.0,14.0,18.0,20.0,23.0,23.0,23.0,22.0,20.0,17.0,13.0,12.0,13.0,15.0,20.0,25.0,30.0,32.0,42.0,44.0,44.0,32.0,26.0,22.0,22.0,24.0,23.0,26.0,26.0,28.0,26.0,26.0,26.0,26.0,22.0,21.0,21.0,23.0,23.0,22.0,28.0,34.0,36.0,37.0,35.0,32.0,24.0,19.0,21.0,23.0,29.0,35.0,38.0,39.0,40.0,41.0,42.0,38.0,32.0,25.0,29.0,30.0,34.0
394495,363,"Cookeville, TN",msa,TN,,,,,,,,,,,,,,,,,,,,,,,,83.0,87.0,69.0,59.0,56.0,60.0,51.0,46.0,32.0,31.0,33.0,40.0,39.0,33.0,30.0,28.0,25.0,23.0,24.0,30.0,32.0,37.0,41.0,43.0,49.0,45.0,43.0,35.0,33.0,35.0,38.0,44.0,44.0,44.0,52.0,65.0,74.0,71.0,62.0,56.0,58.0,61.0,61.0,63.0,56.0,61.0,59.0,76.0,79.0,76.0,70.0,72.0,73.0,67.0,59.0,63.0,61.0,64.0,60.0,68.0,69.0,73.0,68.0,66.0,65.0,70.0,70.0,78.0,76.0,86.0,93.0,101.0,95.0,84.0,78.0,72.0,73.0,71.0,70.0
394893,364,"Muncie, IN",msa,IN,,,,,,,,,,66.0,86.0,87.0,92.0,68.0,62.0,53.0,60.0,61.0,62.0,67.0,76.0,91.0,98.0,96.0,71.0,73.0,64.0,67.0,48.0,36.0,33.0,27.0,30.0,40.0,43.0,48.0,37.0,33.0,32.0,27.0,24.0,18.0,20.0,24.0,27.0,31.0,33.0,36.0,31.0,24.0,16.0,15.0,15.0,18.0,20.0,22.0,25.0,29.0,37.0,39.0,38.0,29.0,22.0,18.0,17.0,17.0,19.0,25.0,32.0,37.0,42.0,42.0,42.0,36.0,32.0,26.0,25.0,28.0,30.0,31.0,30.0,33.0,36.0,39.0,38.0,38.0,32.0,31.0,29.0,33.0,32.0,34.0,38.0,44.0,49.0,56.0,57.0,53.0,41.0,36.0,35.0,37.0
394857,365,"Michigan City, IN",msa,IN,59.0,54.0,43.0,39.0,39.0,45.0,43.0,43.0,45.0,49.0,55.0,59.0,67.0,65.0,59.0,49.0,49.0,49.0,47.0,41.0,53.0,55.0,63.0,60.0,60.0,57.0,51.0,62.0,62.0,59.0,42.0,37.0,34.0,36.0,40.0,40.0,34.0,28.0,21.0,19.0,18.0,19.0,21.0,22.0,26.0,30.0,36.0,37.0,35.0,30.0,27.0,21.0,20.0,20.0,25.0,31.0,35.0,40.0,43.0,47.0,51.0,50.0,43.0,34.0,33.0,34.0,36.0,35.0,37.0,40.0,42.0,38.0,38.0,35.0,30.0,28.0,30.0,37.0,36.0,48.0,50.0,52.0,43.0,49.0,51.0,51.0,45.0,37.0,33.0,29.0,33.0,36.0,41.0,50.0,64.0,62.0,56.0,42.0,40.0,38.0,38.0,42.0
395039,366,"Roseburg, OR",msa,OR,56.0,52.0,56.0,55.0,53.0,50.0,52.0,61.0,70.0,75.0,80.0,75.0,80.0,72.0,64.0,53.0,56.0,62.0,62.0,62.0,64.0,77.0,85.0,84.0,71.0,65.0,58.0,54.0,52.0,54.0,54.0,45.0,45.0,44.0,48.0,52.0,50.0,46.0,32.0,26.0,21.0,21.0,22.0,27.0,35.0,40.0,43.0,40.0,45.0,39.0,36.0,30.0,36.0,41.0,44.0,43.0,50.0,53.0,59.0,60.0,66.0,70.0,64.0,54.0,53.0,53.0,62.0,59.0,71.0,70.0,73.0,67.0,62.0,59.0,54.0,52.0,47.0,47.0,46.0,60.0,65.0,76.0,81.0,85.0,78.0,62.0,59.0,58.0,62.0,70.0,74.0,75.0,74.0,82.0,93.0,88.0,82.0,72.0,76.0,70.0,74.0,77.0
394788,367,"Lewiston, ME",msa,ME,,,,,,,,,,,,,,,,,,,,,,,69.0,73.0,62.0,56.0,39.0,36.0,27.0,24.0,26.0,31.0,38.0,32.0,34.0,31.0,33.0,26.0,23.0,21.0,24.0,21.0,18.0,17.0,18.0,21.0,29.0,30.0,27.0,15.0,12.0,10.0,11.0,13.0,16.0,21.0,22.0,28.0,29.0,30.0,28.0,23.0,21.0,13.0,13.0,12.0,14.0,15.0,18.0,24.0,28.0,30.0,30.0,27.0,22.0,16.0,14.0,19.0,21.0,24.0,22.0,32.0,36.0,33.0,28.0,26.0,27.0,21.0,17.0,18.0,23.0,26.0,30.0,37.0,43.0,48.0,48.0,40.0,28.0,17.0,18.0,25.0
394804,368,"Longview, WA",msa,WA,39.0,32.0,24.0,23.0,23.0,27.0,30.0,37.0,43.0,51.0,55.0,58.0,53.0,41.0,32.0,28.0,28.0,30.0,31.0,35.0,38.0,41.0,40.0,37.0,32.0,32.0,29.0,32.0,27.0,33.0,28.0,31.0,28.0,29.0,30.0,25.0,21.0,12.0,13.0,13.0,14.0,16.0,18.0,20.0,19.0,21.0,21.0,20.0,16.0,15.0,15.0,17.0,21.0,25.0,29.0,35.0,37.0,44.0,50.0,64.0,58.0,51.0,31.0,34.0,31.0,39.0,37.0,42.0,44.0,49.0,48.0,48.0,49.0,48.0,42.0,37.0,33.0,36.0,39.0,46.0,46.0,51.0,58.0,63.0,57.0,46.0,42.0,42.0,43.0,48.0,49.0,57.0,54.0,72.0,72.0,80.0,65.0,59.0,45.0,41.0,45.0,51.0
394932,369,"Ogdensburg, NY",msa,NY,,,,,,,,,,,157.0,166.0,167.0,164.0,161.0,154.0,140.0,141.0,141.0,150.0,148.0,168.0,187.0,200.0,202.0,177.0,161.0,133.0,125.0,121.0,127.0,130.0,139.0,140.0,144.0,160.0,153.0,150.0,101.0,78.0,58.0,59.0,70.0,66.0,68.0,63.0,71.0,75.0,80.0,68.0,57.0,45.0,41.0,40.0,40.0,42.0,52.0,72.0,90.0,105.0,109.0,94.0,80.0,54.0,55.0,55.0,58.0,54.0,54.0,60.0,78.0,85.0,96.0,89.0,78.0,64.0,58.0,49.0,52.0,60.0,77.0,107.0,111.0,108.0,87.0,87.0,76.0,59.0,46.0,58.0,64.0,65.0,72.0,87.0,109.0,129.0,151.0,141.0,107.0,70.0,61.0,68.0
394734,370,"Kankakee, IL",msa,IL,64.0,63.0,58.0,55.0,53.0,52.0,55.0,52.0,61.0,67.0,87.0,93.0,92.0,77.0,66.0,55.0,53.0,51.0,62.0,60.0,72.0,70.0,77.0,75.0,72.0,63.0,59.0,59.0,57.0,48.0,37.0,40.0,39.0,44.0,38.0,43.0,44.0,42.0,31.0,24.0,21.0,22.0,21.0,26.0,29.0,35.0,38.0,35.0,33.0,28.0,27.0,24.0,24.0,28.0,33.0,38.0,39.0,42.0,48.0,51.0,51.0,44.0,41.0,36.0,37.0,40.0,35.0,30.0,29.0,36.0,40.0,41.0,41.0,41.0,36.0,32.0,24.0,23.0,24.0,27.0,30.0,35.0,42.0,44.0,40.0,35.0,36.0,37.0,34.0,31.0,33.0,39.0,38.0,38.0,42.0,51.0,50.0,43.0,39.0,40.0,37.0,32.0
394396,371,"Bluefield, WV",msa,VA,,,,,,,,,,,,,,,,,,,,,,,,,,,,,,,,,,,,,,,,,,,,,,,,,,,,,,,,,,,,,,,,,,,,,,,,,,,,,,,,,,,,,,,,,,,,,,,62.0,72.0,78.0,68.0,60.0,54.0,53.0,55.0
395095,372,"Show Low, AZ",msa,AZ,68.0,68.0,78.0,76.0,85.0,83.0,86.0,82.0,85.0,88.0,105.0,118.0,119.0,94.0,71.0,69.0,72.0,74.0,73.0,73.0,80.0,98.0,106.0,103.0,95.0,92.0,94.0,85.0,89.0,78.0,69.0,46.0,42.0,38.0,41.0,43.0,37.0,34.0,28.0,27.0,25.0,25.0,27.0,36.0,38.0,41.0,41.0,39.0,37.0,28.0,25.0,24.0,28.0,37.0,47.0,54.0,57.0,60.0,62.0,73.0,68.0,68.0,54.0,52.0,50.0,53.0,62.0,71.0,75.0,81.0,77.0,78.0,68.0,64.0,54.0,59.0,67.0,77.0,77.0,80.0,85.0,97.0,99.0,96.0,81.0,75.0,66.0,68.0,65.0,66.0,73.0,81.0,85.0,96.0,109.0,126.0,108.0,83.0,67.0,75.0,90.0,94.0
395023,373,"Richmond, KY",msa,KY,58.0,55.0,50.0,41.0,37.0,38.0,41.0,45.0,50.0,60.0,70.0,75.0,72.0,64.0,55.0,48.0,49.0,50.0,57.0,54.0,65.0,68.0,75.0,71.0,63.0,57.0,58.0,54.0,53.0,40.0,35.0,36.0,36.0,38.0,36.0,37.0,35.0,26.0,21.0,17.0,16.0,17.0,21.0,23.0,25.0,40.0,45.0,47.0,31.0,23.0,19.0,17.0,20.0,22.0,23.0,26.0,31.0,37.0,41.0,44.0,43.0,37.0,36.0,34.0,36.0,33.0,29.0,32.0,30.0,38.0,38.0,45.0,44.0,37.0,28.0,27.0,25.0,27.0,29.0,38.0,43.0,45.0,51.0,57.0,59.0,49.0,44.0,38.0,39.0,40.0,40.0,42.0,44.0,47.0,62.0,72.0,77.0,69.0,54.0,55.0,51.0,52.0
395168,374,"Tullahoma, TN",msa,TN,,,,,,,,,,,,,,,,,,,,,,,,,,,,,,,,,,,53.0,48.0,35.0,21.0,17.0,17.0,17.0,17.0,18.0,20.0,24.0,28.0,33.0,29.0,25.0,17.0,18.0,18.0,19.0,21.0,26.0,29.0,35.0,44.0,53.0,60.0,60.0,56.0,53.0,55.0,55.0,49.0,43.0,42.0,49.0,48.0,58.0,62.0,69.0,57.0,51.0,47.0,51.0,54.0,51.0,53.0,54.0,61.0,66.0,65.0,66.0,65.0,67.0,65.0,65.0,66.0,68.0,73.0,75.0,76.0,85.0,91.0,101.0,87.0,79.0,63.0,65.0,64.0
395222,375,"Whitewater, WI",msa,WI,,,,,,,,,,,,,,,,,,,,,,,,,,,,,,,,,,,,,,,,,,,,,,,,,,,,,,,,,,,,,,,,,,,,,,,,,,,,,,,,,,,,,,,,,,,,,,,,82.0,72.0,53.0,49.0,52.0,59.0,55.0
394709,376,"Ithaca, NY",msa,NY,53.0,50.0,40.0,39.0,41.0,49.0,61.0,65.0,76.0,74.0,83.0,72.0,67.0,49.0,43.0,47.0,52.0,62.0,59.0,68.0,73.0,74.0,79.0,71.0,64.0,58.0,64.0,63.0,57.0,53.0,61.0,63.0,53.0,45.0,45.0,50.0,46.0,35.0,27.0,24.0,19.0,23.0,25.0,29.0,26.0,24.0,26.0,28.0,23.0,18.0,14.0,15.0,17.0,20.0,21.0,27.0,32.0,43.0,46.0,44.0,32.0,22.0,17.0,18.0,22.0,23.0,27.0,31.0,32.0,36.0,36.0,36.0,27.0,19.0,17.0,18.0,21.0,25.0,29.0,30.0,32.0,30.0,43.0,47.0,46.0,36.0,28.0,27.0,23.0,27.0,36.0,43.0,47.0,49.0,52.0,55.0,51.0,43.0,30.0,26.0,28.0,39.0
394637,377,"Grand Forks, ND",msa,MN,80.0,74.0,65.0,57.0,61.0,68.0,78.0,84.0,94.0,106.0,117.0,124.0,114.0,106.0,103.0,99.0,97.0,92.0,104.0,106.0,109.0,108.0,128.0,143.0,143.0,123.0,98.0,93.0,86.0,84.0,76.0,74.0,74.0,79.0,74.0,86.0,77.0,76.0,56.0,48.0,39.0,39.0,38.0,43.0,46.0,53.0,54.0,53.0,46.0,40.0,33.0,28.0,26.0,28.0,36.0,40.0,42.0,48.0,65.0,82.0,84.0,70.0,56.0,55.0,58.0,58.0,57.0,71.0,76.0,71.0,69.0,64.0,68.0,54.0,45.0,36.0,32.0,37.0,44.0,52.0,52.0,57.0,64.0,79.0,81.0,70.0,57.0,44.0,43.0,44.0,44.0,47.0,52.0,59.0,63.0,64.0,65.0,56.0,46.0,44.0,38.0,39.0
394524,378,"Decatur, IL",msa,IL,83.0,83.0,86.0,80.0,73.0,75.0,82.0,90.0,100.0,104.0,117.0,121.0,135.0,128.0,110.0,87.0,72.0,72.0,80.0,85.0,89.0,98.0,120.0,123.0,115.0,104.0,99.0,90.0,77.0,73.0,71.0,67.0,61.0,66.0,71.0,71.0,61.0,49.0,40.0,35.0,30.0,26.0,26.0,28.0,32.0,35.0,36.0,36.0,32.0,29.0,27.0,25.0,23.0,23.0,24.0,27.0,32.0,39.0,45.0,46.0,40.0,32.0,26.0,22.0,20.0,18.0,19.0,22.0,22.0,26.0,32.0,42.0,42.0,35.0,26.0,21.0,22.0,21.0,25.0,27.0,35.0,41.0,44.0,44.0,37.0,29.0,21.0,21.0,23.0,24.0,28.0,30.0,36.0,38.0,48.0,49.0,48.0,38.0,30.0,25.0,24.0,24.0
394762,379,"LaGrange, GA",msa,GA,60.0,61.0,58.0,52.0,53.0,61.0,64.0,69.0,73.0,77.0,85.0,83.0,95.0,89.0,88.0,82.0,72.0,72.0,69.0,71.0,66.0,75.0,89.0,91.0,81.0,65.0,64.0,63.0,72.0,67.0,57.0,41.0,38.0,42.0,46.0,44.0,39.0,35.0,31.0,34.0,29.0,27.0,28.0,32.0,37.0,33.0,32.0,33.0,32.0,30.0,31.0,31.0,33.0,29.0,32.0,31.0,32.0,30.0,43.0,43.0,47.0,35.0,37.0,38.0,41.0,41.0,42.0,40.0,42.0,45.0,50.0,50.0,47.0,56.0,56.0,54.0,46.0,43.0,47.0,51.0,60.0,74.0,76.0,74.0,64.0,53.0,50.0,41.0,54.0,58.0,65.0,57.0,53.0,61.0,70.0,87.0,85.0,82.0,66.0,55.0,51.0,51.0
394369,380,"Bay City, MI",msa,MI,70.0,71.0,65.0,54.0,48.0,45.0,49.0,50.0,54.0,59.0,65.0,82.0,86.0,79.0,61.0,51.0,46.0,48.0,47.0,50.0,47.0,57.0,67.0,76.0,69.0,72.0,62.0,61.0,47.0,47.0,41.0,41.0,36.0,32.0,27.0,28.0,28.0,25.0,19.0,17.0,18.0,22.0,30.0,35.0,36.0,37.0,46.0,47.0,48.0,38.0,32.0,25.0,24.0,28.0,30.0,31.0,30.0,38.0,42.0,48.0,44.0,39.0,31.0,27.0,29.0,27.0,29.0,23.0,32.0,36.0,46.0,45.0,45.0,37.0,33.0,29.0,29.0,25.0,23.0,25.0,28.0,33.0,42.0,50.0,49.0,44.0,37.0,33.0,31.0,32.0,32.0,31.0,31.0,37.0,41.0,48.0,45.0,40.0,33.0,35.0,36.0,38.0
394599,381,"Fond du Lac, WI",msa,WI,,,,,,,,,,,,,,,,,,,,,,,,,,,,,,,,,,,,,,,,,,,,,,,,,,,,,,,,,,,,,,,,,,,,,,,,,,,,,,,,,,,,,,,,,,,,,,,,,,,77.0,76.0,64.0,47.0
394630,382,"Gettysburg, PA",msa,PA,67.0,70.0,66.0,57.0,52.0,51.0,60.0,63.0,66.0,69.0,74.0,82.0,80.0,75.0,64.0,56.0,56.0,61.0,62.0,63.0,66.0,80.0,88.0,93.0,84.0,78.0,71.0,60.0,48.0,44.0,47.0,45.0,33.0,29.0,34.0,39.0,38.0,31.0,27.0,20.0,22.0,20.0,25.0,21.0,22.0,24.0,25.0,25.0,19.0,16.0,17.0,17.0,20.0,19.0,23.0,22.0,27.0,27.0,35.0,33.0,31.0,24.0,23.0,24.0,22.0,20.0,20.0,22.0,22.0,27.0,39.0,48.0,46.0,37.0,28.0,23.0,19.0,23.0,26.0,27.0,26.0,30.0,39.0,38.0,32.0,25.0,25.0,26.0,27.0,29.0,33.0,34.0,39.0,37.0,47.0,50.0,46.0,38.0,31.0,30.0,28.0,34.0
394620,383,"Gadsden, AL",msa,AL,,,,,,,,,,,,,,,,,,,,,,,,,,,,,,,,,,59.0,55.0,66.0,69.0,62.0,55.0,45.0,33.0,28.0,29.0,36.0,40.0,41.0,40.0,35.0,36.0,28.0,29.0,25.0,26.0,28.0,30.0,37.0,37.0,52.0,53.0,64.0,55.0,53.0,42.0,36.0,37.0,41.0,44.0,43.0,49.0,48.0,55.0,49.0,54.0,51.0,48.0,50.0,53.0,55.0,55.0,52.0,60.0,57.0,65.0,64.0,68.0,65.0,61.0,61.0,64.0,64.0,70.0,67.0,78.0,78.0,79.0,79.0,84.0,83.0,73.0,67.0,70.0,76.0
394518,385,"Danville, VA",msa,VA,,,,,,,,,,,169.0,178.0,157.0,159.0,129.0,114.0,103.0,118.0,111.0,113.0,94.0,112.0,114.0,119.0,108.0,111.0,97.0,106.0,111.0,116.0,108.0,98.0,102.0,113.0,102.0,104.0,79.0,77.0,59.0,52.0,39.0,34.0,28.0,29.0,31.0,35.0,40.0,41.0,39.0,33.0,28.0,25.0,29.0,29.0,30.0,28.0,36.0,34.0,33.0,29.0,31.0,36.0,35.0,33.0,28.0,28.0,31.0,34.0,37.0,38.0,44.0,50.0,53.0,46.0,44.0,42.0,49.0,49.0,53.0,52.0,52.0,58.0,69.0,74.0,67.0,61.0,57.0,64.0,57.0,54.0,48.0,52.0,52.0,60.0,68.0,78.0,79.0,72.0,66.0,61.0,63.0,62.0
394823,386,"Mankato, MN",msa,MN,,,,,,,,,,,,,,,,,,,,,,,,,,,,,,,,,,,,,,,,,,,,,,,,,,,,,,,,,,,,,,,,,,,,,,,,,,,,,,,,,,,,55.0,59.0,52.0,41.0,36.0,36.0,41.0,37.0,49.0,57.0,70.0,74.0,72.0,67.0,53.0,47.0,43.0,45.0,50.0
394794,387,"Lima, OH",msa,OH,,,,,,,,,,,,,,,,,,,,,,,,,89.0,88.0,71.0,56.0,51.0,42.0,40.0,37.0,45.0,43.0,47.0,42.0,37.0,29.0,25.0,22.0,20.0,20.0,24.0,28.0,32.0,34.0,62.0,57.0,54.0,29.0,27.0,22.0,16.0,18.0,22.0,24.0,28.0,31.0,39.0,45.0,42.0,37.0,32.0,32.0,31.0,30.0,30.0,27.0,28.0,30.0,37.0,43.0,43.0,37.0,27.0,21.0,22.0,24.0,27.0,28.0,30.0,32.0,35.0,38.0,42.0,42.0,37.0,30.0,28.0,32.0,33.0,35.0,34.0,42.0,45.0,47.0,42.0,36.0,32.0,26.0,30.0,26.0
753915,388,"Salem, OH",msa,OH,87.0,93.0,93.0,92.0,91.0,92.0,97.0,99.0,105.0,98.0,103.0,104.0,126.0,116.0,115.0,91.0,92.0,86.0,98.0,96.0,102.0,93.0,99.0,100.0,109.0,99.0,82.0,79.0,82.0,81.0,69.0,74.0,78.0,87.0,80.0,73.0,56.0,43.0,33.0,27.0,25.0,27.0,30.0,32.0,36.0,36.0,47.0,43.0,40.0,29.0,25.0,24.0,23.0,28.0,34.0,35.0,35.0,40.0,48.0,64.0,60.0,61.0,43.0,37.0,24.0,26.0,28.0,32.0,31.0,35.0,43.0,48.0,54.0,50.0,50.0,42.0,40.0,35.0,47.0,44.0,47.0,49.0,70.0,73.0,70.0,53.0,49.0,41.0,40.0,35.0,37.0,40.0,46.0,48.0,50.0,66.0,70.0,67.0,45.0,40.0,36.0,47.0
395166,389,"Truckee, CA",msa,CA,53.0,50.0,47.0,43.0,40.0,43.0,50.0,62.0,70.0,71.0,75.0,75.0,78.0,71.0,68.0,59.0,54.0,55.0,59.0,66.0,68.0,73.0,77.0,79.0,75.0,70.0,61.0,60.0,52.0,50.0,38.0,34.0,32.0,38.0,43.0,45.0,39.0,31.0,23.0,21.0,20.0,21.0,24.0,25.0,28.0,33.0,43.0,41.0,32.0,21.0,20.0,24.0,29.0,37.0,43.0,50.0,52.0,60.0,72.0,74.0,66.0,52.0,43.0,36.0,33.0,37.0,42.0,45.0,52.0,64.0,72.0,76.0,63.0,55.0,43.0,41.0,41.0,44.0,50.0,52.0,59.0,74.0,87.0,86.0,75.0,55.0,45.0,36.0,47.0,55.0,63.0,64.0,66.0,75.0,87.0,92.0,78.0,56.0,41.0,42.0,44.0,47.0
395080,390,"Sebring, FL",msa,FL,59.0,55.0,59.0,60.0,65.0,70.0,68.0,64.0,57.0,69.0,78.0,81.0,75.0,77.0,80.0,81.0,83.0,84.0,78.0,73.0,76.0,88.0,85.0,79.0,76.0,79.0,77.0,77.0,75.0,73.0,65.0,58.0,49.0,45.0,42.0,44.0,43.0,40.0,32.0,28.0,24.0,25.0,24.0,27.0,29.0,31.0,33.0,34.0,33.0,29.0,26.0,25.0,27.0,31.0,35.0,38.0,40.0,41.0,47.0,47.0,50.0,46.0,52.0,54.0,59.0,58.0,54.0,54.0,58.0,64.0,63.0,64.0,65.0,63.0,64.0,64.0,73.0,77.0,77.0,79.0,75.0,83.0,78.0,83.0,77.0,81.0,81.0,87.0,86.0,90.0,94.0,95.0,96.0,95.0,102.0,101.0,102.0,101.0,106.0,109.0,106.0,104.0
394462,391,"Cheyenne, WY",msa,WY,46.0,42.0,40.0,39.0,42.0,46.0,47.0,52.0,55.0,59.0,64.0,60.0,53.0,43.0,38.0,35.0,30.0,29.0,29.0,32.0,39.0,43.0,48.0,48.0,42.0,33.0,30.0,30.0,32.0,32.0,34.0,36.0,34.0,31.0,30.0,27.0,25.0,22.0,18.0,14.0,13.0,13.0,16.0,17.0,20.0,21.0,23.0,25.0,21.0,17.0,11.0,12.0,15.0,21.0,26.0,30.0,35.0,43.0,51.0,54.0,53.0,45.0,40.0,33.0,33.0,35.0,40.0,46.0,48.0,54.0,58.0,61.0,56.0,52.0,46.0,43.0,37.0,37.0,37.0,42.0,48.0,56.0,63.0,62.0,55.0,49.0,41.0,41.0,37.0,38.0,41.0,45.0,50.0,58.0,57.0,60.0,51.0,45.0,34.0,29.0,28.0,31.0
394689,392,"Hot Springs, AR",msa,AR,,,,,,,,,,,,,,,,,,,,,,,,,,,,,,,,,,,,,,,,18.0,26.0,31.0,27.0,30.0,36.0,40.0,41.0,37.0,38.0,37.0,33.0,30.0,28.0,36.0,34.0,38.0,37.0,39.0,42.0,44.0,47.0,45.0,44.0,40.0,43.0,45.0,47.0,52.0,51.0,58.0,61.0,64.0,63.0,66.0,75.0,74.0,70.0,65.0,71.0,66.0,72.0,77.0,89.0,91.0,92.0,88.0,92.0,95.0,91.0,90.0,89.0,104.0,106.0,108.0,97.0,101.0,100.0,98.0,87.0,92.0,100.0,110.0
394302,393,"Adrian, MI",msa,MI,60.0,56.0,46.0,43.0,42.0,40.0,43.0,53.0,57.0,63.0,71.0,93.0,97.0,93.0,75.0,67.0,61.0,53.0,53.0,52.0,55.0,69.0,74.0,80.0,67.0,64.0,58.0,56.0,53.0,53.0,44.0,39.0,34.0,35.0,38.0,40.0,38.0,31.0,25.0,22.0,19.0,24.0,28.0,37.0,40.0,48.0,51.0,49.0,40.0,32.0,30.0,28.0,29.0,32.0,36.0,40.0,40.0,49.0,58.0,65.0,60.0,52.0,43.0,46.0,43.0,45.0,37.0,38.0,40.0,44.0,52.0,59.0,61.0,55.0,47.0,44.0,43.0,43.0,45.0,48.0,61.0,71.0,89.0,88.0,79.0,62.0,52.0,47.0,44.0,40.0,43.0,48.0,52.0,56.0,58.0,62.0,58.0,51.0,41.0,37.0,37.0,39.0
394542,396,"Dubuque, IA",msa,IA,,,,,,,,,,,,,,87.0,72.0,60.0,55.0,56.0,60.0,57.0,57.0,60.0,63.0,72.0,61.0,58.0,58.0,73.0,68.0,54.0,40.0,38.0,35.0,36.0,32.0,35.0,30.0,29.0,22.0,21.0,20.0,23.0,28.0,28.0,29.0,30.0,36.0,34.0,28.0,22.0,21.0,19.0,20.0,21.0,24.0,23.0,27.0,33.0,42.0,46.0,42.0,35.0,29.0,29.0,29.0,29.0,23.0,21.0,26.0,40.0,44.0,44.0,32.0,31.0,25.0,25.0,22.0,26.0,28.0,35.0,35.0,39.0,39.0,47.0,43.0,37.0,30.0,24.0,29.0,30.0,35.0,27.0,26.0,33.0,44.0,49.0,41.0,35.0,29.0,28.0,28.0,28.0
394852,397,"Meridian, MS",msa,MS,,,,,,,,,,,,,,,,,,,,,,,,,,,,,,,,,,,,,,,,,,,,,,,,,,,,,,,,,,,,,,,,,,,,,,57.0,62.0,66.0,63.0,56.0,51.0,54.0,60.0,66.0,63.0,61.0,72.0,70.0,74.0,68.0,73.0,72.0,57.0,51.0,43.0,43.0,39.0,41.0,68.0,73.0,79.0,69.0,77.0,76.0,71.0,74.0,79.0,79.0
753912,398,"Pinehurst, NC",msa,NC,66.0,61.0,56.0,58.0,62.0,70.0,73.0,83.0,85.0,92.0,98.0,96.0,84.0,68.0,68.0,65.0,72.0,77.0,82.0,78.0,77.0,86.0,97.0,97.0,86.0,71.0,68.0,68.0,65.0,53.0,46.0,43.0,49.0,50.0,51.0,43.0,39.0,27.0,23.0,17.0,22.0,23.0,24.0,22.0,23.0,24.0,28.0,28.0,26.0,20.0,18.0,19.0,21.0,22.0,24.0,24.0,28.0,30.0,38.0,38.0,35.0,27.0,24.0,24.0,30.0,34.0,38.0,40.0,43.0,42.0,43.0,42.0,42.0,35.0,34.0,31.0,37.0,37.0,44.0,47.0,56.0,68.0,73.0,73.0,59.0,48.0,39.0,40.0,46.0,52.0,55.0,71.0,73.0,82.0,78.0,79.0,72.0,60.0,55.0,54.0,59.0,65.0
394953,399,"Paducah, KY",msa,KY,,,,,,,,,,,,,,,,,,,,,,,,,,,,,,,,,,,,,,,,,,,,,,,,,,,,,,,,,,,,,83.0,69.0,52.0,44.0,46.0,47.0,52.0,63.0,66.0,67.0,59.0,71.0,67.0,67.0,51.0,47.0,47.0,53.0,64.0,67.0,88.0,90.0,104.0,92.0,90.0,73.0,62.0,57.0,61.0,68.0,67.0,64.0,59.0,67.0,74.0,80.0,81.0,74.0,68.0,57.0,56.0,54.0
395190,400,"Victoria, TX",msa,TX,66.0,61.0,55.0,53.0,54.0,62.0,69.0,77.0,82.0,78.0,77.0,76.0,75.0,67.0,66.0,65.0,66.0,63.0,68.0,77.0,84.0,98.0,100.0,93.0,74.0,72.0,77.0,80.0,69.0,61.0,56.0,56.0,54.0,53.0,59.0,75.0,81.0,79.0,59.0,46.0,39.0,39.0,39.0,37.0,39.0,45.0,51.0,50.0,49.0,46.0,44.0,38.0,35.0,34.0,35.0,39.0,42.0,48.0,65.0,71.0,79.0,75.0,74.0,68.0,73.0,74.0,76.0,63.0,68.0,78.0,86.0,94.0,89.0,83.0,74.0,77.0,84.0,87.0,80.0,78.0,74.0,81.0,88.0,95.0,103.0,116.0,112.0,98.0,69.0,70.0,74.0,87.0,85.0,90.0,93.0,100.0,99.0,91.0,79.0,76.0,74.0,92.0
395038,401,"Rome, GA",msa,GA,61.0,54.0,53.0,50.0,52.0,55.0,61.0,63.0,68.0,72.0,68.0,60.0,62.0,60.0,57.0,49.0,58.0,66.0,71.0,71.0,67.0,65.0,63.0,67.0,73.0,72.0,71.0,71.0,71.0,68.0,62.0,59.0,55.0,57.0,55.0,55.0,43.0,37.0,33.0,27.0,32.0,28.0,32.0,26.0,30.0,34.0,37.0,33.0,28.0,22.0,26.0,26.0,30.0,33.0,34.0,36.0,35.0,41.0,46.0,50.0,46.0,44.0,41.0,40.0,38.0,34.0,34.0,33.0,38.0,44.0,52.0,56.0,54.0,47.0,46.0,44.0,45.0,47.0,50.0,57.0,53.0,60.0,69.0,75.0,79.0,69.0,66.0,58.0,65.0,68.0,71.0,68.0,71.0,75.0,86.0,83.0,86.0,80.0,83.0,81.0,81.0,85.0
395086,402,"Sevierville, TN",msa,TN,64.0,66.0,63.0,63.0,64.0,66.0,68.0,68.0,74.0,79.0,80.0,76.0,71.0,68.0,69.0,66.0,65.0,60.0,61.0,59.0,60.0,58.0,58.0,57.0,54.0,50.0,52.0,58.0,62.0,64.0,62.0,58.0,48.0,40.0,40.0,37.0,32.0,24.0,22.0,22.0,24.0,23.0,26.0,26.0,26.0,26.0,27.0,26.0,22.0,16.0,16.0,19.0,25.0,33.0,42.0,51.0,56.0,63.0,65.0,69.0,64.0,61.0,55.0,50.0,53.0,53.0,57.0,58.0,66.0,76.0,81.0,78.0,71.0,65.0,69.0,70.0,71.0,71.0,71.0,77.0,83.0,89.0,101.0,108.0,105.0,95.0,92.0,99.0,100.0,100.0,103.0,105.0,106.0,117.0,129.0,129.0,116.0,103.0,100.0,101.0,100.0,97.0
394882,403,"Moses Lake, WA",msa,WA,,,,,,,,,,,,,,,,,,,,,,,63.0,60.0,58.0,65.0,54.0,49.0,44.0,36.0,36.0,31.0,37.0,33.0,30.0,29.0,28.0,28.0,22.0,19.0,16.0,16.0,19.0,23.0,25.0,29.0,38.0,39.0,35.0,23.0,18.0,18.0,21.0,24.0,31.0,38.0,45.0,51.0,61.0,75.0,72.0,60.0,43.0,36.0,37.0,40.0,44.0,44.0,45.0,51.0,61.0,68.0,65.0,55.0,49.0,41.0,39.0,37.0,51.0,68.0,85.0,82.0,80.0,70.0,68.0,60.0,56.0,52.0,52.0,57.0,70.0,82.0,90.0,85.0,86.0,76.0,76.0,74.0,79.0,75.0,64.0,68.0
394340,404,"Ashtabula, OH",msa,OH,85.0,87.0,80.0,75.0,70.0,71.0,83.0,86.0,86.0,85.0,94.0,112.0,108.0,106.0,90.0,88.0,91.0,93.0,100.0,99.0,103.0,94.0,91.0,96.0,101.0,115.0,106.0,95.0,71.0,65.0,67.0,64.0,58.0,53.0,63.0,66.0,60.0,43.0,32.0,30.0,28.0,28.0,22.0,25.0,25.0,31.0,32.0,42.0,40.0,35.0,23.0,18.0,19.0,23.0,27.0,33.0,46.0,51.0,55.0,52.0,51.0,45.0,31.0,28.0,24.0,26.0,25.0,28.0,30.0,32.0,37.0,42.0,45.0,42.0,37.0,34.0,32.0,35.0,37.0,37.0,36.0,38.0,43.0,50.0,52.0,47.0,38.0,34.0,33.0,36.0,35.0,34.0,37.0,41.0,52.0,51.0,51.0,41.0,35.0,28.0,32.0,36.0
394441,405,"Cape Girardeau, MO",msa,MO,73.0,74.0,69.0,67.0,63.0,65.0,67.0,70.0,70.0,78.0,81.0,100.0,99.0,102.0,81.0,74.0,68.0,68.0,68.0,72.0,75.0,82.0,89.0,100.0,89.0,75.0,70.0,73.0,71.0,62.0,62.0,67.0,61.0,65.0,62.0,57.0,43.0,31.0,32.0,33.0,33.0,28.0,26.0,30.0,34.0,35.0,37.0,39.0,36.0,36.0,29.0,26.0,23.0,26.0,31.0,29.0,35.0,41.0,52.0,52.0,47.0,38.0,39.0,38.0,41.0,38.0,37.0,37.0,37.0,41.0,52.0,58.0,65.0,56.0,47.0,41.0,43.0,46.0,44.0,49.0,56.0,64.0,59.0,57.0,52.0,52.0,49.0,45.0,42.0,48.0,49.0,50.0,51.0,53.0,58.0,61.0,58.0,49.0,41.0,42.0,44.0,45.0
394311,406,"Albertville, AL",msa,AL,,,,,,,,,,,,,,,,,,,,,,104.0,113.0,113.0,109.0,110.0,94.0,90.0,87.0,76.0,60.0,64.0,52.0,51.0,45.0,53.0,59.0,48.0,34.0,29.0,25.0,29.0,30.0,34.0,37.0,36.0,42.0,35.0,34.0,27.0,26.0,24.0,24.0,29.0,31.0,33.0,35.0,43.0,48.0,49.0,46.0,45.0,48.0,46.0,44.0,38.0,41.0,41.0,44.0,46.0,57.0,62.0,68.0,67.0,59.0,53.0,51.0,55.0,61.0,65.0,75.0,77.0,78.0,90.0,101.0,104.0,86.0,72.0,73.0,69.0,80.0,80.0,90.0,93.0,92.0,88.0,84.0,80.0,79.0,72.0,77.0,85.0
394580,407,"Fairbanks, AK",msa,AK,,,,,,,,,,,,,,,,,,,,,,,,,,,,,,,,,,,,,,,,,,,,,,,,,,,,,,,,,,,,,,,,,,,,,,,,77.0,67.0,58.0,40.0,31.0,26.0,25.0,30.0,35.0,44.0,51.0,62.0,65.0,54.0,38.0,27.0,27.0,26.0,25.0,27.0,37.0,44.0,66.0,71.0,72.0,50.0,33.0,24.0,20.0,21.0,25.0
394410,408,"Brainerd, MN",msa,MN,83.0,80.0,72.0,66.0,56.0,66.0,81.0,89.0,91.0,93.0,97.0,100.0,99.0,95.0,84.0,72.0,73.0,73.0,77.0,87.0,95.0,106.0,111.0,116.0,115.0,98.0,85.0,74.0,76.0,74.0,64.0,60.0,55.0,63.0,70.0,69.0,62.0,45.0,36.0,26.0,21.0,22.0,25.0,32.0,41.0,49.0,50.0,47.0,44.0,34.0,27.0,21.0,23.0,28.0,35.0,40.0,42.0,49.0,53.0,58.0,55.0,51.0,42.0,34.0,34.0,36.0,39.0,44.0,52.0,56.0,66.0,66.0,62.0,48.0,40.0,38.0,37.0,41.0,46.0,51.0,56.0,66.0,81.0,86.0,82.0,63.0,51.0,43.0,47.0,51.0,57.0,62.0,67.0,80.0,101.0,107.0,102.0,76.0,65.0,50.0,52.0,55.0
394513,409,"Cumberland, MD",msa,MD,88.0,97.0,94.0,85.0,82.0,80.0,95.0,102.0,119.0,126.0,125.0,119.0,128.0,124.0,123.0,97.0,105.0,104.0,110.0,96.0,105.0,103.0,116.0,106.0,114.0,109.0,107.0,91.0,89.0,83.0,88.0,80.0,73.0,67.0,67.0,65.0,57.0,48.0,45.0,41.0,35.0,30.0,30.0,32.0,34.0,40.0,46.0,50.0,48.0,45.0,38.0,36.0,35.0,37.0,37.0,38.0,44.0,50.0,60.0,63.0,62.0,56.0,51.0,50.0,47.0,44.0,43.0,40.0,42.0,56.0,62.0,63.0,54.0,58.0,50.0,41.0,35.0,43.0,49.0,56.0,59.0,61.0,53.0,50.0,46.0,48.0,50.0,48.0,47.0,44.0,47.0,47.0,48.0,52.0,60.0,65.0,70.0,67.0,64.0,56.0,57.0,55.0
394928,410,"Ocean City, NJ",msa,NJ,83.0,86.0,96.0,96.0,94.0,92.0,91.0,92.0,95.0,114.0,124.0,119.0,101.0,102.0,100.0,105.0,103.0,115.0,123.0,119.0,119.0,109.0,109.0,104.0,108.0,112.0,115.0,118.0,112.0,101.0,79.0,65.0,73.0,76.0,77.0,68.0,68.0,60.0,47.0,37.0,40.0,38.0,37.0,38.0,40.0,47.0,52.0,57.0,55.0,47.0,37.0,33.0,34.0,39.0,43.0,48.0,52.0,59.0,68.0,74.0,72.0,61.0,59.0,54.0,54.0,47.0,44.0,45.0,48.0,53.0,59.0,63.0,64.0,65.0,60.0,60.0,59.0,62.0,60.0,60.0,62.0,68.0,78.0,83.0,80.0,68.0,60.0,59.0,64.0,65.0,65.0,62.0,64.0,71.0,82.0,81.0,76.0,69.0,66.0,69.0,63.0,69.0
394505,411,"Corvallis, OR",msa,OR,,,,,,,,,,,,,,,,,,,,,,,,,,,,,,,,,,,56.0,58.0,39.0,30.0,23.0,18.0,15.0,15.0,18.0,19.0,21.0,22.0,21.0,23.0,22.0,17.0,14.0,14.0,20.0,21.0,25.0,26.0,28.0,33.0,34.0,36.0,32.0,29.0,25.0,24.0,22.0,25.0,25.0,30.0,42.0,52.0,54.0,48.0,46.0,41.0,34.0,25.0,25.0,24.0,32.0,40.0,44.0,50.0,55.0,54.0,46.0,35.0,30.0,31.0,33.0,39.0,39.0,47.0,50.0,67.0,80.0,93.0,77.0,61.0,42.0,38.0,41.0,50.0
394988,412,"Pocatello, ID",msa,ID,,,,,,,,,,,,,,,,,,,,,,,,,,,,,,,,,,,22.0,27.0,26.0,24.0,19.0,18.0,16.0,17.0,18.0,24.0,28.0,30.0,31.0,28.0,22.0,13.0,13.0,16.0,21.0,29.0,33.0,42.0,47.0,60.0,63.0,69.0,61.0,61.0,49.0,46.0,42.0,40.0,38.0,36.0,47.0,57.0,68.0,68.0,55.0,51.0,43.0,45.0,43.0,51.0,61.0,63.0,69.0,69.0,83.0,83.0,85.0,70.0,58.0,51.0,49.0,53.0,57.0,62.0,71.0,82.0,91.0,90.0,90.0,82.0,75.0,63.0,59.0,59.0
394501,413,"Corning, NY",msa,NY,78.0,88.0,93.0,89.0,86.0,76.0,79.0,81.0,83.0,85.0,97.0,110.0,120.0,116.0,108.0,97.0,88.0,86.0,81.0,90.0,85.0,113.0,107.0,123.0,99.0,108.0,107.0,109.0,97.0,96.0,92.0,96.0,78.0,75.0,73.0,74.0,76.0,65.0,55.0,39.0,31.0,31.0,36.0,35.0,41.0,39.0,49.0,50.0,57.0,53.0,44.0,34.0,28.0,31.0,36.0,39.0,40.0,53.0,63.0,72.0,64.0,57.0,52.0,46.0,42.0,37.0,33.0,29.0,33.0,41.0,55.0,55.0,58.0,46.0,43.0,33.0,35.0,45.0,50.0,55.0,63.0,69.0,74.0,79.0,82.0,74.0,47.0,37.0,36.0,41.0,41.0,40.0,42.0,52.0,67.0,72.0,64.0,51.0,44.0,36.0,33.0,29.0
394911,414,"New Philadelphia, OH",msa,OH,71.0,72.0,66.0,71.0,68.0,73.0,64.0,61.0,64.0,69.0,79.0,74.0,74.0,62.0,67.0,64.0,67.0,59.0,61.0,63.0,66.0,73.0,77.0,86.0,86.0,85.0,73.0,66.0,56.0,56.0,51.0,48.0,46.0,48.0,58.0,52.0,40.0,27.0,20.0,18.0,15.0,18.0,21.0,24.0,27.0,26.0,31.0,29.0,27.0,21.0,19.0,19.0,17.0,18.0,21.0,25.0,28.0,34.0,40.0,37.0,32.0,25.0,25.0,31.0,29.0,26.0,25.0,30.0,38.0,41.0,47.0,42.0,35.0,26.0,24.0,21.0,25.0,25.0,25.0,30.0,30.0,33.0,30.0,32.0,31.0,27.0,28.0,28.0,28.0,27.0,26.0,27.0,25.0,27.0,30.0,35.0,39.0,35.0,30.0,24.0,29.0,34.0
395140,415,"Sunbury, PA",msa,PA,,,,,,,,,,,,,,,,,,,,,,,,,,,,,,,,,,,,,,,,51.0,48.0,45.0,49.0,40.0,35.0,37.0,47.0,56.0,47.0,41.0,24.0,23.0,21.0,27.0,32.0,34.0,35.0,40.0,48.0,60.0,56.0,50.0,38.0,35.0,31.0,28.0,30.0,36.0,38.0,35.0,33.0,44.0,49.0,44.0,37.0,36.0,42.0,41.0,42.0,42.0,44.0,48.0,56.0,61.0,55.0,41.0,30.0,26.0,32.0,35.0,37.0,33.0,39.0,60.0,77.0,79.0,61.0,41.0,39.0,44.0,53.0,48.0
395175,416,"Ukiah, CA",msa,CA,63.0,65.0,59.0,63.0,64.0,63.0,64.0,70.0,80.0,83.0,91.0,102.0,114.0,107.0,100.0,87.0,93.0,97.0,100.0,93.0,97.0,99.0,113.0,112.0,113.0,114.0,96.0,91.0,76.0,76.0,73.0,67.0,67.0,75.0,67.0,74.0,55.0,58.0,42.0,45.0,45.0,44.0,38.0,32.0,34.0,37.0,43.0,47.0,47.0,40.0,34.0,38.0,45.0,53.0,58.0,60.0,68.0,75.0,92.0,91.0,84.0,68.0,64.0,56.0,55.0,65.0,79.0,85.0,85.0,87.0,90.0,84.0,75.0,64.0,61.0,58.0,59.0,62.0,67.0,69.0,71.0,79.0,96.0,88.0,89.0,75.0,77.0,75.0,82.0,96.0,95.0,99.0,100.0,112.0,124.0,137.0,127.0,101.0,73.0,61.0,77.0,84.0
753887,417,"Hermiston, OR",msa,OR,59.0,56.0,54.0,63.0,56.0,59.0,58.0,67.0,75.0,71.0,71.0,71.0,68.0,60.0,51.0,53.0,53.0,61.0,61.0,69.0,70.0,71.0,81.0,77.0,73.0,54.0,52.0,56.0,63.0,55.0,55.0,58.0,61.0,55.0,47.0,41.0,31.0,26.0,27.0,30.0,29.0,30.0,36.0,39.0,38.0,43.0,43.0,48.0,40.0,37.0,35.0,34.0,36.0,38.0,41.0,47.0,51.0,50.0,57.0,61.0,75.0,74.0,66.0,65.0,57.0,56.0,50.0,57.0,73.0,73.0,93.0,98.0,109.0,94.0,77.0,61.0,51.0,54.0,65.0,70.0,64.0,68.0,71.0,82.0,83.0,73.0,65.0,60.0,64.0,58.0,57.0,61.0,77.0,79.0,99.0,92.0,91.0,77.0,74.0,71.0,68.0,73.0
394469,418,"Clarksburg, WV",msa,WV,,,,,,,,,,,,,,,,,,,,,,,,,,,,,,,,,,,,,,,,,,,,,,,,,,,,,,,,,,,59.0,56.0,64.0,56.0,53.0,47.0,50.0,44.0,40.0,34.0,38.0,53.0,54.0,59.0,50.0,49.0,50.0,43.0,41.0,36.0,39.0,40.0,45.0,46.0,56.0,60.0,56.0,47.0,40.0,38.0,34.0,30.0,33.0,38.0,46.0,64.0,70.0,77.0,66.0,60.0,47.0,36.0,32.0,32.0
394964,419,"Parkersburg, WV",msa,WV,77.0,83.0,79.0,84.0,78.0,89.0,94.0,106.0,105.0,103.0,109.0,112.0,114.0,104.0,97.0,92.0,85.0,81.0,81.0,91.0,97.0,98.0,101.0,101.0,99.0,97.0,92.0,101.0,94.0,91.0,85.0,80.0,83.0,72.0,73.0,66.0,64.0,49.0,40.0,32.0,30.0,33.0,33.0,39.0,41.0,44.0,44.0,41.0,36.0,32.0,27.0,24.0,22.0,23.0,26.0,32.0,41.0,45.0,48.0,45.0,48.0,44.0,41.0,32.0,31.0,29.0,30.0,29.0,35.0,43.0,54.0,54.0,57.0,56.0,60.0,50.0,44.0,35.0,35.0,35.0,43.0,52.0,70.0,66.0,58.0,43.0,37.0,32.0,30.0,31.0,35.0,32.0,39.0,47.0,57.0,63.0,69.0,64.0,49.0,40.0,47.0,55.0
394373,420,"Beaver Dam, WI",msa,WI,,,,,,,,,,,,,,,,,,,,,,,,,,,,,,,,,,,,,,,,,,,,,,,,,,,,,,,,,,,,,,,,,,,,,,,,,,,,,,,,,,,,,,,,,,,,,,,,,47.0,32.0,22.0,28.0,36.0,40.0
394980,421,"Pine Bluff, AR",msa,AR,,,,,,,,,,,,,,,,,,,,,,,,,,,,,,,,,,,,,,,,,,,,,,,,,,,,,,,,,,,,,,,,,,,,,,,,,,,,,,,,,,,,,,,,,,,,,,,,,,,,96.0,88.0,88.0
394641,422,"Grants Pass, OR",msa,OR,,,,,,,,,,,88.0,117.0,121.0,112.0,82.0,66.0,58.0,68.0,74.0,86.0,81.0,84.0,79.0,73.0,54.0,51.0,55.0,64.0,64.0,62.0,56.0,46.0,35.0,28.0,29.0,29.0,25.0,23.0,20.0,23.0,21.0,23.0,24.0,27.0,32.0,41.0,46.0,49.0,43.0,35.0,28.0,29.0,32.0,36.0,43.0,51.0,57.0,65.0,71.0,76.0,74.0,76.0,64.0,62.0,53.0,59.0,59.0,69.0,73.0,76.0,72.0,70.0,67.0,54.0,58.0,63.0,73.0,67.0,74.0,78.0,91.0,80.0,76.0,69.0,75.0,78.0,68.0,58.0,56.0,67.0,71.0,72.0,75.0,81.0,91.0,84.0,77.0,70.0,74.0,74.0,74.0,73.0
394511,424,"Cullman, AL",msa,AL,,,,,,,,,,,,,,,,,,,,,,120.0,111.0,116.0,100.0,111.0,102.0,103.0,89.0,85.0,94.0,92.0,133.0,124.0,124.0,73.0,63.0,51.0,43.0,42.0,38.0,44.0,40.0,40.0,38.0,45.0,49.0,49.0,43.0,39.0,40.0,39.0,43.0,43.0,50.0,53.0,54.0,67.0,75.0,84.0,75.0,64.0,59.0,51.0,52.0,49.0,49.0,52.0,60.0,70.0,83.0,81.0,76.0,61.0,56.0,55.0,54.0,60.0,58.0,63.0,61.0,71.0,78.0,86.0,76.0,69.0,61.0,63.0,67.0,70.0,71.0,71.0,80.0,83.0,92.0,96.0,100.0,89.0,84.0,85.0,94.0,95.0
394809,425,"Lufkin, TX",msa,TX,81.0,85.0,79.0,75.0,70.0,64.0,70.0,68.0,96.0,89.0,111.0,105.0,113.0,94.0,105.0,101.0,99.0,81.0,70.0,66.0,75.0,83.0,96.0,93.0,86.0,76.0,69.0,81.0,81.0,77.0,71.0,78.0,76.0,66.0,61.0,59.0,67.0,58.0,54.0,35.0,24.0,20.0,25.0,32.0,40.0,42.0,41.0,39.0,35.0,36.0,32.0,33.0,34.0,37.0,44.0,44.0,48.0,48.0,56.0,59.0,67.0,66.0,66.0,62.0,61.0,65.0,64.0,61.0,60.0,61.0,72.0,74.0,86.0,89.0,89.0,75.0,70.0,73.0,79.0,75.0,78.0,90.0,102.0,108.0,97.0,90.0,82.0,79.0,80.0,75.0,77.0,83.0,82.0,91.0,93.0,105.0,121.0,113.0,104.0,82.0,94.0,111.0
395248,426,"Zanesville, OH",msa,OH,71.0,72.0,63.0,68.0,58.0,61.0,59.0,72.0,80.0,90.0,90.0,89.0,94.0,97.0,92.0,80.0,71.0,73.0,75.0,75.0,88.0,90.0,95.0,88.0,75.0,74.0,66.0,73.0,66.0,66.0,52.0,49.0,45.0,54.0,56.0,53.0,51.0,38.0,30.0,16.0,15.0,15.0,21.0,23.0,25.0,27.0,29.0,29.0,26.0,25.0,25.0,22.0,20.0,20.0,24.0,29.0,31.0,33.0,35.0,37.0,37.0,35.0,31.0,31.0,26.0,28.0,24.0,28.0,32.0,37.0,40.0,42.0,42.0,42.0,35.0,30.0,29.0,29.0,33.0,31.0,36.0,39.0,44.0,47.0,54.0,54.0,48.0,36.0,34.0,37.0,42.0,39.0,41.0,44.0,51.0,63.0,62.0,57.0,53.0,55.0,60.0,52.0
394907,427,"New Castle, PA",msa,PA,85.0,89.0,98.0,97.0,92.0,90.0,86.0,94.0,102.0,107.0,116.0,121.0,128.0,124.0,109.0,106.0,111.0,116.0,106.0,90.0,82.0,96.0,104.0,125.0,107.0,125.0,117.0,122.0,90.0,76.0,70.0,90.0,91.0,91.0,75.0,83.0,89.0,76.0,51.0,29.0,24.0,25.0,27.0,30.0,34.0,37.0,48.0,50.0,45.0,30.0,26.0,21.0,25.0,25.0,28.0,28.0,40.0,54.0,62.0,61.0,56.0,53.0,47.0,37.0,31.0,32.0,35.0,40.0,42.0,45.0,53.0,55.0,52.0,45.0,42.0,39.0,33.0,27.0,29.0,34.0,37.0,44.0,47.0,55.0,53.0,53.0,42.0,39.0,37.0,40.0,45.0,46.0,72.0,77.0,93.0,83.0,79.0,68.0,57.0,54.0,52.0,46.0
394925,428,"Oak Harbor, WA",msa,WA,43.0,37.0,32.0,29.0,29.0,29.0,31.0,38.0,47.0,59.0,62.0,59.0,52.0,46.0,41.0,36.0,33.0,38.0,42.0,48.0,50.0,53.0,59.0,59.0,51.0,39.0,33.0,35.0,38.0,34.0,28.0,23.0,23.0,21.0,18.0,19.0,17.0,16.0,11.0,10.0,11.0,13.0,14.0,15.0,17.0,17.0,21.0,18.0,16.0,10.0,9.0,11.0,16.0,20.0,25.0,25.0,32.0,41.0,51.0,53.0,47.0,39.0,31.0,27.0,27.0,27.0,29.0,35.0,41.0,50.0,51.0,48.0,35.0,27.0,27.0,31.0,33.0,34.0,38.0,44.0,48.0,58.0,64.0,63.0,52.0,47.0,41.0,40.0,35.0,48.0,51.0,63.0,65.0,79.0,79.0,71.0,59.0,44.0,37.0,31.0,37.0,49.0
394942,429,"Orangeburg, SC",msa,SC,,,,,,,,,,,,,,,,,,,,,,,,,,,,,,,,,,,,,,,,,,,,,,,,,,,,,,,,,,,,,,,,,,,,,,,,,,,,,,,,,,,,,,,,,,,,,,,,,72.0,87.0,99.0,93.0,80.0,99.0
395212,430,"Watertown, WI",msa,WI,,,,,,,,,,,,,,,,,,,,,,,,,,,,,,,,,,,,,,,,,,,,,,,,,,,,,,,,,,,,,,,,,,,,,,,,,,,,,,,,,,,,,,,,,,,,,,,,,48.0,32.0,33.0,39.0,41.0,33.0
394847,431,"Meadville, PA",msa,PA,,,,,,,,,,,,,,,,,,,,,,,,,,,,,,,,,,,,,,,,,,,,,,,,,,,,,,,,,,,55.0,60.0,67.0,52.0,43.0,31.0,40.0,31.0,38.0,34.0,41.0,40.0,47.0,52.0,60.0,56.0,51.0,42.0,36.0,36.0,37.0,40.0,41.0,48.0,54.0,66.0,62.0,61.0,44.0,39.0,29.0,38.0,40.0,42.0,58.0,71.0,80.0,80.0,74.0,67.0,42.0,37.0,31.0,42.0
394568,432,"Elmira, NY",msa,NY,,,,,,,,,,,,,,,,,,,,,,,88.0,100.0,95.0,115.0,129.0,132.0,100.0,70.0,64.0,57.0,61.0,53.0,66.0,66.0,63.0,47.0,38.0,39.0,39.0,38.0,42.0,42.0,49.0,43.0,46.0,46.0,41.0,36.0,29.0,27.0,26.0,27.0,31.0,32.0,33.0,50.0,60.0,71.0,52.0,42.0,29.0,32.0,28.0,25.0,27.0,29.0,32.0,38.0,52.0,58.0,55.0,46.0,40.0,35.0,30.0,30.0,32.0,40.0,47.0,49.0,50.0,54.0,55.0,51.0,41.0,35.0,31.0,32.0,42.0,43.0,48.0,48.0,61.0,64.0,62.0,58.0,47.0,39.0,32.0,34.0
394776,434,"Laurel, MS",msa,MS,,,,,,,,,,,,,,,,,,,,,,,,,,,,,,,,,,,,,,,,,,,,,,,,,,,,,,,,,,,,,,,,,,,,,,,62.0,78.0,86.0,91.0,76.0,70.0,61.0,58.0,60.0,62.0,57.0,66.0,67.0,76.0,65.0,63.0,62.0,68.0,65.0,59.0,54.0,61.0,93.0,101.0,112.0,94.0,95.0,81.0,64.0,64.0,76.0,86.0
394704,436,"Indiana, PA",msa,PA,,,,,,,,,,,,,,,,,,,,,,,,,,,136.0,125.0,138.0,111.0,103.0,124.0,113.0,137.0,128.0,145.0,124.0,107.0,87.0,73.0,56.0,46.0,41.0,38.0,46.0,55.0,68.0,90.0,81.0,71.0,40.0,37.0,29.0,30.0,32.0,41.0,48.0,57.0,62.0,67.0,56.0,48.0,39.0,38.0,34.0,36.0,37.0,35.0,31.0,40.0,51.0,66.0,59.0,53.0,42.0,38.0,43.0,54.0,58.0,52.0,42.0,45.0,68.0,70.0,79.0,60.0,54.0,39.0,40.0,39.0,42.0,35.0,57.0,58.0,60.0,53.0,56.0,60.0,46.0,39.0,36.0,38.0
394859,437,"Midland, MI",msa,MI,62.0,56.0,50.0,47.0,45.0,42.0,40.0,46.0,53.0,63.0,74.0,80.0,80.0,66.0,53.0,40.0,35.0,38.0,39.0,47.0,53.0,67.0,74.0,73.0,64.0,56.0,51.0,43.0,31.0,26.0,28.0,25.0,24.0,21.0,29.0,38.0,38.0,31.0,17.0,14.0,13.0,17.0,22.0,23.0,24.0,25.0,30.0,30.0,24.0,18.0,14.0,13.0,13.0,13.0,16.0,21.0,27.0,30.0,30.0,28.0,26.0,24.0,19.0,18.0,15.0,18.0,18.0,21.0,22.0,26.0,33.0,38.0,33.0,23.0,17.0,16.0,14.0,14.0,14.0,22.0,27.0,38.0,40.0,42.0,34.0,28.0,24.0,24.0,21.0,20.0,23.0,27.0,29.0,36.0,44.0,47.0,40.0,34.0,29.0,27.0,27.0,28.0
394755,438,"Kokomo, IN",msa,IN,,,,,,,,,,,,,,,,,,,,,,,,,,,,,,,,,,,36.0,36.0,29.0,16.0,12.0,9.0,10.0,13.0,17.0,19.0,20.0,22.0,23.0,25.0,24.0,21.0,17.0,18.0,16.0,19.0,21.0,27.0,27.0,32.0,34.0,37.0,31.0,25.0,20.0,17.0,19.0,18.0,21.0,23.0,26.0,31.0,39.0,42.0,40.0,30.0,25.0,20.0,19.0,18.0,20.0,22.0,26.0,36.0,45.0,47.0,42.0,37.0,35.0,32.0,27.0,25.0,25.0,26.0,32.0,42.0,59.0,64.0,60.0,50.0,44.0,43.0,39.0,37.0
394395,439,"Bloomsburg, PA",msa,PA,,,,,,,,,,,,,,,,,,,,,,,,,,,,,,,,,,,,,,,,,,40.0,41.0,42.0,38.0,41.0,48.0,44.0,38.0,24.0,31.0,26.0,31.0,25.0,29.0,34.0,40.0,42.0,41.0,35.0,33.0,30.0,30.0,26.0,24.0,25.0,28.0,28.0,29.0,37.0,49.0,51.0,45.0,35.0,31.0,29.0,28.0,34.0,38.0,41.0,42.0,40.0,44.0,44.0,49.0,48.0,47.0,40.0,35.0,36.0,41.0,45.0,43.0,49.0,54.0,63.0,56.0,49.0,40.0,34.0,32.0,33.0
394941,440,"Opelousas, LA",msa,LA,,,,,,,,,,,,,,,,,,,,,,,,,,,,,,,,,,,,,,,,,,,,,,,,,,,,,,,,,,,,,,,,,,,,,,,,,,,,,,,,,,,,,,,,,,,,,,83.0,85.0,93.0,93.0,88.0,87.0,106.0,100.0,97.0
394744,442,"Key West, FL",msa,FL,,,,,,130.0,134.0,136.0,146.0,142.0,137.0,140.0,157.0,172.0,166.0,186.0,173.0,169.0,166.0,171.0,188.0,181.0,183.0,174.0,161.0,175.0,210.0,258.0,251.0,228.0,187.0,180.0,187.0,190.0,186.0,147.0,118.0,102.0,82.0,72.0,58.0,55.0,51.0,51.0,51.0,52.0,53.0,58.0,55.0,49.0,43.0,40.0,43.0,46.0,52.0,57.0,64.0,73.0,84.0,84.0,86.0,84.0,83.0,87.0,88.0,98.0,93.0,84.0,81.0,84.0,91.0,94.0,93.0,100.0,100.0,107.0,114.0,120.0,127.0,132.0,143.0,135.0,132.0,125.0,124.0,124.0,127.0,137.0,131.0,144.0,152.0,154.0,149.0,147.0,147.0,141.0,132.0,145.0,144.0,159.0,150.0,151.0
395145,443,"Talladega, AL",msa,AL,,,,,,,,,,,123.0,125.0,101.0,96.0,100.0,93.0,87.0,75.0,68.0,72.0,75.0,95.0,104.0,106.0,101.0,103.0,98.0,96.0,81.0,81.0,77.0,73.0,60.0,63.0,74.0,79.0,75.0,58.0,55.0,43.0,46.0,38.0,38.0,39.0,47.0,46.0,47.0,48.0,49.0,40.0,31.0,25.0,23.0,34.0,42.0,46.0,46.0,49.0,74.0,79.0,84.0,72.0,65.0,59.0,50.0,48.0,56.0,62.0,64.0,61.0,64.0,71.0,69.0,60.0,56.0,54.0,62.0,62.0,65.0,68.0,69.0,69.0,67.0,77.0,81.0,77.0,72.0,68.0,70.0,75.0,71.0,79.0,69.0,82.0,82.0,95.0,82.0,75.0,77.0,75.0,75.0,71.0
395133,444,"Stillwater, OK",msa,OK,56.0,49.0,43.0,50.0,57.0,66.0,75.0,81.0,81.0,90.0,93.0,100.0,90.0,89.0,78.0,77.0,70.0,76.0,78.0,83.0,89.0,99.0,113.0,112.0,91.0,79.0,78.0,81.0,78.0,67.0,67.0,72.0,77.0,76.0,68.0,60.0,57.0,48.0,41.0,33.0,25.0,26.0,30.0,39.0,42.0,42.0,43.0,45.0,43.0,33.0,23.0,19.0,19.0,22.0,30.0,34.0,39.0,39.0,46.0,46.0,51.0,46.0,41.0,35.0,36.0,40.0,38.0,42.0,46.0,60.0,66.0,72.0,70.0,60.0,50.0,42.0,49.0,51.0,52.0,47.0,51.0,61.0,77.0,84.0,75.0,59.0,45.0,40.0,44.0,51.0,55.0,57.0,60.0,63.0,61.0,53.0,49.0,52.0,52.0,53.0,52.0,58.0
394489,445,"Columbus, IN",msa,IN,57.0,54.0,47.0,40.0,37.0,41.0,41.0,43.0,48.0,59.0,64.0,60.0,54.0,50.0,43.0,40.0,38.0,41.0,40.0,34.0,42.0,53.0,61.0,56.0,48.0,48.0,44.0,41.0,34.0,34.0,29.0,28.0,28.0,37.0,38.0,41.0,27.0,22.0,10.0,10.0,12.0,14.0,16.0,18.0,20.0,22.0,24.0,22.0,18.0,14.0,12.0,12.0,12.0,15.0,16.0,21.0,24.0,30.0,42.0,46.0,47.0,31.0,26.0,18.0,20.0,23.0,28.0,26.0,24.0,27.0,35.0,36.0,32.0,31.0,27.0,26.0,25.0,31.0,35.0,36.0,34.0,37.0,40.0,46.0,42.0,37.0,34.0,32.0,32.0,31.0,33.0,34.0,37.0,45.0,53.0,55.0,52.0,44.0,40.0,34.0,33.0,36.0
394345,446,"Athens, TX",msa,TX,75.0,71.0,69.0,67.0,71.0,74.0,76.0,84.0,88.0,96.0,104.0,107.0,108.0,91.0,88.0,79.0,85.0,87.0,87.0,85.0,91.0,96.0,94.0,84.0,80.0,85.0,96.0,104.0,96.0,74.0,57.0,54.0,59.0,65.0,75.0,72.0,70.0,62.0,60.0,47.0,39.0,34.0,38.0,45.0,53.0,55.0,53.0,56.0,54.0,48.0,38.0,35.0,37.0,39.0,47.0,52.0,57.0,62.0,76.0,83.0,83.0,69.0,62.0,65.0,70.0,72.0,65.0,71.0,77.0,96.0,102.0,110.0,94.0,91.0,80.0,89.0,88.0,97.0,102.0,114.0,126.0,126.0,122.0,120.0,119.0,109.0,99.0,100.0,117.0,115.0,120.0,111.0,119.0,132.0,148.0,165.0,156.0,136.0,108.0,102.0,106.0,114.0
394452,447,"Centralia, WA",msa,WA,59.0,54.0,47.0,39.0,34.0,33.0,34.0,39.0,50.0,60.0,67.0,66.0,60.0,52.0,47.0,50.0,50.0,44.0,43.0,42.0,45.0,47.0,57.0,56.0,53.0,43.0,39.0,37.0,31.0,32.0,26.0,27.0,26.0,29.0,32.0,31.0,29.0,23.0,17.0,13.0,15.0,18.0,21.0,24.0,25.0,31.0,29.0,30.0,22.0,21.0,18.0,16.0,18.0,23.0,31.0,41.0,50.0,59.0,64.0,65.0,63.0,56.0,50.0,47.0,45.0,47.0,48.0,44.0,46.0,48.0,62.0,63.0,67.0,57.0,52.0,45.0,47.0,53.0,57.0,61.0,65.0,70.0,77.0,78.0,75.0,63.0,53.0,46.0,49.0,54.0,64.0,71.0,72.0,86.0,103.0,104.0,93.0,67.0,60.0,54.0,59.0,61.0
394822,448,"Manitowoc, WI",msa,WI,,,,,,,,,,,,,,,,,,,,,,,,,,,,,,,,,,,,,,,,,,,,,,,,,,,,,,,,,,,,,,,,,,,,,,,,,,,,,,,,,,,,,,,,,,,,,,,,,,,,,,34.0
394682,449,"Hinesville, GA",msa,GA,61.0,63.0,67.0,68.0,63.0,67.0,66.0,71.0,70.0,67.0,68.0,64.0,72.0,68.0,70.0,70.0,69.0,71.0,61.0,60.0,64.0,76.0,92.0,90.0,85.0,73.0,69.0,62.0,63.0,56.0,54.0,43.0,37.0,43.0,40.0,42.0,35.0,35.0,26.0,18.0,13.0,17.0,16.0,17.0,16.0,18.0,17.0,18.0,16.0,14.0,11.0,12.0,15.0,18.0,23.0,26.0,28.0,29.0,31.0,33.0,31.0,30.0,30.0,27.0,24.0,23.0,22.0,26.0,31.0,40.0,44.0,43.0,42.0,44.0,42.0,34.0,29.0,36.0,42.0,41.0,38.0,39.0,46.0,45.0,44.0,44.0,43.0,46.0,48.0,55.0,63.0,65.0,77.0,74.0,80.0,71.0,75.0,70.0,71.0,69.0,72.0,73.0
394541,450,"DuBois, PA",msa,PA,,,,,,,,,,,,,132.0,124.0,112.0,107.0,99.0,94.0,85.0,79.0,78.0,86.0,100.0,131.0,128.0,130.0,104.0,114.0,97.0,87.0,65.0,63.0,60.0,62.0,68.0,64.0,83.0,80.0,77.0,55.0,43.0,40.0,29.0,30.0,35.0,38.0,50.0,55.0,59.0,54.0,46.0,43.0,32.0,31.0,33.0,37.0,42.0,44.0,48.0,53.0,58.0,60.0,52.0,50.0,44.0,41.0,35.0,37.0,48.0,53.0,62.0,60.0,55.0,48.0,44.0,46.0,39.0,39.0,41.0,45.0,43.0,54.0,65.0,71.0,59.0,44.0,42.0,38.0,35.0,26.0,30.0,35.0,43.0,44.0,47.0,58.0,66.0,67.0,51.0,41.0,45.0,51.0
395205,451,"Warsaw, IN",msa,IN,,,,,,,,,,,,,,,,,,,,,,,,,,,,,,,,,,,,,,,,,,,,,,,,,,,,,,,,,,,,,,,,,,,,,,,,,,,,,,,,,,,,,,,,,,,,,,,,,51.0,44.0,46.0,50.0,46.0,53.0
394986,452,"Plattsburgh, NY",msa,NY,72.0,74.0,70.0,68.0,60.0,65.0,73.0,82.0,87.0,86.0,95.0,99.0,100.0,94.0,74.0,62.0,50.0,52.0,50.0,64.0,68.0,79.0,76.0,89.0,96.0,112.0,102.0,83.0,63.0,55.0,57.0,47.0,48.0,48.0,59.0,68.0,69.0,57.0,44.0,38.0,41.0,39.0,39.0,38.0,42.0,49.0,68.0,71.0,68.0,47.0,42.0,33.0,32.0,34.0,42.0,49.0,58.0,60.0,64.0,67.0,75.0,70.0,61.0,58.0,62.0,69.0,68.0,67.0,61.0,59.0,76.0,85.0,92.0,64.0,61.0,41.0,44.0,42.0,46.0,51.0,50.0,75.0,79.0,88.0,63.0,58.0,42.0,41.0,35.0,40.0,42.0,53.0,54.0,66.0,72.0,79.0,78.0,70.0,63.0,52.0,48.0,51.0
395126,453,"Statesboro, GA",msa,GA,58.0,56.0,65.0,74.0,84.0,85.0,91.0,85.0,86.0,94.0,99.0,99.0,87.0,81.0,78.0,78.0,81.0,82.0,82.0,87.0,91.0,88.0,98.0,92.0,88.0,79.0,86.0,78.0,65.0,57.0,53.0,59.0,48.0,43.0,63.0,69.0,70.0,38.0,30.0,30.0,28.0,25.0,23.0,32.0,40.0,47.0,45.0,49.0,42.0,34.0,24.0,21.0,23.0,25.0,28.0,32.0,36.0,41.0,45.0,44.0,44.0,41.0,36.0,37.0,39.0,47.0,42.0,39.0,36.0,45.0,46.0,44.0,37.0,37.0,34.0,33.0,34.0,41.0,47.0,53.0,54.0,56.0,56.0,58.0,62.0,56.0,49.0,50.0,57.0,60.0,55.0,57.0,67.0,74.0,76.0,74.0,74.0,67.0,68.0,64.0,70.0,69.0
394445,454,"Casper, WY",msa,WY,,,,,,,,,,,,,,,,,,,,,,,,,,,,,,,,,,,,,,,,,,,,,,,,,,,,,,,,,,,,,,,,,,,,,,,,,,,,,,,,,,,,,,,,,,23.0,33.0,46.0,44.0,53.0,60.0,64.0,55.0,47.0,38.0,38.0,39.0,40.0
395231,455,"Wilson, NC",msa,NC,64.0,59.0,53.0,57.0,61.0,65.0,60.0,66.0,66.0,72.0,72.0,72.0,67.0,59.0,54.0,55.0,58.0,59.0,63.0,53.0,65.0,58.0,70.0,55.0,50.0,48.0,46.0,47.0,42.0,42.0,37.0,31.0,29.0,25.0,23.0,19.0,19.0,18.0,15.0,12.0,14.0,16.0,18.0,16.0,18.0,20.0,27.0,28.0,25.0,21.0,15.0,15.0,14.0,18.0,22.0,23.0,23.0,23.0,29.0,27.0,28.0,24.0,27.0,25.0,26.0,24.0,23.0,25.0,26.0,36.0,42.0,51.0,54.0,51.0,44.0,36.0,34.0,35.0,35.0,35.0,32.0,41.0,52.0,63.0,60.0,57.0,53.0,48.0,45.0,48.0,47.0,46.0,54.0,59.0,69.0,75.0,79.0,73.0,66.0,59.0,56.0,48.0
753881,456,"Glenwood Springs, CO",msa,CO,63.0,61.0,61.0,59.0,68.0,75.0,92.0,96.0,103.0,101.0,106.0,112.0,118.0,107.0,94.0,75.0,79.0,81.0,102.0,101.0,106.0,111.0,133.0,145.0,132.0,95.0,73.0,74.0,92.0,107.0,100.0,93.0,90.0,94.0,94.0,87.0,81.0,78.0,63.0,46.0,37.0,36.0,41.0,41.0,40.0,40.0,39.0,37.0,30.0,25.0,21.0,20.0,23.0,27.0,35.0,49.0,59.0,61.0,58.0,57.0,64.0,56.0,46.0,39.0,50.0,60.0,69.0,70.0,75.0,75.0,72.0,73.0,76.0,71.0,59.0,44.0,43.0,48.0,56.0,64.0,76.0,77.0,81.0,68.0,65.0,58.0,60.0,71.0,72.0,79.0,74.0,83.0,82.0,94.0,96.0,105.0,96.0,86.0,74.0,74.0,74.0,86.0
395085,457,"Seneca, SC",msa,SC,87.0,97.0,81.0,75.0,57.0,66.0,71.0,85.0,78.0,94.0,102.0,124.0,116.0,112.0,98.0,89.0,80.0,76.0,82.0,83.0,88.0,92.0,95.0,94.0,95.0,84.0,75.0,61.0,78.0,78.0,76.0,57.0,49.0,44.0,38.0,43.0,45.0,49.0,41.0,33.0,28.0,31.0,37.0,42.0,40.0,40.0,44.0,44.0,41.0,36.0,36.0,35.0,33.0,36.0,35.0,38.0,38.0,44.0,52.0,61.0,63.0,57.0,46.0,46.0,42.0,42.0,42.0,46.0,50.0,53.0,57.0,61.0,58.0,53.0,47.0,46.0,52.0,55.0,62.0,77.0,84.0,87.0,81.0,81.0,78.0,65.0,62.0,57.0,63.0,66.0,70.0,68.0,69.0,74.0,84.0,77.0,88.0,74.0,87.0,79.0,81.0,74.0
394866,458,"Minot, ND",msa,ND,89.0,88.0,80.0,65.0,65.0,72.0,73.0,72.0,79.0,94.0,104.0,112.0,123.0,121.0,105.0,87.0,83.0,93.0,99.0,101.0,107.0,110.0,126.0,110.0,114.0,97.0,90.0,75.0,71.0,91.0,104.0,118.0,108.0,95.0,83.0,77.0,72.0,52.0,36.0,29.0,28.0,35.0,36.0,41.0,39.0,41.0,43.0,45.0,40.0,33.0,30.0,27.0,27.0,30.0,36.0,42.0,46.0,50.0,60.0,66.0,71.0,67.0,58.0,45.0,36.0,33.0,38.0,38.0,39.0,44.0,51.0,58.0,55.0,51.0,42.0,37.0,32.0,33.0,34.0,38.0,40.0,49.0,61.0,59.0,50.0,33.0,30.0,27.0,28.0,33.0,37.0,42.0,42.0,45.0,48.0,57.0,60.0,54.0,38.0,26.0,23.0,24.0
394936,459,"Olean, NY",msa,NY,97.0,99.0,93.0,95.0,96.0,96.0,95.0,110.0,133.0,144.0,151.0,159.0,166.0,162.0,147.0,131.0,116.0,101.0,92.0,103.0,111.0,129.0,129.0,141.0,152.0,130.0,121.0,116.0,120.0,125.0,117.0,120.0,111.0,118.0,128.0,122.0,94.0,72.0,61.0,54.0,39.0,41.0,41.0,46.0,39.0,41.0,53.0,60.0,60.0,50.0,38.0,34.0,28.0,31.0,33.0,37.0,41.0,49.0,57.0,67.0,65.0,51.0,39.0,31.0,34.0,36.0,38.0,48.0,51.0,58.0,62.0,67.0,73.0,67.0,57.0,45.0,42.0,45.0,43.0,48.0,50.0,62.0,85.0,103.0,104.0,84.0,64.0,53.0,58.0,58.0,63.0,60.0,63.0,65.0,79.0,94.0,101.0,82.0,65.0,54.0,49.0,49.0
394465,460,"Chillicothe, OH",msa,OH,,,,,,,,,,,,,,,,,,,,,,,,,,,63.0,44.0,38.0,32.0,26.0,26.0,25.0,28.0,32.0,35.0,41.0,37.0,32.0,22.0,16.0,14.0,15.0,18.0,20.0,29.0,30.0,38.0,28.0,22.0,11.0,12.0,14.0,16.0,18.0,26.0,29.0,33.0,29.0,30.0,30.0,30.0,21.0,21.0,20.0,36.0,35.0,36.0,26.0,30.0,41.0,47.0,47.0,52.0,44.0,40.0,22.0,23.0,22.0,28.0,28.0,32.0,37.0,47.0,49.0,44.0,36.0,35.0,33.0,34.0,32.0,36.0,37.0,42.0,46.0,53.0,53.0,42.0,32.0,25.0,31.0,29.0
395077,461,"Searcy, AR",msa,AR,,,,,,,,,,,,,,,,,,,,,,,,,,,,,,,,,,,,,,,,25.0,30.0,33.0,29.0,28.0,31.0,35.0,43.0,40.0,40.0,31.0,28.0,24.0,22.0,26.0,31.0,40.0,47.0,51.0,55.0,53.0,55.0,44.0,43.0,33.0,36.0,32.0,38.0,40.0,40.0,42.0,41.0,47.0,43.0,47.0,39.0,41.0,43.0,48.0,48.0,51.0,55.0,63.0,69.0,73.0,77.0,65.0,62.0,46.0,46.0,49.0,56.0,66.0,57.0,60.0,64.0,75.0,84.0,77.0,63.0,46.0,43.0,51.0
394994,463,"Port Angeles, WA",msa,WA,50.0,45.0,37.0,29.0,28.0,33.0,37.0,41.0,44.0,57.0,68.0,83.0,83.0,75.0,65.0,49.0,46.0,39.0,44.0,43.0,52.0,61.0,77.0,79.0,67.0,48.0,38.0,45.0,48.0,48.0,42.0,40.0,45.0,41.0,36.0,27.0,22.0,18.0,12.0,13.0,15.0,16.0,18.0,21.0,25.0,24.0,23.0,20.0,21.0,20.0,19.0,19.0,20.0,25.0,29.0,34.0,41.0,50.0,57.0,59.0,56.0,46.0,38.0,35.0,39.0,40.0,40.0,44.0,49.0,53.0,56.0,53.0,49.0,39.0,36.0,29.0,31.0,33.0,38.0,40.0,46.0,54.0,53.0,51.0,44.0,40.0,33.0,33.0,41.0,48.0,52.0,56.0,61.0,66.0,70.0,68.0,60.0,55.0,49.0,49.0,45.0,51.0
394350,464,"Auburn, NY",msa,NY,,,,,,,,,,,,102.0,104.0,115.0,99.0,84.0,73.0,72.0,83.0,107.0,113.0,114.0,89.0,98.0,103.0,115.0,113.0,108.0,103.0,77.0,61.0,52.0,60.0,72.0,76.0,79.0,62.0,46.0,28.0,30.0,27.0,28.0,29.0,34.0,40.0,36.0,39.0,44.0,45.0,38.0,28.0,23.0,25.0,31.0,35.0,35.0,36.0,62.0,75.0,78.0,55.0,39.0,29.0,21.0,21.0,24.0,29.0,30.0,45.0,51.0,66.0,59.0,60.0,47.0,37.0,27.0,25.0,27.0,29.0,32.0,36.0,44.0,43.0,47.0,46.0,42.0,36.0,28.0,29.0,30.0,32.0,34.0,46.0,52.0,67.0,70.0,69.0,54.0,45.0,50.0,56.0,52.0
394699,465,"Huntsville, TX",msa,TX,65.0,63.0,70.0,75.0,72.0,69.0,79.0,93.0,95.0,107.0,112.0,120.0,96.0,93.0,79.0,86.0,79.0,93.0,96.0,98.0,95.0,92.0,95.0,101.0,101.0,90.0,85.0,91.0,104.0,102.0,103.0,100.0,104.0,108.0,111.0,101.0,85.0,64.0,54.0,37.0,34.0,31.0,34.0,37.0,43.0,55.0,61.0,56.0,50.0,41.0,42.0,35.0,36.0,42.0,51.0,55.0,56.0,67.0,82.0,92.0,81.0,84.0,83.0,101.0,100.0,99.0,101.0,123.0,133.0,113.0,105.0,125.0,153.0,137.0,124.0,102.0,95.0,80.0,77.0,80.0,104.0,122.0,142.0,131.0,138.0,120.0,127.0,95.0,99.0,75.0,84.0,87.0,105.0,113.0,105.0,114.0,114.0,119.0,103.0,100.0,103.0,101.0
394738,466,"Keene, NH",msa,NH,,,,,,,,,,,,,,,,,,,,,,,,,,,,,,74.0,75.0,64.0,42.0,30.0,28.0,28.0,34.0,28.0,25.0,19.0,19.0,21.0,25.0,29.0,33.0,29.0,30.0,25.0,25.0,18.0,15.0,13.0,15.0,19.0,20.0,23.0,28.0,34.0,33.0,31.0,26.0,26.0,24.0,20.0,17.0,15.0,16.0,20.0,25.0,27.0,34.0,31.0,32.0,22.0,18.0,17.0,18.0,24.0,27.0,28.0,29.0,36.0,44.0,44.0,41.0,30.0,25.0,20.0,23.0,25.0,25.0,28.0,33.0,44.0,48.0,58.0,51.0,46.0,31.0,30.0,28.0,36.0
394674,467,"Heber, UT",msa,UT,64.0,65.0,64.0,61.0,60.0,71.0,81.0,98.0,92.0,97.0,98.0,113.0,118.0,116.0,105.0,89.0,85.0,88.0,100.0,100.0,109.0,97.0,100.0,97.0,106.0,101.0,99.0,85.0,80.0,75.0,81.0,77.0,75.0,69.0,71.0,60.0,54.0,44.0,38.0,33.0,31.0,33.0,37.0,40.0,42.0,47.0,47.0,43.0,36.0,30.0,27.0,26.0,30.0,45.0,57.0,69.0,66.0,69.0,77.0,87.0,94.0,80.0,69.0,52.0,53.0,58.0,67.0,69.0,71.0,81.0,92.0,96.0,92.0,90.0,81.0,73.0,64.0,67.0,75.0,81.0,92.0,105.0,102.0,97.0,79.0,72.0,62.0,55.0,59.0,65.0,76.0,82.0,90.0,105.0,112.0,114.0,98.0,87.0,78.0,73.0,73.0,80.0
395010,468,"Quincy, IL",msa,IL,,,,,,,,,,,,,,,,,,,,,,,,,,,,,,,,,,,,,,,,,,,45.0,50.0,31.0,31.0,45.0,45.0,41.0,24.0,18.0,16.0,14.0,18.0,18.0,24.0,26.0,33.0,34.0,35.0,35.0,34.0,34.0,29.0,27.0,28.0,32.0,35.0,36.0,36.0,41.0,47.0,46.0,39.0,31.0,27.0,30.0,35.0,33.0,31.0,27.0,38.0,41.0,44.0,49.0,47.0,42.0,30.0,33.0,35.0,34.0,30.0,34.0,42.0,47.0,48.0,43.0,40.0,33.0,32.0,30.0,33.0
395062,469,"Sandusky, OH",msa,OH,72.0,65.0,55.0,53.0,55.0,64.0,72.0,74.0,74.0,85.0,88.0,88.0,85.0,84.0,86.0,79.0,84.0,74.0,70.0,70.0,68.0,78.0,83.0,88.0,82.0,74.0,79.0,76.0,70.0,59.0,49.0,44.0,42.0,39.0,45.0,50.0,55.0,50.0,44.0,34.0,29.0,23.0,22.0,19.0,20.0,26.0,32.0,33.0,31.0,29.0,27.0,24.0,20.0,21.0,22.0,24.0,25.0,27.0,33.0,36.0,32.0,29.0,30.0,34.0,29.0,31.0,30.0,30.0,28.0,26.0,30.0,29.0,29.0,27.0,26.0,30.0,30.0,29.0,26.0,28.0,31.0,35.0,38.0,38.0,37.0,31.0,28.0,27.0,28.0,31.0,36.0,42.0,43.0,42.0,52.0,57.0,63.0,49.0,46.0,37.0,38.0,36.0
394593,470,"Findlay, OH",msa,OH,53.0,44.0,41.0,40.0,41.0,41.0,45.0,56.0,68.0,75.0,72.0,72.0,61.0,50.0,41.0,41.0,43.0,46.0,44.0,40.0,43.0,52.0,59.0,58.0,47.0,40.0,32.0,34.0,34.0,31.0,29.0,25.0,27.0,31.0,37.0,38.0,36.0,30.0,26.0,19.0,18.0,19.0,21.0,25.0,28.0,33.0,38.0,38.0,33.0,24.0,20.0,17.0,18.0,20.0,24.0,27.0,28.0,35.0,40.0,42.0,34.0,27.0,27.0,25.0,27.0,26.0,33.0,35.0,36.0,38.0,44.0,42.0,43.0,33.0,29.0,19.0,20.0,20.0,23.0,27.0,33.0,39.0,49.0,59.0,56.0,47.0,36.0,32.0,35.0,37.0,39.0,34.0,37.0,43.0,52.0,55.0,52.0,37.0,30.0,23.0,27.0,25.0
394614,471,"Frankfort, KY",msa,KY,62.0,54.0,46.0,37.0,38.0,43.0,48.0,48.0,58.0,60.0,64.0,63.0,70.0,72.0,66.0,53.0,48.0,43.0,46.0,47.0,49.0,52.0,63.0,67.0,68.0,56.0,50.0,46.0,47.0,42.0,41.0,33.0,35.0,36.0,37.0,40.0,37.0,32.0,21.0,15.0,12.0,14.0,18.0,21.0,24.0,23.0,29.0,30.0,32.0,24.0,18.0,15.0,17.0,18.0,20.0,21.0,24.0,31.0,37.0,48.0,48.0,46.0,41.0,34.0,31.0,22.0,21.0,21.0,25.0,31.0,38.0,40.0,34.0,29.0,28.0,28.0,29.0,27.0,30.0,32.0,34.0,47.0,56.0,59.0,51.0,44.0,47.0,40.0,35.0,27.0,33.0,39.0,47.0,57.0,62.0,63.0,57.0,50.0,46.0,42.0,45.0,47.0
394516,472,"Danville, IL",msa,IL,,,,,,,,,,,,,,,,,,,,,104.0,114.0,123.0,132.0,125.0,96.0,95.0,98.0,103.0,87.0,71.0,61.0,73.0,81.0,102.0,97.0,93.0,74.0,62.0,44.0,33.0,26.0,29.0,32.0,41.0,52.0,51.0,50.0,44.0,42.0,33.0,28.0,27.0,26.0,24.0,31.0,36.0,42.0,45.0,47.0,44.0,41.0,39.0,34.0,28.0,23.0,25.0,28.0,30.0,34.0,41.0,51.0,52.0,47.0,36.0,32.0,28.0,26.0,27.0,32.0,34.0,50.0,57.0,63.0,50.0,38.0,31.0,23.0,24.0,26.0,27.0,26.0,24.0,33.0,42.0,51.0,42.0,43.0,34.0,39.0,33.0,41.0
394298,473,"Aberdeen, WA",msa,WA,63.0,57.0,48.0,46.0,48.0,52.0,50.0,60.0,64.0,75.0,80.0,82.0,74.0,57.0,44.0,43.0,45.0,48.0,50.0,55.0,62.0,57.0,60.0,61.0,63.0,59.0,49.0,47.0,45.0,44.0,41.0,38.0,36.0,30.0,28.0,30.0,29.0,25.0,16.0,15.0,14.0,17.0,21.0,25.0,30.0,30.0,33.0,29.0,26.0,22.0,22.0,21.0,23.0,27.0,33.0,39.0,50.0,60.0,67.0,69.0,67.0,62.0,48.0,42.0,45.0,55.0,61.0,61.0,59.0,69.0,75.0,76.0,71.0,60.0,55.0,46.0,44.0,51.0,55.0,61.0,69.0,75.0,91.0,82.0,76.0,57.0,58.0,55.0,54.0,55.0,65.0,80.0,88.0,99.0,105.0,99.0,88.0,74.0,66.0,63.0,58.0,70.0
394999,474,"Portsmouth, OH",msa,OH,,,,,,,,,,,,,,,,,,,,,,,,,,,,,,,,,,,,,,,,,,,,,,,,,,,,,,,,,,,,,,,,,,,,,,,55.0,60.0,55.0,54.0,46.0,50.0,55.0,52.0,49.0,39.0,48.0,62.0,68.0,71.0,64.0,65.0,57.0,49.0,44.0,38.0,42.0,41.0,51.0,59.0,65.0,71.0,60.0,65.0,59.0,66.0,56.0,48.0
395106,475,"Somerset, PA",msa,PA,,,,,,,,,,,,,,,,,,,,,,,,,,,182.0,172.0,130.0,114.0,116.0,97.0,98.0,80.0,78.0,65.0,63.0,53.0,49.0,39.0,39.0,42.0,40.0,39.0,38.0,45.0,55.0,59.0,60.0,53.0,48.0,37.0,34.0,35.0,40.0,38.0,36.0,38.0,50.0,59.0,62.0,53.0,41.0,46.0,40.0,44.0,34.0,32.0,34.0,44.0,56.0,57.0,51.0,41.0,42.0,36.0,36.0,34.0,35.0,35.0,31.0,44.0,71.0,84.0,77.0,60.0,50.0,58.0,53.0,54.0,48.0,47.0,47.0,49.0,56.0,59.0,63.0,61.0,56.0,45.0,39.0,44.0
753893,477,"Jefferson, GA",msa,GA,46.0,46.0,46.0,41.0,36.0,34.0,39.0,46.0,54.0,55.0,58.0,61.0,58.0,55.0,48.0,50.0,52.0,52.0,55.0,54.0,57.0,58.0,65.0,70.0,73.0,61.0,49.0,42.0,40.0,39.0,38.0,35.0,37.0,38.0,40.0,34.0,25.0,21.0,19.0,19.0,16.0,16.0,22.0,26.0,29.0,30.0,32.0,31.0,27.0,27.0,25.0,23.0,19.0,27.0,33.0,41.0,46.0,57.0,64.0,66.0,65.0,58.0,49.0,41.0,36.0,36.0,39.0,45.0,50.0,52.0,55.0,57.0,55.0,50.0,49.0,46.0,48.0,49.0,62.0,72.0,75.0,77.0,80.0,83.0,79.0,75.0,76.0,72.0,72.0,66.0,71.0,70.0,73.0,82.0,88.0,93.0,82.0,75.0,68.0,68.0,72.0,82.0
394736,478,"Kapaa, HI",msa,HI,65.0,66.0,65.0,63.0,69.0,73.0,77.0,82.0,78.0,80.0,90.0,97.0,95.0,85.0,88.0,90.0,88.0,89.0,92.0,89.0,99.0,96.0,99.0,91.0,108.0,108.0,94.0,77.0,78.0,92.0,104.0,103.0,104.0,86.0,92.0,88.0,96.0,87.0,88.0,80.0,77.0,64.0,67.0,57.0,59.0,45.0,55.0,45.0,41.0,35.0,41.0,42.0,35.0,29.0,34.0,37.0,46.0,47.0,63.0,72.0,79.0,65.0,56.0,45.0,44.0,45.0,48.0,61.0,63.0,78.0,74.0,71.0,73.0,71.0,72.0,63.0,69.0,73.0,73.0,74.0,75.0,80.0,80.0,79.0,80.0,84.0,87.0,91.0,94.0,103.0,103.0,106.0,103.0,101.0,100.0,104.0,105.0,97.0,97.0,95.0,99.0,102.0
394955,479,"Palatka, FL",msa,FL,,,,,,,,,,,,,,,,,,,,,,,,,,,,,,,,,,,,,,,,,,,,,,,,,,,,,,,,,,,,,,,,,,,,,,,,,,,,,,,,,,,,,,,,,,,,,,,101.0,104.0,103.0,112.0,96.0,104.0,83.0,92.0
394683,481,"Hobbs, NM",msa,NM,,,,,,,,,,,,,,,,,,,,,,,,,,,,,,,,,,,,,,,,,,,,,,,,,,,,,,,,,,,,,,,,,,,,,,,,,37.0,46.0,47.0,38.0,30.0,37.0,37.0,32.0,44.0,46.0,54.0,42.0,46.0,41.0,33.0,27.0,27.0,30.0,28.0,29.0,27.0,30.0,27.0,31.0,29.0,29.0,26.0,29.0,31.0,31.0
395088,482,"Shawnee, OK",msa,OK,,73.0,63.0,70.0,67.0,64.0,78.0,86.0,100.0,102.0,90.0,94.0,86.0,89.0,82.0,75.0,70.0,60.0,65.0,67.0,64.0,60.0,61.0,61.0,58.0,55.0,54.0,56.0,52.0,55.0,49.0,46.0,43.0,38.0,36.0,33.0,33.0,30.0,23.0,21.0,18.0,19.0,22.0,26.0,31.0,38.0,43.0,48.0,44.0,37.0,27.0,23.0,25.0,26.0,28.0,29.0,29.0,36.0,43.0,50.0,48.0,46.0,43.0,46.0,44.0,39.0,33.0,34.0,35.0,44.0,50.0,59.0,65.0,65.0,64.0,58.0,57.0,53.0,52.0,50.0,55.0,63.0,72.0,77.0,71.0,68.0,62.0,72.0,66.0,66.0,59.0,69.0,74.0,89.0,87.0,92.0,87.0,85.0,86.0,72.0,78.0,69.0
786258,483,"Fort Payne, AL",msa,AL,,,,,,,,,,,,,,,,,,,,,,,,,,,,,,,,,,,,,13.0,17.0,16.0,20.0,20.0,22.0,21.0,28.0,28.0,37.0,42.0,46.0,43.0,31.0,33.0,27.0,30.0,27.0,34.0,43.0,51.0,57.0,58.0,64.0,63.0,65.0,54.0,44.0,37.0,40.0,43.0,50.0,59.0,65.0,67.0,62.0,73.0,63.0,69.0,53.0,60.0,54.0,57.0,57.0,66.0,84.0,89.0,87.0,83.0,71.0,64.0,55.0,71.0,84.0,92.0,89.0,79.0,83.0,79.0,86.0,84.0,81.0,79.0,71.0,72.0,63.0
394884,484,"Mount Airy, NC",msa,NC,83.0,85.0,88.0,82.0,76.0,65.0,70.0,69.0,71.0,71.0,75.0,87.0,77.0,74.0,66.0,60.0,55.0,43.0,53.0,66.0,75.0,76.0,76.0,78.0,76.0,70.0,66.0,59.0,62.0,58.0,61.0,53.0,51.0,50.0,60.0,54.0,44.0,27.0,22.0,20.0,21.0,22.0,25.0,24.0,31.0,35.0,39.0,34.0,27.0,21.0,20.0,19.0,19.0,19.0,22.0,26.0,27.0,29.0,36.0,43.0,44.0,45.0,38.0,38.0,27.0,32.0,33.0,36.0,39.0,45.0,52.0,54.0,50.0,54.0,48.0,53.0,44.0,49.0,48.0,58.0,59.0,60.0,56.0,54.0,55.0,61.0,64.0,59.0,60.0,65.0,72.0,71.0,66.0,71.0,72.0,81.0,74.0,72.0,57.0,50.0,44.0,55.0
394647,486,"Greeneville, TN",msa,TN,62.0,66.0,63.0,61.0,59.0,61.0,63.0,76.0,82.0,104.0,95.0,111.0,91.0,86.0,80.0,83.0,84.0,68.0,58.0,63.0,74.0,85.0,105.0,103.0,105.0,80.0,82.0,73.0,71.0,56.0,51.0,44.0,44.0,40.0,45.0,47.0,44.0,33.0,28.0,24.0,26.0,25.0,31.0,30.0,36.0,40.0,44.0,39.0,29.0,26.0,22.0,22.0,17.0,22.0,23.0,29.0,36.0,43.0,46.0,50.0,48.0,49.0,41.0,35.0,36.0,39.0,50.0,43.0,39.0,30.0,39.0,47.0,50.0,47.0,39.0,37.0,38.0,38.0,44.0,38.0,41.0,45.0,63.0,74.0,72.0,60.0,55.0,55.0,64.0,81.0,86.0,84.0,68.0,76.0,88.0,104.0,108.0,95.0,81.0,67.0,58.0,51.0
394655,488,"Greenwood, SC",msa,SC,,,,,,,,,,,,,,,,,,,,,,,,,,,,,,,,,,,,,,,,,,,,,,,,,,,,,,,,,,,,,,,,,,,,,,,,,,,,,,,,,,52.0,60.0,72.0,67.0,51.0,50.0,58.0,65.0,68.0,70.0,86.0,78.0,78.0,65.0,91.0,92.0,95.0,71.0,75.0,72.0,69.0
394764,489,"Lake City, FL",msa,FL,,,,,,,,,,,,,,,,,,,,,,,,,,,,,,,,,,,,,,,,,,,,,,,,,,,,,,,,,,,,,,,,,,,,57.0,52.0,68.0,98.0,109.0,100.0,84.0,81.0,79.0,71.0,62.0,57.0,75.0,80.0,113.0,101.0,98.0,78.0,73.0,79.0,79.0,84.0,94.0,92.0,94.0,83.0,85.0,95.0,99.0,111.0,103.0,112.0,95.0,83.0,80.0
394752,490,"Klamath Falls, OR",msa,OR,,,,,,,,,,,,,,,,,,,,,,,,,,102.0,78.0,76.0,64.0,65.0,57.0,56.0,48.0,45.0,45.0,49.0,47.0,38.0,28.0,22.0,23.0,28.0,30.0,38.0,38.0,44.0,45.0,40.0,33.0,24.0,24.0,25.0,31.0,37.0,40.0,38.0,41.0,47.0,62.0,63.0,67.0,65.0,67.0,64.0,57.0,58.0,60.0,67.0,70.0,74.0,83.0,83.0,84.0,66.0,68.0,59.0,59.0,48.0,48.0,59.0,76.0,92.0,108.0,110.0,102.0,83.0,64.0,57.0,61.0,70.0,86.0,88.0,88.0,90.0,96.0,111.0,109.0,103.0,90.0,76.0,69.0,67.0
394877,491,"Morehead City, NC",msa,NC,80.0,79.0,78.0,78.0,86.0,96.0,107.0,112.0,114.0,113.0,114.0,126.0,122.0,103.0,88.0,86.0,86.0,81.0,77.0,82.0,83.0,88.0,93.0,103.0,106.0,105.0,101.0,101.0,100.0,98.0,96.0,88.0,75.0,69.0,70.0,73.0,62.0,57.0,47.0,44.0,36.0,36.0,34.0,37.0,39.0,41.0,47.0,46.0,40.0,30.0,25.0,27.0,29.0,31.0,37.0,39.0,40.0,48.0,54.0,55.0,50.0,45.0,43.0,41.0,39.0,38.0,34.0,33.0,35.0,36.0,41.0,44.0,47.0,46.0,49.0,55.0,55.0,54.0,58.0,64.0,66.0,69.0,75.0,79.0,78.0,69.0,63.0,57.0,64.0,76.0,80.0,80.0,71.0,75.0,79.0,91.0,92.0,90.0,79.0,75.0,77.0,78.0
394472,492,"Clearlake, CA",msa,CA,63.0,65.0,62.0,64.0,56.0,54.0,56.0,67.0,78.0,89.0,98.0,103.0,105.0,102.0,89.0,86.0,85.0,91.0,79.0,78.0,86.0,105.0,112.0,108.0,97.0,95.0,91.0,88.0,81.0,85.0,78.0,65.0,52.0,51.0,52.0,46.0,38.0,34.0,29.0,27.0,26.0,31.0,34.0,39.0,44.0,54.0,63.0,59.0,55.0,43.0,42.0,37.0,43.0,45.0,60.0,62.0,69.0,72.0,89.0,91.0,91.0,74.0,66.0,54.0,53.0,59.0,62.0,75.0,80.0,88.0,88.0,94.0,96.0,93.0,88.0,75.0,79.0,72.0,82.0,94.0,106.0,114.0,97.0,99.0,93.0,98.0,91.0,101.0,100.0,103.0,108.0,104.0,105.0,94.0,99.0,107.0,113.0,114.0,124.0,121.0,126.0,105.0
394305,493,"Alamogordo, NM",msa,NM,90.0,106.0,118.0,124.0,106.0,91.0,81.0,88.0,98.0,104.0,111.0,117.0,122.0,119.0,115.0,102.0,103.0,103.0,102.0,99.0,93.0,99.0,112.0,120.0,126.0,106.0,103.0,96.0,104.0,98.0,81.0,63.0,54.0,61.0,62.0,54.0,46.0,36.0,36.0,28.0,32.0,29.0,34.0,35.0,37.0,40.0,49.0,57.0,52.0,37.0,29.0,25.0,32.0,38.0,45.0,49.0,45.0,48.0,47.0,49.0,49.0,46.0,37.0,37.0,34.0,40.0,36.0,39.0,41.0,46.0,52.0,53.0,56.0,52.0,49.0,44.0,42.0,49.0,51.0,61.0,68.0,68.0,71.0,70.0,77.0,75.0,66.0,65.0,64.0,75.0,80.0,81.0,78.0,81.0,92.0,103.0,98.0,86.0,80.0,82.0,77.0,72.0
395027,494,"Roanoke Rapids, NC",msa,NC,,,,,,,,,,,,,,,,,,,,,,,,,,,,,,,,,,,,,,,,,,,,,,,,,,,,,,,,,,,,,,,,,,,,,,,,,,,,,,,,,,,,,,,,,,,,,,,,,128.0,116.0,90.0,76.0,71.0,75.0
394587,495,"Farmington, MO",msa,MO,75.0,72.0,69.0,60.0,59.0,62.0,64.0,72.0,69.0,74.0,75.0,75.0,80.0,78.0,75.0,67.0,60.0,67.0,69.0,75.0,74.0,73.0,74.0,76.0,76.0,71.0,64.0,69.0,61.0,54.0,43.0,40.0,40.0,36.0,41.0,40.0,38.0,34.0,29.0,26.0,21.0,22.0,26.0,29.0,33.0,37.0,41.0,40.0,34.0,29.0,26.0,25.0,23.0,26.0,28.0,34.0,34.0,47.0,58.0,66.0,63.0,56.0,49.0,43.0,36.0,41.0,44.0,49.0,51.0,57.0,62.0,59.0,53.0,44.0,40.0,42.0,47.0,47.0,49.0,53.0,53.0,49.0,46.0,51.0,53.0,53.0,49.0,43.0,42.0,39.0,43.0,43.0,47.0,52.0,59.0,59.0,56.0,48.0,42.0,36.0,36.0,38.0
394897,496,"Muskogee, OK",msa,OK,71.0,79.0,74.0,68.0,66.0,75.0,77.0,74.0,68.0,76.0,88.0,102.0,110.0,96.0,80.0,63.0,67.0,69.0,71.0,67.0,71.0,71.0,80.0,69.0,70.0,58.0,64.0,55.0,52.0,50.0,46.0,42.0,35.0,39.0,42.0,49.0,48.0,42.0,31.0,25.0,23.0,19.0,19.0,21.0,27.0,30.0,34.0,38.0,35.0,34.0,26.0,28.0,27.0,28.0,30.0,37.0,38.0,46.0,50.0,58.0,54.0,50.0,52.0,48.0,58.0,56.0,58.0,54.0,56.0,63.0,64.0,60.0,62.0,56.0,58.0,48.0,40.0,38.0,46.0,60.0,60.0,72.0,71.0,83.0,78.0,77.0,64.0,50.0,55.0,57.0,74.0,67.0,70.0,66.0,75.0,84.0,79.0,68.0,53.0,49.0,57.0,63.0
394826,497,"Marion, IN",msa,IN,,,,,,,,,,,,,,,,,,,,,,,,,,,,,,,,,,,,,,,,,,,,,,,,,,,,,,,,,,,,,,,,,,,,,,,,50.0,45.0,39.0,31.0,31.0,38.0,42.0,42.0,38.0,44.0,48.0,56.0,68.0,72.0,59.0,39.0,30.0,36.0,37.0,41.0,36.0,39.0,38.0,49.0,55.0,60.0,69.0,71.0,70.0,60.0,53.0
394586,498,"Faribault, MN",msa,MN,,,,45.0,29.0,32.0,37.0,49.0,57.0,66.0,73.0,77.0,74.0,73.0,61.0,52.0,44.0,48.0,50.0,50.0,54.0,62.0,67.0,65.0,60.0,53.0,45.0,46.0,50.0,49.0,40.0,36.0,38.0,43.0,42.0,40.0,34.0,24.0,18.0,16.0,17.0,18.0,19.0,21.0,24.0,29.0,36.0,36.0,36.0,28.0,24.0,21.0,22.0,25.0,26.0,30.0,33.0,43.0,53.0,55.0,46.0,33.0,29.0,30.0,28.0,25.0,27.0,28.0,33.0,40.0,55.0,64.0,60.0,47.0,34.0,27.0,27.0,30.0,36.0,40.0,48.0,57.0,59.0,55.0,46.0,40.0,37.0,34.0,38.0,38.0,45.0,48.0,48.0,53.0,61.0,76.0,72.0,62.0,44.0,37.0,34.0,41.0
395021,499,"Richmond, IN",msa,IN,,,,,,,,,,,,,,,,,,,,,,,,,,,,,,,,,,,,,,,,,,,,,,,,,,,,,,,,,,,,,,,,,,,,,,,,,,,,,,,,,,59.0,61.0,52.0,49.0,44.0,41.0,44.0,43.0,43.0,40.0,42.0,48.0,50.0,53.0,68.0,67.0,72.0,58.0,56.0,51.0,46.0
394829,500,"Marquette, MI",msa,MI,,,,,,,,,,,,,,,,,,,,,,,,,,,,,,,,,,,,,,,,,,,,,,,,,,,,,,,,,,,,,,,,,,,,,,,,,,,,,,,,,,,,,,,,,,,,,,,,,71.0,64.0,79.0,73.0,62.0,56.0
394922,501,"North Wilkesboro, NC",msa,NC,63.0,65.0,68.0,65.0,61.0,62.0,58.0,57.0,68.0,79.0,87.0,88.0,83.0,84.0,77.0,74.0,73.0,89.0,89.0,86.0,71.0,96.0,101.0,108.0,90.0,77.0,72.0,69.0,78.0,73.0,64.0,56.0,52.0,80.0,84.0,98.0,65.0,53.0,30.0,25.0,21.0,24.0,29.0,34.0,40.0,66.0,66.0,58.0,28.0,20.0,18.0,18.0,25.0,29.0,37.0,43.0,44.0,53.0,52.0,63.0,56.0,51.0,40.0,41.0,33.0,35.0,35.0,39.0,41.0,53.0,72.0,72.0,71.0,59.0,69.0,52.0,56.0,51.0,55.0,56.0,69.0,69.0,76.0,60.0,65.0,64.0,73.0,77.0,74.0,68.0,60.0,63.0,59.0,71.0,72.0,87.0,84.0,75.0,54.0,44.0,43.0,50.0
394885,502,"Mount Pleasant, MI",msa,MI,,,,,,,,,,,,,,,,,,,,,,,,,,,,74.0,79.0,83.0,100.0,95.0,78.0,67.0,60.0,65.0,62.0,51.0,39.0,30.0,27.0,26.0,28.0,32.0,37.0,48.0,54.0,55.0,47.0,39.0,30.0,27.0,27.0,32.0,44.0,51.0,57.0,59.0,62.0,64.0,70.0,66.0,58.0,45.0,47.0,64.0,77.0,72.0,54.0,53.0,63.0,61.0,44.0,39.0,42.0,50.0,43.0,44.0,40.0,41.0,42.0,47.0,61.0,66.0,68.0,77.0,68.0,56.0,35.0,35.0,37.0,38.0,42.0,43.0,48.0,66.0,73.0,75.0,50.0,45.0,37.0,36.0
394827,504,"Marion, OH",msa,OH,,,,,,,,,,,,,,,,,,,,,,,,,,,,,,,,,,,31.0,36.0,35.0,32.0,25.0,21.0,14.0,12.0,13.0,15.0,16.0,18.0,21.0,26.0,25.0,19.0,13.0,11.0,17.0,19.0,22.0,21.0,25.0,28.0,37.0,43.0,42.0,29.0,21.0,14.0,13.0,10.0,14.0,16.0,20.0,23.0,29.0,32.0,33.0,28.0,21.0,17.0,23.0,26.0,28.0,23.0,24.0,27.0,33.0,37.0,35.0,29.0,27.0,24.0,24.0,24.0,28.0,29.0,33.0,32.0,42.0,43.0,48.0,39.0,35.0,30.0,32.0,31.0
394360,505,"Baraboo, WI",msa,WI,,,,,,,,,,,,,,,,,,,,,,,,,,,,,,,,,,,,,,,,,,,,,,,,,,,,,,,,,,,,,,,,,,,,,,,,,,,,,,,,,,,,,,,,,,,,,,,,,,44.0,35.0,41.0,46.0,50.0
395016,506,"Red Bluff, CA",msa,CA,,,,,,,,,,,,,,,,,,,,,,,,,,,,,,,,,,,,,,,,,,,,,,,,,,,,,,,,,,,,,,,,,,,,,,,,,,,,,,,,,,,79.0,80.0,83.0,76.0,68.0,64.0,60.0,61.0,53.0,70.0,78.0,84.0,84.0,80.0,87.0,80.0,71.0,66.0,65.0,71.0
394825,507,"Marinette, WI",msa,WI,,,,,,,,,,,,,,,,,,,,,,,,,,,,,,,,,,,,,,,,,,,,,,,,,,,,,,,,,,,,,,,,,,,,,,,,,,,,,,,,,,,,,,,,,,,,,,,,,94.0,99.0,70.0,65.0,53.0,61.0
845163,508,"Jasper, AL",msa,AL,,,,,,,,,,,,,,,,,,,,,,,,,,,,,,,,,,,,,,,,,,,,,,,,,,,,,,,,,,,,,,,,,,,,,,,62.0,64.0,60.0,50.0,40.0,38.0,43.0,52.0,55.0,57.0,65.0,71.0,72.0,71.0,70.0,82.0,77.0,79.0,68.0,68.0,63.0,66.0,61.0,61.0,56.0,77.0,79.0,86.0,68.0,79.0,84.0,87.0
395040,509,"Roswell, NM",msa,NM,,,,,,,,,,,,,,,,,,,,,,,,,,,,,,,,,,,,,,,,,,,,,,,,,,,,,,,,,,,,,,,,,,,,,,,,,75.0,74.0,59.0,56.0,62.0,74.0,76.0,73.0,86.0,82.0,84.0,66.0,78.0,78.0,76.0,60.0,58.0,63.0,66.0,62.0,58.0,55.0,68.0,73.0,80.0,67.0,60.0,61.0,73.0,76.0
395092,510,"Shelton, WA",msa,WA,54.0,44.0,37.0,29.0,26.0,27.0,34.0,40.0,47.0,49.0,59.0,67.0,66.0,52.0,39.0,35.0,35.0,35.0,36.0,38.0,42.0,45.0,50.0,47.0,36.0,27.0,27.0,31.0,33.0,30.0,33.0,32.0,37.0,29.0,24.0,17.0,16.0,14.0,12.0,10.0,11.0,12.0,14.0,17.0,19.0,19.0,20.0,23.0,23.0,17.0,15.0,16.0,19.0,24.0,31.0,37.0,41.0,49.0,57.0,62.0,56.0,44.0,32.0,28.0,32.0,37.0,41.0,43.0,46.0,51.0,55.0,58.0,60.0,54.0,45.0,34.0,36.0,38.0,44.0,46.0,52.0,57.0,60.0,59.0,52.0,42.0,36.0,32.0,37.0,42.0,51.0,57.0,69.0,80.0,86.0,75.0,68.0,55.0,51.0,39.0,42.0,56.0
394899,512,"Nacogdoches, TX",msa,TX,,,,,,,,,,,,,,,,,,,,,,,,,,,,,,,,,,,,,,,,,,,,,,,,,,,,,,,,,,,,,,,,,,,,,,,46.0,54.0,66.0,68.0,62.0,50.0,45.0,41.0,44.0,45.0,53.0,60.0,79.0,94.0,102.0,87.0,71.0,69.0,75.0,80.0,71.0,63.0,72.0,90.0,98.0,90.0,83.0,76.0,82.0,75.0,79.0,79.0
395105,513,"Somerset, KY",msa,KY,,,,,69.0,69.0,78.0,91.0,104.0,102.0,102.0,99.0,100.0,105.0,112.0,110.0,108.0,97.0,110.0,109.0,114.0,112.0,144.0,144.0,128.0,94.0,97.0,110.0,105.0,98.0,86.0,77.0,68.0,68.0,71.0,72.0,58.0,48.0,35.0,35.0,32.0,35.0,30.0,35.0,45.0,51.0,61.0,65.0,62.0,54.0,40.0,36.0,33.0,37.0,48.0,53.0,59.0,61.0,66.0,65.0,68.0,70.0,67.0,60.0,55.0,55.0,57.0,64.0,65.0,66.0,61.0,70.0,72.0,64.0,55.0,56.0,69.0,76.0,73.0,72.0,79.0,89.0,85.0,84.0,81.0,83.0,77.0,68.0,73.0,79.0,94.0,93.0,93.0,94.0,96.0,101.0,95.0,89.0,82.0,80.0,82.0,80.0
394496,514,"Coos Bay, OR",msa,OR,60.0,64.0,61.0,59.0,53.0,56.0,58.0,65.0,67.0,71.0,82.0,85.0,81.0,70.0,60.0,57.0,44.0,50.0,55.0,67.0,78.0,73.0,76.0,65.0,67.0,50.0,58.0,67.0,82.0,74.0,64.0,59.0,50.0,44.0,46.0,53.0,56.0,48.0,36.0,32.0,25.0,27.0,27.0,29.0,32.0,34.0,35.0,31.0,25.0,24.0,19.0,19.0,22.0,31.0,37.0,40.0,45.0,50.0,60.0,54.0,48.0,37.0,37.0,44.0,49.0,52.0,51.0,57.0,58.0,67.0,72.0,81.0,72.0,58.0,52.0,59.0,63.0,70.0,76.0,72.0,69.0,63.0,72.0,68.0,73.0,56.0,60.0,46.0,55.0,54.0,70.0,77.0,73.0,70.0,72.0,82.0,85.0,78.0,68.0,61.0,61.0,70.0
394600,515,"Forest City, NC",msa,NC,,,,,,,,,,,,,,,,,,,,,,,,,,,,,,,,,,,,,,,,,,,,,,,,,,,,,,,,,,,,,,,,,,,,,,,,,,,,,,,,,,,,,,,,,,,,,,,,,,,,,,95.0
394836,516,"Martinsville, VA",msa,VA,,,,,,,,,,,170.0,158.0,163.0,149.0,154.0,143.0,140.0,125.0,132.0,128.0,139.0,125.0,141.0,146.0,164.0,142.0,126.0,114.0,121.0,114.0,93.0,72.0,70.0,83.0,80.0,76.0,61.0,59.0,44.0,35.0,33.0,38.0,45.0,41.0,39.0,30.0,36.0,38.0,42.0,40.0,36.0,29.0,27.0,29.0,30.0,34.0,50.0,58.0,58.0,40.0,37.0,34.0,39.0,40.0,37.0,33.0,42.0,47.0,52.0,46.0,47.0,46.0,46.0,49.0,44.0,44.0,41.0,47.0,44.0,47.0,50.0,46.0,51.0,54.0,56.0,47.0,35.0,31.0,39.0,47.0,55.0,55.0,67.0,75.0,81.0,81.0,75.0,66.0,63.0,60.0,69.0,63.0
395020,517,"Rexburg, ID",msa,ID,,,,,,,,,,,,,,,,,,,,,,,,,,,,,,,,,,,,,,,,,,,,,,,,,,,,,,,,,,,,,,,,,,,,,,,,,,,,,,,,,,,,,,,,,,,,,,,,,106.0,92.0,90.0,89.0,73.0,70.0
394787,518,"Lewiston, ID",msa,ID,,,,,,,,,,,,,,,,,,,,,,,,,,,,,,,,,,,,,46.0,22.0,25.0,23.0,20.0,22.0,22.0,28.0,30.0,33.0,38.0,40.0,34.0,24.0,19.0,20.0,23.0,27.0,32.0,39.0,49.0,53.0,63.0,61.0,62.0,55.0,50.0,46.0,40.0,41.0,48.0,52.0,54.0,60.0,75.0,79.0,67.0,46.0,46.0,42.0,49.0,40.0,43.0,38.0,47.0,54.0,64.0,78.0,73.0,69.0,59.0,57.0,54.0,55.0,62.0,77.0,75.0,89.0,95.0,99.0,86.0,63.0,60.0,60.0,74.0,84.0
394759,519,"Laconia, NH",msa,NH,,,,,,,,,,,,,,,,,,,,,,,,,,,49.0,44.0,47.0,42.0,47.0,37.0,37.0,26.0,29.0,30.0,24.0,16.0,15.0,16.0,16.0,16.0,18.0,22.0,23.0,27.0,26.0,26.0,21.0,15.0,11.0,11.0,16.0,22.0,27.0,29.0,32.0,33.0,42.0,39.0,39.0,30.0,28.0,22.0,20.0,21.0,26.0,28.0,30.0,35.0,43.0,46.0,43.0,35.0,28.0,24.0,26.0,30.0,33.0,35.0,42.0,50.0,58.0,53.0,46.0,34.0,28.0,25.0,28.0,30.0,36.0,39.0,45.0,51.0,59.0,71.0,62.0,52.0,37.0,38.0,39.0,42.0
394629,520,"Georgetown, SC",msa,SC,73.0,81.0,81.0,86.0,91.0,104.0,102.0,106.0,112.0,117.0,121.0,114.0,117.0,113.0,115.0,116.0,121.0,119.0,126.0,130.0,142.0,149.0,149.0,142.0,145.0,154.0,156.0,145.0,142.0,140.0,141.0,122.0,106.0,98.0,102.0,105.0,99.0,84.0,76.0,55.0,50.0,39.0,47.0,47.0,47.0,41.0,37.0,40.0,38.0,31.0,22.0,21.0,21.0,25.0,27.0,39.0,47.0,54.0,59.0,56.0,59.0,49.0,49.0,42.0,45.0,44.0,48.0,51.0,59.0,59.0,58.0,58.0,55.0,59.0,55.0,61.0,60.0,64.0,64.0,63.0,72.0,79.0,82.0,82.0,80.0,84.0,85.0,88.0,87.0,82.0,83.0,91.0,94.0,91.0,98.0,97.0,97.0,83.0,82.0,82.0,77.0,75.0
394343,521,"Athens, OH",msa,OH,,,,,,,,,,,,,,,,,,,,,,,,,,,,,,,,,,,,,,,,,,,,,,,,,,,,,,,,,,,,,,,,,,,,,,,,,,,,,,,,,,,,,,,,,,,,,,,,,,,,,,73.0
395063,522,"Sanford, NC",msa,NC,66.0,63.0,63.0,53.0,54.0,49.0,54.0,58.0,64.0,65.0,69.0,74.0,67.0,51.0,38.0,40.0,40.0,38.0,38.0,46.0,51.0,51.0,53.0,60.0,59.0,60.0,48.0,56.0,48.0,42.0,29.0,24.0,23.0,22.0,21.0,23.0,19.0,20.0,15.0,14.0,10.0,13.0,17.0,18.0,18.0,18.0,24.0,23.0,20.0,13.0,10.0,9.0,10.0,13.0,18.0,23.0,28.0,34.0,35.0,37.0,32.0,29.0,27.0,25.0,27.0,29.0,28.0,32.0,35.0,45.0,54.0,52.0,48.0,40.0,40.0,38.0,38.0,41.0,46.0,49.0,54.0,61.0,62.0,60.0,52.0,56.0,49.0,50.0,44.0,54.0,56.0,63.0,62.0,65.0,66.0,79.0,79.0,69.0,53.0,51.0,54.0,57.0
394570,523,"Enid, OK",msa,OK,,,,,,,,,,,,,,,,,,,,,,,,,,,,,,,,,,,,,,,51.0,51.0,51.0,38.0,25.0,34.0,44.0,49.0,50.0,50.0,46.0,41.0,36.0,30.0,29.0,26.0,34.0,39.0,42.0,49.0,56.0,57.0,51.0,42.0,40.0,36.0,31.0,34.0,33.0,42.0,41.0,45.0,45.0,55.0,59.0,58.0,47.0,44.0,43.0,44.0,49.0,48.0,48.0,43.0,47.0,62.0,63.0,58.0,47.0,45.0,45.0,42.0,44.0,52.0,55.0,67.0,74.0,86.0,89.0,78.0,69.0,60.0,55.0,56.0
394889,524,"Mount Vernon, OH",msa,OH,,,,,,,,,,,,,,,,,,,,,,,,,,,,,,,,,,,,,,,,,,,,,,,,,,,,,,,,,,,,,,,,,,,,,,,,,,,,,,,,,,,,,,,,,,,,,,,,52.0,59.0,64.0,57.0,55.0,39.0,44.0
395199,525,"Walla Walla, WA",msa,WA,,,,,,,,,,,,,,,,,,,,,,,,,,,,,,,,,,,,,,,,,,,,,,,,,,,,,,,,,,,,,,,,,,,,,,,,62.0,69.0,64.0,51.0,43.0,40.0,47.0,57.0,66.0,65.0,62.0,64.0,64.0,57.0,47.0,41.0,37.0,46.0,52.0,61.0,69.0,72.0,83.0,83.0,86.0,82.0,66.0,57.0,52.0,63.0,71.0
394701,527,"Hutchinson, KS",msa,KS,,,,,,,,,,,,,,,,,,,,,,,,,,,,,,,,,,,,,,,,,,,,,,,,,,,,,,,,,,,,,,,,,,,,,,,,,,,,,,,,,42.0,55.0,53.0,49.0,40.0,42.0,34.0,37.0,33.0,36.0,32.0,32.0,38.0,47.0,59.0,60.0,51.0,40.0,34.0,35.0,34.0,35.0
394693,528,"Hudson, NY",msa,NY,85.0,92.0,101.0,98.0,95.0,90.0,98.0,107.0,123.0,132.0,146.0,146.0,168.0,179.0,171.0,136.0,131.0,145.0,158.0,157.0,144.0,147.0,148.0,166.0,169.0,173.0,160.0,156.0,141.0,139.0,125.0,112.0,105.0,102.0,111.0,105.0,101.0,87.0,83.0,77.0,66.0,62.0,64.0,69.0,73.0,80.0,98.0,107.0,103.0,81.0,69.0,64.0,57.0,52.0,55.0,63.0,74.0,84.0,100.0,107.0,96.0,87.0,68.0,65.0,58.0,63.0,70.0,71.0,75.0,87.0,100.0,113.0,110.0,104.0,88.0,82.0,79.0,83.0,85.0,80.0,83.0,96.0,120.0,137.0,117.0,103.0,81.0,80.0,63.0,67.0,61.0,68.0,74.0,97.0,128.0,136.0,131.0,96.0,78.0,63.0,70.0,76.0
395124,529,"Starkville, MS",msa,MS,,,,,,,,,,,,,,,,,,,,,,,,,,,,,,,,,,,,,,,,,,,,,,,,,,,,,,,,,,,,,,,,,,,,,,,,,,,,,,,,,,,,110.0,110.0,92.0,83.0,87.0,92.0,105.0,111.0,120.0,105.0,92.0,87.0,98.0,94.0,85.0,54.0,59.0,67.0,77.0
394443,530,"Carlsbad, NM",msa,NM,,,,,,,,,,,,,,,,,,,,,,,,,,,,,,,,,,,,,,,,,,,,,,,,,,,,,,,,,,,,,,,,,,,,,,,79.0,63.0,59.0,47.0,37.0,27.0,31.0,32.0,39.0,51.0,64.0,77.0,64.0,68.0,55.0,58.0,57.0,64.0,67.0,53.0,40.0,40.0,49.0,53.0,57.0,65.0,69.0,70.0,58.0,51.0,47.0,50.0
394631,531,"Gillette, WY",msa,WY,,,,,,,,,,,,,,,,,,,,,,,,,,,,,,,,,,,,,,,,,,,,,,,,,,,,,,,,,,,,,,,,,,,,,,,,,,,,,,,,,,,,,,,,,,,50.0,54.0,75.0,85.0,91.0,79.0,73.0,70.0,64.0,54.0,44.0,41.0
395136,532,"Sturgis, MI",msa,MI,,,,,,,,,,,,,,,,,,,,,,,,,,,77.0,95.0,76.0,71.0,55.0,48.0,43.0,41.0,43.0,39.0,37.0,32.0,27.0,23.0,22.0,23.0,26.0,24.0,30.0,31.0,31.0,43.0,48.0,50.0,35.0,25.0,21.0,24.0,28.0,33.0,38.0,47.0,50.0,55.0,53.0,48.0,38.0,29.0,28.0,25.0,24.0,23.0,24.0,27.0,32.0,36.0,39.0,36.0,36.0,32.0,40.0,36.0,41.0,33.0,40.0,43.0,56.0,51.0,52.0,47.0,54.0,46.0,43.0,42.0,46.0,44.0,38.0,38.0,51.0,59.0,64.0,55.0,46.0,37.0,33.0,34.0
395044,533,"Rutland, VT",msa,VT,,,,,,,,,,,,,,,,,,,,,,,,,,,,,,,138.0,120.0,109.0,97.0,84.0,88.0,75.0,62.0,44.0,41.0,37.0,41.0,40.0,48.0,51.0,50.0,52.0,47.0,42.0,28.0,20.0,17.0,21.0,29.0,34.0,50.0,61.0,62.0,53.0,49.0,57.0,49.0,40.0,28.0,31.0,32.0,34.0,32.0,34.0,37.0,38.0,40.0,33.0,40.0,34.0,32.0,26.0,30.0,36.0,43.0,56.0,66.0,77.0,82.0,81.0,61.0,38.0,26.0,33.0,48.0,55.0,55.0,62.0,66.0,73.0,70.0,69.0,75.0,56.0,52.0,33.0,41.0
394509,534,"Crossville, TN",msa,TN,61.0,58.0,62.0,62.0,68.0,63.0,68.0,72.0,85.0,88.0,91.0,94.0,89.0,88.0,82.0,89.0,82.0,84.0,77.0,75.0,72.0,92.0,97.0,98.0,80.0,80.0,74.0,70.0,69.0,81.0,72.0,69.0,53.0,52.0,50.0,47.0,51.0,40.0,39.0,30.0,29.0,25.0,30.0,31.0,37.0,42.0,49.0,47.0,38.0,28.0,23.0,23.0,29.0,33.0,35.0,38.0,41.0,48.0,53.0,57.0,57.0,55.0,50.0,47.0,44.0,48.0,53.0,62.0,63.0,79.0,70.0,69.0,48.0,55.0,59.0,71.0,69.0,70.0,70.0,78.0,87.0,100.0,106.0,119.0,108.0,99.0,75.0,69.0,71.0,78.0,84.0,86.0,94.0,103.0,110.0,109.0,104.0,93.0,91.0,93.0,105.0,108.0
845162,535,"Granbury, TX",msa,TX,,,,,,,,,,,,,,,,,,,,,,,,,,,,,,,,,,,,,,,,,,,,,,,,,,,,,,,,,,,27.0,23.0,15.0,21.0,27.0,33.0,36.0,40.0,45.0,59.0,66.0,71.0,71.0,73.0,83.0,76.0,74.0,63.0,65.0,69.0,71.0,75.0,77.0,83.0,87.0,101.0,101.0,91.0,79.0,78.0,90.0,95.0,92.0,91.0,90.0,94.0,100.0,102.0,97.0,89.0,80.0,79.0,79.0,80.0
395049,537,"Salina, KS",msa,KS,,,,,,,,,,,,,,,,,,,,,,,,,,,,,,,,,,,,,,,,,,,47.0,51.0,30.0,31.0,32.0,27.0,21.0,22.0,23.0,22.0,19.0,21.0,25.0,23.0,28.0,36.0,42.0,49.0,43.0,42.0,35.0,33.0,28.0,29.0,27.0,33.0,30.0,33.0,35.0,45.0,50.0,42.0,33.0,25.0,22.0,24.0,32.0,38.0,37.0,36.0,41.0,53.0,55.0,50.0,39.0,31.0,33.0,31.0,38.0,35.0,43.0,46.0,53.0,59.0,52.0,41.0,28.0,24.0,25.0,26.0
394591,539,"Fergus Falls, MN",msa,MN,,,,,,,,,,,,,,,,,,,,,,,,,,,,,,,,,,,,,,,,,,,,,,,,,,,,,,,,,,,,,,,,,,,,,,,,,,,,,,,,,,,,,,,,,,,,,,,,,103.0,88.0,69.0,66.0,60.0,61.0
394362,540,"Barre, VT",msa,VT,,,,,,,,,,,,,,,,,,,,,,,,,,,,,,,60.0,69.0,73.0,72.0,73.0,68.0,51.0,44.0,35.0,29.0,19.0,21.0,25.0,32.0,38.0,39.0,40.0,37.0,34.0,22.0,19.0,18.0,19.0,18.0,17.0,21.0,27.0,36.0,39.0,41.0,34.0,25.0,17.0,13.0,18.0,19.0,24.0,26.0,40.0,41.0,41.0,32.0,34.0,34.0,32.0,27.0,24.0,24.0,28.0,31.0,37.0,47.0,56.0,61.0,55.0,49.0,36.0,33.0,34.0,38.0,40.0,47.0,54.0,65.0,69.0,73.0,76.0,61.0,52.0,38.0,40.0,41.0
394618,541,"Fremont, OH",msa,OH,63.0,55.0,43.0,42.0,33.0,36.0,46.0,50.0,52.0,54.0,63.0,70.0,71.0,63.0,58.0,53.0,61.0,56.0,52.0,43.0,45.0,54.0,68.0,72.0,70.0,60.0,55.0,51.0,46.0,36.0,27.0,25.0,25.0,25.0,29.0,36.0,36.0,31.0,19.0,15.0,12.0,12.0,15.0,18.0,23.0,24.0,25.0,21.0,17.0,18.0,17.0,17.0,15.0,17.0,20.0,20.0,24.0,29.0,32.0,31.0,26.0,20.0,16.0,16.0,18.0,21.0,21.0,21.0,17.0,22.0,26.0,30.0,26.0,21.0,18.0,17.0,17.0,17.0,19.0,20.0,17.0,24.0,34.0,45.0,45.0,42.0,29.0,24.0,17.0,21.0,19.0,20.0,21.0,33.0,37.0,39.0,33.0,32.0,27.0,23.0,18.0,22.0
394939,542,"Oneonta, NY",msa,NY,,,,,,,,,,,,,,,,,,,,,,,,,,,,,,,,,,,,,,,,,,,,,,,,,,,,,,,,,,,,,,,,,,,,,,,,,,,,,,,,,,,,,100.0,91.0,86.0,55.0,49.0,53.0,68.0,72.0,71.0,72.0,79.0,81.0,67.0,81.0,76.0,86.0,63.0,68.0
394490,543,"Columbus, MS",msa,MS,,,,,,,,,,,,,,,,,,,,,,,,,,,,,,,,,,,,,,,,,,,,,,,,,,,,,,,,,,,,,,,,,,,,,,,,,,,,,,,,,,,,,,,,,,52.0,54.0,57.0,58.0,66.0,79.0,85.0,69.0,65.0,60.0,65.0,65.0,65.0
394923,544,"Norwalk, OH",msa,OH,,,,,,,,,,,,,,,,,,,,,,,,,,,,,,,,,,,,,,,,,,,,,,,,,,,,,,,,,,,,,,,,,,,,,,,,,,,,,,,,,,,,,,,,,,,,,,,,48.0,46.0,38.0,32.0,28.0,30.0,29.0
394365,545,"Batavia, NY",msa,NY,,,,,,,,,,,,,,,,,,,,,,,,,,,,,,,,,,,,,,,,,,,,,,,,,,,,,,,,,,,,,,,,,,,,,,,,,,,,,,,,,,,,,,,,,,,,,,,,,36.0,27.0,19.0,19.0,18.0,21.0
394336,546,"Ardmore, OK",msa,OK,,,,,,,,,,,,,,,,,,,,,,,,,,,,,,,,,,53.0,43.0,51.0,48.0,49.0,37.0,35.0,29.0,29.0,33.0,36.0,39.0,40.0,46.0,47.0,47.0,41.0,41.0,35.0,34.0,33.0,39.0,40.0,49.0,58.0,67.0,65.0,66.0,59.0,56.0,49.0,50.0,60.0,73.0,79.0,67.0,63.0,62.0,66.0,62.0,66.0,64.0,56.0,52.0,63.0,76.0,79.0,74.0,76.0,101.0,97.0,112.0,83.0,91.0,81.0,85.0,80.0,78.0,83.0,87.0,82.0,81.0,99.0,100.0,102.0,93.0,96.0,101.0,92.0
394956,547,"Palestine, TX",msa,TX,,,,,,,,,,,,,,,,,,,,,,,,,,,,,,,,,,,,,,,,,,,,,,,,,,,,,,,,,,,,,,,,,,,,,,,,,,,,,,,,,,,,,,,,,,,,,97.0,87.0,95.0,111.0,104.0,110.0,80.0,77.0,84.0,106.0
394605,548,"Fort Madison, IA",msa,IA,,,,,,,,,,,,,,,,,,,,,,,,,,,,,,,,,,,,,,,,,,,,,,,,,,,,,,,,,,,,,,,,,,,,,,,,,,,,,,,,,,,,,98.0,105.0,89.0,85.0,88.0,85.0,92.0,82.0,84.0,87.0,94.0,110.0,112.0,122.0,104.0,105.0,98.0,104.0
394456,549,"Charleston, IL",msa,IL,,,,,,,,,,,,,146.0,150.0,127.0,103.0,89.0,76.0,75.0,76.0,77.0,86.0,94.0,99.0,126.0,125.0,122.0,90.0,88.0,88.0,95.0,98.0,115.0,114.0,106.0,86.0,81.0,74.0,61.0,51.0,43.0,38.0,30.0,35.0,37.0,44.0,51.0,56.0,48.0,38.0,35.0,33.0,30.0,30.0,31.0,33.0,35.0,44.0,51.0,50.0,45.0,38.0,43.0,48.0,45.0,35.0,29.0,32.0,35.0,36.0,36.0,39.0,32.0,25.0,26.0,26.0,27.0,21.0,24.0,27.0,30.0,32.0,42.0,46.0,43.0,37.0,39.0,40.0,36.0,30.0,32.0,30.0,34.0,43.0,50.0,55.0,48.0,41.0,28.0,26.0,27.0,32.0
394592,550,"Fernley, NV",msa,NV,,,,,,,,,,,,,,,,,,,,,,,80.0,71.0,60.0,55.0,57.0,55.0,38.0,35.0,43.0,41.0,40.0,34.0,43.0,38.0,33.0,22.0,20.0,15.0,15.0,17.0,18.0,20.0,24.0,28.0,33.0,33.0,30.0,24.0,22.0,27.0,32.0,36.0,41.0,49.0,58.0,65.0,76.0,84.0,88.0,78.0,65.0,48.0,36.0,34.0,35.0,45.0,48.0,59.0,60.0,63.0,58.0,51.0,45.0,39.0,40.0,43.0,49.0,58.0,59.0,66.0,71.0,72.0,66.0,54.0,46.0,43.0,40.0,46.0,43.0,47.0,50.0,54.0,64.0,63.0,70.0,56.0,45.0,35.0,35.0,37.0
394444,551,"Carson City, NV",msa,NV,,,,,,,,,,,,,,,,,,,,,,,,,,,,,,,,,,,37.0,34.0,28.0,18.0,14.0,14.0,14.0,14.0,17.0,18.0,24.0,27.0,32.0,26.0,21.0,15.0,15.0,18.0,23.0,32.0,40.0,47.0,51.0,56.0,60.0,64.0,61.0,51.0,45.0,37.0,36.0,35.0,40.0,40.0,42.0,44.0,54.0,51.0,43.0,32.0,32.0,37.0,38.0,39.0,39.0,49.0,57.0,58.0,55.0,51.0,46.0,47.0,44.0,50.0,41.0,42.0,46.0,53.0,49.0,46.0,47.0,61.0,58.0,47.0,29.0,27.0,28.0,30.0
394551,552,"Eagle Pass, TX",msa,TX,,,,,,,,,,,,,,,,,,,,,,,,,,,,,,,,,,,,,,,,,,,,,,,,,,,,,,,,,,,,,,,,,,,,,,,,,,,,,,,,,,,,,,,,,,,,,,,,,,,,95.0,147.0,173.0
394432,553,"Calhoun, GA",msa,GA,,,,,,,,,,,,,,,,,,,,,,,,,,,,,,,,,,,,,,,,,,,,,,,,,,,,,,,,,,,,,,,,,,,,,,,,,,,,,,,,,,66.0,76.0,80.0,81.0,76.0,81.0,71.0,64.0,58.0,51.0,54.0,54.0,70.0,87.0,88.0,81.0,64.0,60.0,60.0,65.0,58.0
753877,554,"Cullowhee, NC",msa,NC,,,,,,,,,,,,,,,,,,,,,,,,,,,,,,,,,,,,,,,,,,,,,,,,,,,,,,,,,,,,,,,,,,,,,,,,,,,,,,,,,,,,99.0,89.0,97.0,71.0,68.0,74.0,89.0,110.0,117.0,127.0,123.0,119.0,124.0,131.0,123.0,107.0,93.0,92.0,97.0
394737,555,"Kearney, NE",msa,NE,,,,,,,,,,,,,,,,,,,,,,,,,,,,,,,,,,,,,,,,,,,,,,,,,,,,,,,,,,,,,,,,,,,,,,,,,,,,,,,,,,,,,,,,,,,,,,,,43.0,42.0,35.0,32.0,24.0,26.0,28.0
394582,556,"Fairmont, WV",msa,WV,,,,,,,,,,,,,,,,,,,,,,,,,,,,,,,,,,,,,,,,,,,,,,,,,,,,,,,,,,,,,,,,,,,,,,,,,,,,,,,,,,,,,,,,,,,,,,,,39.0,35.0,30.0,25.0,29.0,34.0,34.0
394940,557,"Ontario, OR",msa,OR,,,,,,,,,,,,,,,,,,,,,,,,,,,,,,,,,,,,,,,,,,,,,,,,,,,,,,,,,,,,,,,,,,,,,,,,,,,,,,,,,,,,86.0,91.0,78.0,84.0,77.0,87.0,70.0,75.0,73.0,80.0,87.0,87.0,90.0,80.0,73.0,59.0,53.0,64.0,69.0
394621,558,"Gaffney, SC",msa,SC,,,,,,,,,,,,,,,,,,,,,,,,,,,,,,,,,,,,,,,,,,,,,,,,,,,,,,,,,,,,,,,,,,,,,,,,,,,,,,,,,,,,,,,,,,,,,,,67.0,54.0,70.0,76.0,80.0,65.0,59.0,61.0
394977,559,"Picayune, MS",msa,MS,,92.0,85.0,86.0,77.0,81.0,88.0,98.0,101.0,103.0,107.0,119.0,120.0,113.0,107.0,93.0,93.0,82.0,86.0,95.0,103.0,104.0,121.0,132.0,129.0,107.0,101.0,106.0,102.0,89.0,86.0,75.0,82.0,69.0,74.0,68.0,70.0,59.0,48.0,41.0,35.0,29.0,31.0,43.0,59.0,59.0,59.0,50.0,44.0,33.0,33.0,31.0,34.0,30.0,39.0,44.0,45.0,48.0,55.0,66.0,62.0,58.0,49.0,49.0,47.0,41.0,41.0,40.0,59.0,73.0,82.0,82.0,74.0,79.0,78.0,71.0,61.0,54.0,69.0,72.0,91.0,87.0,112.0,106.0,107.0,87.0,85.0,92.0,90.0,86.0,75.0,79.0,85.0,88.0,93.0,90.0,88.0,78.0,72.0,70.0,78.0,85.0
395131,560,"Sterling, IL",msa,IL,80.0,80.0,78.0,67.0,65.0,66.0,65.0,73.0,73.0,98.0,98.0,105.0,101.0,98.0,81.0,58.0,62.0,78.0,89.0,91.0,79.0,87.0,87.0,105.0,110.0,99.0,93.0,74.0,71.0,63.0,67.0,66.0,61.0,59.0,62.0,72.0,72.0,71.0,53.0,43.0,33.0,34.0,34.0,37.0,35.0,40.0,43.0,57.0,56.0,54.0,39.0,34.0,27.0,29.0,32.0,38.0,43.0,51.0,60.0,59.0,56.0,47.0,46.0,37.0,41.0,40.0,46.0,41.0,41.0,36.0,36.0,44.0,58.0,57.0,47.0,29.0,25.0,23.0,29.0,32.0,42.0,53.0,60.0,60.0,47.0,40.0,33.0,31.0,33.0,32.0,35.0,35.0,36.0,36.0,41.0,45.0,51.0,46.0,49.0,45.0,45.0,39.0
394411,561,"Branson, MO",msa,MO,72.0,70.0,65.0,65.0,72.0,76.0,85.0,90.0,99.0,102.0,106.0,107.0,103.0,98.0,89.0,89.0,93.0,99.0,98.0,95.0,92.0,100.0,105.0,109.0,99.0,87.0,85.0,86.0,87.0,79.0,73.0,70.0,63.0,65.0,57.0,59.0,48.0,42.0,34.0,28.0,24.0,25.0,23.0,26.0,31.0,32.0,35.0,37.0,40.0,35.0,27.0,23.0,28.0,29.0,35.0,40.0,46.0,46.0,54.0,66.0,75.0,72.0,66.0,64.0,63.0,60.0,63.0,57.0,62.0,64.0,77.0,76.0,71.0,66.0,59.0,68.0,70.0,78.0,76.0,86.0,93.0,92.0,95.0,99.0,100.0,90.0,81.0,78.0,71.0,74.0,78.0,93.0,104.0,109.0,113.0,114.0,113.0,105.0,94.0,85.0,87.0,91.0
394446,562,"Cedar City, UT",msa,UT,,,,,,,,,,,,,,,,,,,,,,,,,,,,,,,,,,,,,,,,,,,,,,,,,,,,,,,,,,78.0,83.0,92.0,92.0,91.0,78.0,59.0,53.0,63.0,72.0,72.0,71.0,69.0,78.0,76.0,78.0,76.0,74.0,72.0,74.0,78.0,77.0,80.0,99.0,102.0,107.0,94.0,89.0,79.0,72.0,72.0,67.0,71.0,87.0,99.0,101.0,104.0,102.0,102.0,89.0,78.0,75.0,79.0,85.0,90.0
395216,563,"Waycross, GA",msa,GA,,,,,,,,,,,,,,,,,,,,,,,,,,,,,,,,,,,,,,,,,,,,,,,,,,,,,,,,,,,,,,,,,,,,,,,,,,,,,,,,,,,,,,,,,,,,,,,114.0,110.0,106.0,96.0,101.0,93.0,85.0,75.0
394951,564,"Oxford, MS",msa,MS,72.0,72.0,68.0,68.0,69.0,76.0,97.0,103.0,115.0,110.0,119.0,117.0,111.0,108.0,106.0,104.0,111.0,117.0,123.0,123.0,131.0,152.0,149.0,144.0,122.0,111.0,102.0,94.0,92.0,90.0,92.0,112.0,124.0,138.0,135.0,127.0,106.0,91.0,75.0,70.0,59.0,48.0,49.0,49.0,59.0,60.0,63.0,61.0,48.0,41.0,25.0,23.0,20.0,25.0,32.0,39.0,39.0,46.0,46.0,63.0,56.0,56.0,45.0,47.0,51.0,46.0,45.0,49.0,63.0,68.0,58.0,50.0,46.0,43.0,39.0,35.0,39.0,42.0,49.0,53.0,66.0,72.0,77.0,70.0,67.0,63.0,59.0,57.0,59.0,57.0,59.0,66.0,75.0,77.0,84.0,90.0,90.0,74.0,64.0,61.0,68.0,70.0
394721,565,"Jasper, IN",msa,IN,,,,,,,,,,,,,,,,,,,,,,,,,,,,,,,,,,,,,,,,,,,,,,,,,,,,,,,,,,,,,,,,,,,,,,,,,,,,,,,,,,,55.0,82.0,89.0,75.0,46.0,42.0,45.0,52.0,58.0,67.0,61.0,57.0,60.0,63.0,56.0,49.0,44.0,40.0,42.0,44.0
394556,566,"Edwards, CO",msa,CO,,,,,,,,,,,,,,,,,,,,,,,,,,,82.0,114.0,129.0,120.0,128.0,158.0,167.0,165.0,126.0,96.0,75.0,59.0,52.0,37.0,33.0,35.0,36.0,40.0,38.0,39.0,41.0,38.0,38.0,26.0,20.0,16.0,21.0,29.0,35.0,43.0,43.0,46.0,54.0,64.0,68.0,68.0,65.0,60.0,50.0,51.0,61.0,60.0,64.0,58.0,70.0,73.0,71.0,67.0,65.0,65.0,62.0,58.0,69.0,77.0,88.0,86.0,78.0,75.0,76.0,79.0,68.0,60.0,63.0,80.0,96.0,100.0,100.0,94.0,105.0,107.0,118.0,110.0,99.0,87.0,77.0,81.0
394547,567,"Durango, CO",msa,CO,79.0,77.0,65.0,69.0,73.0,83.0,87.0,94.0,100.0,108.0,117.0,118.0,115.0,110.0,98.0,90.0,82.0,93.0,97.0,104.0,106.0,123.0,141.0,143.0,135.0,119.0,118.0,98.0,98.0,93.0,103.0,93.0,88.0,74.0,70.0,61.0,60.0,43.0,34.0,27.0,29.0,32.0,32.0,36.0,37.0,38.0,36.0,37.0,38.0,37.0,33.0,27.0,31.0,36.0,41.0,45.0,53.0,59.0,65.0,73.0,74.0,64.0,50.0,41.0,46.0,51.0,54.0,47.0,45.0,51.0,59.0,58.0,59.0,59.0,57.0,45.0,40.0,42.0,49.0,57.0,65.0,75.0,83.0,75.0,76.0,67.0,59.0,48.0,48.0,57.0,57.0,66.0,78.0,101.0,101.0,104.0,87.0,74.0,57.0,51.0,54.0,61.0
394750,568,"Kinston, NC",msa,NC,,,,,,,,,,,,,,,,,,,,,,,,,,,,,,,,,,,,,,,,,,,,,,,,,,,,,,,,,,,,,,,,,,,,,,,,,,,,,,,,,,,,,,,,,,,,,,,,76.0,78.0,81.0,73.0,67.0,57.0,61.0
753920,569,"Sonora, CA",msa,CA,,,,,,,,,,,,,,,,,,,,,,,,,,,,,,,,,,,,,,,,,,,,,,,,,,,,,,,,,,,,,,,,,,,,,,,,,,,,,,,,,,,,,,,,,,,,,,,,,,,,,,49.0
395157,570,"Tiffin, OH",msa,OH,,,,,,,,,,,,,,,,,,,,,,,,,,,,,,,,,,,,,,,,,,,,,,,,,,,,,,,,,,,,,,,,,,,,,,,,,,,,,,,,,,,,,,,,,,,,,,,,53.0,52.0,46.0,28.0,23.0,19.0,21.0
394366,571,"Batesville, AR",msa,AR,,,,,,,,,,,,,,,,,,,,,,,,,,,,,,,,,,,,,,,,,,,,,,,,,,,,,,,,,,,,,,,,,,,,,,,89.0,95.0,91.0,74.0,64.0,56.0,55.0,53.0,54.0,56.0,66.0,67.0,87.0,85.0,99.0,79.0,79.0,79.0,80.0,77.0,80.0,82.0,70.0,63.0,71.0,90.0,99.0,88.0,86.0,76.0,82.0,76.0
394989,572,"Point Pleasant, WV",msa,OH,,,,,,,,,,,,,,,,,,,,,,,,,,,,,,,,,,,,,,,,,,,,,,,,,,,,,,,,,,,,,,,,,,,,,,,,,,,,,,,,,,,,,,,,,,,,,,,,,,,,,,79.0
394566,573,"Elko, NV",msa,NV,,,,,,,,,,,,,,,,,,,,,,,,,,,,,,,,,,,,,,,,,,,,,,,,,,,31.0,25.0,26.0,27.0,28.0,30.0,32.0,42.0,50.0,49.0,49.0,38.0,36.0,25.0,27.0,25.0,35.0,40.0,46.0,43.0,52.0,53.0,55.0,56.0,48.0,47.0,43.0,54.0,59.0,58.0,55.0,64.0,68.0,79.0,65.0,67.0,51.0,51.0,34.0,51.0,50.0,60.0,46.0,54.0,62.0,65.0,54.0,42.0,44.0,40.0,39.0,36.0
394517,574,"Danville, KY",msa,KY,64.0,59.0,53.0,52.0,49.0,57.0,70.0,70.0,72.0,74.0,80.0,80.0,75.0,77.0,91.0,91.0,85.0,76.0,80.0,88.0,88.0,80.0,94.0,86.0,88.0,66.0,73.0,69.0,71.0,60.0,55.0,45.0,47.0,48.0,52.0,44.0,33.0,28.0,29.0,28.0,25.0,23.0,29.0,34.0,36.0,40.0,44.0,54.0,49.0,43.0,33.0,27.0,26.0,28.0,38.0,50.0,57.0,59.0,57.0,55.0,55.0,51.0,46.0,48.0,50.0,55.0,59.0,57.0,53.0,45.0,55.0,72.0,74.0,75.0,63.0,56.0,50.0,52.0,50.0,58.0,51.0,64.0,71.0,77.0,73.0,59.0,59.0,55.0,49.0,50.0,55.0,57.0,61.0,61.0,67.0,68.0,74.0,66.0,60.0,52.0,68.0,64.0
394632,575,"Glasgow, KY",msa,KY,,,,,,,,,,,,,,,,,,,,,,,,,,,,,,,,,,,,,,,,,,,,,,,,,,,,,,,,,,,,,,,,,,,,,,,,,,,,,,,,,,,,,,,,,,,,,,,91.0,93.0,101.0,97.0,86.0,61.0,54.0,57.0
395122,576,"St. Marys, GA",msa,GA,54.0,53.0,52.0,46.0,50.0,54.0,66.0,70.0,74.0,77.0,83.0,93.0,86.0,80.0,65.0,62.0,66.0,70.0,73.0,70.0,72.0,73.0,75.0,71.0,63.0,62.0,59.0,55.0,46.0,41.0,42.0,39.0,39.0,48.0,54.0,46.0,32.0,22.0,22.0,22.0,19.0,18.0,18.0,20.0,25.0,23.0,24.0,24.0,26.0,25.0,19.0,16.0,15.0,17.0,21.0,26.0,28.0,29.0,37.0,46.0,47.0,41.0,33.0,32.0,36.0,37.0,39.0,36.0,37.0,46.0,53.0,61.0,51.0,41.0,37.0,40.0,45.0,42.0,42.0,40.0,39.0,45.0,60.0,62.0,58.0,49.0,45.0,49.0,47.0,58.0,62.0,70.0,75.0,77.0,83.0,76.0,80.0,79.0,83.0,74.0,71.0,71.0
394402,577,"Boone, NC",msa,NC,,,,,,,,,,,159.0,155.0,150.0,142.0,117.0,105.0,107.0,108.0,118.0,121.0,133.0,139.0,143.0,138.0,132.0,140.0,129.0,114.0,98.0,90.0,79.0,63.0,65.0,68.0,85.0,73.0,63.0,33.0,26.0,20.0,21.0,25.0,28.0,31.0,33.0,37.0,46.0,45.0,41.0,29.0,29.0,29.0,30.0,33.0,40.0,45.0,48.0,53.0,57.0,59.0,53.0,51.0,53.0,55.0,59.0,60.0,61.0,57.0,62.0,66.0,72.0,83.0,85.0,86.0,69.0,57.0,49.0,54.0,68.0,75.0,86.0,96.0,102.0,101.0,93.0,81.0,67.0,54.0,56.0,63.0,74.0,83.0,91.0,99.0,114.0,123.0,120.0,98.0,74.0,67.0,83.0,98.0
395204,578,"Warrensburg, MO",msa,MO,57.0,54.0,48.0,43.0,44.0,50.0,57.0,56.0,55.0,51.0,56.0,61.0,57.0,53.0,41.0,41.0,39.0,45.0,52.0,65.0,63.0,63.0,56.0,59.0,55.0,53.0,51.0,45.0,40.0,32.0,32.0,31.0,31.0,30.0,32.0,35.0,35.0,25.0,16.0,10.0,12.0,14.0,19.0,21.0,23.0,23.0,33.0,32.0,29.0,16.0,14.0,14.0,18.0,18.0,24.0,28.0,34.0,37.0,44.0,52.0,51.0,41.0,32.0,24.0,22.0,21.0,22.0,23.0,27.0,35.0,47.0,55.0,54.0,45.0,35.0,31.0,30.0,33.0,39.0,44.0,49.0,55.0,60.0,63.0,59.0,50.0,42.0,34.0,36.0,40.0,49.0,52.0,54.0,52.0,54.0,54.0,59.0,54.0,50.0,42.0,42.0,45.0
394634,579,"Gloversville, NY",msa,NY,84.0,77.0,69.0,55.0,59.0,60.0,74.0,79.0,89.0,88.0,121.0,152.0,165.0,137.0,101.0,89.0,84.0,90.0,89.0,94.0,94.0,103.0,109.0,127.0,130.0,130.0,119.0,114.0,97.0,82.0,71.0,71.0,64.0,77.0,81.0,81.0,69.0,57.0,48.0,29.0,25.0,28.0,35.0,40.0,51.0,56.0,65.0,59.0,62.0,51.0,44.0,30.0,28.0,33.0,40.0,44.0,44.0,45.0,69.0,77.0,75.0,54.0,51.0,55.0,47.0,52.0,55.0,60.0,53.0,57.0,63.0,63.0,51.0,56.0,50.0,56.0,48.0,51.0,55.0,51.0,52.0,49.0,57.0,64.0,67.0,62.0,50.0,44.0,39.0,43.0,39.0,40.0,42.0,48.0,60.0,69.0,76.0,66.0,59.0,51.0,52.0,51.0
394604,580,"Fort Leonard Wood, MO",msa,MO,79.0,80.0,73.0,65.0,71.0,73.0,92.0,103.0,106.0,108.0,122.0,135.0,127.0,106.0,103.0,103.0,87.0,75.0,80.0,95.0,103.0,89.0,100.0,118.0,120.0,107.0,81.0,80.0,72.0,62.0,50.0,41.0,48.0,53.0,56.0,48.0,41.0,32.0,26.0,21.0,20.0,22.0,23.0,29.0,32.0,35.0,39.0,44.0,46.0,36.0,27.0,20.0,23.0,26.0,29.0,31.0,39.0,43.0,52.0,49.0,49.0,40.0,37.0,38.0,47.0,52.0,60.0,58.0,59.0,59.0,62.0,69.0,64.0,50.0,38.0,27.0,32.0,34.0,44.0,47.0,56.0,55.0,75.0,69.0,71.0,46.0,39.0,38.0,45.0,57.0,55.0,54.0,48.0,59.0,76.0,75.0,63.0,42.0,37.0,37.0,37.0,45.0
394993,581,"Poplar Bluff, MO",msa,MO,,,,,,,,,,,,,141.0,135.0,134.0,118.0,101.0,101.0,103.0,102.0,83.0,92.0,95.0,117.0,110.0,97.0,96.0,102.0,105.0,91.0,79.0,69.0,68.0,68.0,71.0,61.0,53.0,44.0,43.0,39.0,38.0,42.0,42.0,42.0,38.0,36.0,41.0,48.0,53.0,54.0,47.0,44.0,34.0,35.0,34.0,41.0,44.0,52.0,67.0,76.0,81.0,70.0,66.0,52.0,49.0,44.0,63.0,73.0,75.0,67.0,72.0,75.0,81.0,71.0,69.0,58.0,57.0,56.0,64.0,64.0,68.0,65.0,70.0,77.0,80.0,92.0,85.0,80.0,58.0,49.0,52.0,52.0,64.0,81.0,83.0,85.0,68.0,79.0,72.0,66.0,66.0,75.0
394562,582,"Elizabeth City, NC",msa,NC,72.0,75.0,80.0,80.0,77.0,77.0,88.0,90.0,99.0,101.0,126.0,131.0,127.0,112.0,99.0,98.0,96.0,98.0,99.0,106.0,105.0,115.0,113.0,121.0,108.0,93.0,84.0,83.0,97.0,96.0,91.0,79.0,63.0,70.0,59.0,60.0,39.0,35.0,25.0,25.0,24.0,25.0,27.0,30.0,39.0,41.0,42.0,43.0,41.0,39.0,31.0,26.0,24.0,26.0,31.0,38.0,47.0,53.0,57.0,55.0,49.0,42.0,35.0,29.0,33.0,35.0,42.0,38.0,39.0,41.0,51.0,54.0,56.0,45.0,37.0,33.0,40.0,46.0,50.0,48.0,55.0,55.0,63.0,59.0,60.0,48.0,49.0,46.0,57.0,56.0,56.0,56.0,69.0,86.0,95.0,86.0,72.0,57.0,51.0,46.0,48.0,48.0
394967,583,"Payson, AZ",msa,AZ,72.0,67.0,62.0,55.0,63.0,70.0,79.0,87.0,101.0,112.0,104.0,91.0,92.0,93.0,97.0,82.0,78.0,76.0,78.0,84.0,87.0,92.0,99.0,95.0,98.0,87.0,85.0,77.0,80.0,74.0,68.0,56.0,47.0,44.0,42.0,49.0,41.0,34.0,23.0,24.0,26.0,27.0,28.0,32.0,34.0,37.0,34.0,28.0,24.0,22.0,23.0,24.0,29.0,41.0,48.0,52.0,67.0,71.0,85.0,74.0,71.0,61.0,53.0,52.0,54.0,62.0,67.0,64.0,64.0,72.0,84.0,89.0,77.0,63.0,48.0,50.0,59.0,73.0,73.0,76.0,75.0,94.0,96.0,97.0,82.0,72.0,75.0,82.0,99.0,101.0,100.0,106.0,108.0,120.0,108.0,109.0,97.0,88.0,73.0,62.0,81.0,90.0
394344,584,"Athens, TN",msa,TN,,,,,,,,,,,,,,,,,,,,,,,,,,,,,81.0,84.0,84.0,59.0,40.0,30.0,36.0,35.0,28.0,20.0,18.0,20.0,21.0,24.0,22.0,26.0,28.0,32.0,32.0,30.0,25.0,20.0,17.0,18.0,20.0,25.0,31.0,33.0,33.0,39.0,45.0,55.0,51.0,49.0,43.0,45.0,42.0,43.0,47.0,51.0,62.0,56.0,68.0,55.0,61.0,49.0,49.0,38.0,36.0,36.0,39.0,54.0,59.0,69.0,59.0,70.0,70.0,72.0,60.0,65.0,64.0,66.0,57.0,63.0,64.0,69.0,73.0,76.0,79.0,67.0,63.0,58.0,69.0,75.0
394571,585,"Enterprise, AL",msa,AL,,,,,,,,,,,135.0,121.0,117.0,106.0,104.0,101.0,102.0,88.0,93.0,88.0,107.0,88.0,84.0,84.0,85.0,88.0,71.0,63.0,59.0,51.0,54.0,43.0,50.0,41.0,41.0,37.0,41.0,34.0,23.0,16.0,15.0,20.0,30.0,31.0,28.0,25.0,26.0,27.0,19.0,16.0,13.0,12.0,13.0,14.0,18.0,24.0,29.0,31.0,33.0,35.0,32.0,27.0,23.0,22.0,28.0,28.0,29.0,28.0,28.0,36.0,40.0,46.0,45.0,42.0,36.0,31.0,27.0,31.0,39.0,42.0,50.0,55.0,72.0,73.0,69.0,57.0,47.0,42.0,47.0,49.0,57.0,51.0,56.0,62.0,68.0,75.0,65.0,63.0,52.0,56.0,57.0,64.0
394339,586,"Ashland, OH",msa,OH,,,,,,,,,,,,,,,,,,,,,,,,,,,,,,,,,,,,,,,,,,,,,,,,,,,,,,,,,,,,,,,,,,,,,,,,40.0,37.0,28.0,23.0,15.0,20.0,18.0,20.0,22.0,29.0,38.0,44.0,44.0,36.0,28.0,23.0,28.0,30.0,29.0,26.0,32.0,33.0,37.0,38.0,40.0,37.0,31.0,31.0,30.0,29.0,30.0
395073,587,"Scottsboro, AL",msa,AL,,,,,,,,,,,,,,,,,,,,,,,,,,,,,,,,,,,,,,,,,,,,,,,,,,,,,,,,,,,,,,,,,,,,,,,,,,,,,,,,,,,,,,,,,86.0,88.0,78.0,90.0,90.0,96.0,87.0,90.0,82.0,76.0,80.0,83.0,90.0,86.0
394861,588,"Milledgeville, GA",msa,GA,,,,,,,,,,,,,,,,,,,,,,,,,,,,,,,,,,,,,,,,,,,,,,,,,,,,,,,,,,,,,,,,,,,,,,,,,,,,,,,,,,,,,,,,,,,,,,,,87.0,84.0,84.0,84.0,86.0,76.0,92.0
394742,589,"Kerrville, TX",msa,TX,,,,,,,,,,,,,,,,,,,,,,,,,,,,,,,,,,,,,,,,,,,,,,,,,,,,,,,,,,,,,,,,,,,,,,,79.0,80.0,68.0,81.0,87.0,88.0,83.0,76.0,86.0,83.0,88.0,95.0,111.0,131.0,121.0,110.0,97.0,103.0,108.0,117.0,109.0,113.0,116.0,129.0,157.0,142.0,154.0,121.0,116.0,105.0,101.0,117.0
394363,590,"Bartlesville, OK",msa,OK,78.0,64.0,54.0,51.0,64.0,70.0,82.0,83.0,110.0,107.0,114.0,99.0,96.0,95.0,86.0,80.0,78.0,79.0,80.0,79.0,78.0,82.0,83.0,75.0,72.0,66.0,67.0,65.0,59.0,62.0,50.0,47.0,52.0,53.0,50.0,37.0,37.0,33.0,23.0,18.0,18.0,18.0,16.0,18.0,21.0,27.0,28.0,29.0,27.0,23.0,18.0,13.0,14.0,18.0,19.0,24.0,22.0,27.0,26.0,32.0,31.0,28.0,24.0,24.0,28.0,31.0,34.0,38.0,41.0,42.0,44.0,47.0,48.0,46.0,39.0,33.0,27.0,32.0,32.0,38.0,45.0,53.0,57.0,47.0,45.0,41.0,41.0,40.0,37.0,44.0,48.0,52.0,57.0,63.0,68.0,68.0,60.0,62.0,58.0,57.0,51.0,49.0
394985,591,"Platteville, WI",msa,WI,,,,,,,,,,,,,,,,,,,,,,,,,,,,,,,,,,,,,,,,,,,,,,,,,,,,,,,,,,,,,,,,,,,,,,,,,,,,,,,,,,,,,,,,,,,,,,,,,,50.0,45.0,44.0,49.0,39.0
394503,592,"Corsicana, TX",msa,TX,,,,,,,,,,,,,,,,,,,,,,,,,,,,,,,,,,,,,,,,,,,,,,,,,,,,,,,,,,,,,,,,,,,,,,,,,,,,,,,,,,,83.0,95.0,107.0,97.0,94.0,101.0,99.0,91.0,83.0,82.0,92.0,103.0,119.0,117.0,109.0,96.0,88.0,96.0,99.0,96.0
394652,593,"Greenville, OH",msa,OH,,,,,,,,,,,,,,,,,,,,,,,,,,,,,,,,,,,,,,,,,,,,,,,,,,,,,,,,,,,,,,,,,,,,,,,,,,,,,,,,,,,51.0,51.0,56.0,54.0,45.0,38.0,32.0,32.0,29.0,32.0,33.0,39.0,43.0,50.0,48.0,42.0,39.0,42.0,48.0,43.0
395029,594,"Rochelle, IL",msa,IL,76.0,77.0,71.0,61.0,50.0,46.0,47.0,57.0,76.0,100.0,103.0,108.0,100.0,97.0,86.0,68.0,71.0,59.0,64.0,70.0,88.0,102.0,102.0,102.0,99.0,93.0,85.0,76.0,72.0,67.0,64.0,54.0,54.0,51.0,73.0,79.0,77.0,53.0,38.0,35.0,30.0,27.0,24.0,30.0,28.0,34.0,35.0,41.0,36.0,27.0,20.0,32.0,37.0,37.0,29.0,26.0,27.0,22.0,32.0,38.0,42.0,43.0,42.0,42.0,36.0,26.0,19.0,16.0,21.0,27.0,40.0,49.0,51.0,39.0,35.0,26.0,33.0,30.0,34.0,29.0,26.0,33.0,46.0,54.0,49.0,40.0,28.0,23.0,16.0,19.0,22.0,25.0,29.0,41.0,50.0,49.0,40.0,33.0,33.0,35.0,33.0,30.0
786250,595,"Alexander City, AL",msa,AL,,,,,,,,,,,,,,,,,,,,,,,,,,,,,,,,,,,,,,,,,,,,,,,,,,,,,,,,,,,,,,,,,,,,,,,,,,,,,,,,,,,98.0,101.0,82.0,84.0,77.0,77.0,86.0,81.0,89.0,66.0,64.0,59.0,79.0,95.0,106.0,100.0,98.0,87.0,92.0,102.0
394933,597,"Oil City, PA",msa,PA,,,,,,,,,,,,,,,,,,,,,,,,,,,,,,,,,,,,,,,,,,,,,,,,,,,,,,,,,,,,,,,,,,,,,,,,,,,,,,,,,,,,,,,,,,,,,,,,,87.0,65.0,56.0,67.0,82.0,80.0
394838,598,"Mason City, IA",msa,IA,,,,,,,,,,,,,,,,,,,,,,,,,,,,,,,,,,,,,,,,,,,,,,,,,,,,,,,,,,,,,,,,,,,,,,,80.0,86.0,75.0,62.0,56.0,65.0,62.0,61.0,58.0,64.0,67.0,69.0,83.0,104.0,103.0,100.0,90.0,85.0,72.0,69.0,69.0,74.0,75.0,80.0,85.0,88.0,85.0,83.0,89.0,91.0,85.0,67.0
394717,599,"Jacksonville, TX",msa,TX,,,,,,,,,,,,,,,,,,,,,,,,,,,,,,,,,,,,,,,,,,,,,,,,,,,,,,,,,,,,,,,,,,,,,,,,,,,,,,,,,,,,,,,,,,,,,,,149.0,141.0,121.0,117.0,105.0,103.0,101.0,138.0
394625,600,"Galesburg, IL",msa,IL,,,,,,,,,,,103.0,129.0,129.0,140.0,99.0,96.0,77.0,83.0,80.0,78.0,82.0,84.0,99.0,103.0,102.0,101.0,99.0,97.0,91.0,85.0,70.0,78.0,71.0,69.0,62.0,93.0,110.0,104.0,61.0,42.0,31.0,36.0,33.0,33.0,27.0,36.0,52.0,63.0,61.0,50.0,39.0,32.0,26.0,33.0,39.0,38.0,34.0,35.0,46.0,49.0,55.0,52.0,50.0,41.0,38.0,34.0,31.0,32.0,34.0,38.0,42.0,47.0,48.0,46.0,37.0,35.0,31.0,35.0,36.0,40.0,49.0,53.0,57.0,51.0,54.0,53.0,51.0,42.0,36.0,38.0,39.0,46.0,55.0,61.0,68.0,65.0,60.0,42.0,31.0,29.0,33.0,42.0
394954,601,"Pahrump, NV",msa,NV,,,,,,,,,,,,,,,,,,,,,,,,,,,,,,,,,,,,,,,,,,,,,,,,,,,,,,,,,,,,,,,,,,,,,,,,,,,,,,,,,,,,,,,,,,,,,,,98.0,101.0,107.0,107.0,100.0,88.0,99.0,112.0
394963,602,"Paris, TX",msa,TX,,,,,,,,,,,,,,,,,,,,,,,,,,,,,,,,,,,,,,,,,,,,,,,,,,,,,,,,,,,,,,,,,,,,,,,,,,,,,,,,,,,,114.0,104.0,100.0,89.0,95.0,95.0,93.0,92.0,99.0,93.0,93.0,87.0,103.0,104.0,113.0,95.0,96.0,96.0,100.0
395234,603,"Winona, MN",msa,MN,,,,,,,,,,,,,,,,,,,,,,,,,,,,,,,,,,,,,,,,,,,,,,,,,,,,,,,,,,,,,,,,,,,,,,,,,,,,,,,,,,,,,,,,,,,,,,,47.0,44.0,42.0,35.0,30.0,23.0,29.0,33.0
753905,604,"Newport, OR",msa,OR,75.0,77.0,71.0,67.0,67.0,76.0,86.0,100.0,102.0,102.0,94.0,94.0,96.0,98.0,90.0,82.0,80.0,95.0,99.0,107.0,97.0,117.0,113.0,120.0,94.0,92.0,86.0,90.0,82.0,79.0,72.0,68.0,60.0,56.0,65.0,58.0,55.0,38.0,36.0,30.0,24.0,24.0,25.0,29.0,30.0,37.0,39.0,38.0,32.0,26.0,25.0,23.0,25.0,29.0,34.0,44.0,47.0,57.0,60.0,66.0,59.0,56.0,51.0,47.0,50.0,50.0,67.0,79.0,91.0,91.0,86.0,75.0,67.0,56.0,61.0,60.0,64.0,71.0,84.0,88.0,101.0,108.0,121.0,107.0,101.0,89.0,89.0,77.0,83.0,83.0,92.0,93.0,99.0,114.0,114.0,117.0,103.0,100.0,91.0,96.0,87.0,91.0
394878,605,"Morgan City, LA",msa,LA,,,,,,,,,,,,,,,,,,,,,,,,,,,,,,,,,,,,,,,,,,,,,,,,,,,,,,,,,,,,,,,,,,,,,,,,,,,,,,,,,,,,,,,,,,,,,,,,,,,,,,122.0
395091,606,"Shelbyville, TN",msa,TN,,,,,,,,,,,,,,,,,,,,,,,,,,,,,,,,,,,189.0,190.0,38.0,22.0,19.0,14.0,18.0,17.0,25.0,30.0,35.0,35.0,33.0,33.0,30.0,25.0,21.0,23.0,25.0,29.0,30.0,43.0,46.0,65.0,65.0,70.0,57.0,60.0,59.0,57.0,54.0,56.0,58.0,57.0,52.0,63.0,63.0,75.0,67.0,63.0,55.0,43.0,46.0,43.0,56.0,58.0,72.0,72.0,79.0,71.0,68.0,66.0,63.0,72.0,64.0,75.0,64.0,67.0,75.0,93.0,96.0,90.0,79.0,69.0,66.0,55.0,73.0,65.0
394326,607,"Amsterdam, NY",msa,NY,,,,,,,,,,,,,,,,,,,,,,,,,,,,,,,,,,,,,,,,,,,,,,,,,,,,,,,,,,,,,,,,,,,,,,,,,,,,,,,,,,,,,,,,,,,,,,,,,56.0,56.0,43.0,39.0,27.0,42.0
753911,608,"Ozark, AL",msa,AL,,,,,,,,,,,,,,,,,,,,,,,,,,,,,,,,,,,,,,,,,,,,,,,,,,,,,,,,,,,,,,,,,,,,,,,,,,,,,,,,,,,,,,,,,,,,,,,72.0,72.0,67.0,61.0,57.0,60.0,55.0,51.0
394628,610,"Gardnerville Ranchos, NV",msa,NV,,,,,,,,,,,,,,,,,,,,,,,110.0,104.0,75.0,64.0,52.0,61.0,71.0,78.0,72.0,56.0,46.0,36.0,54.0,56.0,48.0,29.0,24.0,26.0,24.0,26.0,26.0,29.0,30.0,38.0,43.0,41.0,33.0,21.0,17.0,17.0,26.0,34.0,46.0,51.0,58.0,60.0,69.0,80.0,82.0,74.0,56.0,49.0,47.0,50.0,50.0,55.0,60.0,70.0,74.0,78.0,74.0,68.0,61.0,56.0,48.0,45.0,44.0,59.0,64.0,68.0,72.0,69.0,73.0,67.0,64.0,62.0,56.0,59.0,64.0,68.0,73.0,80.0,92.0,96.0,88.0,73.0,61.0,47.0,43.0,52.0
394437,612,"Ca±on City, CO",msa,CO,,,,,,,,,,,,,,,,,,,,,,,,,,,,,,,,,,,,,,,,,,,,,,,,,,,,,,,,,,,,,,,,,,,,,,,,,,,,,,,,,,,113.0,109.0,92.0,89.0,74.0,70.0,70.0,77.0,91.0,99.0,105.0,96.0,102.0,124.0,132.0,121.0,93.0,84.0,78.0,91.0
394903,613,"Natchez, MS",msa,LA,,,,,,,,,,,,,,,,,,,,,,,,,,,,,,,,,,,,,,,,,,,,,,,,,,,,,,,,,,,,,,,,,,,,,,,,,,,,,,,,,,,,,,,,,,,,,,,,,,,,,,124.0
394906,614,"New Castle, IN",msa,IN,,,,,,,,,,,,,,,,,,,,,,,55.0,66.0,69.0,70.0,57.0,64.0,54.0,45.0,25.0,27.0,26.0,27.0,27.0,33.0,37.0,28.0,19.0,10.0,10.0,13.0,15.0,20.0,19.0,24.0,26.0,30.0,28.0,21.0,18.0,15.0,18.0,22.0,25.0,27.0,29.0,34.0,34.0,35.0,32.0,32.0,25.0,23.0,19.0,19.0,15.0,18.0,21.0,29.0,35.0,37.0,35.0,31.0,27.0,25.0,26.0,25.0,25.0,28.0,32.0,38.0,44.0,46.0,41.0,44.0,41.0,37.0,26.0,30.0,35.0,38.0,39.0,41.0,48.0,50.0,55.0,46.0,43.0,34.0,35.0,33.0
394478,615,"Clovis, NM",msa,NM,,,,,,,,,,,,,,,,,,,,,,,,,,,,,,,,,,,,,,,,,,,,,,,,,,,,,,,,,,,,,,,,,,,,,,,,,94.0,88.0,79.0,70.0,77.0,71.0,80.0,80.0,74.0,78.0,95.0,104.0,90.0,68.0,58.0,67.0,78.0,86.0,92.0,96.0,108.0,111.0,115.0,110.0,104.0,104.0,97.0,105.0,89.0,89.0
394919,616,"Norfolk, NE",msa,NE,,,,,,,,,,,,,,,,,,,,,,,,,,,,,,,,,,,,,,,,,,,,,,,,,,,,,,,,,,,,,,,,,,,,,,,,57.0,56.0,54.0,42.0,52.0,46.0,54.0,48.0,47.0,40.0,51.0,62.0,74.0,59.0,58.0,59.0,66.0,71.0,65.0,59.0,57.0,70.0,89.0,94.0,83.0,70.0,60.0,67.0,63.0,63.0,59.0
394431,617,"Cadillac, MI",msa,MI,,,,,,,,,,,,,,,,,,,,,,,,,,,,,,,,,,,,,,,,,,,,,,,,,,,,,,,,,,,,,,,,,,,,,,,,,,,,,,,,,,,,,,,,,,,,,,,54.0,59.0,60.0,51.0,43.0,36.0,40.0,45.0
395097,619,"Sidney, OH",msa,OH,,,,,,,,,,,,,,,,,,,,,,,,,,,,,,,,,,,,,,,,,,,,,,,,,,,,,,,,,,,,,,,,,,,,,,,,,,,,,,,,,,,,,,,,,,,,,,,,47.0,46.0,35.0,38.0,33.0,32.0,30.0
395008,620,"Pullman, WA",msa,WA,,,,,,,,,,,,,,,,,,,,,,,,,,,,,,,,,,,,,,,,,,,,,,,,,,,,,,,,,,,,,,,,,,,,,,,,,,,,,,,,,,,,,,,,,,,,,,,81.0,79.0,74.0,57.0,55.0,50.0,55.0,53.0
394819,621,"Malone, NY",msa,NY,,,,,,,,,,,,,,,,,,,,,,,,,,,,,,,,,,,,,,,,,,,,,,,,,,,,,,,,,,,,,,,,,,,,,,,,,,,,,,,,,,,,,,,,,,,,,,,,,,,104.0,77.0,82.0,96.0
394527,622,"Del Rio, TX",msa,TX,,,,,,,,,,,,,,,,,,,,,,,,,,,,,,,,,,,,,,,,,,,,,,,,,,,,,,,,,,,,,,,,,,,,,,,,,,,,,,,,,,,,,,,,,,,,,,,,147.0,127.0,130.0,123.0,114.0,132.0,152.0
394391,623,"Blackfoot, ID",msa,ID,,,,,,,,,,,,,,,,,,,,,,,,,,,,,,,,,,,,,,,,,,,,,,,,,,,,,,,,,,,,,,,,,,,,,,,,,,,,,,,,,,,,69.0,76.0,65.0,62.0,62.0,61.0,58.0,53.0,51.0,56.0,66.0,84.0,90.0,94.0,85.0,70.0,61.0,65.0,69.0
395017,624,"Red Wing, MN",msa,MN,,,,,,,,,,,,,,,,,,,,,,,,,,,,,,,,,,,,,,,,,,,,,,,,,,,,,,,,,,,60.0,67.0,63.0,52.0,48.0,39.0,37.0,31.0,37.0,39.0,36.0,43.0,47.0,61.0,52.0,50.0,39.0,46.0,46.0,44.0,44.0,47.0,55.0,60.0,65.0,74.0,64.0,50.0,37.0,42.0,43.0,49.0,47.0,60.0,59.0,67.0,66.0,70.0,69.0,60.0,48.0,45.0,47.0,50.0
394918,625,"Nogales, AZ",msa,AZ,,,,,,,,,,,,,,,,,,,,,,,,,,,,,,,,,,,,,,,,,,,,,,,,,,,,,,,,,,,,,,,,,,,,,,,,,,,,,,,,,,,,,,,,,96.0,102.0,112.0,115.0,101.0,100.0,95.0,97.0,99.0,101.0,96.0,99.0,101.0,122.0
395144,626,"Tahlequah, OK",msa,OK,,,,,,,,,,,,,,,,,,,,,,,138.0,134.0,135.0,129.0,130.0,129.0,116.0,98.0,91.0,99.0,76.0,74.0,54.0,68.0,54.0,58.0,44.0,41.0,36.0,44.0,50.0,55.0,52.0,50.0,47.0,47.0,43.0,41.0,41.0,51.0,49.0,44.0,39.0,45.0,48.0,55.0,65.0,71.0,67.0,54.0,57.0,58.0,74.0,72.0,74.0,80.0,91.0,111.0,104.0,100.0,87.0,83.0,76.0,73.0,80.0,88.0,83.0,85.0,80.0,94.0,87.0,97.0,92.0,98.0,93.0,84.0,76.0,80.0,123.0,118.0,112.0,87.0,102.0,97.0,81.0,74.0,66.0,72.0,89.0,99.0
394739,627,"Kendallville, IN",msa,IN,,,,,,,,,,,,,,,,,,,,,,,,,,,,,,,,,,,,,,,,,,,,,,,,,,,,,,,,,,,,,,,,,,,,,,,,,,,,,,,,,,,,,,,,,,,,,,,49.0,55.0,54.0,48.0,43.0,36.0,40.0,38.0
394876,628,"Montrose, CO",msa,CO,66.0,67.0,58.0,45.0,41.0,43.0,50.0,51.0,65.0,73.0,76.0,77.0,73.0,74.0,60.0,54.0,48.0,57.0,73.0,98.0,110.0,98.0,86.0,67.0,81.0,65.0,64.0,53.0,65.0,77.0,78.0,77.0,72.0,56.0,46.0,29.0,35.0,31.0,28.0,20.0,22.0,27.0,30.0,34.0,35.0,39.0,48.0,52.0,50.0,41.0,37.0,33.0,30.0,34.0,42.0,47.0,50.0,55.0,71.0,82.0,88.0,78.0,69.0,71.0,77.0,91.0,108.0,111.0,114.0,114.0,120.0,122.0,107.0,90.0,74.0,70.0,65.0,77.0,77.0,84.0,96.0,102.0,114.0,95.0,87.0,70.0,61.0,58.0,61.0,60.0,68.0,71.0,82.0,77.0,94.0,88.0,82.0,88.0,79.0,84.0,65.0,74.0
394504,629,"Cortland, NY",msa,NY,,,,,,,,,,,,,,,,,,,,,,,,,,,,,,,,,,,,,,,,,,,,,,,,,,,,,,,,,,,,,,,,,,,,,,,,,,,,,,,,,,,,,,,,,,,,,,,,,63.0,52.0,27.0,24.0,31.0,40.0
394887,630,"Mount Sterling, KY",msa,KY,,,,,,,,,,,,,,,,,,,,,,,,,,,,,,,,,,,,,,,,,,,,,,,,,,,,,,,,,,,,,,,,,,,,,,,,,,,,,,,,,,,,,,,,,,,,,,,75.0,92.0,94.0,85.0,63.0,63.0,61.0,70.0
394477,631,"Clinton, IA",msa,IA,73.0,72.0,72.0,72.0,70.0,58.0,55.0,64.0,88.0,101.0,100.0,94.0,83.0,84.0,66.0,70.0,61.0,76.0,61.0,56.0,53.0,65.0,76.0,76.0,84.0,79.0,74.0,63.0,75.0,73.0,82.0,65.0,62.0,51.0,52.0,57.0,55.0,58.0,55.0,50.0,37.0,32.0,29.0,31.0,31.0,51.0,56.0,58.0,40.0,36.0,32.0,26.0,25.0,25.0,27.0,25.0,31.0,48.0,64.0,71.0,58.0,45.0,38.0,35.0,30.0,28.0,31.0,34.0,39.0,43.0,55.0,58.0,58.0,52.0,51.0,47.0,38.0,36.0,35.0,41.0,38.0,40.0,50.0,52.0,66.0,60.0,61.0,50.0,46.0,49.0,45.0,43.0,39.0,60.0,77.0,90.0,78.0,60.0,47.0,41.0,39.0,37.0
753916,632,"Sandpoint, ID",msa,ID,,,,,,,,,,,,,,,,,,,,,,,,,,,,,,,,,,,,,31.0,24.0,27.0,21.0,23.0,27.0,30.0,38.0,41.0,51.0,57.0,53.0,37.0,20.0,20.0,22.0,33.0,43.0,54.0,64.0,72.0,83.0,81.0,76.0,67.0,67.0,58.0,50.0,44.0,56.0,72.0,80.0,88.0,92.0,103.0,96.0,79.0,58.0,48.0,51.0,56.0,65.0,71.0,81.0,91.0,104.0,108.0,117.0,110.0,101.0,80.0,72.0,68.0,69.0,78.0,91.0,98.0,99.0,105.0,109.0,110.0,96.0,71.0,66.0,66.0,89.0
753865,633,"Bardstown, KY",msa,KY,,,,,,,,,,,,,,,,,,,,,,,,,,,,,,,,,,,45.0,43.0,36.0,34.0,27.0,22.0,16.0,15.0,17.0,18.0,24.0,27.0,36.0,38.0,36.0,24.0,20.0,21.0,28.0,30.0,38.0,40.0,48.0,55.0,58.0,66.0,63.0,64.0,53.0,45.0,39.0,41.0,43.0,40.0,35.0,44.0,56.0,60.0,67.0,74.0,83.0,75.0,63.0,54.0,59.0,67.0,65.0,57.0,51.0,62.0,76.0,78.0,72.0,63.0,63.0,65.0,62.0,60.0,58.0,56.0,60.0,62.0,70.0,66.0,61.0,58.0,62.0,55.0
395201,634,"Wapakoneta, OH",msa,OH,,,,,,,,,,,,,,,,,,,,,,,,,,,,,,,,,,,,,,,,,,,,,,,,,,,,,,,,,,,,,,,,,,,,,,,,,,,,,,,,,,,,,,,,,,,,,,,25.0,27.0,27.0,23.0,24.0,27.0,32.0,27.0
394987,635,"Plymouth, IN",msa,IN,,,,,,,,,,,,,,,,,,,,,,,,,,,,,,,,,,,,,,,,,,,,,,,,,,,,,,,,,,,,,,,,,,,,,,,,,,,,,,,,,,,,,,,,,,,,,,,,,72.0,60.0,56.0,42.0,44.0,45.0
394789,636,"Lewistown, PA",msa,PA,,,,,,,,,,,,,,,,,,,,,,,,,,,,,,,,,,,,,,,,,,,,,,,,,,,,,,,,,,,,,,,,,,,,,,,,,,,,,,,,,,,,,,,,,,,,,,,,,58.0,43.0,36.0,29.0,32.0,33.0
394379,637,"Bemidji, MN",msa,MN,,,,,,,,,,,,,,,,,,,,,,,,,,,,,,,,,,,,,,,,,,,,,,,,,,,,,,,,,,,,,,,,,,,,,,,,,,,,,,,,,,,,,,,,,,,,,,,,,,77.0,65.0,62.0,56.0,72.0
394377,638,"Bellefontaine, OH",msa,OH,,,,,,,,,,,,,,,,,,,,,,,,,,,,,,,,,,,,,,,,,,,,,,,,,,,,,,,,,,,,,,,,,,,,,,,,,,,,,,,,,,,,,,,,,,,,,,,,,52.0,44.0,43.0,45.0,58.0,60.0
395087,639,"Seymour, IN",msa,IN,,,,,,,,,,,,,,,,,,,,,,,,,,,,,,,,,,,,,,,,,,,,,,,,,,,,,,,,,,,,,,,,,,,,,,,,,,,,,,,,,,,,49.0,52.0,50.0,49.0,46.0,37.0,43.0,46.0,51.0,42.0,44.0,48.0,58.0,57.0,53.0,48.0,48.0,48.0,48.0
394426,640,"Burley, ID",msa,ID,,,,,,,,,,,,,,,,,,,,,,,,,,,,,,,,,,,,,,,,,,,,,,,,,,,,,,,,,,,,,,,,,,,,,,,,,,,,,,,,,,,,,,,,,,,,,,,,,76.0,56.0,60.0,47.0,58.0,63.0
394548,641,"Durant, OK",msa,OK,,,,,,,,,,,,,,,,,,,,,,,,,,,,,,,,,,,,,,,,,,,,,,,,,,,,,,,,,,,,,,,,,,,,,,,,,,,,,,,,,,,,,,,,,,,,,,123.0,118.0,110.0,90.0,88.0,90.0,116.0,112.0,106.0
394500,644,"Cornelia, GA",msa,GA,65.0,67.0,62.0,54.0,50.0,54.0,69.0,79.0,76.0,78.0,80.0,96.0,91.0,83.0,79.0,74.0,78.0,64.0,68.0,59.0,74.0,81.0,87.0,75.0,76.0,87.0,94.0,81.0,79.0,81.0,85.0,71.0,63.0,67.0,87.0,85.0,80.0,53.0,38.0,30.0,26.0,24.0,18.0,22.0,47.0,51.0,51.0,27.0,30.0,31.0,39.0,40.0,36.0,30.0,31.0,31.0,35.0,39.0,50.0,60.0,72.0,66.0,59.0,38.0,35.0,47.0,47.0,51.0,54.0,69.0,70.0,55.0,59.0,64.0,59.0,49.0,45.0,54.0,66.0,66.0,60.0,48.0,62.0,73.0,98.0,95.0,88.0,68.0,63.0,76.0,87.0,85.0,90.0,82.0,93.0,91.0,95.0,84.0,68.0,71.0,75.0,90.0
753889,645,"Hillsdale, MI",msa,MI,,,,,,,,,,,,,,,,,,,,,,,,,,,,,,,,,,,,,,,,,,,,,,,,,,,,,,,,,,,,,,,,,,,,,,,54.0,61.0,53.0,40.0,32.0,30.0,35.0,36.0,38.0,44.0,50.0,64.0,60.0,72.0,65.0,66.0,61.0,58.0,57.0,51.0,52.0,55.0,58.0,66.0,69.0,68.0,63.0,55.0,65.0,63.0,63.0,50.0
395155,646,"Thomasville, GA",msa,GA,,,,,,,,,,,,,,,,,,,,,,93.0,87.0,78.0,91.0,83.0,76.0,66.0,66.0,65.0,70.0,78.0,75.0,57.0,57.0,74.0,85.0,82.0,67.0,64.0,64.0,52.0,46.0,36.0,54.0,51.0,53.0,43.0,40.0,43.0,41.0,41.0,34.0,35.0,39.0,48.0,54.0,65.0,68.0,61.0,50.0,45.0,51.0,56.0,58.0,59.0,63.0,51.0,50.0,44.0,66.0,73.0,78.0,69.0,64.0,56.0,55.0,56.0,60.0,55.0,54.0,58.0,74.0,89.0,87.0,77.0,64.0,76.0,75.0,73.0,69.0,78.0,88.0,90.0,87.0,83.0,82.0,89.0,93.0,96.0,90.0,83.0
394961,647,"Paragould, AR",msa,AR,,,,,,,,,,,,,,,,,,,,,,,,,,,,,,,,,,,,,,,,,,,,,,,,,,,,,,,,,,,,,,,,,,,,,,,,,,,,,,,,,,,,,,,,,,,,,,72.0,67.0,66.0,67.0,74.0,79.0,69.0,81.0,76.0
394427,649,"Burlington, IA",msa,IA,,,,,,,,,,,,,,,,,,,,,,,,,,,,,,,,,,,,,,,,,,,,,,,,,,,,,,,,,,,,,,,,,,,,,,,,,,,,,,,,,,,,,,,,,,,,,,,,89.0,81.0,91.0,64.0,61.0,62.0,70.0
394817,650,"Madisonville, KY",msa,KY,,,,,,,,,,,,,,,,,,,,,,,,,,,,,,,,,,,,,,,,,,,,,,,,,,,,,,,,,,,,,,,,,,,,,,,,,,,,,,,,,,,,,,,,,,,,,,,,,105.0,94.0,70.0,69.0,68.0,68.0
753918,652,"Shawano, WI",msa,WI,,,,,,,,,,,,,,,,,,,,,,,,,,,,,,,,,,,,,,,,,,,,,,,,,,,,,,,,,,,,,,,,,,,,,,,,,,,,,,,,,,,,,,,,,,,,,,,,,,,,,,63.0
395189,653,"Vicksburg, MS",msa,MS,,,,,,,,,,,,,,,,,,,,,,,,,,,,,,,,,,,,,,,,,,,,,,,,,,,,,,,,,,,,,,,,,,,,,,,,,,,,,,,,,,,,,,,,,,,,,,,,,,,,,83.0,83.0
786259,655,"Grand Rapids, MN",msa,MN,,,,,,,,,,,,,,,,,,,,,,,,,,,,,,,,,,,,,,,,,,,,,,,,,,,,,,,,,,,,,,,,,,,,,,,,,,,,,,,,,,,,,,,,,,,,,,,,,,,60.0,54.0,54.0,55.0
395208,656,"Washington, NC",msa,NC,,,,,,,,,,,,,,,,,,,,,,,,,,,,,,,,,,,,,,,,,,,,,,,,,,,,,,,,,,,,,,,,,,,,,,,,,,,,,,,,,,,52.0,79.0,88.0,81.0,59.0,54.0,66.0,73.0,82.0,72.0,71.0,65.0,86.0,90.0,87.0,71.0,66.0,57.0,58.0,55.0
394616,657,"Freeport, IL",msa,IL,,,,,,,,,,,,,,,,,,,,,,,,,,,,,,,,,,,,,82.0,87.0,60.0,38.0,27.0,25.0,29.0,38.0,43.0,50.0,52.0,60.0,59.0,51.0,39.0,30.0,35.0,33.0,33.0,27.0,31.0,40.0,47.0,52.0,51.0,48.0,47.0,40.0,33.0,29.0,32.0,36.0,33.0,42.0,47.0,52.0,44.0,45.0,44.0,41.0,32.0,26.0,28.0,29.0,38.0,55.0,58.0,60.0,46.0,42.0,33.0,31.0,36.0,42.0,42.0,37.0,32.0,41.0,54.0,61.0,60.0,58.0,48.0,41.0,36.0,36.0
395037,659,"Rolla, MO",msa,MO,,,,,,,,,,,,,,,,,,,,,,,,,,,,,,,,,,,,,,,,,,,,,,,,,,,,,,,,,,,,,,,,,,,,,,,,,,,,,,,,,,,,,,,,,,,,,,78.0,73.0,73.0,71.0,60.0,49.0,43.0,38.0,44.0
394482,660,"Coldwater, MI",msa,MI,,,,,,,,,,,,,,,,,,,,,,,,,,,,,,,,,,,,,,,,,,,,,,,,,,,,,,,,,,,,,,,,,,,,,,,,,,,,,,,,,,,,,,,,,,,,,,63.0,76.0,84.0,78.0,66.0,59.0,48.0,47.0,59.0
394695,662,"Huntingdon, PA",msa,PA,,,,,,,,,,,,,,,,,,,,,,,,,,,,,,,,,,,,,,,,,,,,,,,,,,,,,,,,,,,,,,,,,,,,,,,,,,,,,,,,,,,,,,,,,,,,,,,,,51.0,35.0,37.0,42.0,46.0,45.0
394567,663,"Ellensburg, WA",msa,WA,,,,,,,,,,,,,,,,,,,,,,,,,,,,,,,,,,,,,,,,,,,,,,,,,,,,,,,,,,,,,,,,,,,,,,,,,,,,,,,,,,,,,,,,,,,,,,,100.0,101.0,73.0,56.0,50.0,52.0,61.0,61.0
394990,664,"Ponca City, OK",msa,OK,69.0,72.0,78.0,91.0,98.0,89.0,90.0,85.0,91.0,89.0,112.0,129.0,134.0,114.0,119.0,115.0,106.0,81.0,78.0,92.0,107.0,133.0,125.0,115.0,88.0,104.0,106.0,95.0,79.0,81.0,87.0,71.0,74.0,66.0,82.0,74.0,78.0,63.0,50.0,43.0,40.0,37.0,30.0,33.0,38.0,41.0,51.0,59.0,55.0,42.0,31.0,30.0,29.0,30.0,34.0,38.0,46.0,46.0,52.0,50.0,51.0,48.0,46.0,44.0,41.0,37.0,44.0,50.0,56.0,57.0,60.0,70.0,69.0,70.0,58.0,56.0,55.0,60.0,54.0,56.0,68.0,76.0,72.0,62.0,76.0,70.0,62.0,49.0,47.0,52.0,53.0,60.0,66.0,69.0,65.0,62.0,54.0,57.0,64.0,67.0,63.0,56.0
394779,665,"Lawrenceburg, TN",msa,TN,,,,,,,,,,,,,,,,,,,,,,,,,,,,,,,,,,,,,,,,,,,,,,,,,,,,,,,,,,,,,,,,,,,,,,,,,,,,,,,,,,,,,,,,,,,,,,,96.0,103.0,103.0,105.0,77.0,80.0,76.0,79.0
394842,666,"McAlester, OK",msa,OK,,,,,,,,,,,135.0,162.0,144.0,134.0,127.0,133.0,139.0,140.0,135.0,119.0,109.0,107.0,117.0,124.0,142.0,146.0,157.0,142.0,130.0,90.0,72.0,72.0,76.0,80.0,70.0,73.0,65.0,61.0,54.0,46.0,39.0,33.0,41.0,45.0,61.0,59.0,59.0,61.0,60.0,59.0,45.0,44.0,42.0,43.0,46.0,50.0,54.0,61.0,66.0,82.0,83.0,86.0,82.0,82.0,80.0,63.0,60.0,67.0,80.0,110.0,118.0,132.0,107.0,102.0,90.0,91.0,76.0,91.0,97.0,111.0,96.0,105.0,94.0,90.0,88.0,101.0,112.0,100.0,93.0,82.0,91.0,91.0,98.0,102.0,107.0,113.0,116.0,114.0,95.0,72.0,86.0,106.0
394886,667,"Mount Pleasant, TX",msa,TX,,,,,,,,,,,,,,,,,,,,,,,,,,,,,,,,,,,,,,,,,,,,,,,,,,,,,,,,,,,,,,,,,,,,,,,,,,,,,,,,,,,,,,,,,,,,,,,,,136.0,146.0,136.0,120.0,103.0,91.0
395228,668,"Willmar, MN",msa,MN,,,,,,,,,,,,,,,,,,,,,,,,,,,,,,,,,,,,,,,,,,,,,,,,,,,,,,,,,,,,,,,,,,,,,,,,,,,,,,,,,,,,,,,,,,,,,,,,75.0,79.0,73.0,68.0,62.0,53.0,52.0
394895,670,"Muscatine, IA",msa,IA,,,,,,,,,,,,,,,,,,,,,,,,,,,,,,,,,,,,,,,,,,,,,,,,,,,,,,,,,,,,,,,,,,,,,,,,,,,,,,,,,,,,,,,,,,,,,,,52.0,69.0,62.0,57.0,38.0,26.0,26.0,29.0
394785,671,"Lewisburg, PA",msa,PA,,,,,,,,,,,,,,,,,,,,,,,,,,,,,,,,,,,,,,,,,,,,,,,,,,,,,,,,,,,,,,,,,,,,,,,,,,,,,,,,,,,,,,,,,,,,,,,,,72.0,77.0,59.0,47.0,48.0,59.0
394349,672,"Auburn, IN",msa,IN,,,,,,,,,,,,,,,,,,,,,,,,,,,,,,,,,,,,,,,,,,,,,,,,,,,,,,,,,,,,,,,,,,,,,,,40.0,44.0,29.0,24.0,19.0,19.0,22.0,22.0,23.0,24.0,27.0,33.0,40.0,39.0,36.0,25.0,22.0,19.0,21.0,24.0,30.0,38.0,44.0,38.0,38.0,36.0,41.0,35.0,28.0,23.0,23.0,24.0
394545,673,"Duncan, OK",msa,OK,,,,,,,,,,,,,,,,,,,,,,,,,,,,,,,,,,,,,,,,,,,,,,,,,,,,,,,,,,,,,,,,,,,,,,,,,,,,,,,,,,55.0,75.0,71.0,66.0,54.0,55.0,54.0,52.0,53.0,60.0,70.0,73.0,71.0,65.0,65.0,63.0,69.0,68.0,68.0,64.0,67.0
395081,674,"Sedalia, MO",msa,MO,,,,,,,,,,,,,,,,,,,,,,,75.0,87.0,79.0,74.0,75.0,69.0,64.0,58.0,56.0,57.0,50.0,42.0,45.0,43.0,39.0,27.0,25.0,24.0,20.0,22.0,27.0,33.0,37.0,44.0,46.0,50.0,42.0,36.0,25.0,23.0,26.0,31.0,32.0,34.0,34.0,40.0,46.0,53.0,49.0,45.0,40.0,50.0,57.0,59.0,52.0,40.0,38.0,37.0,54.0,57.0,65.0,58.0,51.0,42.0,36.0,35.0,41.0,38.0,53.0,51.0,61.0,63.0,73.0,67.0,58.0,49.0,45.0,48.0,46.0,53.0,51.0,54.0,64.0,65.0,70.0,70.0,64.0,57.0,37.0,39.0
394448,675,"Cedartown, GA",msa,GA,,,,,,,,,,,,,,,,,,,,,,,,,,,,,,,,,,,,,,,,,,,,,,,,,,,,,,,,,,,,,,,,,,,,,,,,,,,,,,,,,,,,,,,,,,,,57.0,64.0,74.0,82.0,97.0,96.0,82.0,62.0,57.0,58.0,63.0
394677,676,"Henderson, NC",msa,NC,,,,,,,,,,,,,,,,,,,,,,,,,,,,,,,,,,,,,,,,,,,,,,,,,,,,,,,,,,,,,,,,,,,,,,,,,,,,,,,,,,,,,,,,,,,,,,,,,,,,,,73.0
394297,677,"Aberdeen, SD",msa,SD,,,,,,,,,,,,,,,,,,,,,,,,,,,,,,,,,,,,,,,,,,,,,,,,,,,,,,,,,,,,,,,,,,,,,,,,,,,,,,,,,,,,,,,,,,,,,,,86.0,94.0,93.0,67.0,56.0,45.0,44.0,41.0
395032,678,"Rock Springs, WY",msa,WY,,,,,,,,,,,,,,,,,,,,,,,,,,,,,,,,,,,,,,,,,,,,,,,,,,,,,,,,,,,,,,,,,,,,,,,,,,,,,,,,,,,,,,,,,,,,,,,78.0,85.0,83.0,80.0,72.0,79.0,70.0,69.0
395129,680,"Stephenville, TX",msa,TX,,,,,,,,,,,,,,,,,,,,,,,,,,,,,,,,,,,,,,,,,,,,,,,,,,,,,,,,,,,,,,,,,,,,,,,,,,,,,,,,,,90.0,84.0,95.0,99.0,96.0,89.0,90.0,94.0,97.0,101.0,86.0,83.0,73.0,85.0,95.0,104.0,93.0,87.0,89.0,85.0,84.0
394449,681,"Celina, OH",msa,OH,,,,,,,,,,,,,,,,,,,,,,,,,,,,,,,,,,,,,,,,,,,,,,,,,,,,,,,,,,,,,,,,,,,,,,,,,,,,,,,,,,,,,,,,,,,,,,,,,,,,,33.0,29.0
395230,682,"Wilmington, OH",msa,OH,,,,,,,,,,,,,,,,,,,,,,,,,,,,,,,,,,,,,,,,,,,,,,,,,,,,,,,,,,,,,,,,,,,,,,,,,,,,,,,,,,,,,,,,,,,,,,,40.0,47.0,41.0,33.0,24.0,21.0,27.0,32.0
394424,683,"Bucyrus, OH",msa,OH,,,,,,,,,,,,,,,,,,,,,,,,,,,,,,,,,,,,,,,,,,,,,,,,,,,,,,,,,,,49.0,47.0,52.0,41.0,29.0,22.0,19.0,25.0,27.0,42.0,37.0,47.0,39.0,48.0,38.0,30.0,21.0,22.0,28.0,27.0,25.0,21.0,29.0,37.0,41.0,46.0,41.0,46.0,33.0,35.0,30.0,45.0,49.0,49.0,32.0,32.0,42.0,53.0,58.0,46.0,44.0,37.0,37.0,36.0
394319,684,"Alma, MI",msa,MI,,,,,,,,,,,,,,,,,,,,,,,,,,,,,,,,,,,,,,,,,,,,,,,,,,,,,,,,,,,,,,,,,,,,,,,,,,,,,,,,,,,,,,,,,,,,,,,37.0,49.0,69.0,67.0,52.0,37.0,35.0,34.0
394624,687,"Gainesville, TX",msa,TX,,,,,,,,,,,,,,,,,,,,,,,,,,,,,,,,,,,,,,,,,,,,,,,,,,,,,,,,,,,,,,,,,,,,,,,69.0,71.0,68.0,72.0,74.0,74.0,68.0,67.0,69.0,77.0,83.0,96.0,89.0,90.0,83.0,95.0,92.0,93.0,85.0,88.0,108.0,115.0,127.0,117.0,122.0,119.0,121.0,118.0,113.0,96.0,90.0,87.0
394397,689,"Blytheville, AR",msa,AR,,,,,,,,,,,,,,,,,,,,,,,,,,,,,,,,,,,,,,,,,,,,,,,,,,,,,,,,,,,,,,,,,,,,,,,,,,,,,,,,,,,,,,,,,,,,,,,,,,,,,,57.0
394845,690,"McMinnville, TN",msa,TN,,,,,,,,,,,,,,,,,,,,,,,,,,,,,,,,,,,,,,,,,,,,,,,,,,,,,,,,,,,,,,,,,,,,,,,,,,,,,,,,,,,,,,,,,,,,,,,86.0,87.0,88.0,99.0,109.0,98.0,91.0,78.0
394341,691,"Astoria, OR",msa,OR,,,,,,,,,,,,,,,,,,,,,,,,,,,,,,,,,,,,,,,,,,,,,,,,,,,,,,,,,,,,,,,,,,,,,,,,,,,,,,,,,,,82.0,82.0,89.0,86.0,68.0,67.0,65.0,71.0,68.0,69.0,85.0,104.0,113.0,105.0,90.0,70.0,49.0,52.0,64.0,78.0
394409,692,"Bradford, PA",msa,PA,,,,,,,,,,,,,,,,,,,,,,,,,,,,,,,,,,,,,,,,,,,,,,,,,,,,,,,,,,,,,,,,,,,,,,,,,,,,,,,,,,,,,,,,,,,,,,,,,,89.0,79.0,64.0,61.0,64.0
394844,694,"McComb, MS",msa,MS,,,,,,,,,,,,,,,,,,,,,,,,,,,,,,,,,,,,,,,,,,,,,,,,,,,,,,,,,,,,,,,,,,,,,,,,,,,,,,,,,,,,,,,,,,,,,,,,,,,,,,115.0
753866,695,"Big Stone Gap, VA",msa,VA,,,,,,,,,,,,,,,,,,,,,,,,,,,,,,,,,,,,,,,,,,,,,,,,,,,,,,,,,,,,,,,,,,,,,,,,,,,,,,,,,,,,,,,,,,,,,,,,,,86.0,73.0,70.0,63.0,94.0
394833,696,"Marshalltown, IA",msa,IA,,,,,,,,,,,,,,,,,,,,,,,,,,,,,,,,,,,,,,,,,,,,,,,,,,,,,,,,,,,,,,,,,,,,,,,,,,,,,,,,,,,,,,,,,,,,,,,,,49.0,38.0,27.0,39.0,46.0,49.0
394384,697,"Big Rapids, MI",msa,MI,,,,,,,,,,,,,,,,,,,,,,,,,,,,,,,,,,,,,,,,,,,,,,,,,,,,,,,,,,,,,,,,,,,,,,,,,,,,,,,,,,,,,,,,,,,,,,,,78.0,85.0,71.0,54.0,44.0,45.0,51.0
394354,698,"Austin, MN",msa,MN,,,,,,,,,,,,,,,,,,,,,,,,,,,,,,,,,,,,,,,,,,,,,,,,,,,,,,,,,,,,,,,,,,,,,,,,,,,,,,,,,,,,,,,,,,,,,,,,,73.0,59.0,58.0,45.0,44.0,41.0
395219,700,"West Plains, MO",msa,MO,,,,,,,,,,,,,,,,,,,,,,,,,,,,,,,,,,,,,,,,,,,,,,,,,,,,,,,,,,,,,,,,,,,,,,,,,80.0,80.0,73.0,74.0,67.0,67.0,81.0,77.0,95.0,90.0,120.0,125.0,142.0,115.0,102.0,77.0,99.0,116.0,132.0,137.0,142.0,160.0,132.0,124.0,100.0,103.0,88.0,76.0,92.0,92.0
394934,701,"Okeechobee, FL",msa,FL,,,,,,,,,,,,,,,,,,,,,,,,,,,,,,,,,,,,,,,,,,,,,,,,,,,,,,,,,,,,,,,,,,,,,,,,,,,,,,,,,,,,,,,,,,,,,,,,,,,,,,119.0
394881,703,"Moscow, ID",msa,ID,,,,,,,,,,,,,,,,,,,,,,,,,,,,,,,,,,,,,,,,,,,,,,,,,,,,,,,,,,,,,,,,,,,,,,,,,,,,,,,,,,,,,,,,,,,,,,,,,58.0,31.0,28.0,38.0,46.0,50.0
394476,704,"Clewiston, FL",msa,FL,,,,,,,,,,,,,,,,,,,,,,,,,,,,,,,,,,,,,,,,,,,,,,,,,,,,,,,,,,,,,,,,,,,,,,,,,,,,,,,,,,,,,,,,,,,,,,,,125.0,108.0,105.0,95.0,100.0,115.0,115.0
395026,705,"Riverton, WY",msa,WY,,,,,,,,,,,,,,,,,,,,,,,,,,,,,,,,,,,,,,,,,,,,,,,,,,,,,,,,,,,,,,,,,,,,,,,,,,,,,,,,,,,,,,,,,,,,,,,,,,134.0,111.0,95.0,87.0,109.0
394981,708,"Pittsburg, KS",msa,KS,,,,,,,,,,,,,,,,,,,,,,,,,,,,,,,,,,,,,,,,,,,,,,,,,,,,,,,,,,,,,,,,,,,,,,,,,,,,,,,,,,,,,,,,,,,,,,,,,88.0,82.0,70.0,62.0,60.0,56.0
394663,709,"Hannibal, MO",msa,MO,,,,,,,,,,,,,,,,,,,,,,,,,,,,,,,,,,,,,,,,,,,,,,,,,,,,,,,,,,,,,,,,,,,,,,,,,,,,,,,,,,,,,,,,,,,,,,,,,61.0,57.0,46.0,42.0,39.0,37.0
395203,710,"Warren, PA",msa,PA,,,,,,,,,,,,,,,,,,,,,,,,,,,,,,,,,,,,,,,,,,,,,,,,,,,,,,,,,,,,,,,,,,,,,,,,,,,,,,,,,,,,,,,,,,,,,,,,,,,,,31.0,37.0
394315,711,"Alexandria, MN",msa,MN,,,,,,,,,,,,,,,,,,,,,,,,,,,,,,,,,,,,,,,,,,,,,,,,,,,,,,,,,,,,,,,,,,,,,,,,,,,,,,,,,,,,,,,,,,,,,,,,,79.0,64.0,45.0,37.0,40.0,56.0
395178,712,"Urbana, OH",msa,OH,,,,,,,,,,,,,,,,,,,,,,,,,,,,,,,,,,,,,,,,,,,,,,,,,,,,,,,,,,,,,,,,,,,,,,,,,,,,,,,,,,,,,,,,,,,,,24.0,30.0,34.0,38.0,39.0,40.0,31.0,25.0,24.0,29.0
395227,715,"Williston, ND",msa,ND,,,,,,,,,,,,,,,,,,,,,,,,,,,,,,,,,,,,,,,,,,,,,,,,,,,,,,,,,,,,,,,,,,,,,,,,,,,,,,,,,,,,,,,,,,,,,,47.0,59.0,73.0,63.0,48.0,35.0,25.0,31.0,36.0
394526,716,"Defiance, OH",msa,OH,,,,,,,,,,,,,,,,,,,,,,,,,,,,,,,,,,,,,,,,,,,,,,,,,,,,,,,,,,,,,,,,,,,,,,,,,,,,,,,,,,,,,,,,,,,,,,,52.0,52.0,42.0,32.0,30.0,28.0,26.0,22.0
395099,717,"Sikeston, MO",msa,MO,,,,,,,,,,,,,,,,,,,,,,,,,,,,,,,,,,,,,,,,,,,,,,,,,,,,,,,,,,,,,,,,,,,,,,,,,,,,,,,,,,,,,,,,,,,,,,,,,,,50.0,40.0,52.0,41.0
394715,719,"Jacksonville, IL",msa,IL,,,,,,,,,,,,,,,,,,,,,,,,,,,,,,,,,,,,,,,,,,,,,,,,,,,,,,,,,,,,,,,,,,,,,,,,,,,,,,,,,,,,,33.0,29.0,25.0,24.0,28.0,26.0,32.0,30.0,34.0,38.0,42.0,57.0,52.0,49.0,37.0,40.0,41.0,36.0
394300,720,"Ada, OK",msa,OK,,,,,,,,,,,,,,,,,,,,,,,,,,,,,,,,,,,,,,,,,,,,,,,,,,,,,,,,,,,,,,,,,,,,,,,,,,,,,,,,,,,,,,,,,,,,,,,65.0,64.0,72.0,81.0,82.0,65.0,65.0,66.0
394422,721,"Brownwood, TX",msa,TX,,,,,,,,,,,,,,,,,,,,,,,,110.0,115.0,107.0,92.0,84.0,82.0,82.0,65.0,66.0,78.0,91.0,95.0,84.0,73.0,51.0,43.0,38.0,42.0,45.0,51.0,56.0,55.0,53.0,53.0,55.0,57.0,50.0,43.0,34.0,39.0,40.0,51.0,47.0,51.0,49.0,59.0,60.0,64.0,67.0,74.0,73.0,72.0,75.0,70.0,81.0,79.0,99.0,83.0,75.0,65.0,76.0,91.0,83.0,80.0,73.0,78.0,80.0,90.0,85.0,80.0,71.0,74.0,70.0,79.0,76.0,81.0,75.0,82.0,85.0,87.0,89.0,91.0,100.0,102.0,105.0,92.0,77.0,62.0,61.0
394507,722,"Crawfordsville, IN",msa,IN,,,,,,,,,,,,,,,,,,,,,,,62.0,57.0,66.0,57.0,57.0,44.0,46.0,33.0,29.0,22.0,24.0,26.0,26.0,28.0,25.0,19.0,12.0,13.0,15.0,18.0,19.0,20.0,23.0,21.0,26.0,30.0,29.0,24.0,15.0,13.0,16.0,20.0,24.0,25.0,27.0,29.0,38.0,42.0,42.0,36.0,27.0,24.0,18.0,21.0,20.0,23.0,28.0,32.0,44.0,50.0,46.0,34.0,25.0,24.0,25.0,24.0,29.0,28.0,29.0,34.0,49.0,55.0,56.0,45.0,35.0,28.0,24.0,31.0,36.0,38.0,40.0,38.0,40.0,37.0,39.0,39.0,37.0,31.0,28.0,29.0
395072,724,"Scottsbluff, NE",msa,NE,,,,,,,,,,,,,,,,,,,,,,,,,,,,,,,,,,,,,,,,,,,,,,,,,,,,,,,,,,,,,,,,,,,,,,,,,,,,,,,,,,,,,,,,,,,,,,,57.0,64.0,76.0,82.0,65.0,62.0,61.0,66.0
394799,727,"Lock Haven, PA",msa,PA,,,,,,,,,,,,,,,,,,,,,,,,,,,,,,,,,,,,,,,,,,,,,,,,,,,,,,,,,,,,,,,,,,,,,,,,,,,,,,,,,,,,,,,,,,,,,,,,,,60.0,50.0,45.0,40.0,43.0
394451,728,"Centralia, IL",msa,IL,,,,,,,,,,,,,,,,,,,,,,,,,,,,,,,,,,,,,,,,,,,,,,,,,,,,,,,,,,,,,,,,,,,,,,,,,,,,,,,,,,,,,,,,,,,,,,,,,91.0,75.0,55.0,49.0,47.0,52.0
394554,729,"Easton, MD",msa,MD,,,,,,,,,,,,,,,,,,,,,,,,,,,111.0,98.0,115.0,138.0,126.0,112.0,85.0,89.0,89.0,82.0,69.0,58.0,52.0,36.0,31.0,28.0,34.0,38.0,52.0,46.0,67.0,65.0,68.0,43.0,27.0,22.0,26.0,32.0,39.0,39.0,47.0,52.0,59.0,52.0,45.0,35.0,39.0,40.0,46.0,49.0,46.0,46.0,44.0,49.0,47.0,38.0,38.0,36.0,36.0,30.0,31.0,52.0,65.0,70.0,60.0,65.0,64.0,70.0,55.0,46.0,42.0,63.0,78.0,76.0,62.0,61.0,73.0,83.0,92.0,96.0,88.0,79.0,64.0,66.0,66.0,70.0
394948,730,"Owatonna, MN",msa,MN,,,,,,,,,,,,,,,,,,,,,,,,,,,,,,,,,,,,,,,,,,,,,,,,,,,,,,,,,,,,,,,,,,,,,,,,,,,,,,,,,,,,,,,,,,,,,,,80.0,99.0,91.0,73.0,47.0,39.0,39.0,38.0
394888,731,"Mount Vernon, IL",msa,IL,,,,,,,,,,,,,,,,,,,,,,,,,,,,,,,,,,,,,,,,,,,,,,,,,,,,,,,,,,,,,,,,,,,,,,,,,,,,,,,,,,,,,,,,,,,,,,,,,64.0,62.0,50.0,58.0,51.0,47.0
394771,733,"Laramie, WY",msa,WY,,,,,,,,,,,,,,,,,,,,,,,,,,,,,,,,,,,,,,,,,,,,,,,,,,,,,,,,,,,,,,,,,,,,,,,,,,,,,,,,,,,,,,,,,,,,,,,,67.0,59.0,49.0,42.0,37.0,33.0,29.0
394894,734,"Murray, KY",msa,KY,,,,,,,,,,,,,,,,,,,,,,,,,,,,,,,,,,,,,,,,,,,,,,,,,,,,,,,,,,,,,,,,,,,,,,,,,,,,,,,,,,,,,,,,,,,,,,,,,,,,,82.0,67.0
394617,735,"Fremont, NE",msa,NE,,,,,,,,,,,,,,,,,,,,,,,,,,,,,,,,,,,,,,,,,,,,,,,,,,,,,,,,,,,,,,,,,,,,,,,,,,,,,,,,,,,,,,,,,,,,,,56.0,69.0,62.0,59.0,55.0,51.0,44.0,40.0,43.0
394382,736,"Bennington, VT",msa,VT,,,,,,,,,,,,,,,,,,,,,,,,,,,,,,,,,,,,,,,,,,,,,,,,,,,,,,,,,,,,,,,,,,,,,,,,,,,,,,,,,,,,,89.0,87.0,56.0,48.0,32.0,42.0,53.0,69.0,63.0,64.0,68.0,94.0,92.0,87.0,61.0,55.0,44.0,58.0
394603,737,"Fort Dodge, IA",msa,IA,,,,,,,,,,,,,,,,,,,,,,,,,,,,,,,,,,,,,,,,,,,,,,,,,,,,,,,,,,,,,,,,,,,,,,,,,,,,,,,,,,,,,,,,,,,,,,,,82.0,83.0,74.0,71.0,70.0,63.0,56.0
395069,738,"Sault Ste. Marie, MI",msa,MI,,,,,,,,,,,,,,,,,,,,,,,,,,,,,,,,,,,,,,,,,,,,,,,,,,,,,,,,,,,,,,,,,,,,,,,,,,,,,,,,,,,,,,,,,,,,,,,,,,,,91.0,71.0,68.0
394550,740,"Dyersburg, TN",msa,TN,,,,,,,,,,,,,,,,,,,,,,,,,,,,,,,,,,,,,,,,,,,,,,,,,,,,,,,,,,,,,,,,,,,,,,,,,,,,,,,,,,,,,,,,,,,,,,,,46.0,66.0,78.0,77.0,65.0,64.0,67.0
394573,742,"Escanaba, MI",msa,MI,,,,,,,,,,,,,,,,,,,,,,,,,,,,,,,,,,,,,,,,,,,,,,,,,,,,,,,,,,,,,,,,,,,,,,,,,,,,,,,,,,,,,,,,,,,,,,,,,,,,,37.0,35.0
394840,743,"Mayfield, KY",msa,KY,,,,,,,,,,,,,,,,,,,,,,,,,,,,,,,,,,,,,,,,,,,,,,,,,,,,,,,,,,,,,,,,,,,,,,,,,,,,,,,,,,,,,,,,,,,,,,,,,,,,,68.0,66.0
394745,744,"Kill Devil Hills, NC",msa,NC,76.0,86.0,78.0,74.0,66.0,76.0,83.0,89.0,101.0,107.0,117.0,118.0,115.0,110.0,113.0,119.0,127.0,134.0,137.0,134.0,129.0,144.0,141.0,141.0,121.0,113.0,107.0,115.0,126.0,125.0,110.0,95.0,85.0,76.0,65.0,57.0,52.0,48.0,40.0,34.0,34.0,35.0,37.0,38.0,43.0,42.0,44.0,38.0,36.0,29.0,24.0,21.0,26.0,34.0,42.0,48.0,55.0,53.0,57.0,56.0,61.0,55.0,50.0,44.0,40.0,40.0,41.0,45.0,46.0,54.0,62.0,51.0,38.0,29.0,40.0,50.0,52.0,54.0,60.0,65.0,68.0,71.0,76.0,83.0,76.0,73.0,65.0,74.0,76.0,85.0,82.0,82.0,81.0,80.0,84.0,82.0,83.0,83.0,83.0,84.0,86.0,85.0
394702,746,"Hutchinson, MN",msa,MN,,,,,,,,,,,,,,,,,,,,,,,,,,,,,,,,,,,,,,,,,,,,,,,,,,,,,,,,,,,,,,,,,,,,,,,,,,,,,,,,,,,,,,,,,,,,,,,,,56.0,54.0,43.0,43.0,38.0,41.0
394696,748,"Huntington, IN",msa,IN,,,,,,,,,,,,,,,,,,,,,,,,,,,,,,,,,,,,,,,,,,,,,,,,,,,,,,,,,,,,,,,,,,,,,,,,,,,,,,,,,,,,,,,,,,,,,,,,,54.0,47.0,37.0,31.0,35.0,33.0
395192,750,"Vincennes, IN",msa,IN,,,,,,,,,,,,,,,,,,,,,,,,,,,,,,,,,,,,,,,,,,,,,,,,,,,,,,,,,,,,,,,,,,,,,,,,,,,,,,,,,,,,,,,,,,,,,,,,78.0,76.0,83.0,67.0,66.0,60.0,52.0
394370,751,"Bay City, TX",msa,TX,,,,,,,,,,,,,,,,,,,,,,,,,,,,,,,,,,,,,,,,,,,,,,,,,,,,,,,,,,,,,,,,,,,,,,,,,,,,,,,,,,,,,,,,,,,,,,,,206.0,196.0,145.0,157.0,138.0,160.0,148.0
394920,752,"North Platte, NE",msa,NE,,,,,,,,,,,,,,,,,,,,,,,,,,,,,,,,,,,,,,,,,,,,,,,,,,,,,,,,,,,,,,,,,,,,,,,46.0,48.0,42.0,40.0,34.0,36.0,34.0,34.0,37.0,42.0,45.0,58.0,64.0,65.0,57.0,48.0,39.0,31.0,31.0,33.0,38.0,36.0,38.0,37.0,43.0,49.0,50.0,50.0,43.0,42.0,41.0,40.0
394992,754,"Pontiac, IL",msa,IL,,,,,,,,,,,,,,,,,,,,,,,,,,,,,,,,,,,,,,,,,,,,,,,,,,,,,,,,,,,,,,,,,,,,,,,,,,,,,,,,,,,,,,,,,,,,,,,,,70.0,58.0,34.0,30.0,22.0,26.0
394781,755,"Lebanon, MO",msa,MO,,,,,,,,,,,,,,,,,,,,,,,,,,,,,,,,,,,,,,,,,,,,,,,,,,,,,,,,,,,,,,,,,,,,,,,,,,,,,,,,,,,,82.0,71.0,57.0,57.0,60.0,49.0,49.0,49.0,55.0,53.0,61.0,68.0,86.0,92.0,83.0,70.0,57.0,52.0,50.0
394915,756,"Newport, TN",msa,TN,,,,,,,,,,,,,,,,,,,,,,,,,,,,,,,,,,,,,,,,,,,,,,,,,,,,,,,,,,,,,,,,,,,,,,,,,,,,,,,,,,,,,,,,,,,,,,,,,,,,99.0,93.0,98.0
394525,757,"Decatur, IN",msa,IN,,,,,,,,,,,,,,,,,,,,,,,,,,,,,,,,,,,,,,,,,,,,,,,,,,,,,,,,,,,,,,,,,,,,,,,,,,,,,,,,,,,,,,,,,,,,,,,,,,,,,33.0,34.0
394413,759,"Brenham, TX",msa,TX,,,,,,,,,,,,,,,,,,,,,,,,,,,,,,,,,,,,,,,,,,,,,,,,,,,,,,,,,,,,,,,,,,,,,,,,,,,,,,,,,,,,,,,,,94.0,88.0,86.0,96.0,111.0,123.0,132.0,145.0,146.0,138.0,122.0,106.0,97.0,94.0
395187,760,"Vernal, UT",msa,UT,,,,,,,,,,,,,,,,,,,,,,,,,,,,,,,,,,,,,,,,,,,,,,,,,,,,,,,,,,,,,,,,,,,,,,,,,,,,,,,,,,,,,,,,,,,,,,,,115.0,97.0,68.0,56.0,66.0,73.0,65.0
786252,761,"Bonham, TX",msa,TX,,,,,,,,,,,,,,,,,,,,,,,,,,,,,,,,,,,,,,,,,,,,,,,,,,,,,,,,,,,,,,,,,,,,,,,,,,,,,,,,,,,,,,,,,,,,,,,112.0,122.0,119.0,105.0,104.0,101.0,103.0,103.0
394947,762,"Ottumwa, IA",msa,IA,,,,,,,,,,,,,,,,,,,,,,,,,,,,,,,,,,,,,,,,,,,,,,,,,,,,,,,,,,,,,,,,,,,,,,,,,,,,,,,,,,,,,,,,,,,,,,,,,,89.0,82.0,82.0,73.0,71.0
394430,764,"Butte, MT",msa,MT,,,,,,,,,,,,,,,,,,,,,,,,,,,,,,,,,,,,,,,,,,,,,,,,,,,,,,,,,,,,,,,,,,,,,,,,,,,,,,,,,,,,,,,,,,,,,,,,,69.0,58.0,47.0,36.0,45.0,43.0
394499,765,"Corinth, MS",msa,MS,,,,,,,,,,,,,,,,,,,,,,,,,,,,,,,,,,,,,,,,,,,,,,,,,,,,,,,,,,,,,,,,,,,,,,,,,,,,,,,,,,,,,,,,,,,,,,,,,,,,,,93.0
394569,767,"Emporia, KS",msa,KS,,,,,,,,,,,,,,,,,,,,,,,,,,,,,,,,,,,,,,,,,,,,,,,,,,,,,,,,,,,,,,,,,,,,,,,,,,,,,,,,,,,,,,,,,,,,,,,,73.0,78.0,53.0,56.0,49.0,56.0,57.0
394713,768,"Jackson, WY",msa,WY,,,,,,,,,,,,,,,,,,,,,,,,,,,,,,,,,,,,,,,,,,,,,,,,,,,,,,,,,,,,,,,,,,,,,,,,,,,,,,,,,,101.0,117.0,115.0,115.0,84.0,78.0,71.0,76.0,78.0,88.0,102.0,123.0,132.0,139.0,129.0,131.0,111.0,96.0,87.0,94.0,110.0
845172,769,"Winfield, KS",msa,KS,,,,,,,,,,,,,,,,,,,,,,,,,,,,,,,,,,,,,,,,,,,,,,,,,,,,,,,,,,,,,,,,,,,,,,,,,,,,,,,,,,,,,,,,,,,,,,93.0,107.0,94.0,93.0,80.0,62.0,60.0,62.0,72.0
394557,771,"Effingham, IL",msa,IL,,,,,,,,,,,,,,,,,,,,,,,,,,,,,,,,,,,,,,,,,,,,,,,,,,,,,,,,,,,,,,,,,,,,,,,,,,,,,,,,,,,,,,,,,,,,,,,,,,55.0,43.0,48.0,49.0,53.0
395211,773,"Watertown, SD",msa,SD,,,,,,,,,,,,,,,,,,,,,,,,,,,,,,,,,,,,,,,,,,,,,,,,,,,,,,,,,,,,,,,,,,,,,,,,,,,,,,,,,,,,,,,,,,,,,,,,,77.0,73.0,69.0,65.0,51.0,63.0
394331,774,"Angola, IN",msa,IN,,,,,,,,,,,,,,,,,,,,,,,,,,,,,,,,,,,,,,,,,,,,,,,,,,,,,,,,,,,,,,,,,,,,,,,,,,,,,,,,,,,,,,,,,,,,,,,,,88.0,71.0,51.0,45.0,43.0,46.0
394535,775,"Dixon, IL",msa,IL,,,,,,,,,,,,,,,,,,,,,,,,,,,,,,,,,,,,,,,,,,,,,,,,,,,,,,,,,,,,,,,,,,,,,,,,,,,,,,,,,,,,,,,,,,,,,,,,,53.0,47.0,43.0,33.0,40.0,36.0
395149,777,"Taos, NM",msa,NM,,,,,,,,,,,,,,,,,,,,,,,,,,,,,,,,,,,,,,,,,,,,,,,,,,,,,,,,,,,,,,,,,,,,,,,,,,,,,,,,,,,,,,108.0,98.0,91.0,78.0,82.0,104.0,105.0,108.0,98.0,124.0,127.0,141.0,151.0,134.0,126.0,118.0,125.0
394419,778,"Brookings, SD",msa,SD,,,,,,,,,,,,,,,,,,,,,,,,,,,,,,,,,,,,,,,,,,,,,,,,,,,,,,,,,,,,,,,,,,,,,,,,,,,,,,,,,,,,,,,,,,,,,,,,,62.0,55.0,52.0,48.0,49.0,43.0
394491,780,"Columbus, NE",msa,NE,,,,,,,,,,,,,,,,,,,,,,,,,,,,,,,,,,,,,,,,,,,,,,,,,,,,,,,,,,,,,,,,,,,,,,,,,,,,,,,,,,,,,,,,,,,,,,,,73.0,75.0,78.0,71.0,66.0,49.0,56.0
395150,781,"Taylorville, IL",msa,IL,,,,,,,,,,,,,,,,,,,,,,,,,,,,,,,,,,,,,,,,,,,,,,,,,,,,,,,,,,,,,,,,,,,,,,,,,,,,,,,,,,,,,,,,,,,,,,,,43.0,52.0,69.0,68.0,65.0,52.0,50.0
394786,783,"Lewisburg, TN",msa,TN,,,,,,,,,,,,,,,,,,,,,,,,,,,,,,,,,,,,,,,,,,,,,,,,,,,,,,,,,,,,,,,,,,,,,,,,,,,,,,,,,,,,,,,,,,,,,,,76.0,98.0,111.0,100.0,78.0,61.0,60.0,56.0
395084,784,"Seneca Falls, NY",msa,NY,,,,,,,,,,,,,,,,,,,,,,,,,,,,,,,,,,,,,,,,,,,,,,,,,,,,,,,,,,,,,,,,,,,,,,,,,,,,,,,,,,,,,,,,,,,,,,,,,,,62.0,47.0,34.0,24.0
394533,785,"Dickinson, ND",msa,ND,,,,,,,,,,,,,,,,,,,,,,,,,,,,,,,,,,,,,,,,,,,,,,,,,,,,,,,,,,,,,,,,,,,,,,,,,,,,,,,,,,,,,,,,,,,,,,,87.0,93.0,87.0,80.0,61.0,48.0,48.0,48.0
786262,786,"Pella, IA",msa,IA,,,,,,,,,,,,,,,,,,,,,,,,,,,,,,,,,,,,,,,,,,,,,,,,,,,,,,,,,,,,,,,,,,,,,,,,,,,,,,,,,,,,,,,,,,,,,,,72.0,78.0,74.0,63.0,54.0,53.0,50.0,56.0
395207,787,"Washington, IN",msa,IN,,,,,,,,,,,,,,,,,,,,,,,,,,,,,,,,,,,,,,,,,,,,,,,,,,,,,,,,,,,,,,,,,,,,,,,,,,,,,,,,,,,,,,,,,,,,,,,,,,,,,81.0,62.0
394613,790,"Frankfort, IN",msa,IN,,,,,,,,,,,,,,,,,,,,,,,,,,,,,,,,,,,,,,,,,,,,,,,,,,,,,,,,,,,,,,,,,,,,,,,,,,,,,,,,,,,,,,,,,,,,,,,,,,,,,,48.0
395141,793,"Susanville, CA",msa,CA,,,,,,,,,,,,,,,,,,,,,,,,,,,,,,,,,,,,,,,,,,,,,,,,,,,,,,,,,,,,,,,,,,,,,,,,,,,,,,,,,,,,,,,,,,,,,,,,,,,,,,79.0
753878,797,"Dayton, TN",msa,TN,,,,,,,,,,,,,,,,,,,,,,,,,,,,,,,,,,,,,,,,,,,,,,,,,,,,,,,,,,,,,,,,,,,,,,,,,,,,,,,,,,,,,,,,,,,,,,,,,76.0,57.0,59.0,62.0,75.0,83.0
394433,799,"Cambridge, MD",msa,MD,,,,,,,,,,,,,,,,,,,,,,,,,,,,,,,,,,,,,,,,,,,,,,,,,,,,,,,,,,,,,,,,,,,,,,,,,,,,,,,,,,,,,,,,,,,,,,,92.0,88.0,86.0,66.0,73.0,79.0,93.0,88.0
394962,800,"Paris, TN",msa,TN,,,,,,,,,,,,,,,,,,,,,,,,,,,,,,,,,,,,,,,,,,,,,,,,,,,,,,,,,,,,,,,,,,,,,,,,,,,,,,,,,,,,,,,,,,,,,,,,,132.0,106.0,110.0,73.0,78.0,68.0
394730,802,"Juneau, AK",msa,AK,,,,,,,,,,,,,,,,,,,,,,,,,,,,,,,,,,,,,,,,,,,,,,,,,,,,,,,,,,,,,,,,,,,,,,,,,,,,,,,,,,,,,,,,,,,,,,,,54.0,52.0,45.0,27.0,29.0,25.0,30.0
394481,803,"Coffeyville, KS",msa,KS,,,,,,,,,,,,,,,,,,,,,,,,,,,,,,,,,,,,,,,,,,,,,,,,,,,,,,,,,,,,,,,,,,,,,,,,,,,,,,,,,,,,,,,,,,,,,,,44.0,45.0,67.0,71.0,73.0,53.0,41.0,35.0
394383,805,"Berlin, NH",msa,NH,,,,,,,,,,,,,,,,,,,,,,,,,,,,,,118.0,118.0,97.0,95.0,83.0,101.0,93.0,72.0,60.0,54.0,39.0,27.0,29.0,35.0,44.0,54.0,54.0,52.0,40.0,42.0,40.0,46.0,37.0,33.0,30.0,37.0,47.0,48.0,44.0,42.0,50.0,67.0,67.0,52.0,33.0,29.0,40.0,44.0,46.0,46.0,52.0,58.0,66.0,71.0,68.0,59.0,51.0,47.0,58.0,60.0,68.0,62.0,72.0,77.0,98.0,98.0,87.0,65.0,62.0,66.0,71.0,68.0,76.0,75.0,83.0,79.0,103.0,105.0,115.0,91.0,78.0,55.0,51.0
394670,807,"Hastings, NE",msa,NE,,,,,,,,,,,,,,,,,,,,,,,,,,,,,,,,,,,,,,,,,,,,,,,,,,,,,,,,,,,,,,,,,,,,,,,,,,,,,,,,,,,,,,,,,,,,,,,,,81.0,72.0,49.0,35.0,37.0,44.0
395196,810,"Wabash, IN",msa,IN,,,,,,,,,,,,,,,,,,,,,,,,,,,,,,,,,,,,,,,,,,,,,,,,,,,,,,,,,,,,,,,,,,,,,,,,,,,,,,,,,,,,,,,,,,,,,,,,,,,,,,41.0
753871,811,"Breckenridge, CO",msa,CO,42.0,36.0,32.0,30.0,34.0,40.0,50.0,56.0,59.0,60.0,66.0,67.0,67.0,63.0,60.0,55.0,52.0,56.0,60.0,68.0,71.0,85.0,87.0,97.0,85.0,74.0,55.0,55.0,54.0,61.0,64.0,71.0,69.0,65.0,52.0,43.0,32.0,22.0,19.0,17.0,19.0,21.0,24.0,22.0,23.0,22.0,23.0,19.0,17.0,13.0,14.0,17.0,22.0,29.0,40.0,49.0,54.0,65.0,70.0,77.0,62.0,53.0,37.0,37.0,40.0,45.0,47.0,50.0,63.0,71.0,76.0,73.0,68.0,53.0,40.0,34.0,40.0,51.0,65.0,81.0,92.0,94.0,90.0,82.0,78.0,67.0,61.0,53.0,57.0,61.0,68.0,78.0,95.0,103.0,122.0,117.0,112.0,82.0,64.0,60.0,61.0,73.0
786264,812,"St. Marys, PA",msa,PA,,,,,,,,,,,,,,,,,,,,,,,,,,,,,,,,,,,,,,,,,,,,,,,,,,,,,,,,,,,,,,,,,,,,,,,,,,,,,,,,,,,,,,,,,,,,,,,,,,,,,,63.0
394310,814,"Albert Lea, MN",msa,MN,,,,,,,,,,,,,,,,,,,,,,,,,,,,,,,,,,,,,,,,,,,,,,,,,,,,,,,,,,,,,,,,,,,,,,,,,,,,,,,,,,,,,,,,,,,,,,,,,,,,73.0,75.0,62.0
395093,815,"Sheridan, WY",msa,WY,,,,,,,,,,,,,,,,,,,,,,,,,,,,,,,,,,,,,,,,,,,,,,,,,,,,,,,,,,,,,,,,,,,,,,,,,,,,,,,,,,,,,,,,,,,,,,,,,,,,61.0,55.0,57.0
394855,817,"Miami, OK",msa,OK,,,,,,,,,,,,,,,,,,,,,,,,,,,,,,,,,,,,,,,,,,,,,,,,,,,,,,,,,,,,,,,,,,,,,,,,,,,,,,,,,,,,,,,,,,,,,,,,97.0,110.0,115.0,119.0,94.0,99.0,78.0
394846,820,"McPherson, KS",msa,KS,,,,,,,,,,,,,,,,,,,,,,,,,,,,,,,,,,,,,,,,,,,,,,,,,,,,,,,,,,,,,,,,,,,,,,,,,,,,,,,,,,,,,,,,,,,,,,,,54.0,49.0,48.0,42.0,41.0,54.0,57.0
394751,821,"Kirksville, MO",msa,MO,,,,,,,,,,,,,,,,,,,,,,,,,,,,,,,,,,,,,,,,,,,,,,,,,,,,,,,,,,,,,,,,,,,,,,,,,,,,,,,,,,,,,,,,,,,,,,,78.0,86.0,69.0,70.0,51.0,71.0,72.0,73.0
753901,822,"Ludington, MI",msa,MI,,,,,,,,,,,,,,,,,,,,,,,,,,,,,,,,,,,,,,,,,,,,,,,,,,,,,,,,,,,,,,,,,,,,,,,,,,,,,,,,,,,,,,,,,,,,,,,,,76.0,70.0,51.0,45.0,47.0,52.0
394320,824,"Alpena, MI",msa,MI,,,,,,,,,,,,,,,,,,,,,,,,,,,,,,,,,,,,,,,,,,,,,,,,,,,,,,,,,,,,,,,,,,,,,,,,,,,,,,,,,,,,,,,,,,,,,,,,,,51.0,39.0,24.0,22.0,26.0
395206,825,"Washington Court House, OH",msa,OH,,,,,,,,,,,,,,,,,,,,,,,,,,,,,,,,,,,,,,,,,,,,,,,,,,,,,,,,,,,,,,,,,,,,,,,,,,,,,,,,,,,,,,,,,,,,,,,,63.0,66.0,53.0,40.0,35.0,36.0,32.0
394673,826,"Hays, KS",msa,KS,,,,,,,,,,,,,,,,,,,,,,,,,,,,,,,,,,,,,,,,,,,,,,,,,,,,,,,,,,,,,,,,,,,,,,,,,,,,,,,,,,,,,,,,,,,,,,,114.0,109.0,77.0,90.0,76.0,93.0,65.0,70.0
394606,827,"Fort Morgan, CO",msa,CO,,,,,,,,,,,,,,,,,,,,,,,,,,,,,,,,,,,,,,,,,,,,,,,,,,,,,,,,,,,,,,,,,,,,,,,,,,,,,,,,,,,,,,,,,,,,,,,,84.0,82.0,74.0,61.0,54.0,63.0,70.0
394892,832,"Mountain Home, ID",msa,ID,,,,,,,,,,,,,,,,,,,,,,,,,,,,,,,,,,,,,,,,,,,,,,,,,,,,,,,,,,,,,,,,,,,,,,,,,,,,,,,,,,,,,,,,,,,,,,,,,60.0,57.0,56.0,50.0,45.0,54.0
394864,833,"Mineral Wells, TX",msa,TX,,,,,,,,,,,,,,,,,,,,,,,,,,,,,,,,,,,,,,,,,,,,,,,,,,,,,,,,,,,,,,,,,,,,,,,,,,,,,,,,,,,,,114.0,120.0,94.0,106.0,102.0,109.0,132.0,137.0,146.0,132.0,136.0,136.0,131.0,139.0,123.0,118.0,115.0,116.0
394795,834,"Lincoln, IL",msa,IL,,,,,,,,,,,,,,,,,,,,,,,,,,,,,,,,,,,,,,,,,,,,,,,,,,,,,,,,,,,,,,,,,,,,,,,,,,,,,,,,,,,,,,,,,,,,,,,,42.0,43.0,39.0,32.0,20.0,15.0,20.0
395100,835,"Silver City, NM",msa,NM,,,,,,,,,,,,,,,,,,,,,,,,,,,,,,,,,,,,,,,,,,,,,,,,,,,,,,,,,,,,,,,,,,,,,,,,,,,,,,,,,,,,,,,,,,,,,,,,,,,,114.0,112.0,95.0
845161,837,"Bluffton, IN",msa,IN,,,,,,,,,,,,,,,,,,,,,,,,,,,,,,,,,,,,,,,,,,,,,,,,,,,,,,,,,,,,,,,,,,,,,,,,,,,,,,,,,,,,,,,,,,,,,,,,45.0,53.0,42.0,35.0,25.0,31.0,26.0
395154,843,"Thomaston, GA",msa,GA,,,,,,,,,,,,,,,,,,,,,,,,,,,,,,,,,,,,,,,,,,,,,,,,,,,,,,,,,,,,,,,,,,,,,,,,,,,,,,,,,,,,,,,,,,,,,,,,,,,,,89.0,78.0
395159,848,"Toccoa, GA",msa,GA,,,,,,,,,,,,,,,,,,,,,,,,,,,,,,,,,,,,,,,,,,,,,,,,,,,,,,,,,,,,,,,,,,,,,,,,,,,,,,,,,,,,,,,,,,,,,,,,,,,,,96.0,85.0
394649,850,"Greensburg, IN",msa,IN,,,,,,,,,,,,,,,,,,,,,,,,,,,,,,,,,,,,,,,,,,,,,,,,,,,,,,,,,,,,,,,,,,,,,,,,,,,,,,,,,,,,,,,,,,,,,,,,,,,,,46.0,41.0
753909,854,"Ottawa, KS",msa,KS,,,,,,,,,,,,,,,,,,,,,,,,,,,,,,,,,,,,,,,,,,,,,,,,,,,,,,,,,,,,,,,,,,,,,,,,,,,,,,,,,,,,,,,,,,,,,,,,,58.0,50.0,39.0,31.0,32.0,40.0
394912,855,"New Ulm, MN",msa,MN,,,,,,,,,,,,,,,,,,,,,,,,,,,,,,,,,,,,,,,,,,,,,,,,,,,,,,,,,,,,,,,,,,,,,,,,,,,,,,,,,,,,,,,,,,,,,,,,,,69.0,63.0,51.0,45.0,38.0
395110,858,"Spearfish, SD",msa,SD,,,,,,,,,,,,,,,,,,,,,,,,,,,,,,,,,,,,,,,,,,,,,,,,,,,,,,,,,,,,,,,,,,,,,,,,,,,,,,,,,,,,,,,,,,,,,,,111.0,110.0,117.0,101.0,80.0,67.0,64.0,80.0
394322,864,"Altus, OK",msa,OK,,,,,,,,,,,,,,,,,,,,,,,,,,,,,,,,,,,,,,,,,,,,,,,,,,,,,,,,,,,,,,,,,,,,,,,,,,,,,,,,,,,,,,,,,,,,,,,97.0,90.0,111.0,105.0,87.0,65.0,54.0,65.0
753884,866,"Hailey, ID",msa,ID,,,,,,,,,,,,,,,,,,,,,,,,,,,,,,,,,,,,,,,,,,,,,,,,,,,,,,,,,,,,,,,,,,,,,,,69.0,87.0,84.0,83.0,83.0,72.0,61.0,52.0,71.0,73.0,81.0,76.0,90.0,74.0,77.0,66.0,69.0,59.0,54.0,66.0,71.0,83.0,87.0,109.0,110.0,105.0,85.0,84.0,83.0,74.0,56.0,62.0
753921,867,"Steamboat Springs, CO",msa,CO,,,,,,,,,,,,,,,,,,,,,,,,,,,,,,,,,,,,,,,,,,,,,,,,,,,,,,,,,,,,,,,,,,,,,,,62.0,67.0,61.0,62.0,46.0,52.0,46.0,55.0,51.0,62.0,62.0,68.0,70.0,88.0,81.0,77.0,54.0,56.0,55.0,62.0,69.0,86.0,108.0,118.0,120.0,111.0,118.0,108.0,101.0,84.0,82.0,93.0
394869,869,"Moberly, MO",msa,MO,,,,,,,,,,,,,,,,,,,,,,,,,,,,,,,,,,,,,,,,,,,,,,,,,,,,,,,,,,,,,,,,,,,,,,,,,,,,,,,,,,,,,,,,,,,,,,,,,,,47.0,32.0,37.0,33.0
395004,872,"Prineville, OR",msa,OR,,,,,,,,,,,,,,,,,,,,,,,,,,,,,,,,,,,,,,,,,,,,,,,,,,,,,,,,,,,,,,,,,,,,,,,,,,,,,,,,,,,,,,,,,,,,,,,,111.0,98.0,89.0,88.0,97.0,91.0,93.0
845169,874,"Rockport, TX",msa,TX,,,,,,,,,,,,,,,,,,,,,,,,,,,,,,,,,,,,,,,,,,,,,,,,,,,,,,,,,,,,,,,,,,,,,,,73.0,75.0,96.0,101.0,109.0,115.0,107.0,94.0,97.0,127.0,132.0,135.0,138.0,148.0,131.0,106.0,113.0,124.0,131.0,134.0,141.0,153.0,162.0,167.0,162.0,149.0,139.0,130.0,133.0,140.0,154.0,160.0
394494,877,"Connersville, IN",msa,IN,,,,,,,,,,,,,,,,,,,,,,,,,,,,,,,,,,,,,,,,,,,,,,,,,,,,,,,,,,,,,,,,,,,,,,,,,,,,,,,,,,,,,,,,,,,,,,,,,,,,49.0,51.0,47.0
394868,878,"Mitchell, SD",msa,SD,,,,,,,,,,,,,,,,,,,,,,,,,,,,,,,,,,,,,,,,,,,,,,,,,,,,,,,,,,,,,,,,,,,,,,,,,,,,,,,,,,,,,,,,,,,,,,,,,,75.0,58.0,48.0,54.0,50.0
394831,879,"Marshall, MO",msa,MO,,,,,,,,,,,,,,,,,,,,,,,,,,,,,,,,,,,,,,,,,,,,,,,,,,,,,,,,,,,,,,,,,,,,,,,,,,,,,,,,,,,,,,,,,,,,,,,,,,,,,,64.0
394418,880,"Brookings, OR",msa,OR,,,,,,,,,,,,,,,,,,,,,,,,,,,,,,,,,,,,,,,,,,,,,,,,,,,,,,,,,,,,,,,,,,,,,,,,,,,,,,,,,,,,,,,,,,,,,,,,,,,129.0,107.0,125.0,116.0
395130,890,"Sterling, CO",msa,CO,,,,,,,,,,,,,,,,,,,,,,,,,,,,,,,,,,,,,,,,,,,,,,,,,,,,,,,,,,,,,,,,,,,,,,,,,,,,,,,,,,,,,,,,,,,,,,,,,,,,,,83.0
394371,891,"Beatrice, NE",msa,NE,,,,,,,,,,,,,,,,,,,,,,,,,,,,,,,,,,,,,,,,,,,,,,,,,,,,,,,,,,,,,,,,,,,,,,,,,,,,,,,,,,,,,,,,,,,,,,,,,,,,58.0,51.0,53.0
394718,892,"Jamestown, ND",msa,ND,,,,,,,,,,,,,,,,,,,,,,,,,,,,,,,,,,,,,,,,,,,,,,,,,,,,,,,,,,,,,,,,,,,,,,,,,,,,,,,,,,,,,,,,,,,,,,,,,,,,,,38.0
394403,899,"Borger, TX",msa,TX,,,,,,,,,,,,,,,,,,,,,,,,,,,,,,,,,,,,,,,,,,,,,,,,,,,,,,,,,,,,,,,,,,,,,,,,,,,,,,,,,,,,,,,,,,,,,,,,,123.0,104.0,76.0,58.0,58.0,60.0
753914,908,"Port Lavaca, TX",msa,TX,,,,,,,,,,,,,,,,,,,,,,,,,,,,,,,,,,,,,,,,,,,,,,,,,,,,,,,,,,,,,,,,,,,,,,,,,,,,,,,,,,,,,,,,,,,,,,,,,,,,,,171.0
753925,910,"Vineyard Haven, MA",msa,MA,,,,,,,,,,,,,,,,,,,,,,,,,,,,,,,,,,,,,,,,,,,,,,,,,,,,,,,,,,,,,,,,,,,,,,,,,,,,,,,,,,,,,,,,,,,,,,,,,,134.0,91.0,89.0,85.0,89.0
395003,912,"Price, UT",msa,UT,,,,,,,,,,,,,,,,,,,,,,,,,,,,,,,,,,,,,,,,,,,,,,,,,,,,,,,,,,,,,,,,,,,,,,,,,,,,,,,,,,,,,,,,,,,,,,,,,,,,,,87.0
786263,913,"Ruidoso, NM",msa,NM,,,,,,,,,,,,,,,,,,,,,,,,,,,,,,,,,,,,,,,,,,,,,,,,,,,,,,,,,,,,,,,,,,,,,,,,,,,,,,,,,,,,,,,,,,,,,,,,,,141.0,125.0,137.0,162.0,173.0
786257,914,"Fairmont, MN",msa,MN,,,,,,,,,,,,,,,,,,,,,,,,,,,,,,,,,,,,,,,,,,,,,,,,,,,,,,,,,,,,,,,,,,,,,,,,,,,,,,,,,,,,,,,,,,,,,,,,,,92.0,94.0,89.0,87.0,71.0
394805,916,"Los Alamos, NM",msa,NM,,,,,,,,,,,,,,,,,,,,,,,,,,,,,,,,,,,,,,,,,,,,,,,,,,,,,,,,,,,,,,,,,,,,,,,,,,,,,,,,,,,,,,,,,,,,,,,,,,45.0,46.0,49.0,43.0,39.0
395112,922,"Spirit Lake, IA",msa,IA,,,,,,,,,,,,,,,,,,,,,,,,,,,,,,,,,,,,,,,,,,,,,,,,,,,,,,,,,,,,,,,,,,,,,,,,,,,,,,,,,,,,,,,,,,,,,,,,,,93.0,96.0,94.0,116.0,106.0
