RegionID,SizeRank,RegionName,RegionType,StateName,2018-01-31,2018-02-28,2018-03-31,2018-04-30,2018-05-31,2018-06-30,2018-07-31,2018-08-31,2018-09-30,2018-10-31,2018-11-30,2018-12-31,2019-01-31,2019-02-28,2019-03-31,2019-04-30,2019-05-31,2019-06-30,2019-07-31,2019-08-31,2019-09-30,2019-10-31,2019-11-30,2019-12-31,2020-01-31,2020-02-29,2020-03-31,2020-04-30,2020-05-31,2020-06-30,2020-07-31,2020-08-31,2020-09-30,2020-10-31,2020-11-30,2020-12-31,2021-01-31,2021-02-28,2021-03-31,2021-04-30,2021-05-31,2021-06-30,2021-07-31,2021-08-31,2021-09-30,2021-10-31,2021-11-30,2021-12-31,2022-01-31,2022-02-28,2022-03-31,2022-04-30,2022-05-31,2022-06-30,2022-07-31,2022-08-31,2022-09-30,2022-10-31,2022-11-30,2022-12-31,2023-01-31,2023-02-28,2023-03-31,2023-04-30,2023-05-31,2023-06-30,2023-07-31,2023-08-31,2023-09-30,2023-10-31,2023-11-30,2023-12-31,2024-01-31,2024-02-29,2024-03-31,2024-04-30,2024-05-31,2024-06-30,2024-07-31,2024-08-31,2024-09-30,2024-10-31,2024-11-30,2024-12-31,2025-01-31,2025-02-28,2025-03-31,2025-04-30,2025-05-31,2025-06-30,2025-07-31,2025-08-31,2025-09-30,2025-10-31,2025-11-30,2025-12-31,2026-01-31,2026-02-28,2026-03-31,2026-04-30,2026-05-31,2026-06-30,2026-07-31
102001,0,United States,country,,44937.0,46906.0,61836.0,57836.0,64279.0,64337.0,57420.0,61700.0,51966.0,53980.0,52181.0,56086.0,42120.0,46228.0,58881.0,58652.0,63453.0,59412.0,58310.0,59313.0,53931.0,56206.0,53052.0,61820.0,46847.0,50085.0,62560.0,53880.0,55032.0,69135.0,72966.0,67477.0,67835.0,68666.0,61674.0,73260.0,53097.0,56626.0,74238.0,67423.0,63890.0,66697.0,57756.0,58762.0,59296.0,54775.0,56468.0,67571.0,54303.0,57648.0,74488.0,64141.0,67215.0,70307.0,57711.0,63803.0,62088.0,57235.0,55664.0,64161.0,44654.0,52181.0,71216.0,60812.0,69344.0,70044.0,58899.0,67069.0,62488.0,60197.0,58896.0,59035.0,45661.0,55132.0,64374.0,62086.0,67055.0,61987.0,60846.0,61763.0,57768.0,58886.0,56123.0,62108.0,41587.0,46454.0,55932.0,53407.0,57381.0,53488.0,48991.0,49593.0,49302.0,46221.0,41300.0,51837.0,30804.0,37560.0,48927.0,45473.0,48943.0,49475.0,44413.0
394913,1,"New York, NY",msa,NY,607.0,515.0,624.0,598.0,712.0,698.0,730.0,774.0,604.0,755.0,646.0,636.0,628.0,502.0,586.0,663.0,791.0,688.0,693.0,695.0,633.0,754.0,667.0,686.0,631.0,576.0,605.0,487.0,502.0,627.0,717.0,772.0,712.0,895.0,722.0,830.0,663.0,647.0,788.0,789.0,766.0,864.0,735.0,713.0,622.0,647.0,584.0,723.0,663.0,624.0,714.0,716.0,708.0,740.0,676.0,728.0,560.0,622.0,715.0,592.0,447.0,472.0,587.0,446.0,558.0,632.0,489.0,619.0,557.0,544.0,506.0,414.0,464.0,386.0,448.0,449.0,601.0,473.0,515.0,514.0,425.0,469.0,509.0,465.0,457.0,390.0,391.0,404.0,433.0,417.0,412.0,532.0,433.0,481.0,406.0,426.0,345.0,303.0,351.0,359.0,377.0,405.0,433.0
753899,2,"Los Angeles, CA",msa,CA,489.0,516.0,865.0,653.0,763.0,816.0,617.0,662.0,556.0,677.0,689.0,766.0,382.0,438.0,691.0,602.0,579.0,633.0,620.0,630.0,647.0,696.0,738.0,963.0,431.0,426.0,534.0,359.0,349.0,460.0,513.0,524.0,577.0,618.0,493.0,593.0,309.0,423.0,519.0,449.0,486.0,432.0,403.0,341.0,326.0,355.0,392.0,439.0,233.0,261.0,332.0,266.0,260.0,244.0,243.0,219.0,229.0,268.0,273.0,250.0,168.0,232.0,309.0,261.0,262.0,276.0,286.0,298.0,260.0,243.0,358.0,249.0,186.0,232.0,310.0,335.0,302.0,287.0,207.0,256.0,211.0,213.0,273.0,255.0,179.0,260.0,218.0,193.0,249.0,199.0,210.0,206.0,239.0,214.0,204.0,237.0,141.0,206.0,207.0,204.0,193.0,226.0,177.0
394463,3,"Chicago, IL",msa,IL,444.0,355.0,557.0,579.0,662.0,578.0,550.0,570.0,531.0,553.0,533.0,475.0,434.0,427.0,546.0,565.0,624.0,572.0,586.0,565.0,529.0,538.0,532.0,499.0,469.0,449.0,529.0,488.0,534.0,573.0,686.0,657.0,628.0,636.0,566.0,597.0,476.0,489.0,717.0,640.0,581.0,575.0,509.0,570.0,499.0,501.0,533.0,486.0,475.0,506.0,723.0,640.0,596.0,672.0,491.0,615.0,575.0,527.0,526.0,512.0,396.0,411.0,639.0,520.0,558.0,690.0,559.0,711.0,596.0,577.0,669.0,502.0,404.0,529.0,524.0,582.0,655.0,503.0,521.0,550.0,518.0,533.0,588.0,481.0,420.0,484.0,583.0,555.0,562.0,505.0,497.0,562.0,574.0,535.0,537.0,506.0,345.0,419.0,654.0,538.0,566.0,628.0,505.0
394514,4,"Dallas, TX",msa,TX,1575.0,1720.0,2398.0,2292.0,2402.0,2387.0,2243.0,2449.0,2144.0,1937.0,1755.0,2321.0,1368.0,1499.0,2168.0,2126.0,1913.0,1642.0,1765.0,1726.0,1640.0,1559.0,1430.0,1987.0,1198.0,1415.0,1844.0,1558.0,1688.0,2166.0,2221.0,1875.0,1953.0,2055.0,1903.0,2216.0,1385.0,1219.0,1582.0,1476.0,1498.0,1393.0,1183.0,1132.0,1368.0,1304.0,1372.0,1972.0,1217.0,1273.0,1766.0,1507.0,1583.0,1634.0,1320.0,1599.0,1637.0,1509.0,1626.0,2352.0,1433.0,2027.0,2560.0,2206.0,2290.0,2218.0,1800.0,2115.0,1930.0,1886.0,1786.0,2138.0,1515.0,1857.0,2209.0,2093.0,2238.0,2108.0,1990.0,2054.0,2151.0,2095.0,2249.0,2559.0,1613.0,1898.0,2306.0,2133.0,2554.0,2399.0,2272.0,2149.0,2272.0,2022.0,1950.0,2716.0,1428.0,1665.0,2461.0,2365.0,2444.0,2561.0,1974.0
394692,5,"Houston, TX",msa,TX,1515.0,1866.0,2253.0,2372.0,2597.0,2580.0,2407.0,2597.0,2028.0,2294.0,2224.0,2755.0,1582.0,1779.0,2375.0,2622.0,2378.0,2125.0,2030.0,1968.0,1894.0,1937.0,1793.0,2413.0,1337.0,1737.0,2084.0,1812.0,1976.0,2574.0,2587.0,2147.0,2436.0,2537.0,2477.0,2775.0,1494.0,1519.0,2386.0,2229.0,2078.0,1899.0,1593.0,1562.0,1461.0,1414.0,1436.0,2006.0,1523.0,1886.0,2420.0,1954.0,2072.0,2223.0,1647.0,1783.0,1879.0,1766.0,1809.0,2431.0,1416.0,1943.0,2450.0,2080.0,2303.0,2215.0,1835.0,1998.0,1992.0,1943.0,2341.0,2301.0,1636.0,2197.0,2384.0,2316.0,2458.0,2299.0,2179.0,2165.0,2324.0,2159.0,2355.0,2790.0,1600.0,2218.0,2497.0,2355.0,2686.0,2432.0,2340.0,2506.0,2402.0,2431.0,2299.0,2817.0,1628.0,1997.0,2511.0,2591.0,2671.0,2544.0,2414.0
395209,6,"Washington, DC",msa,VA,1175.0,1054.0,1428.0,1198.0,1408.0,1560.0,1239.0,1491.0,1216.0,1272.0,1191.0,1264.0,1155.0,926.0,1291.0,1304.0,1300.0,1311.0,1188.0,1313.0,1189.0,1303.0,1065.0,1332.0,1127.0,1051.0,1342.0,1110.0,1125.0,1341.0,1386.0,1183.0,1273.0,1353.0,1203.0,1292.0,1158.0,1168.0,1456.0,1379.0,1374.0,1477.0,1221.0,1314.0,1183.0,1195.0,1120.0,1397.0,1122.0,1028.0,1350.0,1160.0,1149.0,1223.0,986.0,1090.0,959.0,953.0,914.0,967.0,753.0,764.0,1012.0,838.0,915.0,970.0,966.0,949.0,920.0,953.0,880.0,871.0,709.0,782.0,862.0,835.0,848.0,806.0,872.0,839.0,748.0,851.0,800.0,1042.0,724.0,583.0,800.0,696.0,685.0,652.0,638.0,612.0,588.0,641.0,587.0,720.0,380.0,510.0,628.0,577.0,589.0,554.0,493.0
394974,7,"Philadelphia, PA",msa,PA,553.0,457.0,591.0,638.0,691.0,674.0,595.0,670.0,592.0,605.0,555.0,522.0,453.0,412.0,590.0,632.0,658.0,657.0,625.0,718.0,604.0,672.0,590.0,597.0,580.0,504.0,599.0,497.0,454.0,607.0,612.0,605.0,680.0,805.0,647.0,746.0,669.0,609.0,749.0,790.0,731.0,749.0,705.0,711.0,628.0,617.0,596.0,659.0,691.0,643.0,734.0,598.0,631.0,621.0,566.0,517.0,524.0,493.0,482.0,461.0,406.0,372.0,480.0,425.0,456.0,487.0,418.0,438.0,386.0,406.0,380.0,329.0,340.0,324.0,396.0,425.0,428.0,369.0,350.0,392.0,321.0,356.0,318.0,346.0,312.0,295.0,287.0,345.0,326.0,302.0,322.0,296.0,271.0,336.0,262.0,282.0,209.0,209.0,292.0,291.0,250.0,283.0,254.0
394856,8,"Miami, FL",msa,FL,601.0,797.0,1357.0,1271.0,1439.0,1675.0,1281.0,1314.0,1223.0,1027.0,983.0,1061.0,737.0,744.0,787.0,709.0,735.0,645.0,750.0,657.0,633.0,680.0,659.0,921.0,674.0,502.0,734.0,663.0,562.0,710.0,727.0,737.0,705.0,770.0,611.0,838.0,652.0,659.0,915.0,850.0,872.0,837.0,735.0,838.0,765.0,657.0,684.0,843.0,534.0,553.0,759.0,582.0,649.0,707.0,634.0,743.0,692.0,592.0,745.0,876.0,438.0,456.0,619.0,495.0,623.0,576.0,536.0,589.0,597.0,566.0,573.0,640.0,328.0,360.0,475.0,466.0,491.0,432.0,383.0,427.0,360.0,378.0,349.0,384.0,223.0,280.0,300.0,328.0,402.0,469.0,281.0,333.0,277.0,276.0,305.0,294.0,207.0,219.0,274.0,265.0,323.0,328.0,287.0
394347,9,"Atlanta, GA",msa,GA,1824.0,2182.0,2953.0,2578.0,2830.0,2826.0,2503.0,2628.0,2359.0,2143.0,2226.0,2680.0,1679.0,1892.0,2431.0,2420.0,2656.0,2545.0,2482.0,2609.0,2433.0,2330.0,2358.0,2856.0,1724.0,2132.0,2723.0,2341.0,2429.0,3204.0,3133.0,2957.0,2880.0,2959.0,2730.0,3346.0,2212.0,2604.0,3297.0,2832.0,2712.0,2629.0,2208.0,1930.0,2322.0,2042.0,2225.0,2276.0,1756.0,1746.0,2366.0,1934.0,2005.0,2133.0,1770.0,1825.0,1936.0,1723.0,1641.0,2045.0,1324.0,1581.0,2234.0,1830.0,2009.0,1893.0,1542.0,1604.0,1545.0,1498.0,1462.0,1550.0,1198.0,1402.0,1727.0,1517.0,1556.0,1420.0,1343.0,1318.0,1400.0,1394.0,1133.0,1418.0,978.0,1068.0,1268.0,1236.0,1271.0,1240.0,1009.0,1075.0,1092.0,1096.0,873.0,1348.0,697.0,988.0,1325.0,1113.0,1160.0,1195.0,1045.0
394404,10,"Boston, MA",msa,MA,489.0,474.0,791.0,681.0,665.0,737.0,670.0,648.0,493.0,556.0,517.0,531.0,424.0,356.0,535.0,538.0,618.0,623.0,532.0,625.0,490.0,497.0,530.0,644.0,444.0,511.0,595.0,489.0,454.0,581.0,641.0,608.0,628.0,625.0,530.0,690.0,464.0,417.0,629.0,611.0,510.0,537.0,483.0,517.0,561.0,376.0,439.0,599.0,323.0,295.0,398.0,366.0,370.0,422.0,310.0,348.0,312.0,325.0,315.0,286.0,216.0,216.0,280.0,271.0,314.0,343.0,393.0,451.0,401.0,339.0,330.0,353.0,267.0,274.0,408.0,343.0,388.0,321.0,332.0,350.0,277.0,293.0,265.0,273.0,246.0,237.0,271.0,318.0,368.0,343.0,315.0,246.0,300.0,281.0,245.0,288.0,244.0,205.0,345.0,316.0,346.0,291.0,289.0
394976,11,"Phoenix, AZ",msa,AZ,1275.0,1440.0,1785.0,1595.0,1884.0,1785.0,1706.0,1847.0,1788.0,1641.0,1677.0,1935.0,1261.0,1538.0,1825.0,1855.0,2079.0,1827.0,1864.0,2028.0,2060.0,1967.0,2030.0,2262.0,1551.0,1870.0,2057.0,1797.0,2030.0,2167.0,2213.0,2166.0,2296.0,2277.0,2068.0,2420.0,1510.0,1878.0,2320.0,2004.0,2271.0,2220.0,1759.0,2013.0,2330.0,1767.0,1809.0,2318.0,1410.0,1753.0,2152.0,1809.0,2069.0,1966.0,1559.0,1937.0,1951.0,1559.0,1490.0,1791.0,1117.0,1401.0,1949.0,1666.0,2120.0,1924.0,1619.0,1863.0,1875.0,1613.0,1369.0,1553.0,1178.0,1475.0,1719.0,1545.0,1646.0,1602.0,1448.0,1446.0,1539.0,1417.0,1228.0,1304.0,1008.0,1238.0,1526.0,1450.0,2191.0,1277.0,1331.0,1150.0,1214.0,1088.0,1133.0,1244.0,943.0,987.0,1526.0,1043.0,1432.0,1115.0,1564.0
395057,12,"San Francisco, CA",msa,CA,299.0,288.0,419.0,367.0,348.0,387.0,273.0,290.0,282.0,306.0,278.0,282.0,118.0,169.0,202.0,210.0,268.0,223.0,210.0,210.0,228.0,253.0,275.0,340.0,197.0,264.0,256.0,195.0,155.0,266.0,301.0,288.0,299.0,301.0,300.0,439.0,187.0,191.0,271.0,309.0,293.0,325.0,270.0,281.0,285.0,299.0,279.0,369.0,151.0,266.0,294.0,229.0,221.0,249.0,157.0,205.0,179.0,242.0,213.0,280.0,111.0,194.0,242.0,211.0,203.0,192.0,138.0,203.0,189.0,197.0,225.0,203.0,106.0,156.0,175.0,202.0,215.0,165.0,137.0,208.0,136.0,194.0,140.0,167.0,80.0,71.0,118.0,125.0,121.0,116.0,91.0,133.0,129.0,135.0,81.0,139.0,66.0,86.0,109.0,95.0,85.0,96.0,103.0
395025,13,"Riverside, CA",msa,CA,559.0,687.0,891.0,787.0,915.0,879.0,667.0,882.0,869.0,839.0,993.0,903.0,462.0,578.0,852.0,700.0,764.0,644.0,621.0,729.0,587.0,718.0,885.0,830.0,622.0,661.0,787.0,571.0,706.0,833.0,852.0,770.0,807.0,739.0,1002.0,1127.0,718.0,853.0,1166.0,837.0,887.0,995.0,762.0,886.0,910.0,824.0,991.0,1104.0,655.0,796.0,927.0,693.0,839.0,772.0,578.0,768.0,801.0,756.0,940.0,972.0,589.0,584.0,749.0,563.0,687.0,715.0,577.0,784.0,763.0,707.0,991.0,878.0,551.0,601.0,823.0,675.0,728.0,600.0,610.0,650.0,615.0,614.0,709.0,642.0,343.0,495.0,577.0,468.0,559.0,561.0,459.0,557.0,600.0,478.0,607.0,557.0,326.0,393.0,472.0,362.0,380.0,435.0,335.0
394532,14,"Detroit, MI",msa,MI,309.0,285.0,352.0,314.0,382.0,351.0,378.0,391.0,288.0,329.0,319.0,254.0,260.0,249.0,290.0,304.0,344.0,288.0,315.0,343.0,284.0,296.0,238.0,246.0,205.0,230.0,263.0,149.0,131.0,233.0,302.0,319.0,319.0,354.0,285.0,342.0,332.0,316.0,412.0,364.0,356.0,425.0,311.0,301.0,353.0,310.0,326.0,326.0,276.0,245.0,330.0,273.0,233.0,299.0,240.0,253.0,239.0,208.0,178.0,202.0,132.0,141.0,294.0,242.0,247.0,275.0,212.0,249.0,233.0,246.0,191.0,243.0,194.0,219.0,241.0,231.0,235.0,205.0,226.0,220.0,161.0,217.0,190.0,219.0,162.0,145.0,194.0,195.0,204.0,192.0,220.0,192.0,179.0,232.0,181.0,232.0,128.0,135.0,160.0,181.0,206.0,192.0,181.0
395078,15,"Seattle, WA",msa,WA,784.0,888.0,1168.0,957.0,1111.0,1040.0,851.0,992.0,820.0,787.0,850.0,894.0,698.0,964.0,1164.0,1036.0,1115.0,990.0,920.0,987.0,850.0,905.0,950.0,1212.0,887.0,1119.0,1327.0,639.0,658.0,885.0,995.0,1050.0,1119.0,1112.0,1021.0,1159.0,848.0,965.0,1132.0,912.0,883.0,982.0,1060.0,1015.0,1092.0,1063.0,1090.0,1218.0,790.0,848.0,1086.0,858.0,918.0,800.0,675.0,788.0,877.0,695.0,815.0,727.0,570.0,888.0,1058.0,771.0,839.0,775.0,682.0,837.0,716.0,630.0,704.0,593.0,539.0,792.0,684.0,709.0,687.0,626.0,588.0,617.0,627.0,647.0,573.0,609.0,543.0,633.0,683.0,621.0,606.0,568.0,505.0,628.0,545.0,565.0,488.0,579.0,379.0,513.0,536.0,441.0,477.0,483.0,433.0
394865,16,"Minneapolis, MN",msa,MN,528.0,555.0,736.0,753.0,879.0,825.0,757.0,907.0,711.0,874.0,809.0,625.0,508.0,502.0,690.0,800.0,890.0,809.0,795.0,828.0,705.0,807.0,784.0,664.0,569.0,540.0,700.0,816.0,771.0,915.0,1009.0,987.0,909.0,955.0,816.0,854.0,645.0,798.0,994.0,960.0,811.0,899.0,859.0,805.0,772.0,802.0,777.0,788.0,538.0,678.0,812.0,831.0,927.0,822.0,700.0,682.0,723.0,588.0,632.0,652.0,397.0,495.0,763.0,749.0,798.0,771.0,554.0,786.0,622.0,686.0,681.0,556.0,445.0,623.0,690.0,638.0,710.0,577.0,557.0,603.0,500.0,612.0,519.0,492.0,396.0,448.0,583.0,597.0,592.0,536.0,454.0,557.0,488.0,489.0,386.0,450.0,293.0,373.0,454.0,448.0,467.0,492.0,461.0
395056,17,"San Diego, CA",msa,CA,191.0,171.0,215.0,234.0,244.0,200.0,148.0,210.0,139.0,156.0,179.0,182.0,71.0,120.0,160.0,169.0,142.0,130.0,139.0,150.0,139.0,133.0,154.0,210.0,87.0,122.0,121.0,110.0,88.0,122.0,154.0,135.0,132.0,164.0,127.0,157.0,76.0,94.0,121.0,76.0,84.0,73.0,62.0,44.0,46.0,56.0,56.0,70.0,26.0,30.0,49.0,38.0,25.0,39.0,30.0,50.0,38.0,40.0,91.0,70.0,43.0,57.0,61.0,65.0,57.0,74.0,41.0,65.0,68.0,72.0,69.0,55.0,45.0,57.0,63.0,55.0,69.0,55.0,68.0,121.0,71.0,99.0,129.0,85.0,46.0,62.0,55.0,63.0,49.0,47.0,48.0,72.0,60.0,73.0,68.0,96.0,29.0,58.0,65.0,59.0,77.0,58.0,87.0
395148,18,"Tampa, FL",msa,FL,931.0,840.0,1067.0,1039.0,1134.0,1097.0,1004.0,1085.0,938.0,954.0,1150.0,1071.0,995.0,1062.0,1246.0,1014.0,1213.0,1043.0,1009.0,1172.0,1007.0,1056.0,1207.0,1357.0,913.0,1020.0,1278.0,1133.0,1176.0,1342.0,1171.0,1099.0,1186.0,1181.0,1251.0,1518.0,1004.0,1231.0,1453.0,1388.0,1263.0,1245.0,1086.0,1149.0,1254.0,1055.0,1166.0,1332.0,1081.0,983.0,1361.0,957.0,1061.0,1175.0,909.0,1056.0,854.0,1176.0,1288.0,1221.0,1052.0,1120.0,1228.0,1125.0,1315.0,1201.0,959.0,1137.0,1024.0,1109.0,1170.0,862.0,857.0,1126.0,1006.0,1029.0,1385.0,968.0,1030.0,1188.0,858.0,872.0,900.0,858.0,743.0,774.0,825.0,871.0,960.0,783.0,739.0,723.0,657.0,609.0,593.0,889.0,572.0,668.0,840.0,592.0,742.0,728.0,652.0
394530,19,"Denver, CO",msa,CO,667.0,638.0,987.0,876.0,995.0,1012.0,878.0,863.0,857.0,869.0,779.0,984.0,686.0,682.0,967.0,950.0,878.0,867.0,770.0,830.0,790.0,844.0,790.0,1048.0,692.0,657.0,868.0,761.0,749.0,875.0,1069.0,912.0,1007.0,996.0,888.0,1178.0,694.0,717.0,976.0,876.0,866.0,971.0,813.0,926.0,942.0,801.0,858.0,993.0,643.0,638.0,877.0,676.0,740.0,846.0,595.0,705.0,814.0,704.0,695.0,892.0,438.0,526.0,775.0,658.0,648.0,655.0,561.0,599.0,530.0,518.0,525.0,540.0,404.0,527.0,667.0,597.0,614.0,567.0,461.0,580.0,535.0,598.0,584.0,715.0,435.0,529.0,731.0,617.0,586.0,546.0,403.0,478.0,514.0,435.0,333.0,516.0,259.0,349.0,472.0,385.0,403.0,388.0,328.0
394358,20,"Baltimore, MD",msa,MD,426.0,312.0,380.0,413.0,456.0,535.0,387.0,525.0,417.0,492.0,414.0,364.0,426.0,360.0,470.0,442.0,424.0,505.0,409.0,492.0,480.0,463.0,382.0,421.0,393.0,370.0,480.0,372.0,397.0,546.0,466.0,414.0,483.0,494.0,435.0,429.0,463.0,398.0,543.0,486.0,557.0,614.0,435.0,457.0,444.0,394.0,385.0,377.0,342.0,320.0,410.0,349.0,372.0,375.0,302.0,364.0,305.0,231.0,250.0,206.0,205.0,205.0,259.0,200.0,234.0,239.0,228.0,293.0,268.0,223.0,200.0,206.0,192.0,164.0,235.0,206.0,271.0,250.0,188.0,216.0,247.0,299.0,337.0,300.0,230.0,250.0,291.0,257.0,271.0,274.0,205.0,182.0,206.0,175.0,172.0,168.0,114.0,150.0,180.0,144.0,143.0,133.0,141.0
395121,21,"St. Louis, MO",msa,MO,253.0,282.0,294.0,269.0,354.0,363.0,317.0,329.0,292.0,297.0,290.0,343.0,171.0,188.0,270.0,279.0,312.0,274.0,306.0,303.0,300.0,308.0,285.0,376.0,220.0,241.0,330.0,312.0,308.0,377.0,348.0,355.0,348.0,315.0,256.0,337.0,285.0,265.0,374.0,300.0,300.0,345.0,321.0,282.0,301.0,249.0,245.0,312.0,251.0,190.0,303.0,233.0,275.0,270.0,214.0,203.0,239.0,199.0,204.0,217.0,147.0,169.0,259.0,212.0,247.0,269.0,191.0,217.0,195.0,181.0,157.0,211.0,180.0,184.0,201.0,209.0,221.0,209.0,213.0,216.0,149.0,190.0,180.0,214.0,148.0,131.0,177.0,193.0,205.0,191.0,154.0,150.0,119.0,142.0,120.0,171.0,94.0,109.0,150.0,142.0,162.0,155.0,134.0
394943,22,"Orlando, FL",msa,FL,1118.0,891.0,1237.0,1175.0,1340.0,1282.0,1194.0,1225.0,1201.0,1198.0,1173.0,1338.0,1001.0,996.0,1234.0,1178.0,1440.0,1286.0,1252.0,1483.0,1200.0,1382.0,1154.0,1603.0,930.0,1047.0,1309.0,1010.0,1071.0,1260.0,1297.0,1253.0,1247.0,1208.0,1219.0,1465.0,1068.0,1234.0,1429.0,1426.0,1234.0,1196.0,944.0,1007.0,1060.0,863.0,959.0,1130.0,820.0,849.0,1140.0,841.0,1015.0,961.0,782.0,863.0,721.0,971.0,798.0,1038.0,722.0,741.0,992.0,888.0,1072.0,1008.0,870.0,936.0,1016.0,899.0,1021.0,1033.0,690.0,844.0,982.0,913.0,973.0,906.0,836.0,810.0,804.0,704.0,846.0,1074.0,666.0,697.0,815.0,774.0,936.0,771.0,675.0,746.0,698.0,724.0,635.0,760.0,461.0,537.0,762.0,637.0,719.0,721.0,649.0
394458,23,"Charlotte, NC",msa,NC,943.0,1038.0,1391.0,1308.0,1343.0,1444.0,1199.0,1341.0,1110.0,1097.0,1118.0,1334.0,935.0,999.0,1386.0,1415.0,1434.0,1412.0,1300.0,1441.0,1361.0,1358.0,1239.0,1669.0,1089.0,1261.0,1675.0,1251.0,1453.0,1674.0,1630.0,1488.0,1557.0,1470.0,1259.0,1789.0,1199.0,1406.0,1813.0,1555.0,1430.0,1557.0,1279.0,1361.0,1361.0,1122.0,1156.0,1352.0,986.0,1020.0,1328.0,1011.0,1199.0,1348.0,1067.0,1256.0,1289.0,1143.0,1132.0,1310.0,869.0,977.0,1393.0,1269.0,1291.0,1353.0,1137.0,1310.0,1305.0,1101.0,1159.0,1068.0,801.0,993.0,1214.0,1124.0,1155.0,1072.0,1002.0,1002.0,964.0,1051.0,972.0,1131.0,736.0,826.0,1038.0,942.0,937.0,927.0,879.0,933.0,993.0,866.0,764.0,1045.0,553.0,684.0,900.0,824.0,950.0,1002.0,844.0
395055,24,"San Antonio, TX",msa,TX,640.0,684.0,919.0,807.0,1001.0,1025.0,934.0,947.0,769.0,742.0,875.0,943.0,609.0,660.0,930.0,910.0,1086.0,936.0,798.0,819.0,618.0,663.0,677.0,727.0,500.0,559.0,804.0,741.0,861.0,1041.0,1110.0,988.0,974.0,914.0,965.0,1077.0,674.0,676.0,1104.0,980.0,908.0,730.0,616.0,703.0,638.0,456.0,528.0,746.0,546.0,695.0,925.0,864.0,859.0,835.0,745.0,846.0,899.0,737.0,783.0,972.0,662.0,1011.0,1232.0,1162.0,1388.0,1238.0,1070.0,1196.0,1002.0,1010.0,1204.0,1033.0,819.0,1184.0,1254.0,1121.0,1309.0,1233.0,1298.0,1308.0,1181.0,1315.0,1315.0,1224.0,1005.0,1151.0,1206.0,1223.0,1393.0,1094.0,1085.0,1143.0,966.0,951.0,984.0,1230.0,745.0,989.0,1209.0,1089.0,1343.0,1205.0,1142.0
394998,25,"Portland, OR",msa,OR,376.0,491.0,636.0,572.0,613.0,564.0,435.0,582.0,475.0,450.0,539.0,502.0,440.0,551.0,593.0,603.0,750.0,637.0,642.0,670.0,566.0,606.0,600.0,668.0,577.0,651.0,799.0,554.0,538.0,698.0,837.0,776.0,865.0,755.0,632.0,777.0,564.0,659.0,775.0,687.0,608.0,610.0,598.0,583.0,509.0,531.0,577.0,627.0,486.0,584.0,605.0,564.0,617.0,497.0,394.0,446.0,401.0,329.0,345.0,349.0,273.0,403.0,456.0,418.0,431.0,380.0,397.0,493.0,418.0,396.0,358.0,393.0,325.0,412.0,443.0,496.0,517.0,455.0,469.0,497.0,460.0,512.0,427.0,427.0,347.0,477.0,526.0,473.0,474.0,444.0,391.0,456.0,358.0,421.0,363.0,432.0,307.0,406.0,427.0,433.0,434.0,451.0,356.0
395045,26,"Sacramento, CA",msa,CA,391.0,447.0,524.0,486.0,493.0,432.0,403.0,485.0,403.0,396.0,424.0,356.0,276.0,401.0,491.0,454.0,515.0,426.0,438.0,433.0,455.0,526.0,497.0,563.0,377.0,426.0,442.0,442.0,412.0,490.0,556.0,596.0,582.0,536.0,536.0,554.0,365.0,492.0,535.0,542.0,510.0,557.0,564.0,595.0,579.0,567.0,572.0,681.0,458.0,502.0,685.0,613.0,600.0,621.0,543.0,562.0,510.0,520.0,528.0,501.0,383.0,452.0,583.0,502.0,521.0,436.0,437.0,530.0,454.0,500.0,531.0,473.0,423.0,513.0,544.0,464.0,529.0,482.0,487.0,575.0,531.0,501.0,509.0,517.0,398.0,506.0,466.0,464.0,433.0,442.0,417.0,476.0,496.0,483.0,435.0,501.0,288.0,368.0,378.0,334.0,319.0,280.0,246.0
394982,27,"Pittsburgh, PA",msa,PA,181.0,204.0,235.0,218.0,263.0,269.0,238.0,277.0,225.0,219.0,250.0,208.0,216.0,192.0,239.0,231.0,295.0,288.0,275.0,262.0,209.0,223.0,203.0,210.0,196.0,189.0,197.0,113.0,200.0,212.0,271.0,282.0,243.0,271.0,190.0,296.0,242.0,230.0,329.0,214.0,181.0,227.0,154.0,187.0,168.0,195.0,179.0,160.0,130.0,165.0,195.0,155.0,191.0,177.0,131.0,168.0,174.0,157.0,133.0,151.0,86.0,100.0,146.0,133.0,154.0,132.0,106.0,107.0,135.0,143.0,129.0,139.0,84.0,83.0,115.0,125.0,111.0,107.0,141.0,129.0,100.0,151.0,98.0,96.0,72.0,59.0,79.0,92.0,89.0,75.0,90.0,109.0,83.0,83.0,93.0,95.0,65.0,71.0,90.0,106.0,86.0,111.0,76.0
394466,28,"Cincinnati, OH",msa,OH,603.0,579.0,475.0,401.0,428.0,388.0,407.0,403.0,364.0,323.0,296.0,322.0,305.0,305.0,395.0,387.0,346.0,394.0,394.0,383.0,348.0,398.0,327.0,331.0,329.0,350.0,394.0,339.0,317.0,445.0,497.0,387.0,386.0,366.0,304.0,291.0,350.0,310.0,462.0,394.0,353.0,367.0,310.0,315.0,245.0,254.0,248.0,281.0,239.0,243.0,378.0,289.0,304.0,320.0,250.0,240.0,236.0,206.0,225.0,227.0,202.0,211.0,298.0,239.0,284.0,250.0,249.0,254.0,231.0,238.0,175.0,195.0,183.0,217.0,228.0,193.0,228.0,203.0,207.0,184.0,201.0,158.0,166.0,211.0,137.0,187.0,209.0,184.0,220.0,190.0,168.0,178.0,168.0,157.0,166.0,257.0,112.0,150.0,185.0,164.0,177.0,186.0,167.0
394355,29,"Austin, TX",msa,TX,847.0,949.0,1183.0,1045.0,1265.0,1243.0,1152.0,1197.0,1028.0,908.0,963.0,1149.0,648.0,827.0,1171.0,969.0,1143.0,1055.0,1084.0,853.0,793.0,757.0,947.0,1124.0,679.0,821.0,1018.0,802.0,854.0,1169.0,1090.0,1059.0,1089.0,1090.0,1152.0,1369.0,776.0,669.0,984.0,646.0,669.0,735.0,524.0,597.0,669.0,515.0,630.0,923.0,520.0,585.0,858.0,696.0,730.0,805.0,659.0,849.0,1007.0,735.0,784.0,1135.0,590.0,836.0,976.0,819.0,1118.0,1028.0,866.0,940.0,864.0,822.0,847.0,995.0,693.0,840.0,1003.0,885.0,1015.0,959.0,922.0,975.0,954.0,972.0,989.0,1050.0,762.0,724.0,960.0,883.0,1076.0,980.0,853.0,842.0,945.0,739.0,722.0,1095.0,643.0,785.0,1066.0,886.0,993.0,959.0,795.0
394775,30,"Las Vegas, NV",msa,NV,679.0,602.0,1019.0,829.0,880.0,893.0,838.0,887.0,976.0,732.0,775.0,854.0,601.0,781.0,856.0,867.0,887.0,835.0,939.0,892.0,931.0,805.0,743.0,816.0,713.0,757.0,831.0,688.0,699.0,952.0,1035.0,931.0,1018.0,840.0,839.0,1026.0,718.0,903.0,1151.0,944.0,996.0,1120.0,891.0,1031.0,1050.0,832.0,1029.0,1040.0,709.0,876.0,1097.0,950.0,1070.0,1121.0,886.0,1041.0,1090.0,866.0,940.0,964.0,624.0,810.0,1065.0,853.0,998.0,1064.0,860.0,1118.0,1045.0,890.0,833.0,800.0,658.0,893.0,889.0,769.0,868.0,794.0,778.0,839.0,694.0,734.0,689.0,782.0,491.0,578.0,588.0,525.0,458.0,680.0,589.0,597.0,589.0,485.0,464.0,502.0,289.0,326.0,403.0,339.0,359.0,376.0,348.0
394735,31,"Kansas City, MO",msa,MO,258.0,296.0,412.0,363.0,477.0,431.0,346.0,349.0,249.0,320.0,306.0,239.0,229.0,216.0,260.0,349.0,374.0,363.0,336.0,336.0,268.0,299.0,249.0,284.0,209.0,211.0,337.0,354.0,343.0,426.0,483.0,405.0,432.0,389.0,330.0,352.0,270.0,303.0,437.0,381.0,396.0,377.0,384.0,346.0,345.0,344.0,334.0,391.0,295.0,288.0,378.0,402.0,439.0,405.0,319.0,323.0,302.0,319.0,289.0,273.0,192.0,230.0,311.0,333.0,413.0,420.0,304.0,337.0,263.0,290.0,243.0,236.0,161.0,201.0,316.0,293.0,353.0,351.0,299.0,299.0,254.0,291.0,253.0,324.0,189.0,220.0,306.0,323.0,375.0,370.0,339.0,358.0,316.0,282.0,270.0,281.0,173.0,232.0,328.0,339.0,339.0,332.0,315.0
394492,32,"Columbus, OH",msa,OH,305.0,291.0,333.0,304.0,342.0,333.0,292.0,298.0,292.0,325.0,294.0,359.0,308.0,233.0,324.0,365.0,377.0,362.0,379.0,347.0,371.0,401.0,312.0,372.0,293.0,286.0,369.0,333.0,385.0,417.0,446.0,424.0,399.0,447.0,326.0,462.0,355.0,340.0,415.0,421.0,403.0,424.0,378.0,408.0,416.0,395.0,319.0,428.0,326.0,301.0,378.0,373.0,393.0,403.0,349.0,350.0,331.0,329.0,311.0,333.0,242.0,262.0,372.0,313.0,343.0,298.0,254.0,328.0,282.0,326.0,297.0,275.0,215.0,241.0,315.0,278.0,271.0,291.0,251.0,254.0,226.0,245.0,192.0,291.0,173.0,167.0,235.0,230.0,211.0,222.0,238.0,249.0,250.0,276.0,225.0,264.0,150.0,153.0,271.0,237.0,215.0,229.0,205.0
394705,34,"Indianapolis, IN",msa,IN,290.0,354.0,425.0,428.0,438.0,426.0,413.0,478.0,406.0,479.0,475.0,550.0,317.0,354.0,446.0,472.0,430.0,427.0,465.0,489.0,443.0,532.0,536.0,617.0,354.0,398.0,534.0,470.0,419.0,552.0,598.0,601.0,585.0,559.0,550.0,660.0,386.0,496.0,529.0,537.0,596.0,515.0,483.0,478.0,520.0,440.0,612.0,665.0,423.0,439.0,537.0,500.0,583.0,613.0,530.0,587.0,637.0,611.0,610.0,683.0,413.0,417.0,562.0,538.0,584.0,554.0,508.0,529.0,485.0,464.0,466.0,436.0,286.0,414.0,495.0,481.0,559.0,436.0,507.0,503.0,505.0,448.0,493.0,547.0,350.0,434.0,509.0,474.0,511.0,482.0,424.0,449.0,415.0,440.0,424.0,375.0,228.0,322.0,423.0,400.0,423.0,436.0,380.0
394475,35,"Cleveland, OH",msa,OH,168.0,164.0,215.0,215.0,249.0,236.0,201.0,199.0,153.0,165.0,125.0,154.0,162.0,189.0,178.0,195.0,247.0,216.0,232.0,224.0,164.0,185.0,121.0,113.0,144.0,146.0,226.0,157.0,149.0,216.0,220.0,225.0,160.0,164.0,139.0,140.0,145.0,136.0,197.0,204.0,146.0,190.0,169.0,172.0,164.0,147.0,162.0,133.0,180.0,181.0,208.0,199.0,187.0,197.0,148.0,176.0,154.0,110.0,128.0,115.0,88.0,104.0,142.0,121.0,120.0,133.0,111.0,123.0,131.0,126.0,89.0,107.0,94.0,79.0,107.0,106.0,103.0,75.0,57.0,70.0,72.0,64.0,44.0,64.0,47.0,56.0,73.0,74.0,70.0,63.0,47.0,41.0,52.0,37.0,47.0,45.0,15.0,34.0,51.0,41.0,38.0,65.0,57.0
395059,36,"San Jose, CA",msa,CA,126.0,156.0,171.0,125.0,164.0,126.0,99.0,137.0,103.0,147.0,186.0,139.0,81.0,117.0,193.0,139.0,136.0,122.0,95.0,105.0,91.0,139.0,165.0,206.0,111.0,138.0,137.0,66.0,73.0,109.0,139.0,103.0,148.0,165.0,187.0,197.0,100.0,139.0,184.0,169.0,133.0,148.0,80.0,100.0,124.0,145.0,146.0,200.0,42.0,81.0,85.0,74.0,48.0,73.0,66.0,56.0,63.0,59.0,65.0,106.0,27.0,35.0,87.0,83.0,91.0,84.0,41.0,59.0,67.0,67.0,78.0,70.0,50.0,69.0,79.0,81.0,115.0,99.0,82.0,78.0,117.0,85.0,109.0,149.0,82.0,61.0,98.0,68.0,58.0,57.0,50.0,44.0,66.0,100.0,48.0,71.0,59.0,70.0,68.0,60.0,50.0,90.0,60.0
394902,37,"Nashville, TN",msa,TN,1026.0,1108.0,1377.0,1325.0,1263.0,1349.0,1319.0,1378.0,1085.0,1208.0,1015.0,1175.0,868.0,997.0,1333.0,1441.0,1420.0,1358.0,1371.0,1357.0,1265.0,1336.0,1209.0,1425.0,1089.0,1226.0,1583.0,1390.0,1412.0,1675.0,1789.0,1763.0,1726.0,1684.0,1441.0,2007.0,1241.0,1370.0,1831.0,1652.0,1494.0,1577.0,1484.0,1384.0,1288.0,1385.0,1411.0,1686.0,1041.0,1204.0,1547.0,1370.0,1375.0,1548.0,1085.0,1492.0,1590.0,1235.0,1003.0,1334.0,722.0,936.0,1320.0,1025.0,1597.0,1660.0,1567.0,1762.0,1479.0,1459.0,1366.0,1405.0,893.0,1103.0,1275.0,1222.0,1389.0,1259.0,1196.0,1328.0,1228.0,1227.0,1186.0,1410.0,740.0,868.0,1220.0,1062.0,1146.0,1187.0,1048.0,1065.0,1038.0,965.0,916.0,1217.0,592.0,712.0,1020.0,968.0,993.0,913.0,863.0
395194,38,"Virginia Beach, VA",msa,VA,250.0,334.0,393.0,377.0,399.0,409.0,369.0,373.0,313.0,350.0,286.0,280.0,259.0,308.0,338.0,335.0,397.0,344.0,322.0,337.0,289.0,358.0,277.0,348.0,274.0,299.0,384.0,360.0,343.0,390.0,438.0,358.0,320.0,357.0,312.0,332.0,274.0,276.0,494.0,478.0,413.0,453.0,428.0,383.0,317.0,343.0,290.0,435.0,289.0,307.0,415.0,362.0,324.0,371.0,309.0,315.0,300.0,286.0,230.0,314.0,224.0,282.0,355.0,263.0,317.0,322.0,248.0,299.0,255.0,256.0,253.0,257.0,195.0,218.0,279.0,278.0,273.0,288.0,228.0,248.0,233.0,284.0,205.0,229.0,165.0,203.0,241.0,241.0,238.0,273.0,214.0,211.0,209.0,207.0,194.0,290.0,152.0,172.0,261.0,246.0,201.0,259.0,257.0
395005,39,"Providence, RI",msa,RI,106.0,93.0,130.0,132.0,137.0,148.0,130.0,141.0,108.0,129.0,118.0,98.0,91.0,91.0,115.0,124.0,163.0,157.0,118.0,139.0,116.0,146.0,132.0,126.0,108.0,107.0,125.0,111.0,135.0,150.0,176.0,151.0,165.0,161.0,147.0,174.0,129.0,98.0,144.0,137.0,124.0,126.0,118.0,117.0,125.0,101.0,114.0,134.0,100.0,118.0,139.0,113.0,108.0,124.0,105.0,110.0,93.0,123.0,101.0,106.0,86.0,68.0,86.0,69.0,126.0,109.0,96.0,84.0,101.0,74.0,78.0,62.0,56.0,86.0,95.0,97.0,91.0,81.0,88.0,84.0,75.0,79.0,93.0,85.0,67.0,70.0,72.0,75.0,93.0,88.0,68.0,62.0,82.0,83.0,63.0,108.0,61.0,44.0,70.0,73.0,74.0,98.0,53.0
394714,40,"Jacksonville, FL",msa,FL,509.0,614.0,834.0,721.0,784.0,795.0,669.0,748.0,688.0,739.0,823.0,868.0,611.0,687.0,830.0,797.0,832.0,961.0,811.0,804.0,759.0,720.0,759.0,1082.0,734.0,747.0,1018.0,912.0,880.0,1090.0,1085.0,950.0,997.0,953.0,909.0,1197.0,850.0,859.0,1179.0,914.0,886.0,983.0,824.0,979.0,912.0,929.0,1021.0,1217.0,816.0,923.0,1030.0,974.0,1056.0,1207.0,923.0,1046.0,803.0,1208.0,1098.0,1301.0,865.0,1057.0,1194.0,1010.0,1144.0,1197.0,1036.0,1021.0,991.0,957.0,935.0,1035.0,673.0,841.0,1059.0,857.0,1061.0,1022.0,873.0,907.0,931.0,822.0,856.0,1083.0,558.0,596.0,816.0,842.0,918.0,912.0,653.0,672.0,731.0,607.0,626.0,760.0,413.0,590.0,613.0,589.0,674.0,660.0,484.0
394862,41,"Milwaukee, WI",msa,WI,53.0,35.0,48.0,39.0,39.0,36.0,22.0,45.0,18.0,25.0,25.0,27.0,15.0,22.0,27.0,33.0,67.0,42.0,47.0,49.0,41.0,37.0,38.0,43.0,32.0,32.0,52.0,86.0,64.0,74.0,103.0,71.0,71.0,97.0,81.0,57.0,57.0,63.0,96.0,80.0,69.0,89.0,65.0,81.0,68.0,46.0,45.0,70.0,46.0,49.0,75.0,72.0,67.0,69.0,65.0,53.0,60.0,50.0,50.0,69.0,43.0,46.0,75.0,61.0,71.0,91.0,79.0,81.0,76.0,76.0,72.0,54.0,38.0,58.0,85.0,91.0,84.0,81.0,82.0,77.0,65.0,62.0,70.0,104.0,58.0,66.0,74.0,99.0,106.0,100.0,81.0,73.0,68.0,67.0,52.0,69.0,41.0,60.0,77.0,89.0,93.0,106.0,91.0
394935,42,"Oklahoma City, OK",msa,OK,442.0,375.0,577.0,582.0,584.0,552.0,492.0,481.0,402.0,408.0,330.0,370.0,382.0,521.0,564.0,574.0,661.0,504.0,522.0,466.0,401.0,416.0,359.0,411.0,410.0,433.0,547.0,499.0,477.0,702.0,663.0,583.0,575.0,566.0,494.0,570.0,486.0,436.0,649.0,636.0,583.0,564.0,424.0,465.0,455.0,407.0,433.0,563.0,489.0,488.0,685.0,595.0,637.0,566.0,531.0,517.0,486.0,403.0,392.0,374.0,307.0,354.0,479.0,498.0,491.0,501.0,383.0,421.0,355.0,389.0,332.0,330.0,273.0,313.0,391.0,409.0,434.0,389.0,327.0,402.0,302.0,320.0,295.0,411.0,263.0,320.0,396.0,402.0,431.0,370.0,406.0,377.0,334.0,307.0,298.0,372.0,249.0,319.0,424.0,498.0,434.0,456.0,422.0
395012,43,"Raleigh, NC",msa,NC,648.0,676.0,951.0,936.0,1043.0,1087.0,988.0,1061.0,825.0,882.0,996.0,1027.0,654.0,859.0,1030.0,1090.0,1159.0,1028.0,1020.0,1064.0,901.0,974.0,972.0,1112.0,810.0,910.0,1093.0,998.0,1059.0,1191.0,1249.0,1213.0,1125.0,1193.0,1096.0,1405.0,1137.0,1173.0,1444.0,1329.0,1324.0,1257.0,967.0,1106.0,1089.0,1062.0,1106.0,1421.0,773.0,1070.0,1181.0,1072.0,1174.0,1135.0,1113.0,1220.0,1079.0,940.0,1168.0,1217.0,818.0,976.0,1402.0,1150.0,1175.0,1066.0,933.0,1059.0,1003.0,1066.0,1264.0,996.0,721.0,949.0,940.0,1034.0,1018.0,892.0,892.0,998.0,942.0,1152.0,1055.0,1101.0,826.0,943.0,1068.0,1022.0,1081.0,1053.0,1043.0,993.0,860.0,844.0,729.0,1008.0,452.0,588.0,694.0,689.0,713.0,748.0,619.0
394849,44,"Memphis, TN",msa,TN,147.0,177.0,234.0,219.0,219.0,204.0,186.0,218.0,202.0,195.0,172.0,217.0,146.0,181.0,204.0,170.0,203.0,216.0,208.0,193.0,186.0,209.0,188.0,230.0,151.0,195.0,215.0,244.0,213.0,276.0,278.0,240.0,223.0,247.0,195.0,259.0,152.0,149.0,264.0,232.0,227.0,212.0,221.0,239.0,221.0,255.0,253.0,288.0,218.0,256.0,313.0,249.0,270.0,283.0,237.0,228.0,227.0,208.0,215.0,236.0,159.0,178.0,275.0,237.0,253.0,281.0,210.0,242.0,212.0,209.0,189.0,214.0,141.0,192.0,199.0,234.0,248.0,216.0,188.0,188.0,176.0,184.0,163.0,197.0,120.0,127.0,158.0,183.0,190.0,151.0,191.0,160.0,185.0,128.0,148.0,168.0,76.0,109.0,132.0,168.0,174.0,180.0,164.0
395022,45,"Richmond, VA",msa,VA,336.0,356.0,445.0,425.0,445.0,492.0,404.0,476.0,337.0,376.0,372.0,408.0,319.0,316.0,440.0,389.0,433.0,447.0,362.0,447.0,391.0,409.0,376.0,432.0,309.0,356.0,400.0,365.0,422.0,501.0,499.0,471.0,477.0,470.0,454.0,571.0,396.0,411.0,556.0,525.0,494.0,551.0,479.0,457.0,451.0,445.0,532.0,630.0,362.0,387.0,542.0,459.0,467.0,493.0,419.0,421.0,391.0,361.0,342.0,456.0,208.0,309.0,411.0,311.0,309.0,369.0,313.0,389.0,370.0,351.0,352.0,403.0,242.0,318.0,324.0,362.0,374.0,357.0,311.0,254.0,279.0,292.0,344.0,448.0,209.0,215.0,351.0,302.0,296.0,281.0,264.0,260.0,270.0,252.0,244.0,345.0,178.0,241.0,305.0,249.0,266.0,307.0,204.0
394807,46,"Louisville, KY",msa,KY,118.0,100.0,139.0,146.0,167.0,137.0,107.0,123.0,104.0,111.0,96.0,103.0,102.0,88.0,141.0,128.0,160.0,141.0,136.0,146.0,97.0,117.0,112.0,143.0,89.0,105.0,127.0,114.0,119.0,151.0,182.0,141.0,130.0,175.0,145.0,176.0,99.0,118.0,167.0,147.0,136.0,143.0,146.0,125.0,170.0,177.0,156.0,188.0,146.0,144.0,185.0,170.0,209.0,177.0,166.0,128.0,136.0,123.0,126.0,132.0,74.0,120.0,197.0,156.0,216.0,169.0,155.0,151.0,133.0,138.0,144.0,187.0,102.0,145.0,191.0,187.0,187.0,165.0,151.0,172.0,133.0,160.0,155.0,152.0,111.0,134.0,158.0,179.0,157.0,139.0,172.0,152.0,159.0,165.0,142.0,179.0,108.0,131.0,172.0,167.0,157.0,189.0,169.0
394910,47,"New Orleans, LA",msa,LA,241.0,238.0,292.0,350.0,347.0,331.0,314.0,320.0,261.0,266.0,241.0,235.0,217.0,279.0,284.0,339.0,368.0,350.0,350.0,312.0,295.0,293.0,245.0,226.0,276.0,247.0,279.0,287.0,254.0,366.0,359.0,362.0,292.0,222.0,190.0,218.0,189.0,170.0,257.0,220.0,185.0,205.0,177.0,122.0,111.0,171.0,222.0,208.0,170.0,157.0,174.0,174.0,183.0,194.0,128.0,136.0,135.0,107.0,103.0,114.0,114.0,98.0,168.0,171.0,147.0,208.0,200.0,242.0,204.0,171.0,175.0,214.0,120.0,105.0,140.0,139.0,120.0,115.0,121.0,93.0,96.0,83.0,88.0,126.0,75.0,81.0,93.0,103.0,106.0,128.0,98.0,95.0,86.0,90.0,78.0,107.0,70.0,72.0,102.0,107.0,113.0,101.0,96.0
395053,48,"Salt Lake City, UT",msa,UT,221.0,219.0,334.0,307.0,336.0,359.0,341.0,342.0,365.0,324.0,320.0,405.0,207.0,234.0,346.0,325.0,377.0,354.0,349.0,352.0,341.0,373.0,314.0,416.0,253.0,315.0,369.0,307.0,319.0,347.0,422.0,388.0,385.0,431.0,359.0,430.0,251.0,256.0,329.0,269.0,201.0,254.0,193.0,152.0,168.0,139.0,111.0,163.0,147.0,167.0,195.0,159.0,151.0,170.0,142.0,132.0,117.0,92.0,81.0,141.0,115.0,103.0,176.0,162.0,138.0,171.0,134.0,197.0,198.0,183.0,170.0,223.0,157.0,213.0,254.0,255.0,253.0,259.0,217.0,189.0,189.0,172.0,134.0,274.0,131.0,181.0,310.0,250.0,206.0,206.0,177.0,228.0,214.0,164.0,134.0,219.0,117.0,151.0,193.0,183.0,178.0,214.0,199.0
394669,49,"Hartford, CT",msa,CT,43.0,28.0,44.0,61.0,53.0,66.0,66.0,61.0,45.0,62.0,52.0,65.0,42.0,40.0,57.0,62.0,75.0,70.0,57.0,59.0,70.0,75.0,56.0,58.0,32.0,46.0,48.0,52.0,54.0,63.0,92.0,95.0,86.0,88.0,64.0,86.0,74.0,61.0,61.0,64.0,57.0,61.0,55.0,67.0,42.0,54.0,46.0,59.0,34.0,44.0,52.0,54.0,36.0,38.0,42.0,37.0,40.0,29.0,44.0,36.0,29.0,32.0,48.0,21.0,33.0,45.0,33.0,43.0,30.0,39.0,38.0,35.0,33.0,36.0,36.0,28.0,31.0,26.0,36.0,32.0,32.0,32.0,38.0,25.0,25.0,25.0,24.0,19.0,23.0,17.0,30.0,18.0,15.0,31.0,22.0,26.0,21.0,10.0,20.0,24.0,28.0,22.0,24.0
394425,50,"Buffalo, NY",msa,NY,,,,,,,,,,,,,,,,,,,,,,,,,,,,,,,,,,,,,,,,,,,,,,,,,,,,,,,,,,,,,,,,,,,,,,,,,,,,,,,,,,,,,,,,,,,,,,,,,,5.0,14.0,13.0,7.0,16.0,15.0
394388,51,"Birmingham, AL",msa,AL,152.0,172.0,205.0,201.0,215.0,204.0,170.0,149.0,159.0,123.0,113.0,109.0,186.0,156.0,202.0,171.0,166.0,182.0,150.0,161.0,172.0,139.0,114.0,136.0,204.0,192.0,263.0,189.0,158.0,242.0,237.0,210.0,235.0,185.0,198.0,229.0,209.0,250.0,280.0,279.0,241.0,268.0,188.0,257.0,203.0,210.0,196.0,264.0,191.0,195.0,302.0,210.0,213.0,232.0,156.0,150.0,174.0,136.0,116.0,119.0,131.0,157.0,234.0,162.0,196.0,221.0,199.0,221.0,211.0,194.0,179.0,212.0,167.0,233.0,220.0,225.0,244.0,242.0,228.0,209.0,203.0,180.0,208.0,254.0,143.0,179.0,194.0,212.0,206.0,215.0,217.0,210.0,215.0,189.0,181.0,229.0,125.0,156.0,248.0,227.0,259.0,220.0,197.0
395031,52,"Rochester, NY",msa,NY,60.0,54.0,74.0,61.0,83.0,78.0,75.0,99.0,71.0,85.0,79.0,84.0,48.0,49.0,57.0,71.0,68.0,57.0,77.0,79.0,86.0,63.0,60.0,62.0,34.0,48.0,65.0,53.0,36.0,56.0,47.0,62.0,85.0,69.0,70.0,82.0,58.0,43.0,52.0,61.0,63.0,49.0,40.0,43.0,41.0,33.0,27.0,42.0,27.0,37.0,37.0,35.0,31.0,24.0,30.0,36.0,28.0,42.0,25.0,38.0,20.0,13.0,23.0,31.0,33.0,50.0,14.0,36.0,27.0,17.0,21.0,30.0,22.0,28.0,18.0,24.0,23.0,20.0,29.0,30.0,17.0,20.0,30.0,16.0,17.0,21.0,20.0,15.0,14.0,20.0,24.0,23.0,21.0,12.0,12.0,18.0,13.0,11.0,8.0,10.0,13.0,14.0,18.0
394640,53,"Grand Rapids, MI",msa,MI,142.0,144.0,163.0,142.0,169.0,150.0,147.0,148.0,107.0,128.0,96.0,88.0,91.0,96.0,118.0,133.0,148.0,143.0,128.0,131.0,95.0,96.0,100.0,86.0,96.0,127.0,146.0,84.0,85.0,154.0,184.0,138.0,161.0,164.0,133.0,166.0,140.0,126.0,186.0,153.0,137.0,129.0,92.0,114.0,145.0,151.0,112.0,136.0,105.0,131.0,149.0,103.0,139.0,108.0,106.0,96.0,98.0,91.0,97.0,80.0,89.0,83.0,145.0,113.0,111.0,133.0,119.0,122.0,136.0,150.0,96.0,93.0,89.0,112.0,155.0,145.0,125.0,116.0,111.0,103.0,115.0,119.0,109.0,121.0,81.0,87.0,134.0,148.0,137.0,112.0,119.0,122.0,114.0,113.0,101.0,133.0,76.0,74.0,125.0,129.0,107.0,118.0,76.0
395167,54,"Tucson, AZ",msa,AZ,151.0,176.0,230.0,205.0,241.0,230.0,190.0,234.0,220.0,184.0,223.0,220.0,154.0,201.0,260.0,249.0,275.0,251.0,247.0,286.0,246.0,258.0,310.0,259.0,197.0,254.0,294.0,277.0,260.0,305.0,269.0,253.0,262.0,245.0,256.0,255.0,194.0,264.0,326.0,275.0,296.0,271.0,241.0,257.0,292.0,237.0,269.0,298.0,219.0,237.0,303.0,281.0,344.0,294.0,254.0,283.0,308.0,204.0,225.0,201.0,175.0,230.0,294.0,273.0,315.0,317.0,307.0,286.0,266.0,258.0,266.0,258.0,186.0,282.0,265.0,250.0,348.0,249.0,275.0,278.0,289.0,234.0,274.0,227.0,176.0,228.0,256.0,208.0,235.0,240.0,177.0,224.0,224.0,201.0,170.0,165.0,123.0,179.0,185.0,201.0,236.0,176.0,164.0
753924,55,"Urban Honolulu, HI",msa,HI,,,,,,,,,,,,,,,,,,,,,,,,,,,,,,,,,,,,,,,,,,,,,10.0,,22.0,21.0,30.0,20.0,32.0,26.0,22.0,18.0,19.0,14.0,,53.0,23.0,37.0,19.0,22.0,37.0,22.0,20.0,31.0,17.0,6.0,28.0,17.0,19.0,37.0,8.0,26.0,21.0,20.0,25.0,17.0,17.0,22.0,15.0,24.0,35.0,19.0,30.0,25.0,32.0,28.0,27.0,43.0,26.0,31.0,,,51.0,46.0,39.0,40.0,56.0,23.0,43.0,95.0,46.0
395169,56,"Tulsa, OK",msa,OK,190.0,168.0,250.0,252.0,259.0,204.0,227.0,204.0,155.0,178.0,200.0,200.0,188.0,174.0,258.0,281.0,239.0,181.0,254.0,208.0,200.0,225.0,218.0,204.0,173.0,161.0,205.0,191.0,244.0,208.0,288.0,269.0,236.0,249.0,185.0,221.0,170.0,161.0,250.0,262.0,201.0,184.0,161.0,207.0,216.0,213.0,245.0,283.0,187.0,223.0,312.0,214.0,238.0,226.0,186.0,174.0,172.0,192.0,154.0,182.0,134.0,149.0,184.0,158.0,227.0,210.0,163.0,169.0,195.0,173.0,139.0,144.0,125.0,147.0,167.0,192.0,178.0,134.0,164.0,158.0,122.0,141.0,118.0,127.0,102.0,85.0,130.0,156.0,165.0,126.0,160.0,176.0,136.0,185.0,138.0,151.0,99.0,144.0,140.0,165.0,185.0,148.0,162.0
394619,57,"Fresno, CA",msa,CA,90.0,148.0,159.0,168.0,160.0,174.0,160.0,198.0,139.0,159.0,195.0,204.0,138.0,121.0,220.0,181.0,148.0,154.0,140.0,151.0,169.0,142.0,150.0,176.0,89.0,126.0,172.0,152.0,173.0,228.0,190.0,167.0,155.0,172.0,147.0,219.0,96.0,146.0,171.0,168.0,144.0,153.0,135.0,147.0,152.0,106.0,137.0,230.0,125.0,147.0,157.0,124.0,134.0,127.0,91.0,154.0,189.0,105.0,142.0,151.0,84.0,112.0,149.0,124.0,166.0,149.0,91.0,149.0,127.0,159.0,109.0,151.0,66.0,82.0,84.0,92.0,140.0,108.0,110.0,114.0,106.0,127.0,135.0,120.0,105.0,127.0,95.0,84.0,56.0,60.0,54.0,98.0,87.0,113.0,143.0,95.0,36.0,37.0,48.0,41.0,48.0,57.0,53.0
395238,58,"Worcester, MA",msa,MA,78.0,76.0,115.0,96.0,106.0,113.0,116.0,123.0,111.0,104.0,95.0,101.0,82.0,79.0,85.0,91.0,115.0,91.0,74.0,107.0,83.0,104.0,130.0,90.0,97.0,81.0,93.0,107.0,98.0,133.0,125.0,146.0,147.0,134.0,123.0,157.0,87.0,93.0,112.0,99.0,87.0,84.0,96.0,101.0,76.0,82.0,73.0,87.0,63.0,56.0,86.0,69.0,73.0,89.0,59.0,67.0,66.0,58.0,53.0,78.0,44.0,33.0,67.0,49.0,76.0,97.0,56.0,118.0,83.0,83.0,68.0,81.0,49.0,62.0,76.0,71.0,70.0,88.0,86.0,78.0,57.0,63.0,62.0,64.0,63.0,46.0,51.0,57.0,71.0,61.0,47.0,49.0,40.0,71.0,71.0,66.0,36.0,36.0,41.0,48.0,45.0,60.0,62.0
394938,59,"Omaha, NE",msa,NE,196.0,197.0,235.0,279.0,313.0,269.0,256.0,301.0,226.0,236.0,199.0,197.0,150.0,190.0,206.0,229.0,257.0,248.0,208.0,220.0,165.0,194.0,187.0,170.0,162.0,172.0,231.0,230.0,212.0,295.0,292.0,266.0,254.0,278.0,225.0,219.0,217.0,205.0,236.0,194.0,203.0,205.0,207.0,192.0,193.0,209.0,190.0,183.0,199.0,198.0,238.0,222.0,217.0,229.0,187.0,180.0,183.0,180.0,156.0,139.0,135.0,135.0,235.0,184.0,245.0,276.0,192.0,211.0,192.0,164.0,164.0,140.0,119.0,156.0,197.0,212.0,221.0,230.0,200.0,179.0,131.0,165.0,178.0,146.0,136.0,137.0,185.0,190.0,224.0,213.0,188.0,167.0,157.0,192.0,142.0,152.0,120.0,121.0,252.0,244.0,313.0,248.0,180.0
394415,60,"Bridgeport, CT",msa,CT,45.0,73.0,53.0,65.0,63.0,99.0,99.0,73.0,59.0,79.0,65.0,62.0,40.0,33.0,48.0,54.0,53.0,57.0,58.0,64.0,38.0,74.0,66.0,60.0,64.0,47.0,55.0,55.0,73.0,61.0,105.0,117.0,95.0,126.0,99.0,108.0,73.0,62.0,83.0,58.0,53.0,62.0,45.0,53.0,44.0,53.0,45.0,52.0,37.0,41.0,40.0,43.0,53.0,63.0,36.0,32.0,37.0,35.0,41.0,36.0,20.0,28.0,34.0,35.0,30.0,41.0,29.0,45.0,29.0,37.0,19.0,27.0,27.0,20.0,22.0,37.0,30.0,35.0,33.0,32.0,18.0,18.0,23.0,21.0,22.0,20.0,28.0,30.0,33.0,21.0,23.0,22.0,29.0,32.0,22.0,25.0,22.0,18.0,28.0,30.0,16.0,28.0,33.0
394653,61,"Greenville, SC",msa,SC,246.0,268.0,363.0,320.0,326.0,334.0,318.0,326.0,285.0,300.0,244.0,318.0,227.0,302.0,380.0,369.0,389.0,366.0,379.0,368.0,397.0,339.0,315.0,366.0,261.0,335.0,454.0,373.0,390.0,467.0,432.0,415.0,458.0,415.0,366.0,532.0,358.0,409.0,510.0,472.0,425.0,464.0,333.0,389.0,386.0,283.0,336.0,541.0,345.0,393.0,484.0,381.0,477.0,526.0,329.0,354.0,375.0,308.0,281.0,393.0,242.0,353.0,491.0,336.0,476.0,482.0,337.0,425.0,455.0,395.0,362.0,378.0,234.0,335.0,350.0,323.0,416.0,390.0,366.0,390.0,341.0,328.0,406.0,402.0,236.0,297.0,424.0,348.0,401.0,440.0,414.0,390.0,421.0,310.0,356.0,502.0,196.0,312.0,430.0,403.0,449.0,424.0,376.0
394312,62,"Albuquerque, NM",msa,NM,84.0,57.0,87.0,94.0,103.0,85.0,68.0,98.0,99.0,93.0,81.0,76.0,70.0,82.0,104.0,89.0,98.0,102.0,88.0,106.0,72.0,94.0,90.0,105.0,66.0,84.0,112.0,89.0,99.0,109.0,140.0,114.0,155.0,149.0,94.0,128.0,70.0,64.0,137.0,103.0,99.0,86.0,87.0,82.0,90.0,85.0,76.0,113.0,103.0,67.0,104.0,113.0,102.0,84.0,89.0,85.0,79.0,81.0,68.0,93.0,65.0,80.0,145.0,87.0,123.0,119.0,104.0,168.0,108.0,111.0,105.0,105.0,61.0,85.0,84.0,98.0,89.0,86.0,100.0,91.0,82.0,95.0,93.0,112.0,59.0,70.0,107.0,83.0,112.0,87.0,64.0,75.0,87.0,63.0,60.0,95.0,61.0,68.0,88.0,83.0,101.0,92.0,76.0
394357,63,"Bakersfield, CA",msa,CA,123.0,126.0,175.0,143.0,161.0,162.0,140.0,164.0,151.0,153.0,163.0,127.0,89.0,99.0,116.0,99.0,111.0,109.0,153.0,157.0,162.0,150.0,98.0,94.0,90.0,125.0,104.0,116.0,122.0,141.0,135.0,152.0,136.0,147.0,134.0,138.0,123.0,102.0,149.0,188.0,133.0,174.0,144.0,117.0,104.0,130.0,125.0,120.0,105.0,107.0,138.0,135.0,140.0,112.0,120.0,154.0,158.0,159.0,128.0,132.0,77.0,89.0,135.0,134.0,173.0,168.0,134.0,140.0,150.0,201.0,121.0,141.0,95.0,124.0,168.0,132.0,188.0,148.0,147.0,141.0,158.0,119.0,122.0,126.0,88.0,150.0,139.0,135.0,96.0,104.0,114.0,129.0,115.0,148.0,100.0,121.0,102.0,79.0,121.0,127.0,110.0,106.0,103.0
394308,64,"Albany, NY",msa,NY,67.0,68.0,92.0,89.0,83.0,97.0,106.0,106.0,92.0,114.0,82.0,92.0,67.0,66.0,98.0,71.0,83.0,65.0,54.0,95.0,64.0,86.0,89.0,73.0,58.0,50.0,68.0,60.0,49.0,71.0,72.0,79.0,97.0,99.0,91.0,117.0,57.0,86.0,85.0,104.0,74.0,91.0,92.0,105.0,98.0,87.0,94.0,89.0,62.0,57.0,68.0,69.0,55.0,68.0,60.0,58.0,62.0,60.0,63.0,73.0,40.0,39.0,52.0,40.0,47.0,56.0,47.0,68.0,39.0,59.0,47.0,57.0,30.0,45.0,35.0,43.0,54.0,56.0,62.0,40.0,39.0,57.0,51.0,54.0,38.0,41.0,53.0,45.0,48.0,39.0,57.0,45.0,37.0,57.0,48.0,64.0,45.0,37.0,46.0,48.0,45.0,43.0,50.0
394753,65,"Knoxville, TN",msa,TN,127.0,168.0,215.0,233.0,267.0,227.0,220.0,237.0,199.0,218.0,211.0,216.0,181.0,177.0,238.0,236.0,274.0,240.0,231.0,245.0,224.0,227.0,203.0,212.0,194.0,194.0,311.0,242.0,240.0,329.0,314.0,304.0,296.0,311.0,281.0,267.0,229.0,260.0,343.0,264.0,249.0,265.0,215.0,229.0,230.0,229.0,229.0,247.0,209.0,210.0,231.0,262.0,258.0,255.0,215.0,238.0,239.0,216.0,199.0,221.0,164.0,166.0,289.0,196.0,256.0,236.0,188.0,216.0,208.0,212.0,240.0,221.0,190.0,252.0,275.0,218.0,296.0,245.0,245.0,230.0,225.0,242.0,237.0,233.0,172.0,169.0,266.0,251.0,257.0,307.0,276.0,270.0,234.0,204.0,215.0,207.0,185.0,225.0,260.0,264.0,305.0,305.0,314.0
394367,66,"Baton Rouge, LA",msa,LA,126.0,140.0,180.0,134.0,174.0,164.0,186.0,174.0,153.0,146.0,122.0,139.0,114.0,129.0,157.0,158.0,193.0,201.0,182.0,196.0,189.0,180.0,168.0,204.0,155.0,175.0,199.0,204.0,205.0,258.0,306.0,261.0,250.0,258.0,248.0,265.0,243.0,229.0,279.0,254.0,272.0,248.0,179.0,154.0,166.0,170.0,210.0,261.0,185.0,241.0,290.0,213.0,253.0,244.0,203.0,234.0,192.0,202.0,169.0,210.0,124.0,140.0,188.0,178.0,168.0,190.0,140.0,208.0,193.0,158.0,189.0,194.0,127.0,159.0,181.0,197.0,169.0,180.0,228.0,179.0,174.0,194.0,153.0,193.0,120.0,128.0,134.0,167.0,150.0,202.0,159.0,165.0,142.0,154.0,110.0,139.0,103.0,91.0,157.0,142.0,176.0,182.0,162.0
394843,67,"McAllen, TX",msa,TX,54.0,76.0,90.0,70.0,99.0,77.0,75.0,92.0,72.0,76.0,75.0,68.0,71.0,36.0,68.0,77.0,87.0,73.0,73.0,74.0,71.0,68.0,67.0,65.0,89.0,68.0,75.0,60.0,79.0,94.0,99.0,114.0,146.0,96.0,79.0,78.0,50.0,54.0,104.0,79.0,60.0,84.0,58.0,93.0,89.0,86.0,78.0,91.0,82.0,98.0,133.0,126.0,117.0,104.0,77.0,105.0,100.0,111.0,79.0,82.0,78.0,88.0,115.0,114.0,125.0,141.0,119.0,120.0,125.0,93.0,105.0,105.0,109.0,91.0,139.0,123.0,143.0,117.0,149.0,102.0,116.0,110.0,99.0,136.0,87.0,80.0,134.0,137.0,116.0,145.0,134.0,103.0,106.0,118.0,93.0,116.0,77.0,95.0,110.0,142.0,121.0,127.0,123.0
394908,68,"New Haven, CT",msa,CT,25.0,25.0,31.0,48.0,58.0,58.0,36.0,47.0,43.0,62.0,44.0,28.0,28.0,31.0,42.0,41.0,37.0,48.0,53.0,54.0,25.0,41.0,43.0,50.0,46.0,29.0,34.0,27.0,29.0,39.0,61.0,54.0,69.0,63.0,42.0,39.0,32.0,32.0,35.0,33.0,43.0,34.0,40.0,40.0,44.0,44.0,37.0,43.0,30.0,27.0,36.0,34.0,32.0,31.0,29.0,35.0,18.0,26.0,26.0,21.0,16.0,17.0,35.0,22.0,24.0,20.0,30.0,26.0,31.0,28.0,45.0,30.0,18.0,25.0,35.0,17.0,21.0,26.0,20.0,26.0,15.0,26.0,36.0,37.0,21.0,19.0,17.0,40.0,13.0,18.0,30.0,13.0,19.0,21.0,20.0,17.0,15.0,10.0,13.0,16.0,13.0,18.0,22.0
394561,69,"El Paso, TX",msa,TX,151.0,155.0,250.0,246.0,257.0,307.0,313.0,280.0,218.0,244.0,232.0,275.0,166.0,190.0,243.0,286.0,280.0,218.0,230.0,241.0,214.0,220.0,243.0,314.0,222.0,178.0,207.0,228.0,225.0,298.0,283.0,339.0,310.0,301.0,261.0,341.0,185.0,201.0,292.0,247.0,189.0,254.0,225.0,268.0,219.0,217.0,214.0,312.0,175.0,211.0,259.0,240.0,250.0,203.0,198.0,236.0,262.0,208.0,214.0,277.0,190.0,188.0,243.0,254.0,219.0,233.0,227.0,256.0,183.0,185.0,162.0,242.0,146.0,162.0,219.0,231.0,239.0,244.0,242.0,213.0,205.0,268.0,304.0,346.0,196.0,228.0,265.0,273.0,269.0,264.0,244.0,263.0,258.0,241.0,197.0,290.0,164.0,205.0,261.0,258.0,255.0,228.0,240.0
394318,70,"Allentown, PA",msa,PA,63.0,58.0,79.0,84.0,82.0,92.0,105.0,96.0,77.0,89.0,89.0,77.0,82.0,55.0,81.0,73.0,91.0,110.0,85.0,106.0,99.0,113.0,76.0,85.0,65.0,69.0,89.0,49.0,67.0,70.0,85.0,83.0,80.0,134.0,116.0,138.0,107.0,93.0,106.0,106.0,100.0,91.0,120.0,107.0,103.0,104.0,95.0,117.0,132.0,94.0,151.0,111.0,124.0,135.0,120.0,127.0,105.0,112.0,116.0,97.0,77.0,68.0,122.0,106.0,94.0,91.0,63.0,91.0,67.0,85.0,78.0,103.0,70.0,52.0,83.0,90.0,67.0,77.0,70.0,70.0,76.0,89.0,90.0,82.0,46.0,70.0,78.0,56.0,56.0,85.0,49.0,63.0,58.0,66.0,49.0,59.0,37.0,34.0,33.0,47.0,71.0,76.0,47.0
394952,71,"Oxnard, CA",msa,CA,66.0,54.0,65.0,29.0,51.0,39.0,40.0,57.0,31.0,51.0,73.0,65.0,30.0,29.0,41.0,48.0,36.0,32.0,27.0,53.0,45.0,33.0,75.0,48.0,22.0,36.0,40.0,33.0,23.0,20.0,43.0,59.0,53.0,45.0,66.0,57.0,14.0,26.0,33.0,26.0,33.0,32.0,22.0,17.0,41.0,23.0,30.0,49.0,17.0,21.0,52.0,16.0,20.0,22.0,37.0,24.0,25.0,41.0,27.0,25.0,19.0,12.0,22.0,9.0,18.0,31.0,5.0,21.0,12.0,8.0,7.0,14.0,12.0,11.0,12.0,12.0,18.0,18.0,6.0,7.0,20.0,17.0,20.0,24.0,7.0,22.0,18.0,26.0,25.0,16.0,20.0,22.0,19.0,24.0,24.0,17.0,16.0,24.0,7.0,10.0,19.0,19.0,13.0
394486,72,"Columbia, SC",msa,SC,184.0,201.0,256.0,253.0,268.0,273.0,230.0,251.0,189.0,179.0,157.0,208.0,163.0,234.0,255.0,246.0,291.0,281.0,276.0,286.0,251.0,254.0,229.0,264.0,212.0,208.0,288.0,275.0,265.0,347.0,309.0,319.0,274.0,310.0,214.0,385.0,217.0,259.0,352.0,307.0,276.0,303.0,204.0,214.0,224.0,205.0,182.0,269.0,159.0,173.0,273.0,219.0,272.0,254.0,212.0,244.0,213.0,189.0,191.0,251.0,169.0,180.0,294.0,244.0,309.0,463.0,271.0,307.0,198.0,217.0,287.0,346.0,199.0,233.0,284.0,271.0,294.0,279.0,274.0,254.0,216.0,234.0,214.0,282.0,122.0,160.0,220.0,212.0,292.0,318.0,287.0,298.0,289.0,267.0,213.0,390.0,172.0,255.0,303.0,242.0,273.0,250.0,295.0
753906,73,"North Port, FL",msa,FL,402.0,351.0,515.0,444.0,578.0,514.0,429.0,524.0,441.0,435.0,501.0,510.0,380.0,440.0,456.0,437.0,558.0,488.0,498.0,447.0,476.0,485.0,529.0,649.0,400.0,458.0,515.0,437.0,479.0,582.0,562.0,634.0,575.0,574.0,580.0,758.0,492.0,511.0,735.0,687.0,605.0,657.0,491.0,557.0,563.0,601.0,599.0,733.0,498.0,424.0,575.0,511.0,582.0,620.0,508.0,600.0,449.0,586.0,577.0,853.0,578.0,592.0,855.0,645.0,837.0,831.0,663.0,679.0,706.0,695.0,784.0,823.0,471.0,564.0,633.0,692.0,791.0,787.0,692.0,601.0,577.0,516.0,731.0,815.0,505.0,658.0,730.0,615.0,748.0,688.0,538.0,606.0,593.0,523.0,461.0,562.0,347.0,404.0,658.0,474.0,643.0,709.0,582.0
845158,74,"Dayton, OH",msa,OH,121.0,87.0,140.0,91.0,111.0,113.0,113.0,93.0,85.0,101.0,68.0,71.0,65.0,60.0,87.0,75.0,101.0,86.0,130.0,100.0,68.0,118.0,90.0,62.0,97.0,80.0,95.0,101.0,70.0,89.0,94.0,101.0,112.0,76.0,76.0,64.0,92.0,125.0,104.0,106.0,118.0,152.0,105.0,96.0,106.0,121.0,97.0,119.0,90.0,99.0,122.0,109.0,106.0,107.0,116.0,116.0,100.0,89.0,65.0,100.0,80.0,84.0,105.0,99.0,101.0,87.0,85.0,87.0,91.0,88.0,69.0,86.0,78.0,65.0,97.0,77.0,82.0,64.0,72.0,79.0,50.0,70.0,58.0,67.0,28.0,39.0,48.0,47.0,45.0,61.0,31.0,34.0,45.0,48.0,44.0,80.0,22.0,39.0,48.0,42.0,45.0,46.0,48.0
394457,75,"Charleston, SC",msa,SC,332.0,355.0,449.0,388.0,447.0,458.0,371.0,469.0,354.0,395.0,382.0,426.0,378.0,404.0,448.0,383.0,471.0,452.0,458.0,398.0,377.0,370.0,378.0,445.0,328.0,405.0,467.0,396.0,475.0,524.0,519.0,500.0,481.0,494.0,513.0,539.0,356.0,506.0,533.0,489.0,513.0,504.0,417.0,536.0,430.0,429.0,395.0,503.0,368.0,383.0,504.0,440.0,398.0,473.0,411.0,421.0,443.0,398.0,424.0,466.0,348.0,353.0,499.0,376.0,458.0,458.0,361.0,514.0,440.0,442.0,470.0,454.0,297.0,438.0,430.0,459.0,482.0,405.0,407.0,385.0,361.0,309.0,453.0,497.0,303.0,380.0,392.0,359.0,424.0,354.0,386.0,437.0,363.0,383.0,328.0,447.0,279.0,337.0,456.0,380.0,455.0,444.0,427.0
394648,76,"Greensboro, NC",msa,NC,110.0,136.0,165.0,149.0,169.0,191.0,167.0,146.0,125.0,158.0,154.0,144.0,114.0,129.0,131.0,167.0,185.0,168.0,163.0,159.0,150.0,168.0,136.0,172.0,154.0,136.0,195.0,174.0,161.0,199.0,203.0,160.0,202.0,202.0,174.0,167.0,166.0,195.0,298.0,235.0,217.0,245.0,187.0,157.0,188.0,164.0,187.0,178.0,153.0,140.0,215.0,171.0,133.0,147.0,141.0,156.0,163.0,139.0,132.0,134.0,108.0,99.0,154.0,105.0,142.0,150.0,126.0,146.0,131.0,113.0,134.0,134.0,110.0,169.0,200.0,178.0,181.0,170.0,203.0,174.0,148.0,173.0,145.0,136.0,120.0,139.0,178.0,148.0,192.0,131.0,169.0,120.0,134.0,125.0,113.0,172.0,71.0,108.0,147.0,139.0,170.0,161.0,137.0
395134,77,"Stockton, CA",msa,CA,86.0,115.0,155.0,106.0,146.0,122.0,85.0,155.0,128.0,155.0,181.0,184.0,104.0,150.0,193.0,164.0,148.0,126.0,114.0,158.0,145.0,156.0,194.0,218.0,147.0,141.0,168.0,164.0,142.0,200.0,243.0,203.0,191.0,213.0,193.0,259.0,163.0,196.0,276.0,245.0,233.0,287.0,238.0,260.0,229.0,235.0,228.0,249.0,129.0,183.0,248.0,184.0,219.0,217.0,183.0,167.0,142.0,156.0,180.0,167.0,104.0,175.0,212.0,139.0,159.0,139.0,76.0,106.0,131.0,131.0,157.0,107.0,89.0,117.0,121.0,105.0,113.0,109.0,123.0,157.0,203.0,250.0,248.0,211.0,142.0,150.0,147.0,151.0,192.0,160.0,147.0,156.0,155.0,172.0,170.0,158.0,83.0,86.0,109.0,117.0,114.0,79.0,87.0
394440,78,"Cape Coral, FL",msa,FL,325.0,361.0,471.0,366.0,416.0,417.0,398.0,448.0,347.0,322.0,460.0,376.0,347.0,448.0,409.0,363.0,478.0,522.0,444.0,437.0,430.0,421.0,437.0,442.0,425.0,378.0,553.0,375.0,417.0,487.0,525.0,514.0,440.0,471.0,426.0,497.0,465.0,460.0,570.0,568.0,509.0,566.0,482.0,421.0,461.0,406.0,471.0,462.0,396.0,421.0,628.0,537.0,505.0,536.0,451.0,509.0,443.0,396.0,513.0,508.0,521.0,518.0,708.0,573.0,650.0,645.0,515.0,654.0,587.0,612.0,538.0,616.0,492.0,547.0,661.0,585.0,729.0,547.0,598.0,639.0,595.0,490.0,523.0,539.0,395.0,438.0,596.0,630.0,614.0,576.0,526.0,552.0,518.0,449.0,462.0,482.0,310.0,445.0,550.0,522.0,553.0,557.0,515.0
394399,79,"Boise City, ID",msa,ID,275.0,349.0,475.0,413.0,490.0,513.0,471.0,497.0,393.0,435.0,378.0,383.0,339.0,396.0,491.0,530.0,618.0,542.0,495.0,544.0,452.0,511.0,480.0,512.0,451.0,512.0,636.0,543.0,449.0,614.0,750.0,733.0,661.0,680.0,546.0,622.0,431.0,504.0,666.0,567.0,553.0,533.0,581.0,501.0,593.0,576.0,477.0,783.0,539.0,630.0,682.0,616.0,617.0,565.0,464.0,526.0,475.0,548.0,409.0,542.0,499.0,648.0,783.0,609.0,530.0,544.0,464.0,519.0,425.0,394.0,368.0,381.0,373.0,429.0,507.0,501.0,466.0,484.0,526.0,476.0,470.0,557.0,466.0,542.0,368.0,472.0,506.0,551.0,550.0,529.0,537.0,532.0,539.0,583.0,467.0,582.0,384.0,511.0,700.0,636.0,630.0,626.0,559.0
394484,80,"Colorado Springs, CO",msa,CO,258.0,284.0,341.0,329.0,386.0,370.0,336.0,379.0,310.0,311.0,293.0,361.0,250.0,284.0,344.0,326.0,360.0,337.0,271.0,347.0,332.0,347.0,279.0,391.0,269.0,281.0,371.0,297.0,307.0,404.0,465.0,438.0,428.0,473.0,356.0,439.0,328.0,377.0,427.0,447.0,350.0,410.0,352.0,363.0,392.0,386.0,366.0,440.0,272.0,276.0,393.0,363.0,420.0,367.0,316.0,293.0,284.0,208.0,218.0,238.0,148.0,119.0,222.0,193.0,182.0,187.0,147.0,149.0,150.0,160.0,124.0,192.0,103.0,145.0,199.0,152.0,153.0,171.0,141.0,134.0,134.0,139.0,123.0,221.0,116.0,95.0,198.0,171.0,161.0,151.0,115.0,126.0,134.0,122.0,103.0,154.0,68.0,107.0,167.0,131.0,141.0,118.0,122.0
394798,81,"Little Rock, AR",msa,AR,163.0,167.0,234.0,199.0,205.0,211.0,208.0,166.0,120.0,135.0,141.0,136.0,147.0,174.0,193.0,175.0,201.0,161.0,207.0,164.0,134.0,134.0,115.0,131.0,134.0,147.0,223.0,171.0,177.0,230.0,232.0,183.0,200.0,245.0,190.0,214.0,155.0,167.0,227.0,180.0,218.0,201.0,205.0,237.0,220.0,205.0,190.0,206.0,168.0,191.0,240.0,183.0,220.0,194.0,182.0,215.0,161.0,184.0,171.0,177.0,146.0,159.0,250.0,210.0,247.0,226.0,200.0,212.0,203.0,182.0,164.0,124.0,120.0,113.0,186.0,208.0,160.0,160.0,168.0,164.0,155.0,162.0,140.0,148.0,120.0,116.0,146.0,154.0,169.0,193.0,190.0,159.0,184.0,164.0,130.0,133.0,105.0,137.0,176.0,206.0,168.0,165.0,162.0
394766,82,"Lakeland, FL",msa,FL,361.0,278.0,380.0,368.0,383.0,428.0,353.0,411.0,356.0,375.0,341.0,401.0,380.0,378.0,479.0,497.0,507.0,499.0,478.0,533.0,443.0,509.0,385.0,554.0,420.0,373.0,419.0,320.0,275.0,442.0,477.0,465.0,547.0,471.0,470.0,632.0,513.0,497.0,676.0,687.0,571.0,514.0,496.0,523.0,647.0,532.0,627.0,849.0,566.0,670.0,825.0,681.0,783.0,793.0,691.0,787.0,598.0,721.0,660.0,866.0,639.0,632.0,803.0,695.0,702.0,727.0,667.0,742.0,705.0,669.0,705.0,684.0,481.0,537.0,646.0,592.0,730.0,677.0,746.0,667.0,591.0,546.0,532.0,642.0,393.0,482.0,610.0,553.0,590.0,536.0,496.0,518.0,467.0,422.0,387.0,455.0,283.0,314.0,441.0,410.0,457.0,476.0,440.0
394304,83,"Akron, OH",msa,OH,63.0,69.0,99.0,95.0,99.0,80.0,85.0,83.0,73.0,74.0,68.0,64.0,36.0,61.0,60.0,61.0,72.0,98.0,76.0,73.0,71.0,74.0,53.0,41.0,56.0,39.0,77.0,59.0,56.0,70.0,98.0,62.0,61.0,69.0,53.0,41.0,64.0,50.0,60.0,55.0,64.0,74.0,63.0,50.0,67.0,51.0,52.0,53.0,86.0,90.0,79.0,72.0,89.0,96.0,79.0,88.0,55.0,66.0,45.0,48.0,38.0,37.0,41.0,38.0,48.0,48.0,33.0,32.0,39.0,38.0,24.0,44.0,25.0,23.0,38.0,30.0,28.0,30.0,28.0,22.0,42.0,37.0,19.0,30.0,22.0,13.0,23.0,22.0,24.0,13.0,21.0,16.0,14.0,20.0,7.0,8.0,5.0,11.0,12.0,16.0,11.0,14.0,12.0
394531,84,"Des Moines, IA",msa,IA,178.0,146.0,276.0,329.0,377.0,368.0,296.0,284.0,245.0,228.0,198.0,187.0,107.0,131.0,179.0,232.0,287.0,282.0,255.0,258.0,239.0,249.0,211.0,213.0,158.0,192.0,249.0,307.0,312.0,426.0,456.0,441.0,410.0,422.0,325.0,400.0,258.0,237.0,398.0,377.0,357.0,365.0,392.0,359.0,348.0,318.0,316.0,331.0,246.0,232.0,389.0,371.0,385.0,373.0,298.0,267.0,300.0,234.0,179.0,208.0,137.0,151.0,277.0,280.0,317.0,344.0,277.0,276.0,251.0,245.0,194.0,199.0,160.0,168.0,288.0,285.0,320.0,301.0,237.0,238.0,210.0,236.0,183.0,223.0,161.0,140.0,253.0,254.0,317.0,267.0,208.0,234.0,210.0,206.0,180.0,171.0,118.0,134.0,259.0,235.0,280.0,309.0,230.0
395115,85,"Springfield, MA",msa,MA,33.0,21.0,25.0,18.0,35.0,33.0,34.0,27.0,33.0,23.0,29.0,25.0,24.0,16.0,22.0,26.0,30.0,27.0,33.0,29.0,20.0,23.0,24.0,24.0,13.0,15.0,29.0,25.0,25.0,35.0,40.0,33.0,23.0,43.0,22.0,37.0,35.0,36.0,22.0,15.0,24.0,29.0,24.0,22.0,23.0,26.0,33.0,22.0,19.0,23.0,19.0,30.0,18.0,25.0,28.0,15.0,23.0,20.0,21.0,14.0,15.0,10.0,14.0,15.0,17.0,23.0,17.0,21.0,27.0,15.0,22.0,14.0,7.0,17.0,14.0,13.0,19.0,14.0,17.0,12.0,10.0,14.0,16.0,14.0,19.0,19.0,16.0,13.0,10.0,14.0,16.0,7.0,20.0,14.0,8.0,12.0,7.0,11.0,11.0,10.0,23.0,9.0,12.0
845159,86,"Poughkeepsie, NY",msa,NY,47.0,47.0,63.0,59.0,86.0,78.0,58.0,72.0,68.0,62.0,45.0,54.0,74.0,31.0,51.0,39.0,54.0,47.0,52.0,55.0,51.0,56.0,51.0,60.0,48.0,49.0,32.0,16.0,17.0,51.0,37.0,56.0,67.0,48.0,60.0,80.0,53.0,55.0,59.0,47.0,53.0,74.0,48.0,49.0,42.0,30.0,47.0,37.0,33.0,32.0,35.0,19.0,29.0,44.0,28.0,26.0,26.0,22.0,29.0,31.0,22.0,18.0,28.0,31.0,30.0,38.0,28.0,32.0,37.0,29.0,35.0,34.0,21.0,26.0,19.0,24.0,18.0,24.0,33.0,36.0,19.0,32.0,23.0,16.0,20.0,17.0,14.0,25.0,20.0,22.0,23.0,12.0,20.0,19.0,9.0,26.0,11.0,11.0,23.0,14.0,21.0,20.0,22.0
394931,87,"Ogden, UT",msa,UT,76.0,80.0,127.0,118.0,115.0,133.0,109.0,146.0,130.0,138.0,115.0,133.0,105.0,126.0,171.0,155.0,187.0,161.0,188.0,217.0,177.0,189.0,148.0,168.0,163.0,165.0,219.0,203.0,216.0,273.0,287.0,251.0,219.0,268.0,223.0,223.0,166.0,218.0,227.0,237.0,196.0,225.0,176.0,170.0,194.0,152.0,140.0,204.0,150.0,227.0,256.0,231.0,218.0,216.0,182.0,197.0,191.0,145.0,118.0,179.0,96.0,118.0,182.0,124.0,161.0,182.0,140.0,145.0,108.0,131.0,104.0,153.0,87.0,149.0,161.0,120.0,140.0,104.0,101.0,88.0,108.0,117.0,127.0,130.0,92.0,94.0,127.0,115.0,115.0,118.0,92.0,92.0,95.0,91.0,87.0,120.0,69.0,120.0,117.0,115.0,110.0,106.0,107.0
394816,88,"Madison, WI",msa,WI,62.0,67.0,84.0,90.0,99.0,111.0,97.0,74.0,74.0,53.0,48.0,39.0,41.0,53.0,93.0,80.0,88.0,92.0,93.0,82.0,46.0,52.0,66.0,49.0,38.0,53.0,68.0,68.0,92.0,90.0,92.0,98.0,95.0,73.0,77.0,72.0,67.0,70.0,107.0,85.0,122.0,104.0,112.0,77.0,88.0,79.0,66.0,60.0,93.0,92.0,121.0,79.0,61.0,74.0,113.0,80.0,83.0,73.0,68.0,54.0,51.0,73.0,86.0,84.0,78.0,105.0,67.0,89.0,72.0,62.0,76.0,61.0,83.0,99.0,120.0,113.0,125.0,112.0,103.0,83.0,74.0,96.0,98.0,73.0,69.0,83.0,104.0,97.0,117.0,112.0,89.0,97.0,81.0,90.0,81.0,103.0,74.0,83.0,126.0,124.0,108.0,142.0,115.0
395235,89,"Winston, NC",msa,NC,114.0,141.0,174.0,165.0,171.0,194.0,134.0,191.0,143.0,161.0,177.0,197.0,127.0,137.0,168.0,158.0,202.0,220.0,186.0,164.0,160.0,163.0,165.0,170.0,144.0,186.0,210.0,197.0,169.0,230.0,255.0,227.0,240.0,212.0,185.0,229.0,210.0,161.0,230.0,229.0,220.0,212.0,171.0,176.0,162.0,134.0,150.0,196.0,150.0,146.0,269.0,186.0,193.0,217.0,154.0,219.0,198.0,167.0,148.0,197.0,163.0,158.0,224.0,208.0,220.0,232.0,198.0,274.0,212.0,228.0,204.0,208.0,157.0,165.0,277.0,200.0,209.0,260.0,226.0,204.0,194.0,202.0,180.0,196.0,142.0,174.0,207.0,193.0,228.0,188.0,185.0,204.0,177.0,194.0,162.0,213.0,134.0,151.0,241.0,207.0,196.0,186.0,180.0
394528,90,"Deltona, FL",msa,FL,185.0,173.0,195.0,217.0,238.0,227.0,184.0,207.0,167.0,161.0,185.0,247.0,165.0,176.0,260.0,253.0,233.0,266.0,237.0,205.0,219.0,228.0,212.0,303.0,204.0,188.0,326.0,260.0,237.0,367.0,355.0,278.0,278.0,309.0,259.0,311.0,304.0,336.0,414.0,368.0,332.0,370.0,266.0,252.0,350.0,305.0,250.0,348.0,267.0,305.0,347.0,319.0,381.0,331.0,299.0,339.0,308.0,349.0,260.0,324.0,262.0,293.0,475.0,381.0,418.0,466.0,369.0,376.0,339.0,353.0,305.0,348.0,290.0,345.0,400.0,301.0,303.0,341.0,298.0,267.0,295.0,233.0,254.0,381.0,216.0,265.0,272.0,299.0,346.0,349.0,285.0,272.0,301.0,224.0,189.0,328.0,175.0,183.0,305.0,212.0,209.0,284.0,179.0
395143,91,"Syracuse, NY",msa,NY,15.0,25.0,13.0,36.0,31.0,23.0,14.0,23.0,20.0,30.0,23.0,24.0,14.0,13.0,19.0,15.0,17.0,17.0,14.0,23.0,11.0,21.0,21.0,27.0,6.0,12.0,14.0,12.0,7.0,22.0,11.0,22.0,18.0,14.0,10.0,24.0,7.0,14.0,10.0,11.0,11.0,20.0,15.0,16.0,12.0,12.0,12.0,16.0,5.0,8.0,7.0,9.0,11.0,11.0,10.0,10.0,8.0,13.0,11.0,7.0,5.0,7.0,10.0,8.0,8.0,9.0,7.0,14.0,7.0,10.0,5.0,10.0,10.0,10.0,6.0,8.0,10.0,9.0,13.0,11.0,12.0,9.0,15.0,16.0,15.0,12.0,9.0,6.0,7.0,13.0,11.0,7.0,12.0,12.0,5.0,6.0,8.0,6.0,7.0,7.0,7.0,12.0,8.0
395006,92,"Provo, UT",msa,UT,206.0,289.0,291.0,240.0,285.0,288.0,280.0,309.0,244.0,246.0,277.0,304.0,185.0,208.0,312.0,369.0,385.0,361.0,323.0,361.0,359.0,333.0,332.0,405.0,331.0,345.0,424.0,433.0,450.0,563.0,655.0,574.0,606.0,540.0,442.0,494.0,379.0,388.0,456.0,472.0,429.0,458.0,411.0,400.0,396.0,333.0,327.0,357.0,337.0,293.0,379.0,321.0,274.0,294.0,257.0,331.0,376.0,215.0,208.0,349.0,232.0,363.0,433.0,332.0,327.0,295.0,261.0,306.0,279.0,244.0,230.0,349.0,246.0,297.0,281.0,289.0,334.0,333.0,317.0,361.0,355.0,310.0,321.0,387.0,293.0,411.0,431.0,392.0,403.0,444.0,396.0,437.0,489.0,416.0,300.0,494.0,241.0,292.0,428.0,380.0,369.0,389.0,379.0
395160,93,"Toledo, OH",msa,OH,45.0,30.0,33.0,39.0,47.0,48.0,42.0,42.0,29.0,31.0,27.0,14.0,22.0,31.0,41.0,41.0,55.0,41.0,40.0,31.0,37.0,30.0,23.0,31.0,37.0,31.0,42.0,25.0,26.0,50.0,50.0,41.0,33.0,34.0,36.0,43.0,30.0,19.0,53.0,32.0,49.0,40.0,36.0,22.0,31.0,35.0,23.0,28.0,44.0,26.0,38.0,38.0,32.0,28.0,27.0,23.0,30.0,17.0,18.0,18.0,22.0,19.0,28.0,28.0,25.0,34.0,16.0,16.0,26.0,21.0,31.0,16.0,16.0,23.0,20.0,30.0,32.0,21.0,25.0,26.0,20.0,25.0,19.0,19.0,21.0,19.0,36.0,23.0,32.0,37.0,20.0,32.0,27.0,33.0,19.0,28.0,13.0,13.0,27.0,24.0,33.0,30.0,37.0
395224,94,"Wichita, KS",msa,KS,56.0,45.0,69.0,69.0,88.0,77.0,64.0,94.0,56.0,77.0,71.0,54.0,50.0,40.0,55.0,70.0,86.0,72.0,79.0,75.0,57.0,82.0,74.0,79.0,64.0,47.0,75.0,78.0,79.0,87.0,119.0,113.0,77.0,102.0,75.0,98.0,79.0,61.0,109.0,102.0,111.0,93.0,95.0,88.0,78.0,66.0,78.0,78.0,75.0,73.0,96.0,115.0,91.0,97.0,121.0,100.0,77.0,76.0,84.0,75.0,49.0,54.0,103.0,74.0,113.0,128.0,89.0,105.0,85.0,72.0,59.0,61.0,40.0,52.0,78.0,89.0,79.0,81.0,81.0,65.0,60.0,70.0,74.0,61.0,34.0,39.0,68.0,71.0,79.0,63.0,83.0,67.0,76.0,62.0,63.0,53.0,37.0,50.0,63.0,63.0,72.0,77.0,85.0
394549,95,"Durham, NC",msa,NC,204.0,274.0,332.0,291.0,333.0,355.0,291.0,320.0,216.0,228.0,279.0,327.0,199.0,266.0,344.0,276.0,320.0,296.0,267.0,288.0,260.0,287.0,293.0,390.0,260.0,305.0,324.0,311.0,306.0,349.0,334.0,293.0,308.0,300.0,273.0,351.0,269.0,290.0,358.0,337.0,320.0,362.0,307.0,300.0,248.0,254.0,375.0,388.0,267.0,252.0,283.0,250.0,207.0,273.0,255.0,243.0,214.0,226.0,244.0,205.0,196.0,211.0,319.0,233.0,276.0,200.0,198.0,202.0,208.0,203.0,187.0,179.0,138.0,182.0,208.0,212.0,225.0,185.0,227.0,239.0,182.0,198.0,240.0,227.0,183.0,183.0,227.0,186.0,205.0,194.0,166.0,232.0,233.0,229.0,197.0,190.0,106.0,154.0,176.0,166.0,190.0,182.0,142.0
394352,96,"Augusta, GA",msa,GA,227.0,237.0,278.0,234.0,278.0,240.0,245.0,249.0,165.0,161.0,151.0,158.0,174.0,180.0,240.0,256.0,222.0,298.0,272.0,202.0,189.0,190.0,172.0,189.0,230.0,235.0,269.0,330.0,273.0,365.0,293.0,277.0,287.0,287.0,214.0,309.0,291.0,320.0,360.0,313.0,311.0,332.0,260.0,252.0,301.0,227.0,229.0,282.0,241.0,273.0,371.0,314.0,298.0,359.0,230.0,300.0,243.0,235.0,170.0,246.0,182.0,195.0,260.0,220.0,275.0,293.0,219.0,256.0,232.0,206.0,206.0,236.0,184.0,193.0,296.0,211.0,254.0,310.0,261.0,228.0,195.0,219.0,201.0,295.0,194.0,209.0,239.0,206.0,265.0,303.0,281.0,230.0,230.0,216.0,167.0,206.0,143.0,170.0,199.0,189.0,188.0,240.0,188.0
394957,97,"Palm Bay, FL",msa,FL,131.0,129.0,188.0,164.0,187.0,190.0,170.0,200.0,143.0,171.0,150.0,184.0,138.0,142.0,196.0,155.0,205.0,183.0,182.0,163.0,142.0,99.0,141.0,159.0,172.0,213.0,225.0,205.0,167.0,267.0,267.0,254.0,204.0,223.0,178.0,240.0,186.0,176.0,264.0,212.0,196.0,235.0,210.0,255.0,209.0,201.0,203.0,186.0,179.0,214.0,238.0,219.0,235.0,328.0,253.0,314.0,314.0,324.0,286.0,360.0,331.0,335.0,396.0,328.0,393.0,403.0,308.0,388.0,361.0,314.0,308.0,285.0,217.0,251.0,364.0,303.0,331.0,251.0,338.0,334.0,304.0,263.0,293.0,293.0,220.0,221.0,261.0,255.0,302.0,245.0,218.0,217.0,233.0,197.0,210.0,222.0,137.0,189.0,190.0,177.0,200.0,230.0,169.0
394711,98,"Jackson, MS",msa,MS,66.0,54.0,78.0,85.0,116.0,115.0,94.0,91.0,77.0,76.0,65.0,55.0,57.0,62.0,60.0,60.0,95.0,65.0,78.0,52.0,59.0,60.0,49.0,57.0,42.0,56.0,93.0,64.0,62.0,98.0,99.0,101.0,95.0,100.0,112.0,83.0,76.0,79.0,75.0,83.0,76.0,71.0,57.0,67.0,56.0,59.0,61.0,65.0,48.0,63.0,87.0,89.0,95.0,89.0,63.0,74.0,54.0,55.0,36.0,59.0,33.0,56.0,79.0,65.0,81.0,59.0,77.0,92.0,72.0,59.0,57.0,47.0,53.0,52.0,72.0,81.0,74.0,61.0,66.0,65.0,54.0,58.0,52.0,57.0,48.0,77.0,64.0,66.0,80.0,71.0,77.0,48.0,71.0,51.0,47.0,57.0,39.0,47.0,69.0,98.0,65.0,85.0,58.0
394666,99,"Harrisburg, PA",msa,PA,68.0,67.0,106.0,91.0,83.0,102.0,83.0,100.0,65.0,99.0,69.0,80.0,69.0,56.0,90.0,79.0,84.0,88.0,100.0,117.0,55.0,91.0,72.0,76.0,83.0,70.0,84.0,73.0,62.0,97.0,102.0,119.0,110.0,120.0,110.0,141.0,85.0,130.0,108.0,138.0,112.0,123.0,87.0,113.0,72.0,99.0,75.0,96.0,75.0,91.0,99.0,114.0,123.0,118.0,84.0,104.0,73.0,74.0,95.0,85.0,60.0,63.0,78.0,49.0,60.0,79.0,58.0,66.0,62.0,72.0,72.0,76.0,45.0,60.0,81.0,76.0,85.0,61.0,52.0,57.0,40.0,58.0,41.0,55.0,38.0,39.0,37.0,50.0,44.0,53.0,36.0,40.0,44.0,38.0,43.0,47.0,38.0,38.0,46.0,52.0,40.0,54.0,56.0
395113,100,"Spokane, WA",msa,WA,81.0,97.0,131.0,131.0,120.0,137.0,120.0,113.0,97.0,97.0,90.0,65.0,100.0,87.0,103.0,125.0,120.0,131.0,141.0,117.0,136.0,125.0,102.0,105.0,116.0,116.0,164.0,87.0,89.0,119.0,163.0,112.0,164.0,165.0,145.0,124.0,113.0,152.0,154.0,125.0,138.0,116.0,119.0,114.0,167.0,108.0,82.0,137.0,101.0,105.0,139.0,108.0,128.0,108.0,90.0,95.0,98.0,86.0,91.0,116.0,69.0,89.0,115.0,120.0,139.0,133.0,82.0,142.0,131.0,107.0,90.0,61.0,75.0,84.0,145.0,136.0,111.0,120.0,91.0,113.0,79.0,84.0,88.0,72.0,74.0,100.0,108.0,116.0,114.0,98.0,83.0,110.0,114.0,100.0,65.0,70.0,49.0,122.0,106.0,103.0,106.0,109.0,57.0
395075,101,"Scranton, PA",msa,PA,,,,,,,,,,,,,,,,,,,,,,,,,,,,,,,,,,,,,,,,,,,,,,,,,,,,,,,,,,,,,,,,,,,,,,,,,,,,,,,,,,,,,,,,,,11.0,5.0,9.0,17.0,7.0,9.0,14.0,5.0,7.0,9.0,8.0,11.0,13.0,11.0
394460,102,"Chattanooga, TN",msa,TN,121.0,128.0,151.0,170.0,167.0,146.0,130.0,149.0,90.0,118.0,127.0,126.0,132.0,128.0,150.0,167.0,196.0,153.0,164.0,159.0,163.0,151.0,137.0,203.0,166.0,132.0,159.0,165.0,136.0,188.0,204.0,217.0,186.0,195.0,155.0,210.0,172.0,178.0,209.0,167.0,175.0,183.0,157.0,135.0,146.0,138.0,158.0,193.0,127.0,128.0,172.0,169.0,133.0,190.0,106.0,99.0,102.0,99.0,86.0,123.0,91.0,109.0,170.0,131.0,169.0,136.0,155.0,161.0,142.0,121.0,132.0,120.0,106.0,112.0,182.0,161.0,183.0,175.0,127.0,125.0,108.0,138.0,158.0,164.0,92.0,138.0,154.0,147.0,165.0,165.0,185.0,142.0,147.0,153.0,103.0,181.0,94.0,116.0,164.0,174.0,173.0,143.0,161.0
394871,103,"Modesto, CA",msa,CA,48.0,44.0,66.0,44.0,48.0,28.0,50.0,36.0,43.0,42.0,30.0,39.0,24.0,47.0,47.0,47.0,43.0,31.0,37.0,45.0,31.0,37.0,42.0,34.0,25.0,31.0,43.0,44.0,34.0,33.0,51.0,34.0,24.0,35.0,41.0,28.0,29.0,38.0,38.0,46.0,43.0,45.0,50.0,35.0,35.0,31.0,42.0,51.0,49.0,39.0,37.0,40.0,47.0,53.0,37.0,35.0,25.0,24.0,26.0,31.0,24.0,34.0,59.0,38.0,35.0,12.0,26.0,42.0,21.0,39.0,34.0,28.0,41.0,40.0,34.0,37.0,44.0,49.0,55.0,59.0,46.0,49.0,47.0,39.0,38.0,31.0,43.0,31.0,40.0,25.0,35.0,36.0,47.0,59.0,55.0,37.0,25.0,34.0,43.0,49.0,38.0,30.0,33.0
394768,104,"Lancaster, PA",msa,PA,45.0,42.0,56.0,68.0,76.0,68.0,65.0,70.0,67.0,75.0,54.0,54.0,49.0,47.0,67.0,54.0,73.0,72.0,69.0,80.0,67.0,60.0,70.0,65.0,53.0,43.0,70.0,48.0,33.0,57.0,62.0,71.0,98.0,73.0,67.0,59.0,68.0,70.0,82.0,81.0,71.0,80.0,87.0,66.0,55.0,55.0,41.0,54.0,48.0,37.0,66.0,68.0,63.0,56.0,47.0,64.0,70.0,67.0,46.0,33.0,42.0,35.0,45.0,38.0,53.0,43.0,50.0,61.0,51.0,51.0,37.0,47.0,21.0,26.0,41.0,38.0,35.0,36.0,41.0,38.0,40.0,41.0,40.0,48.0,30.0,25.0,37.0,33.0,37.0,36.0,51.0,48.0,46.0,36.0,23.0,25.0,12.0,26.0,30.0,33.0,18.0,33.0,19.0
394997,105,"Portland, ME",msa,ME,76.0,80.0,93.0,77.0,63.0,100.0,100.0,85.0,67.0,84.0,75.0,51.0,47.0,56.0,96.0,74.0,88.0,86.0,73.0,75.0,68.0,81.0,67.0,79.0,55.0,50.0,86.0,69.0,70.0,82.0,92.0,93.0,85.0,70.0,97.0,99.0,80.0,57.0,124.0,128.0,87.0,119.0,78.0,75.0,73.0,79.0,103.0,108.0,94.0,59.0,93.0,103.0,82.0,63.0,68.0,79.0,84.0,74.0,75.0,79.0,55.0,51.0,47.0,58.0,64.0,70.0,80.0,78.0,69.0,86.0,68.0,66.0,51.0,66.0,63.0,71.0,69.0,91.0,77.0,68.0,70.0,81.0,74.0,87.0,62.0,45.0,43.0,86.0,83.0,80.0,70.0,77.0,60.0,88.0,56.0,75.0,59.0,56.0,76.0,81.0,69.0,87.0,81.0
394770,107,"Lansing, MI",msa,MI,51.0,30.0,38.0,41.0,60.0,48.0,29.0,40.0,29.0,28.0,20.0,26.0,21.0,24.0,30.0,24.0,28.0,30.0,37.0,27.0,22.0,23.0,21.0,26.0,30.0,17.0,25.0,17.0,18.0,26.0,25.0,31.0,47.0,20.0,28.0,27.0,35.0,27.0,21.0,28.0,31.0,27.0,32.0,20.0,28.0,33.0,24.0,26.0,32.0,31.0,31.0,31.0,22.0,34.0,17.0,29.0,19.0,15.0,12.0,8.0,11.0,11.0,22.0,14.0,21.0,22.0,15.0,25.0,16.0,18.0,13.0,7.0,13.0,22.0,15.0,26.0,29.0,16.0,19.0,14.0,12.0,9.0,13.0,10.0,10.0,18.0,17.0,26.0,13.0,11.0,12.0,15.0,17.0,13.0,15.0,15.0,10.0,8.0,17.0,13.0,15.0,17.0,16.0
394590,108,"Fayetteville, AR",msa,AR,204.0,210.0,274.0,267.0,312.0,337.0,277.0,285.0,225.0,243.0,210.0,237.0,174.0,185.0,296.0,335.0,339.0,294.0,277.0,291.0,255.0,238.0,214.0,287.0,301.0,223.0,306.0,336.0,301.0,353.0,326.0,294.0,286.0,287.0,243.0,283.0,218.0,229.0,282.0,281.0,270.0,326.0,327.0,293.0,307.0,282.0,339.0,364.0,264.0,256.0,375.0,312.0,323.0,319.0,319.0,353.0,327.0,309.0,241.0,297.0,195.0,316.0,403.0,365.0,404.0,488.0,422.0,532.0,446.0,369.0,323.0,303.0,208.0,310.0,388.0,400.0,394.0,465.0,409.0,407.0,332.0,360.0,298.0,366.0,281.0,249.0,358.0,342.0,392.0,348.0,380.0,325.0,305.0,268.0,305.0,334.0,242.0,316.0,399.0,324.0,380.0,365.0,362.0
394589,109,"Fayetteville, NC",msa,NC,120.0,101.0,144.0,162.0,187.0,166.0,138.0,163.0,85.0,134.0,111.0,112.0,101.0,101.0,137.0,174.0,163.0,173.0,176.0,179.0,151.0,142.0,128.0,157.0,153.0,162.0,192.0,180.0,170.0,247.0,230.0,213.0,154.0,190.0,194.0,194.0,173.0,184.0,195.0,181.0,149.0,147.0,132.0,164.0,183.0,145.0,165.0,182.0,121.0,158.0,227.0,179.0,191.0,181.0,164.0,190.0,178.0,195.0,165.0,191.0,129.0,169.0,271.0,224.0,261.0,303.0,220.0,239.0,241.0,234.0,214.0,202.0,210.0,253.0,281.0,306.0,373.0,284.0,248.0,308.0,291.0,322.0,294.0,394.0,261.0,295.0,402.0,401.0,489.0,381.0,342.0,369.0,313.0,313.0,272.0,361.0,195.0,263.0,348.0,274.0,309.0,299.0,249.0
394792,110,"Lexington, KY",msa,KY,60.0,57.0,74.0,77.0,67.0,75.0,68.0,73.0,59.0,63.0,57.0,42.0,59.0,63.0,71.0,63.0,73.0,62.0,66.0,74.0,52.0,66.0,52.0,64.0,52.0,55.0,76.0,73.0,67.0,82.0,59.0,57.0,76.0,53.0,45.0,46.0,39.0,41.0,42.0,55.0,46.0,58.0,50.0,49.0,45.0,61.0,63.0,57.0,47.0,49.0,57.0,62.0,68.0,74.0,47.0,66.0,58.0,54.0,45.0,49.0,36.0,43.0,72.0,53.0,67.0,58.0,53.0,54.0,59.0,62.0,60.0,63.0,53.0,63.0,69.0,71.0,69.0,79.0,64.0,51.0,74.0,78.0,64.0,60.0,45.0,59.0,71.0,84.0,71.0,73.0,69.0,75.0,71.0,62.0,59.0,41.0,52.0,47.0,62.0,65.0,66.0,68.0,71.0
394971,111,"Pensacola, FL",msa,FL,137.0,161.0,228.0,200.0,209.0,245.0,189.0,193.0,187.0,169.0,160.0,182.0,133.0,178.0,212.0,187.0,254.0,231.0,227.0,199.0,196.0,193.0,158.0,204.0,172.0,212.0,250.0,230.0,230.0,326.0,289.0,266.0,224.0,270.0,259.0,347.0,227.0,242.0,323.0,289.0,308.0,337.0,255.0,237.0,247.0,247.0,237.0,328.0,202.0,287.0,304.0,293.0,269.0,350.0,272.0,290.0,287.0,234.0,192.0,281.0,202.0,224.0,264.0,241.0,289.0,305.0,224.0,195.0,261.0,201.0,180.0,177.0,147.0,227.0,280.0,256.0,282.0,292.0,264.0,254.0,251.0,264.0,198.0,234.0,160.0,169.0,228.0,215.0,287.0,281.0,186.0,197.0,233.0,182.0,169.0,252.0,155.0,218.0,218.0,211.0,246.0,281.0,240.0
395068,112,"Santa Rosa, CA",msa,CA,23.0,37.0,45.0,33.0,41.0,42.0,47.0,38.0,36.0,38.0,36.0,57.0,30.0,39.0,39.0,53.0,43.0,41.0,55.0,44.0,39.0,57.0,56.0,93.0,44.0,45.0,47.0,55.0,27.0,61.0,59.0,68.0,68.0,89.0,61.0,70.0,37.0,63.0,53.0,67.0,60.0,75.0,67.0,119.0,57.0,52.0,44.0,66.0,49.0,44.0,60.0,53.0,51.0,59.0,60.0,66.0,70.0,46.0,44.0,61.0,23.0,27.0,47.0,41.0,36.0,59.0,35.0,40.0,42.0,48.0,32.0,37.0,43.0,37.0,40.0,33.0,39.0,27.0,34.0,33.0,23.0,31.0,34.0,35.0,12.0,26.0,31.0,29.0,26.0,22.0,19.0,30.0,32.0,16.0,23.0,27.0,17.0,22.0,20.0,15.0,19.0,24.0,15.0
395019,113,"Reno, NV",msa,NV,130.0,119.0,160.0,138.0,170.0,148.0,165.0,196.0,157.0,176.0,165.0,125.0,115.0,110.0,157.0,165.0,173.0,161.0,152.0,182.0,188.0,187.0,184.0,148.0,166.0,163.0,213.0,181.0,163.0,210.0,311.0,214.0,272.0,258.0,231.0,220.0,226.0,205.0,233.0,224.0,225.0,214.0,260.0,214.0,219.0,200.0,179.0,170.0,153.0,154.0,167.0,171.0,166.0,147.0,160.0,173.0,152.0,193.0,105.0,117.0,85.0,99.0,109.0,110.0,104.0,107.0,103.0,110.0,122.0,107.0,121.0,87.0,110.0,128.0,112.0,104.0,109.0,98.0,111.0,152.0,146.0,141.0,82.0,87.0,95.0,103.0,106.0,123.0,109.0,77.0,114.0,106.0,122.0,128.0,89.0,129.0,69.0,70.0,97.0,79.0,81.0,76.0,77.0
394698,114,"Huntsville, AL",msa,AL,142.0,155.0,207.0,186.0,258.0,301.0,263.0,256.0,225.0,232.0,248.0,210.0,221.0,246.0,297.0,331.0,288.0,272.0,328.0,278.0,273.0,266.0,252.0,277.0,244.0,269.0,340.0,325.0,317.0,321.0,359.0,297.0,281.0,269.0,233.0,276.0,274.0,288.0,360.0,305.0,269.0,312.0,377.0,363.0,372.0,344.0,305.0,374.0,328.0,346.0,432.0,367.0,394.0,418.0,338.0,330.0,349.0,279.0,263.0,307.0,236.0,238.0,365.0,329.0,329.0,330.0,295.0,265.0,317.0,231.0,269.0,301.0,188.0,310.0,305.0,277.0,371.0,316.0,277.0,348.0,307.0,256.0,314.0,291.0,217.0,246.0,272.0,289.0,329.0,233.0,234.0,253.0,324.0,233.0,214.0,280.0,191.0,228.0,298.0,273.0,314.0,322.0,257.0
394995,115,"Port St. Lucie, FL",msa,FL,167.0,120.0,187.0,176.0,203.0,183.0,175.0,183.0,164.0,206.0,174.0,184.0,230.0,191.0,191.0,248.0,222.0,271.0,192.0,224.0,205.0,284.0,242.0,294.0,287.0,270.0,335.0,274.0,263.0,320.0,336.0,335.0,270.0,357.0,283.0,375.0,404.0,357.0,524.0,444.0,381.0,416.0,313.0,336.0,301.0,320.0,373.0,520.0,438.0,471.0,580.0,487.0,494.0,562.0,398.0,522.0,444.0,436.0,391.0,491.0,297.0,320.0,413.0,387.0,398.0,351.0,266.0,307.0,309.0,305.0,271.0,297.0,249.0,293.0,349.0,357.0,337.0,313.0,306.0,285.0,278.0,301.0,243.0,330.0,228.0,220.0,313.0,263.0,313.0,373.0,303.0,338.0,349.0,335.0,226.0,234.0,162.0,162.0,218.0,162.0,226.0,186.0,185.0
394761,116,"Lafayette, LA",msa,LA,89.0,86.0,135.0,119.0,116.0,100.0,107.0,89.0,74.0,79.0,89.0,73.0,46.0,56.0,85.0,78.0,88.0,58.0,62.0,66.0,60.0,63.0,53.0,56.0,65.0,60.0,58.0,53.0,54.0,67.0,87.0,72.0,73.0,79.0,69.0,91.0,65.0,70.0,101.0,93.0,73.0,85.0,69.0,79.0,49.0,66.0,60.0,114.0,82.0,98.0,97.0,105.0,102.0,84.0,75.0,91.0,94.0,71.0,79.0,98.0,56.0,75.0,103.0,119.0,138.0,126.0,101.0,106.0,96.0,106.0,122.0,124.0,87.0,88.0,113.0,127.0,132.0,111.0,116.0,126.0,100.0,105.0,101.0,112.0,74.0,104.0,124.0,110.0,125.0,103.0,107.0,100.0,97.0,98.0,101.0,135.0,92.0,92.0,106.0,124.0,127.0,101.0,148.0
394898,117,"Myrtle Beach, SC",msa,SC,514.0,596.0,702.0,668.0,716.0,773.0,652.0,826.0,415.0,769.0,529.0,553.0,496.0,547.0,703.0,624.0,700.0,758.0,739.0,719.0,880.0,741.0,709.0,741.0,582.0,632.0,905.0,769.0,692.0,991.0,1028.0,895.0,904.0,838.0,842.0,993.0,739.0,751.0,1032.0,1004.0,920.0,1040.0,827.0,766.0,846.0,823.0,798.0,1015.0,673.0,787.0,1216.0,976.0,1014.0,1115.0,952.0,1023.0,1054.0,815.0,905.0,979.0,729.0,914.0,1232.0,1087.0,1200.0,1299.0,1210.0,1369.0,1195.0,1261.0,1242.0,1016.0,979.0,993.0,1263.0,1243.0,1273.0,1254.0,1200.0,1152.0,1146.0,1067.0,944.0,1024.0,596.0,677.0,881.0,843.0,865.0,904.0,1020.0,965.0,1002.0,818.0,832.0,989.0,571.0,673.0,796.0,742.0,850.0,933.0,767.0
395116,118,"Springfield, MO",msa,MO,57.0,45.0,71.0,70.0,88.0,77.0,86.0,53.0,53.0,72.0,46.0,39.0,33.0,44.0,72.0,110.0,107.0,81.0,95.0,81.0,79.0,69.0,86.0,63.0,61.0,74.0,93.0,89.0,87.0,122.0,113.0,97.0,110.0,118.0,114.0,96.0,79.0,65.0,100.0,78.0,87.0,119.0,99.0,80.0,66.0,63.0,88.0,70.0,67.0,62.0,86.0,75.0,90.0,110.0,76.0,80.0,63.0,81.0,63.0,61.0,53.0,61.0,79.0,135.0,113.0,102.0,67.0,80.0,91.0,84.0,71.0,62.0,59.0,64.0,97.0,95.0,117.0,91.0,97.0,78.0,99.0,67.0,63.0,77.0,54.0,77.0,88.0,83.0,110.0,99.0,71.0,63.0,61.0,66.0,58.0,63.0,52.0,74.0,73.0,80.0,73.0,98.0,68.0
395195,119,"Visalia, CA",msa,CA,44.0,57.0,71.0,78.0,62.0,63.0,64.0,65.0,74.0,62.0,78.0,73.0,42.0,65.0,64.0,60.0,92.0,72.0,77.0,90.0,88.0,107.0,75.0,139.0,54.0,63.0,91.0,95.0,100.0,145.0,77.0,86.0,104.0,68.0,85.0,128.0,65.0,83.0,121.0,66.0,62.0,66.0,75.0,59.0,63.0,62.0,75.0,76.0,41.0,36.0,50.0,72.0,50.0,89.0,77.0,61.0,90.0,48.0,63.0,98.0,46.0,43.0,100.0,96.0,92.0,83.0,62.0,109.0,102.0,74.0,92.0,85.0,39.0,50.0,68.0,54.0,94.0,69.0,64.0,71.0,52.0,49.0,41.0,73.0,31.0,34.0,48.0,49.0,82.0,97.0,78.0,64.0,95.0,68.0,57.0,87.0,30.0,21.0,34.0,39.0,54.0,49.0,64.0
394746,120,"Killeen, TX",msa,TX,114.0,150.0,174.0,180.0,180.0,203.0,177.0,177.0,164.0,152.0,126.0,170.0,113.0,129.0,204.0,191.0,205.0,177.0,174.0,175.0,172.0,146.0,124.0,141.0,114.0,138.0,169.0,161.0,181.0,230.0,222.0,180.0,199.0,200.0,118.0,123.0,63.0,57.0,92.0,110.0,85.0,102.0,93.0,104.0,107.0,63.0,94.0,117.0,82.0,67.0,96.0,97.0,98.0,113.0,110.0,92.0,114.0,79.0,70.0,84.0,88.0,100.0,133.0,128.0,158.0,187.0,102.0,126.0,94.0,112.0,79.0,113.0,96.0,127.0,157.0,163.0,165.0,154.0,164.0,144.0,139.0,133.0,133.0,133.0,117.0,135.0,185.0,158.0,168.0,203.0,181.0,158.0,184.0,125.0,126.0,158.0,85.0,134.0,165.0,160.0,156.0,199.0,112.0
394338,121,"Asheville, NC",msa,NC,68.0,86.0,93.0,107.0,92.0,82.0,99.0,96.0,92.0,86.0,68.0,92.0,75.0,89.0,104.0,87.0,107.0,93.0,88.0,99.0,92.0,78.0,98.0,105.0,81.0,97.0,123.0,97.0,89.0,121.0,133.0,128.0,118.0,152.0,132.0,127.0,109.0,106.0,129.0,154.0,112.0,119.0,115.0,92.0,106.0,84.0,89.0,135.0,108.0,91.0,151.0,108.0,108.0,132.0,118.0,126.0,149.0,102.0,103.0,116.0,78.0,80.0,119.0,119.0,130.0,97.0,118.0,104.0,126.0,99.0,93.0,116.0,86.0,81.0,94.0,89.0,138.0,127.0,124.0,103.0,88.0,88.0,82.0,110.0,95.0,58.0,103.0,113.0,94.0,101.0,89.0,97.0,107.0,79.0,62.0,96.0,47.0,49.0,96.0,83.0,79.0,87.0,74.0
395244,122,"York, PA",msa,PA,49.0,37.0,55.0,62.0,67.0,66.0,60.0,59.0,55.0,73.0,53.0,48.0,49.0,53.0,60.0,68.0,79.0,78.0,81.0,67.0,67.0,72.0,44.0,56.0,47.0,46.0,55.0,45.0,63.0,76.0,72.0,101.0,86.0,96.0,70.0,102.0,83.0,75.0,84.0,135.0,94.0,98.0,93.0,83.0,94.0,87.0,93.0,87.0,91.0,68.0,125.0,90.0,110.0,115.0,94.0,102.0,102.0,95.0,66.0,80.0,44.0,64.0,91.0,70.0,71.0,75.0,64.0,87.0,69.0,70.0,71.0,67.0,46.0,57.0,76.0,81.0,85.0,75.0,86.0,57.0,70.0,62.0,63.0,77.0,58.0,49.0,67.0,55.0,67.0,48.0,86.0,61.0,81.0,85.0,60.0,95.0,51.0,44.0,50.0,47.0,50.0,38.0,30.0
395183,123,"Vallejo, CA",msa,CA,47.0,44.0,53.0,52.0,54.0,55.0,55.0,65.0,63.0,59.0,84.0,64.0,31.0,54.0,60.0,67.0,74.0,67.0,59.0,58.0,50.0,76.0,98.0,122.0,52.0,61.0,67.0,55.0,61.0,84.0,85.0,58.0,61.0,71.0,53.0,83.0,37.0,55.0,98.0,64.0,81.0,100.0,70.0,81.0,98.0,66.0,69.0,98.0,74.0,79.0,104.0,78.0,90.0,84.0,81.0,79.0,75.0,67.0,84.0,106.0,51.0,60.0,100.0,81.0,61.0,113.0,58.0,62.0,53.0,52.0,62.0,57.0,34.0,41.0,46.0,65.0,47.0,63.0,62.0,51.0,67.0,44.0,62.0,57.0,39.0,40.0,47.0,35.0,36.0,38.0,34.0,27.0,25.0,33.0,24.0,38.0,11.0,,32.0,26.0,35.0,27.0,22.0
395050,125,"Salinas, CA",msa,CA,,,,,,,,,,,,,,,,,,,,,,,,,,,,,,,,,,,,,,,,,,,,,,,,,,,,,,,,,,,,,,,,,,,,,,,,,,,,,,,,,,,,,,,,,,,,,,,,,,,,,12.0,13.0,6.0
395048,126,"Salem, OR",msa,OR,53.0,70.0,63.0,69.0,58.0,80.0,83.0,64.0,75.0,57.0,51.0,48.0,48.0,55.0,73.0,106.0,90.0,99.0,103.0,92.0,92.0,81.0,62.0,90.0,67.0,72.0,82.0,87.0,73.0,85.0,118.0,91.0,100.0,108.0,120.0,123.0,62.0,92.0,98.0,93.0,87.0,160.0,128.0,145.0,120.0,100.0,98.0,102.0,71.0,63.0,96.0,133.0,151.0,107.0,69.0,68.0,82.0,76.0,85.0,92.0,70.0,70.0,74.0,56.0,76.0,114.0,69.0,84.0,99.0,58.0,87.0,69.0,77.0,84.0,92.0,102.0,82.0,76.0,77.0,72.0,79.0,65.0,75.0,76.0,49.0,57.0,79.0,55.0,68.0,57.0,64.0,65.0,68.0,68.0,45.0,39.0,21.0,50.0,59.0,38.0,65.0,42.0,33.0
394870,127,"Mobile, AL",msa,AL,8.0,7.0,12.0,14.0,26.0,50.0,49.0,36.0,20.0,24.0,21.0,25.0,18.0,28.0,35.0,41.0,49.0,39.0,46.0,47.0,31.0,21.0,20.0,24.0,26.0,41.0,49.0,55.0,37.0,42.0,43.0,39.0,35.0,34.0,33.0,38.0,22.0,38.0,32.0,50.0,38.0,34.0,29.0,30.0,24.0,27.0,37.0,32.0,42.0,59.0,70.0,61.0,74.0,57.0,49.0,36.0,49.0,35.0,30.0,29.0,31.0,28.0,55.0,47.0,55.0,64.0,44.0,51.0,60.0,29.0,30.0,44.0,24.0,44.0,47.0,58.0,56.0,56.0,36.0,50.0,40.0,45.0,47.0,47.0,25.0,44.0,57.0,38.0,62.0,40.0,41.0,48.0,37.0,43.0,31.0,45.0,43.0,49.0,62.0,52.0,59.0,82.0,49.0
395015,128,"Reading, PA",msa,PA,20.0,16.0,23.0,18.0,15.0,15.0,25.0,29.0,23.0,17.0,17.0,10.0,15.0,12.0,15.0,21.0,26.0,16.0,22.0,23.0,22.0,22.0,20.0,17.0,17.0,12.0,21.0,9.0,12.0,17.0,27.0,16.0,26.0,31.0,20.0,29.0,16.0,25.0,38.0,34.0,41.0,30.0,36.0,25.0,20.0,35.0,21.0,30.0,23.0,19.0,25.0,27.0,20.0,29.0,33.0,20.0,28.0,35.0,22.0,25.0,23.0,10.0,25.0,27.0,22.0,32.0,33.0,18.0,15.0,23.0,12.0,26.0,11.0,16.0,22.0,17.0,15.0,15.0,10.0,12.0,24.0,16.0,13.0,12.0,7.0,8.0,9.0,19.0,11.0,13.0,14.0,15.0,12.0,9.0,10.0,13.0,8.0,8.0,12.0,19.0,11.0,11.0,15.0
394502,129,"Corpus Christi, TX",msa,TX,55.0,56.0,82.0,67.0,85.0,90.0,88.0,88.0,72.0,73.0,71.0,83.0,57.0,62.0,79.0,87.0,79.0,92.0,79.0,72.0,56.0,77.0,54.0,55.0,40.0,53.0,80.0,65.0,72.0,89.0,99.0,74.0,77.0,85.0,71.0,101.0,44.0,40.0,79.0,58.0,80.0,77.0,58.0,59.0,41.0,47.0,30.0,56.0,46.0,49.0,68.0,62.0,63.0,55.0,61.0,72.0,58.0,55.0,45.0,67.0,47.0,61.0,71.0,59.0,69.0,61.0,51.0,52.0,38.0,47.0,56.0,43.0,41.0,49.0,62.0,61.0,65.0,53.0,41.0,61.0,63.0,64.0,64.0,77.0,40.0,84.0,73.0,72.0,116.0,75.0,90.0,111.0,67.0,71.0,86.0,74.0,49.0,79.0,76.0,65.0,96.0,69.0,57.0
394421,130,"Brownsville, TX",msa,TX,13.0,18.0,28.0,30.0,35.0,29.0,22.0,23.0,24.0,30.0,34.0,23.0,28.0,28.0,34.0,28.0,41.0,38.0,30.0,26.0,32.0,27.0,23.0,23.0,23.0,24.0,29.0,36.0,34.0,30.0,45.0,29.0,20.0,42.0,34.0,37.0,19.0,20.0,37.0,36.0,44.0,28.0,21.0,22.0,19.0,24.0,27.0,30.0,17.0,27.0,33.0,48.0,28.0,29.0,28.0,31.0,25.0,27.0,28.0,26.0,23.0,20.0,31.0,27.0,46.0,43.0,31.0,26.0,12.0,23.0,35.0,30.0,20.0,37.0,41.0,40.0,47.0,44.0,37.0,43.0,40.0,40.0,33.0,35.0,20.0,26.0,32.0,33.0,32.0,36.0,38.0,28.0,19.0,33.0,18.0,32.0,16.0,12.0,14.0,16.0,22.0,20.0,18.0
394820,131,"Manchester, NH",msa,NH,51.0,32.0,57.0,78.0,78.0,61.0,74.0,59.0,56.0,48.0,28.0,40.0,30.0,32.0,39.0,50.0,53.0,50.0,39.0,49.0,50.0,49.0,49.0,58.0,50.0,31.0,60.0,63.0,59.0,70.0,92.0,85.0,77.0,70.0,74.0,97.0,68.0,53.0,52.0,62.0,35.0,60.0,51.0,48.0,44.0,43.0,44.0,47.0,38.0,39.0,63.0,34.0,44.0,49.0,45.0,46.0,43.0,48.0,35.0,44.0,24.0,39.0,38.0,21.0,39.0,37.0,17.0,41.0,37.0,27.0,45.0,33.0,30.0,29.0,36.0,24.0,41.0,30.0,27.0,41.0,27.0,29.0,24.0,19.0,18.0,11.0,25.0,24.0,19.0,29.0,26.0,33.0,22.0,25.0,17.0,16.0,16.0,24.0,17.0,30.0,36.0,35.0,29.0
394612,132,"Fort Wayne, IN",msa,IN,41.0,32.0,59.0,43.0,72.0,67.0,39.0,72.0,51.0,57.0,55.0,37.0,23.0,28.0,50.0,28.0,76.0,56.0,58.0,65.0,69.0,62.0,51.0,63.0,43.0,44.0,52.0,51.0,71.0,88.0,107.0,76.0,94.0,66.0,73.0,76.0,45.0,75.0,87.0,71.0,94.0,64.0,69.0,58.0,59.0,62.0,57.0,79.0,49.0,69.0,100.0,79.0,107.0,61.0,51.0,55.0,57.0,54.0,63.0,53.0,22.0,52.0,90.0,67.0,88.0,71.0,65.0,71.0,69.0,55.0,48.0,45.0,43.0,44.0,78.0,52.0,72.0,71.0,53.0,52.0,57.0,61.0,46.0,50.0,50.0,45.0,68.0,51.0,58.0,60.0,41.0,61.0,55.0,55.0,54.0,59.0,29.0,42.0,57.0,62.0,63.0,70.0,60.0
394658,133,"Gulfport, MS",msa,MS,44.0,69.0,78.0,68.0,82.0,88.0,72.0,78.0,80.0,74.0,63.0,80.0,61.0,80.0,85.0,90.0,116.0,95.0,89.0,88.0,95.0,86.0,70.0,78.0,49.0,56.0,93.0,69.0,92.0,102.0,113.0,106.0,108.0,98.0,110.0,105.0,66.0,81.0,92.0,95.0,103.0,89.0,90.0,86.0,99.0,70.0,83.0,90.0,92.0,97.0,101.0,91.0,131.0,105.0,85.0,70.0,121.0,97.0,82.0,73.0,57.0,71.0,86.0,95.0,108.0,111.0,82.0,97.0,128.0,119.0,96.0,115.0,82.0,89.0,109.0,110.0,127.0,119.0,116.0,131.0,116.0,118.0,94.0,106.0,89.0,97.0,117.0,105.0,95.0,125.0,104.0,107.0,97.0,98.0,76.0,99.0,79.0,98.0,98.0,114.0,101.0,105.0,109.0
395051,134,"Salisbury, MD",msa,DE,248.0,216.0,201.0,212.0,166.0,202.0,198.0,288.0,250.0,280.0,263.0,263.0,226.0,239.0,293.0,294.0,299.0,287.0,310.0,294.0,261.0,253.0,250.0,336.0,305.0,265.0,299.0,256.0,299.0,377.0,364.0,389.0,380.0,377.0,378.0,399.0,308.0,373.0,410.0,376.0,412.0,362.0,350.0,378.0,356.0,317.0,344.0,281.0,273.0,283.0,367.0,317.0,307.0,250.0,257.0,288.0,237.0,203.0,238.0,258.0,201.0,234.0,315.0,243.0,246.0,257.0,205.0,246.0,251.0,242.0,286.0,203.0,210.0,203.0,220.0,233.0,294.0,227.0,232.0,239.0,207.0,287.0,251.0,258.0,147.0,172.0,229.0,237.0,233.0,211.0,151.0,194.0,146.0,176.0,153.0,177.0,116.0,88.0,123.0,136.0,119.0,154.0,108.0
394596,135,"Flint, MI",msa,MI,26.0,30.0,31.0,28.0,15.0,28.0,16.0,22.0,33.0,22.0,17.0,25.0,18.0,23.0,40.0,24.0,30.0,23.0,19.0,15.0,20.0,23.0,23.0,23.0,24.0,14.0,16.0,14.0,14.0,23.0,30.0,19.0,31.0,31.0,28.0,30.0,28.0,21.0,48.0,38.0,33.0,32.0,19.0,18.0,19.0,22.0,14.0,21.0,29.0,14.0,18.0,15.0,29.0,14.0,10.0,18.0,14.0,9.0,17.0,9.0,6.0,21.0,23.0,17.0,17.0,21.0,13.0,14.0,23.0,18.0,21.0,26.0,13.0,14.0,25.0,26.0,29.0,18.0,18.0,12.0,17.0,17.0,11.0,19.0,6.0,16.0,21.0,12.0,24.0,18.0,19.0,21.0,15.0,15.0,16.0,16.0,13.0,17.0,14.0,17.0,19.0,36.0,18.0
395070,138,"Savannah, GA",msa,GA,107.0,136.0,154.0,193.0,199.0,221.0,201.0,187.0,158.0,169.0,136.0,134.0,101.0,121.0,184.0,165.0,201.0,188.0,180.0,161.0,139.0,165.0,137.0,140.0,148.0,152.0,199.0,145.0,152.0,204.0,232.0,220.0,154.0,183.0,115.0,170.0,133.0,133.0,202.0,226.0,166.0,196.0,188.0,179.0,217.0,209.0,191.0,230.0,181.0,184.0,259.0,190.0,199.0,243.0,151.0,190.0,228.0,205.0,149.0,186.0,123.0,178.0,185.0,164.0,234.0,240.0,195.0,241.0,169.0,189.0,164.0,191.0,153.0,174.0,162.0,195.0,197.0,181.0,173.0,176.0,183.0,158.0,190.0,179.0,107.0,164.0,161.0,137.0,174.0,202.0,156.0,117.0,139.0,131.0,114.0,116.0,80.0,90.0,116.0,107.0,129.0,140.0,158.0
394327,139,"Anchorage, AK",msa,AK,31.0,37.0,50.0,47.0,70.0,57.0,59.0,57.0,42.0,62.0,36.0,48.0,41.0,43.0,55.0,56.0,50.0,54.0,66.0,57.0,59.0,55.0,57.0,55.0,33.0,24.0,40.0,40.0,42.0,40.0,63.0,48.0,43.0,44.0,33.0,54.0,29.0,35.0,63.0,44.0,52.0,43.0,38.0,34.0,47.0,37.0,41.0,58.0,30.0,43.0,60.0,48.0,38.0,39.0,47.0,34.0,21.0,43.0,30.0,31.0,25.0,28.0,50.0,37.0,46.0,46.0,22.0,50.0,38.0,36.0,42.0,26.0,31.0,33.0,39.0,26.0,52.0,38.0,35.0,34.0,30.0,39.0,37.0,32.0,33.0,31.0,38.0,44.0,46.0,44.0,55.0,42.0,35.0,35.0,30.0,46.0,20.0,25.0,31.0,29.0,38.0,46.0,39.0
394372,140,"Beaumont, TX",msa,TX,22.0,26.0,23.0,25.0,26.0,25.0,33.0,33.0,33.0,28.0,25.0,20.0,25.0,29.0,25.0,42.0,31.0,28.0,25.0,45.0,16.0,31.0,28.0,34.0,26.0,37.0,25.0,20.0,29.0,32.0,36.0,44.0,32.0,28.0,25.0,33.0,23.0,9.0,27.0,24.0,16.0,25.0,31.0,31.0,22.0,18.0,39.0,40.0,27.0,29.0,60.0,43.0,48.0,43.0,28.0,33.0,38.0,27.0,33.0,23.0,18.0,26.0,43.0,34.0,43.0,42.0,34.0,40.0,28.0,18.0,28.0,38.0,23.0,28.0,24.0,38.0,34.0,30.0,26.0,24.0,34.0,40.0,18.0,34.0,23.0,16.0,33.0,33.0,28.0,25.0,29.0,24.0,32.0,34.0,27.0,26.0,15.0,23.0,45.0,33.0,35.0,35.0,41.0
395096,141,"Shreveport, LA",msa,LA,36.0,34.0,40.0,75.0,62.0,67.0,60.0,65.0,37.0,53.0,46.0,42.0,43.0,51.0,50.0,58.0,52.0,74.0,64.0,74.0,51.0,55.0,48.0,49.0,41.0,43.0,73.0,61.0,44.0,67.0,78.0,66.0,81.0,73.0,71.0,49.0,34.0,44.0,79.0,52.0,59.0,60.0,56.0,45.0,37.0,45.0,50.0,48.0,44.0,34.0,54.0,60.0,70.0,69.0,53.0,58.0,41.0,50.0,38.0,35.0,29.0,39.0,71.0,40.0,39.0,36.0,34.0,42.0,37.0,53.0,33.0,45.0,29.0,31.0,46.0,38.0,56.0,45.0,50.0,32.0,34.0,41.0,45.0,37.0,38.0,27.0,44.0,37.0,61.0,51.0,53.0,47.0,42.0,44.0,23.0,55.0,24.0,25.0,50.0,53.0,35.0,48.0,55.0
395164,142,"Trenton, NJ",msa,NJ,,,,,,,,,,,,,,,,,,,,,,,,,,,,,,,,,,,,,,,,,,,,,,,,,,,,,,,,,,,,,,,,,,15.0,9.0,9.0,11.0,28.0,21.0,,14.0,21.0,18.0,11.0,16.0,12.0,21.0,19.0,18.0,41.0,21.0,19.0,23.0,21.0,23.0,23.0,20.0,38.0,19.0,25.0,20.0,24.0,26.0,14.0,14.0,33.0,11.0,28.0,49.0,11.0,29.0
394875,143,"Montgomery, AL",msa,AL,58.0,53.0,111.0,88.0,79.0,72.0,73.0,65.0,54.0,56.0,47.0,55.0,45.0,69.0,78.0,67.0,103.0,92.0,87.0,72.0,62.0,70.0,85.0,63.0,58.0,70.0,84.0,58.0,80.0,120.0,131.0,82.0,99.0,88.0,85.0,100.0,77.0,67.0,111.0,101.0,88.0,79.0,106.0,69.0,51.0,60.0,69.0,83.0,95.0,99.0,95.0,116.0,120.0,99.0,87.0,87.0,76.0,73.0,76.0,70.0,33.0,38.0,58.0,66.0,80.0,79.0,74.0,65.0,46.0,52.0,58.0,66.0,41.0,63.0,73.0,63.0,76.0,97.0,72.0,77.0,74.0,55.0,66.0,90.0,57.0,64.0,74.0,79.0,88.0,97.0,99.0,68.0,92.0,69.0,72.0,67.0,53.0,52.0,71.0,69.0,85.0,88.0,83.0
394520,144,"Davenport, IA",msa,IL,17.0,22.0,26.0,26.0,37.0,38.0,21.0,27.0,15.0,28.0,21.0,18.0,18.0,20.0,23.0,23.0,20.0,36.0,29.0,26.0,27.0,28.0,18.0,20.0,23.0,22.0,15.0,18.0,36.0,30.0,35.0,32.0,23.0,28.0,18.0,26.0,15.0,17.0,17.0,29.0,27.0,24.0,25.0,33.0,26.0,22.0,31.0,24.0,18.0,16.0,20.0,21.0,23.0,26.0,16.0,25.0,11.0,15.0,14.0,23.0,9.0,17.0,23.0,22.0,28.0,35.0,16.0,20.0,15.0,18.0,23.0,21.0,18.0,15.0,17.0,26.0,16.0,24.0,18.0,14.0,13.0,14.0,21.0,12.0,18.0,16.0,12.0,16.0,22.0,21.0,8.0,11.0,19.0,18.0,17.0,12.0,10.0,14.0,13.0,13.0,17.0,14.0,12.0
395146,145,"Tallahassee, FL",msa,FL,53.0,45.0,70.0,74.0,58.0,73.0,57.0,70.0,41.0,44.0,54.0,34.0,41.0,56.0,55.0,62.0,77.0,71.0,61.0,53.0,59.0,58.0,47.0,57.0,71.0,48.0,81.0,59.0,94.0,81.0,112.0,89.0,94.0,79.0,66.0,107.0,76.0,86.0,122.0,93.0,98.0,96.0,81.0,79.0,83.0,64.0,72.0,95.0,86.0,97.0,100.0,91.0,105.0,89.0,79.0,91.0,87.0,73.0,60.0,61.0,60.0,61.0,90.0,86.0,96.0,80.0,96.0,77.0,91.0,71.0,88.0,67.0,41.0,74.0,70.0,90.0,97.0,119.0,94.0,78.0,89.0,88.0,62.0,84.0,59.0,57.0,100.0,68.0,61.0,79.0,68.0,72.0,70.0,54.0,56.0,74.0,37.0,50.0,71.0,64.0,54.0,62.0,45.0
394576,146,"Eugene, OR",msa,OR,36.0,31.0,41.0,42.0,38.0,42.0,49.0,50.0,29.0,29.0,32.0,28.0,27.0,30.0,38.0,31.0,52.0,30.0,46.0,55.0,29.0,34.0,22.0,21.0,28.0,15.0,22.0,20.0,23.0,31.0,35.0,35.0,25.0,31.0,27.0,30.0,24.0,28.0,34.0,40.0,41.0,43.0,52.0,37.0,47.0,26.0,23.0,40.0,37.0,22.0,35.0,26.0,36.0,40.0,29.0,48.0,40.0,32.0,29.0,25.0,15.0,31.0,32.0,31.0,34.0,29.0,23.0,37.0,49.0,21.0,35.0,19.0,27.0,29.0,45.0,30.0,35.0,47.0,35.0,35.0,25.0,22.0,34.0,27.0,14.0,26.0,36.0,24.0,28.0,41.0,27.0,40.0,48.0,35.0,27.0,28.0,17.0,35.0,31.0,36.0,23.0,26.0,13.0
394901,147,"Naples, FL",msa,FL,236.0,195.0,215.0,183.0,237.0,246.0,192.0,205.0,194.0,213.0,225.0,228.0,170.0,158.0,251.0,191.0,284.0,248.0,269.0,209.0,207.0,227.0,222.0,306.0,236.0,218.0,293.0,214.0,226.0,278.0,275.0,345.0,256.0,267.0,230.0,286.0,156.0,216.0,305.0,230.0,247.0,262.0,207.0,203.0,197.0,201.0,211.0,275.0,197.0,168.0,242.0,185.0,209.0,202.0,172.0,191.0,142.0,178.0,161.0,217.0,135.0,163.0,246.0,201.0,235.0,201.0,152.0,195.0,129.0,160.0,161.0,186.0,110.0,150.0,155.0,154.0,165.0,111.0,95.0,104.0,124.0,113.0,78.0,99.0,73.0,71.0,96.0,103.0,104.0,94.0,94.0,65.0,68.0,91.0,66.0,112.0,31.0,57.0,65.0,76.0,92.0,70.0,78.0
394332,148,"Ann Arbor, MI",msa,MI,33.0,30.0,35.0,30.0,36.0,39.0,43.0,28.0,35.0,46.0,44.0,36.0,18.0,28.0,24.0,28.0,26.0,37.0,29.0,34.0,35.0,32.0,19.0,21.0,14.0,17.0,17.0,17.0,19.0,25.0,30.0,29.0,38.0,34.0,44.0,44.0,39.0,34.0,41.0,43.0,36.0,45.0,43.0,53.0,37.0,53.0,50.0,57.0,41.0,34.0,43.0,37.0,32.0,48.0,47.0,32.0,36.0,36.0,42.0,47.0,23.0,36.0,61.0,28.0,33.0,27.0,32.0,38.0,30.0,22.0,31.0,25.0,16.0,18.0,35.0,25.0,40.0,22.0,42.0,39.0,26.0,30.0,42.0,38.0,33.0,35.0,19.0,42.0,37.0,42.0,43.0,30.0,43.0,14.0,21.0,39.0,23.0,28.0,35.0,40.0,31.0,42.0,36.0
394927,149,"Ocala, FL",msa,FL,125.0,124.0,134.0,146.0,180.0,143.0,150.0,127.0,133.0,122.0,128.0,170.0,119.0,163.0,192.0,188.0,200.0,224.0,177.0,186.0,155.0,187.0,166.0,214.0,213.0,193.0,251.0,182.0,212.0,256.0,278.0,234.0,232.0,250.0,207.0,287.0,271.0,240.0,345.0,284.0,245.0,259.0,222.0,225.0,249.0,165.0,252.0,299.0,328.0,288.0,380.0,284.0,302.0,346.0,235.0,317.0,273.0,293.0,279.0,394.0,313.0,366.0,501.0,468.0,506.0,513.0,444.0,470.0,426.0,420.0,341.0,389.0,312.0,409.0,441.0,416.0,477.0,373.0,407.0,392.0,326.0,317.0,309.0,320.0,247.0,262.0,406.0,351.0,414.0,376.0,352.0,363.0,348.0,329.0,282.0,385.0,231.0,309.0,411.0,337.0,386.0,403.0,352.0
394679,150,"Hickory, NC",msa,NC,22.0,24.0,34.0,28.0,31.0,40.0,20.0,37.0,34.0,28.0,24.0,34.0,26.0,24.0,46.0,37.0,47.0,46.0,35.0,21.0,33.0,31.0,32.0,25.0,24.0,29.0,40.0,23.0,33.0,36.0,45.0,36.0,46.0,45.0,33.0,27.0,29.0,28.0,35.0,32.0,31.0,41.0,40.0,44.0,15.0,29.0,29.0,23.0,28.0,29.0,63.0,74.0,55.0,33.0,32.0,39.0,41.0,56.0,39.0,74.0,67.0,53.0,59.0,66.0,73.0,85.0,60.0,124.0,89.0,103.0,76.0,75.0,46.0,71.0,90.0,101.0,78.0,70.0,68.0,85.0,69.0,90.0,92.0,111.0,69.0,91.0,99.0,67.0,94.0,91.0,77.0,115.0,112.0,89.0,74.0,100.0,43.0,69.0,77.0,60.0,65.0,88.0,64.0
394602,152,"Fort Collins, CO",msa,CO,99.0,113.0,142.0,153.0,215.0,211.0,154.0,162.0,126.0,122.0,144.0,149.0,88.0,105.0,157.0,143.0,190.0,150.0,151.0,133.0,124.0,147.0,137.0,182.0,99.0,146.0,190.0,178.0,146.0,230.0,258.0,190.0,179.0,171.0,161.0,182.0,150.0,170.0,259.0,224.0,229.0,267.0,159.0,181.0,123.0,172.0,186.0,199.0,148.0,128.0,181.0,152.0,165.0,226.0,154.0,146.0,147.0,123.0,104.0,122.0,75.0,108.0,156.0,148.0,129.0,118.0,97.0,109.0,78.0,101.0,77.0,96.0,48.0,96.0,104.0,107.0,109.0,106.0,88.0,78.0,74.0,78.0,66.0,108.0,49.0,70.0,92.0,112.0,81.0,102.0,82.0,74.0,75.0,70.0,54.0,73.0,49.0,78.0,89.0,76.0,74.0,78.0,76.0
395033,153,"Rockford, IL",msa,IL,,,,,,,,,,,,,,,,,,,,,,,,,,,,,,,,,,,,,,,,,,,,,,,,,,,,,,,,,,,,,,,,,,,,,,,,,,,,,,,,,,,,,,,,,,,,,,,,,,,14.0,9.0,23.0,19.0,23.0
394796,154,"Lincoln, NE",msa,NE,110.0,87.0,110.0,115.0,106.0,123.0,96.0,106.0,83.0,94.0,59.0,57.0,57.0,48.0,86.0,87.0,90.0,71.0,64.0,93.0,60.0,71.0,64.0,63.0,69.0,62.0,73.0,69.0,120.0,105.0,115.0,102.0,108.0,105.0,72.0,65.0,66.0,72.0,90.0,87.0,97.0,75.0,97.0,73.0,66.0,80.0,68.0,84.0,78.0,79.0,98.0,112.0,101.0,84.0,74.0,79.0,68.0,67.0,46.0,61.0,53.0,49.0,76.0,74.0,81.0,77.0,67.0,68.0,50.0,35.0,38.0,38.0,55.0,41.0,64.0,41.0,67.0,69.0,65.0,49.0,41.0,42.0,36.0,60.0,41.0,31.0,40.0,63.0,60.0,59.0,53.0,44.0,49.0,43.0,40.0,42.0,29.0,38.0,47.0,47.0,65.0,75.0,72.0
394622,155,"Gainesville, FL",msa,FL,48.0,36.0,73.0,40.0,63.0,64.0,41.0,34.0,32.0,34.0,58.0,39.0,44.0,49.0,61.0,61.0,61.0,66.0,63.0,51.0,50.0,42.0,71.0,59.0,56.0,60.0,63.0,71.0,82.0,86.0,96.0,50.0,55.0,60.0,48.0,92.0,65.0,57.0,119.0,92.0,76.0,108.0,74.0,51.0,85.0,60.0,74.0,82.0,68.0,67.0,99.0,82.0,91.0,86.0,100.0,99.0,67.0,86.0,64.0,80.0,64.0,63.0,71.0,77.0,100.0,114.0,112.0,72.0,59.0,56.0,68.0,74.0,55.0,61.0,82.0,84.0,85.0,98.0,74.0,59.0,62.0,49.0,60.0,72.0,48.0,52.0,80.0,59.0,86.0,88.0,74.0,57.0,59.0,64.0,64.0,68.0,40.0,47.0,75.0,70.0,66.0,80.0,64.0
394405,156,"Boulder, CO",msa,CO,86.0,71.0,90.0,72.0,80.0,99.0,69.0,93.0,72.0,82.0,105.0,107.0,66.0,70.0,98.0,100.0,128.0,93.0,110.0,107.0,95.0,86.0,79.0,110.0,60.0,70.0,126.0,57.0,81.0,81.0,89.0,82.0,81.0,89.0,57.0,84.0,52.0,54.0,63.0,74.0,53.0,71.0,55.0,62.0,93.0,73.0,69.0,47.0,36.0,38.0,35.0,33.0,29.0,48.0,28.0,58.0,51.0,37.0,29.0,29.0,22.0,12.0,36.0,32.0,42.0,37.0,36.0,35.0,41.0,82.0,89.0,78.0,69.0,73.0,68.0,63.0,79.0,58.0,42.0,67.0,62.0,58.0,39.0,68.0,33.0,41.0,67.0,47.0,47.0,44.0,22.0,32.0,48.0,38.0,19.0,43.0,16.0,18.0,46.0,32.0,39.0,31.0,26.0
394646,157,"Green Bay, WI",msa,WI,13.0,25.0,28.0,34.0,31.0,44.0,11.0,21.0,14.0,27.0,19.0,14.0,13.0,20.0,28.0,26.0,39.0,27.0,22.0,18.0,12.0,19.0,16.0,20.0,17.0,21.0,22.0,31.0,41.0,57.0,50.0,34.0,35.0,46.0,20.0,25.0,21.0,24.0,34.0,39.0,31.0,44.0,37.0,29.0,26.0,41.0,17.0,22.0,26.0,26.0,35.0,48.0,28.0,26.0,19.0,17.0,18.0,13.0,21.0,14.0,9.0,21.0,27.0,30.0,38.0,12.0,13.0,18.0,27.0,23.0,26.0,20.0,19.0,15.0,37.0,30.0,41.0,36.0,37.0,29.0,32.0,22.0,22.0,41.0,19.0,19.0,27.0,30.0,37.0,33.0,22.0,34.0,32.0,35.0,26.0,35.0,25.0,16.0,36.0,34.0,38.0,39.0,34.0
394488,158,"Columbus, GA",msa,GA,20.0,25.0,41.0,33.0,40.0,25.0,35.0,32.0,33.0,29.0,23.0,34.0,21.0,33.0,41.0,46.0,32.0,59.0,58.0,50.0,33.0,26.0,29.0,35.0,22.0,31.0,37.0,46.0,38.0,53.0,50.0,39.0,49.0,38.0,22.0,25.0,11.0,19.0,26.0,39.0,27.0,33.0,24.0,26.0,36.0,27.0,32.0,51.0,18.0,20.0,28.0,25.0,35.0,31.0,34.0,38.0,26.0,15.0,26.0,20.0,21.0,21.0,29.0,18.0,38.0,24.0,44.0,37.0,31.0,34.0,29.0,29.0,26.0,37.0,35.0,33.0,34.0,30.0,37.0,32.0,36.0,31.0,20.0,28.0,26.0,35.0,34.0,39.0,43.0,35.0,28.0,38.0,29.0,41.0,26.0,30.0,31.0,23.0,44.0,47.0,38.0,57.0,50.0
395107,159,"South Bend, IN",msa,IN,12.0,13.0,15.0,14.0,18.0,10.0,23.0,24.0,10.0,24.0,22.0,14.0,16.0,9.0,20.0,16.0,20.0,13.0,12.0,26.0,16.0,15.0,10.0,24.0,20.0,15.0,17.0,19.0,9.0,30.0,22.0,14.0,16.0,20.0,17.0,29.0,14.0,16.0,20.0,16.0,23.0,38.0,20.0,19.0,19.0,13.0,16.0,10.0,9.0,14.0,6.0,7.0,18.0,24.0,16.0,27.0,14.0,16.0,13.0,9.0,9.0,10.0,15.0,20.0,28.0,15.0,29.0,20.0,10.0,19.0,11.0,15.0,8.0,18.0,20.0,10.0,17.0,15.0,25.0,19.0,15.0,9.0,18.0,14.0,10.0,7.0,14.0,9.0,14.0,12.0,16.0,15.0,12.0,11.0,13.0,10.0,6.0,11.0,9.0,8.0,27.0,21.0,17.0
395109,160,"Spartanburg, SC",msa,SC,175.0,162.0,199.0,196.0,192.0,210.0,209.0,197.0,187.0,145.0,143.0,177.0,168.0,201.0,232.0,214.0,237.0,271.0,251.0,260.0,208.0,209.0,195.0,209.0,211.0,217.0,260.0,229.0,247.0,296.0,356.0,274.0,269.0,257.0,209.0,275.0,234.0,262.0,352.0,341.0,280.0,318.0,280.0,324.0,349.0,286.0,268.0,379.0,280.0,288.0,346.0,348.0,283.0,324.0,294.0,324.0,395.0,230.0,273.0,349.0,188.0,222.0,371.0,246.0,298.0,338.0,243.0,347.0,328.0,285.0,266.0,307.0,216.0,322.0,340.0,306.0,368.0,327.0,343.0,395.0,352.0,358.0,408.0,384.0,266.0,262.0,417.0,435.0,492.0,460.0,367.0,351.0,398.0,263.0,267.0,428.0,232.0,270.0,342.0,367.0,359.0,336.0,303.0
394645,161,"Greeley, CO",msa,CO,140.0,207.0,257.0,236.0,283.0,247.0,242.0,243.0,239.0,245.0,227.0,254.0,178.0,198.0,261.0,243.0,306.0,288.0,286.0,271.0,304.0,294.0,230.0,312.0,187.0,206.0,266.0,194.0,223.0,319.0,323.0,332.0,341.0,316.0,321.0,428.0,282.0,291.0,425.0,329.0,361.0,337.0,354.0,332.0,372.0,260.0,317.0,421.0,253.0,315.0,329.0,282.0,256.0,259.0,150.0,184.0,230.0,186.0,191.0,205.0,158.0,218.0,263.0,219.0,223.0,209.0,208.0,208.0,177.0,154.0,140.0,148.0,102.0,176.0,170.0,159.0,178.0,164.0,173.0,191.0,176.0,163.0,166.0,228.0,110.0,179.0,210.0,213.0,235.0,164.0,136.0,146.0,159.0,105.0,119.0,154.0,69.0,104.0,146.0,132.0,124.0,131.0,73.0
394808,162,"Lubbock, TX",msa,TX,69.0,70.0,88.0,97.0,107.0,122.0,106.0,122.0,92.0,86.0,74.0,82.0,66.0,87.0,88.0,98.0,77.0,67.0,78.0,74.0,54.0,73.0,55.0,61.0,37.0,52.0,86.0,72.0,77.0,98.0,134.0,120.0,110.0,111.0,130.0,173.0,91.0,98.0,120.0,99.0,105.0,103.0,107.0,98.0,99.0,78.0,93.0,96.0,105.0,122.0,147.0,107.0,104.0,112.0,88.0,132.0,119.0,106.0,78.0,90.0,78.0,81.0,147.0,110.0,143.0,131.0,103.0,111.0,85.0,100.0,111.0,107.0,95.0,107.0,134.0,149.0,118.0,110.0,92.0,125.0,90.0,92.0,94.0,122.0,90.0,130.0,161.0,106.0,118.0,123.0,99.0,110.0,79.0,95.0,77.0,163.0,90.0,107.0,129.0,139.0,143.0,155.0,123.0
394471,163,"Clarksville, TN",msa,TN,166.0,178.0,205.0,265.0,224.0,244.0,202.0,220.0,177.0,209.0,152.0,149.0,153.0,185.0,217.0,248.0,243.0,268.0,275.0,211.0,223.0,265.0,223.0,243.0,233.0,226.0,297.0,313.0,316.0,359.0,421.0,426.0,382.0,401.0,395.0,393.0,328.0,331.0,485.0,378.0,375.0,390.0,451.0,472.0,400.0,318.0,289.0,355.0,302.0,374.0,538.0,412.0,361.0,408.0,255.0,189.0,105.0,72.0,65.0,103.0,57.0,90.0,106.0,139.0,246.0,276.0,217.0,228.0,166.0,192.0,132.0,172.0,112.0,131.0,180.0,153.0,224.0,156.0,132.0,127.0,117.0,116.0,131.0,151.0,91.0,128.0,144.0,143.0,160.0,171.0,157.0,173.0,112.0,160.0,129.0,152.0,89.0,119.0,102.0,124.0,171.0,126.0,135.0
395028,164,"Roanoke, VA",msa,VA,22.0,22.0,18.0,21.0,30.0,20.0,21.0,15.0,18.0,25.0,22.0,15.0,23.0,25.0,24.0,26.0,32.0,20.0,28.0,27.0,18.0,28.0,13.0,15.0,20.0,17.0,25.0,23.0,26.0,33.0,38.0,28.0,26.0,27.0,18.0,37.0,30.0,26.0,26.0,39.0,29.0,26.0,22.0,23.0,16.0,19.0,14.0,24.0,22.0,16.0,32.0,29.0,26.0,38.0,23.0,19.0,18.0,22.0,18.0,15.0,18.0,14.0,10.0,16.0,35.0,23.0,16.0,21.0,15.0,15.0,20.0,14.0,15.0,19.0,26.0,24.0,14.0,16.0,25.0,27.0,18.0,22.0,15.0,28.0,16.0,13.0,13.0,14.0,18.0,13.0,20.0,21.0,19.0,24.0,13.0,35.0,12.0,14.0,14.0,25.0,26.0,16.0,21.0
394579,165,"Evansville, IN",msa,IN,23.0,28.0,27.0,21.0,34.0,20.0,27.0,30.0,19.0,38.0,24.0,28.0,24.0,20.0,33.0,32.0,33.0,22.0,18.0,38.0,25.0,26.0,30.0,25.0,21.0,20.0,25.0,39.0,22.0,33.0,43.0,26.0,31.0,30.0,28.0,36.0,29.0,29.0,36.0,34.0,38.0,26.0,42.0,32.0,29.0,39.0,24.0,42.0,18.0,23.0,27.0,27.0,33.0,34.0,43.0,32.0,29.0,30.0,21.0,27.0,13.0,17.0,36.0,22.0,32.0,21.0,21.0,34.0,28.0,24.0,13.0,21.0,15.0,22.0,24.0,20.0,23.0,21.0,19.0,21.0,23.0,18.0,24.0,21.0,15.0,9.0,21.0,20.0,30.0,28.0,17.0,27.0,28.0,21.0,6.0,11.0,5.0,19.0,18.0,28.0,18.0,15.0,9.0
394747,167,"Kingsport, TN",msa,TN,,,,,,,,,,,,,,,,,,,,,,,,,13.0,14.0,23.0,19.0,22.0,33.0,15.0,16.0,29.0,17.0,19.0,33.0,22.0,13.0,25.0,23.0,20.0,21.0,15.0,33.0,27.0,19.0,15.0,26.0,21.0,25.0,37.0,29.0,22.0,25.0,22.0,14.0,39.0,15.0,14.0,30.0,16.0,25.0,33.0,27.0,33.0,72.0,48.0,64.0,45.0,36.0,51.0,32.0,14.0,42.0,32.0,50.0,32.0,31.0,34.0,20.0,28.0,33.0,23.0,28.0,33.0,28.0,26.0,22.0,36.0,31.0,23.0,21.0,30.0,24.0,17.0,20.0,18.0,15.0,37.0,25.0,26.0,25.0,25.0
394741,168,"Kennewick, WA",msa,WA,107.0,93.0,134.0,92.0,94.0,91.0,101.0,111.0,88.0,88.0,87.0,56.0,92.0,88.0,100.0,118.0,128.0,120.0,108.0,121.0,93.0,103.0,81.0,78.0,133.0,114.0,135.0,88.0,96.0,108.0,138.0,118.0,119.0,160.0,112.0,138.0,140.0,146.0,169.0,157.0,181.0,145.0,111.0,105.0,89.0,91.0,58.0,69.0,77.0,124.0,154.0,117.0,125.0,114.0,90.0,70.0,70.0,53.0,46.0,44.0,49.0,62.0,81.0,73.0,77.0,90.0,78.0,86.0,73.0,74.0,64.0,70.0,68.0,51.0,88.0,99.0,94.0,97.0,99.0,88.0,81.0,74.0,80.0,70.0,48.0,80.0,81.0,67.0,95.0,90.0,88.0,68.0,92.0,74.0,56.0,62.0,55.0,76.0,88.0,76.0,97.0,99.0,85.0
395179,169,"Utica, NY",msa,NY,,,,,,,,,,,,,,,,,,,,,,,,,,,,,,,,,,,,,,,,,,,,,,,,,,,,,,,,,,,,,,,,,,,,,,,,,,,,,,,,,,,,,,,,,,,,,,,,,,,,,,,5.0
394660,170,"Hagerstown, MD",msa,MD,80.0,71.0,77.0,55.0,61.0,103.0,94.0,90.0,76.0,99.0,81.0,80.0,72.0,81.0,92.0,111.0,86.0,106.0,122.0,110.0,95.0,92.0,80.0,116.0,69.0,76.0,80.0,83.0,111.0,131.0,130.0,113.0,110.0,134.0,113.0,105.0,97.0,113.0,132.0,96.0,81.0,102.0,68.0,89.0,106.0,92.0,74.0,97.0,62.0,80.0,102.0,82.0,95.0,103.0,80.0,102.0,78.0,67.0,62.0,82.0,54.0,65.0,77.0,73.0,81.0,73.0,84.0,89.0,124.0,115.0,103.0,125.0,70.0,104.0,100.0,112.0,94.0,128.0,111.0,127.0,98.0,108.0,81.0,106.0,72.0,64.0,88.0,98.0,120.0,105.0,68.0,61.0,70.0,63.0,61.0,74.0,33.0,69.0,75.0,69.0,51.0,56.0,44.0
394937,172,"Olympia, WA",msa,WA,49.0,59.0,81.0,67.0,86.0,102.0,81.0,80.0,106.0,88.0,90.0,90.0,41.0,79.0,77.0,92.0,96.0,94.0,91.0,102.0,89.0,65.0,57.0,77.0,49.0,87.0,92.0,46.0,52.0,71.0,102.0,93.0,90.0,116.0,103.0,83.0,57.0,59.0,74.0,80.0,70.0,75.0,70.0,98.0,121.0,103.0,120.0,89.0,74.0,59.0,46.0,46.0,25.0,47.0,31.0,39.0,44.0,30.0,35.0,68.0,28.0,43.0,83.0,47.0,47.0,65.0,48.0,59.0,68.0,53.0,68.0,67.0,49.0,79.0,98.0,68.0,66.0,77.0,64.0,65.0,33.0,32.0,24.0,30.0,19.0,34.0,42.0,36.0,41.0,57.0,42.0,43.0,46.0,48.0,24.0,33.0,14.0,21.0,42.0,38.0,42.0,56.0,39.0
394803,173,"Longview, TX",msa,TX,13.0,15.0,15.0,19.0,25.0,21.0,20.0,20.0,19.0,16.0,8.0,19.0,14.0,12.0,16.0,13.0,21.0,24.0,16.0,23.0,14.0,14.0,16.0,18.0,15.0,19.0,19.0,17.0,17.0,17.0,34.0,24.0,31.0,12.0,18.0,21.0,13.0,14.0,19.0,19.0,16.0,17.0,8.0,18.0,12.0,12.0,7.0,14.0,16.0,17.0,16.0,24.0,17.0,12.0,15.0,14.0,17.0,20.0,16.0,14.0,16.0,18.0,19.0,16.0,22.0,17.0,16.0,7.0,17.0,13.0,19.0,11.0,11.0,23.0,17.0,23.0,21.0,11.0,18.0,11.0,19.0,14.0,20.0,9.0,12.0,17.0,17.0,21.0,15.0,28.0,27.0,7.0,23.0,19.0,18.0,21.0,12.0,13.0,26.0,15.0,25.0,23.0,18.0
395229,174,"Wilmington, NC",msa,NC,105.0,124.0,179.0,157.0,188.0,203.0,165.0,162.0,47.0,162.0,116.0,103.0,110.0,115.0,187.0,138.0,167.0,178.0,161.0,160.0,94.0,108.0,97.0,153.0,140.0,132.0,163.0,150.0,184.0,226.0,263.0,242.0,199.0,192.0,184.0,243.0,151.0,182.0,276.0,228.0,209.0,188.0,152.0,190.0,156.0,147.0,165.0,212.0,165.0,176.0,227.0,179.0,165.0,179.0,170.0,136.0,123.0,142.0,144.0,152.0,116.0,140.0,151.0,158.0,181.0,196.0,182.0,191.0,155.0,171.0,168.0,145.0,109.0,133.0,163.0,140.0,138.0,127.0,127.0,149.0,148.0,83.0,97.0,102.0,83.0,92.0,97.0,105.0,126.0,127.0,104.0,108.0,138.0,113.0,72.0,135.0,71.0,76.0,111.0,93.0,104.0,120.0,107.0
395061,175,"San Luis Obispo, CA",msa,CA,30.0,13.0,36.0,24.0,41.0,40.0,41.0,39.0,38.0,37.0,34.0,21.0,10.0,14.0,25.0,23.0,23.0,26.0,26.0,31.0,29.0,38.0,36.0,38.0,24.0,35.0,43.0,23.0,29.0,34.0,48.0,70.0,50.0,51.0,41.0,75.0,37.0,41.0,52.0,47.0,25.0,48.0,38.0,52.0,48.0,39.0,29.0,39.0,22.0,27.0,13.0,13.0,14.0,17.0,23.0,22.0,22.0,11.0,23.0,15.0,12.0,16.0,24.0,14.0,17.0,16.0,19.0,14.0,5.0,13.0,11.0,11.0,22.0,17.0,14.0,9.0,18.0,17.0,7.0,9.0,13.0,13.0,9.0,11.0,10.0,7.0,7.0,7.0,9.0,14.0,10.0,10.0,17.0,6.0,10.0,15.0,10.0,14.0,27.0,17.0,18.0,8.0,13.0
753875,176,"Crestview, FL",msa,FL,137.0,150.0,204.0,158.0,220.0,136.0,121.0,103.0,136.0,130.0,96.0,115.0,138.0,145.0,156.0,171.0,167.0,189.0,179.0,157.0,163.0,187.0,150.0,160.0,132.0,159.0,172.0,145.0,143.0,244.0,202.0,194.0,186.0,192.0,183.0,241.0,166.0,188.0,218.0,211.0,258.0,281.0,266.0,241.0,273.0,259.0,235.0,294.0,216.0,223.0,278.0,204.0,216.0,264.0,216.0,226.0,201.0,186.0,159.0,214.0,140.0,198.0,340.0,236.0,222.0,217.0,159.0,191.0,231.0,230.0,176.0,181.0,111.0,163.0,205.0,171.0,248.0,195.0,188.0,154.0,125.0,148.0,150.0,204.0,107.0,124.0,158.0,157.0,167.0,182.0,151.0,155.0,184.0,178.0,109.0,189.0,116.0,140.0,170.0,169.0,194.0,194.0,189.0
394851,177,"Merced, CA",msa,CA,62.0,66.0,80.0,50.0,66.0,86.0,89.0,101.0,64.0,95.0,95.0,72.0,65.0,61.0,83.0,70.0,83.0,82.0,103.0,109.0,76.0,109.0,96.0,74.0,87.0,67.0,76.0,67.0,86.0,90.0,109.0,87.0,83.0,101.0,86.0,102.0,78.0,71.0,131.0,103.0,92.0,111.0,109.0,121.0,167.0,73.0,114.0,116.0,80.0,83.0,118.0,79.0,86.0,100.0,71.0,47.0,43.0,28.0,16.0,17.0,10.0,12.0,28.0,27.0,36.0,42.0,81.0,43.0,68.0,40.0,21.0,25.0,40.0,40.0,49.0,41.0,54.0,64.0,54.0,57.0,48.0,37.0,46.0,65.0,26.0,17.0,29.0,28.0,41.0,33.0,41.0,24.0,68.0,41.0,50.0,47.0,45.0,62.0,74.0,45.0,64.0,43.0,58.0
395197,178,"Waco, TX",msa,TX,23.0,28.0,50.0,57.0,72.0,50.0,55.0,42.0,45.0,50.0,51.0,49.0,34.0,32.0,31.0,35.0,37.0,44.0,52.0,46.0,36.0,25.0,29.0,42.0,32.0,22.0,36.0,36.0,39.0,49.0,50.0,38.0,41.0,58.0,35.0,55.0,26.0,29.0,42.0,33.0,38.0,36.0,40.0,44.0,40.0,47.0,46.0,42.0,39.0,24.0,50.0,42.0,52.0,40.0,40.0,47.0,33.0,44.0,29.0,38.0,17.0,36.0,64.0,43.0,38.0,37.0,42.0,51.0,38.0,41.0,35.0,52.0,39.0,42.0,47.0,46.0,55.0,67.0,54.0,43.0,46.0,36.0,27.0,45.0,25.0,40.0,36.0,31.0,46.0,36.0,34.0,30.0,40.0,34.0,35.0,36.0,27.0,32.0,45.0,44.0,42.0,48.0,34.0
394447,179,"Cedar Rapids, IA",msa,IA,34.0,39.0,74.0,57.0,73.0,70.0,69.0,58.0,50.0,56.0,59.0,35.0,30.0,35.0,35.0,47.0,60.0,58.0,37.0,44.0,36.0,40.0,44.0,35.0,19.0,31.0,38.0,60.0,49.0,50.0,50.0,49.0,62.0,44.0,45.0,49.0,39.0,31.0,37.0,53.0,48.0,44.0,43.0,38.0,27.0,21.0,32.0,42.0,24.0,29.0,36.0,46.0,35.0,48.0,37.0,32.0,30.0,23.0,19.0,14.0,12.0,12.0,24.0,25.0,38.0,45.0,27.0,35.0,42.0,32.0,16.0,26.0,16.0,16.0,32.0,38.0,49.0,40.0,52.0,38.0,27.0,38.0,33.0,20.0,12.0,13.0,24.0,39.0,46.0,41.0,24.0,43.0,21.0,30.0,24.0,23.0,20.0,27.0,29.0,35.0,43.0,42.0,30.0
394348,180,"Atlantic City, NJ",msa,NJ,19.0,16.0,35.0,16.0,21.0,26.0,17.0,22.0,9.0,20.0,14.0,25.0,27.0,20.0,17.0,20.0,24.0,21.0,20.0,31.0,26.0,24.0,17.0,20.0,27.0,26.0,34.0,23.0,22.0,46.0,42.0,43.0,36.0,46.0,18.0,30.0,30.0,39.0,34.0,31.0,25.0,30.0,26.0,16.0,16.0,16.0,22.0,15.0,23.0,23.0,36.0,43.0,26.0,28.0,17.0,16.0,28.0,30.0,19.0,25.0,22.0,23.0,23.0,24.0,19.0,22.0,19.0,33.0,18.0,20.0,18.0,12.0,14.0,12.0,16.0,23.0,23.0,26.0,21.0,19.0,18.0,22.0,18.0,20.0,16.0,7.0,,20.0,25.0,35.0,20.0,37.0,44.0,27.0,19.0,24.0,19.0,29.0,23.0,28.0,34.0,41.0,25.0
394412,181,"Bremerton, WA",msa,WA,61.0,46.0,71.0,52.0,58.0,73.0,50.0,49.0,49.0,47.0,50.0,60.0,32.0,40.0,64.0,51.0,71.0,54.0,51.0,59.0,52.0,48.0,43.0,69.0,29.0,38.0,56.0,19.0,26.0,45.0,43.0,37.0,62.0,67.0,59.0,75.0,38.0,31.0,68.0,62.0,41.0,65.0,71.0,97.0,91.0,72.0,93.0,87.0,83.0,89.0,116.0,93.0,104.0,98.0,45.0,157.0,161.0,83.0,123.0,119.0,51.0,104.0,108.0,83.0,158.0,190.0,129.0,152.0,162.0,136.0,124.0,108.0,92.0,91.0,142.0,103.0,150.0,141.0,142.0,154.0,141.0,90.0,90.0,127.0,74.0,63.0,86.0,70.0,93.0,76.0,50.0,53.0,56.0,45.0,56.0,64.0,21.0,36.0,48.0,36.0,36.0,38.0,43.0
395103,182,"Sioux Falls, SD",msa,SD,41.0,64.0,96.0,86.0,93.0,130.0,77.0,111.0,103.0,91.0,82.0,59.0,60.0,40.0,63.0,90.0,130.0,122.0,87.0,110.0,78.0,106.0,68.0,74.0,61.0,33.0,58.0,106.0,124.0,105.0,123.0,77.0,114.0,99.0,86.0,73.0,67.0,62.0,72.0,80.0,44.0,81.0,54.0,49.0,58.0,70.0,69.0,53.0,84.0,64.0,89.0,99.0,101.0,101.0,66.0,58.0,71.0,51.0,38.0,47.0,38.0,36.0,61.0,62.0,97.0,123.0,78.0,81.0,74.0,65.0,55.0,51.0,24.0,30.0,57.0,79.0,95.0,84.0,78.0,66.0,67.0,66.0,43.0,58.0,36.0,49.0,56.0,66.0,62.0,76.0,64.0,57.0,52.0,56.0,36.0,42.0,30.0,41.0,46.0,65.0,66.0,66.0,54.0
394924,185,"Norwich, CT",msa,CT,,,,,,,,,,,,,,,,,,,,,,,,,,,,,,,,,,,,,,,,,,,,,,,,,,,,,,,,,,,,,,,,,,,,,,,,,,,,,,,,,,,,,,,,,,,,,,,,,,,,,,,7.0
394323,186,"Amarillo, TX",msa,TX,43.0,38.0,56.0,49.0,68.0,61.0,43.0,87.0,35.0,45.0,54.0,48.0,38.0,50.0,54.0,59.0,62.0,49.0,53.0,63.0,67.0,59.0,52.0,53.0,31.0,43.0,47.0,52.0,49.0,66.0,69.0,57.0,55.0,53.0,43.0,30.0,20.0,33.0,36.0,33.0,37.0,37.0,39.0,39.0,46.0,38.0,37.0,31.0,40.0,37.0,61.0,38.0,41.0,52.0,39.0,46.0,50.0,37.0,29.0,41.0,26.0,38.0,53.0,29.0,49.0,29.0,35.0,32.0,33.0,36.0,33.0,24.0,22.0,28.0,29.0,33.0,30.0,26.0,50.0,36.0,37.0,31.0,34.0,26.0,38.0,26.0,62.0,34.0,30.0,31.0,39.0,18.0,39.0,47.0,36.0,41.0,17.0,18.0,35.0,32.0,40.0,33.0,41.0
394772,187,"Laredo, TX",msa,TX,58.0,43.0,61.0,60.0,54.0,70.0,60.0,74.0,40.0,67.0,66.0,57.0,58.0,51.0,72.0,43.0,49.0,33.0,60.0,76.0,79.0,70.0,76.0,70.0,35.0,17.0,29.0,32.0,30.0,46.0,51.0,52.0,69.0,62.0,43.0,36.0,23.0,33.0,38.0,38.0,30.0,49.0,45.0,40.0,42.0,38.0,31.0,41.0,26.0,30.0,34.0,43.0,39.0,44.0,55.0,46.0,41.0,32.0,32.0,32.0,26.0,42.0,55.0,42.0,44.0,38.0,44.0,49.0,41.0,31.0,39.0,34.0,22.0,24.0,36.0,43.0,47.0,31.0,29.0,37.0,27.0,22.0,18.0,27.0,25.0,10.0,,22.0,31.0,33.0,30.0,24.0,17.0,17.0,24.0,32.0,17.0,9.0,22.0,21.0,30.0,20.0,20.0
395171,188,"Tuscaloosa, AL",msa,AL,41.0,37.0,68.0,62.0,65.0,60.0,50.0,46.0,50.0,37.0,50.0,48.0,46.0,47.0,71.0,61.0,49.0,52.0,47.0,48.0,61.0,50.0,45.0,51.0,66.0,44.0,63.0,62.0,71.0,89.0,99.0,81.0,56.0,72.0,65.0,86.0,58.0,46.0,70.0,79.0,48.0,63.0,53.0,51.0,77.0,61.0,53.0,90.0,58.0,31.0,69.0,59.0,47.0,90.0,60.0,49.0,43.0,30.0,26.0,43.0,41.0,49.0,83.0,41.0,66.0,52.0,55.0,74.0,46.0,34.0,38.0,60.0,29.0,49.0,49.0,46.0,46.0,53.0,46.0,43.0,51.0,48.0,33.0,61.0,35.0,46.0,48.0,50.0,68.0,61.0,64.0,59.0,60.0,40.0,44.0,58.0,40.0,62.0,65.0,44.0,59.0,69.0,32.0
394483,189,"College Station, TX",msa,TX,29.0,29.0,58.0,62.0,68.0,77.0,94.0,65.0,51.0,51.0,45.0,46.0,26.0,29.0,51.0,44.0,66.0,73.0,69.0,48.0,30.0,35.0,23.0,35.0,26.0,30.0,41.0,44.0,49.0,67.0,75.0,57.0,61.0,82.0,58.0,78.0,45.0,48.0,82.0,71.0,126.0,112.0,71.0,97.0,74.0,67.0,61.0,104.0,79.0,87.0,118.0,90.0,85.0,110.0,96.0,97.0,81.0,90.0,75.0,122.0,72.0,87.0,128.0,80.0,116.0,92.0,77.0,94.0,65.0,62.0,62.0,60.0,49.0,78.0,89.0,68.0,90.0,66.0,85.0,85.0,84.0,69.0,75.0,102.0,42.0,57.0,99.0,89.0,85.0,95.0,100.0,76.0,56.0,62.0,35.0,75.0,58.0,54.0,107.0,75.0,108.0,87.0,72.0
394732,190,"Kalamazoo, MI",msa,MI,15.0,13.0,24.0,18.0,28.0,21.0,17.0,21.0,14.0,16.0,16.0,9.0,10.0,12.0,14.0,13.0,25.0,30.0,22.0,21.0,26.0,22.0,17.0,17.0,23.0,14.0,21.0,7.0,13.0,29.0,29.0,39.0,26.0,26.0,31.0,26.0,28.0,10.0,30.0,26.0,17.0,22.0,23.0,24.0,24.0,21.0,18.0,18.0,21.0,12.0,26.0,14.0,12.0,19.0,9.0,18.0,17.0,7.0,13.0,12.0,13.0,8.0,12.0,11.0,29.0,23.0,16.0,18.0,22.0,26.0,19.0,23.0,21.0,20.0,29.0,20.0,31.0,18.0,17.0,18.0,18.0,25.0,14.0,10.0,10.0,6.0,19.0,18.0,18.0,15.0,20.0,23.0,22.0,20.0,13.0,14.0,7.0,14.0,17.0,23.0,18.0,12.0,13.0
394811,191,"Lynchburg, VA",msa,VA,38.0,30.0,53.0,36.0,41.0,43.0,38.0,36.0,23.0,36.0,25.0,18.0,23.0,25.0,43.0,43.0,39.0,28.0,31.0,42.0,18.0,22.0,13.0,23.0,22.0,35.0,44.0,34.0,35.0,35.0,49.0,36.0,30.0,34.0,30.0,34.0,25.0,22.0,31.0,51.0,42.0,43.0,60.0,36.0,47.0,33.0,34.0,80.0,39.0,31.0,51.0,47.0,51.0,58.0,38.0,52.0,59.0,35.0,26.0,44.0,29.0,34.0,61.0,51.0,60.0,58.0,67.0,62.0,54.0,64.0,38.0,45.0,59.0,55.0,69.0,60.0,69.0,42.0,62.0,50.0,42.0,48.0,51.0,44.0,41.0,38.0,37.0,54.0,53.0,48.0,51.0,50.0,41.0,58.0,52.0,51.0,21.0,33.0,48.0,56.0,37.0,56.0,48.0
395240,193,"Yakima, WA",msa,WA,14.0,20.0,11.0,23.0,16.0,21.0,25.0,17.0,29.0,23.0,14.0,14.0,19.0,20.0,20.0,22.0,23.0,27.0,18.0,25.0,19.0,19.0,16.0,16.0,25.0,16.0,34.0,18.0,23.0,28.0,23.0,20.0,12.0,15.0,12.0,22.0,19.0,19.0,35.0,55.0,28.0,49.0,37.0,40.0,45.0,40.0,28.0,46.0,46.0,39.0,44.0,39.0,42.0,55.0,34.0,34.0,29.0,29.0,28.0,42.0,24.0,15.0,18.0,26.0,27.0,20.0,25.0,24.0,27.0,28.0,32.0,26.0,18.0,24.0,26.0,22.0,28.0,31.0,28.0,19.0,13.0,24.0,13.0,16.0,21.0,15.0,24.0,17.0,30.0,29.0,33.0,18.0,26.0,39.0,26.0,32.0,14.0,30.0,25.0,41.0,18.0,29.0,29.0
394585,194,"Fargo, ND",msa,ND,29.0,32.0,31.0,38.0,58.0,72.0,69.0,67.0,51.0,84.0,60.0,58.0,30.0,21.0,32.0,37.0,48.0,61.0,62.0,60.0,56.0,60.0,42.0,32.0,19.0,25.0,24.0,45.0,54.0,75.0,87.0,69.0,74.0,83.0,73.0,87.0,45.0,40.0,73.0,78.0,78.0,101.0,66.0,70.0,68.0,71.0,49.0,58.0,41.0,33.0,48.0,58.0,58.0,77.0,57.0,74.0,63.0,69.0,56.0,49.0,25.0,28.0,43.0,40.0,72.0,89.0,68.0,63.0,57.0,58.0,36.0,69.0,27.0,25.0,34.0,36.0,45.0,54.0,58.0,51.0,34.0,41.0,41.0,54.0,17.0,25.0,43.0,47.0,54.0,56.0,40.0,47.0,23.0,37.0,28.0,41.0,19.0,19.0,27.0,26.0,44.0,58.0,40.0
394609,196,"Fort Smith, AR",msa,AR,11.0,21.0,24.0,21.0,24.0,27.0,17.0,15.0,13.0,20.0,10.0,17.0,5.0,20.0,18.0,16.0,21.0,17.0,28.0,19.0,11.0,9.0,18.0,19.0,19.0,24.0,32.0,12.0,26.0,36.0,41.0,29.0,35.0,39.0,29.0,28.0,25.0,24.0,37.0,39.0,30.0,27.0,28.0,27.0,25.0,32.0,30.0,31.0,19.0,13.0,23.0,36.0,36.0,35.0,26.0,19.0,16.0,20.0,16.0,17.0,15.0,20.0,14.0,19.0,31.0,19.0,22.0,21.0,16.0,28.0,21.0,16.0,19.0,22.0,26.0,25.0,29.0,23.0,22.0,27.0,24.0,19.0,16.0,10.0,14.0,13.0,17.0,20.0,21.0,14.0,11.0,14.0,21.0,14.0,20.0,12.0,11.0,13.0,14.0,18.0,13.0,7.0,15.0
394334,197,"Appleton, WI",msa,WI,17.0,9.0,18.0,17.0,18.0,23.0,21.0,12.0,13.0,12.0,21.0,13.0,13.0,11.0,16.0,28.0,27.0,19.0,16.0,16.0,18.0,16.0,12.0,10.0,16.0,24.0,30.0,24.0,27.0,42.0,41.0,38.0,36.0,36.0,26.0,26.0,15.0,22.0,24.0,26.0,17.0,22.0,22.0,23.0,19.0,15.0,14.0,23.0,10.0,13.0,27.0,21.0,28.0,18.0,21.0,15.0,18.0,11.0,12.0,20.0,11.0,10.0,27.0,9.0,17.0,20.0,14.0,7.0,21.0,22.0,34.0,21.0,23.0,20.0,43.0,31.0,37.0,32.0,29.0,26.0,28.0,30.0,38.0,36.0,25.0,24.0,27.0,30.0,36.0,34.0,28.0,58.0,44.0,44.0,20.0,25.0,29.0,24.0,32.0,41.0,28.0,25.0,29.0
845160,198,"Prescott Valley, AZ",msa,AZ,92.0,81.0,115.0,112.0,107.0,103.0,100.0,98.0,106.0,109.0,104.0,103.0,80.0,90.0,106.0,114.0,123.0,112.0,115.0,121.0,99.0,121.0,107.0,104.0,114.0,78.0,108.0,138.0,115.0,113.0,120.0,134.0,119.0,143.0,120.0,105.0,93.0,96.0,100.0,109.0,104.0,94.0,78.0,82.0,106.0,98.0,82.0,113.0,79.0,93.0,108.0,97.0,95.0,84.0,70.0,73.0,98.0,90.0,68.0,97.0,50.0,54.0,83.0,83.0,92.0,91.0,66.0,79.0,59.0,69.0,38.0,52.0,32.0,35.0,50.0,57.0,48.0,38.0,36.0,47.0,37.0,40.0,33.0,51.0,29.0,45.0,52.0,33.0,35.0,49.0,49.0,81.0,61.0,77.0,43.0,67.0,32.0,47.0,52.0,46.0,46.0,61.0,61.0
395161,199,"Topeka, KS",msa,KS,,,,,,,,,,,,,,,,,,,,,,,,,,,,,,,,,,,,,,,,,,,,,,,,,,,,,,,,,,,,,,,,,,,,,,,,,,,,,,,,,,,,,,,,,,,,,,,,,,,,,,,5.0
394813,200,"Macon, GA",msa,GA,8.0,22.0,30.0,13.0,25.0,24.0,17.0,21.0,22.0,8.0,16.0,20.0,28.0,22.0,31.0,27.0,37.0,22.0,23.0,26.0,25.0,40.0,14.0,21.0,31.0,34.0,44.0,41.0,53.0,57.0,68.0,46.0,54.0,59.0,39.0,48.0,43.0,61.0,57.0,65.0,57.0,77.0,71.0,53.0,64.0,50.0,71.0,70.0,93.0,81.0,89.0,86.0,68.0,76.0,74.0,63.0,53.0,26.0,48.0,59.0,22.0,40.0,45.0,48.0,34.0,48.0,34.0,60.0,43.0,46.0,46.0,41.0,20.0,24.0,44.0,35.0,46.0,50.0,41.0,49.0,59.0,44.0,36.0,53.0,27.0,37.0,33.0,47.0,38.0,50.0,37.0,28.0,43.0,25.0,30.0,34.0,18.0,30.0,22.0,38.0,31.0,33.0,29.0
395174,201,"Tyler, TX",msa,TX,18.0,23.0,35.0,39.0,39.0,43.0,42.0,42.0,36.0,41.0,39.0,26.0,38.0,40.0,48.0,44.0,52.0,48.0,58.0,45.0,39.0,45.0,41.0,36.0,33.0,46.0,53.0,37.0,40.0,63.0,61.0,54.0,60.0,54.0,36.0,47.0,31.0,33.0,51.0,41.0,39.0,41.0,32.0,39.0,28.0,35.0,39.0,41.0,26.0,44.0,58.0,65.0,66.0,66.0,47.0,46.0,40.0,43.0,27.0,40.0,26.0,34.0,55.0,56.0,62.0,66.0,44.0,56.0,48.0,44.0,21.0,33.0,29.0,32.0,44.0,38.0,41.0,39.0,28.0,41.0,25.0,31.0,30.0,34.0,29.0,22.0,37.0,44.0,40.0,35.0,38.0,47.0,33.0,39.0,33.0,36.0,17.0,41.0,36.0,42.0,44.0,65.0,54.0
394361,202,"Barnstable Town, MA",msa,MA,24.0,18.0,24.0,26.0,24.0,32.0,28.0,22.0,33.0,18.0,26.0,13.0,20.0,19.0,16.0,17.0,17.0,18.0,19.0,18.0,25.0,15.0,17.0,17.0,15.0,9.0,20.0,11.0,20.0,21.0,28.0,31.0,26.0,25.0,16.0,24.0,20.0,19.0,25.0,28.0,31.0,30.0,21.0,31.0,22.0,19.0,9.0,13.0,22.0,10.0,14.0,18.0,20.0,22.0,14.0,19.0,21.0,17.0,11.0,13.0,6.0,7.0,20.0,21.0,12.0,14.0,14.0,29.0,15.0,16.0,34.0,22.0,10.0,8.0,12.0,20.0,16.0,14.0,16.0,15.0,15.0,12.0,9.0,14.0,11.0,7.0,8.0,14.0,11.0,16.0,14.0,12.0,12.0,15.0,5.0,9.0,10.0,8.0,8.0,10.0,11.0,20.0,10.0
394519,203,"Daphne, AL",msa,AL,150.0,170.0,255.0,242.0,227.0,276.0,204.0,210.0,152.0,170.0,157.0,154.0,149.0,178.0,287.0,199.0,192.0,232.0,172.0,141.0,172.0,125.0,152.0,152.0,113.0,114.0,180.0,166.0,159.0,259.0,153.0,186.0,153.0,329.0,301.0,346.0,254.0,333.0,523.0,369.0,353.0,489.0,319.0,351.0,452.0,295.0,339.0,501.0,327.0,398.0,547.0,361.0,386.0,402.0,359.0,319.0,528.0,338.0,334.0,339.0,230.0,356.0,530.0,356.0,422.0,567.0,373.0,395.0,462.0,184.0,173.0,178.0,143.0,162.0,261.0,180.0,157.0,213.0,189.0,174.0,200.0,143.0,116.0,190.0,101.0,114.0,158.0,177.0,195.0,164.0,176.0,174.0,173.0,142.0,137.0,161.0,124.0,147.0,200.0,145.0,163.0,139.0,134.0
394378,205,"Bellingham, WA",msa,WA,44.0,43.0,56.0,61.0,49.0,67.0,55.0,51.0,38.0,38.0,41.0,23.0,47.0,49.0,46.0,57.0,56.0,58.0,41.0,51.0,42.0,46.0,39.0,32.0,47.0,48.0,60.0,39.0,37.0,99.0,77.0,61.0,68.0,68.0,68.0,57.0,56.0,49.0,54.0,44.0,38.0,31.0,59.0,43.0,36.0,42.0,13.0,39.0,33.0,31.0,46.0,41.0,36.0,33.0,28.0,36.0,28.0,41.0,29.0,23.0,19.0,26.0,49.0,49.0,49.0,45.0,23.0,44.0,41.0,27.0,17.0,31.0,31.0,31.0,43.0,37.0,25.0,43.0,28.0,30.0,35.0,36.0,26.0,24.0,22.0,33.0,32.0,34.0,34.0,42.0,37.0,37.0,43.0,31.0,31.0,33.0,25.0,33.0,26.0,19.0,30.0,34.0,28.0
394429,206,"Burlington, VT",msa,VT,,,,,,,,,,,,,,,,,,,,,,,,,,,,,,,,,,,,,,,,,,,,,,,,,,,,,,,,,12.0,7.0,5.0,8.0,8.0,7.0,9.0,7.0,12.0,15.0,12.0,12.0,16.0,13.0,7.0,11.0,15.0,14.0,13.0,11.0,21.0,13.0,15.0,21.0,7.0,13.0,5.0,19.0,5.0,6.0,9.0,11.0,8.0,14.0,14.0,13.0,14.0,15.0,10.0,18.0,8.0,8.0,5.0,16.0,13.0,11.0,19.0
395030,207,"Rochester, MN",msa,MN,40.0,39.0,75.0,54.0,81.0,70.0,66.0,51.0,50.0,56.0,35.0,22.0,39.0,34.0,38.0,49.0,49.0,57.0,50.0,53.0,45.0,45.0,47.0,29.0,20.0,33.0,47.0,47.0,43.0,53.0,59.0,68.0,49.0,72.0,45.0,38.0,41.0,38.0,55.0,55.0,54.0,53.0,46.0,45.0,37.0,39.0,26.0,46.0,42.0,28.0,59.0,35.0,58.0,50.0,30.0,48.0,29.0,29.0,25.0,24.0,16.0,21.0,33.0,52.0,34.0,50.0,25.0,26.0,38.0,36.0,22.0,25.0,23.0,25.0,32.0,43.0,37.0,23.0,29.0,28.0,15.0,28.0,21.0,18.0,16.0,16.0,24.0,18.0,28.0,30.0,20.0,21.0,21.0,27.0,18.0,15.0,17.0,16.0,25.0,21.0,40.0,31.0,32.0
753895,208,"Lafayette, IN",msa,IN,18.0,34.0,28.0,43.0,31.0,44.0,32.0,30.0,35.0,30.0,27.0,30.0,12.0,20.0,33.0,26.0,36.0,21.0,38.0,52.0,28.0,48.0,30.0,27.0,17.0,19.0,27.0,27.0,25.0,42.0,36.0,31.0,29.0,34.0,30.0,24.0,22.0,17.0,32.0,18.0,23.0,26.0,14.0,16.0,21.0,25.0,30.0,25.0,14.0,14.0,28.0,38.0,23.0,22.0,30.0,25.0,24.0,22.0,16.0,22.0,12.0,13.0,33.0,31.0,20.0,16.0,23.0,22.0,16.0,18.0,20.0,22.0,15.0,14.0,21.0,23.0,19.0,15.0,21.0,14.0,10.0,20.0,23.0,18.0,10.0,8.0,16.0,19.0,22.0,19.0,15.0,11.0,17.0,18.0,10.0,8.0,10.0,10.0,17.0,18.0,14.0,16.0,10.0
394454,209,"Champaign, IL",msa,IL,,,,,,,,,,,,,,,,,,,,,,,,,,,,,,,,,,,,,,,,,,,,,,,,,,,,,,,,,,,,,,,,,,,,,,,,,,,,,,,,,,,,,,,,,,,,,,,,,,7.0,5.0,15.0,5.0,14.0,6.0
394848,210,"Medford, OR",msa,OR,31.0,29.0,46.0,54.0,26.0,39.0,38.0,44.0,26.0,38.0,36.0,19.0,26.0,35.0,50.0,51.0,36.0,36.0,33.0,45.0,35.0,47.0,35.0,40.0,39.0,33.0,52.0,41.0,39.0,37.0,54.0,65.0,80.0,73.0,46.0,42.0,22.0,51.0,39.0,50.0,39.0,57.0,38.0,29.0,34.0,32.0,32.0,46.0,36.0,44.0,55.0,62.0,45.0,47.0,46.0,39.0,38.0,40.0,21.0,25.0,29.0,33.0,30.0,30.0,45.0,33.0,30.0,32.0,40.0,50.0,27.0,21.0,32.0,37.0,47.0,35.0,54.0,43.0,30.0,35.0,33.0,36.0,33.0,39.0,34.0,31.0,26.0,35.0,39.0,34.0,22.0,27.0,33.0,26.0,22.0,13.0,14.0,16.0,22.0,23.0,18.0,23.0,35.0
845164,211,"Lebanon, NH",msa,NH,,,,,,,,,,,,,,,,,,,,,,,,,,,,,,,,,,,,,,,,,,,,,,,,,,,,,,,,,,,,,,,,,,,,,,,,,,,,,,,,,,,,,,,,,,,,,,,,,,5.0,7.0,8.0,9.0,7.0,6.0
394459,212,"Charlottesville, VA",msa,VA,43.0,50.0,66.0,72.0,75.0,78.0,66.0,80.0,60.0,52.0,78.0,63.0,49.0,49.0,74.0,67.0,71.0,90.0,79.0,81.0,76.0,58.0,56.0,86.0,53.0,53.0,74.0,63.0,69.0,78.0,79.0,68.0,64.0,54.0,46.0,55.0,49.0,45.0,66.0,51.0,58.0,64.0,51.0,44.0,43.0,40.0,26.0,42.0,41.0,37.0,53.0,36.0,54.0,57.0,44.0,51.0,40.0,51.0,56.0,44.0,43.0,37.0,58.0,53.0,71.0,65.0,65.0,60.0,42.0,43.0,44.0,69.0,53.0,33.0,49.0,43.0,57.0,44.0,59.0,66.0,31.0,71.0,54.0,68.0,33.0,36.0,58.0,45.0,48.0,31.0,33.0,60.0,49.0,61.0,73.0,94.0,36.0,43.0,73.0,61.0,64.0,61.0,56.0
394763,213,"Lake Charles, LA",msa,LA,,,,,,,,,,,,,,,,,,,,,,,,,,,,,,,,,,,,89.0,39.0,41.0,60.0,67.0,55.0,72.0,54.0,56.0,,67.0,67.0,44.0,61.0,55.0,64.0,42.0,43.0,55.0,37.0,31.0,46.0,21.0,15.0,26.0,13.0,21.0,44.0,16.0,19.0,36.0,32.0,30.0,24.0,29.0,24.0,30.0,22.0,19.0,29.0,30.0,25.0,36.0,31.0,18.0,24.0,29.0,24.0,24.0,18.0,10.0,27.0,24.0,29.0,25.0,26.0,24.0,23.0,30.0,10.0,16.0,29.0,21.0,19.0,26.0,19.0,29.0,36.0
394773,214,"Las Cruces, NM",msa,NM,45.0,55.0,78.0,47.0,84.0,61.0,84.0,78.0,59.0,53.0,75.0,74.0,39.0,58.0,48.0,36.0,65.0,49.0,51.0,51.0,37.0,62.0,49.0,57.0,46.0,46.0,48.0,43.0,30.0,42.0,57.0,50.0,29.0,64.0,50.0,55.0,45.0,41.0,45.0,36.0,52.0,32.0,38.0,18.0,36.0,42.0,28.0,41.0,44.0,60.0,46.0,51.0,34.0,41.0,24.0,39.0,44.0,29.0,33.0,50.0,31.0,29.0,46.0,49.0,49.0,53.0,41.0,48.0,41.0,28.0,46.0,33.0,35.0,43.0,48.0,47.0,46.0,49.0,47.0,41.0,51.0,53.0,41.0,61.0,30.0,39.0,40.0,27.0,39.0,32.0,38.0,31.0,47.0,49.0,50.0,80.0,36.0,43.0,57.0,46.0,47.0,63.0,55.0
394464,215,"Chico, CA",msa,CA,21.0,18.0,28.0,20.0,16.0,20.0,31.0,27.0,12.0,21.0,26.0,29.0,32.0,18.0,22.0,27.0,25.0,25.0,25.0,35.0,38.0,28.0,21.0,22.0,15.0,19.0,22.0,30.0,25.0,33.0,27.0,32.0,26.0,20.0,31.0,36.0,17.0,25.0,34.0,27.0,26.0,43.0,23.0,17.0,17.0,21.0,14.0,26.0,25.0,36.0,35.0,39.0,33.0,33.0,25.0,24.0,25.0,30.0,28.0,22.0,15.0,32.0,24.0,23.0,34.0,40.0,34.0,29.0,31.0,35.0,28.0,37.0,40.0,21.0,45.0,39.0,31.0,22.0,28.0,34.0,34.0,34.0,25.0,25.0,35.0,34.0,40.0,35.0,30.0,24.0,29.0,32.0,32.0,38.0,22.0,36.0,29.0,25.0,35.0,36.0,34.0,25.0,30.0
394681,216,"Hilton Head Island, SC",msa,SC,86.0,103.0,115.0,107.0,116.0,119.0,97.0,104.0,96.0,103.0,68.0,89.0,83.0,82.0,111.0,93.0,117.0,106.0,113.0,118.0,130.0,137.0,92.0,130.0,99.0,96.0,146.0,129.0,104.0,132.0,162.0,153.0,125.0,126.0,99.0,162.0,136.0,120.0,159.0,158.0,147.0,131.0,102.0,107.0,118.0,128.0,138.0,143.0,93.0,107.0,122.0,100.0,102.0,113.0,131.0,136.0,154.0,162.0,140.0,219.0,78.0,95.0,117.0,144.0,162.0,165.0,178.0,190.0,196.0,191.0,138.0,156.0,87.0,98.0,122.0,126.0,125.0,175.0,160.0,160.0,158.0,120.0,122.0,106.0,83.0,99.0,140.0,104.0,104.0,145.0,128.0,106.0,103.0,91.0,90.0,96.0,94.0,77.0,128.0,116.0,117.0,133.0,96.0
394346,217,"Athens, GA",msa,GA,52.0,47.0,66.0,78.0,67.0,73.0,49.0,83.0,46.0,39.0,59.0,38.0,29.0,44.0,60.0,61.0,70.0,70.0,65.0,66.0,45.0,45.0,77.0,91.0,51.0,59.0,95.0,45.0,64.0,88.0,74.0,55.0,64.0,85.0,86.0,101.0,42.0,66.0,71.0,76.0,65.0,42.0,68.0,73.0,49.0,34.0,30.0,38.0,34.0,50.0,50.0,43.0,47.0,38.0,34.0,38.0,27.0,27.0,22.0,22.0,26.0,46.0,35.0,53.0,62.0,57.0,50.0,39.0,30.0,41.0,21.0,29.0,51.0,60.0,47.0,51.0,69.0,40.0,45.0,39.0,40.0,32.0,37.0,37.0,39.0,35.0,29.0,44.0,30.0,25.0,30.0,30.0,23.0,33.0,22.0,29.0,17.0,21.0,24.0,19.0,28.0,22.0,27.0
394765,218,"Lake Havasu City, AZ",msa,AZ,85.0,76.0,93.0,79.0,90.0,92.0,63.0,77.0,72.0,83.0,57.0,66.0,72.0,78.0,135.0,114.0,91.0,101.0,110.0,93.0,77.0,75.0,79.0,100.0,96.0,141.0,120.0,95.0,101.0,172.0,116.0,146.0,149.0,105.0,123.0,146.0,111.0,119.0,138.0,120.0,119.0,141.0,118.0,128.0,114.0,113.0,108.0,139.0,123.0,94.0,132.0,146.0,145.0,167.0,96.0,120.0,122.0,82.0,91.0,119.0,85.0,67.0,99.0,107.0,101.0,134.0,105.0,108.0,70.0,111.0,84.0,83.0,69.0,70.0,95.0,106.0,121.0,90.0,77.0,100.0,93.0,110.0,75.0,103.0,66.0,104.0,97.0,108.0,129.0,134.0,93.0,77.0,105.0,64.0,63.0,94.0,51.0,65.0,95.0,96.0,88.0,83.0,61.0
394485,219,"Columbia, MO",msa,MO,19.0,29.0,34.0,37.0,70.0,45.0,42.0,40.0,22.0,35.0,24.0,26.0,16.0,25.0,40.0,36.0,55.0,45.0,29.0,30.0,23.0,34.0,16.0,26.0,19.0,25.0,42.0,35.0,45.0,46.0,51.0,65.0,44.0,43.0,49.0,37.0,32.0,41.0,57.0,46.0,41.0,62.0,47.0,60.0,43.0,54.0,47.0,72.0,33.0,47.0,57.0,47.0,49.0,44.0,41.0,32.0,33.0,31.0,27.0,23.0,16.0,36.0,33.0,39.0,61.0,46.0,48.0,32.0,33.0,28.0,33.0,15.0,23.0,14.0,45.0,58.0,65.0,38.0,36.0,27.0,31.0,29.0,27.0,18.0,15.0,30.0,36.0,39.0,54.0,43.0,31.0,26.0,25.0,24.0,19.0,25.0,14.0,22.0,29.0,42.0,39.0,40.0,32.0
394691,221,"Houma, LA",msa,LA,11.0,7.0,13.0,29.0,21.0,16.0,24.0,23.0,22.0,26.0,27.0,22.0,11.0,23.0,17.0,18.0,26.0,17.0,15.0,19.0,22.0,19.0,9.0,26.0,18.0,17.0,24.0,18.0,21.0,19.0,23.0,28.0,26.0,24.0,19.0,17.0,23.0,20.0,26.0,23.0,30.0,28.0,38.0,30.0,11.0,34.0,30.0,31.0,23.0,20.0,22.0,30.0,27.0,34.0,30.0,28.0,23.0,16.0,23.0,28.0,25.0,30.0,27.0,28.0,22.0,33.0,31.0,22.0,20.0,19.0,26.0,33.0,19.0,22.0,29.0,22.0,25.0,22.0,27.0,25.0,25.0,19.0,18.0,34.0,8.0,19.0,23.0,27.0,26.0,20.0,26.0,32.0,35.0,17.0,14.0,26.0,20.0,20.0,26.0,19.0,23.0,25.0,29.0
394872,222,"Monroe, LA",msa,LA,,,,,,,,,,,,,,,,,,,,,,,,,,,,,,,,,,,,,,,,,,,,,,,,,,,,,,,,,,,,,,,,,,,,,,,,,,,,,,,,,,,,,,,7.0,10.0,16.0,14.0,15.0,10.0,11.0,7.0,9.0,10.0,9.0,10.0,9.0,18.0,13.0,17.0,19.0
394565,223,"Elkhart, IN",msa,IN,,,,,,,,,,,,,,,,,,,,,,,,,,,,,,,,,,,,,,,,,,,,,,,,,,,,,,,,,,,,,,,,,,,,,,,,,,,,,,,,,,,,,,,,,,,,,,,,,,,,10.0,6.0,9.0,10.0
394726,224,"Johnson City, TN",msa,TN,16.0,26.0,18.0,29.0,27.0,30.0,25.0,26.0,14.0,19.0,20.0,22.0,22.0,25.0,22.0,30.0,37.0,18.0,21.0,29.0,22.0,24.0,14.0,26.0,28.0,27.0,23.0,28.0,20.0,35.0,36.0,48.0,41.0,28.0,31.0,28.0,26.0,27.0,35.0,40.0,36.0,28.0,18.0,29.0,18.0,28.0,24.0,57.0,29.0,36.0,56.0,44.0,30.0,40.0,41.0,29.0,28.0,28.0,21.0,21.0,18.0,20.0,44.0,38.0,44.0,58.0,32.0,22.0,34.0,34.0,31.0,38.0,30.0,36.0,30.0,34.0,51.0,48.0,46.0,50.0,32.0,45.0,30.0,40.0,36.0,28.0,26.0,25.0,52.0,63.0,41.0,50.0,45.0,35.0,25.0,44.0,29.0,22.0,35.0,36.0,54.0,54.0,28.0
395247,225,"Yuma, AZ",msa,AZ,50.0,58.0,69.0,65.0,95.0,94.0,80.0,98.0,64.0,87.0,72.0,87.0,44.0,93.0,72.0,87.0,91.0,96.0,97.0,108.0,85.0,101.0,76.0,98.0,81.0,79.0,87.0,102.0,92.0,88.0,93.0,85.0,93.0,82.0,81.0,106.0,101.0,124.0,102.0,120.0,111.0,106.0,95.0,117.0,114.0,75.0,88.0,106.0,102.0,82.0,93.0,90.0,95.0,88.0,53.0,83.0,79.0,73.0,55.0,57.0,45.0,57.0,41.0,73.0,59.0,58.0,58.0,49.0,66.0,55.0,58.0,54.0,47.0,81.0,71.0,63.0,82.0,68.0,76.0,77.0,60.0,76.0,70.0,73.0,56.0,53.0,43.0,59.0,40.0,42.0,37.0,42.0,35.0,36.0,28.0,45.0,33.0,44.0,41.0,39.0,36.0,46.0,41.0
394623,226,"Gainesville, GA",msa,GA,63.0,72.0,114.0,86.0,149.0,127.0,80.0,72.0,77.0,82.0,70.0,83.0,74.0,76.0,103.0,97.0,78.0,88.0,79.0,82.0,91.0,88.0,75.0,107.0,71.0,87.0,137.0,103.0,94.0,184.0,169.0,154.0,180.0,152.0,189.0,175.0,119.0,140.0,206.0,149.0,158.0,128.0,78.0,100.0,90.0,106.0,124.0,120.0,82.0,98.0,106.0,78.0,94.0,73.0,56.0,82.0,78.0,69.0,76.0,86.0,61.0,71.0,80.0,74.0,85.0,69.0,79.0,87.0,102.0,80.0,47.0,81.0,69.0,65.0,93.0,65.0,55.0,49.0,62.0,50.0,55.0,68.0,47.0,67.0,34.0,47.0,86.0,67.0,80.0,66.0,51.0,50.0,59.0,55.0,74.0,98.0,44.0,59.0,103.0,85.0,102.0,77.0,80.0
394716,227,"Jacksonville, NC",msa,NC,66.0,91.0,94.0,96.0,113.0,121.0,111.0,112.0,50.0,96.0,91.0,98.0,93.0,95.0,129.0,137.0,133.0,109.0,97.0,97.0,84.0,81.0,85.0,90.0,100.0,98.0,128.0,152.0,145.0,164.0,190.0,154.0,137.0,110.0,123.0,119.0,105.0,102.0,145.0,129.0,93.0,120.0,97.0,116.0,109.0,104.0,101.0,158.0,80.0,126.0,136.0,112.0,133.0,150.0,127.0,141.0,123.0,136.0,99.0,109.0,92.0,107.0,163.0,111.0,146.0,141.0,128.0,99.0,107.0,93.0,72.0,77.0,70.0,80.0,101.0,96.0,100.0,108.0,97.0,80.0,83.0,98.0,83.0,98.0,92.0,98.0,149.0,147.0,175.0,123.0,106.0,110.0,108.0,117.0,75.0,110.0,54.0,84.0,137.0,98.0,136.0,121.0,117.0
394597,228,"Florence, SC",msa,SC,20.0,30.0,39.0,24.0,30.0,38.0,33.0,35.0,19.0,22.0,29.0,18.0,19.0,25.0,24.0,45.0,30.0,25.0,35.0,29.0,30.0,25.0,21.0,26.0,31.0,42.0,42.0,35.0,33.0,41.0,44.0,42.0,45.0,25.0,32.0,32.0,31.0,44.0,31.0,43.0,29.0,37.0,35.0,42.0,32.0,38.0,37.0,51.0,35.0,43.0,56.0,46.0,49.0,30.0,33.0,58.0,56.0,47.0,27.0,35.0,34.0,35.0,70.0,60.0,51.0,44.0,63.0,47.0,73.0,58.0,45.0,43.0,43.0,46.0,48.0,43.0,43.0,44.0,27.0,49.0,61.0,40.0,47.0,66.0,31.0,36.0,41.0,36.0,35.0,32.0,37.0,52.0,59.0,41.0,45.0,39.0,29.0,27.0,40.0,45.0,39.0,58.0,52.0
394680,229,"Hilo, HI",msa,HI,27.0,24.0,34.0,23.0,27.0,22.0,33.0,25.0,24.0,24.0,20.0,34.0,21.0,29.0,32.0,25.0,29.0,18.0,40.0,25.0,29.0,30.0,33.0,31.0,32.0,21.0,20.0,17.0,17.0,23.0,24.0,19.0,21.0,36.0,36.0,34.0,27.0,33.0,36.0,31.0,22.0,18.0,28.0,23.0,19.0,14.0,28.0,28.0,19.0,16.0,25.0,26.0,23.0,35.0,19.0,22.0,22.0,17.0,24.0,15.0,14.0,9.0,10.0,20.0,19.0,29.0,21.0,29.0,22.0,25.0,17.0,15.0,15.0,26.0,20.0,25.0,36.0,28.0,36.0,33.0,25.0,32.0,37.0,49.0,30.0,22.0,28.0,25.0,20.0,25.0,24.0,27.0,16.0,27.0,24.0,37.0,26.0,16.0,28.0,18.0,37.0,27.0,31.0
395118,230,"St. Cloud, MN",msa,MN,17.0,17.0,33.0,23.0,39.0,28.0,27.0,36.0,30.0,29.0,12.0,10.0,12.0,10.0,16.0,30.0,24.0,26.0,23.0,37.0,19.0,24.0,13.0,12.0,12.0,13.0,27.0,13.0,26.0,37.0,20.0,26.0,32.0,25.0,19.0,19.0,16.0,22.0,20.0,20.0,29.0,21.0,17.0,17.0,17.0,18.0,15.0,8.0,16.0,16.0,22.0,18.0,24.0,17.0,9.0,12.0,9.0,21.0,7.0,13.0,10.0,9.0,10.0,23.0,13.0,15.0,12.0,18.0,18.0,12.0,8.0,9.0,12.0,11.0,8.0,15.0,17.0,18.0,11.0,19.0,18.0,17.0,7.0,11.0,15.0,9.0,12.0,7.0,22.0,16.0,12.0,13.0,17.0,12.0,14.0,11.0,11.0,6.0,13.0,15.0,19.0,20.0,22.0
395011,231,"Racine, WI",msa,WI,,,,,,,,,,,,,,,,,,,,,,,,,,,,,,,,,,,,,,,,,,,,,,,,,,,,,,,,,,,,,,,,,,,,,,,,,,5.0,12.0,8.0,16.0,9.0,5.0,18.0,8.0,13.0,12.0,7.0,9.0,15.0,13.0,19.0,16.0,19.0,13.0,12.0,19.0,13.0,9.0,8.0,12.0,18.0,25.0,15.0,25.0,17.0,18.0
394380,232,"Bend, OR",msa,OR,112.0,121.0,151.0,129.0,143.0,150.0,130.0,151.0,129.0,116.0,118.0,93.0,78.0,73.0,117.0,126.0,160.0,138.0,107.0,135.0,115.0,98.0,102.0,125.0,111.0,99.0,121.0,110.0,96.0,136.0,211.0,153.0,171.0,146.0,125.0,170.0,90.0,129.0,144.0,150.0,151.0,152.0,188.0,127.0,190.0,132.0,141.0,129.0,117.0,131.0,165.0,114.0,160.0,122.0,133.0,144.0,157.0,141.0,103.0,82.0,63.0,62.0,124.0,81.0,87.0,102.0,91.0,131.0,117.0,113.0,70.0,68.0,76.0,117.0,82.0,105.0,75.0,89.0,101.0,80.0,58.0,66.0,80.0,69.0,67.0,69.0,79.0,81.0,65.0,67.0,62.0,70.0,87.0,56.0,47.0,60.0,52.0,57.0,63.0,59.0,71.0,96.0,93.0
395202,234,"Warner Robins, GA",msa,GA,72.0,107.0,122.0,113.0,119.0,125.0,102.0,109.0,79.0,90.0,92.0,92.0,89.0,90.0,108.0,113.0,116.0,118.0,120.0,119.0,89.0,99.0,87.0,130.0,82.0,100.0,143.0,130.0,137.0,183.0,172.0,135.0,122.0,138.0,129.0,141.0,112.0,127.0,145.0,153.0,107.0,105.0,101.0,114.0,117.0,99.0,139.0,150.0,108.0,117.0,145.0,132.0,108.0,130.0,130.0,112.0,88.0,96.0,112.0,119.0,84.0,73.0,115.0,78.0,88.0,117.0,117.0,95.0,90.0,94.0,90.0,119.0,76.0,74.0,115.0,92.0,113.0,122.0,115.0,79.0,95.0,104.0,78.0,101.0,55.0,74.0,83.0,70.0,78.0,89.0,81.0,74.0,90.0,82.0,81.0,98.0,53.0,48.0,85.0,60.0,84.0,107.0,85.0
395151,235,"Terre Haute, IN",msa,IN,,,,,,,,,,,,,,,,,,,,,,,,,,,,,,,,,,,,,,,,,,,,,,,,,,,,,,,,,,,,,,,,,,,,,,,,,,,,,,,,,,,,,,,,,,,,,,,,,8.0,5.0,10.0,8.0,22.0,7.0,10.0
395009,237,"Punta Gorda, FL",msa,FL,55.0,47.0,51.0,52.0,70.0,52.0,29.0,65.0,80.0,68.0,67.0,80.0,92.0,109.0,93.0,106.0,99.0,87.0,78.0,94.0,114.0,86.0,87.0,108.0,110.0,104.0,134.0,96.0,127.0,160.0,140.0,126.0,132.0,119.0,124.0,144.0,141.0,133.0,185.0,161.0,149.0,146.0,126.0,150.0,151.0,126.0,156.0,139.0,129.0,143.0,167.0,134.0,173.0,165.0,172.0,167.0,141.0,107.0,144.0,192.0,151.0,177.0,271.0,236.0,312.0,261.0,253.0,243.0,258.0,257.0,282.0,268.0,216.0,241.0,258.0,229.0,248.0,222.0,192.0,234.0,170.0,208.0,207.0,221.0,144.0,162.0,204.0,234.0,265.0,212.0,171.0,217.0,191.0,210.0,204.0,221.0,142.0,160.0,157.0,156.0,176.0,212.0,174.0
394386,239,"Billings, MT",msa,MT,12.0,23.0,23.0,32.0,25.0,39.0,30.0,30.0,16.0,21.0,28.0,24.0,23.0,18.0,19.0,19.0,36.0,28.0,27.0,31.0,28.0,23.0,25.0,32.0,27.0,16.0,30.0,36.0,32.0,35.0,46.0,45.0,40.0,33.0,32.0,37.0,26.0,17.0,41.0,33.0,32.0,29.0,22.0,27.0,26.0,27.0,23.0,22.0,26.0,38.0,53.0,41.0,33.0,26.0,34.0,22.0,34.0,20.0,28.0,21.0,18.0,22.0,25.0,25.0,42.0,34.0,29.0,35.0,29.0,28.0,21.0,23.0,13.0,21.0,25.0,29.0,35.0,27.0,22.0,30.0,27.0,23.0,22.0,29.0,27.0,14.0,25.0,38.0,26.0,31.0,31.0,28.0,24.0,29.0,19.0,23.0,23.0,13.0,18.0,29.0,30.0,21.0,37.0
395018,240,"Redding, CA",msa,CA,,,,,,,,,,,,,,,,,,,,,,,,,,,,,,,,,,,,,,,,,,,,,,,,,,,,,,,,,,,,,,,,,,,,,,12.0,11.0,16.0,9.0,18.0,8.0,16.0,9.0,13.0,13.0,11.0,9.0,5.0,15.0,5.0,6.0,12.0,13.0,8.0,5.0,17.0,7.0,16.0,18.0,8.0,15.0,23.0,17.0,16.0,35.0,12.0,6.0,6.0,17.0
394748,241,"Kingston, NY",msa,NY,,,,,,,,,,,,,,,,,,,,,,,,,,,,,,,,,,,,,,,,,,,,,,,,,,,,,,,,,,,,,,,,,,,,,,,,,,,,,,,,,,,,,,,,,,,,,,,,,,,,,,,7.0
394960,242,"Panama City, FL",msa,FL,54.0,47.0,62.0,60.0,76.0,90.0,76.0,83.0,70.0,23.0,36.0,75.0,63.0,96.0,124.0,74.0,96.0,97.0,107.0,85.0,90.0,81.0,67.0,65.0,77.0,86.0,97.0,57.0,125.0,203.0,130.0,142.0,129.0,161.0,113.0,114.0,147.0,153.0,222.0,159.0,180.0,204.0,217.0,216.0,225.0,147.0,164.0,168.0,126.0,126.0,273.0,172.0,125.0,241.0,110.0,136.0,116.0,129.0,113.0,173.0,131.0,146.0,212.0,125.0,183.0,169.0,138.0,150.0,131.0,116.0,107.0,137.0,99.0,93.0,124.0,105.0,144.0,134.0,141.0,130.0,116.0,83.0,91.0,85.0,57.0,69.0,89.0,96.0,113.0,122.0,97.0,121.0,114.0,103.0,116.0,140.0,74.0,101.0,127.0,130.0,129.0,145.0,130.0
394729,243,"Joplin, MO",msa,MO,11.0,15.0,17.0,21.0,11.0,17.0,21.0,16.0,15.0,12.0,17.0,16.0,10.0,7.0,9.0,24.0,18.0,22.0,20.0,18.0,12.0,16.0,9.0,18.0,23.0,25.0,35.0,24.0,27.0,32.0,27.0,19.0,30.0,27.0,25.0,30.0,23.0,31.0,23.0,26.0,31.0,25.0,17.0,19.0,24.0,31.0,33.0,26.0,37.0,27.0,23.0,47.0,28.0,41.0,21.0,26.0,30.0,31.0,20.0,20.0,28.0,10.0,,24.0,20.0,32.0,29.0,21.0,25.0,24.0,27.0,21.0,9.0,24.0,25.0,22.0,28.0,30.0,17.0,13.0,18.0,21.0,19.0,25.0,25.0,18.0,25.0,24.0,24.0,20.0,17.0,19.0,21.0,19.0,30.0,22.0,18.0,25.0,25.0,31.0,27.0,26.0,26.0
394539,244,"Dover, DE",msa,DE,79.0,70.0,96.0,86.0,98.0,97.0,92.0,84.0,72.0,81.0,75.0,62.0,68.0,78.0,82.0,73.0,78.0,65.0,74.0,77.0,66.0,69.0,67.0,93.0,59.0,65.0,61.0,66.0,70.0,93.0,90.0,98.0,81.0,87.0,98.0,88.0,105.0,60.0,,104.0,99.0,103.0,90.0,94.0,84.0,104.0,99.0,104.0,95.0,90.0,87.0,81.0,91.0,84.0,95.0,84.0,75.0,87.0,51.0,71.0,55.0,65.0,92.0,75.0,86.0,77.0,38.0,,51.0,72.0,74.0,63.0,56.0,67.0,60.0,57.0,71.0,61.0,78.0,69.0,54.0,82.0,69.0,79.0,57.0,57.0,49.0,68.0,55.0,58.0,51.0,34.0,33.0,39.0,39.0,28.0,32.0,17.0,23.0,23.0,42.0,31.0,24.0
394712,246,"Jackson, TN",msa,TN,11.0,19.0,26.0,20.0,25.0,24.0,22.0,21.0,18.0,22.0,15.0,18.0,19.0,22.0,27.0,38.0,23.0,21.0,19.0,24.0,22.0,22.0,19.0,15.0,34.0,32.0,30.0,34.0,30.0,37.0,46.0,31.0,30.0,27.0,34.0,37.0,25.0,22.0,29.0,27.0,19.0,24.0,18.0,30.0,33.0,34.0,33.0,32.0,39.0,34.0,28.0,25.0,41.0,21.0,31.0,29.0,32.0,27.0,12.0,6.0,14.0,19.0,24.0,25.0,39.0,33.0,32.0,36.0,41.0,20.0,23.0,22.0,10.0,31.0,33.0,27.0,38.0,32.0,16.0,28.0,20.0,28.0,31.0,25.0,20.0,13.0,32.0,30.0,33.0,36.0,24.0,17.0,25.0,32.0,14.0,19.0,20.0,21.0,35.0,20.0,34.0,32.0,22.0
395246,247,"Yuba City, CA",msa,CA,20.0,24.0,17.0,19.0,20.0,24.0,16.0,25.0,21.0,22.0,30.0,32.0,34.0,22.0,29.0,41.0,44.0,24.0,33.0,29.0,33.0,40.0,30.0,43.0,37.0,31.0,52.0,35.0,29.0,40.0,55.0,43.0,42.0,37.0,39.0,36.0,22.0,37.0,43.0,41.0,30.0,47.0,48.0,39.0,46.0,32.0,50.0,49.0,27.0,41.0,61.0,38.0,36.0,45.0,44.0,34.0,38.0,47.0,45.0,42.0,33.0,40.0,54.0,28.0,40.0,18.0,46.0,47.0,52.0,56.0,36.0,20.0,28.0,43.0,27.0,33.0,29.0,17.0,18.0,25.0,33.0,29.0,31.0,28.0,24.0,33.0,37.0,37.0,35.0,30.0,31.0,20.0,34.0,39.0,30.0,34.0,9.0,18.0,19.0,21.0,13.0,17.0,19.0
394406,248,"Bowling Green, KY",msa,KY,11.0,17.0,26.0,27.0,24.0,25.0,29.0,19.0,20.0,32.0,11.0,18.0,12.0,16.0,20.0,21.0,22.0,10.0,28.0,18.0,23.0,19.0,17.0,16.0,8.0,9.0,21.0,23.0,20.0,11.0,27.0,14.0,22.0,17.0,7.0,10.0,29.0,33.0,52.0,53.0,62.0,51.0,52.0,38.0,43.0,53.0,55.0,39.0,31.0,49.0,55.0,50.0,68.0,43.0,47.0,41.0,54.0,45.0,30.0,44.0,27.0,36.0,48.0,54.0,51.0,53.0,42.0,44.0,50.0,53.0,26.0,31.0,28.0,32.0,48.0,49.0,56.0,61.0,42.0,40.0,31.0,38.0,40.0,35.0,27.0,30.0,52.0,39.0,46.0,47.0,33.0,47.0,35.0,21.0,27.0,33.0,22.0,29.0,38.0,53.0,38.0,41.0,36.0
395119,249,"St. George, UT",msa,UT,87.0,110.0,130.0,136.0,174.0,148.0,150.0,136.0,116.0,134.0,137.0,136.0,116.0,88.0,136.0,155.0,191.0,143.0,165.0,148.0,134.0,147.0,153.0,152.0,130.0,140.0,139.0,162.0,170.0,194.0,252.0,210.0,217.0,219.0,163.0,183.0,150.0,191.0,228.0,186.0,161.0,172.0,161.0,150.0,182.0,151.0,168.0,221.0,181.0,168.0,204.0,134.0,135.0,157.0,103.0,120.0,113.0,98.0,105.0,127.0,95.0,103.0,135.0,135.0,167.0,143.0,149.0,149.0,108.0,135.0,105.0,130.0,107.0,105.0,138.0,134.0,139.0,105.0,114.0,133.0,97.0,118.0,105.0,122.0,73.0,111.0,87.0,145.0,126.0,124.0,115.0,112.0,115.0,106.0,120.0,136.0,92.0,107.0,143.0,105.0,113.0,131.0,100.0
394896,250,"Muskegon, MI",msa,MI,,8.0,9.0,9.0,9.0,9.0,8.0,7.0,12.0,8.0,10.0,11.0,9.0,15.0,18.0,16.0,12.0,13.0,13.0,14.0,13.0,13.0,10.0,10.0,9.0,12.0,10.0,7.0,11.0,12.0,23.0,21.0,22.0,23.0,5.0,12.0,13.0,20.0,21.0,21.0,17.0,15.0,19.0,12.0,21.0,7.0,16.0,15.0,18.0,24.0,18.0,22.0,14.0,16.0,13.0,11.0,17.0,9.0,17.0,16.0,15.0,15.0,17.0,16.0,16.0,26.0,15.0,27.0,17.0,10.0,9.0,14.0,11.0,13.0,27.0,17.0,14.0,20.0,23.0,20.0,18.0,20.0,11.0,13.0,14.0,12.0,14.0,17.0,21.0,12.0,14.0,17.0,19.0,19.0,13.0,13.0,10.0,15.0,20.0,14.0,11.0,17.0,11.0
394299,251,"Abilene, TX",msa,TX,23.0,37.0,40.0,22.0,33.0,32.0,29.0,34.0,42.0,15.0,18.0,25.0,16.0,19.0,27.0,24.0,24.0,21.0,39.0,28.0,26.0,31.0,12.0,31.0,23.0,27.0,26.0,32.0,23.0,34.0,41.0,35.0,28.0,41.0,32.0,47.0,24.0,18.0,41.0,26.0,38.0,38.0,35.0,37.0,31.0,33.0,33.0,37.0,26.0,33.0,33.0,35.0,37.0,40.0,45.0,45.0,33.0,34.0,24.0,26.0,15.0,36.0,44.0,28.0,44.0,34.0,28.0,33.0,30.0,23.0,21.0,21.0,23.0,24.0,27.0,33.0,39.0,33.0,31.0,31.0,45.0,16.0,38.0,22.0,24.0,30.0,40.0,53.0,33.0,55.0,56.0,47.0,47.0,56.0,41.0,80.0,32.0,50.0,52.0,55.0,65.0,91.0,52.0
394707,252,"Iowa City, IA",msa,IA,19.0,19.0,51.0,41.0,62.0,97.0,65.0,61.0,45.0,44.0,37.0,25.0,18.0,23.0,26.0,33.0,53.0,69.0,61.0,36.0,27.0,31.0,18.0,18.0,20.0,12.0,35.0,38.0,49.0,69.0,68.0,42.0,51.0,44.0,34.0,50.0,23.0,24.0,31.0,58.0,71.0,79.0,67.0,84.0,37.0,51.0,41.0,44.0,30.0,38.0,41.0,56.0,66.0,62.0,59.0,62.0,39.0,41.0,31.0,13.0,11.0,24.0,38.0,59.0,53.0,72.0,36.0,72.0,47.0,39.0,34.0,22.0,22.0,25.0,40.0,56.0,49.0,57.0,58.0,43.0,28.0,34.0,35.0,28.0,19.0,19.0,39.0,63.0,58.0,63.0,40.0,42.0,39.0,30.0,23.0,49.0,12.0,13.0,40.0,39.0,71.0,76.0,58.0
394351,253,"Auburn, AL",msa,AL,48.0,39.0,67.0,65.0,68.0,75.0,58.0,66.0,54.0,50.0,70.0,56.0,40.0,37.0,60.0,63.0,62.0,57.0,69.0,73.0,60.0,67.0,64.0,50.0,59.0,76.0,68.0,71.0,77.0,100.0,138.0,99.0,94.0,94.0,89.0,94.0,83.0,78.0,106.0,117.0,132.0,99.0,127.0,125.0,129.0,136.0,132.0,143.0,116.0,140.0,145.0,170.0,140.0,151.0,131.0,119.0,108.0,86.0,116.0,111.0,77.0,98.0,80.0,90.0,88.0,98.0,78.0,137.0,94.0,94.0,88.0,97.0,66.0,72.0,95.0,117.0,101.0,97.0,112.0,91.0,106.0,103.0,90.0,101.0,58.0,90.0,88.0,86.0,117.0,99.0,117.0,103.0,73.0,90.0,72.0,96.0,57.0,61.0,60.0,90.0,103.0,99.0,128.0
394860,254,"Midland, TX",msa,TX,64.0,58.0,61.0,68.0,72.0,55.0,59.0,64.0,47.0,74.0,61.0,61.0,55.0,56.0,58.0,55.0,54.0,65.0,78.0,70.0,46.0,46.0,56.0,65.0,44.0,61.0,62.0,62.0,62.0,69.0,81.0,65.0,81.0,74.0,48.0,46.0,40.0,38.0,57.0,41.0,45.0,47.0,34.0,49.0,47.0,32.0,39.0,47.0,53.0,60.0,77.0,81.0,52.0,78.0,67.0,68.0,64.0,56.0,90.0,67.0,49.0,78.0,83.0,55.0,50.0,39.0,44.0,24.0,40.0,31.0,30.0,43.0,16.0,27.0,43.0,30.0,50.0,25.0,17.0,32.0,23.0,47.0,42.0,44.0,36.0,22.0,51.0,39.0,41.0,32.0,27.0,35.0,37.0,32.0,32.0,36.0,18.0,27.0,46.0,21.0,20.0,30.0,25.0
394671,255,"Hattiesburg, MS",msa,MS,19.0,18.0,15.0,22.0,16.0,18.0,26.0,16.0,17.0,20.0,14.0,16.0,17.0,13.0,19.0,19.0,19.0,29.0,18.0,23.0,20.0,13.0,16.0,19.0,8.0,12.0,5.0,21.0,17.0,17.0,10.0,13.0,22.0,13.0,21.0,30.0,15.0,20.0,27.0,24.0,24.0,28.0,22.0,26.0,17.0,28.0,20.0,18.0,12.0,16.0,18.0,20.0,21.0,25.0,10.0,21.0,10.0,21.0,12.0,13.0,10.0,14.0,19.0,15.0,25.0,20.0,29.0,17.0,26.0,11.0,16.0,23.0,6.0,15.0,19.0,17.0,16.0,16.0,9.0,10.0,13.0,11.0,14.0,24.0,9.0,18.0,20.0,16.0,21.0,17.0,13.0,23.0,11.0,18.0,7.0,12.0,12.0,17.0,16.0,22.0,19.0,20.0,18.0
753869,255,"Bloomington, IL",msa,IL,,,,,,,,,,,,,,,,,,,,,,,,,,,,,,,,,,,,,,,,,,,,,,,,,,,,,,,,,,,,,,,,,,,,,,,,,,,,,,,,,,,,,,,,,,,,,,,,,,,,,9.0,7.0,8.0
394944,257,"Oshkosh, WI",msa,WI,,,,,,,,,,,,,,,,,,,,,,,,,,,,,,,,,,,,,,,,,,,,,,,,,,,,,,,,,,,,,,,,,,,,,,,,,,,,,,,,,,,,,,,,,,,,,,,,,,,,,,8.0,7.0
394555,258,"Eau Claire, WI",msa,WI,,,,,,,,,,,,,,,,,,,,,,,,,,,,,,,,,,,,,,,,,,,,,,,,,,,,,,,,,,,,,,,,,,,,,,,,,,,,,,,,,,,,,,,,,,,,,,,,,,5.0,8.0,13.0,13.0,12.0,13.0
394651,259,"Greenville, NC",msa,NC,29.0,30.0,67.0,59.0,73.0,77.0,65.0,71.0,36.0,40.0,43.0,56.0,37.0,42.0,58.0,44.0,69.0,79.0,47.0,60.0,39.0,43.0,44.0,62.0,53.0,60.0,75.0,59.0,60.0,86.0,92.0,46.0,87.0,60.0,63.0,59.0,47.0,46.0,62.0,57.0,51.0,60.0,44.0,44.0,41.0,78.0,29.0,48.0,45.0,51.0,58.0,37.0,46.0,69.0,40.0,38.0,44.0,33.0,38.0,57.0,36.0,41.0,60.0,41.0,56.0,52.0,53.0,62.0,66.0,46.0,45.0,45.0,49.0,56.0,67.0,70.0,67.0,60.0,69.0,52.0,61.0,67.0,82.0,95.0,45.0,56.0,61.0,71.0,69.0,71.0,44.0,71.0,67.0,43.0,71.0,74.0,38.0,47.0,56.0,47.0,54.0,65.0,74.0
394428,260,"Burlington, NC",msa,NC,50.0,65.0,85.0,111.0,113.0,86.0,93.0,68.0,70.0,64.0,53.0,81.0,49.0,76.0,73.0,50.0,83.0,65.0,53.0,64.0,51.0,69.0,53.0,66.0,34.0,51.0,54.0,57.0,100.0,72.0,95.0,70.0,72.0,82.0,64.0,90.0,78.0,91.0,72.0,71.0,48.0,80.0,64.0,66.0,92.0,68.0,71.0,113.0,61.0,57.0,96.0,54.0,76.0,47.0,59.0,50.0,60.0,62.0,45.0,81.0,46.0,39.0,94.0,67.0,71.0,88.0,58.0,78.0,65.0,86.0,77.0,71.0,70.0,60.0,96.0,100.0,104.0,87.0,94.0,93.0,69.0,113.0,114.0,111.0,73.0,77.0,96.0,89.0,116.0,83.0,104.0,91.0,91.0,73.0,60.0,73.0,40.0,45.0,59.0,76.0,55.0,52.0,57.0
395210,261,"Waterloo, IA",msa,IA,,,,,,,,,,,,,,,,,,,,,,,,,,,,,,,,,,,,,,,,,,,,,,,,,,,,,,,,,,,,,,,,,,,,,,,,,,,,,,,,,,,,,,,,,,,,,,,,,,,11.0,5.0,10.0,13.0,5.0
394480,262,"Coeur d'Alene, ID",msa,ID,75.0,73.0,79.0,72.0,85.0,76.0,98.0,117.0,94.0,92.0,102.0,73.0,61.0,78.0,69.0,97.0,103.0,77.0,91.0,101.0,107.0,92.0,107.0,82.0,79.0,69.0,102.0,91.0,97.0,117.0,132.0,118.0,134.0,156.0,111.0,118.0,93.0,90.0,106.0,105.0,89.0,89.0,103.0,117.0,98.0,94.0,110.0,115.0,104.0,88.0,117.0,117.0,153.0,103.0,118.0,103.0,119.0,129.0,119.0,100.0,88.0,129.0,140.0,101.0,138.0,73.0,76.0,84.0,67.0,95.0,89.0,93.0,58.0,65.0,90.0,78.0,98.0,87.0,87.0,74.0,101.0,85.0,86.0,92.0,66.0,76.0,69.0,80.0,94.0,80.0,63.0,80.0,85.0,89.0,76.0,81.0,57.0,59.0,74.0,61.0,72.0,88.0,72.0
394553,263,"East Stroudsburg, PA",msa,PA,,,,,,,,,,,,,,,,,,,,,,,,,,,,,,,,,,,,,,,,,,,,,,,,,,,,,,,,,,,,,,,,,,,,,,,,,,,,,,,,,,,,,,,,,7.0,10.0,5.0,8.0,10.0,5.0,7.0,8.0,5.0,6.0,8.0,8.0,11.0,6.0,8.0
395007,264,"Pueblo, CO",msa,CO,29.0,38.0,42.0,28.0,47.0,32.0,32.0,40.0,23.0,28.0,31.0,25.0,27.0,34.0,38.0,43.0,55.0,35.0,45.0,26.0,28.0,35.0,34.0,31.0,39.0,43.0,54.0,65.0,37.0,43.0,70.0,58.0,49.0,50.0,44.0,40.0,66.0,66.0,71.0,54.0,36.0,55.0,46.0,44.0,51.0,40.0,42.0,43.0,52.0,53.0,71.0,40.0,44.0,59.0,35.0,33.0,41.0,32.0,28.0,29.0,30.0,41.0,40.0,53.0,40.0,31.0,17.0,29.0,24.0,21.0,19.0,22.0,16.0,23.0,29.0,35.0,17.0,24.0,13.0,22.0,15.0,15.0,12.0,8.0,6.0,15.0,21.0,13.0,20.0,17.0,10.0,14.0,14.0,13.0,9.0,8.0,5.0,10.0,14.0,12.0,9.0,10.0,7.0
394720,268,"Janesville, WI",msa,WI,,,,,,,,,,,,,,,,,,,,,,,,,,,,,,,,,,,,,,,,,,,,,,,,,,,,,,,,,,,,,,6.0,19.0,13.0,9.0,14.0,20.0,19.0,16.0,23.0,17.0,14.0,17.0,11.0,19.0,32.0,28.0,32.0,22.0,20.0,24.0,23.0,12.0,21.0,14.0,11.0,14.0,17.0,24.0,28.0,26.0,23.0,12.0,20.0,18.0,11.0,18.0,12.0,14.0,22.0,25.0,34.0,26.0
394930,271,"Odessa, TX",msa,TX,25.0,45.0,40.0,32.0,43.0,43.0,43.0,44.0,41.0,51.0,30.0,30.0,25.0,31.0,27.0,35.0,27.0,26.0,37.0,23.0,29.0,48.0,34.0,32.0,26.0,22.0,14.0,24.0,28.0,34.0,23.0,16.0,34.0,19.0,31.0,30.0,13.0,21.0,29.0,27.0,14.0,22.0,30.0,51.0,32.0,26.0,37.0,26.0,31.0,36.0,38.0,26.0,40.0,34.0,39.0,23.0,38.0,18.0,26.0,42.0,28.0,36.0,43.0,22.0,24.0,19.0,17.0,19.0,25.0,20.0,11.0,23.0,19.0,24.0,49.0,44.0,40.0,39.0,38.0,26.0,31.0,24.0,20.0,33.0,22.0,32.0,32.0,31.0,29.0,46.0,30.0,26.0,17.0,47.0,38.0,34.0,16.0,18.0,42.0,44.0,53.0,52.0,39.0
395125,273,"State College, PA",msa,PA,19.0,19.0,16.0,24.0,12.0,14.0,21.0,16.0,18.0,21.0,15.0,23.0,11.0,11.0,19.0,18.0,18.0,28.0,13.0,15.0,11.0,13.0,17.0,13.0,17.0,13.0,11.0,8.0,11.0,20.0,17.0,15.0,26.0,12.0,17.0,27.0,16.0,15.0,13.0,16.0,9.0,16.0,22.0,20.0,11.0,16.0,22.0,11.0,10.0,16.0,15.0,22.0,20.0,22.0,20.0,20.0,15.0,17.0,11.0,22.0,12.0,9.0,14.0,15.0,21.0,21.0,10.0,17.0,19.0,19.0,11.0,13.0,20.0,12.0,18.0,26.0,23.0,20.0,17.0,19.0,19.0,16.0,11.0,8.0,12.0,9.0,18.0,26.0,13.0,11.0,17.0,17.0,15.0,18.0,20.0,24.0,9.0,12.0,16.0,15.0,21.0,15.0,18.0
395079,274,"Sebastian, FL",msa,FL,44.0,56.0,61.0,60.0,75.0,71.0,59.0,76.0,71.0,71.0,85.0,101.0,81.0,70.0,96.0,66.0,85.0,101.0,97.0,66.0,68.0,103.0,103.0,83.0,53.0,59.0,103.0,71.0,68.0,75.0,90.0,120.0,94.0,90.0,83.0,77.0,59.0,73.0,135.0,83.0,69.0,86.0,72.0,74.0,94.0,88.0,86.0,127.0,84.0,97.0,117.0,95.0,88.0,95.0,67.0,82.0,63.0,49.0,58.0,62.0,43.0,44.0,79.0,53.0,75.0,80.0,94.0,68.0,60.0,39.0,33.0,36.0,52.0,45.0,43.0,60.0,50.0,46.0,76.0,58.0,52.0,46.0,56.0,77.0,49.0,50.0,55.0,66.0,59.0,57.0,43.0,57.0,41.0,58.0,49.0,51.0,31.0,45.0,78.0,39.0,37.0,68.0,55.0
394814,275,"Madera, CA",msa,CA,36.0,33.0,58.0,36.0,47.0,31.0,26.0,32.0,34.0,19.0,29.0,18.0,28.0,34.0,38.0,33.0,41.0,43.0,36.0,32.0,32.0,31.0,45.0,52.0,37.0,37.0,45.0,38.0,48.0,54.0,54.0,45.0,36.0,54.0,62.0,62.0,46.0,53.0,54.0,63.0,49.0,69.0,49.0,62.0,67.0,51.0,57.0,35.0,36.0,48.0,57.0,51.0,58.0,66.0,56.0,48.0,44.0,30.0,37.0,27.0,17.0,29.0,40.0,44.0,45.0,67.0,56.0,88.0,69.0,66.0,66.0,66.0,50.0,47.0,48.0,41.0,56.0,72.0,78.0,80.0,64.0,68.0,111.0,64.0,55.0,50.0,38.0,40.0,39.0,34.0,19.0,49.0,41.0,47.0,44.0,44.0,17.0,10.0,15.0,14.0,14.0,7.0,6.0
394523,276,"Decatur, AL",msa,AL,,,,,,,,,,,,,,,,,,,,,,,,,,,,,,,,,,,,,,,,,,,,,,,,,,,,,,,,,,,8.0,15.0,7.0,16.0,17.0,19.0,19.0,32.0,29.0,19.0,14.0,10.0,15.0,13.0,18.0,24.0,23.0,29.0,25.0,24.0,14.0,17.0,17.0,25.0,17.0,17.0,16.0,13.0,16.0,14.0,24.0,21.0,9.0,19.0,20.0,25.0,13.0,14.0,6.0,17.0,14.0,21.0,39.0,17.0,34.0
394453,277,"Chambersburg, PA",msa,PA,15.0,10.0,19.0,16.0,20.0,13.0,20.0,13.0,18.0,9.0,10.0,6.0,7.0,12.0,10.0,11.0,10.0,11.0,18.0,15.0,12.0,12.0,15.0,11.0,19.0,9.0,17.0,19.0,15.0,19.0,16.0,25.0,16.0,24.0,9.0,20.0,13.0,24.0,19.0,22.0,16.0,13.0,17.0,17.0,13.0,19.0,16.0,25.0,19.0,18.0,12.0,16.0,10.0,21.0,17.0,14.0,12.0,12.0,10.0,15.0,8.0,18.0,17.0,13.0,10.0,15.0,19.0,23.0,25.0,8.0,11.0,26.0,27.0,20.0,18.0,21.0,22.0,19.0,17.0,10.0,6.0,17.0,7.0,14.0,8.0,10.0,17.0,27.0,20.0,18.0,20.0,23.0,10.0,17.0,13.0,18.0,8.0,7.0,16.0,13.0,11.0,13.0,14.0
394703,279,"Idaho Falls, ID",msa,ID,19.0,13.0,21.0,24.0,15.0,22.0,20.0,39.0,27.0,35.0,17.0,18.0,28.0,18.0,27.0,38.0,24.0,22.0,32.0,33.0,23.0,30.0,32.0,33.0,17.0,16.0,30.0,22.0,26.0,27.0,31.0,37.0,39.0,36.0,30.0,27.0,27.0,23.0,32.0,40.0,24.0,19.0,24.0,33.0,24.0,25.0,26.0,26.0,29.0,31.0,34.0,28.0,51.0,35.0,26.0,36.0,46.0,34.0,35.0,29.0,38.0,21.0,38.0,32.0,36.0,25.0,24.0,32.0,35.0,22.0,32.0,25.0,16.0,41.0,25.0,31.0,25.0,20.0,22.0,22.0,19.0,34.0,35.0,20.0,18.0,26.0,25.0,22.0,34.0,24.0,28.0,36.0,22.0,26.0,16.0,17.0,18.0,23.0,23.0,20.0,21.0,17.0,19.0
394639,280,"Grand Junction, CO",msa,CO,56.0,54.0,66.0,96.0,77.0,55.0,60.0,59.0,55.0,45.0,37.0,26.0,38.0,48.0,66.0,57.0,60.0,45.0,44.0,55.0,39.0,42.0,38.0,40.0,39.0,42.0,67.0,50.0,43.0,72.0,70.0,81.0,50.0,51.0,51.0,61.0,64.0,60.0,75.0,56.0,66.0,59.0,53.0,56.0,40.0,52.0,53.0,62.0,46.0,52.0,60.0,72.0,61.0,56.0,34.0,37.0,47.0,32.0,31.0,32.0,35.0,19.0,27.0,48.0,54.0,45.0,33.0,39.0,30.0,21.0,24.0,22.0,17.0,34.0,43.0,46.0,49.0,38.0,37.0,47.0,30.0,30.0,35.0,36.0,19.0,30.0,37.0,54.0,30.0,36.0,42.0,25.0,18.0,29.0,22.0,32.0,12.0,22.0,25.0,32.0,23.0,26.0,39.0
394563,281,"Elizabethtown, KY",msa,KY,9.0,10.0,15.0,14.0,20.0,20.0,11.0,14.0,13.0,12.0,17.0,9.0,5.0,9.0,17.0,30.0,22.0,12.0,11.0,20.0,16.0,12.0,7.0,6.0,11.0,14.0,20.0,7.0,11.0,23.0,20.0,15.0,9.0,12.0,8.0,10.0,11.0,9.0,32.0,19.0,14.0,14.0,12.0,19.0,16.0,12.0,21.0,19.0,18.0,15.0,21.0,26.0,18.0,19.0,11.0,16.0,22.0,9.0,6.0,14.0,14.0,22.0,26.0,20.0,29.0,41.0,30.0,29.0,34.0,29.0,23.0,28.0,22.0,22.0,26.0,42.0,40.0,38.0,35.0,24.0,26.0,25.0,22.0,31.0,21.0,29.0,25.0,39.0,31.0,38.0,22.0,35.0,20.0,15.0,30.0,32.0,19.0,25.0,27.0,43.0,36.0,41.0,31.0
394873,283,"Monroe, MI",msa,MI,,,,,,,,,,,,,,,,,,,,,,,,,,,,,,,,,,,,,,,,,,,,,,,,,,,,,,,,,,,,,,,,,,,,,,,,,,,,,,,,,,,,,,,,,,,,,,,,,,,,,,9.0,6.0
395066,284,"Santa Fe, NM",msa,NM,,,,,,,,,,,,,,,,,,,,,,,,,,,,,,,,,,,,,,,,,,,,,,,,,,,,,,,,,,6.0,8.0,8.0,9.0,25.0,16.0,10.0,22.0,20.0,21.0,17.0,15.0,12.0,13.0,13.0,9.0,13.0,20.0,17.0,12.0,10.0,12.0,11.0,16.0,17.0,15.0,18.0,8.0,9.0,11.0,15.0,9.0,24.0,13.0,15.0,15.0,15.0,10.0,15.0,11.0,24.0,13.0,8.0,15.0,21.0,12.0
394493,285,"Concord, NH",msa,NH,,,,,,,,,,,,,,,,,,,,,,,,,,,,,,,,,,,,,,,,,,,,,,,,,,,,,,,,,,,,,,,,,,,,,,,,,,,,,,,,,,,,,,,,,,,,,,,,,,,11.0,10.0,10.0,8.0,14.0
395163,287,"Traverse City, MI",msa,MI,,,,,,,,,,,,,,,,,,,,,,,,,,,17.0,9.0,5.0,16.0,14.0,17.0,15.0,23.0,11.0,15.0,15.0,12.0,22.0,34.0,28.0,38.0,35.0,15.0,12.0,19.0,12.0,28.0,7.0,10.0,12.0,9.0,9.0,12.0,8.0,13.0,12.0,9.0,8.0,15.0,8.0,13.0,30.0,14.0,16.0,9.0,10.0,16.0,19.0,19.0,21.0,22.0,9.0,20.0,32.0,23.0,22.0,22.0,26.0,33.0,20.0,16.0,23.0,24.0,9.0,18.0,19.0,23.0,24.0,31.0,35.0,19.0,26.0,27.0,17.0,13.0,,16.0,16.0,16.0,17.0,15.0,12.0
394685,289,"Homosassa Springs, FL",msa,FL,33.0,29.0,50.0,36.0,47.0,42.0,30.0,37.0,18.0,36.0,15.0,28.0,22.0,31.0,37.0,36.0,47.0,42.0,38.0,44.0,33.0,28.0,18.0,35.0,43.0,44.0,52.0,37.0,40.0,48.0,37.0,45.0,51.0,34.0,30.0,39.0,53.0,66.0,66.0,65.0,42.0,38.0,34.0,36.0,50.0,52.0,42.0,56.0,62.0,70.0,79.0,71.0,68.0,74.0,71.0,58.0,78.0,85.0,58.0,74.0,66.0,76.0,109.0,68.0,84.0,104.0,71.0,81.0,87.0,59.0,54.0,51.0,81.0,81.0,73.0,104.0,96.0,90.0,88.0,71.0,54.0,73.0,60.0,97.0,91.0,84.0,78.0,80.0,89.0,109.0,96.0,76.0,104.0,86.0,89.0,123.0,79.0,96.0,101.0,126.0,128.0,140.0,124.0
394662,290,"Hanford, CA",msa,CA,,,,,,,,,,,,,,,,,,,,,,,,,,,,,,,,,,,,,,,,,,,,,,,,,,,,,,,,,,,,,,18.0,16.0,34.0,19.0,25.0,40.0,29.0,37.0,47.0,35.0,38.0,18.0,28.0,41.0,34.0,40.0,49.0,45.0,53.0,44.0,47.0,44.0,51.0,21.0,27.0,47.0,35.0,43.0,46.0,27.0,36.0,29.0,28.0,27.0,17.0,11.0,7.0,9.0,8.0,7.0,6.0,10.0
394723,291,"Jefferson City, MO",msa,MO,,,,,,,,,,,,,,,,,,,,,,,,,,,,,,,,,,,,,,,,,,,,,,,,,,,,,,,,,,,,6.0,8.0,9.0,16.0,8.0,13.0,7.0,8.0,5.0,10.0,10.0,10.0,6.0,13.0,5.0,14.0,17.0,11.0,13.0,16.0,8.0,15.0,10.0,14.0,11.0,5.0,15.0,16.0,12.0,5.0,12.0,8.0,13.0,12.0,9.0,10.0,9.0,8.0,9.0,7.0,11.0,17.0,7.0,9.0
394598,292,"Florence, AL",msa,AL,,,,,,,,,,,,,,,,,,,,,,,,,,,,,,,,,,,,,,,,,,,,,,,,,,,,,,,,,,,,,,,,,,,,,,,,7.0,7.0,12.0,13.0,10.0,13.0,8.0,14.0,11.0,14.0,12.0,16.0,11.0,13.0,15.0,20.0,13.0,20.0,19.0,17.0,17.0,12.0,15.0,7.0,14.0,9.0,15.0,11.0,20.0,14.0,10.0,16.0
394537,293,"Dothan, AL",msa,AL,28.0,31.0,40.0,39.0,36.0,35.0,35.0,35.0,25.0,29.0,22.0,16.0,20.0,21.0,27.0,40.0,31.0,35.0,26.0,23.0,38.0,21.0,18.0,17.0,28.0,21.0,40.0,32.0,30.0,42.0,38.0,22.0,45.0,35.0,32.0,35.0,36.0,34.0,35.0,45.0,50.0,50.0,27.0,40.0,35.0,26.0,21.0,30.0,28.0,21.0,44.0,49.0,49.0,45.0,35.0,27.0,46.0,31.0,17.0,24.0,13.0,30.0,32.0,19.0,28.0,26.0,27.0,25.0,16.0,26.0,14.0,24.0,16.0,24.0,17.0,27.0,27.0,22.0,21.0,23.0,12.0,24.0,15.0,16.0,17.0,19.0,25.0,18.0,27.0,32.0,29.0,22.0,21.0,13.0,14.0,21.0,29.0,29.0,22.0,29.0,30.0,22.0,23.0
394802,294,"London, KY",msa,KY,,,,,,,,,,,,,,,,,,,,,,,,,,,,,,,,,,,,,,,,,,,,,,,,,,,,,,,,,,,,,,,,,,,,,,,,,,,,,,,,,,,,,,,,,,,,,,,,,,,,,,,11.0
395182,300,"Valdosta, GA",msa,GA,13.0,32.0,32.0,42.0,31.0,50.0,33.0,35.0,20.0,21.0,25.0,19.0,25.0,33.0,32.0,38.0,37.0,47.0,41.0,34.0,23.0,40.0,30.0,35.0,33.0,28.0,57.0,46.0,51.0,46.0,71.0,41.0,39.0,42.0,30.0,42.0,44.0,47.0,61.0,37.0,44.0,53.0,52.0,52.0,37.0,46.0,41.0,39.0,42.0,41.0,48.0,51.0,41.0,38.0,40.0,36.0,17.0,32.0,23.0,32.0,26.0,26.0,20.0,23.0,27.0,29.0,39.0,18.0,31.0,34.0,19.0,36.0,26.0,22.0,37.0,28.0,19.0,41.0,31.0,30.0,29.0,25.0,22.0,21.0,19.0,32.0,39.0,33.0,36.0,37.0,31.0,27.0,27.0,21.0,23.0,35.0,10.0,18.0,39.0,23.0,24.0,28.0,26.0
394800,301,"Logan, UT",msa,UT,22.0,19.0,17.0,21.0,29.0,33.0,27.0,27.0,20.0,30.0,11.0,18.0,13.0,16.0,28.0,36.0,47.0,36.0,32.0,34.0,26.0,32.0,28.0,28.0,34.0,45.0,53.0,41.0,48.0,56.0,57.0,51.0,55.0,48.0,36.0,48.0,37.0,30.0,39.0,27.0,30.0,23.0,20.0,30.0,15.0,24.0,31.0,30.0,32.0,34.0,37.0,32.0,33.0,26.0,22.0,23.0,37.0,18.0,26.0,28.0,21.0,14.0,28.0,35.0,28.0,41.0,38.0,26.0,22.0,19.0,28.0,33.0,22.0,18.0,22.0,34.0,31.0,34.0,45.0,35.0,31.0,36.0,39.0,40.0,23.0,24.0,30.0,30.0,39.0,30.0,43.0,26.0,27.0,23.0,22.0,28.0,13.0,14.0,40.0,42.0,35.0,36.0,22.0
394595,302,"Flagstaff, AZ",msa,AZ,,,,,,,,,,,,,,,,,,,,,,,,,,,,,,,,,,,,,,,,,,,,,,,,,,,,,,,,,,,,,,,,,,,,,,,,,,,,,,,,,,,,,,,,,,,,,,,,,,8.0,19.0,21.0,11.0,16.0,20.0
395036,303,"Rocky Mount, NC",msa,NC,36.0,24.0,20.0,31.0,21.0,25.0,23.0,22.0,23.0,23.0,12.0,17.0,20.0,16.0,42.0,18.0,35.0,21.0,40.0,34.0,18.0,25.0,28.0,21.0,15.0,25.0,26.0,29.0,26.0,38.0,35.0,19.0,30.0,28.0,31.0,27.0,17.0,41.0,41.0,39.0,38.0,58.0,42.0,35.0,45.0,32.0,31.0,40.0,40.0,44.0,57.0,60.0,49.0,52.0,39.0,39.0,30.0,21.0,34.0,35.0,28.0,24.0,62.0,41.0,38.0,44.0,37.0,40.0,48.0,35.0,43.0,54.0,29.0,41.0,37.0,48.0,45.0,23.0,42.0,45.0,31.0,38.0,34.0,36.0,56.0,30.0,38.0,56.0,53.0,42.0,63.0,48.0,57.0,35.0,25.0,51.0,31.0,46.0,52.0,36.0,45.0,56.0,36.0
395000,304,"Pottsville, PA",msa,PA,,,,,,,,,,,,,,,,,,,,,,,,,,,,,,,,,,,,,,,,,,,,,,,,,,,,,,,,,,,,,,,,,,,,,,,,,,,,,,,,,,,,,,,,,,,,,,,,,,,5.0,7.0,10.0,7.0,6.0
394515,305,"Dalton, GA",msa,GA,13.0,9.0,17.0,19.0,18.0,15.0,11.0,13.0,12.0,13.0,10.0,6.0,12.0,17.0,20.0,15.0,26.0,14.0,22.0,15.0,16.0,12.0,16.0,15.0,18.0,17.0,12.0,20.0,21.0,19.0,14.0,8.0,14.0,14.0,21.0,28.0,23.0,15.0,35.0,25.0,34.0,30.0,32.0,20.0,27.0,18.0,27.0,23.0,13.0,28.0,30.0,27.0,27.0,18.0,15.0,26.0,18.0,10.0,20.0,18.0,18.0,14.0,30.0,19.0,28.0,12.0,19.0,13.0,12.0,21.0,14.0,16.0,7.0,26.0,24.0,19.0,16.0,26.0,8.0,15.0,16.0,17.0,16.0,7.0,7.0,18.0,33.0,30.0,24.0,17.0,11.0,21.0,29.0,22.0,16.0,37.0,22.0,13.0,25.0,33.0,29.0,29.0,17.0
394783,306,"Lebanon, PA",msa,PA,,,,,,,,,,,,,,,,,,,,,,,,,,,,,,,,,,,,,,,,,,,,,,,,,,,,,,,,,,,,,,,,,,,,14.0,8.0,12.0,11.0,13.0,9.0,10.0,8.0,12.0,19.0,11.0,16.0,9.0,16.0,15.0,15.0,15.0,9.0,8.0,10.0,17.0,13.0,15.0,12.0,9.0,18.0,11.0,16.0,18.0,14.0,12.0,12.0,16.0,20.0,19.0,16.0
394880,307,"Morristown, TN",msa,TN,13.0,11.0,21.0,10.0,14.0,12.0,15.0,16.0,12.0,11.0,16.0,9.0,10.0,16.0,18.0,15.0,13.0,19.0,15.0,16.0,10.0,12.0,17.0,12.0,15.0,10.0,23.0,23.0,9.0,23.0,42.0,37.0,22.0,18.0,23.0,29.0,20.0,22.0,21.0,32.0,29.0,30.0,20.0,24.0,25.0,22.0,22.0,32.0,25.0,28.0,42.0,40.0,48.0,43.0,34.0,40.0,63.0,52.0,53.0,30.0,30.0,40.0,78.0,78.0,69.0,87.0,47.0,73.0,37.0,43.0,53.0,34.0,26.0,44.0,40.0,44.0,31.0,25.0,35.0,30.0,21.0,33.0,22.0,23.0,20.0,17.0,22.0,13.0,29.0,25.0,33.0,34.0,40.0,25.0,27.0,26.0,15.0,22.0,17.0,24.0,40.0,30.0,24.0
395232,308,"Winchester, VA",msa,VA,33.0,38.0,44.0,38.0,43.0,58.0,52.0,61.0,45.0,52.0,36.0,39.0,37.0,56.0,57.0,44.0,60.0,59.0,54.0,43.0,68.0,62.0,65.0,75.0,37.0,38.0,39.0,43.0,55.0,58.0,51.0,49.0,51.0,57.0,29.0,68.0,42.0,34.0,54.0,45.0,49.0,42.0,39.0,37.0,45.0,42.0,45.0,39.0,31.0,20.0,36.0,42.0,32.0,38.0,20.0,30.0,22.0,36.0,27.0,26.0,21.0,18.0,36.0,38.0,46.0,43.0,35.0,50.0,53.0,35.0,55.0,31.0,35.0,45.0,59.0,43.0,35.0,52.0,39.0,41.0,50.0,44.0,44.0,59.0,24.0,39.0,48.0,48.0,45.0,50.0,44.0,32.0,38.0,34.0,36.0,30.0,24.0,27.0,36.0,37.0,34.0,28.0,33.0
394879,310,"Morgantown, WV",msa,WV,,,,,,,,,,,,,6.0,7.0,7.0,10.0,16.0,19.0,15.0,17.0,11.0,15.0,13.0,11.0,9.0,14.0,19.0,23.0,22.0,22.0,29.0,9.0,19.0,14.0,19.0,20.0,14.0,14.0,24.0,27.0,21.0,50.0,29.0,19.0,18.0,23.0,22.0,25.0,20.0,11.0,23.0,13.0,30.0,35.0,24.0,24.0,25.0,24.0,16.0,23.0,10.0,12.0,15.0,16.0,13.0,18.0,21.0,21.0,14.0,13.0,11.0,13.0,8.0,9.0,20.0,9.0,10.0,6.0,13.0,9.0,9.0,13.0,8.0,5.0,10.0,5.0,10.0,13.0,15.0,16.0,8.0,8.0,15.0,9.0,8.0,11.0,12.0,14.0,12.0,15.0,12.0,14.0,15.0
394756,311,"La Crosse, WI",msa,WI,,,,,,,,,,,,,,,,,,,,,,,,,,,,,,,,,,,,,,,,,,,,,,,,,,,,,,,,,,,,,,,,,,,,,,,,,,,,,,,,,,,,,,,,,,,,,,,,,,,,8.0,7.0,13.0,9.0
395013,313,"Rapid City, SD",msa,SD,13.0,20.0,23.0,26.0,31.0,36.0,30.0,21.0,19.0,20.0,23.0,24.0,11.0,22.0,13.0,22.0,22.0,22.0,23.0,37.0,23.0,15.0,16.0,21.0,13.0,21.0,25.0,20.0,20.0,38.0,45.0,38.0,30.0,35.0,40.0,29.0,30.0,30.0,42.0,38.0,24.0,42.0,36.0,28.0,33.0,26.0,43.0,40.0,44.0,49.0,53.0,37.0,38.0,53.0,42.0,43.0,35.0,26.0,25.0,34.0,23.0,22.0,35.0,32.0,35.0,35.0,25.0,35.0,34.0,23.0,20.0,16.0,12.0,30.0,31.0,29.0,26.0,27.0,24.0,31.0,22.0,24.0,35.0,24.0,23.0,13.0,41.0,40.0,38.0,35.0,32.0,32.0,22.0,25.0,17.0,38.0,22.0,21.0,32.0,35.0,33.0,37.0,41.0
395139,314,"Sumter, SC",msa,SC,15.0,19.0,14.0,21.0,30.0,20.0,19.0,22.0,16.0,18.0,10.0,20.0,21.0,13.0,16.0,21.0,20.0,27.0,22.0,24.0,20.0,14.0,15.0,29.0,19.0,22.0,26.0,15.0,22.0,28.0,28.0,28.0,16.0,20.0,16.0,23.0,26.0,12.0,24.0,36.0,37.0,27.0,28.0,20.0,29.0,14.0,15.0,15.0,27.0,39.0,36.0,38.0,28.0,32.0,28.0,27.0,18.0,14.0,14.0,24.0,8.0,14.0,24.0,18.0,38.0,49.0,37.0,30.0,28.0,28.0,32.0,29.0,10.0,29.0,30.0,17.0,24.0,31.0,26.0,19.0,31.0,23.0,16.0,24.0,17.0,18.0,18.0,25.0,35.0,30.0,25.0,25.0,20.0,26.0,28.0,49.0,20.0,28.0,37.0,33.0,38.0,33.0,33.0
395117,316,"Springfield, OH",msa,OH,,,,,,,,,,,,,,,,,,,,,,,,,,,,,,,,,,,,,,,,,,,,,,,,,,,,,,,,,,,,,,,,,,,,,,,,,,,,,,,,,,,,,,,,,,,,,,,,,,,,,,11.0,8.0
394668,317,"Harrisonburg, VA",msa,VA,19.0,15.0,17.0,22.0,23.0,20.0,28.0,13.0,16.0,23.0,19.0,14.0,8.0,15.0,27.0,25.0,28.0,15.0,17.0,16.0,22.0,24.0,18.0,12.0,11.0,14.0,23.0,22.0,23.0,23.0,28.0,22.0,45.0,31.0,18.0,16.0,18.0,16.0,24.0,24.0,30.0,33.0,38.0,29.0,34.0,37.0,24.0,33.0,34.0,27.0,40.0,74.0,39.0,74.0,46.0,56.0,67.0,58.0,48.0,47.0,34.0,14.0,39.0,19.0,29.0,31.0,34.0,15.0,21.0,18.0,8.0,27.0,21.0,16.0,12.0,13.0,23.0,18.0,15.0,12.0,23.0,23.0,21.0,23.0,20.0,18.0,26.0,23.0,30.0,35.0,34.0,22.0,28.0,25.0,17.0,29.0,25.0,24.0,17.0,25.0,35.0,24.0,26.0
395094,319,"Sherman, TX",msa,TX,20.0,19.0,25.0,19.0,21.0,32.0,29.0,28.0,25.0,17.0,15.0,20.0,15.0,17.0,18.0,35.0,27.0,18.0,17.0,20.0,22.0,32.0,35.0,31.0,29.0,30.0,33.0,30.0,37.0,51.0,63.0,55.0,41.0,59.0,19.0,39.0,44.0,37.0,32.0,40.0,28.0,29.0,50.0,24.0,27.0,27.0,29.0,52.0,31.0,34.0,75.0,41.0,56.0,88.0,44.0,55.0,52.0,38.0,53.0,82.0,58.0,79.0,103.0,71.0,75.0,66.0,68.0,70.0,67.0,54.0,39.0,75.0,50.0,46.0,64.0,60.0,71.0,71.0,73.0,67.0,73.0,76.0,56.0,101.0,39.0,60.0,74.0,81.0,93.0,105.0,66.0,87.0,70.0,74.0,54.0,111.0,57.0,77.0,90.0,88.0,87.0,94.0,67.0
394821,320,"Manhattan, KS",msa,KS,,,,,,,,,,,,,,,,,,,,,,,,,,,,,,,,,,,,,,,,,,,,,,,,,,,,,,,,,,,,,,,,,,,,,,,,,,,,,,,,,,,,,,,,,,,,,,,,,,10.0,7.0,13.0,8.0,8.0,16.0
394728,323,"Jonesboro, AR",msa,AR,22.0,15.0,20.0,26.0,24.0,26.0,26.0,27.0,20.0,24.0,14.0,20.0,10.0,16.0,23.0,21.0,24.0,25.0,19.0,8.0,17.0,9.0,8.0,16.0,14.0,7.0,22.0,28.0,31.0,20.0,32.0,28.0,13.0,13.0,30.0,28.0,28.0,24.0,31.0,35.0,31.0,29.0,40.0,27.0,34.0,28.0,27.0,33.0,20.0,31.0,30.0,29.0,30.0,26.0,19.0,14.0,17.0,14.0,14.0,17.0,6.0,17.0,23.0,16.0,17.0,31.0,39.0,30.0,20.0,19.0,26.0,16.0,17.0,19.0,26.0,25.0,40.0,28.0,31.0,17.0,26.0,27.0,25.0,29.0,13.0,22.0,22.0,23.0,26.0,33.0,27.0,22.0,26.0,23.0,15.0,29.0,16.0,26.0,12.0,23.0,18.0,28.0,25.0
394390,324,"Bismarck, ND",msa,ND,,,,,,,,,,,,,,,,,,,,,,,,,,,,,,,,,,,,,,,,,,,,,,,,,,,,,,,,,,,,,,,,,,,,,,,,,,,,,,,,,,,,,,,,,,,,,,,,,,,8.0,8.0,18.0,13.0,8.0
394661,325,"Hammond, LA",msa,LA,46.0,35.0,50.0,39.0,57.0,48.0,79.0,49.0,43.0,39.0,36.0,45.0,37.0,70.0,72.0,71.0,59.0,50.0,60.0,79.0,51.0,68.0,56.0,44.0,82.0,57.0,59.0,39.0,48.0,68.0,56.0,51.0,47.0,50.0,44.0,40.0,46.0,38.0,41.0,52.0,57.0,53.0,41.0,24.0,26.0,34.0,29.0,38.0,44.0,37.0,40.0,43.0,39.0,48.0,44.0,48.0,30.0,22.0,18.0,30.0,31.0,25.0,52.0,26.0,28.0,21.0,30.0,28.0,34.0,51.0,26.0,37.0,24.0,28.0,34.0,29.0,31.0,28.0,34.0,36.0,25.0,25.0,30.0,25.0,24.0,15.0,23.0,29.0,23.0,28.0,25.0,19.0,30.0,16.0,13.0,22.0,12.0,16.0,38.0,25.0,28.0,31.0,26.0
395153,329,"The Villages, FL",msa,FL,115.0,104.0,145.0,120.0,185.0,140.0,185.0,162.0,158.0,165.0,136.0,136.0,130.0,133.0,154.0,194.0,205.0,196.0,234.0,257.0,188.0,198.0,178.0,200.0,195.0,188.0,228.0,235.0,83.0,120.0,246.0,211.0,224.0,207.0,185.0,234.0,149.0,199.0,201.0,172.0,143.0,203.0,192.0,168.0,115.0,98.0,102.0,94.0,51.0,82.0,101.0,87.0,54.0,97.0,53.0,78.0,84.0,66.0,78.0,137.0,89.0,40.0,51.0,42.0,34.0,37.0,29.0,31.0,37.0,27.0,23.0,27.0,15.0,11.0,19.0,13.0,10.0,16.0,7.0,11.0,19.0,14.0,17.0,19.0,13.0,9.0,26.0,24.0,21.0,29.0,17.0,30.0,38.0,22.0,23.0,24.0,10.0,18.0,27.0,25.0,8.0,31.0,26.0
394307,330,"Albany, OR",msa,OR,18.0,32.0,48.0,37.0,35.0,27.0,18.0,18.0,19.0,17.0,16.0,23.0,18.0,10.0,21.0,20.0,16.0,24.0,13.0,33.0,14.0,11.0,16.0,11.0,20.0,18.0,8.0,12.0,8.0,19.0,19.0,20.0,8.0,12.0,8.0,13.0,22.0,24.0,31.0,32.0,23.0,14.0,11.0,15.0,17.0,15.0,14.0,18.0,13.0,23.0,21.0,9.0,7.0,18.0,9.0,7.0,5.0,13.0,18.0,9.0,5.0,14.0,14.0,9.0,13.0,19.0,17.0,18.0,17.0,18.0,18.0,11.0,16.0,26.0,15.0,19.0,14.0,13.0,26.0,24.0,14.0,23.0,17.0,10.0,22.0,25.0,25.0,14.0,23.0,16.0,11.0,21.0,18.0,18.0,14.0,11.0,5.0,13.0,17.0,19.0,26.0,17.0,23.0
394780,332,"Lawton, OK",msa,OK,,,,,,,,,,,,,,,,,,,,,,,,,,,,,,,,,,,,,,,,,,,,,,,,,,,,,,,,,,,,,,,,,,,,,,,,,,,,,,,,,,,,,,,,,,,,,,,,,,,,,,,8.0
394474,334,"Cleveland, TN",msa,TN,14.0,23.0,30.0,32.0,33.0,27.0,24.0,25.0,18.0,30.0,29.0,23.0,19.0,20.0,24.0,37.0,27.0,33.0,31.0,35.0,17.0,14.0,23.0,24.0,23.0,18.0,33.0,23.0,32.0,36.0,48.0,42.0,32.0,36.0,24.0,58.0,24.0,26.0,34.0,45.0,39.0,48.0,34.0,40.0,36.0,30.0,25.0,48.0,29.0,30.0,53.0,32.0,39.0,46.0,31.0,39.0,57.0,42.0,53.0,66.0,40.0,33.0,52.0,52.0,44.0,43.0,60.0,46.0,48.0,62.0,38.0,33.0,26.0,57.0,40.0,46.0,59.0,59.0,43.0,53.0,60.0,45.0,29.0,61.0,39.0,26.0,57.0,41.0,45.0,43.0,63.0,52.0,54.0,45.0,29.0,52.0,36.0,34.0,75.0,32.0,46.0,40.0,28.0
395098,335,"Sierra Vista, AZ",msa,AZ,,,,,,,,,,,,8.0,5.0,10.0,9.0,12.0,12.0,18.0,13.0,12.0,12.0,15.0,12.0,10.0,9.0,10.0,14.0,19.0,22.0,20.0,27.0,22.0,18.0,29.0,17.0,14.0,11.0,10.0,27.0,14.0,16.0,18.0,15.0,14.0,16.0,14.0,14.0,13.0,16.0,11.0,16.0,12.0,14.0,17.0,18.0,15.0,31.0,14.0,17.0,24.0,6.0,12.0,17.0,8.0,19.0,34.0,16.0,18.0,22.0,8.0,10.0,14.0,9.0,12.0,23.0,16.0,13.0,24.0,20.0,14.0,12.0,8.0,13.0,15.0,7.0,12.0,16.0,23.0,15.0,18.0,8.0,7.0,13.0,7.0,13.0,9.0,7.0,11.0,16.0,7.0,10.0,21.0,11.0
394325,336,"Ames, IA",msa,IA,,,,,,,,,,,,,,,,,,,,,,,,,,,,,,,,,,,,,,,,,,,,,,,,,,,,,,,,,,,,,,,,,,,,,,,,,,,,,,,,,,,,,,11.0,12.0,7.0,12.0,13.0,13.0,10.0,7.0,17.0,8.0,5.0,9.0,11.0,10.0,5.0,12.0,13.0,12.0
395128,338,"Staunton, VA",msa,VA,9.0,10.0,11.0,12.0,5.0,13.0,10.0,14.0,12.0,9.0,13.0,10.0,7.0,16.0,16.0,17.0,23.0,17.0,15.0,14.0,21.0,20.0,26.0,20.0,15.0,17.0,26.0,17.0,22.0,21.0,13.0,21.0,15.0,14.0,20.0,37.0,17.0,15.0,28.0,26.0,18.0,20.0,14.0,11.0,14.0,11.0,24.0,27.0,15.0,12.0,28.0,22.0,15.0,21.0,15.0,11.0,18.0,11.0,12.0,16.0,18.0,15.0,14.0,19.0,18.0,27.0,22.0,20.0,24.0,19.0,12.0,15.0,10.0,18.0,21.0,22.0,23.0,30.0,22.0,31.0,20.0,23.0,21.0,13.0,16.0,26.0,31.0,26.0,21.0,25.0,18.0,21.0,24.0,19.0,34.0,38.0,14.0,17.0,26.0,14.0,24.0,38.0,28.0
394353,339,"Augusta, ME",msa,ME,,,,,,,,,,,,,,,,,,,,,,,,,,,,,,,,,,,,,,,,,,,,,,,,,,,,,,,,,,,,,,,,,,,,,,,,,,,,,,,,,,,,,,,,,,,,,,,,6.0,5.0,7.0,5.0,11.0,10.0,10.0,11.0
394905,341,"New Bern, NC",msa,NC,12.0,15.0,19.0,24.0,31.0,25.0,23.0,21.0,13.0,18.0,24.0,21.0,26.0,23.0,30.0,22.0,26.0,24.0,18.0,24.0,28.0,30.0,10.0,21.0,16.0,19.0,22.0,25.0,24.0,35.0,30.0,29.0,32.0,28.0,21.0,40.0,34.0,26.0,60.0,35.0,26.0,45.0,43.0,43.0,32.0,33.0,36.0,40.0,40.0,38.0,54.0,52.0,44.0,44.0,46.0,52.0,51.0,47.0,41.0,44.0,42.0,26.0,39.0,29.0,26.0,35.0,23.0,34.0,54.0,29.0,21.0,25.0,30.0,38.0,50.0,54.0,51.0,29.0,46.0,41.0,41.0,33.0,38.0,43.0,28.0,32.0,49.0,39.0,54.0,51.0,27.0,51.0,56.0,43.0,38.0,49.0,34.0,36.0,43.0,41.0,53.0,61.0,50.0
395054,344,"San Angelo, TX",msa,TX,19.0,15.0,14.0,21.0,15.0,23.0,16.0,15.0,13.0,11.0,16.0,11.0,8.0,15.0,26.0,18.0,26.0,14.0,22.0,15.0,6.0,9.0,12.0,13.0,11.0,16.0,19.0,19.0,27.0,23.0,39.0,32.0,21.0,28.0,21.0,16.0,15.0,12.0,29.0,22.0,26.0,23.0,22.0,25.0,12.0,16.0,24.0,,,42.0,27.0,35.0,24.0,29.0,21.0,16.0,21.0,9.0,10.0,14.0,14.0,17.0,21.0,13.0,21.0,21.0,22.0,14.0,14.0,5.0,18.0,12.0,10.0,9.0,19.0,31.0,17.0,15.0,20.0,14.0,12.0,14.0,8.0,8.0,5.0,11.0,24.0,24.0,26.0,14.0,30.0,20.0,16.0,19.0,16.0,14.0,11.0,9.0,16.0,25.0,30.0,24.0,18.0
753890,347,"Holland, MI",msa,MI,,,,,,,,,,,,,,,,,,,,,,,,,,,,,,,,,,,,,,,,,,,,,,,,,,,,,,,,,,,,,,,,,,,,,,,,,,,,,,,,,,,,,,,,,,5.0,6.0,14.0,15.0,12.0,6.0,9.0,8.0,13.0,7.0,9.0,9.0,10.0,6.0
394778,349,"Lawrence, KS",msa,KS,,,,,,,,,,,,,,,,,,,,,,,,,,,,,,,,,,,,,,,,,,,,,,,,,,,,,,,,,,,,,,,,,,,,,,,,,,,,,,,,,,,,,,,,,,,,,,,,,,,,,,,5.0
394635,350,"Goldsboro, NC",msa,NC,14.0,22.0,37.0,22.0,48.0,31.0,22.0,27.0,32.0,23.0,36.0,14.0,26.0,16.0,21.0,16.0,26.0,16.0,28.0,16.0,20.0,17.0,24.0,22.0,27.0,28.0,42.0,25.0,37.0,28.0,38.0,37.0,35.0,44.0,36.0,34.0,24.0,32.0,27.0,28.0,39.0,24.0,22.0,27.0,19.0,38.0,27.0,25.0,25.0,24.0,47.0,27.0,33.0,40.0,27.0,30.0,19.0,32.0,33.0,19.0,20.0,36.0,43.0,34.0,35.0,27.0,23.0,45.0,29.0,30.0,31.0,27.0,28.0,28.0,54.0,46.0,31.0,42.0,41.0,52.0,35.0,47.0,23.0,41.0,28.0,46.0,47.0,26.0,31.0,68.0,60.0,55.0,68.0,39.0,29.0,45.0,28.0,38.0,32.0,36.0,32.0,50.0,39.0
394867,354,"Missoula, MT",msa,MT,,,,,,,,,,,,,,,,,,,,,,,,,,,,,,,,,,,,,,,,,,,,,,,,,,,,,,,,,,,,,,,,,,,,,,,,,,,,,,,,,,,,,,,6.0,8.0,8.0,17.0,10.0,11.0,11.0,15.0,16.0,16.0,12.0,12.0,9.0,16.0,25.0,20.0,27.0
394407,356,"Bozeman, MT",msa,MT,46.0,41.0,54.0,53.0,60.0,64.0,52.0,54.0,48.0,50.0,39.0,51.0,20.0,39.0,57.0,40.0,51.0,48.0,41.0,54.0,45.0,45.0,45.0,48.0,36.0,42.0,66.0,60.0,49.0,67.0,86.0,76.0,117.0,95.0,60.0,48.0,48.0,39.0,42.0,44.0,29.0,39.0,47.0,79.0,50.0,33.0,52.0,38.0,32.0,36.0,34.0,34.0,26.0,39.0,16.0,30.0,19.0,27.0,25.0,40.0,17.0,23.0,33.0,29.0,38.0,36.0,15.0,29.0,24.0,25.0,18.0,25.0,22.0,26.0,30.0,29.0,27.0,35.0,22.0,28.0,23.0,29.0,13.0,33.0,21.0,25.0,43.0,20.0,39.0,33.0,32.0,40.0,17.0,19.0,16.0,26.0,22.0,27.0,33.0,26.0,39.0,26.0,25.0
394423,360,"Brunswick, GA",msa,GA,14.0,34.0,46.0,23.0,41.0,42.0,29.0,30.0,29.0,25.0,26.0,18.0,18.0,19.0,38.0,31.0,31.0,27.0,26.0,31.0,24.0,36.0,29.0,29.0,21.0,33.0,31.0,20.0,20.0,28.0,41.0,30.0,46.0,47.0,15.0,15.0,26.0,30.0,41.0,31.0,34.0,31.0,32.0,39.0,47.0,51.0,28.0,50.0,40.0,31.0,47.0,59.0,47.0,49.0,24.0,53.0,25.0,38.0,27.0,30.0,49.0,36.0,41.0,44.0,77.0,35.0,29.0,36.0,38.0,27.0,43.0,45.0,33.0,31.0,30.0,44.0,46.0,26.0,40.0,28.0,27.0,33.0,26.0,32.0,23.0,34.0,44.0,38.0,37.0,37.0,30.0,34.0,32.0,27.0,21.0,29.0,17.0,37.0,30.0,27.0,28.0,34.0,33.0
395173,361,"Twin Falls, ID",msa,ID,22.0,21.0,23.0,20.0,31.0,30.0,22.0,25.0,17.0,30.0,30.0,17.0,22.0,14.0,19.0,23.0,28.0,22.0,20.0,26.0,27.0,14.0,28.0,30.0,29.0,27.0,45.0,34.0,30.0,32.0,36.0,25.0,40.0,34.0,29.0,46.0,19.0,24.0,17.0,22.0,15.0,23.0,25.0,29.0,19.0,25.0,14.0,17.0,14.0,28.0,28.0,33.0,25.0,21.0,30.0,25.0,21.0,23.0,28.0,26.0,7.0,18.0,31.0,31.0,31.0,18.0,20.0,35.0,17.0,27.0,14.0,18.0,21.0,17.0,17.0,27.0,26.0,34.0,34.0,23.0,29.0,16.0,27.0,30.0,21.0,24.0,28.0,31.0,30.0,20.0,34.0,34.0,25.0,31.0,24.0,26.0,17.0,25.0,39.0,43.0,44.0,34.0,27.0
753872,361,"California, MD",msa,MD,,,,,,,,,,,,,,,,,,,,,,,,,,,,,,,,,,,,,,,,,,,,,,,,,,,,,,,,,,,,,,,,,,,,,,,,,,,,,,,,,,,,,,,,,,,,,,,,,,,,,12.0,7.0,8.0
394495,363,"Cookeville, TN",msa,TN,12.0,22.0,23.0,23.0,36.0,30.0,19.0,11.0,20.0,18.0,15.0,16.0,9.0,18.0,26.0,18.0,29.0,21.0,25.0,19.0,18.0,25.0,15.0,14.0,21.0,22.0,23.0,29.0,22.0,31.0,24.0,26.0,25.0,22.0,17.0,30.0,20.0,25.0,40.0,28.0,35.0,21.0,31.0,17.0,20.0,31.0,26.0,19.0,32.0,30.0,45.0,40.0,37.0,27.0,28.0,28.0,50.0,25.0,17.0,19.0,28.0,19.0,32.0,35.0,37.0,30.0,18.0,25.0,25.0,38.0,30.0,25.0,25.0,34.0,49.0,40.0,62.0,37.0,32.0,31.0,37.0,33.0,16.0,41.0,23.0,37.0,30.0,37.0,31.0,45.0,29.0,32.0,35.0,36.0,23.0,19.0,17.0,19.0,29.0,36.0,42.0,43.0,23.0
394857,365,"Michigan City, IN",msa,IN,,,,,,,,,,,,,,,,,,,,,,,,,,,,,,,,,,,,,,,,,,,,,,,,,,,,,,,,,,,,,,,,,,,,,,,,,,,,,,,,,,,,,,,,,,,,,,,,,,,7.0,8.0,12.0,10.0,11.0
394804,368,"Longview, WA",msa,WA,,,,,,,,,,,,,,,,,,,,,,,,,,,,,,,,,,,,,,,,,,,,,,,,,,,,,,,,,,,,,,,,,,,,,,,,,,,,,,,,,,,,,,,,,,,,,,,,,,9.0,16.0,9.0,5.0,7.0,10.0
395095,372,"Show Low, AZ",msa,AZ,,,,,,,,,,,,,,,,,,,,,,,,,,,,,,,,,,,,,,,,,,,,,,,,,,,,,,,,,,,,,,,,,,,,,,,,,,,,,,,,,,,,,,,,,,,,,,,,5.0,8.0,6.0,5.0,6.0,6.0,13.0,10.0
395023,373,"Richmond, KY",msa,KY,16.0,34.0,24.0,20.0,30.0,13.0,20.0,28.0,16.0,23.0,16.0,21.0,16.0,15.0,19.0,20.0,20.0,17.0,19.0,9.0,15.0,16.0,15.0,12.0,19.0,14.0,11.0,21.0,24.0,23.0,25.0,19.0,18.0,17.0,22.0,19.0,16.0,15.0,11.0,14.0,21.0,16.0,27.0,28.0,28.0,27.0,18.0,31.0,19.0,21.0,31.0,27.0,27.0,19.0,24.0,26.0,40.0,27.0,30.0,20.0,15.0,19.0,41.0,35.0,41.0,31.0,31.0,25.0,27.0,23.0,12.0,26.0,10.0,19.0,26.0,49.0,33.0,30.0,28.0,28.0,24.0,24.0,30.0,17.0,22.0,17.0,22.0,31.0,32.0,32.0,26.0,29.0,24.0,30.0,12.0,30.0,12.0,7.0,23.0,34.0,25.0,27.0,40.0
395168,374,"Tullahoma, TN",msa,TN,18.0,17.0,37.0,19.0,23.0,33.0,25.0,21.0,21.0,27.0,28.0,26.0,13.0,27.0,29.0,29.0,34.0,33.0,31.0,22.0,42.0,22.0,26.0,32.0,34.0,25.0,33.0,39.0,29.0,43.0,35.0,37.0,39.0,43.0,36.0,41.0,20.0,35.0,45.0,45.0,50.0,35.0,42.0,49.0,33.0,38.0,32.0,30.0,29.0,39.0,31.0,46.0,40.0,53.0,31.0,34.0,36.0,22.0,37.0,25.0,24.0,24.0,32.0,44.0,37.0,47.0,48.0,47.0,32.0,48.0,37.0,39.0,29.0,49.0,54.0,66.0,50.0,62.0,40.0,43.0,27.0,24.0,25.0,42.0,25.0,38.0,39.0,48.0,34.0,35.0,32.0,34.0,44.0,25.0,40.0,41.0,24.0,32.0,36.0,36.0,50.0,43.0,51.0
395222,375,"Whitewater, WI",msa,WI,,,,,,,,,,,,,,,,,,,,,,,,,,,,,,,,,,,,,,,,,,,,,,,,,,,,,,,,,,,,,,,9.0,10.0,7.0,12.0,10.0,14.0,16.0,14.0,6.0,6.0,5.0,11.0,19.0,8.0,18.0,12.0,11.0,20.0,10.0,11.0,9.0,13.0,7.0,6.0,10.0,7.0,23.0,13.0,11.0,6.0,10.0,22.0,20.0,12.0,10.0,11.0,9.0,14.0,11.0,16.0,9.0
394762,379,"LaGrange, GA",msa,GA,,16.0,27.0,22.0,19.0,22.0,13.0,19.0,19.0,15.0,15.0,17.0,12.0,14.0,15.0,17.0,18.0,26.0,23.0,20.0,25.0,17.0,28.0,18.0,17.0,15.0,36.0,24.0,29.0,34.0,43.0,27.0,22.0,43.0,32.0,40.0,11.0,21.0,31.0,28.0,26.0,36.0,21.0,17.0,17.0,34.0,29.0,24.0,6.0,19.0,24.0,14.0,24.0,13.0,19.0,28.0,33.0,14.0,12.0,17.0,12.0,19.0,20.0,15.0,28.0,18.0,14.0,23.0,20.0,19.0,15.0,16.0,13.0,26.0,25.0,22.0,37.0,21.0,27.0,31.0,34.0,20.0,19.0,40.0,18.0,25.0,29.0,30.0,35.0,33.0,24.0,45.0,22.0,19.0,22.0,29.0,13.0,25.0,39.0,25.0,26.0,23.0,33.0
394599,381,"Fond du Lac, WI",msa,WI,,,,,,,,,,,,,,,,,,,,,,,,,,,,,,,,,,,,,,,,,,,,,,,,,,,,,,,,,,,,,,,,,,,,,,,,,,,,,,,,,,,,,,,,,,,,,,,,,,,,,,,5.0
394630,382,"Gettysburg, PA",msa,PA,,,,,,,,,,,,,,,,,,,,,,,,,,,,,,,,,,,,,,,,,,,,,,,,,,,,,,,,,,,,,,,,,,,,,,,,,,,,,,,,,,,,,,13.0,10.0,8.0,12.0,10.0,10.0,24.0,9.0,13.0,9.0,15.0,14.0,14.0,16.0,12.0,13.0,20.0,16.0
394733,384,"Kalispell, MT",msa,MT,,,,,,,,,,,,,,,,,,,,,,,,,,,,,,,,,,,,,,,,,,,,,,,,,,,,,,,,,,,,,,,,,,,,,,,,,,,,,,,,,,,,,,,,,,,,,,,,,,12.0,13.0,11.0,17.0,24.0,23.0
394823,386,"Mankato, MN",msa,MN,,,,,,,,,,,,,,,,,,,,,,,,,,,,,,,,,,,,,,,,,,,,,,,,,,,,,,,,,,,,,,,,,,,,,,,,,,,,,,,,,,,,,,,,,,,,,,,,,,,,,,,5.0
395080,390,"Sebring, FL",msa,FL,,,,,,,,,,,5.0,6.0,5.0,8.0,8.0,6.0,18.0,9.0,14.0,8.0,9.0,10.0,5.0,11.0,16.0,9.0,10.0,16.0,5.0,13.0,16.0,20.0,17.0,15.0,15.0,14.0,12.0,43.0,35.0,33.0,23.0,19.0,14.0,17.0,18.0,26.0,18.0,15.0,22.0,20.0,23.0,23.0,21.0,25.0,22.0,20.0,18.0,14.0,22.0,27.0,16.0,19.0,33.0,34.0,33.0,36.0,26.0,32.0,27.0,30.0,20.0,18.0,38.0,30.0,38.0,29.0,29.0,29.0,27.0,36.0,33.0,36.0,38.0,29.0,30.0,23.0,33.0,30.0,35.0,21.0,34.0,23.0,20.0,31.0,28.0,23.0,24.0,22.0,28.0,25.0,27.0,36.0,22.0
394462,391,"Cheyenne, WY",msa,WY,12.0,24.0,34.0,38.0,36.0,23.0,31.0,27.0,35.0,28.0,27.0,16.0,16.0,32.0,27.0,26.0,27.0,32.0,26.0,22.0,21.0,19.0,18.0,17.0,11.0,14.0,24.0,21.0,22.0,28.0,39.0,23.0,28.0,43.0,32.0,26.0,24.0,26.0,24.0,30.0,29.0,30.0,21.0,27.0,23.0,37.0,40.0,33.0,17.0,28.0,34.0,32.0,30.0,26.0,23.0,19.0,17.0,18.0,18.0,10.0,13.0,8.0,15.0,10.0,18.0,24.0,16.0,14.0,23.0,17.0,13.0,10.0,11.0,8.0,21.0,10.0,29.0,22.0,22.0,19.0,17.0,15.0,18.0,19.0,11.0,20.0,13.0,21.0,20.0,15.0,10.0,18.0,19.0,17.0,9.0,17.0,12.0,9.0,20.0,24.0,20.0,20.0,17.0
394689,392,"Hot Springs, AR",msa,AR,,,,,,,,,,,,,,,,,,,,,,,,,,,,,,,,,,,,,,,,,,,,,,,,,,,,,,,,,,,,,,,,,,,,,,,,,,,,,,,,,,,,,,,,,,,,,,,,,,,5.0,5.0,6.0,8.0,12.0
395090,394,"Shelby, NC",msa,NC,,,,,,,,,,,,,,,,,,,,,,,,,,,,,,,,,,,,,,,,,,,,,,,,,,,,,,,,,,,,,,22.0,19.0,16.0,36.0,24.0,21.0,24.0,21.0,19.0,18.0,10.0,10.0,21.0,25.0,26.0,33.0,26.0,16.0,22.0,24.0,14.0,14.0,14.0,13.0,29.0,24.0,22.0,22.0,29.0,35.0,22.0,20.0,16.0,15.0,12.0,12.0,14.0,26.0,32.0,24.0,26.0,30.0
394542,396,"Dubuque, IA",msa,IA,,,,,,,,,,,,,,,,,,,,,,,,,,,,,,,,,,,,,,,,,,,,,,,,,,,,,,,,,,,,,,,,,,,,,,,,,,,,,,,,,,,,,,,,,,,,,,,,,,,,,5.0,9.0,10.0
753912,398,"Pinehurst, NC",msa,NC,55.0,46.0,65.0,80.0,77.0,65.0,74.0,58.0,36.0,54.0,49.0,46.0,31.0,44.0,66.0,81.0,77.0,59.0,62.0,56.0,44.0,47.0,35.0,41.0,42.0,60.0,65.0,55.0,49.0,55.0,99.0,83.0,66.0,61.0,65.0,67.0,63.0,68.0,91.0,79.0,56.0,78.0,55.0,46.0,66.0,44.0,55.0,63.0,60.0,56.0,63.0,72.0,60.0,44.0,32.0,53.0,44.0,49.0,47.0,74.0,42.0,52.0,95.0,62.0,85.0,91.0,50.0,42.0,55.0,60.0,51.0,62.0,47.0,63.0,79.0,97.0,86.0,81.0,81.0,65.0,46.0,56.0,42.0,59.0,42.0,45.0,56.0,68.0,100.0,61.0,81.0,54.0,45.0,56.0,56.0,54.0,41.0,44.0,55.0,72.0,81.0,84.0,52.0
395038,401,"Rome, GA",msa,GA,,,,,,,,,,,,,,,,,,,,,,,,,,,,,,,,,,,,,,,,,,,,,,,,,,,,,,,,,,,,,,,,,,,,,,,,,,5.0,13.0,14.0,7.0,6.0,17.0,9.0,16.0,7.0,9.0,8.0,11.0,13.0,15.0,11.0,12.0,9.0,9.0,16.0,13.0,14.0,9.0,26.0,10.0,11.0,22.0,11.0,17.0,22.0,12.0
395086,402,"Sevierville, TN",msa,TN,19.0,22.0,35.0,20.0,29.0,25.0,24.0,31.0,26.0,38.0,25.0,30.0,26.0,33.0,38.0,45.0,48.0,48.0,35.0,46.0,43.0,38.0,47.0,58.0,43.0,49.0,48.0,42.0,37.0,39.0,46.0,47.0,47.0,43.0,31.0,38.0,35.0,36.0,40.0,40.0,36.0,41.0,46.0,38.0,47.0,42.0,50.0,55.0,54.0,45.0,49.0,56.0,48.0,59.0,62.0,69.0,64.0,79.0,58.0,80.0,42.0,64.0,51.0,51.0,63.0,47.0,52.0,77.0,67.0,71.0,68.0,69.0,42.0,30.0,52.0,51.0,42.0,46.0,43.0,50.0,56.0,68.0,87.0,99.0,41.0,34.0,49.0,79.0,67.0,54.0,71.0,54.0,60.0,83.0,75.0,88.0,20.0,27.0,32.0,34.0,40.0,43.0,41.0
394882,403,"Moses Lake, WA",msa,WA,17.0,8.0,19.0,31.0,25.0,27.0,21.0,31.0,13.0,15.0,19.0,16.0,14.0,16.0,28.0,36.0,33.0,22.0,34.0,45.0,25.0,20.0,20.0,12.0,22.0,26.0,44.0,20.0,22.0,27.0,43.0,37.0,38.0,30.0,30.0,52.0,41.0,29.0,31.0,37.0,34.0,26.0,42.0,48.0,38.0,36.0,18.0,28.0,21.0,12.0,28.0,24.0,31.0,30.0,13.0,25.0,35.0,30.0,29.0,16.0,12.0,13.0,27.0,23.0,28.0,33.0,22.0,39.0,37.0,33.0,35.0,36.0,15.0,18.0,30.0,25.0,25.0,20.0,15.0,24.0,24.0,31.0,20.0,33.0,25.0,10.0,20.0,24.0,29.0,31.0,31.0,35.0,26.0,20.0,26.0,27.0,5.0,11.0,21.0,24.0,25.0,22.0,24.0
394311,406,"Albertville, AL",msa,AL,,,,,,,,,,,,,,,,,,,,,,,,,,,,,,,,,,,,,,,,,,,,,,,10.0,9.0,8.0,13.0,19.0,17.0,17.0,24.0,14.0,12.0,7.0,12.0,5.0,11.0,11.0,5.0,10.0,20.0,14.0,9.0,13.0,10.0,15.0,11.0,8.0,9.0,12.0,10.0,14.0,9.0,20.0,13.0,12.0,19.0,22.0,17.0,19.0,10.0,13.0,12.0,13.0,15.0,12.0,11.0,19.0,15.0,11.0,10.0,11.0,13.0,9.0,6.0,17.0,11.0,12.0,11.0,18.0
394928,410,"Ocean City, NJ",msa,NJ,33.0,20.0,36.0,24.0,35.0,47.0,25.0,33.0,23.0,38.0,28.0,27.0,19.0,14.0,30.0,27.0,29.0,30.0,26.0,25.0,22.0,25.0,17.0,20.0,31.0,19.0,24.0,25.0,25.0,43.0,45.0,36.0,34.0,33.0,32.0,26.0,34.0,27.0,31.0,30.0,29.0,41.0,31.0,22.0,40.0,14.0,22.0,26.0,23.0,27.0,19.0,24.0,26.0,20.0,25.0,21.0,22.0,18.0,30.0,19.0,15.0,18.0,20.0,33.0,44.0,28.0,25.0,28.0,31.0,28.0,18.0,27.0,34.0,30.0,34.0,24.0,33.0,19.0,32.0,44.0,24.0,26.0,15.0,24.0,27.0,34.0,17.0,36.0,32.0,45.0,23.0,46.0,46.0,51.0,43.0,35.0,36.0,22.0,24.0,34.0,50.0,42.0,30.0
394505,411,"Corvallis, OR",msa,OR,,,,,,,,,,,,,,,,,,,,,,,,,,,,,,,,,,,,,,,,,,,,,,,,,,,,,,,,,,,,,,,,,,,,,,,,,,,,,,,,,,,,,,,,,,,,,,,,,,,,6.0,5.0,12.0,12.0
753887,417,"Hermiston, OR",msa,OR,,,,,,,,,,,,,,,,,,,,,,,,,,,7.0,14.0,15.0,18.0,16.0,15.0,11.0,27.0,14.0,6.0,12.0,6.0,15.0,16.0,14.0,11.0,13.0,11.0,9.0,18.0,16.0,10.0,12.0,12.0,19.0,24.0,19.0,19.0,11.0,13.0,21.0,21.0,18.0,11.0,14.0,11.0,15.0,15.0,11.0,13.0,19.0,20.0,16.0,28.0,15.0,16.0,18.0,17.0,10.0,18.0,24.0,20.0,18.0,15.0,14.0,21.0,21.0,14.0,18.0,19.0,16.0,26.0,21.0,14.0,19.0,18.0,18.0,12.0,12.0,28.0,22.0,17.0,15.0,19.0,16.0,22.0,26.0
394511,424,"Cullman, AL",msa,AL,,10.0,12.0,5.0,5.0,12.0,7.0,5.0,11.0,8.0,12.0,10.0,12.0,6.0,10.0,15.0,14.0,27.0,16.0,20.0,9.0,20.0,22.0,16.0,22.0,10.0,14.0,16.0,15.0,25.0,26.0,24.0,21.0,23.0,17.0,18.0,15.0,12.0,17.0,20.0,23.0,21.0,14.0,16.0,23.0,22.0,18.0,29.0,16.0,21.0,48.0,29.0,24.0,34.0,32.0,39.0,25.0,35.0,38.0,34.0,16.0,25.0,20.0,17.0,33.0,47.0,37.0,24.0,36.0,19.0,32.0,30.0,22.0,27.0,43.0,26.0,26.0,27.0,16.0,24.0,19.0,18.0,10.0,23.0,14.0,11.0,19.0,26.0,21.0,26.0,17.0,18.0,25.0,21.0,18.0,18.0,7.0,24.0,19.0,20.0,23.0,19.0,24.0
395248,426,"Zanesville, OH",msa,OH,,,,,,,,,,,,,,,,,,,,,,,,,,,,,,,,,,,,,,,,,,,,,,,,,,,,,,,,,,,,,,,,,,,,,,,,,,,,,,,,,,,,,,,,,,,,,,,,,,,,,,,5.0
394942,429,"Orangeburg, SC",msa,SC,,,,,,,,,,,,,,,,,,,,,,,,,,,,,,,,,,,,,,,,,,,,,,,,,,,,,,,,,,,,,,,,,,,,,,,10.0,12.0,7.0,8.0,14.0,9.0,9.0,17.0,17.0,18.0,18.0,5.0,14.0,17.0,11.0,12.0,17.0,13.0,9.0,21.0,17.0,18.0,18.0,11.0,9.0,12.0,12.0,12.0,12.0,7.0,14.0,21.0,11.0
394644,433,"Great Falls, MT",msa,MT,,,,,,,,,,,,,,,,,,,,,,,,,,,,,,,,,,,,,,,,,,,,,,,,,,,,,,,,,,,,,,,,,,,,,,,,,,,,,,,,,,,,,,,,,,,,,,,,,,,,,,7.0,5.0
394675,441,"Helena, MT",msa,MT,,,,,,,,,,,,,8.0,8.0,8.0,8.0,10.0,12.0,18.0,11.0,9.0,13.0,13.0,5.0,8.0,8.0,11.0,10.0,15.0,15.0,13.0,17.0,14.0,9.0,13.0,16.0,12.0,7.0,11.0,9.0,13.0,8.0,16.0,12.0,12.0,13.0,14.0,26.0,10.0,13.0,18.0,17.0,34.0,16.0,17.0,18.0,13.0,13.0,13.0,15.0,11.0,12.0,24.0,25.0,24.0,19.0,7.0,24.0,14.0,15.0,20.0,15.0,6.0,13.0,21.0,14.0,14.0,14.0,13.0,8.0,10.0,12.0,15.0,17.0,13.0,13.0,8.0,8.0,10.0,12.0,7.0,8.0,12.0,13.0,6.0,10.0,7.0,8.0,7.0,10.0,12.0,18.0,9.0
394744,442,"Key West, FL",msa,FL,,,,,,,,,,,,,,,,,,,,,,,,,,,,,,,,,,,,,,,,,,,,,,,,,,,,,,,,,,,,,,,,,,,,,,,,,,,,,,,,,,,,,,,,,,,,,,12.0,7.0,14.0,11.0,8.0,10.0,11.0,18.0,20.0,15.0
395145,443,"Talladega, AL",msa,AL,,,,,,,,,,,,,,,,,,,,,,,,,,,,,,,,,,,,,,,,,,,,,,,,,,,,,,,,,,,,,,,,,,,,,,6.0,9.0,13.0,5.0,14.0,11.0,13.0,12.0,13.0,11.0,22.0,15.0,24.0,14.0,21.0,13.0,16.0,31.0,21.0,13.0,21.0,23.0,19.0,8.0,17.0,19.0,14.0,23.0,12.0,20.0,15.0,28.0,22.0,14.0
395133,444,"Stillwater, OK",msa,OK,,,,,,,,,,,,,,,,,,,,,,,,,,,,,,,,,,,,,,,,,,18.0,7.0,16.0,14.0,12.0,20.0,16.0,12.0,13.0,24.0,9.0,21.0,19.0,20.0,14.0,21.0,9.0,6.0,11.0,17.0,18.0,9.0,31.0,18.0,24.0,13.0,18.0,24.0,17.0,6.0,14.0,10.0,12.0,19.0,27.0,33.0,25.0,29.0,15.0,19.0,14.0,13.0,19.0,10.0,16.0,33.0,33.0,26.0,11.0,27.0,19.0,17.0,10.0,9.0,18.0,6.0,22.0,17.0,21.0,18.0,20.0,25.0
394345,446,"Athens, TX",msa,TX,,,,,,,,,,,,,,,,,,,,,,,,,,,,,,13.0,13.0,9.0,8.0,6.0,11.0,10.0,6.0,14.0,13.0,9.0,9.0,9.0,8.0,15.0,15.0,18.0,12.0,11.0,16.0,26.0,28.0,23.0,21.0,25.0,30.0,27.0,16.0,10.0,19.0,16.0,10.0,15.0,17.0,12.0,28.0,17.0,19.0,29.0,25.0,14.0,20.0,11.0,13.0,15.0,26.0,26.0,27.0,18.0,24.0,33.0,32.0,25.0,16.0,28.0,7.0,21.0,13.0,13.0,24.0,21.0,18.0,16.0,13.0,25.0,14.0,12.0,11.0,8.0,19.0,23.0,21.0,20.0,24.0
394452,447,"Centralia, WA",msa,WA,,,,,,,,,,,,,,,,,,,,,,,,,,,,,,,,,,,,,,,,,,,,,,,,,,,,,,,,,,,,,,,,,,,,,,,,,,,,,,,,,,,,,7.0,6.0,9.0,8.0,6.0,7.0,14.0,12.0,18.0,11.0,12.0,26.0,8.0,8.0,8.0,10.0,18.0,15.0,8.0
394682,449,"Hinesville, GA",msa,GA,23.0,24.0,28.0,31.0,22.0,35.0,34.0,27.0,33.0,37.0,31.0,32.0,23.0,26.0,23.0,33.0,44.0,45.0,51.0,29.0,22.0,31.0,27.0,46.0,23.0,36.0,37.0,35.0,46.0,54.0,44.0,55.0,38.0,47.0,40.0,57.0,56.0,48.0,71.0,63.0,54.0,76.0,71.0,51.0,93.0,80.0,70.0,133.0,47.0,62.0,82.0,69.0,56.0,76.0,56.0,70.0,51.0,57.0,40.0,62.0,46.0,46.0,64.0,49.0,53.0,58.0,58.0,73.0,72.0,58.0,62.0,91.0,42.0,68.0,71.0,69.0,64.0,75.0,68.0,68.0,61.0,65.0,40.0,50.0,29.0,27.0,38.0,36.0,38.0,40.0,65.0,52.0,55.0,57.0,50.0,73.0,35.0,59.0,70.0,66.0,55.0,47.0,70.0
395126,453,"Statesboro, GA",msa,GA,32.0,27.0,47.0,34.0,19.0,36.0,49.0,84.0,10.0,33.0,35.0,23.0,35.0,28.0,62.0,33.0,78.0,59.0,42.0,28.0,31.0,34.0,35.0,40.0,16.0,39.0,47.0,45.0,34.0,40.0,25.0,35.0,36.0,51.0,27.0,33.0,24.0,36.0,54.0,30.0,25.0,26.0,24.0,34.0,19.0,38.0,40.0,44.0,26.0,27.0,60.0,49.0,47.0,50.0,35.0,24.0,22.0,28.0,20.0,19.0,24.0,18.0,36.0,39.0,30.0,23.0,19.0,27.0,26.0,34.0,25.0,20.0,28.0,29.0,49.0,26.0,26.0,32.0,42.0,23.0,29.0,22.0,24.0,21.0,11.0,17.0,21.0,19.0,31.0,25.0,23.0,25.0,26.0,13.0,19.0,33.0,8.0,30.0,49.0,35.0,47.0,44.0,31.0
395231,455,"Wilson, NC",msa,NC,12.0,18.0,22.0,21.0,26.0,30.0,17.0,20.0,10.0,13.0,14.0,15.0,8.0,12.0,20.0,17.0,18.0,16.0,21.0,19.0,12.0,11.0,9.0,9.0,14.0,12.0,13.0,16.0,23.0,22.0,15.0,17.0,19.0,12.0,15.0,15.0,12.0,20.0,15.0,14.0,21.0,19.0,9.0,21.0,18.0,7.0,12.0,12.0,22.0,5.0,17.0,13.0,12.0,18.0,9.0,19.0,20.0,15.0,10.0,13.0,5.0,11.0,17.0,18.0,16.0,23.0,13.0,14.0,17.0,14.0,20.0,16.0,27.0,23.0,14.0,24.0,28.0,17.0,11.0,19.0,27.0,14.0,25.0,24.0,26.0,32.0,27.0,19.0,12.0,27.0,21.0,19.0,24.0,21.0,11.0,20.0,11.0,21.0,19.0,10.0,21.0,12.0,22.0
753881,456,"Glenwood Springs, CO",msa,CO,,,,,,,,,,,,,,,,,,,,,,,,,,,,,,,,,,,,,,,,,,,,,,,,,,,,,,,,,,,,,,,,,,,,,,,,,,,,,,,,,,,,,,,,,,,,,,,,,6.0,5.0,5.0,9.0,5.0,7.0,7.0
395085,457,"Seneca, SC",msa,SC,7.0,9.0,6.0,11.0,7.0,7.0,5.0,9.0,10.0,7.0,10.0,7.0,6.0,12.0,13.0,6.0,15.0,12.0,9.0,14.0,11.0,15.0,15.0,10.0,15.0,15.0,22.0,23.0,19.0,9.0,14.0,14.0,9.0,11.0,13.0,12.0,10.0,11.0,13.0,15.0,9.0,10.0,9.0,17.0,14.0,11.0,10.0,10.0,9.0,15.0,16.0,18.0,23.0,27.0,17.0,26.0,20.0,22.0,20.0,21.0,22.0,32.0,38.0,34.0,24.0,17.0,18.0,24.0,19.0,22.0,16.0,22.0,14.0,22.0,34.0,16.0,17.0,22.0,23.0,19.0,22.0,25.0,12.0,21.0,15.0,15.0,19.0,11.0,19.0,20.0,29.0,20.0,24.0,18.0,16.0,24.0,12.0,18.0,25.0,27.0,25.0,33.0,11.0
395077,461,"Searcy, AR",msa,AR,,,,,,,,,,,,,,,,,,,,,,,,,,,,,,,,,,,,,,,,,,,,,,,,,,,,,,,,,,,,,,,,,,,,,,,,,,,,,,,,,,,,,,12.0,8.0,9.0,10.0,10.0,14.0,12.0,17.0,13.0,11.0,12.0,14.0,13.0,9.0,14.0,17.0,18.0,15.0
394994,463,"Port Angeles, WA",msa,WA,,,,,,,,,,,,,,,,,,,,,,,,,,,,,,,,,,,,,,,,,,,,,,,,,,,,,,,,,,,,,,,,,,,,,,,,,,,,,,,,,,,,,,,,,,,,,,,,,6.0,9.0,7.0,8.0,18.0,11.0,18.0
394699,465,"Huntsville, TX",msa,TX,,,,,,,,,,,,,,,,,,,,,,,,,,,,,,,,,,,,,,,,,,,,,,,,,13.0,17.0,24.0,21.0,24.0,34.0,18.0,16.0,26.0,20.0,21.0,19.0,8.0,20.0,16.0,14.0,29.0,21.0,15.0,16.0,18.0,18.0,27.0,16.0,18.0,26.0,15.0,21.0,23.0,21.0,8.0,10.0,13.0,14.0,8.0,13.0,15.0,7.0,28.0,9.0,12.0,13.0,16.0,13.0,15.0,8.0,8.0,9.0,10.0,8.0,14.0,16.0,20.0,10.0,10.0
394738,466,"Keene, NH",msa,NH,,,,,,,,,,,,,,,,,,,,,,,,,,,,,,,,,,,,,,,,,,,,,,,,,,,,,,,,,,,,,,,,,,,,,,,,,,,,,,,,,,,,,,,,,,,,,,,,,,,,,5.0,7.0,8.0
394674,467,"Heber, UT",msa,UT,25.0,38.0,47.0,49.0,37.0,27.0,22.0,36.0,40.0,38.0,26.0,22.0,19.0,16.0,27.0,30.0,36.0,32.0,51.0,36.0,43.0,37.0,56.0,66.0,55.0,26.0,42.0,37.0,31.0,53.0,54.0,61.0,78.0,115.0,78.0,132.0,80.0,41.0,62.0,53.0,56.0,75.0,50.0,59.0,70.0,61.0,75.0,117.0,91.0,114.0,83.0,68.0,65.0,81.0,43.0,86.0,74.0,74.0,70.0,68.0,36.0,49.0,49.0,39.0,47.0,59.0,46.0,57.0,60.0,62.0,66.0,61.0,49.0,58.0,63.0,54.0,62.0,36.0,54.0,54.0,64.0,67.0,54.0,,53.0,66.0,58.0,47.0,61.0,52.0,52.0,47.0,68.0,70.0,79.0,91.0,44.0,40.0,54.0,43.0,62.0,45.0,44.0
394614,471,"Frankfort, KY",msa,KY,,,,,,,,,,,,,,,,,,,,,,,,,,,,,,,,,,,,,,,,,,,,,,,,,,,,,,,,,,,,,,,,,,,,,,,,,,,,,,,,,,,,,,,,,,,,,,,,,,,,,5.0,11.0,8.0
394298,473,"Aberdeen, WA",msa,WA,,,,,,,,,,,,,,,,,,,,,,,,,,,,,,,,,,,,,,,,,,,,,,,,,,,,,,,,,,,,,,,,,,,,,,,,,,,,,,,,,,,,,,,,,,,,,,,,,8.0,8.0,11.0,5.0,6.0,6.0,7.0
753893,477,"Jefferson, GA",msa,GA,64.0,90.0,147.0,115.0,119.0,127.0,117.0,94.0,85.0,84.0,72.0,87.0,60.0,88.0,100.0,84.0,99.0,132.0,85.0,102.0,72.0,98.0,94.0,146.0,83.0,91.0,128.0,111.0,101.0,146.0,137.0,93.0,120.0,100.0,82.0,146.0,85.0,136.0,152.0,115.0,96.0,94.0,104.0,85.0,102.0,101.0,107.0,105.0,89.0,103.0,121.0,128.0,105.0,126.0,119.0,97.0,70.0,75.0,38.0,121.0,76.0,88.0,135.0,122.0,127.0,133.0,103.0,76.0,100.0,129.0,79.0,92.0,55.0,87.0,108.0,108.0,110.0,84.0,71.0,64.0,93.0,93.0,82.0,88.0,61.0,78.0,82.0,64.0,65.0,87.0,66.0,68.0,64.0,78.0,55.0,81.0,50.0,56.0,90.0,75.0,76.0,73.0,45.0
394955,479,"Palatka, FL",msa,FL,,,,,,,,,,,,,,,,,,,,,,,,,,,,,,,,,,,,,,,,,,,,,,,,,,,,,,,,,,,,,,,,,,,,,,,,,,,,,,,,,,,,,,,,,,,,,,,,,,,,,6.0,7.0,9.0
394683,481,"Hobbs, NM",msa,NM,,,,,,,,,,,,,,,,,,,,,,,,,,,,,,,,,,,,,,,,,,,,,,,,,,,,,,,,,,,,,,,,,,,,,,,,,,,,,,,,,,,,,,,,,,,,,,,,,,7.0,5.0,11.0,7.0,8.0,7.0
395088,482,"Shawnee, OK",msa,OK,,,,,,,,,,,,,,,,,,,,,,,,,,,,,,,,,,,,,,,,,,,,,,,,,,,,,,,,13.0,11.0,11.0,5.0,11.0,,9.0,16.0,7.0,20.0,19.0,6.0,9.0,9.0,14.0,11.0,10.0,11.0,7.0,17.0,8.0,18.0,13.0,11.0,7.0,6.0,15.0,10.0,15.0,11.0,15.0,14.0,19.0,15.0,14.0,18.0,21.0,18.0,12.0,13.0,19.0,12.0,23.0,18.0,22.0,15.0,23.0,10.0
394647,486,"Greeneville, TN",msa,TN,,,,,,,,,,,,,,,,,,,,,,,,,,,,,,,,,,,,,,,,,,,,,,,,,,,,,,,,,,,,,,,,,,,,,,,,,,,,,,,,,,,,,,,,,,,,,,,,,,,,,,,6.0
394655,488,"Greenwood, SC",msa,SC,,,,,,,,,,,,,,,,,,,,,,,,,,,,,,,,,,,,,,,,,,,,,,,,,,,,,,,,,,,,,,,,,,,,,,,,,8.0,5.0,11.0,9.0,11.0,13.0,11.0,11.0,5.0,5.0,6.0,12.0,7.0,10.0,13.0,19.0,23.0,23.0,19.0,15.0,31.0,12.0,15.0,10.0,7.0,16.0,20.0,11.0,19.0,27.0,21.0
394764,489,"Lake City, FL",msa,FL,,,,,,,,,,,,,,,,,,,,,,,,,,,,,,,,,,,,,,,,,,,,,,,,,,,,,,,,,,,,,,,,,,,,,,,,,,,,,,,,,,,,,,,,,,,,,,,,,,,,,,,7.0
394877,491,"Morehead City, NC",msa,NC,35.0,25.0,30.0,17.0,22.0,24.0,27.0,33.0,6.0,25.0,16.0,11.0,14.0,37.0,17.0,20.0,36.0,27.0,32.0,26.0,12.0,25.0,15.0,19.0,14.0,28.0,27.0,20.0,23.0,26.0,37.0,29.0,44.0,23.0,23.0,35.0,25.0,29.0,33.0,50.0,58.0,49.0,30.0,27.0,34.0,19.0,20.0,34.0,20.0,24.0,42.0,37.0,25.0,27.0,29.0,30.0,29.0,27.0,34.0,37.0,32.0,34.0,39.0,22.0,38.0,33.0,29.0,35.0,38.0,25.0,25.0,21.0,17.0,22.0,31.0,23.0,37.0,41.0,20.0,18.0,19.0,21.0,14.0,42.0,14.0,24.0,26.0,37.0,45.0,27.0,28.0,30.0,25.0,16.0,18.0,22.0,9.0,7.0,21.0,30.0,24.0,23.0,20.0
394787,518,"Lewiston, ID",msa,ID,,,,,,,,,,,,,,,,,,,,,,,,,,,,,,,,,,,,,,,,,,,,,,,,,,,,,,,,,,,,,,,,,,,,,,,,,,,,,,,,,,,,,,,,,,,,,,,,,,,5.0,8.0,6.0,9.0,5.0
394759,519,"Laconia, NH",msa,NH,,,,,,,,,,,,,,,,,,,,,,,,,,,,,,,,,,,,,,,,,,,,,,,,,,,,,,,,,,,,,,,,,,,,,,,,,,,,,,,,,,,,,,,,,,,,,,,,,,,,6.0,13.0,15.0,14.0
394629,520,"Georgetown, SC",msa,SC,22.0,11.0,21.0,15.0,16.0,15.0,33.0,33.0,6.0,33.0,21.0,8.0,24.0,20.0,28.0,31.0,13.0,23.0,22.0,11.0,25.0,19.0,29.0,19.0,15.0,17.0,24.0,34.0,16.0,28.0,33.0,40.0,37.0,24.0,31.0,29.0,35.0,55.0,58.0,60.0,38.0,64.0,57.0,50.0,51.0,43.0,44.0,37.0,58.0,34.0,62.0,50.0,51.0,62.0,29.0,61.0,51.0,37.0,15.0,19.0,25.0,20.0,23.0,33.0,36.0,28.0,16.0,21.0,29.0,18.0,6.0,9.0,16.0,16.0,31.0,33.0,18.0,15.0,24.0,21.0,24.0,33.0,15.0,10.0,9.0,9.0,26.0,11.0,19.0,22.0,15.0,21.0,22.0,16.0,14.0,17.0,13.0,15.0,19.0,23.0,18.0,19.0,16.0
395063,522,"Sanford, NC",msa,NC,,,,,,,,,,,,,,,,,,,,,,,13.0,23.0,16.0,22.0,18.0,22.0,26.0,21.0,26.0,21.0,29.0,33.0,19.0,24.0,25.0,13.0,28.0,12.0,26.0,32.0,24.0,23.0,35.0,32.0,25.0,20.0,17.0,16.0,10.0,17.0,20.0,22.0,13.0,23.0,21.0,17.0,11.0,17.0,22.0,20.0,29.0,31.0,19.0,35.0,19.0,25.0,18.0,20.0,28.0,33.0,33.0,31.0,50.0,32.0,43.0,49.0,33.0,50.0,49.0,49.0,43.0,55.0,39.0,54.0,51.0,46.0,49.0,70.0,45.0,48.0,62.0,43.0,37.0,36.0,26.0,31.0,49.0,30.0,45.0,46.0,31.0
395199,525,"Walla Walla, WA",msa,WA,,,,,,,,,,,,,,,,,,,,,,,,,,,,,,,,,,,,,,,,,,,,,,,,,,,,,,,,,,,,,,,,,,,,,,,,,,,,,,,,,,,,,,,,,,,,,,,,,,6.0,7.0,9.0,9.0,8.0,7.0
394309,526,"Albemarle, NC",msa,NC,,,,,,,,,,,,,,,,,,,,,,,,,,,,,,,,,,,,,,,,,,,,,,,,,,,,,,,,,,,,,,,,,,,,,,,,,,,,,,,,,,,,,,,,,,,,,,16.0,17.0,15.0,9.0,21.0,13.0,25.0,23.0,12.0,19.0
394443,530,"Carlsbad, NM",msa,NM,,,,,,,,,,,,,,,,,,,,,,,,,,,,,,,,,,,,,,,,,,,,,,,,,,,,,,,,,,,,5.0,12.0,7.0,10.0,16.0,16.0,12.0,11.0,10.0,7.0,14.0,17.0,11.0,35.0,14.0,10.0,18.0,15.0,11.0,15.0,11.0,12.0,9.0,13.0,12.0,6.0,5.0,7.0,10.0,7.0,11.0,15.0,13.0,12.0,9.0,13.0,12.0,8.0,12.0,15.0,21.0,10.0,11.0,11.0
394509,534,"Crossville, TN",msa,TN,13.0,9.0,13.0,19.0,13.0,10.0,11.0,10.0,17.0,10.0,13.0,16.0,9.0,16.0,20.0,16.0,14.0,16.0,17.0,23.0,15.0,11.0,13.0,19.0,22.0,17.0,14.0,16.0,18.0,18.0,22.0,26.0,22.0,18.0,19.0,15.0,17.0,17.0,13.0,17.0,13.0,11.0,12.0,7.0,12.0,11.0,19.0,16.0,19.0,17.0,25.0,13.0,13.0,16.0,7.0,14.0,15.0,15.0,10.0,10.0,23.0,22.0,22.0,15.0,19.0,18.0,12.0,21.0,12.0,15.0,6.0,9.0,13.0,11.0,25.0,15.0,13.0,11.0,15.0,9.0,8.0,9.0,8.0,23.0,26.0,9.0,14.0,15.0,9.0,7.0,19.0,6.0,16.0,7.0,20.0,16.0,12.0,10.0,20.0,15.0,25.0,29.0,18.0
845162,535,"Granbury, TX",msa,TX,22.0,14.0,33.0,26.0,34.0,24.0,25.0,24.0,24.0,17.0,18.0,15.0,21.0,28.0,47.0,41.0,33.0,34.0,23.0,30.0,33.0,27.0,19.0,15.0,22.0,35.0,29.0,31.0,25.0,29.0,44.0,38.0,34.0,36.0,28.0,23.0,30.0,31.0,48.0,47.0,55.0,38.0,30.0,44.0,42.0,31.0,44.0,49.0,38.0,47.0,39.0,41.0,34.0,47.0,23.0,36.0,31.0,32.0,28.0,27.0,23.0,36.0,32.0,43.0,35.0,35.0,29.0,33.0,29.0,20.0,18.0,21.0,19.0,29.0,46.0,58.0,45.0,27.0,34.0,42.0,37.0,26.0,32.0,35.0,21.0,32.0,39.0,38.0,37.0,36.0,41.0,45.0,47.0,43.0,30.0,48.0,18.0,32.0,45.0,34.0,54.0,66.0,34.0
394592,550,"Fernley, NV",msa,NV,28.0,19.0,23.0,22.0,28.0,25.0,28.0,27.0,17.0,29.0,19.0,23.0,15.0,21.0,23.0,34.0,31.0,23.0,33.0,30.0,13.0,17.0,36.0,25.0,17.0,30.0,23.0,14.0,25.0,31.0,31.0,35.0,26.0,26.0,39.0,36.0,26.0,29.0,55.0,42.0,27.0,31.0,29.0,26.0,13.0,23.0,26.0,31.0,38.0,45.0,46.0,45.0,29.0,30.0,16.0,30.0,28.0,21.0,23.0,23.0,8.0,25.0,23.0,16.0,29.0,36.0,36.0,39.0,36.0,40.0,36.0,21.0,24.0,30.0,49.0,25.0,50.0,38.0,39.0,45.0,46.0,23.0,22.0,23.0,22.0,27.0,33.0,28.0,21.0,27.0,25.0,20.0,24.0,25.0,20.0,38.0,18.0,15.0,14.0,23.0,14.0,19.0,19.0
394444,551,"Carson City, NV",msa,NV,,,,,,,,,,,,,,,,,,,,,,,,,,,,,,,,,,,,,,,,,,,,,,,,,,,,,,,,,,,,,,8.0,10.0,8.0,6.0,14.0,9.0,12.0,12.0,11.0,24.0,9.0,13.0,29.0,12.0,20.0,34.0,19.0,29.0,27.0,23.0,27.0,25.0,17.0,17.0,22.0,18.0,11.0,12.0,12.0,8.0,15.0,26.0,22.0,16.0,13.0,16.0,9.0,19.0,22.0,22.0,7.0,12.0
394551,552,"Eagle Pass, TX",msa,TX,,,,,,,,,,,,,,,,,,,,,,,,,,,,,,,,,,,,,,,,,,,,,,,,,,,,,,,,,,,,,,,,,,,,,,,,,,,,,,,,,,,,,,,,,,,,,,,,,,,,7.0,9.0,5.0,9.0
394432,553,"Calhoun, GA",msa,GA,10.0,6.0,6.0,13.0,15.0,12.0,7.0,7.0,21.0,19.0,9.0,13.0,8.0,7.0,8.0,18.0,16.0,15.0,28.0,33.0,16.0,17.0,14.0,23.0,16.0,25.0,16.0,21.0,19.0,16.0,24.0,13.0,20.0,12.0,6.0,16.0,10.0,10.0,19.0,19.0,21.0,26.0,20.0,15.0,13.0,7.0,11.0,19.0,17.0,19.0,28.0,12.0,19.0,26.0,19.0,12.0,8.0,8.0,8.0,28.0,7.0,15.0,17.0,15.0,26.0,27.0,29.0,14.0,14.0,12.0,12.0,21.0,8.0,6.0,6.0,8.0,7.0,8.0,12.0,8.0,5.0,7.0,9.0,7.0,12.0,9.0,12.0,12.0,13.0,6.0,14.0,11.0,21.0,10.0,16.0,6.0,7.0,11.0,14.0,15.0,14.0,18.0,15.0
753877,554,"Cullowhee, NC",msa,NC,,,,,,,,,,,,,,,,,,,,,,,,,,,,,,,,,,,,,,,,,,,,,,,,,,,,,,,,,,,,,,,,,,,,,,,,,,,,,,,,,,,,,,,,,,,,,,,,,,,,,,5.0,6.0
394940,557,"Ontario, OR",msa,OR,,,,,,,,,,,,,,,,,,,,,,,,,,,,,,,,,,,,,,,,,,,,,,,,,,,,,,,,,,,,,,,7.0,12.0,6.0,9.0,7.0,6.0,12.0,5.0,12.0,7.0,11.0,10.0,12.0,15.0,16.0,10.0,14.0,17.0,7.0,16.0,14.0,12.0,12.0,11.0,7.0,12.0,12.0,9.0,11.0,11.0,13.0,13.0,6.0,5.0,5.0,9.0,16.0,18.0,11.0,13.0,14.0
394621,558,"Gaffney, SC",msa,SC,,,,,,,,,,,,,,,,,,,,,,,,,,,,,,,,,,,,,,,,,,,,,,,,,,,,,,,,,,,,,,,,,,,,,,,,,,,,,,,,,,,,,,,,,,,,,,,,,10.0,6.0,7.0,14.0,8.0,16.0,8.0
394411,561,"Branson, MO",msa,MO,,,,,,,,,,,,,,,,,,,,,,,,,,,,,,,,,,,,,,,,,,,,,,,,,,,,,,,,,,,,,,,,,,,,,,,,,,,,,,,,,,,,,,,,,15.0,41.0,18.0,13.0,7.0,7.0,17.0,30.0,20.0,5.0,9.0,16.0,11.0,12.0,6.0
394446,562,"Cedar City, UT",msa,UT,,,,,,,,,,,,,,,,,,,,,,,,,,,,,,,,,,,,,,,,,,,,,,,,,,,,,,,,,,,,,,16.0,14.0,12.0,20.0,18.0,13.0,33.0,36.0,13.0,26.0,21.0,17.0,30.0,32.0,33.0,22.0,26.0,27.0,35.0,35.0,39.0,21.0,12.0,25.0,27.0,14.0,16.0,23.0,25.0,13.0,33.0,14.0,24.0,36.0,33.0,18.0,25.0,27.0,18.0,22.0,42.0,18.0
394951,564,"Oxford, MS",msa,MS,,,,,,,,,,,,,,9.0,15.0,12.0,18.0,18.0,27.0,24.0,17.0,19.0,11.0,9.0,13.0,14.0,12.0,10.0,16.0,26.0,27.0,23.0,25.0,15.0,17.0,19.0,16.0,7.0,17.0,19.0,21.0,38.0,33.0,26.0,19.0,14.0,21.0,23.0,17.0,14.0,8.0,6.0,7.0,8.0,11.0,14.0,8.0,10.0,6.0,10.0,7.0,7.0,14.0,15.0,11.0,17.0,18.0,26.0,19.0,9.0,16.0,14.0,7.0,14.0,8.0,17.0,33.0,32.0,66.0,58.0,35.0,30.0,16.0,27.0,18.0,46.0,39.0,55.0,82.0,54.0,40.0,42.0,46.0,25.0,23.0,18.0,7.0,20.0,26.0,39.0,48.0,30.0,31.0
394750,568,"Kinston, NC",msa,NC,,,,,,,,,,,,,,,,,,,,,,,,,,,,,,,,,,,,,,,,,,,,,,,,,,,,,,,,,,,,,,,,,,,,,,,,,,,,,12.0,14.0,14.0,6.0,22.0,8.0,17.0,9.0,9.0,11.0,10.0,19.0,10.0,9.0,11.0,8.0,10.0,7.0,7.0,10.0,8.0,7.0,10.0,15.0,15.0,9.0,12.0
394632,575,"Glasgow, KY",msa,KY,,,,,,,,,,,,,,,,,,,,,,,,,,,,,,,,,,,,,,,,,,,,,,,,,,,,,,,,,,,,,,,,,,,,,,,,,,,,,,,,,,,,,,,,,,,,,,,,,,,,,7.0,6.0,6.0
395122,576,"St. Marys, GA",msa,GA,22.0,21.0,24.0,43.0,32.0,41.0,42.0,31.0,27.0,19.0,38.0,32.0,20.0,30.0,48.0,41.0,23.0,36.0,44.0,43.0,30.0,29.0,20.0,12.0,28.0,23.0,47.0,30.0,25.0,23.0,32.0,18.0,18.0,18.0,15.0,25.0,10.0,29.0,29.0,45.0,29.0,35.0,20.0,18.0,29.0,34.0,23.0,31.0,30.0,24.0,46.0,47.0,52.0,44.0,40.0,38.0,24.0,41.0,22.0,20.0,14.0,27.0,39.0,32.0,42.0,43.0,27.0,46.0,37.0,35.0,30.0,42.0,41.0,38.0,70.0,46.0,30.0,43.0,39.0,34.0,51.0,35.0,23.0,35.0,38.0,36.0,38.0,31.0,29.0,31.0,19.0,24.0,36.0,23.0,22.0,40.0,18.0,20.0,19.0,15.0,19.0,36.0,15.0
394402,577,"Boone, NC",msa,NC,,,,,,,,,,,,,,,,,,,,,,,,,,,,,,,,,,,,,,,,,,,,,,,,,,,,,,,,,,,,,,,,,,,,,,,,,,,,,,,,,,,,,,,,,,,,,,,,,,,,,,,5.0
395204,578,"Warrensburg, MO",msa,MO,,,,,,,,,,,,,,,,,,,,,,,,,,,,,,,,,,,,,,,,,,,,,,,,,,,,,,,,,,,,,,,,,,,,,,,,,,,,,,,,,,,,,,,,,,,,,7.0,5.0,5.0,5.0,5.0,7.0,8.0,10.0,11.0,7.0,5.0
394562,582,"Elizabeth City, NC",msa,NC,,,,,,,,,,,,,,,,,,,,,,,,,,,,,,,,,,,,,,,,,,,,,,,13.0,12.0,8.0,12.0,13.0,11.0,10.0,17.0,13.0,24.0,14.0,15.0,14.0,18.0,20.0,16.0,20.0,12.0,10.0,18.0,23.0,22.0,22.0,14.0,15.0,18.0,28.0,33.0,33.0,20.0,21.0,28.0,24.0,35.0,14.0,21.0,17.0,17.0,18.0,12.0,21.0,27.0,22.0,20.0,22.0,28.0,46.0,26.0,21.0,24.0,17.0,15.0,36.0,24.0,26.0,23.0,23.0
394344,584,"Athens, TN",msa,TN,,,,,,,,,,,,,,,,,,,,,,,,,,,,,,,,,,,,,,,,,,,,,,,,,,,,,,,,,,,,,,,,,,,,,,,,,,,,,,,,,,,,,,,,,,,,,,,,,,,16.0,18.0,10.0,15.0,14.0
394571,585,"Enterprise, AL",msa,AL,,,,,,,,,,,,,,,,,,,,,,,,,,,,,,,,,,,,,,,,,,,,,,,,,,,,,,,,,,,,,,,,,,,,,,,,,13.0,8.0,10.0,13.0,12.0,16.0,16.0,6.0,10.0,9.0,14.0,17.0,6.0,13.0,11.0,13.0,11.0,12.0,18.0,6.0,8.0,15.0,9.0,13.0,8.0,15.0,18.0,17.0,17.0,14.0,12.0
786250,595,"Alexander City, AL",msa,AL,,,,,,,,,,,,,,,,,,,,,,,,,,,,,,,,,,,,,,,,,,,,,,,,,,,,,,,,,,,,,,,,,,,,,,,,,,,,,,,,,,,,,,,,,,,,,,,,,,5.0,8.0,9.0,9.0,7.0,13.0
394954,601,"Pahrump, NV",msa,NV,22.0,15.0,30.0,20.0,18.0,21.0,19.0,23.0,28.0,21.0,27.0,42.0,19.0,22.0,30.0,22.0,22.0,36.0,27.0,36.0,31.0,31.0,36.0,34.0,21.0,36.0,23.0,27.0,33.0,37.0,35.0,23.0,25.0,17.0,18.0,20.0,19.0,15.0,25.0,28.0,28.0,32.0,25.0,32.0,32.0,18.0,21.0,28.0,22.0,28.0,39.0,28.0,27.0,16.0,19.0,23.0,18.0,18.0,15.0,18.0,12.0,17.0,32.0,24.0,17.0,32.0,20.0,14.0,34.0,29.0,26.0,23.0,18.0,34.0,25.0,27.0,31.0,31.0,24.0,28.0,12.0,14.0,11.0,19.0,16.0,13.0,10.0,15.0,14.0,12.0,11.0,7.0,13.0,14.0,12.0,19.0,9.0,7.0,15.0,12.0,23.0,25.0,16.0
395091,606,"Shelbyville, TN",msa,TN,17.0,12.0,20.0,18.0,25.0,17.0,18.0,11.0,8.0,12.0,16.0,10.0,12.0,17.0,22.0,22.0,33.0,14.0,30.0,23.0,26.0,14.0,11.0,26.0,18.0,15.0,24.0,27.0,18.0,23.0,24.0,25.0,18.0,28.0,15.0,19.0,18.0,27.0,38.0,30.0,38.0,30.0,39.0,29.0,20.0,25.0,20.0,30.0,13.0,16.0,17.0,20.0,31.0,35.0,36.0,20.0,11.0,12.0,16.0,20.0,18.0,16.0,34.0,27.0,28.0,57.0,35.0,29.0,41.0,26.0,32.0,30.0,30.0,30.0,46.0,25.0,30.0,33.0,42.0,20.0,40.0,21.0,33.0,9.0,7.0,13.0,19.0,11.0,14.0,24.0,20.0,25.0,15.0,23.0,14.0,18.0,15.0,12.0,15.0,12.0,20.0,24.0,14.0
394628,610,"Gardnerville Ranchos, NV",msa,NV,,,,,,,,,,,,,,,,,,,,,,,,,,,,,,,,,,,,,,,,,,,,,,,,,,,,,,,,,,14.0,11.0,19.0,5.0,10.0,9.0,25.0,13.0,18.0,11.0,19.0,10.0,14.0,14.0,26.0,9.0,22.0,15.0,20.0,19.0,12.0,16.0,13.0,7.0,19.0,16.0,14.0,11.0,10.0,12.0,31.0,26.0,39.0,15.0,22.0,12.0,27.0,17.0,29.0,20.0,19.0,21.0,23.0,26.0,24.0,5.0
395043,618,"Ruston, LA",msa,LA,,,,,,,,,,,,,,,,,,,,,,,,,,,,,,,,,,,,,,,,,,,,,,,,,,,,,,,,,,,,,,,,,,,,,,,,,,,,,,,,,,,,,,,,,,,,,,,,,,7.0,10.0,9.0,6.0,10.0,14.0
394918,625,"Nogales, AZ",msa,AZ,,,,,,,,,,,,,,,,,,,,,,,,,,,,,,,,,,,,,,,,,,,,,,10.0,10.0,12.0,25.0,21.0,27.0,20.0,19.0,20.0,14.0,13.0,11.0,12.0,10.0,12.0,10.0,15.0,20.0,13.0,23.0,16.0,18.0,19.0,9.0,18.0,10.0,17.0,13.0,20.0,20.0,22.0,20.0,18.0,13.0,21.0,21.0,17.0,15.0,16.0,10.0,16.0,26.0,18.0,17.0,14.0,17.0,22.0,16.0,21.0,10.0,16.0,16.0,13.0,21.0,18.0,18.0,17.0,17.0
394876,628,"Montrose, CO",msa,CO,,,,,,,,,,,,,,,,,,,,,,,,,,,,,,,,,,,,,,,,,,,,,,,,,,,,,,,,,,,,,,,,,,,,,,,,,,,,,,,,,,,,,,,,,,,,,,,,,,,,,6.0,9.0,
753916,632,"Sandpoint, ID",msa,ID,,,,,,,,,,,,,,,,,,,,,,,,,,,,,,,,,,,,,,,,,,,,,,,,,,,,,,,,,,,,,,,,,,,,,,,,,,,,,,,,,11.0,12.0,7.0,10.0,6.0,12.0,11.0,8.0,13.0,12.0,17.0,19.0,14.0,10.0,10.0,16.0,7.0,7.0,9.0,15.0,12.0,11.0,15.0
753865,633,"Bardstown, KY",msa,KY,,,,,,,,,,,,,,,,,,,,,,,,,,,,,,,,,,,,,,,,,,,,,,,,,,,,,,,,,,,,,,,,,,,,,,,,,,,,,,,,,,,,,,,,,,,,,,5.0,6.0,9.0,7.0,6.0,5.0,7.0,11.0,8.0,11.0
394377,638,"Bellefontaine, OH",msa,OH,,,,,,,,,,,,,,,,,,,,,,,,,,,,,,,,,,,,,,,,,,,,,,,,,,,,,,,,,,,,,,,,,,,,,,,,,,,,,,,,,,,,,,,,,,,,,,,,,,,,,,6.0,5.0
394426,640,"Burley, ID",msa,ID,,,,,,,,,,,,,,,,,,,,,,,,,,,,,,,,,,,,,,,,,,,,,,,,,,,,,,,,,,,,,,,,,,,,,,,,,,,,,,,,,,,,,,,,,,,,,,,,,,,8.0,10.0,8.0,16.0,10.0
394548,641,"Durant, OK",msa,OK,,,,,,,,,,,,,,,,,,,,,,,,,,,,,,,,,,,,,,,,,,,,,,,,,,,,,,,,,,,,,,,,,,,,,,,,,,,,,,,,,,,,,,,,,,,,,,,,,,6.0,14.0,7.0,12.0,6.0,6.0
394500,644,"Cornelia, GA",msa,GA,,,,,,,,,,,,,,,,,,,,,,,,,,,,,,,,,,,,,,,,,,,,,,,,,,,,,,,,,,,,,,,,,,,,,,,,,,,,,,,,,,,,,,,,,,,,,,,,,,15.0,11.0,8.0,12.0,11.0,15.0
394961,647,"Paragould, AR",msa,AR,,,,,,,,,,,,,,,,,,,,,,,,,,,,,,,,,,,,,,,,,,,,,,,,,,,,,,,,,,,,,,,,,,,,,,,,,,,,,,,,,,,,,,,,,,,,,,,,,,,,9.0,7.0,8.0,7.0
394779,665,"Lawrenceburg, TN",msa,TN,,,,,,,,,,,,,,,,,,,,,,,,,,,,,,,,,,,,,,,,,,,,,,,,,,,,,,,,,,,,,,,,,,,,,,,,,,,,,,,,,,,,,,,,,,,,,,,,,,,,,,9.0,8.0
394624,687,"Gainesville, TX",msa,TX,,,,,,,,,,,,,,,,,,,,,,,,,,,,,,,,,,,,,,,,,,,,,,,,,,,,,,,,,,,,,,,,,,,,,,,,,,,,,,,,,,,,,,,,,,,,,,,,,,,,,10.0,11.0,12.0
394845,690,"McMinnville, TN",msa,TN,,,,,,,,,,,,,,,,,,,,,,,,,,,,,,,,,,,,,,,,,,,,,,,,,,,,,,,,,,,,,,,,,,,,,,,,,,,,,,,,,,,,,,,,,,,,,,,,,12.0,9.0,17.0,10.0,6.0,12.0,11.0
394476,704,"Clewiston, FL",msa,FL,,,,,,,,,,,,,,,9.0,11.0,14.0,9.0,12.0,13.0,8.0,9.0,9.0,13.0,15.0,9.0,9.0,13.0,22.0,11.0,24.0,13.0,12.0,17.0,16.0,16.0,13.0,21.0,24.0,26.0,21.0,19.0,21.0,27.0,31.0,20.0,22.0,23.0,18.0,26.0,30.0,29.0,19.0,28.0,27.0,29.0,26.0,12.0,16.0,23.0,27.0,26.0,32.0,24.0,27.0,20.0,17.0,23.0,41.0,27.0,24.0,22.0,28.0,15.0,34.0,33.0,27.0,35.0,36.0,25.0,31.0,26.0,26.0,31.0,20.0,21.0,25.0,24.0,21.0,27.0,8.0,24.0,25.0,14.0,16.0,18.0,12.0,18.0,23.0,19.0,18.0,25.0,16.0
394554,729,"Easton, MD",msa,MD,,,,,,,,,,,,,,,,,,,,,,,,,,,,,,,,,,,,,,,,,,,,,,,,,,,,,,,,,,,,,,,,,,,,,,,,,,,,,,,,,,,,,,,,,,,,,,,,,,,,,8.0,6.0,8.0
394370,751,"Bay City, TX",msa,TX,,,,,,,,,,,,,,,,,,,,,,,,,,,,,,,,,,,,,,,,,,,,,,,,,,,,,,,,,,,,,,,,,,,,,,,,,,,,,,,,,,,,,,,,,,,,,,,,,,,,,,,10.0
394781,755,"Lebanon, MO",msa,MO,,,,,,,,,,,,,,,,,,,,,,,,,,,,,,,,,,,,,,,,,,,,,,,,,,,,,,,,,,,,,,,,,,,,,,,,,,,,,,,,,,,,,,,,,,,,,,,,,,,,,,,5.0
394413,759,"Brenham, TX",msa,TX,,,,,,,,,,,,,,,,,,,,,,,,,,,,,,,,,,,,,,,,,,,,,,,,,,,,,,,,,,,,,,,,,,,,,,,,,,,,,,,,,,,,,,,,,,,,,,12.0,10.0,15.0,5.0,6.0,14.0,7.0,11.0,18.0,9.0
786252,761,"Bonham, TX",msa,TX,,,,,,,,,,,,,,,,,,,,,,,,,,,,,,,,,,,,,,,,,,,,,,,,,,,,,,,,,,,,,,,,,,,,,,,,,,,,,,,,,,7.0,5.0,7.0,7.0,5.0,10.0,10.0,10.0,11.0,13.0,11.0,13.0,9.0,8.0,12.0,6.0,5.0,6.0,5.0,15.0,8.0,9.0
394713,768,"Jackson, WY",msa,WY,,,,,,,,,,,,,,,,,,,,,,,,,,,,,,,,,,,,,,,,,,,,,,,,,,,,,,,,,,,,,,,,,,,,,,,,,,,,,,,,,,,,,,,,,,,,,,,,,,,23.0,6.0,12.0,8.0,15.0
394786,783,"Lewisburg, TN",msa,TN,25.0,13.0,28.0,31.0,23.0,25.0,30.0,25.0,17.0,9.0,11.0,15.0,9.0,15.0,17.0,19.0,17.0,21.0,20.0,17.0,19.0,17.0,18.0,20.0,10.0,11.0,20.0,13.0,19.0,25.0,26.0,14.0,31.0,20.0,19.0,22.0,24.0,18.0,19.0,39.0,31.0,14.0,19.0,20.0,23.0,11.0,19.0,10.0,18.0,35.0,49.0,33.0,27.0,29.0,35.0,27.0,46.0,6.0,13.0,34.0,17.0,30.0,40.0,22.0,23.0,60.0,42.0,19.0,24.0,27.0,11.0,19.0,10.0,13.0,30.0,37.0,31.0,23.0,20.0,16.0,20.0,18.0,14.0,10.0,14.0,13.0,29.0,22.0,26.0,27.0,28.0,17.0,22.0,19.0,23.0,19.0,15.0,22.0,37.0,23.0,29.0,19.0,32.0
786262,786,"Pella, IA",msa,IA,,,,,,,,,,,,,,,,,,,,,,,,,,,,,,,,,,,,,,,,,,,,,,,,,,,,,,,,,,,,,,,,,,,,,,,,,,,,,,,,,,,,,,,,,,,,,,,,,,,,,,,9.0
753878,797,"Dayton, TN",msa,TN,,,,,,,,,,,,,,,,,,,,,,,,,,,,,,,,,,,,,,,,,,,,,,,,,,,,,,,,,,,,,,,,,,,,,,,,,,,,,,,,,,,,,,,,,,,,,,,,,,,,,,5.0,5.0
753871,811,"Breckenridge, CO",msa,CO,,,,,,,,,,,,,,,,,,,,,,,,,,,,,,,,,,,,,,,,,,,,,,,,,,,,,,,,,,,,,,,,,,,,,,,,,,,,,,,,,,,,,,,,,,,,,,,,,,11.0,9.0,17.0,11.0,14.0,14.0
395093,815,"Sheridan, WY",msa,WY,,,,,,,,,,,,,,,,,,,,,,,,,,,,,,,,,,,,,,,,,,,,,,,,,,,,,,,,,,,,,,,,,,,,,,,,,,,,,,,,,,,,,,,,,,,,,,,,,,,,,,,6.0
394892,832,"Mountain Home, ID",msa,ID,,,,,,,,,,,,,,,,,,,,,,,,,,,,,,,,,,,,,,,,,,,,,,,,,,,,,,,,,,,,,,,,,,,,,,,,,,,,,,,,,,,14.0,8.0,9.0,8.0,5.0,12.0,12.0,7.0,10.0,14.0,12.0,17.0,14.0,18.0,13.0,11.0,9.0,10.0,11.0,17.0,20.0
394864,833,"Mineral Wells, TX",msa,TX,,,,,,,,,,,,,,,,,,,,,,,,,,,,,,,,,,,,,,,,,,,,,,,,,,,,,,,,,,,,,,,,,,,,,,,,,,,,,,,,,,,,,,,,,,,,,,,,,,,,,,,8.0
394921,841,"North Vernon, IN",msa,IN,,,,,,,,,,,,,,,,,,,,,,,,,,,,,,,,,,,,,,,,,,,,,,,,,,,,,,,,,,,,,,,,,,,,,,,,,,,,,,,,,,,,,,,,,,,,,,,,,,,,,,,8.0
395154,843,"Thomaston, GA",msa,GA,,,,,,,,,,,,,,,,,,,,,,,,,,,,,,,,,,,,,,,,,,,,,,,,,,,,,,,,,,,,,,,,,,,,,,,,,,,,,,,,,,,,,,,,,,,,,,,,,,,,,5.0,7.0,7.0
394615,847,"Fredericksburg, TX",msa,TX,,,,,,,,,,,,,,,,,,,,,,,,,,,,,,,,,,,,,,,,,,,,,,,,,,,,,,,,,,,,,,,,,,,,,,,,,,,,,,,,,,,,,,,,,,,,,,,,,,,,,,,12.0
395159,848,"Toccoa, GA",msa,GA,,,,,,,,,,,,,,,,,,,,,,,,,,,,,,,,,,,,,,,,,,,,,,,,,,,,,,,,,,,,,,,,,,,,,,,,,,,,,,,,,,,,,,,,,,,,,,,,,,,,5.0,9.0,5.0,6.0
753921,867,"Steamboat Springs, CO",msa,CO,,,,,,,,,,,,,,,,,,,,,,,,,,,,,,,,,,,,,,,,,,,,,,,,,,,,,,,,,,,,,,,,,,,,,,,,,,,,,,,,,,,,,,,,,,,,,,,,,,,,,5.0,8.0,11.0
