RegionID,SizeRank,RegionName,RegionType,StateName,2008-02-29,2008-03-31,2008-04-30,2008-05-31,2008-06-30,2008-07-31,2008-08-31,2008-09-30,2008-10-31,2008-11-30,2008-12-31,2009-01-31,2009-02-28,2009-03-31,2009-04-30,2009-05-31,2009-06-30,2009-07-31,2009-08-31,2009-09-30,2009-10-31,2009-11-30,2009-12-31,2010-01-31,2010-02-28,2010-03-31,2010-04-30,2010-05-31,2010-06-30,2010-07-31,2010-08-31,2010-09-30,2010-10-31,2010-11-30,2010-12-31,2011-01-31,2011-02-28,2011-03-31,2011-04-30,2011-05-31,2011-06-30,2011-07-31,2011-08-31,2011-09-30,2011-10-31,2011-11-30,2011-12-31,2012-01-31,2012-02-29,2012-03-31,2012-04-30,2012-05-31,2012-06-30,2012-07-31,2012-08-31,2012-09-30,2012-10-31,2012-11-30,2012-12-31,2013-01-31,2013-02-28,2013-03-31,2013-04-30,2013-05-31,2013-06-30,2013-07-31,2013-08-31,2013-09-30,2013-10-31,2013-11-30,2013-12-31,2014-01-31,2014-02-28,2014-03-31,2014-04-30,2014-05-31,2014-06-30,2014-07-31,2014-08-31,2014-09-30,2014-10-31,2014-11-30,2014-12-31,2015-01-31,2015-02-28,2015-03-31,2015-04-30,2015-05-31,2015-06-30,2015-07-31,2015-08-31,2015-09-30,2015-10-31,2015-11-30,2015-12-31,2016-01-31,2016-02-29,2016-03-31,2016-04-30,2016-05-31,2016-06-30,2016-07-31,2016-08-31,2016-09-30,2016-10-31,2016-11-30,2016-12-31,2017-01-31,2017-02-28,2017-03-31,2017-04-30,2017-05-31,2017-06-30,2017-07-31,2017-08-31,2017-09-30,2017-10-31,2017-11-30,2017-12-31,2018-01-31,2018-02-28,2018-03-31,2018-04-30,2018-05-31,2018-06-30,2018-07-31,2018-08-31,2018-09-30,2018-10-31,2018-11-30,2018-12-31,2019-01-31,2019-02-28,2019-03-31,2019-04-30,2019-05-31,2019-06-30,2019-07-31,2019-08-31,2019-09-30,2019-10-31,2019-11-30,2019-12-31,2020-01-31,2020-02-29,2020-03-31,2020-04-30,2020-05-31,2020-06-30,2020-07-31,2020-08-31,2020-09-30,2020-10-31,2020-11-30,2020-12-31,2021-01-31,2021-02-28,2021-03-31,2021-04-30,2021-05-31,2021-06-30,2021-07-31,2021-08-31,2021-09-30,2021-10-31,2021-11-30,2021-12-31,2022-01-31,2022-02-28,2022-03-31,2022-04-30,2022-05-31,2022-06-30,2022-07-31,2022-08-31,2022-09-30,2022-10-31,2022-11-30,2022-12-31,2023-01-31,2023-02-28,2023-03-31,2023-04-30,2023-05-31,2023-06-30,2023-07-31,2023-08-31,2023-09-30,2023-10-31,2023-11-30,2023-12-31,2024-01-31,2024-02-29,2024-03-31,2024-04-30,2024-05-31,2024-06-30,2024-07-31,2024-08-31,2024-09-30,2024-10-31,2024-11-30,2024-12-31,2025-01-31,2025-02-28,2025-03-31,2025-04-30,2025-05-31,2025-06-30,2025-07-31,2025-08-31,2025-09-30,2025-10-31,2025-11-30,2025-12-31,2026-01-31,2026-02-28,2026-03-31,2026-04-30,2026-05-31,2026-06-30,2026-07-31,2026-08-31
102001,0,United States,country,,203918.0,236034.0,261719.0,288841.0,301600.0,304537.0,287623.0,270615.0,261251.0,192293.0,218879.0,164692.0,179745.0,228812.0,243313.0,264745.0,313423.0,320599.0,292051.0,287596.0,302808.0,281140.0,261612.0,182012.0,193601.0,287452.0,308058.0,317519.0,350081.0,252471.0,256916.0,267025.0,233217.0,222649.0,250423.0,191386.0,194660.0,265974.0,267639.0,284179.0,317901.0,283609.0,307313.0,274251.0,253444.0,242999.0,262419.0,208955.0,225977.0,286821.0,293322.0,337317.0,352369.0,329174.0,355291.0,289054.0,319294.0,296063.0,295720.0,244171.0,245140.0,312862.0,349091.0,401062.0,392648.0,414387.0,410880.0,348357.0,348766.0,299100.0,309902.0,242757.0,239678.0,297615.0,337964.0,380946.0,404709.0,407432.0,389056.0,359015.0,371888.0,286553.0,332763.0,243299.0,253781.0,343535.0,372660.0,404480.0,469358.0,466999.0,424241.0,402673.0,381869.0,299384.0,359658.0,264857.0,280174.0,366307.0,392013.0,437720.0,492844.0,435129.0,462635.0,417462.0,383840.0,361202.0,371983.0,290064.0,284531.0,403527.0,390173.0,474989.0,519599.0,445498.0,479348.0,406517.0,401151.0,364752.0,356180.0,282560.0,281410.0,382969.0,404867.0,467610.0,494895.0,461087.0,479278.0,374334.0,401363.0,354332.0,321114.0,260073.0,277624.0,356838.0,403000.0,470516.0,454286.0,468230.0,461929.0,393153.0,406383.0,344598.0,360080.0,288866.0,290602.0,362615.0,315493.0,309479.0,432344.0,515309.0,496570.0,500525.0,511114.0,435961.0,468637.0,347778.0,344571.0,469248.0,496345.0,501869.0,587925.0,550745.0,543420.0,511527.0,491860.0,468244.0,470423.0,351257.0,342050.0,449995.0,448302.0,474115.0,492739.0,420465.0,438471.0,388810.0,339563.0,292715.0,278628.0,215808.0,236995.0,324341.0,300309.0,371179.0,394907.0,337083.0,368723.0,317540.0,304614.0,266464.0,254800.0,217141.0,240137.0,289250.0,326123.0,360301.0,334484.0,352133.0,342997.0,295501.0,316981.0,273741.0,282875.0,228677.0,235668.0,289822.0,324779.0,352143.0,359640.0,357727.0,341854.0,327529.0,333121.0,264869.0,304778.0,219251.0,238921.0,307581.0,334954.0,357657.0,390815.0,379537.0,337190.0
394913,1,"New York, NY",msa,NY,8532.0,9051.0,10029.0,10472.0,11321.0,13909.0,12619.0,10965.0,10781.0,8208.0,8829.0,6362.0,5719.0,6687.0,7207.0,8106.0,10038.0,11790.0,11899.0,11298.0,11747.0,14154.0,11766.0,8559.0,7083.0,18506.0,9933.0,10072.0,15898.0,11463.0,10507.0,29982.0,8793.0,8666.0,9412.0,8008.0,7732.0,9010.0,8797.0,9431.0,11401.0,10865.0,11539.0,9980.0,8880.0,8265.0,9167.0,8179.0,7257.0,8767.0,8929.0,10588.0,12381.0,12326.0,13401.0,10747.0,10251.0,9741.0,11239.0,10073.0,8586.0,9677.0,10897.0,13275.0,13887.0,16303.0,16805.0,14694.0,14524.0,11955.0,13221.0,10891.0,8700.0,10116.0,10499.0,12291.0,13985.0,15670.0,15485.0,13877.0,14510.0,11426.0,13844.0,10682.0,9909.0,11408.0,11605.0,12777.0,16652.0,18200.0,17589.0,16214.0,15779.0,13170.0,15493.0,12269.0,12022.0,13803.0,13302.0,14402.0,18506.0,17551.0,20115.0,17810.0,15799.0,15486.0,17096.0,14925.0,12780.0,15469.0,14442.0,17404.0,20511.0,18568.0,21754.0,17895.0,17678.0,16082.0,16476.0,14444.0,12361.0,14060.0,14718.0,16825.0,19525.0,19464.0,20949.0,15572.0,17696.0,15462.0,15125.0,13502.0,11243.0,13358.0,14093.0,16520.0,17553.0,18861.0,19086.0,16004.0,16604.0,14190.0,15554.0,14181.0,11917.0,12314.0,9877.0,10332.0,12651.0,15561.0,18115.0,19447.0,21735.0,19223.0,22581.0,19238.0,16489.0,20636.0,18896.0,18614.0,23425.0,22919.0,23907.0,20896.0,21446.0,19577.0,20982.0,18227.0,15198.0,18151.0,16421.0,18105.0,21188.0,19304.0,20641.0,16704.0,14983.0,14187.0,13217.0,11130.0,9750.0,12113.0,10772.0,13460.0,15677.0,14022.0,16147.0,13607.0,13396.0,11919.0,11391.0,10769.0,9273.0,10342.0,11323.0,12801.0,13029.0,14689.0,14838.0,12573.0,12942.0,11448.0,12863.0,11202.0,9393.0,10857.0,11474.0,12436.0,13604.0,14854.0,14351.0,13807.0,13651.0,11160.0,13357.0,10615.0,9121.0,11088.0,10948.0,11830.0,14412.0,15978.0,14806.0
753899,2,"Los Angeles, CA",msa,CA,4141.0,5059.0,6088.0,6877.0,7219.0,8232.0,7813.0,7801.0,8547.0,6494.0,7753.0,5979.0,6124.0,7849.0,8182.0,8563.0,9887.0,10239.0,9046.0,9109.0,9536.0,8188.0,9489.0,6527.0,6709.0,9204.0,9104.0,9958.0,10514.0,8737.0,8367.0,8302.0,7529.0,7310.0,8641.0,6674.0,6367.0,8903.0,8475.0,8360.0,9388.0,8393.0,9097.0,8478.0,7741.0,7859.0,8623.0,6949.0,7420.0,9829.0,9462.0,10642.0,10865.0,10219.0,11305.0,9020.0,10402.0,9594.0,10670.0,7659.0,7677.0,9974.0,10427.0,11562.0,10616.0,11474.0,11350.0,9366.0,9792.0,8296.0,8800.0,6800.0,6625.0,8377.0,9554.0,9738.0,9818.0,10037.0,9502.0,8810.0,9248.0,7356.0,8635.0,6400.0,6519.0,9423.0,10316.0,10306.0,11369.0,11500.0,10096.0,9847.0,9404.0,7218.0,9609.0,7055.0,6926.0,9348.0,9837.0,10407.0,11295.0,10226.0,10882.0,10078.0,9329.0,8992.0,9317.0,7271.0,6947.0,10163.0,9123.0,11034.0,12212.0,9995.0,11458.0,9809.0,9420.0,8648.0,8670.0,6833.0,6756.0,9756.0,9352.0,10334.0,10604.0,10006.0,10391.0,7936.0,8635.0,7585.0,7140.0,5682.0,6044.0,8062.0,9182.0,10138.0,9560.0,9897.0,10042.0,8774.0,9283.0,8077.0,8615.0,6854.0,6955.0,8298.0,6003.0,4982.0,7400.0,10175.0,10156.0,10799.0,10901.0,9623.0,11002.0,8169.0,7915.0,11507.0,12236.0,11286.0,12499.0,11646.0,11306.0,10889.0,10481.0,9976.0,10112.0,7310.0,7186.0,10319.0,9908.0,9442.0,9223.0,7518.0,7865.0,7264.0,6267.0,5420.0,5208.0,4200.0,4610.0,6655.0,5998.0,7178.0,7343.0,6305.0,7076.0,5826.0,5892.0,5217.0,5092.0,4478.0,5075.0,6174.0,6795.0,7206.0,6455.0,7111.0,6874.0,5943.0,6748.0,5746.0,6030.0,4636.0,5301.0,6252.0,7033.0,6708.0,6621.0,6983.0,6499.0,6652.0,7007.0,5398.0,6132.0,4439.0,5019.0,6603.0,6932.0,6603.0,7194.0,7058.0,6268.0
394463,3,"Chicago, IL",msa,IL,5530.0,6865.0,7232.0,7928.0,8700.0,8774.0,8135.0,7578.0,6566.0,4636.0,4903.0,3645.0,3644.0,4777.0,5230.0,6147.0,8020.0,8899.0,8484.0,8255.0,8822.0,8153.0,7059.0,4755.0,4687.0,6899.0,8137.0,8665.0,10413.0,6697.0,6627.0,6024.0,5542.0,5194.0,5907.0,4754.0,4257.0,6089.0,6322.0,7380.0,8674.0,7478.0,8338.0,7045.0,6709.0,6430.0,7073.0,5409.0,5430.0,7254.0,7600.0,9119.0,10159.0,9606.0,10580.0,8611.0,9511.0,8591.0,8307.0,7759.0,6997.0,8989.0,10555.0,12427.0,12895.0,14005.0,13905.0,11340.0,12179.0,9877.0,10373.0,8055.0,7428.0,9159.0,10955.0,12350.0,14120.0,14056.0,13037.0,12449.0,12530.0,9200.0,10426.0,7562.0,7403.0,10326.0,11722.0,13342.0,16591.0,16143.0,14714.0,13374.0,12781.0,9361.0,10845.0,8348.0,8334.0,10828.0,12750.0,14583.0,17350.0,15072.0,15712.0,13103.0,11992.0,10863.0,10938.0,8686.0,7657.0,12253.0,12601.0,15472.0,17712.0,14516.0,15294.0,12427.0,11412.0,10095.0,9747.0,7375.0,6922.0,10818.0,12612.0,15102.0,16414.0,14393.0,14484.0,11065.0,11705.0,10196.0,8826.0,6707.0,6929.0,9891.0,12265.0,14760.0,15032.0,14940.0,14069.0,11427.0,11506.0,9536.0,10073.0,7570.0,7522.0,10245.0,10195.0,9057.0,11804.0,15393.0,15431.0,15410.0,16929.0,14077.0,14062.0,11327.0,10869.0,14547.0,15971.0,16276.0,19778.0,18737.0,18203.0,15612.0,14125.0,13271.0,12493.0,9582.0,9102.0,12071.0,12735.0,13730.0,14797.0,12235.0,12134.0,10904.0,9078.0,8024.0,7224.0,5429.0,5564.0,8676.0,8484.0,10440.0,11502.0,9352.0,10270.0,8585.0,8005.0,6818.0,6807.0,5300.0,5606.0,7380.0,8960.0,9809.0,9447.0,9878.0,9619.0,7941.0,8175.0,7265.0,7209.0,5937.0,5932.0,7390.0,8656.0,9489.0,10369.0,10142.0,9246.0,8521.0,8744.0,6569.0,7423.0,5196.0,5434.0,7672.0,9042.0,9849.0,11238.0,10780.0,9764.0
394514,4,"Dallas, TX",msa,TX,4919.0,5596.0,6040.0,6729.0,6720.0,6618.0,6318.0,5544.0,4697.0,3494.0,4074.0,3038.0,3694.0,4622.0,4698.0,5306.0,5958.0,6274.0,5469.0,5156.0,5397.0,4834.0,4313.0,2913.0,3567.0,5298.0,6228.0,6417.0,5932.0,4431.0,4568.0,4100.0,3891.0,3690.0,3975.0,2877.0,3104.0,4661.0,4891.0,5392.0,5869.0,5260.0,5765.0,4681.0,4171.0,4101.0,4325.0,3303.0,3982.0,5224.0,5567.0,6699.0,6824.0,6552.0,6989.0,5252.0,5537.0,4958.0,5005.0,4177.0,4706.0,6656.0,7309.0,8279.0,8017.0,8476.0,8312.0,6630.0,6237.0,5188.0,5577.0,4146.0,4883.0,6241.0,6941.0,8004.0,8494.0,8395.0,8081.0,6914.0,6858.0,5202.0,6221.0,4197.0,4978.0,6735.0,7039.0,8156.0,9163.0,9232.0,8777.0,7656.0,6983.0,5682.0,7051.0,4924.0,5820.0,7517.0,7784.0,8473.0,9240.0,8582.0,9233.0,8045.0,7211.0,6762.0,6997.0,5075.0,5764.0,7905.0,7745.0,9416.0,9859.0,8876.0,9234.0,7681.0,7287.0,6934.0,6917.0,5276.0,6103.0,7670.0,8001.0,9455.0,9436.0,9149.0,9059.0,7053.0,6973.0,6211.0,6213.0,4532.0,5846.0,7482.0,8264.0,9408.0,8488.0,9227.0,8839.0,7237.0,7255.0,6085.0,7018.0,5230.0,6043.0,7349.0,6277.0,6342.0,9358.0,11139.0,9770.0,9297.0,9158.0,7756.0,8362.0,5634.0,5815.0,7953.0,9088.0,9495.0,10608.0,10329.0,10377.0,9676.0,8988.0,8583.0,8757.0,6247.0,6408.0,8320.0,8416.0,9180.0,9223.0,8326.0,8639.0,7413.0,6292.0,5212.0,5056.0,3797.0,5264.0,6776.0,6444.0,7979.0,7935.0,6895.0,7114.0,5799.0,5322.0,4669.0,4792.0,4224.0,5230.0,6218.0,7061.0,7810.0,6580.0,6936.0,6553.0,5602.0,6074.0,5197.0,5453.0,4278.0,5051.0,6219.0,6716.0,7180.0,7076.0,7152.0,6586.0,6064.0,6031.0,4762.0,5738.0,4120.0,4981.0,6520.0,7276.0,7559.0,7830.0,7268.0,6228.0
394692,5,"Houston, TX",msa,TX,4113.0,4716.0,4955.0,5572.0,5713.0,5519.0,5121.0,3260.0,3793.0,2892.0,3706.0,2584.0,3110.0,3848.0,3825.0,4256.0,5077.0,5229.0,4491.0,4302.0,4374.0,4099.0,3861.0,2276.0,2967.0,4377.0,4856.0,5209.0,5021.0,3879.0,3808.0,3301.0,2997.0,2694.0,3341.0,2460.0,2698.0,3906.0,4197.0,4568.0,5065.0,4559.0,4671.0,3705.0,3334.0,3082.0,3693.0,2595.0,3072.0,4032.0,4375.0,5322.0,5432.0,5218.0,4559.0,3739.0,4736.0,4221.0,4401.0,3525.0,4016.0,5069.0,5786.0,6789.0,6386.0,6969.0,6825.0,5608.0,5238.0,4183.0,4837.0,3496.0,3309.0,3068.0,3515.0,4063.0,4594.0,7397.0,6970.0,6345.0,6340.0,4837.0,6002.0,3993.0,4369.0,5922.0,6313.0,6659.0,7725.0,7803.0,7069.0,6419.0,5726.0,4446.0,5859.0,4112.0,4735.0,6254.0,6334.0,7072.0,7762.0,7004.0,7794.0,6422.0,5813.0,5492.0,6220.0,4305.0,5286.0,6924.0,6521.0,7959.0,8352.0,7329.0,6051.0,6659.0,6218.0,5928.0,6431.0,4727.0,5450.0,6726.0,6976.0,8076.0,8446.0,7846.0,8058.0,6281.0,6382.0,5665.0,5792.0,3998.0,5034.0,6571.0,7124.0,8116.0,7544.0,8127.0,7844.0,6261.0,6269.0,5545.0,6483.0,4349.0,5284.0,6491.0,5246.0,5432.0,8052.0,9612.0,8251.0,8156.0,8133.0,6960.0,8389.0,5460.0,5279.0,8371.0,8626.0,8996.0,10192.0,9829.0,9630.0,8885.0,8107.0,7671.0,8420.0,6011.0,6650.0,8718.0,8296.0,8980.0,8874.0,7547.0,7525.0,6605.0,5644.0,4658.0,4713.0,3649.0,4352.0,6206.0,5908.0,7112.0,7200.0,,,,,4175.0,4150.0,3661.0,4393.0,5275.0,6000.0,6438.0,5761.0,5847.0,5468.0,5077.0,5432.0,4396.0,4831.0,3803.0,4139.0,5221.0,5926.0,6578.0,6353.0,6274.0,5764.0,5362.0,5388.0,4240.0,5154.0,3607.0,4212.0,5532.0,6066.0,6358.0,6761.0,6462.0,5440.0
395209,6,"Washington, DC",msa,VA,4138.0,5008.0,5717.0,6225.0,7158.0,6704.0,6398.0,6472.0,6162.0,4739.0,5612.0,3966.0,4375.0,5747.0,6154.0,6590.0,7831.0,7374.0,6726.0,6435.0,6518.0,6203.0,5712.0,4619.0,4319.0,6485.0,6995.0,7439.0,8613.0,5835.0,7164.0,5642.0,5277.0,5127.0,5532.0,4261.0,4296.0,6167.0,6062.0,6473.0,7659.0,6352.0,6294.0,5432.0,4967.0,4894.0,5239.0,4090.0,4439.0,5483.0,6073.0,7365.0,7701.0,6745.0,7003.0,5468.0,5767.0,6223.0,5566.0,4732.0,4678.0,6022.0,7001.0,8441.0,8917.0,8297.0,7945.0,6437.0,6569.0,5376.0,6150.0,4275.0,4512.0,5539.0,6571.0,7528.0,8473.0,7806.0,7287.0,6342.0,6573.0,5194.0,6473.0,4587.0,4716.0,6408.0,7400.0,8176.0,9930.0,9163.0,8036.0,7308.0,7047.0,5905.0,7381.0,5028.0,5417.0,7025.0,8167.0,9591.0,10809.0,9127.0,9215.0,7736.0,7503.0,7278.0,7365.0,5977.0,6024.0,8427.0,8687.0,10358.0,11343.0,9270.0,9177.0,7690.0,7867.0,7100.0,6707.0,5493.0,5377.0,7344.0,8354.0,9823.0,10487.0,9196.0,8760.0,6599.0,7414.0,6959.0,6484.0,5333.0,5350.0,7344.0,8673.0,10282.0,9841.0,9455.0,8748.0,7381.0,7894.0,6585.0,7108.0,5603.0,5712.0,7665.0,7280.0,6961.0,9074.0,10190.0,9987.0,10085.0,10355.0,8969.0,9311.0,6741.0,7336.0,9614.0,11283.0,11605.0,13303.0,11833.0,11258.0,10104.0,10078.0,9923.0,9235.0,6366.0,6666.0,9266.0,9644.0,10256.0,10126.0,8195.0,8088.0,7044.0,6209.0,5291.0,5049.0,3742.0,4588.0,6083.0,6074.0,7597.0,7880.0,6288.0,6619.0,5445.0,5320.0,4801.0,4437.0,3794.0,4495.0,5407.0,6623.0,7453.0,6946.0,6956.0,6427.0,5435.0,6290.0,5169.0,5450.0,4252.0,4418.0,5322.0,6652.0,7129.0,7405.0,6850.0,6312.0,5821.0,6181.0,4963.0,5445.0,3865.0,4507.0,5838.0,6919.0,7730.0,8003.0,7002.0,5986.0
394974,7,"Philadelphia, PA",msa,PA,4083.0,4885.0,5616.0,5692.0,6357.0,6925.0,6106.0,6486.0,5687.0,3989.0,4451.0,3224.0,3139.0,4003.0,4273.0,4790.0,6106.0,6344.0,6039.0,5501.0,5911.0,6335.0,4791.0,3382.0,3162.0,4919.0,5544.0,6254.0,7719.0,4806.0,4564.0,4138.0,3986.0,3783.0,4366.0,3282.0,3024.0,4175.0,4265.0,4749.0,5673.0,4924.0,5252.0,4368.0,4265.0,4108.0,4391.0,3699.0,3518.0,4653.0,4830.0,5607.0,6251.0,5869.0,6237.0,4884.0,5061.0,5483.0,5019.0,4449.0,3857.0,4992.0,5826.0,6814.0,7379.0,7340.0,7095.0,5876.0,5983.0,5073.0,5483.0,4206.0,3540.0,4498.0,5321.0,6315.0,7476.0,7185.0,6895.0,5993.0,6286.0,5276.0,6258.0,4622.0,4404.0,5539.0,6281.0,7098.0,9003.0,9232.0,8171.0,7263.0,7096.0,5703.0,6986.0,5190.0,5184.0,6363.0,7089.0,8291.0,10323.0,8407.0,8973.0,7642.0,7327.0,7214.0,7324.0,6111.0,5406.0,7589.0,7652.0,9250.0,10786.0,9434.0,9690.0,8073.0,7983.0,7572.0,7318.0,5923.0,4860.0,6889.0,7671.0,8943.0,10701.0,9687.0,9560.0,7573.0,8107.0,7628.0,7057.0,5682.0,5287.0,7040.0,7835.0,9283.0,9615.0,9160.0,8979.0,7641.0,7509.0,6582.0,7129.0,5970.0,5259.0,6785.0,5713.0,4979.0,6532.0,9467.0,9668.0,9651.0,10367.0,8935.0,9541.0,7206.0,6623.0,8574.0,9162.0,9204.0,11901.0,10874.0,11376.0,10846.0,9863.0,9607.0,12429.0,9443.0,7387.0,9145.0,8742.0,8977.0,10180.0,8663.0,9012.0,7678.0,6738.0,6140.0,5787.0,4533.0,4362.0,6067.0,5812.0,6724.0,7721.0,6560.0,7112.0,6138.0,5917.0,5672.0,5423.0,4394.0,4348.0,5285.0,6152.0,6805.0,6937.0,7241.0,7073.0,6037.0,6519.0,5716.0,5956.0,4884.0,4440.0,5278.0,6306.0,6917.0,7809.0,7334.0,7045.0,6577.0,6451.0,5669.0,6438.0,4607.0,4198.0,5453.0,6025.0,6798.0,8042.0,7607.0,6921.0
394856,8,"Miami, FL",msa,FL,3935.0,4605.0,5110.0,5167.0,5393.0,5096.0,4703.0,4616.0,4936.0,3944.0,5362.0,4288.0,4651.0,5913.0,6205.0,6302.0,7061.0,6959.0,6526.0,6723.0,7314.0,6579.0,7506.0,5979.0,6041.0,8484.0,8516.0,7877.0,8999.0,7618.0,7463.0,7257.0,6723.0,6708.0,8654.0,7537.0,7495.0,10053.0,9889.0,9562.0,9688.0,8589.0,9213.0,8506.0,7545.0,7626.0,8692.0,7144.0,7734.0,9664.0,9862.0,10264.0,9876.0,9254.0,9864.0,8090.0,9461.0,8950.0,9874.0,8365.0,8454.0,10348.0,11574.0,11858.0,10968.0,11329.0,10765.0,9689.0,10185.0,8950.0,10028.0,8402.0,8310.0,10330.0,11306.0,11120.0,10866.0,10737.0,10024.0,9986.0,10726.0,8555.0,10915.0,8156.0,8653.0,11232.0,11736.0,11241.0,12194.0,12157.0,10480.0,10619.0,10248.0,8491.0,10636.0,7920.0,8599.0,11023.0,10988.0,11211.0,12055.0,10227.0,10960.0,10008.0,8940.0,8865.0,10024.0,8016.0,8272.0,11617.0,10499.0,11882.0,11904.0,10151.0,10913.0,7264.0,8757.0,8322.0,9358.0,7902.0,7947.0,10634.0,10697.0,10945.0,11094.0,9913.0,10178.0,8137.0,8931.0,8239.0,7984.0,6692.0,7166.0,9614.0,10904.0,11649.0,10220.0,10875.0,9993.0,9014.0,9222.0,8136.0,9807.0,7914.0,7845.0,10110.0,7146.0,5576.0,8279.0,10845.0,10850.0,10781.0,11812.0,10390.0,12872.0,9819.0,10486.0,15174.0,15863.0,14734.0,16374.0,14645.0,13483.0,12383.0,11981.0,11760.0,13111.0,10591.0,10795.0,14667.0,13846.0,13011.0,12349.0,9802.0,9945.0,8509.0,8045.0,7073.0,7268.0,5674.0,6595.0,9886.0,8632.0,10065.0,9743.0,8098.0,8833.0,7910.0,7576.0,6597.0,6848.0,5720.0,6514.0,8207.0,9172.0,9294.0,8027.0,8126.0,7802.0,6483.0,6806.0,5803.0,6702.0,5648.0,5924.0,7882.0,8177.0,7794.0,7181.0,7309.0,7031.0,7084.0,7186.0,5927.0,7542.0,5653.0,6293.0,8484.0,8571.0,8204.0,8697.0,8289.0,6948.0
394347,9,"Atlanta, GA",msa,GA,5732.0,6217.0,6439.0,6706.0,7026.0,7046.0,6348.0,6461.0,5883.0,4352.0,5414.0,4358.0,4615.0,5914.0,5803.0,5773.0,7128.0,7101.0,6356.0,6044.0,6382.0,6180.0,6046.0,4155.0,4783.0,6481.0,6716.0,6793.0,7358.0,5671.0,5596.0,6521.0,6950.0,6245.0,5690.0,4002.0,4419.0,6182.0,6050.0,6559.0,7319.0,6803.0,7750.0,7153.0,6697.0,6082.0,6790.0,6134.0,6542.0,7638.0,7399.0,8326.0,9227.0,8200.0,8810.0,7064.0,7827.0,7147.0,6745.0,6539.0,6341.0,7648.0,8066.0,9140.0,8739.0,9133.0,8768.0,7438.0,7516.0,6541.0,6722.0,5794.0,6059.0,7343.0,7865.0,8955.0,9210.0,9033.0,8596.0,7899.0,8002.0,6278.0,7272.0,5738.0,6072.0,8390.0,8987.0,9433.0,10330.0,10255.0,9519.0,8725.0,7876.0,6454.0,8178.0,6110.0,7045.0,9443.0,9861.0,10922.0,11793.0,10513.0,10884.0,9620.0,8838.0,8288.0,8881.0,6459.0,7190.0,10787.0,9752.0,12069.0,12693.0,10890.0,11464.0,9552.0,9389.0,8954.0,8828.0,6743.0,7790.0,10435.0,10761.0,12348.0,12357.0,11621.0,12463.0,9379.0,9979.0,8996.0,8193.0,6529.0,7784.0,10375.0,10900.0,12417.0,11607.0,11870.0,11482.0,9688.0,10109.0,8534.0,9321.0,7249.0,8292.0,9676.0,7879.0,7663.0,11108.0,12202.0,11814.0,11611.0,11996.0,9967.0,11368.0,8095.0,8973.0,12626.0,13034.0,13030.0,15062.0,14434.0,13662.0,12924.0,12820.0,12327.0,11468.0,8923.0,10032.0,12915.0,12197.0,12669.0,12592.0,10547.0,10514.0,9286.0,8025.0,6424.0,6435.0,4827.0,5962.0,8279.0,7477.0,8752.0,8763.0,7378.0,8193.0,6877.0,6600.0,5800.0,5908.0,4985.0,5924.0,7134.0,7782.0,8402.0,7178.0,7951.0,7295.0,6334.0,6777.0,5819.0,6494.0,5023.0,5773.0,7034.0,8046.0,8169.0,8205.0,7801.0,6996.0,6954.0,7052.0,5295.0,6789.0,4576.0,5623.0,7362.0,7988.0,8421.0,8389.0,7827.0,6812.0
394404,10,"Boston, MA",msa,MA,2041.0,2363.0,2867.0,3475.0,4487.0,4113.0,3955.0,3162.0,3178.0,2268.0,2477.0,1705.0,1651.0,2269.0,2429.0,2996.0,4137.0,4525.0,4301.0,3409.0,3648.0,3676.0,3083.0,2023.0,1935.0,2952.0,3641.0,3997.0,5334.0,3248.0,3503.0,2862.0,2603.0,2626.0,3142.0,2132.0,1831.0,2773.0,3033.0,3657.0,4983.0,4094.0,4493.0,3442.0,3058.0,3154.0,3313.0,2308.0,2289.0,3199.0,3594.0,4539.0,5763.0,5254.0,5790.0,3691.0,4106.0,4386.0,4191.0,2918.0,2407.0,3286.0,4063.0,5543.0,6537.0,6898.0,6565.0,4892.0,4666.0,4097.0,4298.0,2880.0,2236.0,3111.0,3855.0,5103.0,6626.0,6518.0,6109.0,4827.0,4824.0,3856.0,4493.0,2920.0,2367.0,3103.0,3611.0,4953.0,7541.0,7734.0,6826.0,5659.0,5235.0,4285.0,5123.0,3553.0,2833.0,3798.0,4383.0,5653.0,7822.0,6269.0,7202.0,5714.0,5075.0,4946.0,4920.0,3745.0,2732.0,4180.0,4104.0,5862.0,7959.0,6582.0,7026.0,5381.0,5261.0,5119.0,4580.0,3474.0,2568.0,3689.0,4297.0,5608.0,7707.0,6815.0,7172.0,4865.0,5049.0,5147.0,4085.0,3149.0,2765.0,3725.0,4297.0,5775.0,6643.0,6573.0,6569.0,4853.0,5078.0,4605.0,4807.0,3358.0,2599.0,3622.0,3703.0,3651.0,5056.0,6675.0,6871.0,6267.0,6372.0,5457.0,5972.0,3831.0,2997.0,4407.0,5223.0,5879.0,7916.0,7111.0,6981.0,6135.0,5306.0,5753.0,5577.0,3611.0,2786.0,4007.0,4476.0,5615.0,7357.0,5869.0,6041.0,4986.0,4083.0,3893.0,3808.0,2485.0,2121.0,3136.0,3133.0,4270.0,5557.0,4381.0,4550.0,3600.0,3638.0,3550.0,3113.0,2356.0,2136.0,2829.0,3545.0,4452.0,5067.0,5102.0,4763.0,3746.0,4219.0,3794.0,3787.0,2706.0,2306.0,2851.0,3684.0,4687.0,5372.0,5282.0,5042.0,4310.0,4459.0,3657.0,4046.0,2614.0,2200.0,2988.0,3643.0,4544.0,5893.0,5887.0,4752.0
394976,11,"Phoenix, AZ",msa,AZ,3588.0,4379.0,5083.0,5593.0,5590.0,6113.0,5419.0,5868.0,5368.0,4246.0,5479.0,4938.0,5792.0,7633.0,8203.0,8942.0,9410.0,8892.0,7518.0,7643.0,7959.0,7165.0,7482.0,5811.0,6532.0,8815.0,9085.0,8580.0,9027.0,6853.0,6892.0,6629.0,6432.0,6504.0,8300.0,6749.0,7240.0,9769.0,9446.0,9681.0,10366.0,8408.0,8779.0,7951.0,7578.0,7241.0,7851.0,6689.0,7585.0,9066.0,8696.0,8793.0,8601.0,7625.0,8007.0,6836.0,7568.0,7151.0,7341.0,6358.0,7057.0,8637.0,9282.0,9828.0,8532.0,8580.0,7653.0,6795.0,6670.0,5618.0,6458.0,5273.0,5923.0,7161.0,8086.0,8076.0,7826.0,7145.0,6749.0,6587.0,6469.0,5254.0,6711.0,5176.0,6133.0,8348.0,8831.0,8578.0,9132.0,8512.0,7501.0,7451.0,6821.0,5706.0,7188.0,5609.0,6269.0,8912.0,8892.0,9308.0,9377.0,8173.0,8355.0,7856.0,7501.0,7243.0,7420.0,6592.0,6911.0,9920.0,9101.0,10319.0,10112.0,8415.0,8833.0,7982.0,7883.0,7618.0,7454.0,6649.0,7494.0,10090.0,9604.0,10441.0,9697.0,8989.0,8829.0,7426.0,7959.0,7164.0,6822.0,6051.0,7090.0,8881.0,10023.0,10733.0,9710.0,9552.0,9187.0,8430.0,8344.0,7372.0,7811.0,6900.0,7713.0,9136.0,7197.0,6840.0,9417.0,10150.0,9123.0,9758.0,10368.0,9420.0,10179.0,7661.0,8363.0,11170.0,11398.0,10639.0,11347.0,10222.0,10288.0,10329.0,9760.0,9854.0,9612.0,7735.0,8646.0,10806.0,10098.0,9610.0,8888.0,6579.0,6349.0,6134.0,5098.0,4547.0,4647.0,4022.0,5314.0,6973.0,6121.0,7403.0,6751.0,5331.0,5544.0,4753.0,4554.0,4104.0,4016.0,4015.0,5112.0,6010.0,6473.0,6947.0,5592.0,5479.0,5010.0,4673.0,5228.0,4561.0,4869.0,4343.0,5318.0,6412.0,6657.0,6328.0,5856.0,5417.0,5120.0,5188.0,5428.0,4635.0,5462.0,4330.0,5352.0,7021.0,7145.0,6730.0,6537.0,5718.0,5021.0
395057,12,"San Francisco, CA",msa,CA,1919.0,2517.0,3078.0,3402.0,3555.0,3958.0,3938.0,3719.0,4066.0,2972.0,3522.0,2644.0,2722.0,3322.0,3558.0,3829.0,4379.0,4499.0,3898.0,3962.0,4115.0,3597.0,3899.0,2659.0,2649.0,3802.0,3956.0,4479.0,4482.0,3665.0,3505.0,3485.0,3351.0,3265.0,3801.0,2742.0,2768.0,3952.0,3760.0,3966.0,4569.0,3947.0,4167.0,3823.0,3563.0,3688.0,3900.0,2965.0,3255.0,4328.0,4330.0,4840.0,4875.0,4547.0,4704.0,3798.0,4364.0,4059.0,3984.0,2878.0,3020.0,4087.0,4380.0,4872.0,4650.0,4952.0,4765.0,3946.0,4362.0,3809.0,3580.0,2637.0,2703.0,3566.0,4282.0,4558.0,4490.0,4742.0,4345.0,3924.0,4393.0,3323.0,3446.0,2326.0,2548.0,3705.0,4381.0,4511.0,5077.0,4973.0,4334.0,4126.0,4098.0,3377.0,4000.0,2438.0,2427.0,3580.0,4014.0,4268.0,4786.0,4169.0,4332.0,4056.0,3867.0,3859.0,3483.0,2464.0,2392.0,3868.0,3780.0,4561.0,5061.0,4208.0,4534.0,3775.0,4252.0,3906.0,3370.0,2347.0,2528.0,3887.0,4067.0,4671.0,4781.0,4283.0,4170.0,3237.0,3996.0,3381.0,2736.0,2078.0,2427.0,3444.0,4060.0,4773.0,4145.0,4127.0,3985.0,3310.0,4160.0,3318.0,3261.0,2238.0,2487.0,3212.0,2322.0,2155.0,3570.0,4508.0,4394.0,4588.0,4656.0,4554.0,4630.0,3104.0,3222.0,4870.0,5595.0,5286.0,5868.0,5236.0,5046.0,4800.0,4782.0,4747.0,4064.0,2642.0,2908.0,4743.0,4660.0,4778.0,4133.0,3334.0,3554.0,3407.0,3033.0,2621.0,2294.0,1534.0,1892.0,2866.0,2670.0,3475.0,3262.0,2799.0,2947.0,2644.0,2832.0,2344.0,2144.0,1636.0,2185.0,2632.0,3268.0,3522.0,3145.0,3194.0,3032.0,2775.0,3330.0,2742.0,2444.0,1723.0,2258.0,3035.0,3234.0,3278.0,3279.0,3115.0,2849.0,3082.0,3476.0,2779.0,2582.0,1681.0,2418.0,,3507.0,3430.0,3710.0,3232.0,2835.0
395025,13,"Riverside, CA",msa,CA,2586.0,3389.0,3886.0,4726.0,4966.0,5601.0,5431.0,6098.0,6414.0,5157.0,6333.0,5343.0,5347.0,6621.0,7038.0,6893.0,7540.0,7423.0,6553.0,6631.0,6685.0,5646.0,6572.0,5099.0,5000.0,6543.0,6588.0,6352.0,7023.0,5832.0,5606.0,5418.0,5261.0,5106.0,5910.0,4725.0,4713.0,6167.0,5768.0,5745.0,6217.0,5430.0,5985.0,5370.0,5099.0,5042.0,5609.0,4692.0,4952.0,6138.0,5555.0,6547.0,6215.0,5535.0,7038.0,4739.0,5636.0,5217.0,5339.0,4799.0,4706.0,5561.0,6034.0,6334.0,5688.0,6049.0,6131.0,5208.0,5392.0,4633.0,4874.0,4296.0,4085.0,4874.0,5499.0,5437.0,5420.0,5492.0,5048.0,4950.0,5238.0,4052.0,4927.0,3919.0,3832.0,5334.0,5926.0,5712.0,6206.0,6319.0,5504.0,5399.0,5165.0,4224.0,5276.0,4029.0,4227.0,5655.0,5633.0,6029.0,6584.0,5871.0,6172.0,5889.0,5444.0,5337.0,5484.0,4620.0,4335.0,6227.0,5778.0,6639.0,7142.0,6010.0,6696.0,5736.0,5728.0,5216.0,5200.0,4504.0,4314.0,5832.0,5881.0,6337.0,6262.0,5976.0,6131.0,4960.0,5472.0,4750.0,4303.0,3846.0,3928.0,5174.0,5826.0,6405.0,5818.0,6338.0,6112.0,5413.0,5822.0,4729.0,4971.0,4380.0,4306.0,5389.0,4067.0,3605.0,5342.0,6789.0,6612.0,6755.0,6936.0,6170.0,6926.0,5242.0,5130.0,7060.0,7056.0,6417.0,7462.0,6966.0,6787.0,6597.0,6539.0,6420.0,6502.0,5125.0,4968.0,6703.0,6227.0,5880.0,5663.0,4449.0,4711.0,4255.0,3764.0,3230.0,3216.0,2907.0,3170.0,4249.0,3888.0,4497.0,4331.0,3619.0,3771.0,3305.0,3310.0,2907.0,2973.0,2766.0,3135.0,3540.0,3929.0,4099.0,3562.0,3919.0,3796.0,3264.0,3569.0,3053.0,3331.0,2920.0,3102.0,3746.0,4022.0,3908.0,3696.0,3916.0,3537.0,3575.0,3881.0,3064.0,3518.0,2769.0,3033.0,3860.0,3890.0,3673.0,3997.0,3962.0,3513.0
394532,14,"Detroit, MI",msa,MI,4471.0,4777.0,5365.0,5560.0,5692.0,5548.0,5721.0,5984.0,6046.0,4784.0,4757.0,4377.0,4355.0,5595.0,6002.0,5556.0,6325.0,6274.0,5831.0,5975.0,6277.0,5651.0,5289.0,4187.0,4674.0,6005.0,5943.0,5680.0,6626.0,4866.0,5254.0,5266.0,5100.0,4662.0,4789.0,4253.0,4387.0,5866.0,5649.0,5527.0,6102.0,5837.0,6333.0,5752.0,5401.0,5122.0,4954.0,4651.0,4980.0,5785.0,5548.0,6297.0,6676.0,6335.0,7163.0,6181.0,7090.0,6218.0,5532.0,5591.0,5039.0,6102.0,6164.0,7148.0,7075.0,7424.0,7616.0,7346.0,6979.0,5598.0,5443.0,4777.0,4379.0,5067.0,5475.0,6272.0,6693.0,6962.0,6748.0,6653.0,7031.0,5331.0,5530.0,4653.0,4326.0,5475.0,5813.0,6172.0,7504.0,7464.0,6990.0,7227.0,6883.0,5086.0,5772.0,4887.0,4713.0,5921.0,6144.0,6860.0,7930.0,7111.0,7910.0,7130.0,6601.0,6245.0,5994.0,5231.0,4722.0,6366.0,5826.0,7311.0,8323.0,7279.0,8417.0,7166.0,7225.0,6451.0,5580.0,4929.0,4398.0,5634.0,6099.0,7393.0,7760.0,7786.0,8272.0,6871.0,7009.0,5913.0,5218.0,4621.0,4497.0,5458.0,6186.0,7325.0,7237.0,7448.0,7627.0,6643.0,7002.0,5821.0,5359.0,4980.0,4736.0,5273.0,3555.0,3095.0,,8402.0,8524.0,8293.0,8401.0,7067.0,7353.0,6147.0,5626.0,6695.0,6822.0,7206.0,8754.0,7863.0,8298.0,7963.0,7674.0,7169.0,6734.0,5744.0,5299.0,6291.0,6518.0,6995.0,7756.0,6716.0,7202.0,6627.0,5902.0,4973.0,4572.0,3846.0,3900.0,5186.0,4542.0,5860.0,6431.0,5575.0,6156.0,5552.0,5233.0,4660.0,4100.0,3906.0,3850.0,4511.0,5145.0,5746.0,5621.0,5839.0,5707.0,5233.0,5642.0,4666.0,4454.0,3953.0,3936.0,4303.0,5088.0,5840.0,6044.0,6291.0,5812.0,5652.0,5774.0,4449.0,4647.0,3734.0,3674.0,4455.0,5020.0,5556.0,6377.0,6264.0,5708.0
395078,15,"Seattle, WA",msa,WA,2601.0,3040.0,3166.0,3309.0,3438.0,3157.0,2971.0,2997.0,2579.0,1667.0,1891.0,1367.0,1575.0,2065.0,2251.0,2553.0,3446.0,3546.0,3191.0,3279.0,3537.0,3299.0,2854.0,1922.0,2196.0,3430.0,3735.0,3680.0,3791.0,2695.0,2775.0,2655.0,2509.0,2470.0,3007.0,2104.0,2157.0,3311.0,3224.0,3437.0,3959.0,3489.0,3852.0,3455.0,3227.0,3148.0,3305.0,2400.0,2747.0,3554.0,3750.0,4299.0,4514.0,4349.0,4672.0,3749.0,4220.0,3931.0,3911.0,2853.0,2972.0,4194.0,4751.0,5455.0,5412.0,5888.0,5668.0,4731.0,4743.0,3871.0,4013.0,2935.0,3177.0,4046.0,4837.0,5305.0,5646.0,5780.0,5380.0,4999.0,5143.0,3916.0,4340.0,3027.0,3332.0,4956.0,5799.0,6087.0,6915.0,6958.0,6081.0,5843.0,5423.0,4213.0,5059.0,3255.0,3662.0,5381.0,5776.0,6499.0,7361.0,6782.0,7029.0,6336.0,5893.0,5464.0,5080.0,4016.0,3838.0,5364.0,5253.0,6895.0,7681.0,6891.0,7399.0,6367.0,6196.0,5487.0,4797.0,3460.0,3874.0,5070.0,5683.0,6599.0,7000.0,6491.0,6171.0,4843.0,5158.0,4481.0,3976.0,3044.0,3575.0,4305.0,5426.0,6219.0,6271.0,6473.0,6063.0,5034.0,5360.0,4437.0,4457.0,3134.0,3490.0,4513.0,4009.0,4057.0,5730.0,6612.0,6512.0,6816.0,6968.0,5554.0,5554.0,3616.0,3983.0,5714.0,6730.0,6795.0,8126.0,7582.0,7316.0,7127.0,6455.0,5892.0,5011.0,3078.0,3611.0,5658.0,6136.0,6324.0,6211.0,4768.0,5029.0,4681.0,3914.0,3132.0,2619.0,1971.0,2601.0,3528.0,3424.0,4019.0,4341.0,3863.0,4000.0,3446.0,3248.0,2555.0,2248.0,2075.0,2572.0,3288.0,3873.0,4372.0,3970.0,4271.0,4007.0,3473.0,4143.0,3261.0,2924.0,2218.0,2746.0,3581.0,4026.0,4081.0,4368.0,4277.0,3918.0,3688.0,3857.0,2893.0,3053.0,2132.0,2662.0,3651.0,3789.0,3960.0,4380.0,4059.0,3592.0
394865,16,"Minneapolis, MN",msa,MN,2416.0,2894.0,3291.0,3842.0,4105.0,4097.0,3845.0,3735.0,3035.0,2319.0,2298.0,1807.0,1869.0,2507.0,3080.0,3493.0,4330.0,4547.0,4267.0,4088.0,4297.0,3799.0,2950.0,2246.0,2354.0,3407.0,4179.0,3970.0,4287.0,2893.0,2930.0,2749.0,2553.0,2554.0,2704.0,2192.0,2143.0,3075.0,3327.0,3562.0,4081.0,3830.0,4210.0,3687.0,3730.0,3391.0,3548.0,2983.0,3198.0,4168.0,4310.0,5024.0,5489.0,5078.0,5533.0,4480.0,4985.0,4408.0,4125.0,3334.0,3247.0,4196.0,4854.0,6042.0,6116.0,6294.0,6791.0,5550.0,5204.0,4333.0,3970.0,3239.0,3032.0,3902.0,4555.0,5608.0,6237.0,6019.0,5804.0,4694.0,5113.0,3853.0,4013.0,3200.0,3129.0,4676.0,5809.0,6704.0,7525.0,6979.0,6486.0,5748.0,5516.0,4156.0,4518.0,3642.0,3607.0,5120.0,5329.0,5840.0,8093.0,6885.0,7080.0,6279.0,5478.0,4825.0,4597.0,3368.0,3057.0,4578.0,5074.0,6822.0,8037.0,6643.0,7010.0,5764.0,5424.0,4872.0,4192.0,3028.0,2845.0,4235.0,4873.0,6067.0,7510.0,6593.0,6991.0,5476.0,5592.0,4767.0,3950.0,2965.0,2983.0,3846.0,4531.0,6264.0,6936.0,7029.0,7018.0,5773.0,5639.0,4742.0,4400.0,3226.0,3086.0,4219.0,4620.0,4714.0,6201.0,7009.0,6828.0,6766.0,7178.0,5746.0,5315.0,3715.0,3470.0,4531.0,5373.0,6027.0,8203.0,7425.0,7689.0,7067.0,6551.0,5996.0,5430.0,3356.0,2970.0,4236.0,4927.0,5839.0,6820.0,5844.0,5935.0,5055.0,4229.0,3516.0,3087.0,2140.0,2297.0,3111.0,3165.0,4204.0,5485.0,4600.0,5066.0,4220.0,3826.0,3182.0,2840.0,2250.0,2394.0,3064.0,3744.0,4399.0,4569.0,4544.0,4493.0,3835.0,4072.0,3435.0,3328.0,2491.0,2376.0,3307.0,3943.0,4709.0,5154.0,4698.0,4666.0,4192.0,4286.0,3335.0,3510.0,2113.0,2250.0,3325.0,3976.0,4874.0,5792.0,5350.0,4938.0
395056,17,"San Diego, CA",msa,CA,1455.0,1669.0,2268.0,2618.0,2563.0,2918.0,2686.0,2893.0,3121.0,2286.0,2818.0,2212.0,2224.0,2668.0,2987.0,2865.0,3274.0,3386.0,2916.0,3048.0,3212.0,2797.0,3228.0,2138.0,2252.0,2990.0,3078.0,3485.0,3468.0,2817.0,2832.0,2785.0,2450.0,2297.0,2867.0,2055.0,2157.0,2891.0,3024.0,2891.0,3115.0,2795.0,2975.0,2832.0,2517.0,2541.0,2980.0,2239.0,2524.0,3030.0,3311.0,3500.0,3504.0,3330.0,3748.0,2971.0,3381.0,3094.0,3377.0,2605.0,2656.0,3506.0,3555.0,4007.0,3693.0,4010.0,3851.0,3116.0,3298.0,2758.0,2795.0,2250.0,2385.0,2895.0,3470.0,3446.0,3425.0,3289.0,3157.0,3090.0,3129.0,2460.0,2974.0,2169.0,2469.0,3242.0,3872.0,3587.0,4214.0,4063.0,3543.0,3403.0,3085.0,2520.0,3248.0,2235.0,2475.0,3350.0,3725.0,3802.0,4052.0,3592.0,3820.0,3471.0,3319.0,3136.0,3055.0,2369.0,2447.0,3443.0,3407.0,3880.0,4067.0,3527.0,3775.0,3223.0,3337.0,2962.0,2811.0,2385.0,2502.0,3157.0,3402.0,3688.0,3685.0,3487.0,3532.0,2694.0,2921.0,2590.0,2373.0,1843.0,2201.0,2815.0,3325.0,3586.0,3303.0,3593.0,3492.0,3121.0,3186.0,2853.0,2923.0,2390.0,2540.0,3095.0,2499.0,2083.0,3296.0,3997.0,3857.0,4109.0,3990.0,3598.0,3812.0,2576.0,2829.0,3575.0,4163.0,3839.0,4344.0,4196.0,4020.0,3949.0,3575.0,3356.0,3517.0,2522.0,2750.0,3507.0,3440.0,3374.0,3088.0,2486.0,2818.0,2525.0,2198.0,1913.0,1910.0,1612.0,1898.0,2536.0,2363.0,2611.0,2432.0,2394.0,2497.0,2008.0,1973.0,1720.0,1581.0,1597.0,1982.0,2226.0,2342.0,2488.0,2234.0,2437.0,2352.0,2000.0,2172.0,1914.0,1928.0,1643.0,1836.0,2081.0,2477.0,2293.0,2240.0,2255.0,2233.0,2248.0,2283.0,1778.0,1972.0,1512.0,1874.0,2241.0,2434.0,2324.0,2519.0,2420.0,2112.0
395148,18,"Tampa, FL",msa,FL,2073.0,2499.0,2762.0,2799.0,2890.0,2902.0,2656.0,2601.0,2474.0,2007.0,2505.0,1959.0,2254.0,2755.0,2892.0,2882.0,3451.0,3339.0,3056.0,3268.0,3354.0,2934.0,3423.0,2323.0,2596.0,3693.0,3892.0,3636.0,3977.0,3031.0,2989.0,2990.0,2818.0,2721.0,3646.0,2795.0,3079.0,4260.0,4011.0,3835.0,3990.0,3570.0,3753.0,3462.0,3224.0,3018.0,3577.0,2828.0,3266.0,4112.0,4017.0,4304.0,4428.0,4120.0,4392.0,3809.0,4506.0,4186.0,4262.0,3606.0,3758.0,4758.0,5207.0,5558.0,5245.0,5373.0,5214.0,4667.0,4533.0,3883.0,4624.0,3628.0,3892.0,4847.0,5185.0,5318.0,5547.0,5281.0,5129.0,5038.0,5381.0,4342.0,5631.0,3905.0,4668.0,5942.0,6288.0,6185.0,6848.0,6560.0,5934.0,5733.0,5596.0,4577.0,5843.0,4198.0,4919.0,6144.0,6349.0,6543.0,6689.0,6091.0,6244.0,5772.0,5333.0,5411.0,5798.0,4615.0,5046.0,6788.0,6472.0,7345.0,7581.0,6507.0,6704.0,4940.0,5484.0,5211.0,5683.0,4399.0,4699.0,6286.0,6516.0,6972.0,6881.0,6368.0,6589.0,5288.0,5818.0,5292.0,5109.0,4106.0,4812.0,5995.0,6632.0,6962.0,6453.0,6642.0,6259.0,5440.0,5811.0,4927.0,5676.0,4144.0,4763.0,6122.0,4679.0,4206.0,6199.0,7117.0,6652.0,6491.0,6608.0,5818.0,6896.0,5041.0,5601.0,7619.0,7828.0,7099.0,7863.0,7272.0,7233.0,7162.0,6882.0,6736.0,7116.0,5611.0,5770.0,7119.0,6841.0,6879.0,6732.0,5433.0,5549.0,4194.0,4548.0,3548.0,3856.0,3088.0,3815.0,5180.0,4799.0,5639.0,5566.0,4731.0,4816.0,4627.0,4058.0,3459.0,3637.0,3142.0,3795.0,4685.0,5121.0,5279.0,4628.0,4701.0,4485.0,3330.0,3430.0,3366.0,4275.0,3340.0,3820.0,4844.0,4908.0,4937.0,4973.0,4535.0,4281.0,4140.0,4267.0,3543.0,4387.0,3057.0,3734.0,5008.0,4996.0,5014.0,5133.0,4898.0,4270.0
394530,19,"Denver, CO",msa,CO,3234.0,3794.0,4276.0,4745.0,4773.0,4894.0,4302.0,4388.0,4223.0,2907.0,3098.0,2388.0,2622.0,3211.0,3257.0,3583.0,4077.0,4251.0,3746.0,3662.0,3883.0,3414.0,2942.0,2120.0,2422.0,3624.0,4097.0,4214.0,3953.0,2913.0,2867.0,2818.0,2687.0,2569.0,2823.0,1964.0,2206.0,3136.0,3364.0,3596.0,3990.0,3532.0,3737.0,3271.0,3028.0,2868.0,2864.0,2161.0,2511.0,3401.0,3767.0,4570.0,4824.0,4410.0,4635.0,3950.0,4051.0,3718.0,3524.0,2806.0,3079.0,4311.0,4902.0,5886.0,5847.0,6213.0,5744.0,4767.0,4630.0,3760.0,3848.0,2789.0,3107.0,3975.0,4828.0,5624.0,6042.0,6133.0,5625.0,5198.0,5097.0,3915.0,4282.0,2847.0,3197.0,4522.0,5158.0,5769.0,6664.0,6581.0,5896.0,5665.0,5127.0,3892.0,4696.0,3241.0,3324.0,4538.0,4861.0,5574.0,6085.0,5616.0,5898.0,5443.0,4970.0,4675.0,4634.0,3450.0,3291.0,4856.0,4856.0,5794.0,6196.0,5421.0,5665.0,4956.0,4881.0,4595.0,4064.0,3081.0,3342.0,4665.0,4927.0,5705.0,5845.0,5459.0,5483.0,4240.0,4459.0,3942.0,3501.0,2879.0,3386.0,4310.0,4933.0,5796.0,5515.0,5706.0,5439.0,4743.0,4792.0,3912.0,4160.0,3137.0,3461.0,4373.0,3613.0,3146.0,5703.0,6631.0,6004.0,5853.0,5724.0,4682.0,4685.0,3075.0,3662.0,4894.0,5434.0,5556.0,6484.0,6016.0,5954.0,5530.0,5420.0,5228.0,4546.0,2956.0,3359.0,4690.0,5076.0,5423.0,5233.0,4100.0,4062.0,3755.0,3055.0,2609.0,2332.0,1911.0,2414.0,3428.0,3362.0,3907.0,4041.0,3599.0,3721.0,3073.0,2853.0,2478.0,2335.0,1935.0,2747.0,3317.0,3639.0,4094.0,3608.0,3611.0,3568.0,3133.0,3347.0,2869.0,2892.0,2263.0,2647.0,3510.0,3922.0,4060.0,3924.0,3745.0,3465.0,3361.0,3396.0,2713.0,2986.0,1947.0,2705.0,3731.0,4173.0,4136.0,4089.0,3768.0,3255.0
394358,20,"Baltimore, MD",msa,MD,2498.0,2962.0,2956.0,3022.0,3590.0,2644.0,2773.0,2741.0,2477.0,1885.0,2189.0,1505.0,1588.0,2305.0,2218.0,2535.0,3085.0,2845.0,2926.0,2871.0,2995.0,2926.0,2367.0,2024.0,1753.0,2766.0,2849.0,3212.0,3409.0,2351.0,2622.0,2684.0,2323.0,2316.0,2405.0,1818.0,1716.0,2391.0,2416.0,2590.0,3047.0,2408.0,2489.0,2456.0,2201.0,2022.0,2167.0,1758.0,1829.0,2320.0,2381.0,2724.0,3129.0,2595.0,2891.0,2612.0,2466.0,2573.0,2497.0,2145.0,1873.0,2447.0,2868.0,3431.0,3835.0,3388.0,3422.0,2937.0,2945.0,2545.0,2604.0,1874.0,1856.0,2315.0,2597.0,2954.0,3707.0,3292.0,3331.0,2996.0,3109.0,2553.0,3099.0,2208.0,2249.0,2903.0,3178.0,3638.0,4502.0,3877.0,3860.0,3492.0,3405.0,2811.0,3524.0,2590.0,2795.0,3277.0,3594.0,4324.0,5095.0,3885.0,4264.0,3917.0,3711.0,3647.0,4108.0,3107.0,3046.0,4058.0,4052.0,4817.0,5729.0,4129.0,4712.0,3943.0,3961.0,3640.0,3424.0,2591.0,2663.0,3472.0,3799.0,4354.0,4927.0,4072.0,4441.0,3348.0,3660.0,3258.0,2985.0,2650.0,2522.0,3379.0,3748.0,4333.0,4578.0,4247.0,4256.0,3640.0,3744.0,3249.0,3398.0,2990.0,2803.0,3418.0,3245.0,3141.0,4487.0,5018.0,4705.0,4843.0,5475.0,4812.0,5300.0,4175.0,4237.0,5861.0,5915.0,5736.0,6844.0,6101.0,5988.0,5714.0,5782.0,5659.0,5290.0,3901.0,3842.0,5044.0,5015.0,5250.0,5287.0,4347.0,4702.0,4127.0,3669.0,3321.0,3020.0,2412.0,2477.0,3260.0,3047.0,3655.0,3863.0,3110.0,3308.0,2969.0,2906.0,2674.0,2568.0,2199.0,2326.0,2822.0,3100.0,3468.0,3392.0,3425.0,3286.0,2921.0,3297.0,2974.0,3052.0,2467.0,2205.0,2763.0,3282.0,3437.0,3574.0,3220.0,3161.0,3026.0,3233.0,2722.0,3010.0,2134.0,2308.0,2815.0,3201.0,3404.0,3827.0,3464.0,3160.0
395121,21,"St. Louis, MO",msa,MO,2304.0,2739.0,2988.0,3520.0,3446.0,3412.0,3191.0,2868.0,2699.0,2051.0,2132.0,1657.0,1818.0,2249.0,2443.0,2855.0,3213.0,3465.0,2955.0,3044.0,3139.0,2868.0,2050.0,1396.0,1730.0,2741.0,3161.0,3397.0,3262.0,2267.0,2259.0,2177.0,2062.0,1993.0,2180.0,1518.0,1560.0,2232.0,2367.0,2689.0,3011.0,2430.0,2822.0,2606.0,2383.0,2291.0,2353.0,1807.0,2080.0,2592.0,2820.0,3289.0,3367.0,3324.0,3457.0,2689.0,2976.0,2796.0,2744.0,2408.0,2340.0,3065.0,3446.0,3965.0,3771.0,4086.0,4047.0,3337.0,3332.0,2772.0,2862.0,2162.0,2166.0,2807.0,3225.0,3922.0,4155.0,4085.0,4042.0,3570.0,3609.0,2780.0,3045.0,2119.0,2405.0,3361.0,3771.0,4307.0,4772.0,4748.0,4072.0,3722.0,3541.0,2805.0,3513.0,2545.0,2653.0,3752.0,3970.0,4656.0,5248.0,4503.0,4645.0,4158.0,3812.0,3556.0,3599.0,2555.0,2710.0,4076.0,4184.0,4964.0,5347.0,4733.0,4845.0,4084.0,3907.0,3640.0,3462.0,2605.0,2567.0,3789.0,4159.0,5085.0,5148.0,4743.0,4751.0,3681.0,3923.0,3488.0,3236.0,2651.0,2687.0,3600.0,4225.0,5029.0,4912.0,4901.0,4841.0,4017.0,4122.0,3440.0,3762.0,2719.0,2909.0,3702.0,3511.0,3569.0,4846.0,5367.0,5835.0,5168.0,5005.0,4598.0,4904.0,3510.0,3203.0,4528.0,4694.0,4994.0,6053.0,5779.0,5814.0,5360.0,4928.0,4760.0,4727.0,3204.0,3039.0,4060.0,4312.0,4716.0,5310.0,4640.0,4854.0,4306.0,3713.0,3340.0,3175.0,2267.0,2503.0,3361.0,3136.0,3932.0,4447.0,3691.0,4247.0,3576.0,3390.0,3309.0,3007.0,2324.0,2612.0,3104.0,3420.0,3928.0,3581.0,3940.0,3761.0,3280.0,3669.0,3033.0,3236.0,2359.0,2381.0,3070.0,3528.0,3974.0,3857.0,4132.0,3889.0,3596.0,3798.0,3038.0,3455.0,2421.0,2499.0,3174.0,3578.0,3832.0,4294.0,4247.0,3724.0
394943,22,"Orlando, FL",msa,FL,1344.0,1559.0,1607.0,1754.0,1907.0,1897.0,1622.0,1788.0,1663.0,1380.0,1767.0,1444.0,1654.0,2215.0,2239.0,2316.0,2841.0,2955.0,2785.0,2820.0,2915.0,2722.0,2978.0,2262.0,2341.0,3225.0,3169.0,3231.0,3675.0,2881.0,3070.0,2896.0,2478.0,2422.0,3013.0,2587.0,2707.0,3291.0,3154.0,3123.0,3195.0,2872.0,3010.0,2763.0,2719.0,2521.0,2892.0,2260.0,2477.0,3165.0,3055.0,3245.0,3212.0,3058.0,3299.0,2632.0,3197.0,3066.0,3145.0,2609.0,2868.0,3340.0,3652.0,3856.0,3475.0,3856.0,3744.0,3149.0,3164.0,2731.0,3195.0,2542.0,2597.0,3147.0,3430.0,3633.0,3761.0,3795.0,3520.0,3519.0,3720.0,2940.0,3713.0,2775.0,3161.0,4072.0,4067.0,4195.0,4606.0,4525.0,4218.0,4004.0,3728.0,3075.0,3842.0,2858.0,3144.0,4001.0,4036.0,4404.0,4585.0,4219.0,4398.0,3962.0,3529.0,3256.0,3804.0,3014.0,3250.0,4398.0,3948.0,4821.0,4856.0,4295.0,4615.0,3316.0,3730.0,3466.0,3730.0,3074.0,3188.0,4273.0,4213.0,4752.0,4695.0,4546.0,4598.0,3759.0,4038.0,3505.0,3464.0,2882.0,3176.0,3999.0,4418.0,4701.0,4418.0,4679.0,4476.0,3906.0,4073.0,3417.0,3925.0,3054.0,3216.0,4099.0,2965.0,2709.0,3734.0,4511.0,4302.0,4283.0,4427.0,3942.0,4666.0,3518.0,3828.0,5392.0,5367.0,5103.0,5758.0,5396.0,5332.0,5149.0,4899.0,4729.0,4846.0,3963.0,4054.0,5195.0,4814.0,4787.0,4870.0,4166.0,4022.0,3213.0,3261.0,2426.0,2734.0,2012.0,2543.0,3382.0,3084.0,3568.0,3654.0,3216.0,3256.0,2852.0,2840.0,2286.0,2303.0,2055.0,2525.0,2977.0,3200.0,3363.0,2966.0,3122.0,2972.0,2650.0,2516.0,2114.0,2545.0,2006.0,2198.0,2860.0,3029.0,3087.0,3000.0,2968.0,2702.0,2568.0,2673.0,2215.0,2706.0,1958.0,2287.0,2889.0,3043.0,3052.0,3323.0,3237.0,2800.0
394458,23,"Charlotte, NC",msa,NC,2397.0,2615.0,2834.0,2937.0,2956.0,2828.0,2508.0,2337.0,1998.0,1418.0,1624.0,1254.0,1437.0,1780.0,1790.0,1918.0,2235.0,2419.0,2092.0,2155.0,2354.0,2077.0,1977.0,1328.0,1498.0,2168.0,2348.0,2437.0,2529.0,1847.0,1841.0,1780.0,1660.0,1589.0,1889.0,1307.0,1392.0,2006.0,1999.0,2124.0,2363.0,1988.0,2209.0,2092.0,1773.0,1673.0,1960.0,1421.0,1591.0,2194.0,2102.0,2572.0,2738.0,2600.0,2907.0,2209.0,2509.0,2399.0,2503.0,1995.0,2091.0,2715.0,3134.0,3634.0,3540.0,3557.0,3432.0,2803.0,2923.0,2580.0,2770.0,2119.0,2072.0,2660.0,3004.0,3440.0,3760.0,3776.0,3656.0,3254.0,3317.0,2571.0,3269.0,2334.0,2387.0,3271.0,3352.0,3655.0,4490.0,4544.0,3917.0,3654.0,3336.0,2619.0,3353.0,2223.0,2654.0,3601.0,3971.0,4519.0,4975.0,4201.0,4545.0,4262.0,3734.0,3568.0,3846.0,2853.0,2932.0,4483.0,4276.0,4931.0,5433.0,4920.0,5281.0,4516.0,4222.0,3823.0,3477.0,2900.0,3052.0,4186.0,4247.0,4821.0,5093.0,4713.0,4895.0,3855.0,3797.0,3486.0,3183.0,2723.0,2953.0,3898.0,4488.0,5135.0,4995.0,4942.0,5074.0,4229.0,4420.0,3658.0,3901.0,3025.0,3228.0,4137.0,3404.0,3348.0,4700.0,5445.0,5012.0,5094.0,5192.0,4415.0,4618.0,3720.0,3795.0,5326.0,5454.0,5630.0,6635.0,6262.0,6491.0,6091.0,5974.0,5608.0,5503.0,4215.0,4362.0,5547.0,5317.0,5508.0,5916.0,4724.0,4696.0,4334.0,3619.0,3028.0,2922.0,2203.0,2703.0,3633.0,3362.0,3820.0,4051.0,3318.0,3548.0,2920.0,2892.0,2520.0,2421.0,2069.0,2493.0,2975.0,3246.0,3588.0,3335.0,3463.0,3416.0,2870.0,2996.0,2703.0,2836.0,2346.0,2470.0,3206.0,3505.0,3650.0,3760.0,3495.0,3310.0,3086.0,3193.0,2524.0,2960.0,2076.0,2325.0,3102.0,3462.0,3509.0,3707.0,3818.0,3146.0
395055,24,"San Antonio, TX",msa,TX,1218.0,1322.0,1400.0,1537.0,1705.0,1566.0,1474.0,1334.0,1170.0,793.0,1030.0,718.0,965.0,1135.0,1249.0,1405.0,1765.0,1763.0,1560.0,1421.0,1479.0,1398.0,1162.0,730.0,1043.0,1493.0,1667.0,1766.0,1729.0,1337.0,1376.0,1188.0,1152.0,1073.0,1083.0,849.0,922.0,1321.0,1350.0,1620.0,1740.0,1489.0,1557.0,1367.0,1206.0,1123.0,1205.0,935.0,1089.0,1456.0,1514.0,1754.0,1809.0,1749.0,1857.0,1494.0,1527.0,1444.0,1383.0,1172.0,1301.0,1643.0,1818.0,2276.0,2191.0,2331.0,2220.0,1850.0,1710.0,1491.0,1613.0,1300.0,1356.0,1670.0,1951.0,2190.0,2283.0,2376.0,2323.0,2074.0,2005.0,1499.0,1918.0,1317.0,1546.0,2032.0,2186.0,2350.0,2679.0,2763.0,2442.0,2256.0,2095.0,1651.0,1995.0,1482.0,1762.0,2320.0,2325.0,2610.0,2857.0,2639.0,2730.0,2405.0,2227.0,1984.0,2127.0,1629.0,1858.0,2389.0,2289.0,2928.0,3003.0,2731.0,2789.0,2400.0,2295.0,2078.0,2067.0,1620.0,1869.0,2504.0,2587.0,2994.0,3039.0,2948.0,2977.0,2339.0,2359.0,2092.0,2024.0,1661.0,1965.0,2405.0,2679.0,3110.0,2909.0,2926.0,2887.0,2294.0,2348.0,1980.0,2313.0,1822.0,2044.0,2439.0,2169.0,2199.0,3032.0,3475.0,3067.0,2987.0,2942.0,2599.0,2895.0,2151.0,2015.0,2859.0,3020.0,3091.0,3583.0,3607.0,3444.0,3328.0,3195.0,2846.0,3129.0,2251.0,2420.0,3115.0,2951.0,3205.0,3256.0,2913.0,2881.0,2612.0,2104.0,1786.0,1747.0,1372.0,1644.0,2216.0,2105.0,2491.0,2478.0,2102.0,2170.0,1733.0,1574.0,1349.0,1421.0,1292.0,1480.0,1856.0,1983.0,2097.0,1902.0,2016.0,1894.0,1660.0,1790.0,1493.0,1520.0,1297.0,1437.0,1707.0,1925.0,2133.0,1993.0,2092.0,1850.0,1750.0,1773.0,1394.0,1745.0,1286.0,1482.0,1951.0,2163.0,2144.0,2340.0,2179.0,1875.0
394998,25,"Portland, OR",msa,OR,1751.0,2094.0,2026.0,2271.0,2273.0,2259.0,2199.0,2015.0,1848.0,1265.0,1236.0,938.0,1110.0,1515.0,1623.0,1756.0,2304.0,2533.0,2253.0,2316.0,2582.0,2323.0,1935.0,1352.0,1412.0,2318.0,2532.0,2626.0,2597.0,1808.0,1825.0,1804.0,1671.0,1673.0,1891.0,1432.0,1421.0,2055.0,2077.0,2210.0,2492.0,2228.0,2379.0,2100.0,2004.0,1995.0,2080.0,1621.0,1699.0,2179.0,2321.0,2664.0,2952.0,2629.0,2959.0,2509.0,2748.0,2287.0,2368.0,1775.0,1816.0,2551.0,2862.0,3533.0,3454.0,3713.0,3577.0,2994.0,3002.0,2433.0,2472.0,1911.0,1991.0,2472.0,2924.0,3307.0,3607.0,3713.0,3554.0,3311.0,3480.0,2579.0,3005.0,2110.0,2227.0,3240.0,3767.0,3945.0,4729.0,4706.0,4317.0,4103.0,3800.0,2999.0,3549.0,2523.0,2423.0,3451.0,3594.0,4082.0,4466.0,3909.0,4235.0,3939.0,3596.0,3426.0,3572.0,2488.0,2352.0,3237.0,3077.0,4020.0,4397.0,3909.0,4108.0,3542.0,3395.0,3228.0,3022.0,2213.0,2380.0,3066.0,3278.0,3748.0,3956.0,3723.0,4021.0,2986.0,3244.0,2772.0,2350.0,1934.0,2151.0,2742.0,3134.0,3730.0,3603.0,3778.0,3791.0,3148.0,3379.0,2839.0,2789.0,2095.0,2308.0,2800.0,2529.0,2494.0,3420.0,4240.0,4021.0,4158.0,4212.0,3661.0,3583.0,2415.0,2638.0,3437.0,4015.0,4311.0,4953.0,4848.0,4599.0,4419.0,4345.0,3960.0,3564.0,2493.0,2628.0,3709.0,3768.0,3923.0,3902.0,3143.0,3347.0,2996.0,2490.0,2047.0,1806.0,1376.0,1716.0,2163.0,2125.0,2627.0,2774.0,2417.0,2694.0,2114.0,2023.0,1614.0,1585.0,1328.0,1540.0,1967.0,2242.0,2574.0,2512.0,2527.0,2449.0,2013.0,2312.0,2012.0,1862.0,1549.0,1732.0,1957.0,2358.0,2532.0,2594.0,2635.0,2488.0,2368.0,2462.0,1859.0,2084.0,1440.0,1783.0,2260.0,2538.0,2600.0,2950.0,2781.0,2432.0
395045,26,"Sacramento, CA",msa,CA,1511.0,1847.0,2363.0,2731.0,3027.0,3135.0,3026.0,3179.0,3092.0,2508.0,2841.0,2199.0,2308.0,2618.0,2631.0,2673.0,2918.0,3029.0,2616.0,2713.0,2894.0,2455.0,2750.0,2019.0,2028.0,2837.0,2734.0,3002.0,3226.0,2476.0,2638.0,2557.0,2388.0,2327.0,2741.0,2216.0,2174.0,3095.0,2728.0,2841.0,3144.0,2869.0,3095.0,2980.0,2811.0,2664.0,3023.0,2300.0,2555.0,3101.0,2940.0,3361.0,3285.0,3097.0,3373.0,2875.0,3262.0,2901.0,2995.0,2247.0,2370.0,2903.0,3176.0,3509.0,3237.0,3358.0,3299.0,2775.0,2808.0,2301.0,2513.0,1929.0,1988.0,2489.0,2885.0,3014.0,2989.0,3141.0,2953.0,2797.0,2848.0,2160.0,2595.0,1829.0,2104.0,2866.0,3242.0,3192.0,3652.0,3582.0,3396.0,3179.0,2987.0,2385.0,2976.0,1985.0,2229.0,2919.0,3238.0,3313.0,3774.0,3271.0,3619.0,3375.0,3074.0,2891.0,3014.0,2128.0,2111.0,2880.0,3044.0,3552.0,3748.0,3237.0,3660.0,3178.0,3165.0,2860.0,2680.0,2212.0,2176.0,2850.0,3239.0,3489.0,3508.0,3258.0,3319.0,2612.0,2907.0,2415.0,2138.0,1790.0,2044.0,2586.0,2908.0,3377.0,3135.0,3378.0,3192.0,2734.0,3044.0,2423.0,2415.0,2044.0,2066.0,2601.0,1984.0,1979.0,3076.0,3856.0,3595.0,3764.0,3659.0,3214.0,3378.0,2351.0,2339.0,3207.0,3612.0,3596.0,4016.0,3721.0,3685.0,3512.0,3370.0,3221.0,3081.0,2275.0,2430.0,3168.0,3364.0,3092.0,3003.0,2361.0,2622.0,2393.0,2027.0,1684.0,1638.0,1168.0,1473.0,1946.0,1758.0,2342.0,2285.0,1943.0,2258.0,1929.0,1755.0,1435.0,1436.0,1315.0,1556.0,1721.0,2034.0,2266.0,1934.0,2162.0,2169.0,1812.0,2101.0,1714.0,1733.0,1403.0,1536.0,1830.0,2099.0,2098.0,2001.0,2129.0,2060.0,2104.0,2031.0,1585.0,1721.0,1308.0,1565.0,1946.0,2223.0,2267.0,2359.0,2317.0,2091.0
394982,27,"Pittsburgh, PA",msa,PA,1866.0,2175.0,2311.0,2594.0,2932.0,2717.0,2623.0,2320.0,2449.0,1782.0,1898.0,1248.0,1232.0,1710.0,1972.0,2228.0,2617.0,2775.0,2519.0,2420.0,2608.0,2582.0,1961.0,1266.0,1282.0,2090.0,2575.0,2670.0,3249.0,2114.0,2185.0,2090.0,2020.0,1808.0,2074.0,1442.0,1394.0,1950.0,2060.0,2306.0,2705.0,2352.0,2555.0,2258.0,2045.0,1953.0,2022.0,1516.0,1485.0,2113.0,2164.0,2688.0,2995.0,2717.0,2983.0,2243.0,2445.0,2373.0,2302.0,1717.0,1650.0,2130.0,2563.0,2950.0,3073.0,3203.0,3305.0,2644.0,2786.0,2393.0,2518.0,1738.0,1613.0,2112.0,2456.0,2837.0,3123.0,3090.0,2945.0,2743.0,2770.0,2120.0,2628.0,1599.0,1659.0,2379.0,2442.0,2898.0,3427.0,3460.0,3226.0,2934.0,3026.0,2242.0,2777.0,1902.0,1925.0,2479.0,2874.0,3255.0,3691.0,3151.0,3215.0,2992.0,2849.0,2745.0,2776.0,2088.0,1869.0,2826.0,2736.0,3302.0,3761.0,3047.0,3365.0,2979.0,2932.0,2697.0,2703.0,1967.0,1748.0,2595.0,3007.0,3303.0,3779.0,3447.0,3703.0,2798.0,3000.0,2648.0,2491.0,1880.0,1910.0,2482.0,2841.0,3403.0,3376.0,3466.0,3523.0,2951.0,2911.0,2666.0,2789.0,2018.0,2026.0,2566.0,2056.0,1549.0,2495.0,4244.0,3997.0,3806.0,3778.0,3200.0,3362.0,2555.0,2211.0,3071.0,2919.0,2988.0,3713.0,3482.0,3432.0,3209.0,3444.0,3451.0,3433.0,2433.0,2319.0,3005.0,2957.0,3255.0,3661.0,3259.0,3407.0,3023.0,2590.0,2460.0,2464.0,1785.0,1781.0,2581.0,2305.0,2829.0,3242.0,2775.0,2949.0,2726.0,2660.0,2338.0,2348.0,1717.0,1813.0,2333.0,2593.0,2829.0,2796.0,3001.0,2794.0,2380.0,2568.0,2275.0,2399.0,1830.0,1822.0,2297.0,2488.0,2758.0,2944.0,2961.0,2947.0,2702.0,2843.0,2259.0,2586.0,1754.0,1711.0,2139.0,2361.0,2774.0,3133.0,3029.0,2780.0
394466,28,"Cincinnati, OH",msa,OH,1571.0,1841.0,1944.0,2178.0,2272.0,2222.0,2201.0,2022.0,1907.0,1403.0,1542.0,1085.0,1347.0,1611.0,1684.0,1871.0,2332.0,2312.0,2187.0,2129.0,2138.0,1951.0,1692.0,1053.0,1194.0,1873.0,2165.0,2444.0,2392.0,1556.0,1552.0,1571.0,1319.0,1353.0,1488.0,1206.0,1243.0,1708.0,1694.0,1844.0,2058.0,1889.0,2036.0,1784.0,1667.0,1541.0,1587.0,1288.0,1395.0,1843.0,1854.0,2315.0,2459.0,2241.0,2488.0,2028.0,2126.0,1985.0,1854.0,1669.0,1728.0,2204.0,2389.0,2868.0,2888.0,3102.0,3092.0,2506.0,2507.0,2062.0,2113.0,1728.0,1750.0,2070.0,2497.0,2795.0,3063.0,2969.0,2717.0,2605.0,2536.0,2032.0,2164.0,1664.0,1699.0,2386.0,2574.0,2870.0,3447.0,3273.0,3016.0,2839.0,2745.0,2065.0,2266.0,1876.0,1929.0,2529.0,3058.0,3248.0,3696.0,3275.0,3527.0,3209.0,3071.0,2614.0,2650.0,2035.0,2035.0,2967.0,3016.0,3646.0,3765.0,3207.0,3468.0,3157.0,2766.0,2321.0,2180.0,1778.0,1719.0,2864.0,3092.0,3416.0,4026.0,3546.0,3567.0,2873.0,2850.0,2596.0,2302.0,1732.0,1974.0,2604.0,3133.0,3578.0,3371.0,3361.0,3360.0,2846.0,3032.0,2487.0,2512.0,1958.0,2083.0,2565.0,2440.0,2541.0,3391.0,3713.0,3594.0,3554.0,3614.0,2871.0,3088.0,2265.0,2355.0,3058.0,3216.0,3416.0,3961.0,3634.0,3785.0,3730.0,3667.0,3233.0,3267.0,2417.0,2224.0,2962.0,3009.0,3416.0,3575.0,3248.0,3283.0,3014.0,2666.0,,2058.0,1663.0,1645.0,2344.0,2174.0,2647.0,3025.0,2641.0,2744.0,2352.0,2383.0,2094.0,1973.0,1626.0,1735.0,2238.0,2529.0,2759.0,2548.0,2751.0,2538.0,2288.0,2375.0,2133.0,2090.0,1674.0,1725.0,2142.0,2563.0,2800.0,2905.0,2745.0,2650.0,2478.0,2526.0,2017.0,2182.0,1510.0,1761.0,2167.0,2448.0,2883.0,3064.0,3024.0,2763.0
394355,29,"Austin, TX",msa,TX,1236.0,1502.0,1636.0,1865.0,1862.0,1769.0,1718.0,1371.0,1143.0,807.0,1001.0,676.0,914.0,1110.0,1324.0,1507.0,1809.0,1847.0,1572.0,1526.0,1533.0,1365.0,1214.0,763.0,972.0,1559.0,1852.0,1914.0,1800.0,1364.0,1377.0,1133.0,1060.0,1083.0,1243.0,879.0,992.0,1391.0,1538.0,1679.0,1985.0,1777.0,1826.0,1479.0,1221.0,1203.0,1358.0,961.0,1126.0,1702.0,1825.0,2232.0,2454.0,2212.0,2246.0,1690.0,1841.0,1518.0,1672.0,1290.0,1484.0,2020.0,2351.0,2772.0,2585.0,2954.0,2885.0,2225.0,1964.0,1712.0,1865.0,1247.0,1537.0,1959.0,2231.0,2656.0,2729.0,2663.0,2484.0,2206.0,2124.0,1590.0,1922.0,1329.0,1590.0,2116.0,2301.0,2487.0,2873.0,2897.0,2637.0,2306.0,2132.0,1590.0,1995.0,1346.0,1637.0,2288.0,2370.0,2737.0,3028.0,2643.0,2698.0,2262.0,2038.0,1875.0,2009.0,1403.0,1697.0,2258.0,2333.0,2863.0,3141.0,2711.0,2720.0,2068.0,2063.0,1836.0,2075.0,1484.0,1810.0,2330.0,2536.0,3005.0,3030.0,2820.0,2761.0,2073.0,2066.0,1819.0,1888.0,1412.0,1782.0,2228.0,2684.0,3027.0,2808.0,2963.0,2724.0,2239.0,2239.0,1830.0,2164.0,1484.0,1867.0,2294.0,1896.0,1917.0,3002.0,3489.0,3165.0,3005.0,2897.0,2536.0,2681.0,1902.0,1874.0,2893.0,3226.0,3434.0,3850.0,3672.0,3364.0,3123.0,2835.0,2794.0,2941.0,1949.0,2224.0,2734.0,2821.0,3043.0,2915.0,2272.0,2295.0,2064.0,1660.0,1393.0,1542.0,1148.0,1446.0,1975.0,1930.0,2467.0,2322.0,2010.0,2048.0,1637.0,1563.0,1278.0,1352.0,1164.0,1487.0,1841.0,2088.0,2264.0,1885.0,1961.0,1861.0,1489.0,1688.0,1452.0,1634.0,1221.0,1421.0,1802.0,1952.0,2219.0,2154.0,2033.0,2007.0,1825.0,1774.0,1418.0,1765.0,1175.0,1460.0,2083.0,2335.0,2527.0,2521.0,2321.0,1974.0
394775,30,"Las Vegas, NV",msa,NV,1610.0,2086.0,2443.0,2660.0,2784.0,3153.0,2984.0,3187.0,3237.0,2663.0,3209.0,2768.0,2911.0,3577.0,3864.0,4077.0,4815.0,4571.0,3999.0,4098.0,4388.0,3989.0,4526.0,3293.0,3129.0,4193.0,4002.0,3712.0,4404.0,3743.0,3725.0,3628.0,3459.0,3599.0,4129.0,3302.0,3483.0,4518.0,4003.0,4040.0,4686.0,4051.0,4762.0,4153.0,3996.0,4008.0,4409.0,3729.0,4133.0,4525.0,4018.0,4290.0,4063.0,3717.0,4099.0,3577.0,4044.0,3687.0,3999.0,3188.0,3492.0,3855.0,4230.0,4216.0,3998.0,4122.0,3867.0,3572.0,3521.0,2966.0,3311.0,2757.0,2790.0,3335.0,3489.0,3646.0,3535.0,3599.0,3368.0,3292.0,3249.0,2743.0,3194.0,2451.0,2704.0,3601.0,3689.0,3653.0,4016.0,4080.0,3787.0,3509.0,3306.0,2835.0,3754.0,2622.0,2993.0,3892.0,3924.0,4458.0,6039.0,5112.0,5458.0,5064.0,4632.0,4829.0,4722.0,3101.0,3184.0,4415.0,3987.0,4890.0,5075.0,4277.0,4609.0,3977.0,4080.0,3666.0,3716.0,3315.0,3105.0,4511.0,4135.0,4473.0,4654.0,4540.0,4534.0,3504.0,3962.0,3417.0,3104.0,2692.0,2844.0,3661.0,4070.0,4500.0,3940.0,4317.0,4288.0,3795.0,3931.0,3262.0,3514.0,3224.0,3401.0,3889.0,2594.0,2206.0,3117.0,4139.0,3810.0,4131.0,4130.0,4025.0,4356.0,3706.0,3878.0,5308.0,5205.0,4766.0,5342.0,5025.0,4966.0,4763.0,4609.0,4828.0,4685.0,3817.0,3795.0,5011.0,4582.0,4541.0,4166.0,3208.0,2995.0,2712.0,2359.0,2109.0,2023.0,1805.0,2231.0,3103.0,2612.0,3181.0,3061.0,2737.0,2626.0,2374.0,2237.0,1931.0,1987.0,2034.0,2458.0,2715.0,3079.0,3156.0,2824.0,2904.0,2728.0,2341.0,2487.0,2120.0,2290.0,2139.0,2334.0,2804.0,2902.0,2755.0,2507.0,2592.0,2277.0,2316.0,2214.0,1925.0,2267.0,1903.0,2141.0,2911.0,2779.0,2653.0,2875.0,2670.0,2323.0
394735,31,"Kansas City, MO",msa,MO,1895.0,2175.0,2372.0,2743.0,2662.0,2668.0,2425.0,2357.0,2003.0,1490.0,1760.0,1196.0,1434.0,1842.0,1958.0,2274.0,2706.0,2745.0,2366.0,2329.0,2549.0,2378.0,1766.0,1153.0,1379.0,2126.0,2628.0,2834.0,2504.0,1643.0,1755.0,1727.0,1626.0,1602.0,1686.0,1181.0,1249.0,1797.0,1961.0,2100.0,2341.0,2020.0,2353.0,2016.0,1766.0,1728.0,1812.0,1425.0,1632.0,2081.0,2216.0,2694.0,2637.0,2639.0,2680.0,2054.0,2286.0,2084.0,2039.0,1621.0,1610.0,2298.0,2532.0,3117.0,2985.0,3139.0,3077.0,2577.0,2466.0,2029.0,2098.0,1594.0,1669.0,2164.0,2529.0,3129.0,3261.0,3166.0,2833.0,2523.0,2699.0,2036.0,2218.0,1676.0,1828.0,2709.0,2999.0,3549.0,3754.0,3739.0,3164.0,2982.0,2820.0,2098.0,2506.0,1830.0,1932.0,2937.0,3249.0,3810.0,4208.0,3511.0,3539.0,3271.0,2933.0,2700.0,2746.0,2005.0,2046.0,3176.0,3241.0,4043.0,4277.0,3616.0,3699.0,3162.0,3094.0,2888.0,2682.0,2033.0,2077.0,2914.0,3139.0,3982.0,4162.0,3890.0,3844.0,3049.0,3111.0,2893.0,2244.0,1856.0,1965.0,2576.0,2970.0,3793.0,3856.0,3861.0,3801.0,3063.0,3159.0,2696.0,2847.0,2098.0,2071.0,2684.0,2748.0,2913.0,3757.0,4211.0,3733.0,3845.0,3801.0,3251.0,3324.0,2284.0,2156.0,2625.0,3187.0,3512.0,4226.0,3894.0,3962.0,3654.0,3366.0,3157.0,3078.0,2113.0,2079.0,2686.0,2940.0,3447.0,3657.0,3271.0,3191.0,2928.0,2423.0,2154.0,1991.0,1494.0,1746.0,2108.0,2243.0,2810.0,3125.0,2643.0,2711.0,2312.0,2234.0,2026.0,1866.0,1467.0,1663.0,2096.0,2448.0,2889.0,2704.0,2819.0,2727.0,2235.0,2432.0,2201.0,2196.0,1547.0,1573.0,2063.0,2621.0,2963.0,3048.0,2891.0,2743.0,2526.0,2609.0,2078.0,2285.0,1639.0,1868.0,2473.0,2658.0,2977.0,3271.0,3176.0,2678.0
394492,32,"Columbus, OH",msa,OH,1250.0,1309.0,1390.0,1517.0,1610.0,1640.0,1649.0,1466.0,1359.0,1003.0,1103.0,877.0,949.0,1080.0,1080.0,1349.0,1580.0,1560.0,1519.0,1538.0,1567.0,1490.0,1278.0,814.0,899.0,1415.0,1684.0,1898.0,1982.0,1311.0,1312.0,1255.0,1202.0,1100.0,1223.0,977.0,993.0,1322.0,1344.0,1524.0,1607.0,1587.0,1706.0,1488.0,1266.0,1232.0,1282.0,1033.0,1080.0,1444.0,1531.0,1838.0,2162.0,1986.0,2255.0,1819.0,1870.0,1863.0,1615.0,1402.0,1426.0,1784.0,2176.0,2550.0,2612.0,2720.0,2497.0,2117.0,1969.0,1873.0,1720.0,1450.0,1383.0,1772.0,2064.0,2401.0,2709.0,2718.0,2376.0,2279.0,2283.0,1627.0,1918.0,1375.0,1448.0,1987.0,2246.0,2584.0,2970.0,3029.0,2672.0,2457.0,2338.0,1901.0,2150.0,1524.0,1708.0,2176.0,2482.0,2824.0,3085.0,2883.0,3003.0,2736.0,2457.0,2167.0,2195.0,1614.0,1745.0,2450.0,2359.0,2992.0,3249.0,2851.0,3165.0,2691.0,2742.0,2328.0,2291.0,1751.0,1769.0,2459.0,2396.0,2950.0,3050.0,3002.0,2974.0,2321.0,2588.0,2231.0,1985.0,1622.0,1674.0,2044.0,2437.0,2906.0,2871.0,2861.0,2804.0,2409.0,2329.0,2057.0,2078.0,1630.0,1721.0,2033.0,1885.0,2197.0,2696.0,3040.0,2926.0,3099.0,3088.0,2462.0,2510.0,1901.0,1902.0,2405.0,2556.0,2786.0,3377.0,3316.0,3348.0,3372.0,3262.0,2820.0,2654.0,2006.0,1875.0,2365.0,2626.0,2986.0,3014.0,2802.0,2939.0,2496.0,2338.0,1946.0,1734.0,1399.0,1515.0,1960.0,1886.0,2305.0,2492.0,2153.0,2428.0,2054.0,1977.0,1791.0,1555.0,1353.0,1546.0,1733.0,1931.0,2374.0,2155.0,2335.0,2185.0,2087.0,2062.0,1702.0,1726.0,1292.0,1447.0,1764.0,2014.0,2259.0,2239.0,2260.0,2165.0,2129.0,2207.0,1638.0,1773.0,1215.0,1467.0,1843.0,2006.0,2384.0,2528.0,2524.0,2335.0
394705,34,"Indianapolis, IN",msa,IN,1664.0,1901.0,2077.0,2360.0,2345.0,2359.0,2208.0,2108.0,1723.0,1416.0,1566.0,1124.0,1287.0,1713.0,1847.0,2048.0,2423.0,2430.0,2278.0,2136.0,2268.0,1967.0,1778.0,1099.0,1379.0,1914.0,2292.0,2577.0,2429.0,1684.0,1915.0,1750.0,1604.0,1445.0,1650.0,1206.0,1189.0,1768.0,1927.0,2133.0,2293.0,2141.0,2274.0,1870.0,1711.0,1611.0,1674.0,1387.0,1408.0,1822.0,2121.0,2460.0,2694.0,2460.0,2591.0,2135.0,2195.0,1966.0,1844.0,1666.0,1781.0,2286.0,2609.0,3233.0,3061.0,3253.0,3025.0,2414.0,2440.0,2018.0,2100.0,1964.0,1837.0,2445.0,2760.0,3309.0,3477.0,3496.0,3003.0,2717.0,2637.0,2024.0,2308.0,1696.0,1819.0,2464.0,2861.0,3254.0,3790.0,3817.0,3255.0,2985.0,2894.0,2295.0,2839.0,1818.0,2117.0,2752.0,3153.0,3822.0,4064.0,3776.0,3713.0,3406.0,2897.0,2624.0,2689.0,1980.0,2017.0,3369.0,3227.0,3929.0,4415.0,3723.0,3840.0,3330.0,3363.0,2967.0,2848.0,2206.0,2394.0,3002.0,3412.0,3850.0,4145.0,3851.0,4014.0,3252.0,3326.0,2824.0,2468.0,1718.0,2070.0,2853.0,3154.0,3712.0,3805.0,3854.0,3783.0,3202.0,3330.0,2745.0,2760.0,1998.0,2185.0,2971.0,2783.0,2867.0,3688.0,4253.0,3981.0,3903.0,4018.0,3496.0,3636.0,2388.0,2372.0,3060.0,3484.0,3709.0,4315.0,4337.0,4270.0,4315.0,3872.0,3765.0,3710.0,2531.0,2515.0,3162.0,3314.0,3648.0,4009.0,3722.0,3726.0,3315.0,2821.0,2583.0,2270.0,1582.0,1891.0,2574.0,2441.0,2946.0,3100.0,2811.0,2878.0,2472.0,2385.0,2156.0,2048.0,1620.0,1878.0,2307.0,2597.0,2743.0,2771.0,2861.0,2668.0,2536.0,2583.0,2164.0,2198.0,1617.0,1739.0,2345.0,2683.0,2938.0,2969.0,2960.0,2859.0,2554.0,2688.0,2168.0,2475.0,1541.0,1765.0,2331.0,2701.0,3106.0,3293.0,3145.0,2675.0
394475,35,"Cleveland, OH",msa,OH,1218.0,1440.0,1586.0,1762.0,1912.0,1826.0,1748.0,1816.0,1857.0,1397.0,1587.0,1177.0,1075.0,1302.0,1381.0,1506.0,1843.0,1841.0,1670.0,1649.0,1747.0,1713.0,1351.0,870.0,931.0,1454.0,1794.0,1845.0,2167.0,1300.0,1408.0,1325.0,1233.0,1144.0,1283.0,926.0,907.0,1416.0,1344.0,1486.0,1740.0,1590.0,1734.0,1506.0,1379.0,1283.0,1404.0,1085.0,1110.0,1481.0,1562.0,1881.0,2063.0,1900.0,2063.0,1736.0,1776.0,1713.0,1606.0,1298.0,1209.0,1708.0,1895.0,2280.0,2323.0,2419.0,2402.0,1906.0,2156.0,1758.0,1854.0,1266.0,1288.0,1606.0,1746.0,2112.0,2296.0,2408.0,2306.0,2202.0,2171.0,1637.0,1877.0,1323.0,1375.0,1845.0,1943.0,2300.0,2651.0,2844.0,2592.0,2460.0,2309.0,1825.0,2137.0,1565.0,1692.0,2141.0,2372.0,2595.0,2994.0,2611.0,2691.0,2483.0,2269.0,2109.0,2259.0,1715.0,1643.0,2351.0,2200.0,3066.0,3316.0,2846.0,3120.0,2626.0,2457.0,2322.0,2227.0,1568.0,1501.0,2199.0,2386.0,2868.0,3081.0,2902.0,2965.0,2275.0,2485.0,2228.0,2033.0,1577.0,1540.0,2033.0,2471.0,2961.0,2748.0,2828.0,2941.0,2391.0,2637.0,2139.0,2138.0,1620.0,1695.0,2140.0,2010.0,2110.0,2614.0,3200.0,2997.0,2909.0,3085.0,2592.0,2815.0,2045.0,1852.0,2520.0,2613.0,2824.0,3340.0,3408.0,3383.0,3172.0,3027.0,2831.0,2855.0,2015.0,1791.0,2342.0,2487.0,2760.0,3060.0,2840.0,3064.0,2759.0,2294.0,2023.0,1935.0,1357.0,1541.0,2008.0,1790.0,2400.0,2492.0,2135.0,2462.0,2154.0,2075.0,1912.0,1744.0,1417.0,1427.0,1793.0,1967.0,2241.0,2225.0,2375.0,2297.0,2016.0,2153.0,1858.0,1832.0,1472.0,1473.0,1768.0,2040.0,2342.0,2324.0,2515.0,2341.0,2313.0,2370.0,1906.0,2021.0,1303.0,1380.0,1792.0,1954.0,2241.0,2553.0,2639.0,2452.0
395059,36,"San Jose, CA",msa,CA,722.0,913.0,1076.0,1256.0,1366.0,1388.0,1391.0,1368.0,1236.0,937.0,1073.0,874.0,935.0,1141.0,1345.0,1480.0,1756.0,1791.0,1511.0,1631.0,1616.0,1408.0,1582.0,1006.0,1033.0,1473.0,1558.0,1909.0,1732.0,1470.0,1401.0,1317.0,1265.0,1324.0,1488.0,1020.0,1078.0,1555.0,1602.0,1588.0,1760.0,1471.0,1593.0,1431.0,1312.0,1342.0,1406.0,1100.0,1185.0,1631.0,1753.0,2001.0,1781.0,1643.0,1691.0,1431.0,1608.0,1523.0,1565.0,991.0,1102.0,1542.0,1720.0,1851.0,1685.0,1828.0,1798.0,1565.0,1622.0,1308.0,1290.0,939.0,1041.0,1323.0,1675.0,1771.0,1707.0,1722.0,1506.0,1475.0,1553.0,1190.0,1226.0,868.0,961.0,1444.0,1802.0,1690.0,1863.0,1825.0,1650.0,1487.0,1437.0,1185.0,1430.0,951.0,878.0,1331.0,1642.0,1702.0,1789.0,1452.0,1512.0,1517.0,1455.0,1436.0,1244.0,894.0,950.0,1426.0,1476.0,1813.0,1947.0,1649.0,1708.0,1506.0,1482.0,1321.0,1174.0,860.0,949.0,1486.0,1615.0,1782.0,1644.0,1451.0,1497.0,1236.0,1300.0,1152.0,963.0,711.0,866.0,1263.0,1423.0,1643.0,1401.0,1431.0,1398.0,1149.0,1337.0,1200.0,1098.0,775.0,861.0,1079.0,889.0,718.0,1288.0,1535.0,1440.0,1551.0,1670.0,1538.0,1458.0,1108.0,1217.0,1701.0,2165.0,2012.0,2193.0,1981.0,1875.0,1821.0,1713.0,1692.0,1392.0,934.0,1065.0,1700.0,1812.0,1643.0,1480.0,1119.0,1235.0,1311.0,1078.0,866.0,782.0,535.0,655.0,1076.0,984.0,1274.0,1236.0,974.0,1138.0,957.0,1023.0,844.0,722.0,609.0,795.0,1027.0,1267.0,1454.0,1277.0,1230.0,1180.0,1037.0,1186.0,1070.0,930.0,626.0,798.0,1110.0,1302.0,1181.0,1232.0,1111.0,1096.0,1071.0,1158.0,883.0,826.0,547.0,884.0,1157.0,1255.0,1275.0,1262.0,1126.0,1043.0
394902,37,"Nashville, TN",msa,TN,1715.0,1941.0,2115.0,2218.0,2328.0,2409.0,2130.0,1939.0,1794.0,1271.0,1265.0,1016.0,1135.0,1449.0,1571.0,1644.0,2113.0,2092.0,1929.0,1994.0,2091.0,1927.0,1773.0,1047.0,1195.0,1876.0,2053.0,2132.0,2396.0,1698.0,1668.0,1564.0,1513.0,1434.0,1536.0,1108.0,1206.0,1566.0,1609.0,1919.0,2080.0,1892.0,2145.0,1883.0,1646.0,1662.0,1901.0,1609.0,1579.0,1967.0,2223.0,2464.0,2612.0,2592.0,2611.0,2229.0,2374.0,2149.0,2128.0,1694.0,1782.0,2343.0,2777.0,3117.0,3128.0,3276.0,3089.0,2662.0,2596.0,2378.0,2473.0,1809.0,1930.0,2467.0,2810.0,3136.0,3344.0,3319.0,3231.0,3109.0,3029.0,2505.0,2761.0,1959.0,2000.0,2853.0,2874.0,3450.0,3862.0,3781.0,3657.0,3413.0,3137.0,2330.0,2975.0,2085.0,2184.0,2892.0,3192.0,3593.0,3717.0,3503.0,3671.0,3220.0,3143.0,2777.0,2986.0,2152.0,2235.0,3087.0,2953.0,3577.0,3764.0,3442.0,3604.0,3140.0,3051.0,2777.0,2751.0,2003.0,2098.0,2871.0,3059.0,3425.0,3641.0,3302.0,3519.0,2906.0,2894.0,2617.0,2453.0,2103.0,2330.0,2862.0,3179.0,3875.0,3736.0,3808.0,3794.0,3225.0,3311.0,2824.0,2853.0,2320.0,2488.0,3101.0,2559.0,2678.0,3763.0,4055.0,3923.0,3991.0,3758.0,3310.0,3651.0,2630.0,2592.0,3590.0,3906.0,4157.0,4802.0,4514.0,4578.0,4241.0,3999.0,3934.0,3962.0,2815.0,2891.0,3886.0,3981.0,4106.0,4402.0,3524.0,3489.0,3275.0,2605.0,2085.0,2048.0,1630.0,1857.0,2728.0,2388.0,3396.0,3336.0,2672.0,2937.0,2504.0,2241.0,2028.0,1966.0,1737.0,1914.0,2300.0,2567.0,3033.0,2695.0,2856.0,2718.0,2356.0,2521.0,2247.0,2391.0,1792.0,1973.0,2453.0,2802.0,2967.0,2975.0,2985.0,2749.0,2541.0,2617.0,2086.0,2537.0,1736.0,2087.0,2624.0,3045.0,3217.0,3246.0,3127.0,2700.0
395194,38,"Virginia Beach, VA",msa,VA,1292.0,1523.0,1655.0,1591.0,1771.0,1799.0,1624.0,1347.0,1330.0,1009.0,1006.0,789.0,909.0,1294.0,1266.0,1414.0,1836.0,1907.0,1668.0,1651.0,1679.0,1739.0,1389.0,926.0,1010.0,1450.0,1618.0,1672.0,1846.0,1413.0,1399.0,1253.0,1181.0,1251.0,1256.0,1084.0,1038.0,1522.0,1478.0,1643.0,1716.0,1501.0,1550.0,1487.0,1345.0,1290.0,1416.0,1119.0,1327.0,1520.0,1476.0,1813.0,1904.0,1835.0,1843.0,1441.0,1626.0,1492.0,1404.0,1328.0,1297.0,1674.0,1864.0,2062.0,1987.0,2227.0,1979.0,1715.0,1712.0,1482.0,1531.0,1109.0,1295.0,1500.0,1832.0,1994.0,2071.0,2247.0,2078.0,1897.0,1897.0,1508.0,1877.0,1290.0,1235.0,2066.0,1926.0,2102.0,2483.0,2527.0,2132.0,2132.0,1973.0,1697.0,1955.0,1409.0,1670.0,2105.0,2207.0,2517.0,2834.0,2432.0,2617.0,2334.0,2084.0,1955.0,2128.0,1574.0,1620.0,2348.0,2363.0,2789.0,2941.0,2479.0,2788.0,2333.0,2258.0,1998.0,2029.0,1456.0,1508.0,2279.0,2348.0,2779.0,3008.0,2781.0,2853.0,2175.0,2162.0,1980.0,2054.0,1616.0,1783.0,2314.0,2553.0,2979.0,2966.0,3098.0,2899.0,2418.0,2505.0,2263.0,2275.0,1826.0,1893.0,2519.0,2546.0,2467.0,3238.0,3567.0,3397.0,3386.0,3186.0,2849.0,3225.0,2204.0,2442.0,3430.0,3828.0,3696.0,4542.0,4186.0,4025.0,3786.0,3588.0,3277.0,3303.0,2476.0,2491.0,3379.0,3265.0,3576.0,3618.0,3076.0,3224.0,2804.0,2297.0,2091.0,1968.0,1596.0,1826.0,2349.0,2308.0,2714.0,3059.0,2393.0,2564.0,2212.0,1967.0,1837.0,1739.0,1532.0,1895.0,2180.0,2422.0,2716.0,2418.0,2534.0,2409.0,2066.0,2197.0,2004.0,1987.0,1539.0,1760.0,2060.0,2492.0,2751.0,2748.0,2605.0,2386.0,2303.0,2263.0,1864.0,2163.0,1738.0,1816.0,2263.0,2438.0,2745.0,3018.0,2762.0,2440.0
395005,39,"Providence, RI",msa,RI,760.0,993.0,1075.0,1253.0,1409.0,1347.0,1215.0,1116.0,1207.0,917.0,949.0,675.0,741.0,831.0,945.0,1170.0,1465.0,1531.0,1396.0,1351.0,1422.0,1405.0,1140.0,764.0,744.0,1107.0,1252.0,1316.0,1703.0,1098.0,1178.0,1105.0,1003.0,1006.0,1080.0,773.0,686.0,996.0,1048.0,1229.0,1418.0,1394.0,1366.0,1207.0,1094.0,1074.0,1232.0,886.0,812.0,1138.0,1130.0,1344.0,1595.0,1402.0,1483.0,1251.0,1316.0,1485.0,1384.0,974.0,852.0,1152.0,1300.0,1704.0,1842.0,1791.0,1851.0,1498.0,1589.0,1363.0,1357.0,1017.0,847.0,1099.0,1268.0,1534.0,1840.0,1736.0,1621.0,1620.0,1680.0,1270.0,1523.0,1025.0,928.0,1148.0,1288.0,1600.0,2105.0,2111.0,1910.0,1779.0,1789.0,1435.0,1667.0,1149.0,1110.0,1404.0,1618.0,1928.0,2329.0,2049.0,2140.0,2084.0,1865.0,1718.0,1822.0,1356.0,1137.0,1516.0,1650.0,2043.0,2513.0,2073.0,2195.0,2049.0,1987.0,1756.0,1724.0,1322.0,1076.0,1399.0,1527.0,1978.0,2299.0,2086.0,2249.0,1794.0,1903.0,1764.0,1461.0,1178.0,1075.0,1391.0,1566.0,2047.0,2163.0,2214.0,2131.0,1803.0,1893.0,1724.0,1813.0,1280.0,1186.0,1502.0,1328.0,1457.0,1797.0,2260.0,2161.0,2254.0,2370.0,2110.0,2286.0,1482.0,1239.0,1665.0,1737.0,1865.0,2515.0,2186.0,2173.0,2074.0,1769.0,1891.0,1890.0,1342.0,1045.0,1343.0,1441.0,1616.0,1827.0,1700.0,1725.0,1529.0,1341.0,1193.0,1169.0,807.0,697.0,1010.0,955.0,1210.0,1482.0,1162.0,1350.0,1252.0,1164.0,1065.0,959.0,772.0,778.0,927.0,1000.0,1184.0,1239.0,1407.0,1327.0,1213.0,1201.0,1065.0,1198.0,866.0,795.0,909.0,1059.0,1254.0,1401.0,1425.0,1362.0,1477.0,1215.0,977.0,1323.0,783.0,681.0,855.0,967.0,1086.0,1576.0,1437.0,1358.0
394714,40,"Jacksonville, FL",msa,FL,940.0,1015.0,1103.0,1269.0,1279.0,1176.0,1000.0,1034.0,1004.0,749.0,1028.0,717.0,822.0,994.0,1056.0,1169.0,1326.0,1362.0,1147.0,1276.0,1375.0,1274.0,1395.0,914.0,1027.0,1463.0,1468.0,1424.0,1630.0,1336.0,1352.0,1310.0,1172.0,1054.0,1413.0,1053.0,1181.0,1460.0,1505.0,1423.0,1625.0,1354.0,1535.0,1363.0,1241.0,1210.0,1427.0,981.0,1283.0,1521.0,1484.0,1581.0,1715.0,1552.0,1693.0,1432.0,1733.0,1633.0,1852.0,1411.0,1482.0,1945.0,2094.0,2315.0,2201.0,2223.0,2227.0,1915.0,1992.0,1729.0,2141.0,1602.0,1600.0,1873.0,2096.0,2284.0,2360.0,2427.0,2242.0,2153.0,2267.0,1729.0,2307.0,1549.0,1786.0,2462.0,2465.0,2497.0,2870.0,2906.0,2524.0,2603.0,2311.0,1877.0,2359.0,1846.0,2002.0,2596.0,2601.0,2773.0,3068.0,2709.0,2877.0,2519.0,2152.0,2136.0,2432.0,1925.0,1998.0,2719.0,2724.0,3160.0,3225.0,2788.0,3097.0,2148.0,2383.0,2343.0,2575.0,1862.0,2054.0,2632.0,2944.0,3167.0,3151.0,2951.0,2940.0,2490.0,2590.0,2293.0,2245.0,1879.0,1993.0,2570.0,3043.0,3261.0,3052.0,3092.0,3049.0,2566.0,2563.0,2181.0,2576.0,1980.0,2325.0,2803.0,2306.0,2077.0,2920.0,3605.0,3300.0,3262.0,3341.0,2803.0,3210.0,2528.0,2809.0,3598.0,3887.0,3947.0,4221.0,4106.0,3980.0,3563.0,3665.0,3668.0,3623.0,2842.0,2909.0,3557.0,3477.0,3814.0,3543.0,2822.0,2849.0,2253.0,2392.0,1880.0,1880.0,1526.0,1814.0,2664.0,2319.0,2794.0,2793.0,2312.0,2406.0,2166.0,2032.0,1768.0,1690.0,1445.0,1863.0,2240.0,2562.0,2527.0,2363.0,2372.0,2278.0,1790.0,1939.0,1682.0,1966.0,1593.0,1677.0,2151.0,2308.0,2339.0,2437.0,2361.0,2156.0,2026.0,2109.0,1608.0,2095.0,1472.0,1739.0,2343.0,2453.0,2456.0,2589.0,2477.0,2138.0
394862,41,"Milwaukee, WI",msa,WI,838.0,1122.0,1269.0,1440.0,1641.0,1672.0,1569.0,1280.0,1244.0,864.0,839.0,645.0,723.0,989.0,1085.0,1211.0,1575.0,1676.0,1550.0,1401.0,1485.0,1394.0,903.0,640.0,694.0,1147.0,1519.0,1598.0,1630.0,962.0,922.0,930.0,857.0,794.0,826.0,705.0,645.0,966.0,1003.0,1166.0,1412.0,1234.0,1275.0,1165.0,1030.0,897.0,955.0,785.0,784.0,1238.0,1425.0,1590.0,1759.0,1615.0,1626.0,1308.0,1381.0,1096.0,1056.0,914.0,896.0,1385.0,1488.0,1844.0,1927.0,2011.0,1902.0,1573.0,1516.0,1641.0,1187.0,953.0,881.0,1229.0,1462.0,1783.0,2071.0,2122.0,1870.0,1639.0,1688.0,1149.0,1247.0,894.0,867.0,1481.0,1634.0,1898.0,2455.0,2273.0,1893.0,1766.0,1632.0,1178.0,1402.0,1010.0,973.0,1485.0,1875.0,2249.0,2618.0,2241.0,2224.0,1907.0,1686.0,1490.0,1422.0,979.0,959.0,1531.0,1754.0,2205.0,2644.0,2134.0,2233.0,1853.0,1768.0,1486.0,1344.0,1045.0,986.0,1648.0,1803.0,2128.0,2431.0,2238.0,2200.0,1745.0,1744.0,1575.0,1294.0,1006.0,1039.0,1375.0,1749.0,2073.0,2270.0,2268.0,2186.0,1829.0,1749.0,1468.0,1336.0,1097.0,1038.0,1480.0,1548.0,1558.0,1947.0,2314.0,2037.0,1948.0,1809.0,1650.0,1680.0,1158.0,1030.0,1642.0,1965.0,2195.0,2756.0,2759.0,2659.0,2445.0,2328.0,2108.0,2148.0,1364.0,1276.0,1812.0,1933.0,2110.0,2459.0,2186.0,2260.0,1948.0,1627.0,1361.0,1268.0,845.0,923.0,1192.0,1260.0,1623.0,1788.0,1621.0,1752.0,1450.0,1459.0,1277.0,1136.0,832.0,935.0,1092.0,1379.0,1653.0,1576.0,1644.0,1656.0,1364.0,1505.0,1205.0,1236.0,899.0,926.0,1109.0,1325.0,1652.0,1843.0,1675.0,1663.0,1522.0,1526.0,1204.0,1280.0,840.0,997.0,1319.0,1463.0,1709.0,1979.0,1889.0,1618.0
394935,42,"Oklahoma City, OK",msa,OK,1059.0,1173.0,1517.0,1550.0,1586.0,1636.0,1592.0,1443.0,1363.0,935.0,998.0,666.0,882.0,1142.0,1154.0,1296.0,1491.0,1538.0,1406.0,1377.0,1554.0,1400.0,1157.0,676.0,838.0,1309.0,1632.0,1504.0,1442.0,1031.0,1112.0,1001.0,1057.0,958.0,1103.0,856.0,793.0,1143.0,1161.0,1283.0,1396.0,1392.0,1489.0,1377.0,1277.0,1181.0,1324.0,906.0,1121.0,1336.0,1462.0,1699.0,1868.0,1771.0,1852.0,1610.0,1740.0,1625.0,1578.0,1201.0,1196.0,1634.0,1859.0,1962.0,1973.0,2418.0,2439.0,2171.0,1918.0,1704.0,1659.0,1252.0,1365.0,1748.0,1828.0,2116.0,2210.0,2244.0,2203.0,2052.0,2137.0,1706.0,1871.0,1199.0,1303.0,1758.0,1717.0,1939.0,2062.0,2102.0,1970.0,1888.0,1662.0,1297.0,1548.0,1308.0,1309.0,1821.0,1889.0,2214.0,2148.0,1988.0,2113.0,2004.0,1821.0,1570.0,1724.0,1150.0,1377.0,1990.0,1854.0,2420.0,2344.0,2192.0,2270.0,1910.0,1745.0,1635.0,1692.0,1285.0,1377.0,1739.0,1727.0,2182.0,2269.0,2183.0,2320.0,1921.0,2073.0,1815.0,1658.0,1355.0,1491.0,1937.0,2028.0,2528.0,2243.0,2423.0,2359.0,1977.0,2073.0,1636.0,1774.0,1472.0,1566.0,1916.0,1799.0,1945.0,2540.0,2804.0,2650.0,2570.0,2335.0,2052.0,2214.0,1734.0,1646.0,2285.0,2513.0,2620.0,3207.0,2831.0,2957.0,2678.0,2536.0,2402.0,2470.0,1957.0,1779.0,2361.0,2391.0,2604.0,2727.0,2431.0,2560.0,2268.0,1937.0,1541.0,1565.0,1228.0,1367.0,1712.0,1534.0,2061.0,2125.0,1910.0,1921.0,1776.0,1695.0,1390.0,1390.0,1213.0,1360.0,1735.0,1812.0,2034.0,1851.0,1950.0,1952.0,1603.0,1704.0,1414.0,1564.0,1315.0,1354.0,1614.0,1791.0,1925.0,1867.0,1987.0,1881.0,1637.0,1735.0,1408.0,1693.0,1173.0,1342.0,1779.0,1854.0,1972.0,2061.0,2034.0,1766.0
395012,43,"Raleigh, NC",msa,NC,1141.0,1287.0,1373.0,1471.0,1458.0,1447.0,1258.0,1109.0,985.0,691.0,814.0,591.0,704.0,944.0,973.0,1123.0,1369.0,1450.0,1245.0,1181.0,1285.0,1238.0,975.0,707.0,782.0,1155.0,1427.0,1456.0,1423.0,966.0,932.0,878.0,802.0,781.0,954.0,662.0,661.0,988.0,1082.0,1045.0,1260.0,1084.0,1207.0,1037.0,946.0,896.0,920.0,693.0,902.0,1119.0,1160.0,1381.0,1606.0,1361.0,1456.0,1232.0,1237.0,1121.0,1271.0,981.0,1044.0,1416.0,1754.0,1956.0,1879.0,1953.0,1812.0,1609.0,1579.0,1336.0,1547.0,1045.0,1005.0,1437.0,1725.0,2016.0,2004.0,2041.0,1884.0,1566.0,1769.0,1380.0,1659.0,1120.0,1176.0,1700.0,1610.0,2016.0,2425.0,2409.0,2133.0,1937.0,1904.0,1384.0,1724.0,1174.0,1205.0,1786.0,1999.0,2352.0,2726.0,2355.0,2379.0,2083.0,1970.0,1714.0,1802.0,1340.0,1367.0,2183.0,2047.0,2393.0,2764.0,2248.0,2487.0,2069.0,1958.0,1844.0,1746.0,1325.0,1355.0,1930.0,2098.0,2339.0,2562.0,2394.0,2402.0,1736.0,1880.0,1726.0,1606.0,1237.0,1470.0,1984.0,2053.0,2455.0,2443.0,2492.0,2363.0,1905.0,2078.0,1791.0,2005.0,1433.0,1630.0,2095.0,1764.0,1817.0,2454.0,2633.0,2298.0,2339.0,2391.0,2075.0,2230.0,1557.0,1677.0,2209.0,2383.0,2662.0,3142.0,2653.0,2817.0,2432.0,2570.0,2496.0,2378.0,1717.0,1717.0,2265.0,2267.0,2414.0,2614.0,2157.0,2255.0,1901.0,1622.0,1373.0,1287.0,891.0,1193.0,1664.0,1499.0,1789.0,1906.0,1661.0,1701.0,1300.0,1266.0,1186.0,1047.0,946.0,1164.0,1397.0,1627.0,1737.0,1670.0,1578.0,1476.0,1210.0,1404.0,1216.0,1277.0,1079.0,1117.0,1441.0,1520.0,1748.0,1729.0,1798.0,1559.0,1420.0,1444.0,1158.0,1433.0,941.0,1126.0,1406.0,1686.0,1774.0,2020.0,1716.0,1578.0
394849,44,"Memphis, TN",msa,TN,1379.0,1559.0,1428.0,1490.0,1608.0,1610.0,1466.0,1422.0,1308.0,948.0,1157.0,928.0,1025.0,1241.0,1282.0,1299.0,1445.0,1519.0,1302.0,1334.0,1445.0,1241.0,1230.0,828.0,1027.0,1360.0,1400.0,1520.0,1532.0,1172.0,1178.0,1125.0,1015.0,934.0,1006.0,776.0,842.0,1182.0,1205.0,1307.0,1427.0,1276.0,1277.0,1218.0,1109.0,1075.0,1054.0,953.0,1112.0,1307.0,1272.0,1585.0,1432.0,1579.0,1593.0,1314.0,1417.0,1136.0,1276.0,1145.0,1165.0,1341.0,1525.0,1814.0,1653.0,1846.0,1906.0,1477.0,1507.0,1267.0,1380.0,1126.0,1237.0,1467.0,1591.0,1593.0,1723.0,1793.0,1622.0,1566.0,1603.0,1211.0,1527.0,1132.0,1167.0,1539.0,1605.0,1756.0,1971.0,2043.0,1826.0,1745.0,1538.0,1245.0,1540.0,1143.0,1278.0,1719.0,1817.0,2007.0,2069.0,1914.0,1870.0,1779.0,1738.0,1547.0,1641.0,1322.0,1322.0,1844.0,1835.0,2101.0,2294.0,2048.0,2317.0,1835.0,1820.0,1691.0,1573.0,1318.0,1354.0,1799.0,1904.0,2195.0,2169.0,2102.0,2188.0,1778.0,2028.0,1683.0,1552.0,1330.0,1438.0,1772.0,2017.0,2241.0,2118.0,2187.0,2142.0,1867.0,1898.0,1559.0,1678.0,1448.0,1484.0,1730.0,1639.0,1624.0,2064.0,2357.0,2238.0,2135.0,2193.0,1965.0,2189.0,1650.0,1479.0,2014.0,2133.0,2333.0,2495.0,2605.0,2556.0,2410.0,2225.0,2076.0,2105.0,1634.0,1665.0,2190.0,2015.0,2373.0,2345.0,2124.0,2227.0,2035.0,1608.0,1431.0,1360.0,1076.0,1174.0,1560.0,1458.0,1732.0,1879.0,1547.0,1776.0,1500.0,1532.0,1321.0,1258.0,1169.0,1287.0,1453.0,1670.0,1725.0,1594.0,1674.0,1571.0,1380.0,1387.0,1337.0,1331.0,1145.0,1206.0,1391.0,1514.0,1687.0,1675.0,1654.0,1558.0,1496.0,1497.0,1250.0,1460.0,1000.0,1241.0,,,1916.0,1633.0,1577.0,1524.0
395022,45,"Richmond, VA",msa,VA,1052.0,1282.0,1322.0,1444.0,1528.0,1461.0,1384.0,1169.0,1012.0,792.0,865.0,697.0,698.0,935.0,966.0,1122.0,1554.0,1421.0,1284.0,1207.0,1239.0,1202.0,1005.0,644.0,735.0,1065.0,1292.0,1427.0,1600.0,1023.0,1059.0,916.0,968.0,902.0,1003.0,768.0,808.0,1117.0,1059.0,1299.0,1423.0,1181.0,1275.0,1066.0,1002.0,1003.0,1119.0,925.0,920.0,1149.0,1309.0,1554.0,1616.0,1423.0,1489.0,1132.0,1235.0,1216.0,1194.0,950.0,995.0,1216.0,1447.0,1755.0,1809.0,1766.0,1686.0,1337.0,1365.0,1262.0,1339.0,970.0,945.0,1212.0,1484.0,1638.0,1876.0,1783.0,1614.0,1468.0,1468.0,1224.0,1372.0,969.0,1047.0,1541.0,1640.0,1724.0,2235.0,2109.0,1837.0,1691.0,1661.0,1287.0,1607.0,1114.0,1186.0,1544.0,1838.0,2106.0,2459.0,2097.0,2203.0,1814.0,1639.0,1556.0,1645.0,1239.0,1213.0,1870.0,1898.0,2288.0,2637.0,2094.0,2257.0,1857.0,1798.0,1686.0,1670.0,1205.0,1270.0,1852.0,1885.0,2214.0,2522.0,2364.0,2269.0,1630.0,1815.0,1587.0,1476.0,1202.0,1243.0,1748.0,1800.0,2281.0,2367.0,2281.0,2185.0,1842.0,1915.0,1666.0,1894.0,1349.0,1402.0,1832.0,1806.0,1803.0,2197.0,2325.0,2226.0,2162.0,2280.0,1951.0,2141.0,1549.0,1453.0,2060.0,2231.0,2435.0,2746.0,2748.0,2585.0,2362.0,2206.0,2134.0,2213.0,1482.0,1361.0,2000.0,2047.0,2223.0,2503.0,2082.0,2099.0,1817.0,1611.0,1355.0,1316.0,993.0,1152.0,1482.0,1397.0,1785.0,1914.0,1543.0,1634.0,1397.0,1382.0,1213.0,1298.0,875.0,1140.0,1264.0,1516.0,1787.0,1608.0,1569.0,1509.0,1295.0,1492.0,1253.0,1369.0,1021.0,1049.0,1311.0,1539.0,1759.0,1831.0,1682.0,1589.0,1351.0,1559.0,1222.0,1374.0,1003.0,1139.0,1464.0,1762.0,1887.0,1971.0,1824.0,1444.0
394807,46,"Louisville, KY",msa,KY,1076.0,1136.0,1259.0,1468.0,1454.0,1610.0,1456.0,1366.0,1277.0,865.0,977.0,727.0,828.0,1035.0,1150.0,1285.0,1627.0,1575.0,1450.0,1487.0,1559.0,1495.0,1156.0,832.0,847.0,1198.0,1504.0,1674.0,1809.0,1158.0,1131.0,1036.0,1022.0,998.0,1055.0,802.0,862.0,1137.0,1164.0,1248.0,1468.0,1251.0,1347.0,1240.0,1122.0,1094.0,1156.0,953.0,982.0,1210.0,1384.0,1514.0,1428.0,1476.0,1607.0,1441.0,1529.0,1355.0,1266.0,1206.0,1139.0,1403.0,1651.0,1959.0,1839.0,2041.0,2032.0,1779.0,1637.0,1492.0,1413.0,1093.0,1167.0,1378.0,1557.0,1833.0,1952.0,2010.0,2000.0,1705.0,1741.0,1371.0,1506.0,1217.0,1121.0,1451.0,1685.0,1876.0,2321.0,2299.0,2070.0,1986.0,1748.0,1241.0,1518.0,1277.0,1415.0,1846.0,1961.0,2101.0,2393.0,2118.0,2186.0,2116.0,2011.0,1903.0,1848.0,1454.0,1414.0,2168.0,1912.0,2276.0,2424.0,2202.0,2490.0,2104.0,1973.0,1877.0,1743.0,1399.0,1500.0,1821.0,2068.0,2302.0,2351.0,2296.0,2569.0,2022.0,1907.0,1688.0,1545.0,1298.0,1313.0,1695.0,1813.0,2178.0,2141.0,2271.0,2262.0,1999.0,1985.0,1748.0,1668.0,1326.0,1404.0,1767.0,1605.0,1597.0,2218.0,2403.0,2371.0,2107.0,2280.0,1969.0,2084.0,1545.0,1480.0,1889.0,2040.0,2153.0,2444.0,2348.0,2310.0,2256.0,2249.0,2026.0,2086.0,1514.0,1487.0,1940.0,1949.0,2003.0,2128.0,2034.0,2058.0,1844.0,1634.0,1309.0,1221.0,986.0,1122.0,1558.0,1302.0,1575.0,1663.0,1632.0,1642.0,1330.0,1370.0,1250.0,1162.0,923.0,1141.0,1313.0,1422.0,1563.0,1522.0,1650.0,1608.0,1441.0,1455.0,1260.0,1290.0,1002.0,1037.0,1348.0,1504.0,1593.0,1711.0,1752.0,1672.0,1510.0,1594.0,1242.0,1438.0,977.0,1088.0,1386.0,1613.0,1798.0,1941.0,1874.0,1653.0
394910,47,"New Orleans, LA",msa,LA,601.0,677.0,761.0,863.0,787.0,805.0,634.0,492.0,514.0,382.0,432.0,427.0,494.0,616.0,578.0,638.0,741.0,707.0,645.0,635.0,670.0,643.0,557.0,361.0,375.0,607.0,695.0,719.0,760.0,617.0,584.0,528.0,528.0,460.0,554.0,419.0,458.0,683.0,679.0,760.0,823.0,765.0,742.0,668.0,640.0,582.0,610.0,508.0,577.0,741.0,732.0,938.0,911.0,810.0,691.0,782.0,780.0,737.0,724.0,569.0,567.0,760.0,836.0,988.0,887.0,869.0,1019.0,861.0,877.0,738.0,762.0,600.0,643.0,736.0,871.0,994.0,1028.0,1048.0,1055.0,932.0,944.0,822.0,897.0,679.0,675.0,967.0,976.0,1104.0,1121.0,1182.0,1131.0,1063.0,943.0,846.0,936.0,734.0,768.0,951.0,995.0,1123.0,1215.0,1068.0,1113.0,978.0,978.0,915.0,888.0,773.0,715.0,972.0,875.0,1103.0,1139.0,1025.0,1078.0,864.0,768.0,755.0,735.0,623.0,673.0,878.0,951.0,1112.0,1041.0,1050.0,1048.0,852.0,886.0,751.0,653.0,580.0,644.0,778.0,880.0,1090.0,1046.0,1029.0,934.0,875.0,969.0,802.0,806.0,741.0,754.0,881.0,741.0,724.0,1090.0,1266.0,1204.0,1220.0,1158.0,1060.0,1169.0,974.0,1038.0,1430.0,1635.0,1686.0,1913.0,1742.0,1418.0,1007.0,1312.0,1321.0,1431.0,1150.0,1208.0,1593.0,1659.0,1741.0,1688.0,1462.0,1391.0,1197.0,1115.0,904.0,934.0,840.0,832.0,1166.0,1050.0,1358.0,1440.0,1128.0,1258.0,976.0,911.0,772.0,807.0,667.0,773.0,994.0,1157.0,1331.0,1146.0,1211.0,1101.0,931.0,947.0,906.0,1046.0,700.0,874.0,928.0,1115.0,1282.0,1323.0,1206.0,1188.0,1110.0,1092.0,921.0,1046.0,854.0,817.0,1138.0,1265.0,1332.0,1307.0,1275.0,1131.0
395053,48,"Salt Lake City, UT",msa,UT,792.0,949.0,1030.0,1136.0,1153.0,1058.0,1048.0,1056.0,822.0,576.0,656.0,442.0,598.0,740.0,843.0,1042.0,1193.0,1119.0,1020.0,988.0,1073.0,1072.0,846.0,528.0,659.0,1032.0,1198.0,1234.0,1012.0,723.0,766.0,743.0,734.0,721.0,815.0,564.0,621.0,918.0,931.0,1002.0,1064.0,992.0,1092.0,948.0,960.0,864.0,865.0,743.0,812.0,1026.0,1114.0,1223.0,1225.0,1188.0,1344.0,1074.0,1190.0,1083.0,967.0,801.0,827.0,1128.0,1339.0,1541.0,1535.0,1521.0,1453.0,1225.0,1202.0,1036.0,994.0,807.0,851.0,1087.0,1178.0,1443.0,1521.0,1409.0,1385.0,1268.0,1320.0,1002.0,1112.0,784.0,1043.0,1528.0,1480.0,1666.0,1850.0,1834.0,1619.0,1509.0,1339.0,1131.0,1335.0,948.0,1030.0,1497.0,1586.0,1896.0,1995.0,1674.0,1857.0,1678.0,1559.0,1453.0,1335.0,970.0,1025.0,1542.0,1553.0,1848.0,1940.0,1664.0,1802.0,1504.0,1682.0,1480.0,1357.0,1116.0,1153.0,1583.0,1558.0,1751.0,1934.0,1665.0,1795.0,1486.0,1526.0,1363.0,1202.0,912.0,1059.0,1319.0,1622.0,1920.0,1784.0,1875.0,1808.0,1574.0,1620.0,1393.0,1347.0,1005.0,1186.0,1348.0,1263.0,1559.0,2059.0,2164.0,1993.0,2062.0,1974.0,1667.0,1678.0,1310.0,1445.0,1916.0,2249.0,2179.0,2503.0,2312.0,2315.0,2131.0,2199.0,2100.0,1992.0,1273.0,1383.0,1794.0,1847.0,1951.0,1923.0,1418.0,1591.0,1381.0,1072.0,986.0,944.0,733.0,966.0,1333.0,1201.0,1449.0,1360.0,1257.0,1411.0,1096.0,1124.0,913.0,897.0,800.0,1045.0,1238.0,1273.0,1376.0,1281.0,1307.0,1299.0,1149.0,1240.0,1039.0,1014.0,808.0,983.0,1149.0,1241.0,1510.0,1394.0,1349.0,1346.0,1320.0,1348.0,998.0,1216.0,894.0,1093.0,,,1545.0,1493.0,1561.0,1274.0
394669,49,"Hartford, CT",msa,CT,763.0,987.0,1051.0,1227.0,1441.0,1328.0,1297.0,1046.0,1141.0,798.0,857.0,575.0,622.0,731.0,813.0,999.0,1318.0,1461.0,1280.0,1134.0,1296.0,1319.0,1007.0,671.0,614.0,1005.0,1185.0,1287.0,1671.0,940.0,1048.0,914.0,833.0,899.0,889.0,635.0,619.0,812.0,818.0,1006.0,1300.0,1064.0,1165.0,964.0,892.0,938.0,867.0,630.0,695.0,979.0,1003.0,1227.0,1423.0,1396.0,1420.0,1104.0,1157.0,1188.0,1126.0,904.0,713.0,1054.0,1195.0,1454.0,1527.0,1630.0,1684.0,1301.0,1357.0,1191.0,1224.0,929.0,785.0,1002.0,1113.0,1296.0,1692.0,1655.0,1548.0,1439.0,1445.0,1089.0,1303.0,860.0,841.0,1066.0,1132.0,1426.0,1848.0,1954.0,1788.0,1624.0,1540.0,1208.0,1414.0,1038.0,1015.0,1244.0,1434.0,1613.0,2110.0,1811.0,1986.0,1613.0,1551.0,1403.0,1491.0,1299.0,977.0,1354.0,1407.0,1747.0,2097.0,1901.0,1750.0,1554.0,1369.0,1258.0,1223.0,944.0,834.0,1101.0,1210.0,1523.0,1883.0,1723.0,1785.0,1240.0,1398.0,1279.0,1134.0,870.0,724.0,1004.0,1192.0,1476.0,1787.0,1683.0,1631.0,1343.0,1319.0,1201.0,1262.0,958.0,821.0,1117.0,1168.0,1281.0,1511.0,2013.0,2043.0,1917.0,2045.0,1675.0,1864.0,1301.0,1048.0,1448.0,1584.0,1739.0,2280.0,2167.0,2119.0,1802.0,1609.0,1693.0,1655.0,1149.0,937.0,1199.0,1252.0,1467.0,1777.0,1608.0,1672.0,1509.0,1188.0,1096.0,1033.0,747.0,667.0,918.0,852.0,1103.0,1351.0,1197.0,1389.0,1222.0,1130.0,1026.0,1023.0,851.0,650.0,795.0,967.0,1088.0,1256.0,1367.0,1382.0,1090.0,1132.0,1092.0,1049.0,874.0,692.0,795.0,949.0,1129.0,1259.0,1406.0,1284.0,1152.0,1281.0,946.0,1120.0,751.0,697.0,769.0,848.0,997.0,1381.0,1383.0,1254.0
394425,50,"Buffalo, NY",msa,NY,670.0,736.0,874.0,921.0,1126.0,1180.0,1106.0,957.0,979.0,750.0,791.0,526.0,472.0,577.0,711.0,823.0,1084.0,1195.0,1142.0,1001.0,1077.0,1007.0,761.0,541.0,448.0,737.0,851.0,894.0,1606.0,614.0,669.0,747.0,729.0,629.0,777.0,581.0,522.0,596.0,601.0,685.0,909.0,864.0,909.0,825.0,719.0,712.0,836.0,609.0,549.0,770.0,691.0,817.0,971.0,991.0,960.0,853.0,834.0,742.0,712.0,653.0,534.0,670.0,717.0,924.0,1090.0,985.0,1182.0,1001.0,1043.0,880.0,796.0,609.0,525.0,645.0,709.0,888.0,1051.0,1146.0,1194.0,1134.0,1121.0,735.0,992.0,649.0,547.0,769.0,792.0,926.0,1255.0,1452.0,1402.0,1286.0,1349.0,1025.0,1106.0,809.0,783.0,855.0,910.0,1147.0,1271.0,1292.0,1458.0,1277.0,1328.0,1199.0,1145.0,974.0,829.0,948.0,896.0,1163.0,1305.0,1207.0,1484.0,1255.0,1431.0,1131.0,1143.0,924.0,824.0,763.0,968.0,1089.0,1237.0,1283.0,1381.0,1160.0,1321.0,1073.0,1054.0,751.0,629.0,821.0,846.0,1054.0,1032.0,1225.0,1323.0,1165.0,1158.0,1096.0,1023.0,927.0,698.0,704.0,735.0,695.0,749.0,966.0,1234.0,1338.0,1460.0,1275.0,1318.0,956.0,844.0,844.0,873.0,988.0,1199.0,1275.0,1376.0,1283.0,1381.0,1215.0,1300.0,974.0,788.0,786.0,742.0,978.0,1122.0,1201.0,1336.0,1264.0,1153.0,994.0,917.0,683.0,528.0,588.0,574.0,818.0,959.0,938.0,1109.0,1006.0,1018.0,871.0,902.0,695.0,560.0,546.0,664.0,774.0,846.0,965.0,1159.0,959.0,1055.0,875.0,952.0,795.0,549.0,638.0,635.0,751.0,849.0,1021.0,1163.0,1016.0,1131.0,890.0,973.0,745.0,570.0,568.0,562.0,743.0,947.0,1232.0,1158.0
394388,51,"Birmingham, AL",msa,AL,815.0,994.0,1012.0,1104.0,1133.0,1152.0,1068.0,1163.0,990.0,700.0,880.0,710.0,795.0,997.0,1045.0,1047.0,1184.0,1178.0,989.0,1089.0,1097.0,1055.0,986.0,774.0,793.0,1158.0,1325.0,1341.0,1317.0,979.0,958.0,917.0,742.0,829.0,919.0,756.0,835.0,1124.0,1073.0,1071.0,1340.0,1239.0,1298.0,1180.0,1191.0,1053.0,1143.0,971.0,1092.0,1369.0,1630.0,1653.0,1819.0,1731.0,1806.0,1684.0,1762.0,1608.0,1623.0,1481.0,1654.0,2123.0,2367.0,2759.0,2546.0,2695.0,2680.0,2369.0,2424.0,2024.0,2203.0,1736.0,1835.0,2371.0,2678.0,2843.0,2815.0,2883.0,2865.0,2658.0,2568.0,1894.0,2179.0,1698.0,1865.0,2432.0,2703.0,2650.0,2884.0,2576.0,1934.0,1702.0,1431.0,1212.0,1511.0,1120.0,1307.0,1771.0,1787.0,2043.0,2045.0,1808.0,1930.0,1758.0,1555.0,1446.0,1483.0,1208.0,1356.0,1902.0,1787.0,2033.0,2134.0,1796.0,2004.0,1643.0,1526.0,1495.0,1394.0,1084.0,1363.0,1791.0,1845.0,2186.0,2036.0,1933.0,2014.0,1632.0,1680.0,1520.0,1308.0,1125.0,1443.0,1746.0,1985.0,2088.0,1905.0,1879.0,1916.0,1659.0,1533.0,1384.0,1447.0,1182.0,1303.0,1493.0,1384.0,1507.0,2096.0,2227.0,2050.0,2098.0,2094.0,1812.0,1914.0,1540.0,1582.0,2245.0,2195.0,2228.0,2489.0,2186.0,2357.0,2237.0,1958.0,1927.0,1900.0,1465.0,1551.0,2111.0,2079.0,2194.0,2176.0,1805.0,1944.0,1723.0,1392.0,1209.0,1168.0,910.0,1189.0,1503.0,1304.0,1680.0,1606.0,1363.0,1438.0,1337.0,1211.0,1214.0,1196.0,1314.0,1528.0,1670.0,1485.0,1370.0,1429.0,1703.0,1696.0,1459.0,1597.0,1356.0,1511.0,1315.0,1306.0,1544.0,1565.0,1745.0,1634.0,1695.0,1553.0,1445.0,1442.0,1173.0,1335.0,1136.0,1261.0,1591.0,1814.0,1819.0,1761.0,1911.0,1609.0
395031,52,"Rochester, NY",msa,NY,738.0,806.0,1015.0,1231.0,1329.0,1439.0,1384.0,1102.0,1134.0,857.0,895.0,566.0,552.0,730.0,820.0,973.0,1259.0,1372.0,1326.0,1117.0,1218.0,1082.0,928.0,569.0,589.0,892.0,1076.0,1233.0,1947.0,773.0,867.0,844.0,816.0,744.0,768.0,566.0,547.0,674.0,778.0,905.0,1131.0,995.0,1152.0,887.0,826.0,771.0,839.0,601.0,598.0,729.0,800.0,1096.0,1237.0,1113.0,1288.0,863.0,1072.0,908.0,850.0,678.0,590.0,774.0,889.0,1150.0,1215.0,1375.0,1406.0,1074.0,1067.0,915.0,912.0,658.0,538.0,716.0,913.0,1074.0,1311.0,1446.0,1344.0,1106.0,1174.0,954.0,1010.0,687.0,622.0,797.0,854.0,1124.0,1448.0,1675.0,1440.0,1355.0,1345.0,997.0,1120.0,784.0,838.0,969.0,1049.0,1378.0,1602.0,1496.0,1600.0,1293.0,1298.0,1133.0,1187.0,912.0,755.0,983.0,1051.0,1360.0,1618.0,1436.0,1722.0,1357.0,1423.0,1179.0,1186.0,964.0,777.0,997.0,1047.0,1269.0,1616.0,1469.0,1704.0,1159.0,1337.0,1147.0,1031.0,804.0,739.0,907.0,1068.0,1255.0,1349.0,1530.0,1639.0,1306.0,1296.0,1109.0,1109.0,871.0,718.0,846.0,866.0,908.0,987.0,1316.0,1468.0,1538.0,1530.0,1302.0,1412.0,988.0,750.0,941.0,945.0,1147.0,1474.0,1486.0,1547.0,1446.0,1407.0,1261.0,1253.0,848.0,663.0,885.0,910.0,1123.0,1321.0,1284.0,1500.0,1316.0,1136.0,1003.0,961.0,612.0,501.0,707.0,646.0,890.0,1134.0,1057.0,1182.0,1102.0,988.0,921.0,838.0,653.0,544.0,692.0,719.0,875.0,931.0,1144.0,1146.0,974.0,989.0,970.0,930.0,654.0,477.0,672.0,753.0,916.0,964.0,1130.0,1125.0,1107.0,1054.0,811.0,978.0,654.0,521.0,623.0,709.0,745.0,988.0,1361.0,1108.0
394640,53,"Grand Rapids, MI",msa,MI,807.0,1036.0,1228.0,1249.0,1268.0,1274.0,1244.0,1249.0,1193.0,863.0,906.0,679.0,761.0,1006.0,1092.0,1083.0,1367.0,1405.0,1341.0,1316.0,1422.0,1207.0,1052.0,834.0,864.0,1161.0,1446.0,1389.0,1391.0,995.0,965.0,993.0,1036.0,921.0,982.0,828.0,790.0,1029.0,1203.0,1076.0,1301.0,1214.0,1312.0,1170.0,1116.0,1039.0,1141.0,934.0,997.0,1155.0,1289.0,1419.0,1479.0,1446.0,1593.0,1361.0,1535.0,1332.0,1282.0,1155.0,1095.0,1368.0,1485.0,1702.0,1780.0,1871.0,1954.0,1647.0,1685.0,1379.0,1273.0,1082.0,1041.0,1219.0,1396.0,1761.0,1888.0,2004.0,1891.0,1735.0,1816.0,1391.0,1384.0,1024.0,1069.0,1404.0,1612.0,1879.0,2253.0,2206.0,2146.0,2049.0,1974.0,1467.0,1621.0,1281.0,1226.0,1577.0,1686.0,1942.0,2282.0,2155.0,2353.0,2253.0,1929.0,1643.0,1585.0,1299.0,1106.0,1649.0,1514.0,2021.0,2353.0,1950.0,2139.0,1926.0,1924.0,1531.0,1465.0,1193.0,1019.0,1569.0,1578.0,1898.0,2108.0,2014.0,2162.0,1754.0,1820.0,1525.0,1303.0,1058.0,1033.0,1323.0,1486.0,1879.0,1936.0,2057.0,2013.0,1701.0,1715.0,1596.0,1363.0,1219.0,1119.0,1341.0,1120.0,900.0,1854.0,2232.0,1937.0,1974.0,1908.0,1706.0,1575.0,1235.0,1199.0,1432.0,1617.0,1791.0,2094.0,2008.0,2021.0,1978.0,1957.0,1736.0,1621.0,1158.0,1020.0,1335.0,1435.0,1651.0,1882.0,1839.0,1866.0,1625.0,1433.0,1255.0,1115.0,802.0,825.0,1138.0,984.0,1307.0,1611.0,1402.0,1483.0,1320.0,1206.0,1065.0,975.0,751.0,759.0,911.0,1097.0,1404.0,1306.0,1447.0,1331.0,1206.0,1290.0,1099.0,991.0,781.0,849.0,949.0,1175.0,1404.0,1441.0,1558.0,1298.0,1336.0,1399.0,1008.0,1154.0,729.0,838.0,946.0,1227.0,1387.0,1533.0,1649.0,1338.0
395167,54,"Tucson, AZ",msa,AZ,769.0,914.0,1021.0,1033.0,1040.0,926.0,904.0,921.0,853.0,647.0,780.0,594.0,747.0,948.0,941.0,1021.0,1220.0,1195.0,1001.0,978.0,1063.0,970.0,941.0,743.0,800.0,1225.0,1305.0,1252.0,1215.0,825.0,905.0,895.0,814.0,825.0,1014.0,843.0,964.0,1269.0,1236.0,1260.0,1355.0,1153.0,1139.0,1091.0,1053.0,1035.0,1080.0,998.0,1123.0,1432.0,1441.0,1401.0,1398.0,1211.0,1285.0,1036.0,1138.0,1120.0,1065.0,1056.0,1108.0,1474.0,1473.0,1611.0,1524.0,1383.0,1368.0,1160.0,1214.0,988.0,1142.0,974.0,1059.0,1267.0,1465.0,1345.0,1323.0,1291.0,1235.0,1136.0,1140.0,976.0,1130.0,889.0,1059.0,1365.0,1542.0,1497.0,1630.0,1544.0,1367.0,1324.0,1273.0,1001.0,1301.0,1064.0,1181.0,1661.0,1672.0,1671.0,1772.0,1544.0,1550.0,1495.0,1440.0,1445.0,1476.0,1258.0,1376.0,1873.0,1690.0,1843.0,1847.0,1547.0,1634.0,1487.0,1460.0,1444.0,1356.0,1189.0,1416.0,1839.0,1897.0,2005.0,1911.0,1704.0,1678.0,1425.0,1562.0,1335.0,1313.0,1144.0,1292.0,1728.0,1912.0,2104.0,1813.0,1881.0,1746.0,1564.0,1583.0,1426.0,1545.0,1381.0,1461.0,1796.0,1492.0,1501.0,1821.0,2045.0,1731.0,1880.0,1997.0,1687.0,1996.0,1530.0,1650.0,2246.0,2222.0,2121.0,2389.0,2148.0,1987.0,1921.0,1794.0,2039.0,1996.0,1623.0,1772.0,2224.0,2061.0,2160.0,1874.0,1559.0,1501.0,1335.0,1191.0,947.0,1002.0,936.0,1119.0,1455.0,1414.0,1564.0,1467.0,1187.0,1252.0,1040.0,1026.0,906.0,869.0,903.0,1082.0,1260.0,1403.0,1391.0,1185.0,1149.0,1101.0,962.0,1106.0,846.0,1036.0,926.0,1082.0,1336.0,1414.0,1347.0,1195.0,1170.0,1130.0,1052.0,1113.0,917.0,1098.0,890.0,1122.0,1405.0,1435.0,1345.0,1288.0,1211.0,1023.0
753924,55,"Urban Honolulu, HI",msa,HI,709.0,874.0,960.0,840.0,735.0,733.0,650.0,674.0,626.0,415.0,566.0,303.0,422.0,513.0,530.0,537.0,684.0,662.0,687.0,673.0,782.0,777.0,748.0,499.0,461.0,690.0,781.0,761.0,839.0,667.0,574.0,663.0,617.0,597.0,797.0,526.0,557.0,674.0,636.0,645.0,778.0,677.0,722.0,748.0,650.0,731.0,661.0,512.0,476.0,605.0,595.0,659.0,665.0,701.0,798.0,674.0,785.0,739.0,897.0,566.0,541.0,685.0,702.0,774.0,800.0,825.0,960.0,801.0,780.0,778.0,825.0,638.0,552.0,716.0,765.0,871.0,789.0,835.0,859.0,798.0,935.0,682.0,816.0,648.0,617.0,777.0,923.0,859.0,1003.0,962.0,827.0,926.0,841.0,707.0,859.0,674.0,834.0,815.0,872.0,889.0,975.0,861.0,942.0,928.0,822.0,792.0,927.0,937.0,706.0,895.0,861.0,958.0,972.0,893.0,998.0,962.0,916.0,899.0,896.0,687.0,605.0,919.0,978.0,963.0,1040.0,941.0,1064.0,944.0,870.0,834.0,836.0,667.0,618.0,813.0,839.0,893.0,865.0,977.0,985.0,975.0,921.0,848.0,895.0,724.0,628.0,779.0,637.0,553.0,676.0,883.0,883.0,952.0,919.0,837.0,1036.0,803.0,817.0,1117.0,1193.0,1131.0,1393.0,1250.0,1276.0,1218.0,1379.0,1236.0,1196.0,1004.0,855.0,1156.0,1178.0,1212.0,1141.0,946.0,940.0,910.0,736.0,618.0,628.0,492.0,571.0,795.0,715.0,807.0,837.0,750.0,777.0,695.0,731.0,577.0,502.0,538.0,547.0,621.0,788.0,871.0,694.0,733.0,737.0,657.0,743.0,625.0,597.0,552.0,479.0,621.0,678.0,667.0,707.0,682.0,696.0,751.0,760.0,634.0,751.0,516.0,508.0,678.0,690.0,665.0,889.0,789.0,747.0
395169,56,"Tulsa, OK",msa,OK,903.0,973.0,1055.0,1157.0,1187.0,1259.0,1159.0,1196.0,1107.0,776.0,830.0,589.0,714.0,946.0,1017.0,1095.0,1235.0,1273.0,1025.0,1147.0,1088.0,1073.0,857.0,552.0,646.0,919.0,1179.0,1197.0,1123.0,820.0,768.0,804.0,693.0,669.0,725.0,570.0,620.0,808.0,773.0,745.0,988.0,979.0,1000.0,954.0,850.0,800.0,861.0,728.0,805.0,1019.0,1054.0,1181.0,1190.0,1187.0,1223.0,1006.0,1072.0,955.0,1030.0,864.0,876.0,1174.0,1339.0,1375.0,1420.0,1368.0,1372.0,1230.0,1118.0,1033.0,1058.0,865.0,859.0,1097.0,1225.0,1350.0,1547.0,1398.0,1369.0,1258.0,1218.0,1010.0,1164.0,792.0,904.0,1247.0,1294.0,1477.0,1514.0,1622.0,1438.0,1197.0,1102.0,856.0,1037.0,858.0,1024.0,1331.0,1548.0,1572.0,1696.0,1432.0,1554.0,1312.0,1201.0,1105.0,1107.0,833.0,962.0,1360.0,1388.0,1668.0,1581.0,1301.0,1364.0,1344.0,1334.0,1198.0,1162.0,925.0,994.0,1344.0,1413.0,1585.0,1602.0,1512.0,1621.0,1294.0,1335.0,1193.0,1100.0,940.0,1071.0,1408.0,1546.0,1729.0,1570.0,1611.0,1628.0,1464.0,1458.0,1185.0,1190.0,1015.0,1017.0,1258.0,1246.0,1307.0,1702.0,1889.0,1716.0,1776.0,1851.0,1484.0,1686.0,1265.0,1234.0,1688.0,1763.0,1910.0,2185.0,2006.0,2038.0,2007.0,1799.0,1749.0,1856.0,1470.0,1278.0,1747.0,1679.0,1911.0,1822.0,1659.0,1789.0,1601.0,1265.0,1119.0,1120.0,840.0,1015.0,1254.0,1189.0,1540.0,1391.0,1401.0,1407.0,1230.0,1259.0,977.0,1006.0,849.0,896.0,1267.0,1343.0,1411.0,1253.0,1256.0,1304.0,1077.0,1203.0,1056.0,967.0,903.0,901.0,1160.0,1322.0,1435.0,1278.0,1331.0,1361.0,1304.0,1214.0,1013.0,1159.0,838.0,1011.0,1303.0,1373.0,1542.0,1505.0,1475.0,1299.0
394619,57,"Fresno, CA",msa,CA,323.0,402.0,507.0,557.0,603.0,662.0,648.0,667.0,783.0,577.0,770.0,682.0,677.0,839.0,894.0,834.0,903.0,875.0,796.0,779.0,823.0,716.0,772.0,575.0,575.0,763.0,845.0,802.0,912.0,740.0,734.0,726.0,655.0,674.0,777.0,664.0,608.0,814.0,888.0,773.0,926.0,815.0,886.0,835.0,776.0,762.0,862.0,684.0,712.0,848.0,833.0,919.0,912.0,818.0,888.0,740.0,888.0,769.0,793.0,655.0,715.0,754.0,797.0,862.0,844.0,894.0,867.0,749.0,762.0,631.0,751.0,562.0,602.0,635.0,824.0,850.0,816.0,812.0,789.0,745.0,784.0,580.0,792.0,559.0,615.0,808.0,847.0,865.0,1022.0,933.0,853.0,877.0,843.0,667.0,837.0,645.0,690.0,858.0,920.0,953.0,1071.0,928.0,999.0,912.0,862.0,779.0,888.0,656.0,660.0,875.0,932.0,987.0,1124.0,968.0,1103.0,936.0,939.0,840.0,813.0,681.0,698.0,907.0,928.0,1066.0,1094.0,952.0,1036.0,801.0,867.0,754.0,759.0,615.0,572.0,803.0,863.0,991.0,893.0,991.0,968.0,835.0,925.0,785.0,863.0,663.0,665.0,747.0,687.0,668.0,896.0,984.0,985.0,947.0,1011.0,936.0,975.0,763.0,708.0,891.0,1026.0,991.0,1180.0,1034.0,1080.0,1041.0,1038.0,956.0,989.0,689.0,699.0,976.0,973.0,949.0,950.0,752.0,840.0,790.0,644.0,601.0,537.0,425.0,507.0,610.0,588.0,695.0,719.0,637.0,661.0,570.0,592.0,511.0,516.0,459.0,504.0,607.0,611.0,666.0,645.0,693.0,636.0,606.0,593.0,559.0,545.0,484.0,480.0,559.0,698.0,667.0,659.0,706.0,689.0,651.0,678.0,522.0,620.0,425.0,546.0,642.0,707.0,685.0,730.0,710.0,652.0
395238,58,"Worcester, MA",msa,MA,406.0,568.0,590.0,769.0,837.0,758.0,824.0,599.0,700.0,532.0,557.0,413.0,418.0,543.0,533.0,663.0,698.0,956.0,786.0,779.0,888.0,839.0,684.0,393.0,455.0,683.0,776.0,833.0,1000.0,607.0,654.0,640.0,615.0,553.0,714.0,463.0,393.0,591.0,593.0,626.0,825.0,700.0,796.0,676.0,640.0,641.0,670.0,482.0,491.0,619.0,678.0,795.0,978.0,902.0,969.0,713.0,819.0,848.0,793.0,584.0,516.0,696.0,741.0,982.0,1041.0,1134.0,1107.0,927.0,928.0,810.0,818.0,611.0,518.0,641.0,736.0,912.0,1064.0,1078.0,1081.0,918.0,966.0,763.0,885.0,557.0,493.0,668.0,737.0,945.0,1321.0,1412.0,1269.0,1128.0,1117.0,827.0,1040.0,724.0,701.0,826.0,918.0,1040.0,1589.0,1293.0,1503.0,1265.0,1129.0,1080.0,1098.0,851.0,699.0,880.0,918.0,1258.0,1591.0,1368.0,1455.0,1213.0,1206.0,1157.0,1043.0,816.0,593.0,797.0,956.0,1140.0,1482.0,1361.0,1458.0,1133.0,1160.0,1093.0,1003.0,748.0,656.0,781.0,939.0,1129.0,1326.0,1305.0,1400.0,1145.0,1232.0,1026.0,1014.0,788.0,680.0,849.0,859.0,898.0,1098.0,1334.0,1390.0,1295.0,1430.0,1204.0,1290.0,845.0,715.0,920.0,960.0,1134.0,1512.0,1431.0,1395.0,1312.0,1172.0,1251.0,1313.0,808.0,694.0,857.0,911.0,1045.0,1461.0,1252.0,1403.0,1132.0,1021.0,820.0,870.0,592.0,492.0,649.0,605.0,818.0,1087.0,933.0,965.0,848.0,838.0,788.0,757.0,551.0,488.0,592.0,671.0,901.0,990.0,961.0,976.0,793.0,907.0,818.0,845.0,633.0,532.0,603.0,742.0,903.0,1091.0,1038.0,1035.0,951.0,956.0,707.0,870.0,551.0,492.0,596.0,610.0,842.0,1094.0,1171.0,1011.0
394938,59,"Omaha, NE",msa,NE,602.0,718.0,785.0,948.0,935.0,862.0,853.0,789.0,786.0,483.0,599.0,394.0,486.0,653.0,865.0,997.0,1128.0,1161.0,1059.0,1083.0,1172.0,978.0,603.0,360.0,518.0,804.0,1073.0,1022.0,911.0,559.0,634.0,683.0,646.0,518.0,548.0,440.0,453.0,623.0,747.0,802.0,903.0,832.0,860.0,807.0,715.0,709.0,754.0,558.0,586.0,803.0,865.0,1199.0,1226.0,1154.0,1226.0,995.0,1087.0,971.0,962.0,675.0,662.0,1004.0,1056.0,1398.0,1407.0,1477.0,1554.0,1220.0,1306.0,1032.0,1070.0,804.0,769.0,1037.0,1139.0,1459.0,1559.0,1486.0,1440.0,1337.0,1199.0,957.0,1122.0,769.0,760.0,1153.0,1312.0,1619.0,1752.0,1705.0,1490.0,1381.0,1402.0,1051.0,1319.0,852.0,865.0,1205.0,1421.0,1586.0,1740.0,1472.0,1449.0,1428.0,1267.0,1214.0,1090.0,831.0,722.0,1203.0,1196.0,1538.0,1669.0,1493.0,1562.0,1264.0,1217.0,1155.0,1160.0,832.0,787.0,992.0,1131.0,1444.0,1657.0,1525.0,1685.0,1370.0,1438.0,1210.0,1066.0,817.0,854.0,898.0,1018.0,1384.0,1329.0,1378.0,1507.0,1185.0,1190.0,1131.0,975.0,736.0,788.0,975.0,1040.0,1228.0,1519.0,1626.0,1423.0,1389.0,1435.0,1260.0,1244.0,860.0,802.0,990.0,1219.0,1508.0,1743.0,1769.0,1524.0,1501.0,1346.0,1434.0,1282.0,816.0,840.0,1010.0,1234.0,1235.0,1553.0,1287.0,1295.0,1170.0,982.0,838.0,819.0,568.0,645.0,823.0,784.0,1072.0,1231.0,1002.0,1093.0,1009.0,886.0,856.0,801.0,581.0,623.0,785.0,926.0,1179.0,1103.0,1106.0,1166.0,888.0,908.0,839.0,823.0,616.0,692.0,765.0,917.0,1170.0,1174.0,1145.0,1078.0,1080.0,1162.0,829.0,933.0,657.0,700.0,949.0,989.0,1247.0,1317.0,1159.0,1048.0
394415,60,"Bridgeport, CT",msa,CT,504.0,635.0,685.0,780.0,984.0,992.0,857.0,721.0,623.0,421.0,491.0,325.0,345.0,444.0,459.0,574.0,772.0,906.0,825.0,730.0,763.0,785.0,738.0,523.0,453.0,696.0,722.0,794.0,1282.0,860.0,877.0,678.0,684.0,608.0,752.0,530.0,439.0,585.0,705.0,797.0,1148.0,762.0,890.0,724.0,590.0,595.0,662.0,489.0,473.0,647.0,670.0,895.0,1134.0,1023.0,1036.0,734.0,718.0,806.0,864.0,630.0,512.0,766.0,935.0,1181.0,1289.0,1426.0,1302.0,934.0,961.0,869.0,989.0,674.0,556.0,708.0,854.0,1047.0,1367.0,1282.0,1162.0,915.0,1028.0,782.0,925.0,682.0,655.0,733.0,876.0,1125.0,1429.0,1511.0,1196.0,1116.0,1007.0,803.0,970.0,699.0,700.0,833.0,1038.0,1101.0,1529.0,1246.0,1397.0,1133.0,979.0,922.0,1039.0,827.0,713.0,970.0,947.0,1240.0,1599.0,1335.0,1412.0,1041.0,1049.0,949.0,961.0,789.0,637.0,830.0,969.0,1105.0,1473.0,1324.0,1365.0,983.0,973.0,938.0,927.0,693.0,606.0,760.0,882.0,1195.0,1265.0,1352.0,1291.0,983.0,1030.0,834.0,990.0,821.0,643.0,831.0,860.0,990.0,1169.0,1832.0,1989.0,1876.0,1841.0,1581.0,1603.0,1247.0,979.0,1353.0,1464.0,1410.0,2086.0,1894.0,1759.0,1470.0,1333.0,1285.0,1356.0,965.0,792.0,1084.0,1084.0,1125.0,1431.0,1375.0,1415.0,1119.0,941.0,842.0,812.0,591.0,463.0,754.0,754.0,834.0,1169.0,976.0,1044.0,858.0,814.0,753.0,720.0,564.0,490.0,624.0,721.0,852.0,930.0,1085.0,1047.0,766.0,829.0,762.0,834.0,595.0,495.0,585.0,730.0,830.0,1047.0,1069.0,975.0,859.0,885.0,718.0,811.0,531.0,427.0,579.0,684.0,776.0,1074.0,1071.0,921.0
394653,61,"Greenville, SC",msa,SC,835.0,1038.0,1047.0,1109.0,1058.0,1058.0,1024.0,865.0,798.0,559.0,740.0,491.0,584.0,680.0,676.0,768.0,870.0,862.0,821.0,839.0,792.0,801.0,732.0,527.0,539.0,801.0,913.0,889.0,974.0,725.0,684.0,634.0,663.0,570.0,670.0,479.0,512.0,753.0,737.0,789.0,855.0,733.0,874.0,735.0,663.0,656.0,693.0,549.0,627.0,828.0,824.0,909.0,1025.0,960.0,1035.0,800.0,902.0,831.0,943.0,623.0,648.0,954.0,1090.0,1207.0,1163.0,1238.0,1224.0,1071.0,998.0,911.0,877.0,718.0,728.0,952.0,1045.0,1211.0,1272.0,1222.0,1153.0,1234.0,1183.0,862.0,1060.0,764.0,841.0,1185.0,1172.0,1327.0,1505.0,1412.0,1309.0,1325.0,1246.0,989.0,1199.0,783.0,892.0,1196.0,1270.0,1396.0,1547.0,1275.0,1313.0,1340.0,1288.0,1123.0,1173.0,888.0,994.0,1363.0,1253.0,1467.0,1621.0,1450.0,1581.0,1338.0,1237.0,1171.0,1186.0,922.0,984.0,1287.0,1332.0,1554.0,1489.0,1442.0,1485.0,1240.0,1224.0,1155.0,1030.0,791.0,1041.0,1253.0,1337.0,1571.0,1428.0,1391.0,1566.0,1314.0,1333.0,1121.0,1364.0,970.0,1029.0,1403.0,1104.0,1207.0,1657.0,1640.0,1560.0,1616.0,1605.0,1358.0,1426.0,1152.0,1053.0,1588.0,1601.0,1624.0,1911.0,1766.0,1703.0,1673.0,1497.0,1456.0,1608.0,1188.0,1228.0,1592.0,1550.0,1611.0,1746.0,1476.0,1552.0,1357.0,1142.0,1059.0,1009.0,765.0,917.0,1157.0,1061.0,1331.0,1357.0,1174.0,1267.0,1074.0,1121.0,933.0,999.0,775.0,885.0,1137.0,1185.0,1300.0,1238.0,1277.0,1197.0,947.0,1051.0,941.0,1072.0,851.0,907.0,1116.0,1214.0,1266.0,1278.0,1245.0,1159.0,1170.0,1181.0,911.0,1107.0,745.0,893.0,1129.0,1244.0,1343.0,1470.0,1268.0,1216.0
394312,62,"Albuquerque, NM",msa,NM,674.0,790.0,821.0,851.0,896.0,857.0,733.0,704.0,627.0,487.0,511.0,402.0,410.0,586.0,623.0,672.0,810.0,891.0,769.0,800.0,867.0,762.0,615.0,415.0,444.0,748.0,805.0,868.0,854.0,658.0,599.0,550.0,536.0,544.0,596.0,422.0,467.0,655.0,600.0,707.0,739.0,681.0,732.0,546.0,614.0,537.0,586.0,442.0,565.0,651.0,665.0,848.0,729.0,770.0,844.0,709.0,767.0,660.0,708.0,562.0,644.0,776.0,849.0,1011.0,991.0,1077.0,983.0,837.0,826.0,638.0,726.0,659.0,643.0,794.0,815.0,934.0,958.0,940.0,928.0,830.0,882.0,717.0,788.0,626.0,638.0,943.0,966.0,1009.0,1132.0,1193.0,1071.0,1022.0,950.0,734.0,922.0,655.0,760.0,1052.0,1122.0,1136.0,1236.0,1175.0,1165.0,1102.0,941.0,902.0,986.0,765.0,760.0,1145.0,1144.0,1387.0,1391.0,1197.0,1251.0,1116.0,1054.0,878.0,921.0,803.0,759.0,1139.0,1214.0,1301.0,1275.0,1264.0,1250.0,1045.0,1084.0,964.0,899.0,756.0,771.0,1021.0,1202.0,1370.0,1231.0,1316.0,1327.0,1140.0,1090.0,961.0,1036.0,894.0,884.0,1074.0,1026.0,1017.0,1251.0,1544.0,1354.0,1367.0,1385.0,1186.0,1201.0,961.0,953.0,1206.0,1167.0,1241.0,1391.0,1409.0,1361.0,1310.0,1229.0,1204.0,1114.0,867.0,758.0,1082.0,1024.0,1101.0,1164.0,1009.0,1067.0,957.0,817.0,713.0,689.0,542.0,615.0,772.0,678.0,817.0,885.0,807.0,848.0,730.0,706.0,628.0,618.0,503.0,625.0,695.0,781.0,903.0,750.0,857.0,817.0,697.0,765.0,647.0,698.0,613.0,649.0,768.0,793.0,808.0,854.0,832.0,818.0,755.0,766.0,582.0,744.0,540.0,633.0,804.0,803.0,870.0,892.0,898.0,747.0
394357,63,"Bakersfield, CA",msa,CA,439.0,513.0,621.0,723.0,772.0,782.0,856.0,897.0,900.0,665.0,951.0,793.0,884.0,1057.0,1064.0,1032.0,1026.0,1032.0,926.0,967.0,981.0,872.0,948.0,729.0,682.0,945.0,950.0,933.0,1072.0,857.0,864.0,871.0,864.0,826.0,967.0,791.0,677.0,1024.0,975.0,947.0,977.0,869.0,1046.0,944.0,891.0,938.0,940.0,743.0,775.0,941.0,890.0,968.0,1041.0,888.0,957.0,750.0,952.0,841.0,806.0,727.0,675.0,868.0,840.0,951.0,912.0,958.0,903.0,811.0,867.0,760.0,715.0,654.0,637.0,761.0,805.0,950.0,870.0,941.0,929.0,779.0,909.0,736.0,751.0,619.0,583.0,826.0,897.0,950.0,1011.0,1044.0,943.0,923.0,897.0,677.0,818.0,686.0,665.0,909.0,909.0,961.0,1052.0,901.0,987.0,970.0,858.0,827.0,840.0,738.0,703.0,993.0,861.0,1022.0,1092.0,963.0,1035.0,912.0,943.0,795.0,859.0,748.0,683.0,961.0,942.0,1131.0,1111.0,1037.0,1047.0,843.0,1007.0,835.0,793.0,705.0,624.0,854.0,968.0,951.0,905.0,1060.0,1133.0,994.0,946.0,772.0,766.0,719.0,691.0,803.0,735.0,671.0,974.0,1195.0,1025.0,1184.0,1155.0,1036.0,1212.0,965.0,908.0,1186.0,1177.0,1151.0,1270.0,1173.0,1187.0,1118.0,1111.0,1090.0,1054.0,902.0,880.0,1179.0,1153.0,1070.0,1097.0,914.0,1022.0,836.0,765.0,639.0,658.0,528.0,565.0,778.0,665.0,758.0,766.0,710.0,790.0,642.0,664.0,602.0,521.0,526.0,573.0,655.0,717.0,739.0,754.0,756.0,773.0,619.0,664.0,597.0,549.0,522.0,574.0,669.0,690.0,777.0,710.0,753.0,701.0,608.0,733.0,531.0,626.0,495.0,563.0,671.0,716.0,671.0,754.0,755.0,626.0
394308,64,"Albany, NY",msa,NY,360.0,391.0,434.0,513.0,610.0,588.0,656.0,534.0,542.0,451.0,410.0,280.0,244.0,321.0,343.0,396.0,547.0,627.0,595.0,537.0,596.0,587.0,461.0,304.0,265.0,391.0,450.0,472.0,738.0,409.0,402.0,353.0,372.0,365.0,369.0,290.0,255.0,358.0,317.0,402.0,460.0,430.0,512.0,430.0,366.0,392.0,389.0,313.0,283.0,337.0,383.0,488.0,495.0,506.0,581.0,437.0,488.0,456.0,383.0,380.0,305.0,389.0,422.0,513.0,557.0,626.0,624.0,514.0,582.0,445.0,521.0,365.0,270.0,350.0,417.0,462.0,570.0,570.0,639.0,559.0,580.0,444.0,558.0,357.0,344.0,436.0,474.0,544.0,701.0,752.0,772.0,699.0,652.0,555.0,637.0,498.0,412.0,545.0,601.0,638.0,869.0,785.0,801.0,745.0,694.0,674.0,634.0,530.0,408.0,545.0,539.0,720.0,886.0,711.0,847.0,715.0,681.0,645.0,699.0,485.0,397.0,595.0,604.0,677.0,802.0,760.0,860.0,678.0,692.0,634.0,567.0,457.0,394.0,458.0,532.0,624.0,631.0,739.0,771.0,620.0,649.0,578.0,582.0,477.0,394.0,448.0,438.0,446.0,456.0,700.0,720.0,761.0,791.0,760.0,792.0,575.0,529.0,681.0,678.0,752.0,1039.0,1139.0,1173.0,1119.0,1076.0,1062.0,983.0,770.0,558.0,727.0,728.0,748.0,889.0,933.0,1026.0,960.0,851.0,782.0,721.0,599.0,465.0,654.0,595.0,668.0,819.0,726.0,934.0,770.0,734.0,694.0,642.0,531.0,438.0,557.0,546.0,658.0,622.0,765.0,837.0,711.0,710.0,703.0,662.0,586.0,469.0,534.0,521.0,617.0,672.0,817.0,860.0,792.0,852.0,707.0,816.0,546.0,448.0,518.0,545.0,601.0,754.0,909.0,815.0
394753,65,"Knoxville, TN",msa,TN,929.0,1041.0,1131.0,1226.0,1160.0,1119.0,1143.0,975.0,927.0,640.0,695.0,537.0,601.0,677.0,749.0,860.0,1041.0,1094.0,968.0,1000.0,1040.0,958.0,844.0,633.0,664.0,996.0,1074.0,1110.0,1087.0,847.0,874.0,783.0,754.0,762.0,710.0,546.0,623.0,757.0,836.0,918.0,963.0,891.0,962.0,951.0,852.0,773.0,830.0,651.0,745.0,939.0,1033.0,1085.0,1091.0,942.0,1047.0,882.0,929.0,1010.0,940.0,821.0,835.0,978.0,1128.0,1313.0,1331.0,1315.0,1367.0,1213.0,1157.0,1032.0,974.0,772.0,802.0,1112.0,1167.0,1332.0,1347.0,1423.0,1348.0,1120.0,1225.0,994.0,1146.0,827.0,881.0,1268.0,1308.0,1471.0,1569.0,1665.0,1468.0,1425.0,1315.0,1051.0,1298.0,929.0,1103.0,1319.0,1525.0,1654.0,1801.0,1586.0,1560.0,1501.0,1322.0,1230.0,1256.0,977.0,1082.0,1444.0,1435.0,1733.0,1715.0,1590.0,1614.0,1440.0,1430.0,1145.0,1209.0,1024.0,1106.0,1379.0,1467.0,1738.0,1783.0,1639.0,1726.0,1440.0,1450.0,1304.0,1128.0,984.0,1036.0,1347.0,1480.0,1760.0,1577.0,1694.0,1648.0,1462.0,1464.0,1259.0,1323.0,1047.0,1067.0,1350.0,1295.0,1323.0,1733.0,1924.0,1636.0,1706.0,1637.0,1449.0,1627.0,1179.0,1243.0,1623.0,1703.0,1705.0,1958.0,1857.0,1921.0,1791.0,1731.0,1696.0,1739.0,1279.0,1267.0,1664.0,1585.0,1707.0,1704.0,1720.0,1676.0,1501.0,1314.0,1077.0,1144.0,885.0,903.0,1212.0,1139.0,1431.0,1441.0,1256.0,1310.0,1153.0,1175.0,1014.0,925.0,835.0,873.0,1149.0,1261.0,1405.0,1302.0,1354.0,1373.0,1154.0,1200.0,1046.0,1036.0,896.0,884.0,1184.0,1231.0,1450.0,1486.0,1500.0,1567.0,1323.0,1335.0,1176.0,1332.0,1040.0,1035.0,,,1605.0,1572.0,1452.0,1315.0
394367,66,"Baton Rouge, LA",msa,LA,615.0,770.0,764.0,842.0,896.0,851.0,762.0,416.0,582.0,446.0,524.0,422.0,458.0,631.0,631.0,752.0,745.0,767.0,657.0,691.0,604.0,610.0,549.0,406.0,429.0,647.0,731.0,792.0,732.0,595.0,518.0,507.0,495.0,403.0,490.0,422.0,429.0,589.0,535.0,614.0,705.0,631.0,722.0,632.0,563.0,486.0,522.0,436.0,514.0,669.0,664.0,807.0,812.0,743.0,643.0,745.0,691.0,622.0,638.0,511.0,590.0,767.0,834.0,906.0,921.0,950.0,986.0,808.0,740.0,607.0,665.0,559.0,629.0,725.0,852.0,965.0,963.0,958.0,865.0,844.0,756.0,648.0,702.0,587.0,652.0,829.0,849.0,941.0,961.0,1032.0,997.0,966.0,822.0,669.0,793.0,615.0,709.0,969.0,920.0,1116.0,1104.0,1034.0,863.0,1030.0,1153.0,1044.0,1044.0,934.0,902.0,1147.0,1092.0,1211.0,1314.0,1166.0,1143.0,998.0,953.0,884.0,844.0,659.0,729.0,1048.0,1014.0,1090.0,1119.0,1160.0,1069.0,895.0,843.0,761.0,698.0,648.0,760.0,889.0,1029.0,1127.0,971.0,1101.0,1026.0,875.0,945.0,747.0,749.0,681.0,694.0,884.0,815.0,788.0,1174.0,1349.0,1116.0,1198.0,1166.0,1039.0,1062.0,819.0,943.0,1319.0,1269.0,1365.0,1437.0,1458.0,1156.0,1146.0,1122.0,1116.0,1180.0,833.0,966.0,1201.0,1237.0,1309.0,1169.0,1059.0,1002.0,878.0,758.0,666.0,629.0,512.0,590.0,809.0,779.0,935.0,924.0,901.0,862.0,697.0,640.0,586.0,548.0,478.0,606.0,749.0,817.0,905.0,792.0,841.0,807.0,642.0,619.0,650.0,644.0,551.0,619.0,729.0,783.0,914.0,906.0,879.0,861.0,751.0,733.0,610.0,694.0,568.0,665.0,858.0,862.0,902.0,955.0,877.0,803.0
394843,67,"McAllen, TX",msa,TX,67.0,51.0,46.0,52.0,73.0,56.0,56.0,51.0,66.0,34.0,42.0,45.0,26.0,47.0,63.0,56.0,62.0,56.0,46.0,46.0,44.0,47.0,55.0,36.0,65.0,245.0,243.0,,,159.0,187.0,162.0,151.0,155.0,177.0,171.0,150.0,197.0,152.0,169.0,185.0,167.0,196.0,186.0,158.0,165.0,142.0,118.0,157.0,171.0,170.0,186.0,213.0,207.0,218.0,175.0,232.0,169.0,190.0,168.0,192.0,167.0,238.0,245.0,241.0,223.0,226.0,219.0,239.0,196.0,211.0,175.0,171.0,240.0,241.0,251.0,249.0,275.0,246.0,237.0,208.0,214.0,243.0,226.0,201.0,270.0,262.0,303.0,298.0,317.0,218.0,261.0,266.0,198.0,289.0,192.0,214.0,263.0,283.0,248.0,312.0,270.0,297.0,285.0,232.0,266.0,237.0,209.0,243.0,303.0,267.0,397.0,373.0,277.0,304.0,260.0,239.0,232.0,257.0,221.0,232.0,320.0,303.0,318.0,323.0,281.0,333.0,274.0,267.0,255.0,232.0,258.0,263.0,300.0,334.0,328.0,311.0,300.0,289.0,281.0,299.0,275.0,253.0,264.0,237.0,275.0,233.0,214.0,315.0,351.0,358.0,343.0,346.0,312.0,323.0,308.0,242.0,344.0,344.0,382.0,413.0,364.0,407.0,354.0,323.0,312.0,371.0,348.0,341.0,396.0,344.0,396.0,372.0,344.0,357.0,319.0,319.0,239.0,281.0,202.0,246.0,323.0,306.0,327.0,296.0,257.0,315.0,263.0,287.0,213.0,247.0,229.0,252.0,285.0,291.0,294.0,300.0,284.0,264.0,248.0,268.0,248.0,221.0,191.0,225.0,255.0,275.0,285.0,274.0,293.0,267.0,259.0,278.0,236.0,265.0,238.0,239.0,342.0,324.0,257.0,303.0,327.0,270.0
394908,68,"New Haven, CT",msa,CT,526.0,647.0,723.0,858.0,944.0,841.0,870.0,713.0,751.0,582.0,580.0,438.0,389.0,544.0,602.0,646.0,897.0,1019.0,892.0,818.0,888.0,876.0,711.0,533.0,484.0,716.0,752.0,827.0,1174.0,662.0,688.0,684.0,585.0,606.0,650.0,475.0,460.0,609.0,645.0,712.0,875.0,742.0,763.0,718.0,602.0,609.0,667.0,516.0,510.0,679.0,670.0,850.0,957.0,905.0,990.0,793.0,734.0,792.0,798.0,627.0,538.0,681.0,816.0,935.0,1070.0,1131.0,1115.0,881.0,913.0,842.0,796.0,635.0,558.0,732.0,759.0,943.0,1083.0,1122.0,1053.0,950.0,993.0,799.0,871.0,633.0,627.0,774.0,901.0,971.0,1347.0,1304.0,1244.0,1138.0,1083.0,831.0,975.0,754.0,746.0,944.0,918.0,1060.0,1373.0,1215.0,1376.0,1158.0,1091.0,1008.0,1033.0,841.0,730.0,989.0,960.0,1261.0,1508.0,1217.0,1200.0,911.0,920.0,831.0,777.0,649.0,579.0,722.0,841.0,974.0,1318.0,1133.0,1100.0,799.0,965.0,807.0,715.0,591.0,531.0,649.0,825.0,1057.0,1116.0,1156.0,1118.0,868.0,852.0,787.0,815.0,665.0,589.0,733.0,678.0,774.0,956.0,1266.0,1283.0,1293.0,1412.0,1189.0,1217.0,951.0,797.0,995.0,1063.0,1093.0,1440.0,1349.0,1324.0,1222.0,1093.0,1040.0,1054.0,815.0,662.0,869.0,883.0,998.0,1189.0,1075.0,1144.0,969.0,795.0,768.0,755.0,546.0,475.0,686.0,594.0,764.0,918.0,760.0,929.0,729.0,738.0,678.0,658.0,491.0,462.0,575.0,602.0,750.0,754.0,859.0,835.0,684.0,742.0,711.0,713.0,542.0,527.0,582.0,616.0,721.0,855.0,882.0,803.0,743.0,715.0,621.0,720.0,549.0,435.0,580.0,609.0,732.0,887.0,890.0,795.0
394561,69,"El Paso, TX",msa,TX,304.0,339.0,378.0,354.0,404.0,380.0,323.0,351.0,297.0,267.0,285.0,251.0,266.0,361.0,332.0,342.0,398.0,412.0,391.0,394.0,425.0,420.0,384.0,237.0,295.0,420.0,419.0,450.0,529.0,329.0,342.0,345.0,295.0,289.0,326.0,225.0,234.0,298.0,319.0,334.0,350.0,311.0,342.0,316.0,297.0,256.0,314.0,252.0,286.0,306.0,352.0,361.0,396.0,340.0,308.0,323.0,340.0,296.0,337.0,251.0,245.0,328.0,406.0,387.0,401.0,468.0,412.0,388.0,375.0,288.0,348.0,307.0,286.0,407.0,427.0,435.0,509.0,462.0,455.0,416.0,421.0,324.0,415.0,334.0,322.0,489.0,506.0,491.0,598.0,543.0,478.0,454.0,455.0,368.0,423.0,333.0,411.0,533.0,515.0,547.0,599.0,520.0,553.0,507.0,506.0,416.0,461.0,412.0,417.0,571.0,514.0,630.0,637.0,549.0,603.0,529.0,599.0,477.0,456.0,416.0,468.0,570.0,628.0,695.0,655.0,672.0,675.0,542.0,573.0,530.0,515.0,440.0,466.0,622.0,689.0,791.0,641.0,660.0,709.0,536.0,636.0,453.0,527.0,504.0,488.0,587.0,534.0,561.0,727.0,773.0,748.0,761.0,769.0,641.0,674.0,605.0,554.0,714.0,743.0,699.0,834.0,820.0,833.0,797.0,763.0,720.0,716.0,606.0,612.0,762.0,714.0,717.0,805.0,682.0,786.0,637.0,555.0,504.0,518.0,431.0,443.0,559.0,511.0,614.0,613.0,591.0,583.0,525.0,495.0,425.0,445.0,398.0,447.0,481.0,516.0,571.0,573.0,584.0,556.0,463.0,525.0,448.0,441.0,372.0,462.0,509.0,511.0,586.0,573.0,589.0,533.0,563.0,538.0,434.0,500.0,463.0,442.0,623.0,576.0,591.0,625.0,614.0,601.0
394318,70,"Allentown, PA",msa,PA,630.0,757.0,808.0,886.0,918.0,894.0,910.0,795.0,767.0,586.0,662.0,452.0,427.0,602.0,637.0,712.0,902.0,970.0,908.0,873.0,858.0,922.0,671.0,463.0,455.0,738.0,827.0,890.0,1089.0,706.0,745.0,688.0,678.0,686.0,693.0,527.0,473.0,650.0,634.0,717.0,884.0,770.0,823.0,788.0,782.0,745.0,713.0,565.0,579.0,744.0,768.0,841.0,944.0,939.0,1056.0,786.0,796.0,868.0,744.0,684.0,651.0,837.0,834.0,1065.0,1100.0,1232.0,1159.0,1040.0,1024.0,928.0,943.0,662.0,626.0,820.0,834.0,995.0,1166.0,1183.0,1164.0,1046.0,1137.0,902.0,1074.0,729.0,685.0,962.0,927.0,1059.0,1387.0,1374.0,1389.0,1171.0,1228.0,994.0,1075.0,851.0,808.0,989.0,1140.0,1252.0,1476.0,1313.0,1401.0,1249.0,1282.0,1143.0,1145.0,887.0,870.0,1195.0,1097.0,1379.0,1647.0,1383.0,1589.0,1296.0,1310.0,1196.0,1148.0,866.0,802.0,1107.0,1164.0,1376.0,1550.0,1450.0,1612.0,1173.0,1289.0,1205.0,995.0,888.0,835.0,1044.0,1191.0,1469.0,1462.0,1416.0,1558.0,1239.0,1274.0,1245.0,1239.0,904.0,851.0,1084.0,815.0,678.0,925.0,1571.0,1584.0,1618.0,1691.0,1511.0,1474.0,1137.0,887.0,1215.0,1182.0,1256.0,1612.0,1661.0,1597.0,1472.0,1467.0,1368.0,1383.0,1065.0,853.0,1119.0,1179.0,1244.0,1400.0,1331.0,1386.0,1334.0,1097.0,952.0,958.0,746.0,719.0,934.0,866.0,1034.0,1168.0,1027.0,1154.0,1010.0,1063.0,924.0,901.0,706.0,683.0,814.0,933.0,1147.0,1084.0,1148.0,1166.0,1050.0,1194.0,999.0,979.0,768.0,757.0,866.0,965.0,982.0,1124.0,1091.0,999.0,1014.0,1047.0,867.0,951.0,676.0,600.0,767.0,796.0,982.0,1162.0,1124.0,1029.0
394952,71,"Oxnard, CA",msa,CA,393.0,430.0,625.0,598.0,658.0,738.0,766.0,699.0,767.0,633.0,746.0,536.0,510.0,704.0,667.0,740.0,763.0,771.0,719.0,755.0,775.0,669.0,813.0,502.0,575.0,715.0,766.0,773.0,836.0,697.0,683.0,658.0,594.0,571.0,699.0,528.0,543.0,692.0,658.0,660.0,750.0,724.0,729.0,738.0,664.0,604.0,734.0,532.0,569.0,792.0,787.0,966.0,901.0,813.0,954.0,780.0,848.0,803.0,863.0,550.0,594.0,811.0,829.0,890.0,853.0,908.0,902.0,782.0,791.0,659.0,740.0,528.0,491.0,655.0,786.0,815.0,848.0,852.0,859.0,709.0,758.0,631.0,721.0,535.0,532.0,811.0,951.0,919.0,991.0,1013.0,943.0,903.0,839.0,591.0,799.0,547.0,534.0,837.0,790.0,913.0,1053.0,943.0,935.0,817.0,803.0,727.0,779.0,622.0,538.0,873.0,818.0,913.0,1092.0,881.0,945.0,840.0,807.0,715.0,687.0,586.0,547.0,800.0,768.0,926.0,865.0,868.0,912.0,682.0,802.0,606.0,588.0,499.0,534.0,665.0,831.0,909.0,901.0,930.0,920.0,798.0,884.0,678.0,661.0,579.0,580.0,737.0,590.0,413.0,733.0,953.0,1027.0,1028.0,1022.0,892.0,999.0,692.0,685.0,945.0,1079.0,986.0,1061.0,1039.0,945.0,968.0,892.0,914.0,813.0,574.0,580.0,933.0,870.0,877.0,876.0,702.0,760.0,679.0,586.0,455.0,465.0,338.0,381.0,585.0,550.0,609.0,563.0,502.0,599.0,474.0,463.0,396.0,412.0,350.0,400.0,487.0,598.0,599.0,528.0,598.0,559.0,491.0,617.0,468.0,469.0,400.0,410.0,588.0,582.0,604.0,607.0,642.0,634.0,544.0,647.0,490.0,513.0,372.0,456.0,560.0,642.0,627.0,661.0,640.0,572.0
394486,72,"Columbia, SC",msa,SC,600.0,742.0,806.0,835.0,859.0,941.0,727.0,670.0,637.0,449.0,523.0,364.0,405.0,584.0,543.0,563.0,752.0,771.0,716.0,731.0,693.0,701.0,714.0,365.0,418.0,599.0,647.0,745.0,834.0,663.0,564.0,519.0,472.0,479.0,563.0,331.0,350.0,587.0,481.0,564.0,632.0,537.0,621.0,555.0,471.0,501.0,574.0,425.0,445.0,564.0,511.0,567.0,645.0,654.0,751.0,559.0,780.0,594.0,661.0,485.0,485.0,635.0,722.0,907.0,863.0,915.0,999.0,773.0,829.0,613.0,766.0,516.0,543.0,762.0,766.0,854.0,939.0,868.0,847.0,814.0,819.0,608.0,782.0,609.0,621.0,801.0,849.0,926.0,1085.0,1080.0,971.0,800.0,770.0,640.0,717.0,627.0,712.0,1029.0,1025.0,1196.0,1309.0,1192.0,1227.0,1100.0,1007.0,910.0,932.0,831.0,801.0,1191.0,1138.0,1277.0,1445.0,1331.0,1312.0,1185.0,1100.0,986.0,1028.0,806.0,887.0,1230.0,1172.0,1428.0,1485.0,1400.0,1488.0,1103.0,1122.0,1040.0,1085.0,809.0,887.0,1190.0,1273.0,1378.0,1383.0,1421.0,1409.0,1146.0,1207.0,992.0,1063.0,921.0,939.0,1214.0,966.0,1020.0,1452.0,1531.0,1408.0,1391.0,1455.0,1212.0,1436.0,1004.0,1025.0,1537.0,1393.0,1536.0,1773.0,1718.0,1710.0,1689.0,1483.0,1416.0,1475.0,1074.0,1155.0,1507.0,1403.0,1605.0,1602.0,1359.0,1434.0,1329.0,1120.0,984.0,892.0,710.0,762.0,1074.0,916.0,1192.0,1309.0,1077.0,1160.0,986.0,963.0,860.0,859.0,699.0,857.0,961.0,1066.0,1191.0,1137.0,1119.0,1043.0,902.0,934.0,839.0,946.0,750.0,803.0,996.0,1036.0,1225.0,1222.0,1130.0,1002.0,953.0,932.0,809.0,903.0,737.0,765.0,960.0,995.0,1216.0,1212.0,1199.0,983.0
753906,73,"North Port, FL",msa,FL,790.0,943.0,1076.0,1137.0,1051.0,1010.0,849.0,834.0,860.0,704.0,978.0,763.0,927.0,1177.0,1169.0,1182.0,1243.0,1184.0,1001.0,1078.0,1171.0,1121.0,1355.0,959.0,1119.0,1567.0,1498.0,1543.0,1604.0,1091.0,1164.0,1136.0,1031.0,1081.0,1438.0,1093.0,1274.0,1693.0,1642.0,1662.0,1518.0,1280.0,1282.0,1229.0,1218.0,1201.0,1449.0,1193.0,1394.0,1770.0,1858.0,1907.0,1721.0,1511.0,1653.0,1348.0,1577.0,1594.0,1760.0,1354.0,1522.0,2018.0,2169.0,2197.0,1911.0,1876.0,1900.0,1573.0,1682.0,1532.0,1772.0,1478.0,1505.0,1955.0,2199.0,2072.0,1983.0,1860.0,1810.0,1757.0,1928.0,1473.0,1907.0,1472.0,1576.0,2266.0,2320.0,2307.0,2315.0,2153.0,1936.0,1825.0,1799.0,1492.0,1855.0,1423.0,1514.0,2074.0,2188.0,2153.0,2121.0,1724.0,1797.0,1724.0,1620.0,1558.0,1788.0,1383.0,1575.0,2260.0,2164.0,2350.0,2193.0,1845.0,2006.0,1484.0,1564.0,1582.0,1759.0,1523.0,1680.0,2264.0,2407.0,2352.0,2165.0,1979.0,2021.0,1515.0,1656.0,1611.0,1507.0,1261.0,1506.0,2052.0,2306.0,2401.0,2065.0,1946.0,1943.0,1688.0,1874.0,1596.0,1909.0,1474.0,1735.0,2218.0,1630.0,1296.0,1916.0,2385.0,2314.0,2340.0,2428.0,2278.0,2755.0,1976.0,2307.0,3468.0,3285.0,2841.0,3148.0,2608.0,2391.0,2367.0,2251.0,2323.0,2495.0,1975.0,1996.0,2573.0,2629.0,2639.0,2237.0,1802.0,1731.0,1185.0,1383.0,1065.0,1238.0,1029.0,1286.0,1972.0,1788.0,2096.0,1990.0,1514.0,1575.0,1531.0,1420.0,1236.0,1325.0,1173.0,1435.0,1829.0,2067.0,2100.0,1632.0,1582.0,1439.0,1146.0,1167.0,1055.0,1381.0,1280.0,1325.0,1843.0,1964.0,1853.0,1653.0,1587.0,1451.0,1469.0,1498.0,1339.0,1722.0,1320.0,1614.0,2261.0,2222.0,2056.0,2012.0,1767.0,1649.0
845158,74,"Dayton, OH",msa,OH,492.0,565.0,623.0,676.0,793.0,731.0,677.0,645.0,624.0,449.0,491.0,324.0,359.0,491.0,541.0,562.0,711.0,734.0,690.0,688.0,726.0,691.0,690.0,414.0,428.0,681.0,798.0,854.0,834.0,623.0,695.0,626.0,566.0,500.0,561.0,420.0,499.0,569.0,576.0,731.0,713.0,675.0,689.0,670.0,608.0,524.0,589.0,459.0,510.0,662.0,662.0,797.0,787.0,813.0,911.0,732.0,796.0,678.0,666.0,637.0,648.0,724.0,876.0,910.0,960.0,1074.0,1024.0,884.0,905.0,773.0,724.0,620.0,578.0,703.0,784.0,978.0,1027.0,1013.0,926.0,922.0,939.0,703.0,765.0,605.0,604.0,795.0,939.0,974.0,1184.0,1247.0,1068.0,1007.0,991.0,779.0,808.0,690.0,695.0,905.0,1026.0,1233.0,1314.0,1252.0,1278.0,1224.0,1063.0,940.0,990.0,701.0,749.0,1060.0,1117.0,1366.0,1415.0,1327.0,1293.0,1213.0,1166.0,1016.0,918.0,743.0,735.0,1038.0,1248.0,1271.0,1363.0,1233.0,1311.0,968.0,1083.0,985.0,822.0,719.0,699.0,882.0,1100.0,1304.0,1226.0,1288.0,1204.0,1079.0,1118.0,921.0,951.0,812.0,748.0,961.0,845.0,912.0,1209.0,1301.0,1323.0,1284.0,1254.0,1125.0,1175.0,1035.0,1020.0,1150.0,1106.0,1226.0,1368.0,1354.0,1359.0,1426.0,1239.0,1171.0,1158.0,889.0,850.0,1055.0,1050.0,1166.0,1290.0,1230.0,1302.0,1163.0,987.0,941.0,828.0,549.0,739.0,923.0,903.0,1116.0,1121.0,1015.0,1092.0,1013.0,898.0,835.0,771.0,633.0,835.0,854.0,920.0,1036.0,989.0,1032.0,1130.0,941.0,986.0,804.0,810.0,682.0,706.0,825.0,938.0,987.0,1021.0,1078.0,1100.0,1021.0,1034.0,780.0,854.0,646.0,742.0,836.0,949.0,1064.0,1131.0,1144.0,1201.0
394457,75,"Charleston, SC",msa,SC,615.0,677.0,747.0,753.0,819.0,760.0,684.0,579.0,543.0,364.0,434.0,353.0,379.0,514.0,474.0,633.0,681.0,755.0,639.0,647.0,666.0,667.0,640.0,431.0,524.0,675.0,764.0,807.0,847.0,659.0,646.0,619.0,601.0,565.0,648.0,496.0,540.0,791.0,723.0,767.0,831.0,768.0,844.0,708.0,638.0,588.0,698.0,508.0,575.0,822.0,807.0,942.0,926.0,915.0,1003.0,792.0,904.0,806.0,841.0,650.0,706.0,984.0,1011.0,1288.0,1225.0,1251.0,1256.0,1081.0,1036.0,829.0,981.0,715.0,730.0,1009.0,1103.0,1255.0,1368.0,1317.0,1249.0,1127.0,1142.0,889.0,1042.0,793.0,869.0,1304.0,1345.0,1368.0,1624.0,1573.0,1302.0,1382.0,1152.0,894.0,1161.0,887.0,958.0,1268.0,1383.0,1596.0,1781.0,1569.0,1613.0,1420.0,1230.0,1108.0,1266.0,998.0,1194.0,1552.0,1399.0,1664.0,1895.0,1574.0,1634.0,1298.0,1205.0,1255.0,1265.0,1028.0,1021.0,1522.0,1453.0,1682.0,1818.0,1598.0,1616.0,1081.0,1211.0,1141.0,1123.0,914.0,1060.0,1389.0,1507.0,1707.0,1731.0,1664.0,1643.0,1188.0,1227.0,1197.0,1273.0,1052.0,1126.0,1451.0,1205.0,1234.0,1795.0,2190.0,1867.0,1923.0,1989.0,1569.0,1829.0,1379.0,1499.0,2015.0,1976.0,2082.0,2337.0,2051.0,1970.0,1869.0,1938.0,1683.0,1643.0,1291.0,1320.0,1828.0,1771.0,1847.0,1803.0,1513.0,1413.0,1225.0,1157.0,951.0,934.0,751.0,902.0,1256.0,1239.0,1428.0,1530.0,1208.0,1251.0,1100.0,1008.0,944.0,870.0,823.0,963.0,1220.0,1329.0,1343.0,1309.0,1283.0,1236.0,950.0,1111.0,938.0,985.0,810.0,921.0,1331.0,1302.0,1440.0,1351.0,1336.0,1129.0,1105.0,1066.0,953.0,1151.0,884.0,986.0,1285.0,1379.0,1534.0,1675.0,1435.0,1247.0
394648,76,"Greensboro, NC",msa,NC,675.0,716.0,706.0,774.0,858.0,715.0,704.0,621.0,578.0,401.0,468.0,366.0,414.0,457.0,537.0,541.0,599.0,659.0,602.0,583.0,621.0,566.0,499.0,334.0,361.0,578.0,665.0,717.0,784.0,492.0,480.0,458.0,414.0,414.0,527.0,365.0,369.0,531.0,532.0,575.0,611.0,594.0,609.0,554.0,501.0,472.0,503.0,392.0,456.0,597.0,554.0,630.0,673.0,604.0,600.0,569.0,595.0,623.0,575.0,487.0,574.0,728.0,816.0,835.0,837.0,818.0,807.0,685.0,710.0,594.0,623.0,514.0,517.0,596.0,664.0,792.0,859.0,862.0,775.0,731.0,802.0,645.0,745.0,551.0,556.0,732.0,706.0,760.0,933.0,1039.0,936.0,799.0,872.0,691.0,818.0,502.0,559.0,893.0,938.0,1045.0,1153.0,977.0,986.0,873.0,903.0,885.0,885.0,709.0,717.0,1001.0,941.0,1069.0,1219.0,1037.0,1143.0,1085.0,912.0,852.0,870.0,655.0,712.0,917.0,995.0,1166.0,1235.0,1058.0,1155.0,914.0,921.0,833.0,786.0,707.0,752.0,973.0,1010.0,1186.0,1043.0,1176.0,1183.0,981.0,1124.0,900.0,943.0,782.0,821.0,977.0,843.0,826.0,1115.0,1293.0,1182.0,1189.0,1259.0,1060.0,1161.0,904.0,960.0,1233.0,1232.0,1285.0,1535.0,1461.0,1493.0,1424.0,1320.0,1270.0,1345.0,1028.0,977.0,1252.0,1225.0,1282.0,1442.0,1202.0,1260.0,1162.0,980.0,900.0,801.0,701.0,709.0,924.0,840.0,989.0,1084.0,916.0,1073.0,940.0,878.0,843.0,762.0,683.0,754.0,851.0,947.0,972.0,925.0,983.0,913.0,807.0,905.0,776.0,799.0,721.0,658.0,848.0,933.0,971.0,989.0,926.0,862.0,897.0,924.0,700.0,826.0,599.0,542.0,753.0,870.0,938.0,982.0,851.0,827.0
395134,77,"Stockton, CA",msa,CA,407.0,546.0,731.0,868.0,1022.0,1173.0,1171.0,1272.0,1290.0,1082.0,1265.0,1064.0,932.0,1162.0,1173.0,1119.0,1197.0,1142.0,984.0,1007.0,1009.0,858.0,952.0,763.0,759.0,1014.0,947.0,932.0,1034.0,848.0,820.0,814.0,741.0,774.0,974.0,699.0,730.0,946.0,881.0,844.0,920.0,831.0,871.0,860.0,830.0,856.0,881.0,720.0,713.0,896.0,813.0,892.0,893.0,811.0,945.0,723.0,895.0,750.0,857.0,644.0,699.0,740.0,864.0,849.0,721.0,799.0,815.0,731.0,795.0,647.0,669.0,562.0,494.0,591.0,664.0,752.0,721.0,712.0,682.0,631.0,716.0,539.0,629.0,490.0,516.0,696.0,685.0,836.0,873.0,857.0,806.0,807.0,799.0,514.0,759.0,580.0,552.0,744.0,741.0,802.0,847.0,801.0,801.0,776.0,732.0,749.0,755.0,555.0,500.0,747.0,738.0,824.0,956.0,745.0,895.0,803.0,801.0,696.0,704.0,538.0,541.0,731.0,694.0,790.0,816.0,734.0,778.0,619.0,712.0,584.0,594.0,466.0,495.0,617.0,671.0,793.0,732.0,804.0,782.0,670.0,825.0,613.0,660.0,546.0,481.0,620.0,500.0,442.0,647.0,803.0,787.0,801.0,880.0,752.0,837.0,597.0,580.0,754.0,833.0,843.0,920.0,889.0,849.0,927.0,900.0,829.0,798.0,582.0,619.0,790.0,745.0,737.0,706.0,518.0,638.0,612.0,464.0,393.0,409.0,298.0,355.0,510.0,417.0,602.0,523.0,518.0,482.0,463.0,435.0,350.0,396.0,380.0,378.0,465.0,521.0,538.0,507.0,508.0,564.0,418.0,520.0,432.0,448.0,400.0,410.0,480.0,501.0,530.0,517.0,482.0,474.0,487.0,527.0,401.0,478.0,313.0,411.0,442.0,536.0,457.0,594.0,561.0,573.0
394440,78,"Cape Coral, FL",msa,FL,796.0,1084.0,1301.0,1333.0,1245.0,1187.0,1107.0,1095.0,1177.0,957.0,1404.0,1198.0,1428.0,1935.0,2123.0,2124.0,2425.0,2098.0,1879.0,1897.0,1937.0,1785.0,2180.0,1700.0,1854.0,2473.0,2532.0,2242.0,2145.0,1659.0,1643.0,1613.0,1531.0,1495.0,1916.0,1731.0,1960.0,2584.0,2387.0,2022.0,1946.0,1640.0,1698.0,1603.0,1428.0,1468.0,1553.0,1498.0,1701.0,2256.0,2214.0,2111.0,1906.0,1589.0,1598.0,1382.0,1552.0,1556.0,1756.0,1473.0,1654.0,2158.0,2352.0,2362.0,1984.0,1889.0,1826.0,1620.0,1712.0,1521.0,1749.0,1571.0,1615.0,2124.0,2468.0,2415.0,2055.0,1862.0,1817.0,1709.0,1882.0,1559.0,2113.0,1617.0,1883.0,2422.0,2583.0,2360.0,2405.0,2129.0,1859.0,1908.0,1934.0,1560.0,1903.0,1517.0,1503.0,2217.0,2379.0,2245.0,2043.0,1765.0,1827.0,1648.0,1652.0,1685.0,1807.0,1515.0,1566.0,2492.0,2191.0,2358.0,2170.0,1845.0,1993.0,1223.0,1452.0,1432.0,1805.0,1595.0,1642.0,2286.0,2544.0,2333.0,2032.0,1847.0,1909.0,1436.0,1554.0,1522.0,1419.0,1217.0,1487.0,1957.0,2303.0,2377.0,1892.0,1921.0,1774.0,1585.0,1660.0,1443.0,1877.0,1553.0,1739.0,2222.0,1777.0,1239.0,1769.0,2160.0,2235.0,2385.0,2840.0,2453.0,2875.0,2213.0,2674.0,4276.0,4386.0,3916.0,4036.0,3449.0,3052.0,2995.0,2894.0,2927.0,3280.0,2729.0,3047.0,3999.0,3992.0,3857.0,3354.0,2409.0,2310.0,1697.0,1454.0,1560.0,1743.0,1582.0,1865.0,2658.0,2460.0,2706.0,2220.0,1760.0,1879.0,1656.0,1578.0,1378.0,1342.0,1167.0,1378.0,1827.0,1957.0,1853.0,1450.0,1373.0,1337.0,1059.0,999.0,899.0,1177.0,1096.0,1159.0,1715.0,1825.0,1691.0,1501.0,1366.0,1290.0,1281.0,1324.0,1120.0,1468.0,1112.0,1496.0,1971.0,2149.0,1867.0,1734.0,1582.0,1409.0
394399,79,"Boise City, ID",msa,ID,469.0,573.0,554.0,596.0,635.0,603.0,571.0,590.0,452.0,325.0,365.0,319.0,369.0,490.0,575.0,630.0,778.0,753.0,684.0,722.0,767.0,736.0,575.0,403.0,513.0,806.0,893.0,879.0,855.0,611.0,680.0,738.0,669.0,702.0,779.0,540.0,637.0,864.0,856.0,884.0,1001.0,861.0,888.0,805.0,803.0,711.0,739.0,617.0,648.0,765.0,892.0,844.0,916.0,842.0,971.0,774.0,846.0,773.0,713.0,516.0,615.0,756.0,910.0,1179.0,1081.0,1154.0,1097.0,953.0,822.0,737.0,759.0,562.0,568.0,807.0,969.0,1110.0,1057.0,1156.0,1041.0,968.0,960.0,742.0,811.0,601.0,693.0,1002.0,1177.0,1242.0,1433.0,1352.0,1216.0,1164.0,1093.0,841.0,978.0,670.0,758.0,1061.0,1233.0,1374.0,1573.0,1380.0,1395.0,1303.0,1137.0,1163.0,1024.0,698.0,669.0,1013.0,1161.0,1427.0,1610.0,1396.0,1540.0,1391.0,1253.0,1125.0,990.0,780.0,835.0,1128.0,1221.0,1565.0,1553.0,1494.0,1525.0,1135.0,1256.0,1092.0,808.0,708.0,802.0,982.0,1158.0,1456.0,1419.0,1460.0,1364.0,1165.0,1198.0,975.0,958.0,821.0,789.0,1061.0,1005.0,1009.0,1433.0,1643.0,1481.0,1494.0,1448.0,1171.0,1019.0,706.0,648.0,1063.0,1200.0,1195.0,1338.0,1408.0,1281.0,1327.0,1297.0,1218.0,1088.0,823.0,797.0,1080.0,1102.0,1139.0,1029.0,842.0,893.0,824.0,794.0,653.0,580.0,465.0,622.0,781.0,722.0,850.0,961.0,748.0,854.0,755.0,644.0,582.0,477.0,470.0,525.0,652.0,835.0,938.0,805.0,923.0,816.0,818.0,873.0,708.0,649.0,496.0,617.0,719.0,861.0,929.0,1024.0,1006.0,928.0,878.0,959.0,743.0,712.0,543.0,657.0,824.0,1076.0,1192.0,1281.0,1129.0,1113.0
394484,80,"Colorado Springs, CO",msa,CO,586.0,792.0,809.0,897.0,901.0,983.0,792.0,765.0,711.0,504.0,581.0,478.0,552.0,635.0,772.0,870.0,996.0,1020.0,885.0,865.0,874.0,832.0,670.0,499.0,640.0,776.0,890.0,964.0,1019.0,742.0,707.0,661.0,645.0,621.0,656.0,484.0,516.0,783.0,773.0,846.0,891.0,813.0,784.0,768.0,694.0,620.0,662.0,484.0,578.0,750.0,820.0,931.0,948.0,927.0,924.0,768.0,883.0,761.0,729.0,658.0,692.0,889.0,964.0,1143.0,1175.0,1295.0,1154.0,918.0,938.0,765.0,684.0,572.0,625.0,818.0,986.0,1155.0,1261.0,1268.0,1172.0,1095.0,1023.0,809.0,931.0,653.0,768.0,1088.0,1252.0,1525.0,1593.0,1556.0,1478.0,1299.0,1224.0,953.0,1165.0,844.0,1005.0,1280.0,1455.0,1677.0,1967.0,1640.0,1692.0,1565.0,1345.0,1326.0,1304.0,988.0,978.0,1454.0,1422.0,1748.0,1973.0,1738.0,1842.0,1584.0,1503.0,1296.0,1245.0,1037.0,1073.0,1383.0,1468.0,1717.0,1796.0,1648.0,1667.0,1312.0,1403.0,1136.0,1059.0,889.0,1024.0,1239.0,1412.0,1597.0,1684.0,1752.0,1652.0,1469.0,1411.0,1186.0,1175.0,919.0,1020.0,1240.0,1238.0,1119.0,1809.0,1987.0,1745.0,1830.0,1707.0,1444.0,1334.0,918.0,995.0,1454.0,1602.0,1651.0,2026.0,2009.0,1985.0,1871.0,1756.0,1633.0,1411.0,1110.0,1085.0,1465.0,1588.0,1672.0,1718.0,1426.0,1358.0,1283.0,1053.0,820.0,775.0,677.0,758.0,1043.0,1011.0,1300.0,1279.0,1003.0,1099.0,947.0,780.0,710.0,672.0,587.0,812.0,845.0,945.0,1169.0,1052.0,1075.0,971.0,879.0,907.0,787.0,722.0,595.0,746.0,920.0,1023.0,1095.0,1102.0,1048.0,970.0,962.0,820.0,697.0,827.0,575.0,737.0,958.0,1105.0,1194.0,1219.0,1102.0,883.0
394798,81,"Little Rock, AR",msa,AR,646.0,773.0,788.0,882.0,857.0,867.0,841.0,773.0,717.0,509.0,568.0,402.0,482.0,583.0,711.0,739.0,938.0,960.0,828.0,849.0,931.0,803.0,771.0,436.0,590.0,823.0,1098.0,1114.0,1058.0,751.0,851.0,711.0,733.0,692.0,741.0,534.0,569.0,841.0,826.0,893.0,974.0,956.0,1049.0,928.0,831.0,810.0,871.0,693.0,843.0,1049.0,1066.0,1361.0,1428.0,1360.0,1516.0,1243.0,1410.0,1346.0,1235.0,1319.0,1490.0,2104.0,2689.0,3591.0,3606.0,3457.0,3613.0,3252.0,3220.0,2538.0,2834.0,2325.0,2398.0,2816.0,3186.0,3658.0,3687.0,3689.0,3508.0,3350.0,3573.0,2793.0,3243.0,2364.0,2724.0,3545.0,3753.0,4092.0,4410.0,4643.0,5628.0,5349.0,4334.0,2873.0,3058.0,2038.0,1827.0,1784.0,1483.0,1542.0,1369.0,1088.0,1115.0,1065.0,1253.0,1284.0,1414.0,1135.0,1185.0,1550.0,1415.0,1613.0,1569.0,1245.0,1204.0,1067.0,1019.0,925.0,838.0,687.0,766.0,954.0,1106.0,1253.0,1149.0,1131.0,1167.0,928.0,990.0,886.0,828.0,652.0,785.0,973.0,1063.0,1236.0,1082.0,1135.0,1112.0,999.0,967.0,790.0,860.0,706.0,817.0,970.0,944.0,1005.0,1250.0,1359.0,1306.0,1295.0,1266.0,1115.0,1095.0,870.0,877.0,1179.0,1178.0,1291.0,1566.0,1366.0,1342.0,1375.0,1305.0,1249.0,1191.0,922.0,946.0,1250.0,1309.0,1487.0,1326.0,1232.0,1304.0,1050.0,917.0,800.0,803.0,612.0,699.0,941.0,797.0,988.0,1101.0,910.0,1032.0,820.0,844.0,697.0,723.0,567.0,694.0,777.0,889.0,1040.0,897.0,998.0,891.0,747.0,884.0,681.0,757.0,576.0,652.0,868.0,853.0,921.0,929.0,996.0,869.0,837.0,842.0,635.0,745.0,547.0,675.0,787.0,938.0,931.0,955.0,1040.0,833.0
394766,82,"Lakeland, FL",msa,FL,456.0,510.0,503.0,529.0,566.0,546.0,476.0,538.0,507.0,398.0,522.0,419.0,493.0,572.0,602.0,604.0,600.0,626.0,588.0,640.0,657.0,607.0,684.0,537.0,585.0,758.0,852.0,778.0,844.0,677.0,653.0,605.0,563.0,524.0,651.0,597.0,645.0,804.0,797.0,650.0,700.0,610.0,714.0,616.0,600.0,616.0,645.0,520.0,589.0,743.0,750.0,756.0,701.0,733.0,747.0,623.0,798.0,731.0,794.0,701.0,695.0,896.0,958.0,931.0,868.0,902.0,875.0,822.0,810.0,704.0,824.0,647.0,690.0,837.0,926.0,990.0,882.0,899.0,864.0,819.0,913.0,709.0,905.0,682.0,761.0,1004.0,1052.0,1023.0,1090.0,991.0,982.0,978.0,956.0,800.0,1054.0,693.0,862.0,1006.0,1056.0,1046.0,1129.0,1056.0,1137.0,949.0,966.0,926.0,1052.0,830.0,835.0,1141.0,1039.0,1194.0,1172.0,1114.0,1191.0,818.0,1006.0,996.0,1006.0,801.0,846.0,1117.0,1183.0,1332.0,1226.0,1188.0,1277.0,1032.0,1241.0,969.0,990.0,766.0,864.0,1135.0,1294.0,1324.0,1142.0,1217.0,1198.0,1066.0,1083.0,1025.0,1041.0,869.0,900.0,1083.0,891.0,728.0,1081.0,1187.0,1219.0,1255.0,1297.0,1066.0,1312.0,960.0,1084.0,1433.0,1437.0,1229.0,1504.0,1334.0,1407.0,1408.0,1388.0,1396.0,1415.0,1215.0,1211.0,1613.0,1460.0,1542.0,1488.0,1259.0,1196.0,917.0,965.0,768.0,849.0,628.0,766.0,1093.0,1024.0,1189.0,1156.0,1006.0,1077.0,921.0,874.0,733.0,808.0,702.0,793.0,909.0,1024.0,1033.0,960.0,992.0,846.0,791.0,683.0,670.0,825.0,557.0,652.0,904.0,990.0,940.0,859.0,944.0,826.0,838.0,868.0,645.0,841.0,609.0,687.0,970.0,967.0,872.0,954.0,955.0,826.0
394304,83,"Akron, OH",msa,OH,400.0,405.0,484.0,477.0,607.0,554.0,575.0,565.0,558.0,385.0,465.0,366.0,373.0,482.0,482.0,509.0,576.0,588.0,508.0,517.0,518.0,505.0,453.0,265.0,299.0,419.0,525.0,560.0,615.0,389.0,403.0,382.0,355.0,359.0,387.0,301.0,277.0,440.0,449.0,438.0,519.0,482.0,575.0,498.0,415.0,437.0,470.0,369.0,394.0,485.0,502.0,598.0,623.0,546.0,661.0,531.0,619.0,508.0,541.0,393.0,367.0,573.0,613.0,709.0,761.0,793.0,792.0,657.0,710.0,570.0,589.0,421.0,412.0,534.0,571.0,715.0,797.0,813.0,767.0,746.0,787.0,580.0,670.0,473.0,488.0,655.0,728.0,854.0,953.0,1007.0,934.0,849.0,804.0,612.0,753.0,536.0,547.0,741.0,803.0,867.0,1041.0,967.0,950.0,894.0,794.0,772.0,730.0,544.0,577.0,760.0,758.0,999.0,1137.0,880.0,1058.0,898.0,890.0,740.0,735.0,529.0,486.0,745.0,830.0,1070.0,968.0,1050.0,1025.0,803.0,891.0,779.0,691.0,549.0,543.0,675.0,868.0,978.0,990.0,986.0,993.0,834.0,864.0,658.0,696.0,530.0,544.0,691.0,707.0,712.0,894.0,1081.0,1061.0,1037.0,1068.0,924.0,916.0,608.0,606.0,835.0,885.0,949.0,1097.0,1132.0,1079.0,1130.0,1043.0,984.0,1025.0,702.0,650.0,828.0,855.0,987.0,1106.0,919.0,1078.0,964.0,809.0,744.0,678.0,497.0,551.0,722.0,642.0,792.0,841.0,729.0,829.0,725.0,773.0,637.0,582.0,493.0,510.0,604.0,665.0,687.0,730.0,778.0,806.0,643.0,753.0,632.0,604.0,513.0,533.0,583.0,680.0,769.0,780.0,797.0,819.0,843.0,780.0,620.0,664.0,473.0,500.0,618.0,729.0,724.0,867.0,1069.0,889.0
394531,84,"Des Moines, IA",msa,IA,551.0,582.0,757.0,806.0,851.0,879.0,833.0,791.0,670.0,482.0,497.0,327.0,402.0,511.0,630.0,689.0,855.0,933.0,822.0,882.0,865.0,803.0,517.0,342.0,391.0,579.0,797.0,884.0,979.0,530.0,549.0,574.0,515.0,497.0,526.0,345.0,397.0,545.0,599.0,673.0,791.0,732.0,715.0,716.0,659.0,559.0,666.0,436.0,489.0,700.0,764.0,898.0,965.0,858.0,954.0,704.0,831.0,771.0,797.0,588.0,603.0,801.0,889.0,1150.0,1171.0,1243.0,1218.0,1008.0,991.0,835.0,841.0,558.0,569.0,796.0,886.0,1170.0,1243.0,1232.0,1116.0,999.0,1036.0,835.0,996.0,613.0,664.0,911.0,1100.0,1386.0,1513.0,1530.0,1260.0,1094.0,1115.0,834.0,963.0,763.0,700.0,1007.0,1187.0,1363.0,1657.0,1377.0,1247.0,1134.0,1111.0,1052.0,1052.0,782.0,771.0,1126.0,1114.0,1439.0,1677.0,1356.0,1340.0,1162.0,1129.0,1015.0,999.0,723.0,694.0,1039.0,1147.0,1455.0,1468.0,1375.0,1404.0,981.0,1122.0,1044.0,841.0,624.0,645.0,826.0,1002.0,1284.0,1282.0,1295.0,1281.0,1077.0,1045.0,887.0,920.0,733.0,682.0,914.0,952.0,1105.0,1429.0,1578.0,1392.0,1281.0,1288.0,1091.0,1108.0,777.0,753.0,1041.0,1133.0,1278.0,1593.0,1425.0,1370.0,1210.0,1244.0,1121.0,1057.0,763.0,744.0,1019.0,1078.0,1184.0,1402.0,1156.0,1222.0,1009.0,881.0,781.0,694.0,530.0,557.0,835.0,773.0,979.0,1171.0,923.0,1000.0,819.0,758.0,657.0,626.0,496.0,492.0,712.0,808.0,976.0,910.0,947.0,907.0,759.0,862.0,772.0,727.0,517.0,541.0,733.0,870.0,1045.0,1118.0,1018.0,997.0,842.0,879.0,745.0,784.0,523.0,601.0,784.0,941.0,1077.0,1254.0,1048.0,935.0
395115,85,"Springfield, MA",msa,MA,314.0,391.0,420.0,505.0,592.0,570.0,610.0,506.0,513.0,305.0,421.0,236.0,244.0,355.0,401.0,406.0,610.0,584.0,638.0,523.0,603.0,621.0,437.0,298.0,267.0,443.0,535.0,533.0,823.0,411.0,423.0,417.0,388.0,361.0,474.0,336.0,234.0,370.0,371.0,456.0,551.0,514.0,614.0,468.0,425.0,467.0,413.0,311.0,276.0,460.0,428.0,526.0,653.0,543.0,659.0,498.0,537.0,545.0,489.0,369.0,309.0,423.0,446.0,599.0,629.0,702.0,703.0,581.0,581.0,517.0,527.0,361.0,294.0,335.0,453.0,550.0,693.0,680.0,715.0,620.0,640.0,477.0,537.0,382.0,297.0,396.0,456.0,579.0,798.0,852.0,764.0,722.0,648.0,476.0,589.0,479.0,426.0,515.0,549.0,706.0,913.0,759.0,874.0,781.0,634.0,657.0,733.0,523.0,359.0,603.0,568.0,718.0,952.0,843.0,959.0,782.0,710.0,680.0,622.0,509.0,394.0,484.0,536.0,710.0,928.0,926.0,913.0,698.0,735.0,676.0,601.0,459.0,400.0,499.0,635.0,750.0,849.0,868.0,887.0,746.0,758.0,617.0,690.0,475.0,386.0,520.0,491.0,575.0,693.0,886.0,840.0,848.0,863.0,743.0,903.0,537.0,483.0,631.0,645.0,656.0,883.0,844.0,886.0,855.0,811.0,780.0,827.0,575.0,452.0,606.0,647.0,651.0,932.0,750.0,803.0,692.0,633.0,618.0,537.0,387.0,312.0,431.0,431.0,546.0,697.0,594.0,648.0,586.0,521.0,565.0,500.0,383.0,363.0,388.0,481.0,580.0,605.0,630.0,649.0,519.0,597.0,578.0,579.0,447.0,359.0,440.0,445.0,581.0,678.0,667.0,665.0,624.0,650.0,510.0,545.0,384.0,353.0,391.0,453.0,566.0,723.0,718.0,680.0
845159,86,"Poughkeepsie, NY",msa,NY,,,,,,,,,,,,,,,,,,,,,,,,,,,,,,,,,,,,,,,,,,,,,,,,,,,,,,,,,,,,,,,,,,,,,,,,,,,,,,,,,,,,,,,,,,,,,,,,,,,,,,,,,,,,,,,,,,,,,,,,,,,,,,,,,,,,,,,,,,,,,,,,,,,,,,,,,,,,53.0,38.0,37.0,39.0,70.0,97.0,74.0,94.0,87.0,87.0,99.0,124.0,95.0,73.0,94.0,82.0,76.0,91.0,99.0,113.0,113.0,100.0,92.0,73.0,192.0,159.0,265.0,,,,537.0,704.0,538.0,550.0,502.0,503.0,427.0,427.0,410.0,430.0,438.0,489.0,566.0,631.0,551.0,612.0,462.0,549.0,439.0,360.0,388.0,429.0,419.0,447.0,536.0,581.0,548.0,556.0,466.0,551.0,453.0,371.0,420.0,367.0,344.0,515.0,595.0,567.0
394931,87,"Ogden, UT",msa,UT,472.0,532.0,577.0,609.0,600.0,601.0,566.0,498.0,460.0,355.0,391.0,268.0,315.0,415.0,425.0,469.0,641.0,603.0,524.0,551.0,578.0,519.0,410.0,263.0,323.0,578.0,596.0,572.0,480.0,408.0,403.0,372.0,371.0,389.0,377.0,281.0,315.0,440.0,453.0,460.0,498.0,478.0,492.0,454.0,485.0,462.0,437.0,291.0,420.0,504.0,567.0,618.0,641.0,600.0,672.0,540.0,638.0,556.0,512.0,410.0,437.0,586.0,709.0,791.0,719.0,800.0,781.0,589.0,633.0,477.0,560.0,423.0,439.0,603.0,679.0,790.0,769.0,805.0,794.0,734.0,699.0,577.0,627.0,447.0,563.0,808.0,871.0,859.0,984.0,941.0,855.0,883.0,735.0,578.0,742.0,533.0,565.0,804.0,944.0,1001.0,1032.0,875.0,1029.0,980.0,854.0,754.0,830.0,513.0,612.0,856.0,849.0,1085.0,1097.0,963.0,1126.0,989.0,978.0,793.0,807.0,642.0,744.0,905.0,914.0,1075.0,1093.0,1029.0,1089.0,795.0,850.0,839.0,662.0,563.0,618.0,860.0,851.0,1124.0,1078.0,1115.0,1047.0,897.0,968.0,822.0,799.0,652.0,684.0,835.0,909.0,1011.0,1255.0,1338.0,1262.0,1229.0,1136.0,995.0,972.0,726.0,837.0,984.0,1145.0,1139.0,1253.0,1187.0,1242.0,1218.0,1174.0,1027.0,1129.0,716.0,770.0,1045.0,1108.0,1098.0,1045.0,761.0,899.0,885.0,676.0,527.0,588.0,482.0,633.0,776.0,744.0,840.0,881.0,728.0,790.0,656.0,600.0,498.0,522.0,502.0,630.0,724.0,727.0,795.0,723.0,762.0,691.0,675.0,705.0,656.0,594.0,456.0,597.0,629.0,785.0,906.0,793.0,770.0,806.0,760.0,763.0,652.0,631.0,495.0,655.0,770.0,798.0,778.0,763.0,779.0,678.0
394816,88,"Madison, WI",msa,WI,384.0,489.0,608.0,814.0,872.0,842.0,703.0,507.0,466.0,303.0,361.0,219.0,293.0,419.0,532.0,708.0,885.0,997.0,763.0,631.0,670.0,598.0,411.0,289.0,367.0,509.0,843.0,825.0,1018.0,498.0,482.0,403.0,362.0,383.0,376.0,349.0,277.0,437.0,558.0,637.0,774.0,682.0,637.0,496.0,397.0,450.0,420.0,340.0,359.0,565.0,620.0,798.0,1072.0,900.0,872.0,606.0,651.0,566.0,540.0,473.0,448.0,635.0,884.0,1137.0,1192.0,1247.0,1151.0,834.0,736.0,749.0,575.0,458.0,427.0,628.0,795.0,1054.0,1267.0,1085.0,889.0,779.0,782.0,563.0,657.0,448.0,463.0,766.0,955.0,1171.0,1423.0,1367.0,988.0,861.0,849.0,632.0,638.0,491.0,421.0,789.0,965.0,1122.0,1482.0,1177.0,1089.0,857.0,756.0,646.0,703.0,481.0,447.0,742.0,819.0,1102.0,1442.0,1201.0,1118.0,897.0,788.0,670.0,624.0,507.0,477.0,764.0,866.0,1057.0,1319.0,1127.0,1129.0,794.0,822.0,747.0,558.0,376.0,467.0,621.0,730.0,1035.0,1128.0,1106.0,1010.0,717.0,685.0,681.0,635.0,451.0,449.0,664.0,705.0,799.0,1007.0,1064.0,1053.0,1036.0,990.0,827.0,784.0,505.0,467.0,683.0,831.0,958.0,1220.0,1135.0,1023.0,887.0,825.0,758.0,763.0,464.0,422.0,634.0,694.0,864.0,1062.0,862.0,909.0,765.0,585.0,541.0,459.0,301.0,308.0,505.0,485.0,712.0,840.0,728.0,685.0,567.0,526.0,521.0,433.0,319.0,301.0,431.0,588.0,682.0,711.0,722.0,718.0,551.0,576.0,518.0,474.0,356.0,378.0,493.0,593.0,726.0,733.0,706.0,688.0,537.0,630.0,494.0,536.0,314.0,369.0,513.0,622.0,746.0,895.0,770.0,729.0
395235,89,"Winston, NC",msa,NC,559.0,549.0,620.0,677.0,757.0,643.0,620.0,565.0,472.0,390.0,418.0,326.0,324.0,372.0,417.0,528.0,606.0,529.0,534.0,504.0,540.0,489.0,429.0,291.0,376.0,465.0,607.0,642.0,621.0,435.0,394.0,433.0,395.0,377.0,431.0,355.0,331.0,467.0,472.0,543.0,604.0,532.0,527.0,510.0,456.0,437.0,466.0,365.0,446.0,483.0,518.0,622.0,583.0,535.0,558.0,493.0,510.0,449.0,495.0,433.0,431.0,624.0,650.0,763.0,769.0,779.0,758.0,648.0,680.0,565.0,542.0,452.0,481.0,578.0,628.0,708.0,781.0,755.0,753.0,624.0,751.0,520.0,713.0,472.0,480.0,669.0,733.0,790.0,878.0,894.0,760.0,742.0,722.0,549.0,607.0,467.0,513.0,665.0,755.0,881.0,1042.0,917.0,930.0,803.0,739.0,707.0,818.0,596.0,601.0,855.0,833.0,1066.0,1067.0,843.0,995.0,880.0,936.0,755.0,765.0,620.0,645.0,866.0,907.0,1065.0,1123.0,971.0,1013.0,814.0,873.0,791.0,713.0,624.0,633.0,855.0,895.0,1103.0,1051.0,1036.0,1053.0,872.0,1028.0,810.0,799.0,721.0,698.0,880.0,870.0,855.0,1045.0,1093.0,1088.0,1041.0,1162.0,977.0,1143.0,817.0,855.0,1160.0,1145.0,1255.0,1416.0,1351.0,1375.0,1377.0,1228.0,1213.0,1261.0,991.0,816.0,1171.0,1169.0,1239.0,1347.0,1112.0,1196.0,1070.0,901.0,818.0,745.0,545.0,617.0,921.0,747.0,966.0,978.0,861.0,983.0,774.0,804.0,759.0,673.0,569.0,642.0,715.0,828.0,925.0,890.0,874.0,863.0,739.0,811.0,740.0,738.0,624.0,644.0,777.0,864.0,931.0,970.0,875.0,784.0,776.0,782.0,658.0,725.0,509.0,591.0,735.0,800.0,836.0,884.0,900.0,793.0
394528,90,"Deltona, FL",msa,FL,550.0,587.0,641.0,723.0,659.0,696.0,641.0,607.0,561.0,480.0,597.0,453.0,570.0,683.0,700.0,734.0,752.0,842.0,773.0,795.0,789.0,842.0,887.0,646.0,681.0,881.0,963.0,930.0,1016.0,755.0,816.0,800.0,734.0,696.0,900.0,662.0,753.0,968.0,1050.0,1021.0,1045.0,898.0,994.0,869.0,839.0,778.0,982.0,730.0,879.0,1038.0,1136.0,1197.0,1098.0,1027.0,1114.0,985.0,1126.0,1063.0,1082.0,939.0,1014.0,1227.0,1446.0,1449.0,1242.0,1513.0,1428.0,1207.0,1226.0,1130.0,1226.0,969.0,1031.0,1210.0,1392.0,1414.0,1444.0,1351.0,1419.0,1335.0,1354.0,1147.0,1423.0,1037.0,1175.0,1471.0,1584.0,1484.0,1644.0,1583.0,1526.0,1423.0,1368.0,1129.0,1475.0,1041.0,1165.0,1539.0,1519.0,1605.0,1773.0,1496.0,1612.0,1400.0,1234.0,1235.0,1380.0,1086.0,1250.0,1691.0,1521.0,1771.0,1797.0,1591.0,1599.0,1212.0,1280.0,1214.0,1408.0,1078.0,1207.0,1520.0,1656.0,1813.0,1744.0,1572.0,1731.0,1453.0,1408.0,1245.0,1357.0,947.0,1118.0,1405.0,1560.0,1720.0,1494.0,1518.0,1457.0,1229.0,1326.0,1205.0,1476.0,1096.0,1247.0,1446.0,1087.0,1040.0,1594.0,1831.0,1804.0,1768.0,1763.0,1508.0,1836.0,1358.0,1466.0,2047.0,2094.0,1903.0,2051.0,1908.0,1826.0,1747.0,1735.0,1803.0,1833.0,1386.0,1525.0,1981.0,1832.0,1835.0,1677.0,1509.0,1560.0,1222.0,1178.0,881.0,1006.0,748.0,1007.0,1427.0,1256.0,1567.0,1487.0,1318.0,1412.0,1335.0,1132.0,954.0,1018.0,842.0,933.0,1239.0,1394.0,1324.0,1168.0,1168.0,1239.0,937.0,868.0,750.0,983.0,799.0,893.0,1142.0,1205.0,1200.0,1191.0,1210.0,1132.0,1140.0,1112.0,915.0,1170.0,833.0,953.0,1265.0,1236.0,1271.0,1364.0,1279.0,1286.0
395143,91,"Syracuse, NY",msa,NY,413.0,422.0,496.0,607.0,739.0,808.0,692.0,638.0,675.0,469.0,450.0,274.0,287.0,361.0,448.0,489.0,633.0,766.0,735.0,638.0,744.0,664.0,549.0,308.0,321.0,397.0,548.0,599.0,972.0,448.0,553.0,453.0,462.0,466.0,490.0,293.0,262.0,368.0,376.0,470.0,604.0,588.0,656.0,576.0,575.0,471.0,580.0,352.0,321.0,378.0,445.0,600.0,683.0,659.0,750.0,538.0,662.0,575.0,513.0,412.0,287.0,409.0,460.0,578.0,613.0,763.0,791.0,618.0,664.0,512.0,513.0,405.0,343.0,424.0,490.0,544.0,725.0,746.0,759.0,696.0,782.0,537.0,619.0,402.0,383.0,493.0,521.0,530.0,775.0,947.0,835.0,790.0,783.0,607.0,721.0,493.0,467.0,608.0,566.0,723.0,845.0,835.0,969.0,866.0,907.0,667.0,636.0,510.0,474.0,617.0,644.0,850.0,987.0,906.0,1095.0,792.0,763.0,620.0,657.0,511.0,412.0,473.0,558.0,710.0,798.0,796.0,955.0,722.0,894.0,627.0,541.0,492.0,370.0,442.0,500.0,646.0,732.0,811.0,793.0,756.0,789.0,624.0,624.0,486.0,341.0,412.0,472.0,496.0,554.0,695.0,872.0,807.0,927.0,811.0,958.0,598.0,544.0,576.0,628.0,657.0,822.0,910.0,965.0,736.0,778.0,704.0,772.0,526.0,435.0,443.0,449.0,491.0,678.0,647.0,783.0,701.0,626.0,571.0,523.0,359.0,309.0,357.0,312.0,464.0,516.0,550.0,623.0,571.0,619.0,510.0,469.0,377.0,334.0,313.0,400.0,452.0,445.0,617.0,660.0,568.0,549.0,526.0,501.0,394.0,300.0,387.0,385.0,400.0,548.0,584.0,644.0,616.0,620.0,533.0,511.0,399.0,329.0,364.0,359.0,381.0,509.0,666.0,665.0
395006,92,"Provo, UT",msa,UT,283.0,299.0,350.0,375.0,359.0,421.0,382.0,380.0,288.0,228.0,244.0,196.0,230.0,347.0,343.0,373.0,519.0,524.0,461.0,443.0,412.0,405.0,387.0,240.0,289.0,413.0,494.0,447.0,393.0,310.0,367.0,343.0,301.0,310.0,334.0,290.0,288.0,377.0,377.0,406.0,465.0,384.0,450.0,364.0,381.0,342.0,409.0,290.0,323.0,400.0,423.0,490.0,463.0,434.0,477.0,458.0,475.0,423.0,402.0,314.0,321.0,404.0,520.0,610.0,602.0,611.0,601.0,505.0,477.0,383.0,431.0,294.0,379.0,466.0,513.0,587.0,540.0,619.0,633.0,533.0,563.0,463.0,455.0,337.0,418.0,576.0,665.0,662.0,830.0,781.0,790.0,670.0,587.0,403.0,529.0,405.0,440.0,620.0,646.0,769.0,821.0,745.0,833.0,746.0,648.0,628.0,600.0,445.0,423.0,620.0,658.0,783.0,836.0,708.0,911.0,754.0,726.0,613.0,586.0,457.0,519.0,612.0,662.0,791.0,867.0,792.0,843.0,627.0,640.0,566.0,538.0,444.0,453.0,621.0,747.0,865.0,833.0,914.0,920.0,701.0,760.0,640.0,617.0,437.0,525.0,728.0,686.0,810.0,1106.0,1106.0,1012.0,991.0,993.0,816.0,803.0,579.0,697.0,878.0,1149.0,1055.0,1309.0,1199.0,1300.0,1122.0,1091.0,1103.0,1148.0,807.0,788.0,1222.0,1145.0,1192.0,1184.0,924.0,987.0,851.0,609.0,556.0,573.0,447.0,623.0,755.0,755.0,802.0,808.0,689.0,743.0,608.0,532.0,486.0,461.0,475.0,533.0,581.0,741.0,717.0,706.0,723.0,760.0,614.0,589.0,560.0,513.0,398.0,507.0,586.0,656.0,754.0,704.0,699.0,729.0,621.0,703.0,469.0,570.0,435.0,589.0,646.0,741.0,783.0,743.0,826.0,627.0
395160,93,"Toledo, OH",msa,OH,328.0,358.0,430.0,478.0,479.0,481.0,462.0,452.0,463.0,366.0,382.0,317.0,306.0,406.0,398.0,421.0,515.0,504.0,494.0,485.0,556.0,439.0,408.0,280.0,317.0,539.0,549.0,570.0,538.0,407.0,427.0,380.0,424.0,348.0,415.0,320.0,321.0,438.0,433.0,460.0,485.0,522.0,547.0,503.0,472.0,434.0,483.0,345.0,416.0,504.0,483.0,582.0,615.0,582.0,624.0,507.0,584.0,533.0,484.0,465.0,466.0,538.0,579.0,652.0,681.0,665.0,668.0,606.0,614.0,514.0,503.0,361.0,329.0,426.0,537.0,694.0,736.0,681.0,726.0,694.0,686.0,511.0,546.0,418.0,450.0,506.0,622.0,652.0,791.0,763.0,725.0,664.0,685.0,496.0,623.0,432.0,439.0,599.0,642.0,748.0,764.0,714.0,763.0,773.0,692.0,587.0,654.0,441.0,484.0,642.0,646.0,802.0,888.0,759.0,860.0,732.0,710.0,613.0,568.0,451.0,445.0,627.0,655.0,837.0,879.0,787.0,870.0,645.0,760.0,590.0,496.0,378.0,412.0,453.0,642.0,797.0,749.0,690.0,735.0,633.0,660.0,535.0,568.0,401.0,410.0,523.0,468.0,489.0,711.0,808.0,813.0,813.0,810.0,683.0,658.0,502.0,493.0,666.0,678.0,766.0,861.0,885.0,834.0,787.0,848.0,738.0,751.0,591.0,527.0,637.0,702.0,790.0,843.0,838.0,813.0,736.0,689.0,570.0,600.0,415.0,431.0,513.0,550.0,629.0,750.0,595.0,693.0,555.0,614.0,513.0,485.0,445.0,419.0,481.0,576.0,646.0,603.0,661.0,703.0,606.0,618.0,525.0,596.0,431.0,440.0,487.0,591.0,564.0,645.0,731.0,657.0,654.0,651.0,505.0,589.0,506.0,434.0,528.0,565.0,689.0,764.0,797.0,778.0
395224,94,"Wichita, KS",msa,KS,549.0,712.0,715.0,794.0,807.0,794.0,795.0,666.0,677.0,438.0,516.0,350.0,384.0,519.0,548.0,631.0,775.0,715.0,733.0,647.0,688.0,681.0,476.0,314.0,415.0,606.0,763.0,818.0,780.0,487.0,500.0,491.0,458.0,460.0,496.0,312.0,360.0,508.0,582.0,621.0,652.0,645.0,670.0,597.0,483.0,487.0,549.0,386.0,439.0,588.0,593.0,683.0,714.0,691.0,718.0,596.0,647.0,615.0,535.0,481.0,496.0,641.0,688.0,801.0,776.0,841.0,856.0,750.0,662.0,626.0,566.0,449.0,447.0,573.0,706.0,896.0,832.0,876.0,789.0,684.0,739.0,575.0,629.0,455.0,523.0,680.0,730.0,883.0,948.0,954.0,811.0,867.0,764.0,542.0,718.0,480.0,526.0,797.0,822.0,975.0,994.0,937.0,995.0,858.0,778.0,713.0,734.0,546.0,551.0,790.0,811.0,981.0,1048.0,862.0,962.0,812.0,809.0,716.0,700.0,518.0,551.0,791.0,838.0,987.0,978.0,915.0,920.0,721.0,781.0,658.0,594.0,433.0,524.0,745.0,785.0,958.0,872.0,917.0,933.0,726.0,723.0,722.0,681.0,547.0,541.0,727.0,683.0,758.0,1030.0,1069.0,942.0,908.0,1027.0,818.0,862.0,714.0,574.0,803.0,897.0,1040.0,1151.0,1090.0,1071.0,974.0,894.0,912.0,875.0,642.0,596.0,829.0,894.0,946.0,1008.0,880.0,1020.0,843.0,727.0,618.0,611.0,476.0,520.0,674.0,658.0,794.0,880.0,739.0,831.0,700.0,621.0,568.0,528.0,390.0,495.0,599.0,706.0,774.0,711.0,744.0,728.0,598.0,643.0,588.0,569.0,478.0,519.0,637.0,774.0,989.0,899.0,839.0,796.0,781.0,786.0,674.0,761.0,566.0,578.0,787.0,816.0,946.0,947.0,930.0,793.0
394549,95,"Durham, NC",msa,NC,416.0,518.0,553.0,790.0,777.0,705.0,563.0,436.0,366.0,292.0,371.0,243.0,272.0,361.0,416.0,540.0,700.0,656.0,529.0,460.0,488.0,494.0,415.0,272.0,283.0,437.0,550.0,684.0,781.0,437.0,373.0,373.0,355.0,344.0,382.0,314.0,284.0,391.0,474.0,482.0,593.0,476.0,490.0,445.0,324.0,354.0,346.0,302.0,359.0,417.0,495.0,675.0,688.0,605.0,540.0,464.0,487.0,447.0,449.0,376.0,372.0,518.0,656.0,831.0,860.0,828.0,729.0,560.0,631.0,486.0,589.0,444.0,393.0,545.0,665.0,840.0,895.0,818.0,711.0,645.0,634.0,490.0,572.0,469.0,402.0,667.0,649.0,891.0,1057.0,983.0,785.0,737.0,687.0,545.0,707.0,521.0,519.0,700.0,795.0,972.0,1209.0,973.0,954.0,819.0,734.0,696.0,701.0,554.0,538.0,798.0,859.0,1107.0,1158.0,966.0,937.0,807.0,735.0,707.0,688.0,538.0,551.0,853.0,917.0,1092.0,1055.0,1034.0,981.0,701.0,781.0,701.0,606.0,500.0,592.0,739.0,826.0,1050.0,1096.0,1014.0,981.0,809.0,805.0,694.0,758.0,585.0,610.0,676.0,812.0,712.0,959.0,1040.0,937.0,979.0,941.0,832.0,854.0,678.0,658.0,911.0,1014.0,1035.0,1367.0,1164.0,1140.0,1035.0,1023.0,1016.0,982.0,680.0,742.0,950.0,1013.0,1152.0,1222.0,1016.0,951.0,817.0,714.0,627.0,604.0,475.0,508.0,755.0,704.0,840.0,963.0,693.0,781.0,665.0,607.0,567.0,473.0,436.0,534.0,609.0,747.0,865.0,691.0,725.0,603.0,590.0,615.0,519.0,536.0,477.0,502.0,646.0,763.0,856.0,855.0,745.0,671.0,606.0,642.0,548.0,624.0,434.0,452.0,647.0,817.0,865.0,873.0,763.0,645.0
394352,96,"Augusta, GA",msa,GA,532.0,553.0,550.0,648.0,660.0,634.0,586.0,545.0,488.0,356.0,440.0,330.0,397.0,482.0,484.0,514.0,563.0,526.0,542.0,529.0,531.0,506.0,494.0,283.0,380.0,547.0,585.0,574.0,569.0,446.0,432.0,426.0,479.0,454.0,460.0,291.0,369.0,436.0,400.0,441.0,534.0,455.0,487.0,454.0,419.0,428.0,469.0,335.0,389.0,501.0,472.0,514.0,524.0,527.0,553.0,476.0,565.0,512.0,479.0,399.0,452.0,497.0,529.0,628.0,642.0,620.0,700.0,576.0,618.0,552.0,584.0,450.0,453.0,561.0,599.0,658.0,825.0,706.0,713.0,630.0,795.0,632.0,748.0,514.0,543.0,738.0,705.0,827.0,855.0,881.0,780.0,811.0,728.0,557.0,745.0,589.0,620.0,807.0,737.0,895.0,919.0,912.0,918.0,912.0,820.0,731.0,762.0,584.0,652.0,920.0,744.0,992.0,1047.0,925.0,974.0,871.0,791.0,833.0,773.0,630.0,678.0,915.0,848.0,1027.0,1126.0,1000.0,1074.0,830.0,842.0,754.0,746.0,651.0,666.0,975.0,951.0,1071.0,1085.0,1162.0,1007.0,934.0,935.0,810.0,884.0,749.0,816.0,866.0,793.0,835.0,1110.0,1166.0,1092.0,1086.0,1059.0,967.0,1048.0,894.0,845.0,1272.0,1170.0,1271.0,1482.0,1330.0,1239.0,1246.0,1272.0,1166.0,1141.0,1004.0,918.0,1243.0,1132.0,1137.0,1259.0,1070.0,1111.0,973.0,869.0,680.0,708.0,535.0,640.0,912.0,746.0,1040.0,960.0,816.0,837.0,775.0,754.0,665.0,691.0,603.0,661.0,724.0,806.0,894.0,800.0,888.0,796.0,549.0,662.0,542.0,611.0,622.0,585.0,675.0,772.0,801.0,882.0,828.0,811.0,737.0,760.0,589.0,683.0,575.0,581.0,780.0,781.0,796.0,851.0,823.0,718.0
394957,97,"Palm Bay, FL",msa,FL,524.0,598.0,676.0,664.0,652.0,663.0,629.0,586.0,559.0,462.0,585.0,502.0,576.0,682.0,729.0,739.0,844.0,819.0,749.0,717.0,784.0,684.0,652.0,516.0,544.0,744.0,792.0,820.0,905.0,677.0,654.0,749.0,636.0,620.0,803.0,635.0,727.0,891.0,849.0,884.0,860.0,741.0,839.0,699.0,700.0,638.0,775.0,597.0,736.0,944.0,950.0,984.0,964.0,822.0,1028.0,830.0,994.0,845.0,867.0,737.0,838.0,1051.0,1183.0,1225.0,1137.0,1273.0,1247.0,1018.0,1145.0,951.0,1037.0,883.0,967.0,1188.0,1239.0,1314.0,1300.0,1302.0,1198.0,1155.0,1248.0,981.0,1207.0,901.0,1090.0,1459.0,1393.0,1363.0,1466.0,1464.0,1305.0,1329.0,1133.0,972.0,1265.0,894.0,1025.0,1418.0,1383.0,1467.0,1581.0,1305.0,1411.0,1291.0,1121.0,1110.0,1279.0,1002.0,1089.0,1446.0,1301.0,1507.0,1533.0,1338.0,1448.0,967.0,1022.0,1112.0,1167.0,898.0,1078.0,1471.0,1350.0,1498.0,1382.0,1475.0,1421.0,1078.0,1216.0,1005.0,1026.0,793.0,955.0,1236.0,1403.0,1539.0,1287.0,1376.0,1273.0,1081.0,1070.0,1066.0,1202.0,832.0,998.0,1304.0,954.0,883.0,1272.0,1482.0,1303.0,1325.0,1341.0,1216.0,1384.0,1007.0,1224.0,1662.0,1657.0,1430.0,1589.0,1477.0,1434.0,1379.0,1452.0,1330.0,1457.0,1103.0,1238.0,1548.0,1462.0,1486.0,1443.0,1086.0,1240.0,1027.0,950.0,720.0,865.0,698.0,875.0,1185.0,1114.0,1231.0,1177.0,982.0,1130.0,945.0,889.0,836.0,763.0,631.0,806.0,953.0,1078.0,1109.0,997.0,1043.0,969.0,779.0,766.0,652.0,839.0,662.0,784.0,946.0,1047.0,1055.0,1021.0,1015.0,951.0,897.0,892.0,753.0,943.0,639.0,877.0,1080.0,1049.0,1067.0,1163.0,1112.0,996.0
394711,98,"Jackson, MS",msa,MS,405.0,471.0,477.0,574.0,575.0,488.0,508.0,396.0,384.0,295.0,347.0,229.0,274.0,351.0,390.0,457.0,563.0,527.0,438.0,430.0,474.0,401.0,393.0,230.0,267.0,430.0,468.0,526.0,527.0,396.0,384.0,363.0,305.0,339.0,313.0,215.0,283.0,379.0,378.0,414.0,425.0,410.0,448.0,397.0,334.0,331.0,362.0,242.0,306.0,384.0,391.0,459.0,460.0,454.0,485.0,361.0,396.0,346.0,330.0,274.0,324.0,386.0,456.0,495.0,490.0,527.0,585.0,461.0,449.0,368.0,403.0,264.0,332.0,403.0,455.0,493.0,541.0,559.0,510.0,439.0,430.0,338.0,399.0,262.0,346.0,435.0,463.0,580.0,631.0,682.0,581.0,489.0,510.0,387.0,430.0,313.0,340.0,485.0,554.0,581.0,579.0,619.0,571.0,491.0,477.0,432.0,474.0,323.0,388.0,534.0,529.0,673.0,604.0,579.0,582.0,512.0,528.0,487.0,502.0,333.0,350.0,531.0,553.0,714.0,698.0,706.0,626.0,491.0,449.0,421.0,413.0,279.0,349.0,493.0,521.0,607.0,567.0,641.0,564.0,460.0,452.0,403.0,440.0,348.0,378.0,487.0,406.0,486.0,638.0,724.0,606.0,620.0,654.0,474.0,582.0,381.0,365.0,548.0,581.0,582.0,703.0,638.0,595.0,612.0,551.0,453.0,524.0,364.0,395.0,507.0,467.0,632.0,597.0,540.0,499.0,487.0,384.0,349.0,380.0,273.0,297.0,446.0,425.0,552.0,505.0,488.0,466.0,391.0,415.0,406.0,395.0,307.0,388.0,404.0,488.0,469.0,460.0,479.0,415.0,345.0,407.0,318.0,370.0,265.0,327.0,410.0,375.0,502.0,449.0,452.0,413.0,405.0,417.0,352.0,415.0,271.0,317.0,431.0,446.0,504.0,533.0,549.0,410.0
394666,99,"Harrisburg, PA",msa,PA,457.0,469.0,593.0,589.0,671.0,675.0,622.0,562.0,548.0,401.0,394.0,291.0,330.0,452.0,427.0,532.0,626.0,650.0,590.0,540.0,604.0,621.0,418.0,288.0,288.0,492.0,549.0,638.0,665.0,456.0,508.0,481.0,439.0,440.0,376.0,286.0,313.0,401.0,408.0,469.0,556.0,515.0,532.0,428.0,389.0,417.0,388.0,332.0,351.0,442.0,481.0,578.0,561.0,591.0,535.0,489.0,472.0,545.0,503.0,339.0,407.0,507.0,557.0,680.0,631.0,656.0,650.0,574.0,603.0,512.0,489.0,375.0,333.0,483.0,518.0,698.0,695.0,684.0,653.0,644.0,662.0,515.0,608.0,444.0,358.0,522.0,599.0,680.0,772.0,819.0,738.0,715.0,701.0,529.0,635.0,503.0,429.0,561.0,638.0,786.0,947.0,864.0,783.0,736.0,743.0,621.0,733.0,461.0,498.0,633.0,723.0,858.0,994.0,833.0,855.0,726.0,668.0,663.0,615.0,491.0,442.0,643.0,684.0,770.0,899.0,880.0,895.0,653.0,760.0,698.0,619.0,465.0,492.0,614.0,713.0,805.0,928.0,840.0,857.0,736.0,797.0,628.0,678.0,587.0,554.0,582.0,489.0,430.0,580.0,950.0,975.0,947.0,988.0,841.0,843.0,529.0,541.0,759.0,814.0,873.0,1010.0,984.0,937.0,957.0,911.0,903.0,949.0,682.0,544.0,729.0,789.0,817.0,964.0,850.0,847.0,801.0,699.0,681.0,584.0,479.0,447.0,518.0,547.0,636.0,795.0,609.0,711.0,643.0,569.0,598.0,536.0,424.0,431.0,547.0,558.0,676.0,684.0,729.0,718.0,674.0,639.0,537.0,650.0,469.0,447.0,517.0,588.0,693.0,728.0,745.0,659.0,715.0,683.0,589.0,642.0,433.0,473.0,537.0,594.0,660.0,784.0,794.0,674.0
395113,100,"Spokane, WA",msa,WA,396.0,508.0,580.0,640.0,709.0,723.0,604.0,566.0,528.0,293.0,309.0,200.0,267.0,373.0,442.0,503.0,631.0,699.0,595.0,540.0,663.0,559.0,414.0,248.0,304.0,520.0,601.0,634.0,646.0,409.0,461.0,427.0,398.0,362.0,403.0,261.0,244.0,394.0,439.0,446.0,568.0,443.0,533.0,485.0,449.0,429.0,464.0,311.0,332.0,448.0,443.0,577.0,608.0,619.0,616.0,527.0,567.0,537.0,443.0,355.0,383.0,518.0,584.0,730.0,693.0,839.0,765.0,684.0,701.0,518.0,554.0,375.0,398.0,476.0,579.0,763.0,846.0,865.0,800.0,675.0,771.0,605.0,655.0,495.0,436.0,656.0,783.0,902.0,1078.0,1058.0,950.0,912.0,817.0,583.0,720.0,475.0,440.0,729.0,824.0,984.0,1088.0,1019.0,1140.0,1046.0,907.0,804.0,845.0,518.0,484.0,741.0,769.0,1080.0,1357.0,1105.0,1228.0,1049.0,1016.0,900.0,719.0,594.0,549.0,788.0,870.0,1085.0,1309.0,1231.0,1263.0,966.0,968.0,855.0,674.0,510.0,539.0,631.0,795.0,990.0,1036.0,1156.0,1163.0,970.0,1094.0,741.0,714.0,588.0,511.0,679.0,668.0,715.0,1028.0,1189.0,1044.0,1087.0,1152.0,894.0,969.0,625.0,559.0,795.0,931.0,959.0,1144.0,1171.0,1086.0,1107.0,1022.0,966.0,891.0,589.0,506.0,754.0,803.0,930.0,992.0,818.0,913.0,868.0,677.0,542.0,480.0,387.0,366.0,576.0,528.0,690.0,801.0,698.0,756.0,635.0,585.0,471.0,450.0,349.0,406.0,498.0,571.0,699.0,652.0,718.0,679.0,596.0,663.0,480.0,514.0,409.0,425.0,541.0,611.0,731.0,724.0,702.0,696.0,625.0,630.0,554.0,533.0,417.0,453.0,573.0,668.0,674.0,784.0,753.0,662.0
395075,101,"Scranton, PA",msa,PA,290.0,341.0,363.0,437.0,479.0,474.0,446.0,451.0,421.0,325.0,323.0,224.0,242.0,293.0,331.0,345.0,435.0,441.0,410.0,400.0,461.0,443.0,380.0,245.0,231.0,365.0,385.0,431.0,574.0,363.0,338.0,355.0,363.0,336.0,353.0,280.0,258.0,323.0,365.0,337.0,425.0,415.0,477.0,393.0,402.0,391.0,443.0,298.0,279.0,319.0,403.0,428.0,473.0,414.0,504.0,378.0,467.0,438.0,395.0,344.0,279.0,387.0,398.0,473.0,512.0,514.0,510.0,492.0,517.0,450.0,476.0,320.0,311.0,339.0,447.0,477.0,530.0,547.0,513.0,488.0,580.0,430.0,440.0,313.0,329.0,420.0,475.0,461.0,590.0,609.0,557.0,568.0,635.0,481.0,464.0,377.0,421.0,486.0,491.0,563.0,605.0,578.0,633.0,637.0,577.0,559.0,584.0,399.0,410.0,519.0,551.0,610.0,685.0,593.0,640.0,594.0,658.0,586.0,625.0,382.0,421.0,483.0,468.0,690.0,588.0,685.0,715.0,537.0,644.0,617.0,560.0,388.0,373.0,501.0,586.0,610.0,511.0,707.0,719.0,652.0,620.0,545.0,537.0,495.0,395.0,430.0,349.0,332.0,361.0,793.0,828.0,875.0,901.0,792.0,797.0,574.0,432.0,693.0,715.0,751.0,913.0,904.0,1007.0,946.0,968.0,977.0,1041.0,736.0,632.0,822.0,674.0,777.0,909.0,787.0,913.0,878.0,746.0,695.0,653.0,512.0,459.0,605.0,518.0,709.0,719.0,642.0,723.0,672.0,619.0,609.0,532.0,426.0,423.0,483.0,597.0,635.0,625.0,687.0,643.0,562.0,688.0,564.0,573.0,453.0,415.0,478.0,521.0,597.0,642.0,641.0,586.0,657.0,652.0,557.0,597.0,470.0,369.0,473.0,544.0,536.0,635.0,664.0,632.0
394460,102,"Chattanooga, TN",msa,TN,594.0,680.0,567.0,694.0,682.0,670.0,650.0,632.0,575.0,380.0,419.0,312.0,370.0,486.0,435.0,505.0,572.0,599.0,559.0,553.0,581.0,522.0,518.0,313.0,431.0,621.0,654.0,714.0,717.0,499.0,534.0,502.0,499.0,415.0,459.0,342.0,423.0,537.0,526.0,545.0,654.0,606.0,670.0,640.0,538.0,512.0,592.0,449.0,498.0,589.0,647.0,705.0,749.0,745.0,790.0,580.0,667.0,631.0,630.0,568.0,538.0,667.0,787.0,806.0,755.0,786.0,776.0,702.0,736.0,615.0,646.0,553.0,548.0,700.0,715.0,795.0,838.0,855.0,747.0,768.0,839.0,641.0,726.0,593.0,589.0,775.0,804.0,810.0,984.0,919.0,882.0,870.0,839.0,658.0,813.0,636.0,639.0,870.0,916.0,980.0,1040.0,930.0,971.0,924.0,862.0,770.0,800.0,648.0,713.0,918.0,860.0,978.0,1050.0,926.0,1022.0,868.0,890.0,763.0,717.0,666.0,721.0,858.0,993.0,1049.0,1030.0,982.0,1025.0,833.0,874.0,772.0,647.0,584.0,709.0,854.0,954.0,1056.0,960.0,1053.0,988.0,865.0,863.0,763.0,806.0,675.0,698.0,856.0,756.0,800.0,1073.0,1243.0,1076.0,1095.0,1111.0,930.0,1009.0,776.0,808.0,1219.0,1132.0,1115.0,1247.0,1197.0,1265.0,1097.0,1105.0,1101.0,1018.0,811.0,873.0,1115.0,1097.0,1215.0,1171.0,1016.0,1091.0,945.0,825.0,716.0,713.0,565.0,702.0,874.0,785.0,918.0,934.0,832.0,855.0,746.0,767.0,599.0,641.0,497.0,595.0,843.0,806.0,867.0,801.0,782.0,749.0,795.0,743.0,607.0,641.0,503.0,568.0,700.0,775.0,776.0,782.0,785.0,740.0,768.0,720.0,574.0,668.0,479.0,616.0,772.0,791.0,827.0,942.0,866.0,728.0
394871,103,"Modesto, CA",msa,CA,339.0,437.0,667.0,678.0,716.0,841.0,814.0,943.0,932.0,747.0,982.0,770.0,715.0,903.0,827.0,873.0,872.0,774.0,742.0,782.0,799.0,665.0,745.0,567.0,534.0,758.0,701.0,695.0,804.0,614.0,665.0,666.0,599.0,617.0,716.0,590.0,578.0,666.0,656.0,631.0,747.0,610.0,732.0,686.0,649.0,572.0,614.0,520.0,558.0,631.0,666.0,678.0,703.0,629.0,682.0,522.0,626.0,585.0,537.0,481.0,438.0,544.0,561.0,617.0,594.0,621.0,645.0,539.0,620.0,428.0,526.0,431.0,406.0,475.0,622.0,560.0,563.0,559.0,554.0,525.0,548.0,401.0,468.0,375.0,377.0,520.0,566.0,658.0,675.0,699.0,597.0,638.0,625.0,438.0,575.0,412.0,436.0,572.0,574.0,598.0,691.0,599.0,651.0,564.0,569.0,521.0,572.0,417.0,446.0,629.0,560.0,684.0,690.0,619.0,690.0,605.0,600.0,534.0,534.0,422.0,402.0,563.0,561.0,641.0,601.0,537.0,655.0,509.0,560.0,471.0,411.0,374.0,393.0,521.0,578.0,650.0,510.0,589.0,596.0,500.0,636.0,483.0,477.0,420.0,420.0,467.0,420.0,358.0,571.0,604.0,571.0,625.0,647.0,576.0,609.0,435.0,432.0,596.0,654.0,595.0,646.0,640.0,678.0,666.0,607.0,596.0,632.0,472.0,436.0,600.0,598.0,553.0,520.0,399.0,458.0,410.0,450.0,353.0,333.0,210.0,275.0,376.0,344.0,404.0,383.0,343.0,380.0,311.0,339.0,292.0,273.0,280.0,287.0,320.0,350.0,415.0,364.0,416.0,382.0,310.0,377.0,282.0,332.0,261.0,251.0,402.0,380.0,399.0,375.0,337.0,367.0,351.0,361.0,321.0,351.0,257.0,299.0,381.0,401.0,367.0,419.0,382.0,354.0
394768,104,"Lancaster, PA",msa,PA,393.0,407.0,477.0,530.0,633.0,528.0,501.0,382.0,436.0,359.0,369.0,245.0,246.0,343.0,399.0,480.0,541.0,515.0,531.0,483.0,522.0,507.0,405.0,266.0,241.0,399.0,472.0,543.0,679.0,376.0,385.0,404.0,380.0,397.0,448.0,286.0,293.0,345.0,399.0,443.0,503.0,414.0,495.0,415.0,360.0,388.0,438.0,336.0,322.0,412.0,432.0,518.0,558.0,513.0,527.0,433.0,445.0,488.0,455.0,369.0,310.0,391.0,453.0,523.0,617.0,557.0,558.0,485.0,525.0,471.0,466.0,370.0,300.0,429.0,407.0,588.0,611.0,568.0,568.0,501.0,546.0,422.0,470.0,367.0,294.0,441.0,510.0,593.0,698.0,673.0,682.0,614.0,642.0,485.0,557.0,418.0,419.0,506.0,557.0,677.0,799.0,671.0,746.0,699.0,654.0,615.0,605.0,457.0,421.0,589.0,547.0,688.0,823.0,681.0,707.0,644.0,695.0,635.0,595.0,473.0,364.0,549.0,555.0,700.0,790.0,724.0,676.0,580.0,636.0,657.0,512.0,496.0,396.0,546.0,575.0,743.0,754.0,706.0,763.0,593.0,636.0,604.0,564.0,484.0,397.0,458.0,374.0,356.0,430.0,747.0,737.0,726.0,759.0,665.0,706.0,480.0,406.0,543.0,578.0,618.0,842.0,762.0,737.0,751.0,689.0,693.0,690.0,474.0,405.0,488.0,563.0,607.0,712.0,610.0,690.0,584.0,561.0,454.0,473.0,325.0,292.0,431.0,391.0,519.0,586.0,501.0,565.0,505.0,490.0,443.0,477.0,355.0,316.0,410.0,424.0,484.0,498.0,553.0,514.0,440.0,487.0,464.0,488.0,423.0,311.0,405.0,441.0,511.0,559.0,552.0,560.0,517.0,553.0,520.0,548.0,372.0,356.0,407.0,453.0,520.0,647.0,595.0,584.0
394997,105,"Portland, ME",msa,ME,345.0,312.0,331.0,444.0,469.0,492.0,443.0,426.0,391.0,289.0,245.0,174.0,222.0,273.0,274.0,389.0,536.0,494.0,485.0,505.0,538.0,439.0,357.0,215.0,247.0,390.0,444.0,504.0,551.0,384.0,428.0,405.0,395.0,349.0,353.0,222.0,224.0,277.0,359.0,400.0,459.0,455.0,462.0,416.0,403.0,366.0,324.0,261.0,276.0,359.0,436.0,524.0,620.0,514.0,575.0,530.0,568.0,489.0,406.0,333.0,276.0,407.0,525.0,661.0,687.0,720.0,771.0,591.0,613.0,486.0,471.0,361.0,332.0,439.0,524.0,677.0,806.0,767.0,809.0,658.0,750.0,471.0,539.0,393.0,338.0,501.0,563.0,716.0,1023.0,899.0,867.0,836.0,797.0,567.0,687.0,485.0,486.0,607.0,698.0,948.0,1004.0,897.0,933.0,805.0,872.0,710.0,664.0,499.0,413.0,589.0,539.0,833.0,970.0,883.0,949.0,886.0,818.0,788.0,710.0,511.0,432.0,606.0,671.0,799.0,1022.0,926.0,964.0,828.0,801.0,758.0,579.0,381.0,431.0,562.0,614.0,840.0,916.0,900.0,988.0,816.0,828.0,719.0,716.0,560.0,394.0,545.0,518.0,577.0,806.0,940.0,1017.0,1032.0,1044.0,846.0,862.0,554.0,414.0,567.0,670.0,831.0,1034.0,970.0,975.0,1069.0,1021.0,810.0,796.0,526.0,371.0,567.0,621.0,779.0,900.0,868.0,915.0,861.0,755.0,592.0,495.0,326.0,289.0,402.0,396.0,592.0,707.0,638.0,707.0,649.0,655.0,573.0,441.0,326.0,296.0,429.0,461.0,574.0,661.0,651.0,709.0,668.0,668.0,584.0,530.0,384.0,297.0,348.0,484.0,677.0,689.0,767.0,778.0,713.0,800.0,521.0,575.0,336.0,339.0,432.0,498.0,653.0,834.0,811.0,741.0
395245,106,"Youngstown, OH",msa,OH,336.0,394.0,396.0,468.0,462.0,470.0,432.0,448.0,431.0,356.0,359.0,245.0,279.0,336.0,368.0,361.0,433.0,412.0,421.0,424.0,449.0,393.0,372.0,247.0,267.0,400.0,390.0,464.0,518.0,357.0,383.0,386.0,371.0,291.0,350.0,284.0,271.0,348.0,362.0,416.0,414.0,379.0,416.0,419.0,405.0,356.0,420.0,290.0,309.0,374.0,464.0,446.0,473.0,470.0,516.0,411.0,463.0,426.0,433.0,343.0,365.0,411.0,464.0,537.0,550.0,547.0,596.0,498.0,510.0,472.0,489.0,341.0,330.0,401.0,500.0,492.0,555.0,527.0,539.0,580.0,581.0,425.0,514.0,409.0,345.0,503.0,520.0,533.0,655.0,698.0,590.0,608.0,588.0,467.0,553.0,422.0,431.0,548.0,518.0,597.0,671.0,623.0,670.0,600.0,580.0,540.0,529.0,408.0,401.0,610.0,546.0,679.0,674.0,598.0,709.0,683.0,601.0,541.0,508.0,395.0,359.0,523.0,560.0,581.0,661.0,651.0,686.0,589.0,635.0,531.0,451.0,389.0,383.0,523.0,577.0,610.0,551.0,600.0,634.0,560.0,633.0,527.0,507.0,392.0,417.0,442.0,468.0,404.0,609.0,714.0,722.0,820.0,786.0,680.0,712.0,496.0,442.0,616.0,708.0,639.0,744.0,750.0,726.0,754.0,774.0,696.0,767.0,487.0,489.0,610.0,579.0,609.0,686.0,702.0,747.0,626.0,585.0,556.0,556.0,409.0,390.0,545.0,498.0,538.0,587.0,561.0,647.0,542.0,618.0,509.0,579.0,370.0,457.0,498.0,481.0,587.0,535.0,578.0,551.0,535.0,591.0,502.0,504.0,370.0,419.0,472.0,549.0,621.0,631.0,655.0,660.0,631.0,640.0,472.0,577.0,402.0,359.0,453.0,531.0,572.0,642.0,636.0,528.0
394770,107,"Lansing, MI",msa,MI,344.0,440.0,537.0,573.0,560.0,604.0,568.0,527.0,520.0,367.0,412.0,336.0,364.0,429.0,549.0,522.0,620.0,636.0,653.0,563.0,624.0,553.0,517.0,367.0,400.0,549.0,654.0,662.0,588.0,458.0,476.0,485.0,441.0,413.0,452.0,383.0,346.0,496.0,496.0,504.0,568.0,572.0,599.0,535.0,465.0,452.0,499.0,452.0,420.0,544.0,596.0,629.0,677.0,634.0,698.0,540.0,623.0,604.0,555.0,559.0,482.0,612.0,653.0,646.0,632.0,764.0,800.0,649.0,639.0,627.0,565.0,469.0,392.0,550.0,595.0,676.0,757.0,833.0,677.0,696.0,763.0,552.0,625.0,415.0,434.0,513.0,624.0,739.0,890.0,828.0,827.0,661.0,702.0,528.0,635.0,488.0,483.0,614.0,692.0,759.0,954.0,846.0,970.0,817.0,737.0,662.0,633.0,493.0,500.0,658.0,702.0,908.0,1090.0,843.0,904.0,766.0,809.0,656.0,576.0,503.0,451.0,647.0,704.0,865.0,893.0,802.0,958.0,748.0,758.0,625.0,574.0,462.0,511.0,601.0,678.0,796.0,814.0,898.0,872.0,810.0,736.0,606.0,626.0,505.0,462.0,625.0,540.0,405.0,752.0,967.0,883.0,994.0,1005.0,855.0,869.0,651.0,658.0,717.0,805.0,857.0,973.0,981.0,967.0,922.0,899.0,858.0,839.0,616.0,573.0,684.0,707.0,838.0,914.0,861.0,875.0,780.0,702.0,587.0,578.0,420.0,487.0,607.0,543.0,712.0,845.0,691.0,744.0,621.0,625.0,606.0,524.0,401.0,440.0,500.0,607.0,710.0,630.0,676.0,669.0,618.0,603.0,560.0,506.0,427.0,428.0,496.0,595.0,708.0,712.0,715.0,671.0,650.0,656.0,555.0,596.0,428.0,426.0,501.0,597.0,655.0,789.0,732.0,694.0
394590,108,"Fayetteville, AR",msa,AR,370.0,502.0,476.0,528.0,547.0,596.0,534.0,457.0,438.0,286.0,339.0,234.0,326.0,402.0,450.0,510.0,574.0,646.0,578.0,575.0,566.0,566.0,442.0,243.0,318.0,496.0,604.0,566.0,581.0,419.0,514.0,473.0,441.0,398.0,470.0,356.0,333.0,494.0,523.0,544.0,639.0,615.0,616.0,540.0,450.0,426.0,428.0,376.0,392.0,542.0,484.0,607.0,663.0,681.0,692.0,560.0,602.0,522.0,530.0,476.0,454.0,692.0,661.0,758.0,750.0,855.0,848.0,710.0,683.0,570.0,581.0,431.0,421.0,607.0,620.0,691.0,779.0,780.0,728.0,740.0,726.0,546.0,593.0,456.0,497.0,685.0,647.0,825.0,828.0,882.0,840.0,781.0,716.0,557.0,698.0,512.0,579.0,828.0,861.0,989.0,1010.0,1001.0,1021.0,883.0,855.0,785.0,755.0,561.0,669.0,845.0,842.0,1026.0,1056.0,1003.0,1025.0,929.0,893.0,738.0,722.0,601.0,642.0,890.0,858.0,1024.0,1115.0,988.0,1055.0,738.0,827.0,719.0,593.0,488.0,578.0,709.0,837.0,1020.0,916.0,1013.0,937.0,725.0,750.0,666.0,704.0,616.0,604.0,757.0,744.0,777.0,984.0,1116.0,992.0,938.0,896.0,867.0,867.0,600.0,648.0,839.0,890.0,951.0,1079.0,1048.0,1046.0,1019.0,1037.0,902.0,966.0,671.0,668.0,920.0,825.0,853.0,973.0,823.0,915.0,815.0,661.0,542.0,548.0,374.0,480.0,574.0,570.0,803.0,787.0,658.0,681.0,607.0,546.0,469.0,500.0,390.0,443.0,531.0,636.0,734.0,723.0,750.0,729.0,616.0,624.0,554.0,573.0,422.0,483.0,629.0,719.0,795.0,756.0,773.0,731.0,635.0,690.0,523.0,657.0,436.0,510.0,686.0,750.0,728.0,856.0,822.0,699.0
394589,109,"Fayetteville, NC",msa,NC,445.0,514.0,572.0,645.0,627.0,623.0,593.0,478.0,431.0,319.0,398.0,300.0,351.0,441.0,452.0,439.0,537.0,502.0,414.0,403.0,407.0,425.0,410.0,222.0,296.0,372.0,450.0,512.0,522.0,414.0,423.0,353.0,350.0,331.0,388.0,254.0,307.0,387.0,373.0,388.0,439.0,339.0,399.0,335.0,292.0,251.0,319.0,253.0,324.0,307.0,335.0,342.0,403.0,379.0,398.0,315.0,370.0,344.0,318.0,315.0,301.0,366.0,405.0,461.0,443.0,445.0,415.0,403.0,430.0,364.0,382.0,353.0,350.0,426.0,408.0,464.0,465.0,524.0,485.0,394.0,438.0,357.0,481.0,326.0,356.0,483.0,427.0,470.0,522.0,589.0,587.0,501.0,518.0,438.0,552.0,405.0,448.0,580.0,560.0,636.0,670.0,633.0,712.0,646.0,496.0,535.0,565.0,509.0,473.0,648.0,597.0,712.0,832.0,665.0,717.0,632.0,688.0,568.0,545.0,465.0,528.0,685.0,688.0,841.0,840.0,802.0,838.0,494.0,712.0,573.0,568.0,506.0,545.0,713.0,734.0,825.0,822.0,872.0,823.0,719.0,767.0,648.0,690.0,610.0,594.0,735.0,733.0,750.0,965.0,1047.0,947.0,962.0,989.0,861.0,937.0,775.0,775.0,997.0,1039.0,1034.0,1349.0,1295.0,1308.0,1230.0,1146.0,1108.0,1118.0,912.0,929.0,1139.0,1100.0,1060.0,1185.0,1108.0,1113.0,987.0,851.0,758.0,753.0,608.0,640.0,776.0,682.0,834.0,991.0,766.0,887.0,749.0,690.0,591.0,632.0,534.0,584.0,667.0,778.0,836.0,753.0,776.0,704.0,606.0,677.0,572.0,589.0,492.0,395.0,430.0,482.0,660.0,680.0,765.0,692.0,648.0,653.0,479.0,576.0,490.0,476.0,642.0,689.0,697.0,737.0,768.0,633.0
394792,110,"Lexington, KY",msa,KY,462.0,517.0,557.0,677.0,714.0,696.0,651.0,530.0,518.0,356.0,415.0,310.0,352.0,487.0,506.0,586.0,814.0,762.0,702.0,691.0,690.0,583.0,516.0,389.0,455.0,570.0,645.0,835.0,789.0,545.0,524.0,617.0,336.0,383.0,512.0,355.0,368.0,519.0,547.0,580.0,715.0,569.0,649.0,519.0,478.0,509.0,539.0,376.0,407.0,586.0,584.0,738.0,794.0,832.0,778.0,591.0,645.0,638.0,590.0,472.0,506.0,721.0,799.0,910.0,883.0,1006.0,911.0,735.0,729.0,643.0,561.0,459.0,456.0,612.0,719.0,883.0,959.0,926.0,860.0,720.0,736.0,531.0,697.0,487.0,509.0,716.0,780.0,927.0,1097.0,1032.0,925.0,850.0,799.0,667.0,744.0,546.0,535.0,741.0,920.0,1066.0,1149.0,1021.0,1048.0,800.0,712.0,802.0,837.0,674.0,644.0,824.0,867.0,1113.0,1170.0,1057.0,1051.0,822.0,913.0,721.0,703.0,593.0,592.0,781.0,884.0,988.0,1060.0,1012.0,1003.0,773.0,791.0,677.0,651.0,535.0,563.0,784.0,948.0,1070.0,976.0,1094.0,1018.0,864.0,836.0,722.0,762.0,572.0,588.0,769.0,633.0,808.0,944.0,1072.0,985.0,1051.0,925.0,828.0,875.0,615.0,622.0,806.0,927.0,954.0,1026.0,1056.0,1067.0,948.0,823.0,777.0,775.0,585.0,498.0,669.0,731.0,863.0,848.0,800.0,796.0,704.0,578.0,468.0,464.0,355.0,349.0,501.0,479.0,583.0,633.0,557.0,603.0,559.0,488.0,415.0,422.0,374.0,381.0,451.0,540.0,651.0,580.0,664.0,596.0,493.0,532.0,472.0,485.0,386.0,350.0,434.0,557.0,714.0,667.0,707.0,624.0,570.0,513.0,463.0,542.0,384.0,422.0,467.0,608.0,722.0,726.0,702.0,645.0
394971,111,"Pensacola, FL",msa,FL,370.0,386.0,449.0,466.0,570.0,461.0,421.0,405.0,395.0,286.0,391.0,262.0,315.0,381.0,438.0,450.0,513.0,505.0,470.0,439.0,456.0,453.0,382.0,241.0,319.0,474.0,475.0,468.0,493.0,390.0,375.0,425.0,356.0,333.0,385.0,275.0,282.0,457.0,488.0,429.0,478.0,406.0,520.0,410.0,391.0,372.0,419.0,322.0,348.0,491.0,457.0,530.0,537.0,511.0,517.0,463.0,548.0,483.0,552.0,357.0,443.0,602.0,595.0,671.0,593.0,658.0,761.0,627.0,573.0,573.0,700.0,405.0,534.0,644.0,662.0,731.0,747.0,773.0,801.0,689.0,720.0,594.0,712.0,519.0,572.0,741.0,774.0,823.0,879.0,914.0,827.0,761.0,772.0,625.0,738.0,529.0,611.0,790.0,846.0,879.0,1061.0,857.0,891.0,872.0,797.0,788.0,789.0,627.0,670.0,900.0,869.0,1005.0,1013.0,954.0,1024.0,848.0,836.0,749.0,887.0,601.0,662.0,879.0,942.0,1017.0,1066.0,968.0,1051.0,889.0,803.0,736.0,729.0,573.0,614.0,822.0,983.0,1089.0,1044.0,1021.0,997.0,859.0,867.0,735.0,810.0,631.0,698.0,898.0,791.0,746.0,1021.0,1088.0,1070.0,847.0,935.0,767.0,953.0,697.0,827.0,1129.0,1134.0,1110.0,1394.0,1262.0,1231.0,1196.0,1198.0,1034.0,1170.0,841.0,909.0,1175.0,1089.0,1229.0,1198.0,1029.0,1032.0,882.0,842.0,651.0,636.0,519.0,605.0,839.0,733.0,921.0,884.0,769.0,818.0,701.0,679.0,535.0,576.0,459.0,529.0,672.0,741.0,800.0,724.0,786.0,717.0,619.0,615.0,561.0,588.0,461.0,525.0,633.0,739.0,750.0,850.0,748.0,743.0,669.0,668.0,540.0,667.0,500.0,589.0,720.0,824.0,788.0,835.0,820.0,718.0
395068,112,"Santa Rosa, CA",msa,CA,195.0,289.0,371.0,389.0,478.0,447.0,462.0,495.0,568.0,398.0,452.0,369.0,352.0,405.0,465.0,463.0,490.0,492.0,448.0,464.0,478.0,423.0,456.0,309.0,361.0,426.0,445.0,477.0,550.0,428.0,459.0,460.0,362.0,374.0,426.0,318.0,382.0,492.0,442.0,444.0,523.0,473.0,523.0,468.0,487.0,467.0,459.0,395.0,397.0,536.0,516.0,606.0,653.0,581.0,619.0,502.0,560.0,508.0,507.0,364.0,365.0,507.0,576.0,638.0,573.0,629.0,639.0,506.0,543.0,442.0,408.0,353.0,350.0,441.0,486.0,572.0,572.0,644.0,556.0,552.0,498.0,437.0,454.0,293.0,336.0,440.0,567.0,563.0,681.0,675.0,630.0,511.0,557.0,475.0,486.0,347.0,343.0,479.0,545.0,567.0,616.0,596.0,606.0,565.0,495.0,484.0,398.0,330.0,324.0,488.0,445.0,549.0,625.0,531.0,656.0,524.0,463.0,565.0,444.0,357.0,372.0,477.0,517.0,563.0,517.0,522.0,587.0,413.0,548.0,417.0,346.0,309.0,294.0,364.0,454.0,560.0,531.0,546.0,491.0,533.0,488.0,419.0,382.0,293.0,345.0,376.0,311.0,246.0,565.0,734.0,677.0,644.0,591.0,550.0,537.0,384.0,437.0,582.0,771.0,705.0,804.0,767.0,739.0,657.0,649.0,594.0,523.0,332.0,359.0,546.0,612.0,583.0,582.0,446.0,440.0,401.0,368.0,326.0,275.0,208.0,230.0,336.0,321.0,418.0,465.0,382.0,417.0,337.0,364.0,274.0,271.0,216.0,237.0,330.0,379.0,434.0,405.0,469.0,448.0,378.0,450.0,337.0,284.0,238.0,270.0,317.0,397.0,407.0,471.0,476.0,440.0,415.0,452.0,349.0,335.0,214.0,272.0,369.0,452.0,424.0,474.0,457.0,442.0
395019,113,"Reno, NV",msa,NV,287.0,365.0,442.0,443.0,471.0,478.0,415.0,448.0,429.0,329.0,364.0,309.0,348.0,459.0,530.0,571.0,694.0,600.0,613.0,643.0,667.0,578.0,536.0,481.0,443.0,621.0,666.0,622.0,742.0,573.0,593.0,622.0,565.0,544.0,607.0,482.0,502.0,658.0,590.0,661.0,698.0,690.0,716.0,699.0,641.0,616.0,671.0,573.0,562.0,673.0,635.0,698.0,672.0,698.0,720.0,613.0,723.0,678.0,662.0,478.0,572.0,677.0,676.0,778.0,728.0,822.0,847.0,724.0,754.0,600.0,686.0,494.0,521.0,636.0,674.0,696.0,757.0,712.0,766.0,680.0,682.0,574.0,670.0,486.0,529.0,684.0,748.0,782.0,890.0,848.0,721.0,749.0,717.0,538.0,626.0,535.0,520.0,737.0,718.0,820.0,891.0,837.0,852.0,812.0,678.0,720.0,688.0,517.0,515.0,714.0,717.0,899.0,1119.0,892.0,1007.0,846.0,778.0,726.0,690.0,558.0,590.0,774.0,694.0,837.0,839.0,797.0,821.0,649.0,690.0,646.0,518.0,474.0,475.0,637.0,739.0,878.0,766.0,828.0,827.0,761.0,713.0,595.0,649.0,527.0,586.0,658.0,508.0,529.0,763.0,1009.0,950.0,975.0,877.0,795.0,789.0,517.0,566.0,728.0,856.0,770.0,947.0,883.0,816.0,798.0,781.0,775.0,774.0,571.0,549.0,730.0,728.0,714.0,648.0,548.0,592.0,637.0,460.0,423.0,417.0,318.0,342.0,526.0,504.0,561.0,594.0,578.0,590.0,498.0,444.0,394.0,370.0,324.0,375.0,431.0,506.0,573.0,523.0,574.0,504.0,509.0,539.0,428.0,469.0,376.0,406.0,493.0,526.0,574.0,615.0,592.0,544.0,580.0,556.0,432.0,530.0,380.0,429.0,560.0,613.0,611.0,724.0,683.0,564.0
394698,114,"Huntsville, AL",msa,AL,274.0,313.0,239.0,370.0,401.0,473.0,373.0,341.0,348.0,229.0,258.0,199.0,226.0,298.0,326.0,311.0,356.0,349.0,335.0,317.0,320.0,362.0,336.0,180.0,191.0,315.0,372.0,403.0,428.0,273.0,303.0,240.0,261.0,260.0,295.0,169.0,234.0,292.0,172.0,260.0,303.0,323.0,334.0,278.0,250.0,230.0,276.0,289.0,328.0,415.0,476.0,506.0,478.0,418.0,531.0,451.0,466.0,475.0,457.0,314.0,397.0,474.0,490.0,596.0,622.0,618.0,603.0,556.0,542.0,448.0,467.0,380.0,389.0,449.0,553.0,607.0,611.0,606.0,593.0,503.0,550.0,427.0,487.0,341.0,440.0,616.0,595.0,624.0,697.0,691.0,657.0,727.0,605.0,525.0,605.0,474.0,527.0,664.0,700.0,738.0,841.0,692.0,737.0,705.0,630.0,571.0,624.0,537.0,560.0,795.0,760.0,822.0,933.0,817.0,871.0,734.0,682.0,540.0,534.0,455.0,471.0,662.0,706.0,865.0,1009.0,920.0,965.0,867.0,796.0,711.0,664.0,550.0,604.0,732.0,869.0,933.0,893.0,987.0,967.0,744.0,802.0,643.0,726.0,693.0,655.0,766.0,733.0,728.0,888.0,1024.0,1026.0,982.0,1023.0,819.0,926.0,781.0,661.0,888.0,893.0,911.0,1102.0,1040.0,960.0,995.0,919.0,845.0,933.0,652.0,639.0,911.0,868.0,901.0,948.0,818.0,840.0,782.0,654.0,521.0,512.0,381.0,461.0,643.0,582.0,678.0,685.0,558.0,677.0,602.0,565.0,490.0,481.0,394.0,479.0,544.0,643.0,660.0,589.0,710.0,601.0,567.0,592.0,490.0,555.0,418.0,510.0,582.0,654.0,757.0,691.0,695.0,684.0,689.0,710.0,539.0,592.0,489.0,540.0,667.0,799.0,800.0,863.0,858.0,741.0
394995,115,"Port St. Lucie, FL",msa,FL,468.0,577.0,608.0,665.0,688.0,624.0,565.0,567.0,610.0,492.0,656.0,541.0,634.0,775.0,808.0,808.0,865.0,801.0,806.0,825.0,819.0,846.0,905.0,676.0,703.0,937.0,1030.0,854.0,980.0,753.0,668.0,655.0,618.0,605.0,733.0,618.0,622.0,985.0,926.0,861.0,809.0,714.0,789.0,721.0,684.0,639.0,837.0,627.0,697.0,930.0,972.0,1004.0,961.0,897.0,948.0,776.0,917.0,844.0,951.0,784.0,836.0,1124.0,1282.0,1215.0,1099.0,1116.0,1104.0,955.0,1022.0,919.0,1035.0,897.0,988.0,1186.0,1262.0,1332.0,1219.0,1196.0,1123.0,1153.0,1085.0,923.0,1158.0,847.0,978.0,1231.0,1322.0,1236.0,1350.0,1223.0,1125.0,1147.0,1103.0,971.0,992.0,807.0,929.0,1173.0,1317.0,1286.0,1342.0,1073.0,1076.0,1011.0,913.0,913.0,1096.0,819.0,906.0,1303.0,1268.0,1396.0,1368.0,1209.0,1256.0,907.0,985.0,973.0,1071.0,784.0,945.0,1241.0,1231.0,1390.0,1195.0,1101.0,1148.0,901.0,970.0,899.0,862.0,678.0,753.0,1004.0,1166.0,1200.0,1080.0,1066.0,990.0,926.0,941.0,887.0,995.0,720.0,812.0,1102.0,880.0,721.0,1017.0,1327.0,1234.0,1237.0,1386.0,1192.0,1360.0,1064.0,1223.0,1711.0,1707.0,1594.0,1594.0,1442.0,1297.0,1234.0,1220.0,1189.0,1291.0,961.0,1021.0,1407.0,1321.0,1331.0,1246.0,998.0,1002.0,824.0,793.0,652.0,738.0,603.0,686.0,1070.0,1028.0,1076.0,1079.0,894.0,988.0,851.0,873.0,746.0,764.0,583.0,819.0,950.0,1038.0,1067.0,896.0,914.0,855.0,777.0,704.0,573.0,741.0,605.0,696.0,903.0,935.0,856.0,893.0,822.0,834.0,864.0,829.0,640.0,905.0,655.0,730.0,1002.0,1057.0,936.0,1065.0,925.0,799.0
394761,116,"Lafayette, LA",msa,LA,221.0,223.0,240.0,394.0,311.0,350.0,401.0,215.0,259.0,201.0,300.0,175.0,196.0,230.0,229.0,297.0,285.0,347.0,269.0,253.0,304.0,248.0,266.0,188.0,182.0,239.0,360.0,292.0,271.0,291.0,262.0,260.0,218.0,244.0,240.0,222.0,235.0,295.0,329.0,334.0,335.0,257.0,311.0,233.0,248.0,217.0,190.0,147.0,206.0,294.0,375.0,395.0,350.0,359.0,457.0,352.0,384.0,316.0,280.0,245.0,304.0,368.0,413.0,461.0,475.0,469.0,529.0,433.0,385.0,331.0,340.0,298.0,316.0,335.0,450.0,438.0,438.0,413.0,415.0,420.0,468.0,382.0,384.0,301.0,334.0,382.0,355.0,350.0,390.0,476.0,446.0,355.0,378.0,281.0,324.0,291.0,286.0,367.0,352.0,389.0,441.0,388.0,468.0,374.0,352.0,366.0,355.0,344.0,306.0,442.0,367.0,453.0,430.0,404.0,440.0,402.0,369.0,365.0,376.0,301.0,337.0,437.0,422.0,514.0,468.0,449.0,407.0,404.0,390.0,354.0,332.0,300.0,337.0,418.0,435.0,511.0,407.0,478.0,487.0,394.0,476.0,349.0,345.0,389.0,332.0,448.0,318.0,345.0,497.0,535.0,533.0,550.0,485.0,440.0,543.0,402.0,422.0,567.0,609.0,588.0,692.0,644.0,591.0,572.0,503.0,536.0,500.0,405.0,460.0,542.0,509.0,540.0,494.0,463.0,485.0,428.0,377.0,320.0,338.0,254.0,272.0,362.0,341.0,436.0,420.0,380.0,430.0,379.0,313.0,317.0,282.0,243.0,295.0,393.0,382.0,410.0,350.0,392.0,377.0,311.0,354.0,338.0,276.0,251.0,281.0,347.0,382.0,427.0,398.0,435.0,376.0,403.0,384.0,300.0,366.0,258.0,311.0,402.0,381.0,419.0,384.0,404.0,365.0
394898,117,"Myrtle Beach, SC",msa,SC,556.0,595.0,712.0,752.0,776.0,691.0,643.0,609.0,677.0,431.0,478.0,397.0,496.0,652.0,625.0,766.0,851.0,823.0,755.0,781.0,844.0,789.0,809.0,588.0,620.0,816.0,839.0,800.0,1032.0,756.0,838.0,637.0,822.0,736.0,917.0,626.0,655.0,957.0,988.0,972.0,1029.0,827.0,966.0,893.0,871.0,856.0,882.0,725.0,791.0,1051.0,1069.0,1200.0,1172.0,1056.0,1194.0,984.0,1105.0,1123.0,911.0,806.0,920.0,1067.0,1223.0,1381.0,1272.0,1295.0,1320.0,1255.0,1259.0,1128.0,1174.0,766.0,912.0,1076.0,1027.0,1247.0,1376.0,1333.0,1316.0,1205.0,1172.0,1071.0,1201.0,843.0,916.0,1325.0,1401.0,1466.0,1464.0,1447.0,1344.0,1413.0,1390.0,1038.0,1282.0,912.0,1105.0,1382.0,1409.0,1597.0,1731.0,1474.0,1545.0,1543.0,1241.0,1205.0,1232.0,1077.0,1132.0,1714.0,1635.0,1792.0,1946.0,1570.0,1862.0,1505.0,1482.0,1422.0,1384.0,1121.0,1320.0,1675.0,1794.0,1931.0,1793.0,1705.0,1802.0,1001.0,1608.0,1273.0,1258.0,1107.0,1199.0,1622.0,1663.0,1858.0,1694.0,1711.0,1756.0,1495.0,1434.0,1348.0,1385.0,1283.0,1290.0,1551.0,1236.0,1127.0,1863.0,2376.0,2202.0,2297.0,2415.0,1960.0,2127.0,1749.0,1774.0,2720.0,2642.0,2690.0,2836.0,2432.0,2469.0,2386.0,2328.0,2344.0,2290.0,1910.0,1827.0,2540.0,2314.0,2308.0,2229.0,1772.0,1966.0,1695.0,1509.0,1383.0,1201.0,1134.0,1165.0,1828.0,1615.0,1978.0,1952.0,1484.0,1726.0,1635.0,1477.0,1288.0,1195.0,1023.0,1181.0,1549.0,1613.0,1634.0,1414.0,1464.0,1490.0,1306.0,1390.0,1175.0,1219.0,1079.0,1182.0,1436.0,1611.0,1576.0,1681.0,1547.0,1616.0,1496.0,1497.0,1179.0,1306.0,1022.0,1100.0,1525.0,1571.0,1749.0,1756.0,1738.0,1667.0
395116,118,"Springfield, MO",msa,MO,399.0,456.0,517.0,623.0,568.0,577.0,520.0,434.0,437.0,323.0,316.0,249.0,322.0,385.0,439.0,459.0,560.0,558.0,510.0,502.0,536.0,516.0,359.0,251.0,308.0,513.0,561.0,608.0,518.0,368.0,411.0,385.0,381.0,351.0,363.0,306.0,292.0,372.0,437.0,479.0,529.0,407.0,476.0,410.0,430.0,375.0,386.0,267.0,340.0,463.0,441.0,557.0,561.0,545.0,582.0,488.0,498.0,466.0,426.0,348.0,379.0,463.0,559.0,627.0,609.0,727.0,636.0,577.0,459.0,428.0,462.0,331.0,352.0,432.0,507.0,635.0,584.0,601.0,601.0,492.0,500.0,371.0,427.0,374.0,348.0,557.0,554.0,633.0,795.0,742.0,654.0,592.0,622.0,449.0,554.0,420.0,470.0,630.0,707.0,815.0,837.0,810.0,749.0,679.0,611.0,607.0,584.0,438.0,471.0,678.0,683.0,841.0,825.0,729.0,787.0,648.0,690.0,577.0,499.0,452.0,430.0,625.0,702.0,864.0,918.0,757.0,813.0,612.0,711.0,580.0,492.0,358.0,483.0,603.0,702.0,862.0,725.0,806.0,792.0,659.0,683.0,572.0,571.0,456.0,437.0,701.0,621.0,620.0,855.0,897.0,809.0,795.0,773.0,671.0,678.0,546.0,551.0,762.0,887.0,943.0,1116.0,1047.0,1111.0,1006.0,1027.0,916.0,886.0,637.0,605.0,722.0,835.0,927.0,957.0,858.0,890.0,839.0,688.0,581.0,518.0,373.0,458.0,625.0,593.0,766.0,768.0,618.0,666.0,541.0,507.0,427.0,402.0,334.0,413.0,453.0,557.0,576.0,590.0,560.0,550.0,498.0,520.0,465.0,421.0,329.0,374.0,483.0,522.0,649.0,618.0,585.0,585.0,511.0,506.0,457.0,527.0,332.0,427.0,572.0,609.0,654.0,652.0,678.0,571.0
395195,119,"Visalia, CA",msa,CA,163.0,208.0,244.0,277.0,295.0,320.0,245.0,302.0,299.0,229.0,303.0,260.0,258.0,334.0,351.0,325.0,388.0,350.0,320.0,329.0,327.0,286.0,377.0,239.0,280.0,334.0,367.0,373.0,356.0,299.0,334.0,318.0,336.0,332.0,386.0,287.0,274.0,422.0,384.0,426.0,400.0,362.0,417.0,383.0,412.0,363.0,403.0,314.0,334.0,400.0,354.0,403.0,447.0,369.0,441.0,312.0,375.0,301.0,385.0,305.0,298.0,353.0,360.0,406.0,410.0,400.0,379.0,340.0,346.0,328.0,322.0,230.0,241.0,325.0,345.0,392.0,370.0,391.0,384.0,347.0,357.0,288.0,328.0,236.0,270.0,334.0,385.0,369.0,430.0,418.0,371.0,351.0,358.0,259.0,392.0,240.0,299.0,393.0,353.0,437.0,482.0,427.0,429.0,405.0,375.0,361.0,393.0,283.0,302.0,387.0,377.0,439.0,491.0,396.0,429.0,393.0,380.0,339.0,378.0,328.0,306.0,412.0,388.0,454.0,459.0,451.0,413.0,318.0,416.0,338.0,302.0,296.0,297.0,409.0,425.0,443.0,427.0,408.0,428.0,363.0,420.0,370.0,364.0,296.0,293.0,384.0,322.0,341.0,430.0,445.0,357.0,459.0,425.0,420.0,498.0,326.0,367.0,390.0,456.0,422.0,475.0,470.0,440.0,445.0,418.0,422.0,454.0,387.0,358.0,470.0,473.0,411.0,452.0,394.0,396.0,355.0,269.0,245.0,287.0,206.0,232.0,282.0,257.0,282.0,359.0,281.0,342.0,284.0,237.0,216.0,234.0,218.0,236.0,281.0,288.0,306.0,288.0,300.0,273.0,241.0,280.0,230.0,249.0,217.0,226.0,298.0,306.0,298.0,314.0,322.0,252.0,262.0,297.0,239.0,301.0,228.0,243.0,308.0,313.0,306.0,330.0,310.0,264.0
394746,120,"Killeen, TX",msa,TX,191.0,253.0,245.0,242.0,273.0,254.0,272.0,258.0,221.0,178.0,242.0,177.0,192.0,237.0,298.0,329.0,592.0,345.0,319.0,289.0,286.0,309.0,263.0,183.0,200.0,324.0,348.0,343.0,346.0,278.0,252.0,244.0,221.0,231.0,206.0,167.0,175.0,210.0,247.0,273.0,305.0,236.0,260.0,218.0,188.0,194.0,207.0,191.0,188.0,214.0,242.0,300.0,314.0,315.0,326.0,220.0,254.0,218.0,234.0,178.0,224.0,242.0,272.0,374.0,363.0,392.0,370.0,291.0,318.0,236.0,252.0,258.0,261.0,295.0,335.0,387.0,394.0,397.0,388.0,328.0,320.0,268.0,305.0,259.0,252.0,341.0,371.0,383.0,448.0,491.0,430.0,391.0,336.0,280.0,329.0,272.0,300.0,369.0,449.0,464.0,538.0,473.0,518.0,414.0,386.0,403.0,395.0,317.0,322.0,477.0,430.0,531.0,582.0,521.0,535.0,485.0,425.0,398.0,447.0,308.0,353.0,454.0,505.0,625.0,620.0,654.0,629.0,459.0,464.0,463.0,421.0,347.0,430.0,508.0,583.0,761.0,640.0,679.0,647.0,538.0,455.0,453.0,450.0,380.0,414.0,524.0,496.0,505.0,666.0,761.0,649.0,665.0,672.0,534.0,575.0,472.0,407.0,647.0,729.0,816.0,969.0,896.0,947.0,974.0,856.0,765.0,858.0,623.0,683.0,766.0,815.0,826.0,883.0,836.0,819.0,687.0,619.0,477.0,451.0,390.0,476.0,561.0,505.0,659.0,653.0,529.0,495.0,447.0,422.0,348.0,329.0,290.0,366.0,402.0,439.0,457.0,430.0,457.0,393.0,344.0,410.0,376.0,342.0,272.0,328.0,359.0,433.0,475.0,451.0,467.0,389.0,433.0,381.0,329.0,349.0,248.0,246.0,393.0,390.0,475.0,531.0,455.0,366.0
394338,121,"Asheville, NC",msa,NC,372.0,391.0,411.0,456.0,447.0,458.0,427.0,402.0,381.0,265.0,297.0,204.0,239.0,308.0,297.0,309.0,398.0,480.0,405.0,424.0,457.0,360.0,388.0,225.0,235.0,344.0,416.0,408.0,521.0,339.0,372.0,393.0,364.0,304.0,391.0,224.0,249.0,404.0,365.0,375.0,418.0,414.0,410.0,386.0,383.0,366.0,357.0,271.0,326.0,417.0,402.0,501.0,478.0,449.0,492.0,445.0,502.0,439.0,475.0,383.0,369.0,431.0,537.0,663.0,587.0,657.0,681.0,565.0,621.0,589.0,490.0,400.0,366.0,509.0,535.0,640.0,702.0,691.0,613.0,592.0,676.0,576.0,626.0,435.0,408.0,620.0,546.0,609.0,801.0,876.0,748.0,771.0,731.0,557.0,688.0,488.0,458.0,630.0,736.0,804.0,879.0,810.0,855.0,813.0,699.0,701.0,630.0,516.0,449.0,758.0,657.0,718.0,823.0,727.0,722.0,747.0,702.0,681.0,667.0,477.0,514.0,640.0,637.0,758.0,821.0,799.0,826.0,593.0,723.0,649.0,577.0,452.0,456.0,632.0,670.0,843.0,745.0,820.0,831.0,715.0,744.0,586.0,672.0,554.0,556.0,592.0,516.0,445.0,701.0,954.0,896.0,935.0,986.0,833.0,942.0,640.0,634.0,887.0,906.0,925.0,1133.0,1019.0,1004.0,1077.0,1054.0,1029.0,1062.0,787.0,695.0,938.0,860.0,943.0,1071.0,825.0,923.0,864.0,748.0,662.0,645.0,456.0,470.0,650.0,572.0,740.0,740.0,674.0,675.0,643.0,651.0,542.0,461.0,397.0,446.0,477.0,521.0,626.0,542.0,546.0,601.0,415.0,421.0,375.0,461.0,418.0,363.0,427.0,475.0,543.0,543.0,600.0,569.0,587.0,642.0,520.0,597.0,452.0,392.0,533.0,615.0,622.0,720.0,678.0,592.0
395244,122,"York, PA",msa,PA,409.0,478.0,504.0,506.0,496.0,576.0,513.0,446.0,429.0,341.0,380.0,270.0,270.0,393.0,382.0,380.0,540.0,495.0,505.0,444.0,549.0,485.0,437.0,267.0,263.0,452.0,462.0,486.0,600.0,417.0,377.0,345.0,377.0,316.0,432.0,268.0,278.0,358.0,374.0,437.0,470.0,445.0,458.0,397.0,385.0,331.0,434.0,318.0,335.0,371.0,398.0,422.0,508.0,477.0,469.0,385.0,429.0,455.0,441.0,334.0,297.0,434.0,419.0,522.0,533.0,546.0,548.0,480.0,478.0,468.0,471.0,331.0,324.0,387.0,461.0,520.0,570.0,560.0,583.0,445.0,513.0,462.0,502.0,354.0,351.0,476.0,515.0,561.0,664.0,683.0,611.0,572.0,571.0,473.0,568.0,412.0,384.0,513.0,575.0,656.0,739.0,690.0,689.0,636.0,564.0,524.0,560.0,413.0,413.0,590.0,543.0,681.0,745.0,671.0,762.0,635.0,600.0,498.0,468.0,406.0,379.0,515.0,547.0,676.0,714.0,644.0,699.0,587.0,618.0,514.0,479.0,392.0,427.0,565.0,531.0,707.0,699.0,701.0,675.0,610.0,630.0,567.0,576.0,402.0,411.0,570.0,463.0,305.0,554.0,843.0,838.0,748.0,833.0,737.0,776.0,543.0,471.0,632.0,687.0,756.0,834.0,891.0,896.0,826.0,766.0,724.0,763.0,584.0,495.0,717.0,673.0,684.0,777.0,685.0,762.0,682.0,603.0,582.0,508.0,369.0,372.0,544.0,509.0,624.0,631.0,554.0,600.0,538.0,553.0,496.0,538.0,358.0,383.0,466.0,517.0,606.0,607.0,611.0,621.0,583.0,579.0,491.0,526.0,413.0,371.0,453.0,521.0,508.0,572.0,582.0,593.0,687.0,600.0,539.0,616.0,450.0,444.0,459.0,521.0,535.0,527.0,664.0,571.0
395183,123,"Vallejo, CA",msa,CA,177.0,253.0,336.0,365.0,399.0,471.0,476.0,519.0,588.0,478.0,628.0,480.0,497.0,628.0,633.0,599.0,742.0,611.0,569.0,571.0,571.0,510.0,561.0,390.0,386.0,570.0,508.0,567.0,654.0,506.0,478.0,472.0,444.0,466.0,502.0,418.0,392.0,540.0,494.0,521.0,657.0,536.0,553.0,543.0,514.0,507.0,606.0,477.0,504.0,630.0,499.0,646.0,550.0,532.0,596.0,453.0,497.0,499.0,467.0,409.0,443.0,537.0,522.0,520.0,471.0,488.0,529.0,452.0,513.0,361.0,419.0,381.0,308.0,361.0,440.0,468.0,516.0,542.0,562.0,447.0,479.0,361.0,427.0,349.0,374.0,452.0,543.0,553.0,643.0,598.0,578.0,559.0,508.0,399.0,511.0,330.0,394.0,514.0,504.0,558.0,613.0,521.0,624.0,640.0,540.0,510.0,473.0,380.0,378.0,499.0,500.0,555.0,598.0,532.0,637.0,542.0,540.0,459.0,479.0,360.0,384.0,505.0,510.0,563.0,573.0,556.0,542.0,430.0,455.0,408.0,386.0,312.0,329.0,450.0,455.0,550.0,531.0,558.0,588.0,496.0,489.0,411.0,441.0,353.0,343.0,440.0,370.0,368.0,531.0,600.0,512.0,568.0,569.0,511.0,499.0,439.0,368.0,572.0,625.0,522.0,649.0,648.0,646.0,564.0,598.0,547.0,577.0,369.0,395.0,505.0,550.0,530.0,493.0,408.0,458.0,434.0,365.0,279.0,318.0,213.0,240.0,358.0,337.0,428.0,389.0,320.0,361.0,274.0,306.0,252.0,226.0,242.0,253.0,330.0,303.0,331.0,358.0,357.0,358.0,329.0,349.0,284.0,301.0,234.0,285.0,311.0,362.0,364.0,335.0,370.0,325.0,359.0,356.0,289.0,298.0,224.0,320.0,382.0,380.0,339.0,393.0,385.0,363.0
753917,124,"Santa Maria, CA",msa,CA,187.0,214.0,254.0,270.0,271.0,288.0,292.0,316.0,323.0,236.0,296.0,243.0,229.0,253.0,264.0,267.0,356.0,326.0,236.0,296.0,321.0,269.0,324.0,222.0,214.0,274.0,296.0,332.0,323.0,288.0,260.0,253.0,249.0,270.0,285.0,201.0,197.0,287.0,259.0,297.0,326.0,296.0,331.0,335.0,272.0,263.0,309.0,265.0,253.0,346.0,341.0,419.0,377.0,397.0,441.0,322.0,359.0,360.0,383.0,293.0,271.0,346.0,371.0,406.0,340.0,410.0,421.0,331.0,322.0,292.0,298.0,235.0,201.0,289.0,327.0,355.0,341.0,347.0,328.0,326.0,335.0,244.0,292.0,240.0,221.0,357.0,364.0,416.0,379.0,442.0,350.0,368.0,320.0,253.0,331.0,270.0,231.0,354.0,346.0,385.0,392.0,350.0,385.0,361.0,334.0,320.0,326.0,263.0,260.0,334.0,344.0,364.0,432.0,357.0,411.0,351.0,328.0,315.0,302.0,233.0,240.0,360.0,336.0,400.0,396.0,358.0,409.0,268.0,335.0,256.0,260.0,219.0,247.0,320.0,324.0,392.0,374.0,376.0,363.0,325.0,336.0,270.0,347.0,300.0,257.0,311.0,226.0,197.0,349.0,400.0,466.0,512.0,458.0,362.0,432.0,315.0,279.0,481.0,434.0,434.0,417.0,462.0,445.0,384.0,434.0,323.0,365.0,285.0,289.0,391.0,373.0,337.0,351.0,249.0,334.0,294.0,241.0,227.0,197.0,171.0,180.0,243.0,215.0,261.0,257.0,224.0,238.0,229.0,226.0,178.0,187.0,184.0,223.0,220.0,241.0,270.0,261.0,265.0,253.0,237.0,252.0,222.0,229.0,201.0,229.0,249.0,293.0,295.0,259.0,305.0,257.0,268.0,283.0,227.0,267.0,207.0,216.0,283.0,266.0,301.0,282.0,344.0,296.0
395050,125,"Salinas, CA",msa,CA,155.0,169.0,231.0,255.0,315.0,327.0,378.0,367.0,432.0,331.0,434.0,347.0,364.0,448.0,433.0,462.0,552.0,445.0,437.0,409.0,443.0,328.0,410.0,284.0,287.0,399.0,375.0,374.0,399.0,346.0,345.0,342.0,323.0,296.0,361.0,276.0,306.0,386.0,321.0,333.0,365.0,334.0,371.0,345.0,284.0,333.0,350.0,272.0,281.0,351.0,353.0,369.0,339.0,322.0,346.0,312.0,322.0,313.0,306.0,267.0,266.0,385.0,361.0,367.0,307.0,340.0,346.0,320.0,285.0,263.0,302.0,206.0,214.0,256.0,303.0,335.0,279.0,306.0,302.0,280.0,339.0,230.0,261.0,224.0,213.0,295.0,291.0,322.0,325.0,391.0,296.0,310.0,330.0,260.0,266.0,237.0,242.0,276.0,326.0,306.0,361.0,320.0,310.0,309.0,319.0,281.0,279.0,250.0,230.0,303.0,264.0,318.0,392.0,284.0,359.0,304.0,322.0,281.0,284.0,241.0,232.0,317.0,311.0,366.0,351.0,289.0,293.0,305.0,317.0,266.0,211.0,214.0,230.0,282.0,295.0,327.0,289.0,294.0,301.0,272.0,312.0,257.0,264.0,191.0,193.0,256.0,175.0,132.0,233.0,420.0,394.0,399.0,398.0,334.0,357.0,258.0,270.0,344.0,353.0,344.0,404.0,357.0,381.0,342.0,338.0,330.0,352.0,228.0,247.0,328.0,277.0,287.0,296.0,224.0,251.0,270.0,218.0,169.0,160.0,142.0,160.0,234.0,197.0,246.0,242.0,205.0,249.0,209.0,203.0,160.0,140.0,142.0,138.0,189.0,201.0,234.0,183.0,198.0,225.0,207.0,220.0,195.0,194.0,177.0,168.0,192.0,241.0,181.0,209.0,208.0,199.0,199.0,259.0,189.0,211.0,145.0,163.0,224.0,209.0,265.0,226.0,222.0,230.0
395048,126,"Salem, OR",msa,OR,239.0,298.0,296.0,275.0,300.0,312.0,300.0,243.0,270.0,181.0,185.0,125.0,151.0,206.0,189.0,237.0,299.0,312.0,291.0,299.0,332.0,304.0,265.0,168.0,139.0,266.0,259.0,327.0,293.0,182.0,212.0,218.0,209.0,194.0,219.0,180.0,170.0,241.0,224.0,238.0,273.0,241.0,286.0,240.0,216.0,194.0,216.0,174.0,230.0,225.0,248.0,285.0,305.0,309.0,315.0,273.0,264.0,274.0,286.0,235.0,229.0,293.0,336.0,372.0,363.0,418.0,428.0,328.0,345.0,297.0,255.0,228.0,211.0,272.0,326.0,403.0,358.0,414.0,392.0,397.0,379.0,300.0,379.0,288.0,285.0,377.0,479.0,447.0,577.0,584.0,540.0,551.0,523.0,426.0,469.0,364.0,371.0,472.0,488.0,564.0,646.0,539.0,640.0,555.0,541.0,504.0,501.0,440.0,392.0,516.0,541.0,572.0,687.0,609.0,681.0,623.0,576.0,438.0,482.0,356.0,345.0,467.0,463.0,540.0,596.0,614.0,624.0,488.0,442.0,430.0,392.0,304.0,304.0,381.0,490.0,537.0,494.0,540.0,573.0,507.0,493.0,399.0,417.0,316.0,347.0,462.0,451.0,381.0,551.0,621.0,595.0,587.0,611.0,472.0,569.0,326.0,311.0,478.0,562.0,521.0,669.0,627.0,620.0,639.0,614.0,583.0,550.0,405.0,394.0,526.0,513.0,490.0,517.0,461.0,458.0,380.0,327.0,272.0,264.0,218.0,245.0,342.0,313.0,386.0,423.0,328.0,407.0,312.0,304.0,229.0,230.0,168.0,236.0,259.0,319.0,354.0,346.0,346.0,398.0,329.0,360.0,288.0,328.0,238.0,221.0,304.0,315.0,375.0,353.0,364.0,361.0,337.0,373.0,275.0,317.0,209.0,253.0,323.0,355.0,351.0,417.0,359.0,342.0
394870,127,"Mobile, AL",msa,AL,273.0,328.0,341.0,391.0,362.0,362.0,260.0,258.0,291.0,201.0,232.0,150.0,177.0,240.0,253.0,254.0,273.0,274.0,262.0,274.0,269.0,241.0,223.0,149.0,172.0,266.0,285.0,288.0,297.0,241.0,221.0,232.0,229.0,230.0,213.0,194.0,195.0,244.0,236.0,245.0,267.0,255.0,292.0,241.0,248.0,240.0,262.0,234.0,220.0,277.0,292.0,312.0,297.0,267.0,332.0,348.0,357.0,306.0,323.0,294.0,290.0,397.0,408.0,455.0,410.0,501.0,427.0,407.0,408.0,371.0,368.0,307.0,357.0,399.0,448.0,437.0,441.0,466.0,445.0,463.0,411.0,338.0,431.0,281.0,333.0,474.0,430.0,445.0,557.0,576.0,476.0,514.0,462.0,379.0,422.0,357.0,372.0,491.0,541.0,535.0,592.0,540.0,559.0,517.0,232.0,460.0,445.0,366.0,326.0,596.0,521.0,616.0,622.0,524.0,592.0,490.0,445.0,432.0,419.0,163.0,195.0,274.0,267.0,497.0,577.0,558.0,585.0,323.0,466.0,434.0,432.0,319.0,427.0,493.0,550.0,629.0,591.0,613.0,554.0,491.0,539.0,418.0,508.0,413.0,384.0,534.0,529.0,543.0,704.0,717.0,622.0,578.0,651.0,507.0,512.0,486.0,491.0,674.0,688.0,672.0,836.0,665.0,680.0,680.0,662.0,605.0,643.0,506.0,517.0,662.0,633.0,702.0,674.0,561.0,616.0,557.0,524.0,412.0,368.0,394.0,400.0,481.0,488.0,618.0,570.0,515.0,606.0,507.0,510.0,394.0,373.0,373.0,376.0,504.0,536.0,550.0,488.0,526.0,475.0,405.0,428.0,397.0,438.0,339.0,374.0,427.0,472.0,511.0,509.0,522.0,436.0,454.0,444.0,372.0,413.0,391.0,346.0,482.0,448.0,498.0,557.0,539.0,467.0
395015,128,"Reading, PA",msa,PA,357.0,373.0,433.0,439.0,478.0,421.0,444.0,499.0,430.0,319.0,304.0,216.0,231.0,303.0,334.0,379.0,442.0,454.0,411.0,414.0,490.0,450.0,353.0,221.0,249.0,383.0,437.0,449.0,503.0,311.0,334.0,334.0,322.0,293.0,350.0,222.0,254.0,295.0,323.0,382.0,387.0,311.0,392.0,350.0,329.0,345.0,327.0,245.0,272.0,371.0,381.0,432.0,405.0,409.0,403.0,346.0,407.0,348.0,389.0,297.0,303.0,382.0,386.0,418.0,428.0,461.0,465.0,387.0,418.0,350.0,379.0,301.0,258.0,333.0,407.0,455.0,491.0,461.0,469.0,444.0,462.0,418.0,462.0,299.0,322.0,421.0,408.0,518.0,547.0,616.0,535.0,515.0,491.0,383.0,444.0,353.0,358.0,474.0,531.0,593.0,715.0,564.0,558.0,547.0,481.0,434.0,469.0,372.0,341.0,454.0,475.0,574.0,668.0,570.0,672.0,681.0,584.0,529.0,553.0,385.0,325.0,459.0,520.0,588.0,689.0,598.0,692.0,517.0,557.0,491.0,442.0,347.0,395.0,465.0,510.0,679.0,667.0,658.0,634.0,515.0,578.0,489.0,470.0,383.0,359.0,426.0,392.0,282.0,408.0,689.0,657.0,714.0,765.0,636.0,670.0,500.0,432.0,572.0,552.0,537.0,767.0,691.0,751.0,641.0,594.0,623.0,582.0,472.0,374.0,517.0,536.0,550.0,586.0,603.0,606.0,552.0,504.0,417.0,422.0,324.0,320.0,409.0,398.0,458.0,535.0,448.0,512.0,458.0,437.0,385.0,392.0,306.0,310.0,348.0,387.0,513.0,456.0,484.0,523.0,436.0,487.0,419.0,390.0,314.0,269.0,371.0,419.0,451.0,472.0,463.0,463.0,429.0,500.0,402.0,471.0,315.0,306.0,349.0,380.0,427.0,456.0,450.0,456.0
394502,129,"Corpus Christi, TX",msa,TX,265.0,265.0,309.0,340.0,342.0,343.0,326.0,258.0,236.0,199.0,222.0,151.0,190.0,254.0,251.0,250.0,346.0,283.0,293.0,258.0,289.0,280.0,272.0,156.0,209.0,263.0,326.0,313.0,309.0,253.0,271.0,223.0,203.0,225.0,237.0,155.0,166.0,271.0,258.0,250.0,293.0,305.0,364.0,272.0,231.0,222.0,256.0,198.0,240.0,315.0,324.0,347.0,401.0,345.0,426.0,334.0,335.0,307.0,300.0,234.0,277.0,376.0,394.0,450.0,442.0,436.0,448.0,382.0,353.0,329.0,346.0,245.0,296.0,360.0,387.0,469.0,464.0,439.0,413.0,445.0,393.0,305.0,373.0,246.0,277.0,394.0,435.0,417.0,475.0,484.0,443.0,503.0,394.0,322.0,385.0,280.0,386.0,429.0,421.0,470.0,507.0,452.0,439.0,427.0,358.0,330.0,322.0,275.0,339.0,428.0,395.0,528.0,542.0,407.0,394.0,319.0,371.0,291.0,340.0,271.0,306.0,441.0,429.0,504.0,522.0,437.0,524.0,358.0,430.0,364.0,330.0,269.0,320.0,402.0,423.0,513.0,451.0,474.0,465.0,434.0,385.0,303.0,381.0,275.0,333.0,436.0,354.0,407.0,569.0,650.0,615.0,578.0,606.0,459.0,529.0,375.0,366.0,590.0,611.0,594.0,642.0,657.0,609.0,602.0,525.0,501.0,594.0,417.0,463.0,557.0,573.0,624.0,552.0,501.0,543.0,500.0,430.0,361.0,356.0,288.0,315.0,435.0,351.0,445.0,426.0,401.0,412.0,339.0,308.0,279.0,245.0,217.0,290.0,342.0,383.0,404.0,349.0,362.0,323.0,285.0,344.0,290.0,300.0,220.0,248.0,311.0,349.0,365.0,376.0,335.0,362.0,326.0,376.0,235.0,337.0,213.0,274.0,310.0,345.0,355.0,411.0,373.0,360.0
394820,131,"Manchester, NH",msa,NH,186.0,232.0,298.0,307.0,403.0,353.0,407.0,341.0,358.0,250.0,233.0,155.0,177.0,253.0,272.0,324.0,489.0,488.0,403.0,397.0,427.0,436.0,323.0,187.0,208.0,329.0,347.0,423.0,509.0,305.0,334.0,322.0,266.0,259.0,267.0,240.0,205.0,297.0,282.0,365.0,350.0,387.0,401.0,254.0,301.0,285.0,327.0,260.0,234.0,305.0,428.0,434.0,524.0,471.0,474.0,413.0,370.0,410.0,385.0,279.0,273.0,345.0,396.0,533.0,579.0,605.0,624.0,492.0,485.0,425.0,395.0,269.0,256.0,307.0,440.0,523.0,632.0,651.0,586.0,511.0,539.0,383.0,442.0,280.0,242.0,312.0,439.0,516.0,760.0,777.0,715.0,663.0,634.0,447.0,549.0,368.0,314.0,498.0,561.0,699.0,863.0,722.0,781.0,657.0,659.0,512.0,538.0,386.0,335.0,426.0,501.0,629.0,823.0,762.0,712.0,633.0,580.0,557.0,468.0,341.0,313.0,448.0,474.0,620.0,802.0,779.0,699.0,630.0,531.0,508.0,473.0,310.0,354.0,403.0,500.0,654.0,746.0,713.0,673.0,594.0,618.0,511.0,524.0,338.0,261.0,436.0,402.0,455.0,605.0,664.0,675.0,645.0,656.0,570.0,645.0,397.0,318.0,378.0,462.0,488.0,718.0,669.0,690.0,658.0,602.0,581.0,513.0,320.0,250.0,344.0,352.0,501.0,651.0,536.0,611.0,547.0,438.0,386.0,333.0,228.0,204.0,275.0,299.0,353.0,551.0,435.0,481.0,387.0,419.0,382.0,346.0,216.0,206.0,245.0,273.0,382.0,429.0,467.0,496.0,401.0,381.0,383.0,306.0,219.0,229.0,247.0,310.0,385.0,497.0,516.0,474.0,447.0,474.0,340.0,424.0,247.0,208.0,324.0,309.0,427.0,546.0,572.0,495.0
394612,132,"Fort Wayne, IN",msa,IN,314.0,336.0,403.0,492.0,462.0,516.0,454.0,484.0,392.0,304.0,336.0,216.0,257.0,330.0,394.0,416.0,490.0,487.0,465.0,442.0,478.0,448.0,403.0,232.0,281.0,438.0,502.0,561.0,581.0,365.0,364.0,373.0,337.0,325.0,305.0,210.0,221.0,349.0,381.0,440.0,495.0,445.0,449.0,411.0,396.0,361.0,421.0,278.0,314.0,407.0,371.0,469.0,512.0,488.0,487.0,420.0,453.0,435.0,386.0,321.0,335.0,449.0,464.0,558.0,611.0,620.0,574.0,488.0,496.0,435.0,433.0,296.0,299.0,434.0,439.0,610.0,623.0,646.0,636.0,520.0,568.0,411.0,443.0,309.0,353.0,501.0,556.0,649.0,747.0,729.0,633.0,615.0,592.0,452.0,475.0,330.0,405.0,548.0,624.0,730.0,734.0,699.0,680.0,606.0,572.0,579.0,525.0,313.0,349.0,616.0,655.0,715.0,813.0,665.0,713.0,553.0,570.0,527.0,487.0,333.0,366.0,584.0,582.0,685.0,822.0,712.0,733.0,604.0,586.0,622.0,532.0,362.0,395.0,554.0,530.0,677.0,738.0,729.0,761.0,610.0,635.0,585.0,544.0,374.0,459.0,582.0,480.0,589.0,762.0,767.0,728.0,771.0,729.0,609.0,656.0,380.0,397.0,482.0,591.0,583.0,772.0,717.0,698.0,729.0,669.0,621.0,605.0,451.0,404.0,523.0,509.0,628.0,663.0,657.0,684.0,659.0,528.0,529.0,457.0,307.0,320.0,384.0,379.0,471.0,558.0,508.0,556.0,485.0,443.0,417.0,374.0,301.0,359.0,388.0,446.0,525.0,498.0,522.0,528.0,497.0,524.0,433.0,417.0,311.0,366.0,402.0,463.0,519.0,551.0,587.0,548.0,534.0,527.0,417.0,469.0,293.0,360.0,416.0,484.0,559.0,533.0,648.0,561.0
394658,133,"Gulfport, MS",msa,MS,159.0,195.0,218.0,217.0,275.0,221.0,215.0,174.0,171.0,134.0,168.0,128.0,161.0,185.0,172.0,178.0,183.0,203.0,214.0,233.0,281.0,296.0,279.0,158.0,150.0,237.0,268.0,280.0,248.0,200.0,267.0,234.0,200.0,198.0,273.0,174.0,182.0,256.0,242.0,250.0,275.0,227.0,284.0,260.0,221.0,247.0,272.0,193.0,229.0,266.0,288.0,322.0,292.0,288.0,298.0,294.0,316.0,291.0,289.0,236.0,283.0,285.0,343.0,358.0,291.0,363.0,361.0,338.0,345.0,261.0,297.0,233.0,265.0,297.0,334.0,415.0,382.0,369.0,398.0,343.0,353.0,244.0,333.0,241.0,240.0,380.0,363.0,416.0,432.0,498.0,413.0,428.0,380.0,358.0,370.0,272.0,307.0,468.0,403.0,470.0,492.0,484.0,475.0,411.0,382.0,404.0,447.0,300.0,341.0,457.0,418.0,519.0,538.0,472.0,489.0,445.0,417.0,402.0,449.0,309.0,343.0,450.0,465.0,529.0,533.0,541.0,515.0,408.0,444.0,421.0,364.0,269.0,334.0,389.0,442.0,541.0,484.0,495.0,489.0,439.0,471.0,349.0,405.0,307.0,358.0,427.0,401.0,379.0,545.0,604.0,555.0,542.0,465.0,471.0,502.0,418.0,433.0,598.0,617.0,591.0,705.0,650.0,616.0,604.0,575.0,540.0,641.0,428.0,450.0,611.0,590.0,655.0,637.0,552.0,612.0,527.0,473.0,414.0,407.0,331.0,364.0,466.0,446.0,533.0,556.0,465.0,497.0,408.0,383.0,317.0,312.0,282.0,306.0,385.0,428.0,470.0,443.0,425.0,453.0,346.0,364.0,378.0,359.0,286.0,315.0,355.0,422.0,482.0,514.0,480.0,444.0,462.0,373.0,335.0,418.0,249.0,290.0,421.0,451.0,506.0,456.0,464.0,430.0
395051,134,"Salisbury, MD",msa,DE,250.0,293.0,344.0,374.0,430.0,317.0,332.0,354.0,351.0,240.0,295.0,145.0,184.0,273.0,332.0,342.0,399.0,372.0,381.0,401.0,408.0,345.0,378.0,287.0,284.0,404.0,353.0,416.0,557.0,339.0,407.0,381.0,395.0,326.0,424.0,271.0,249.0,405.0,440.0,454.0,497.0,398.0,410.0,398.0,343.0,397.0,501.0,307.0,360.0,475.0,459.0,567.0,579.0,479.0,582.0,491.0,521.0,574.0,549.0,346.0,370.0,497.0,612.0,708.0,701.0,664.0,646.0,695.0,597.0,552.0,563.0,413.0,385.0,500.0,563.0,611.0,635.0,582.0,610.0,663.0,646.0,354.0,374.0,302.0,287.0,389.0,434.0,502.0,702.0,649.0,671.0,730.0,748.0,587.0,660.0,460.0,493.0,613.0,723.0,710.0,876.0,692.0,761.0,797.0,808.0,669.0,822.0,550.0,559.0,801.0,806.0,960.0,946.0,772.0,832.0,827.0,733.0,740.0,699.0,507.0,404.0,680.0,708.0,780.0,858.0,770.0,837.0,741.0,866.0,785.0,598.0,484.0,481.0,726.0,845.0,895.0,847.0,789.0,897.0,803.0,822.0,697.0,771.0,568.0,550.0,744.0,660.0,614.0,968.0,1266.0,1234.0,1335.0,1448.0,1200.0,1375.0,907.0,846.0,1232.0,1304.0,1166.0,1305.0,1131.0,1128.0,1157.0,1203.0,1130.0,1119.0,858.0,744.0,1023.0,1028.0,1025.0,995.0,805.0,911.0,948.0,738.0,676.0,676.0,489.0,567.0,736.0,716.0,904.0,825.0,681.0,778.0,674.0,685.0,656.0,592.0,474.0,545.0,668.0,807.0,823.0,772.0,766.0,768.0,665.0,757.0,716.0,717.0,575.0,518.0,662.0,761.0,790.0,788.0,759.0,774.0,813.0,787.0,631.0,779.0,578.0,508.0,743.0,786.0,887.0,1014.0,890.0,858.0
394596,135,"Flint, MI",msa,MI,428.0,422.0,450.0,547.0,497.0,513.0,628.0,600.0,576.0,449.0,534.0,408.0,496.0,506.0,608.0,566.0,557.0,550.0,572.0,517.0,633.0,513.0,520.0,432.0,483.0,549.0,589.0,512.0,590.0,520.0,502.0,483.0,427.0,445.0,503.0,396.0,394.0,478.0,495.0,486.0,503.0,504.0,576.0,517.0,477.0,449.0,484.0,441.0,519.0,569.0,511.0,598.0,604.0,568.0,640.0,557.0,611.0,548.0,464.0,555.0,441.0,556.0,541.0,624.0,583.0,560.0,621.0,625.0,656.0,518.0,545.0,435.0,370.0,438.0,533.0,552.0,595.0,616.0,610.0,586.0,638.0,556.0,561.0,364.0,387.0,503.0,462.0,460.0,603.0,642.0,641.0,599.0,594.0,480.0,550.0,429.0,422.0,532.0,549.0,604.0,694.0,609.0,701.0,690.0,588.0,510.0,580.0,426.0,429.0,569.0,499.0,626.0,781.0,604.0,719.0,594.0,598.0,538.0,481.0,442.0,371.0,518.0,504.0,592.0,746.0,713.0,719.0,595.0,692.0,550.0,495.0,398.0,437.0,523.0,540.0,658.0,657.0,662.0,658.0,586.0,593.0,530.0,486.0,432.0,391.0,511.0,346.0,236.0,,788.0,736.0,726.0,819.0,619.0,674.0,503.0,459.0,590.0,592.0,646.0,724.0,687.0,765.0,706.0,709.0,624.0,679.0,461.0,415.0,553.0,568.0,659.0,660.0,609.0,620.0,600.0,545.0,467.0,435.0,400.0,384.0,516.0,399.0,519.0,596.0,519.0,519.0,500.0,497.0,492.0,389.0,373.0,370.0,397.0,477.0,543.0,493.0,554.0,519.0,485.0,541.0,442.0,412.0,368.0,377.0,449.0,496.0,554.0,506.0,571.0,569.0,544.0,541.0,478.0,421.0,350.0,305.0,438.0,440.0,494.0,574.0,596.0,530.0
394972,136,"Peoria, IL",msa,IL,383.0,484.0,508.0,624.0,585.0,646.0,612.0,553.0,513.0,319.0,351.0,259.0,245.0,316.0,342.0,472.0,505.0,560.0,499.0,481.0,558.0,478.0,359.0,216.0,266.0,441.0,507.0,589.0,521.0,350.0,412.0,392.0,374.0,361.0,355.0,235.0,241.0,356.0,413.0,459.0,509.0,452.0,523.0,472.0,424.0,377.0,359.0,249.0,337.0,442.0,425.0,565.0,572.0,553.0,608.0,498.0,542.0,476.0,404.0,350.0,332.0,466.0,480.0,588.0,588.0,584.0,654.0,487.0,552.0,405.0,483.0,312.0,303.0,330.0,441.0,624.0,674.0,591.0,602.0,521.0,582.0,347.0,455.0,283.0,317.0,434.0,572.0,658.0,746.0,712.0,640.0,641.0,566.0,417.0,446.0,340.0,313.0,507.0,592.0,673.0,752.0,608.0,673.0,553.0,534.0,499.0,470.0,350.0,377.0,481.0,491.0,629.0,734.0,633.0,648.0,581.0,548.0,494.0,491.0,332.0,359.0,507.0,561.0,587.0,773.0,720.0,722.0,603.0,602.0,525.0,471.0,304.0,372.0,475.0,530.0,694.0,636.0,643.0,682.0,564.0,575.0,475.0,438.0,375.0,362.0,473.0,501.0,524.0,764.0,854.0,805.0,753.0,737.0,578.0,564.0,430.0,446.0,655.0,789.0,830.0,995.0,847.0,819.0,808.0,685.0,672.0,651.0,433.0,445.0,563.0,625.0,703.0,855.0,702.0,733.0,677.0,623.0,465.0,450.0,332.0,378.0,516.0,443.0,581.0,678.0,569.0,641.0,540.0,490.0,433.0,436.0,312.0,373.0,420.0,541.0,556.0,540.0,594.0,559.0,494.0,542.0,474.0,447.0,328.0,342.0,409.0,474.0,515.0,588.0,590.0,536.0,520.0,530.0,435.0,443.0,311.0,348.0,454.0,493.0,549.0,645.0,591.0,571.0
394439,137,"Canton, OH",msa,OH,235.0,216.0,275.0,340.0,358.0,319.0,306.0,327.0,345.0,258.0,245.0,190.0,205.0,247.0,257.0,281.0,322.0,344.0,285.0,315.0,325.0,322.0,292.0,205.0,198.0,294.0,298.0,321.0,393.0,254.0,255.0,283.0,238.0,239.0,278.0,188.0,212.0,258.0,271.0,305.0,334.0,284.0,361.0,309.0,273.0,270.0,271.0,210.0,247.0,279.0,293.0,391.0,392.0,332.0,383.0,320.0,399.0,310.0,298.0,272.0,259.0,323.0,366.0,405.0,401.0,442.0,458.0,346.0,392.0,336.0,330.0,277.0,244.0,305.0,373.0,396.0,390.0,441.0,377.0,414.0,381.0,294.0,359.0,248.0,256.0,331.0,363.0,353.0,451.0,482.0,443.0,418.0,433.0,337.0,414.0,265.0,274.0,343.0,429.0,453.0,474.0,401.0,428.0,493.0,449.0,414.0,441.0,312.0,314.0,426.0,425.0,507.0,549.0,457.0,545.0,518.0,466.0,387.0,378.0,271.0,247.0,389.0,375.0,499.0,507.0,498.0,513.0,430.0,505.0,399.0,379.0,262.0,261.0,384.0,418.0,526.0,516.0,460.0,402.0,444.0,451.0,363.0,375.0,315.0,305.0,407.0,346.0,356.0,502.0,546.0,508.0,500.0,521.0,493.0,458.0,310.0,335.0,440.0,473.0,479.0,537.0,548.0,576.0,587.0,529.0,498.0,490.0,370.0,328.0,380.0,396.0,475.0,501.0,453.0,511.0,462.0,419.0,390.0,361.0,287.0,257.0,336.0,348.0,416.0,438.0,385.0,463.0,382.0,415.0,342.0,303.0,261.0,306.0,308.0,337.0,393.0,372.0,397.0,405.0,402.0,399.0,331.0,343.0,259.0,289.0,315.0,341.0,412.0,415.0,474.0,440.0,411.0,453.0,378.0,455.0,247.0,320.0,355.0,437.0,383.0,460.0,553.0,429.0
395070,138,"Savannah, GA",msa,GA,319.0,330.0,432.0,403.0,441.0,397.0,418.0,361.0,346.0,284.0,306.0,216.0,297.0,315.0,305.0,358.0,388.0,408.0,381.0,358.0,385.0,354.0,372.0,252.0,287.0,367.0,430.0,365.0,416.0,343.0,314.0,288.0,281.0,256.0,336.0,219.0,281.0,361.0,318.0,351.0,382.0,433.0,479.0,411.0,414.0,361.0,477.0,297.0,339.0,434.0,387.0,401.0,509.0,464.0,493.0,362.0,424.0,404.0,398.0,402.0,301.0,469.0,545.0,496.0,531.0,507.0,583.0,463.0,510.0,438.0,485.0,361.0,403.0,477.0,505.0,506.0,613.0,553.0,526.0,471.0,532.0,426.0,506.0,416.0,430.0,541.0,545.0,602.0,641.0,617.0,535.0,584.0,579.0,406.0,560.0,409.0,486.0,576.0,561.0,682.0,781.0,613.0,659.0,580.0,440.0,411.0,527.0,431.0,469.0,613.0,610.0,755.0,799.0,674.0,640.0,534.0,560.0,546.0,529.0,403.0,426.0,682.0,657.0,818.0,859.0,719.0,726.0,619.0,603.0,556.0,509.0,464.0,507.0,616.0,666.0,771.0,737.0,708.0,676.0,552.0,597.0,555.0,578.0,512.0,504.0,660.0,614.0,600.0,783.0,892.0,860.0,869.0,833.0,675.0,743.0,657.0,707.0,977.0,962.0,989.0,1088.0,1024.0,899.0,833.0,802.0,777.0,794.0,592.0,636.0,810.0,792.0,817.0,879.0,766.0,771.0,620.0,654.0,477.0,487.0,375.0,464.0,580.0,582.0,686.0,712.0,621.0,658.0,555.0,543.0,501.0,478.0,457.0,512.0,585.0,632.0,687.0,605.0,566.0,569.0,471.0,483.0,403.0,453.0,359.0,454.0,535.0,565.0,604.0,631.0,602.0,524.0,506.0,521.0,387.0,527.0,334.0,394.0,545.0,562.0,613.0,657.0,579.0,519.0
394327,139,"Anchorage, AK",msa,AK,437.0,485.0,579.0,640.0,723.0,722.0,712.0,661.0,592.0,425.0,433.0,337.0,378.0,504.0,531.0,592.0,765.0,809.0,727.0,702.0,784.0,671.0,572.0,413.0,474.0,731.0,934.0,840.0,960.0,688.0,668.0,665.0,655.0,589.0,595.0,465.0,494.0,657.0,682.0,805.0,816.0,853.0,890.0,767.0,682.0,643.0,654.0,526.0,561.0,742.0,783.0,993.0,1156.0,1025.0,1273.0,910.0,1060.0,973.0,905.0,874.0,908.0,1311.0,1546.0,1846.0,1718.0,1832.0,1936.0,1596.0,1657.0,1328.0,1317.0,1017.0,973.0,1262.0,1479.0,1680.0,1742.0,1843.0,1702.0,1557.0,1580.0,1064.0,1236.0,769.0,821.0,1128.0,1303.0,1350.0,1420.0,1183.0,716.0,608.0,582.0,369.0,468.0,297.0,328.0,435.0,430.0,502.0,639.0,581.0,617.0,529.0,490.0,455.0,455.0,337.0,306.0,406.0,411.0,518.0,643.0,521.0,597.0,542.0,482.0,389.0,376.0,289.0,288.0,427.0,420.0,533.0,590.0,542.0,623.0,518.0,544.0,399.0,386.0,229.0,286.0,389.0,433.0,566.0,547.0,610.0,607.0,503.0,520.0,404.0,375.0,247.0,282.0,381.0,365.0,361.0,461.0,639.0,664.0,593.0,654.0,513.0,535.0,332.0,315.0,473.0,508.0,563.0,656.0,723.0,668.0,656.0,636.0,572.0,600.0,371.0,334.0,410.0,499.0,562.0,684.0,546.0,610.0,503.0,459.0,360.0,301.0,202.0,198.0,315.0,283.0,382.0,467.0,448.0,439.0,455.0,398.0,279.0,272.0,217.0,204.0,278.0,280.0,379.0,374.0,461.0,460.0,425.0,450.0,367.0,314.0,227.0,201.0,272.0,349.0,427.0,434.0,468.0,488.0,442.0,389.0,322.0,352.0,225.0,217.0,263.0,335.0,394.0,521.0,536.0,482.0
394372,140,"Beaumont, TX",msa,TX,103.0,139.0,123.0,167.0,149.0,148.0,141.0,63.0,112.0,94.0,112.0,102.0,91.0,123.0,116.0,127.0,141.0,128.0,125.0,114.0,103.0,103.0,97.0,60.0,69.0,99.0,122.0,119.0,124.0,90.0,89.0,73.0,80.0,73.0,83.0,58.0,40.0,73.0,93.0,95.0,101.0,88.0,105.0,76.0,90.0,73.0,77.0,62.0,78.0,84.0,104.0,112.0,118.0,115.0,98.0,76.0,125.0,89.0,102.0,87.0,91.0,98.0,116.0,,248.0,252.0,,232.0,225.0,198.0,221.0,165.0,204.0,213.0,225.0,276.0,289.0,261.0,305.0,264.0,284.0,221.0,232.0,175.0,227.0,283.0,272.0,303.0,334.0,351.0,293.0,331.0,295.0,202.0,284.0,244.0,245.0,314.0,279.0,321.0,331.0,246.0,396.0,297.0,287.0,264.0,263.0,243.0,216.0,322.0,281.0,362.0,368.0,316.0,279.0,322.0,338.0,346.0,360.0,260.0,278.0,355.0,372.0,385.0,365.0,356.0,415.0,342.0,345.0,311.0,288.0,241.0,251.0,319.0,366.0,419.0,354.0,343.0,374.0,269.0,305.0,274.0,321.0,251.0,280.0,294.0,245.0,283.0,339.0,409.0,292.0,358.0,325.0,306.0,353.0,256.0,250.0,361.0,392.0,400.0,394.0,429.0,374.0,386.0,355.0,324.0,341.0,292.0,334.0,424.0,389.0,398.0,405.0,394.0,364.0,313.0,293.0,297.0,248.0,210.0,254.0,330.0,353.0,348.0,350.0,298.0,346.0,295.0,266.0,241.0,226.0,191.0,221.0,300.0,348.0,320.0,290.0,293.0,285.0,280.0,281.0,229.0,263.0,207.0,263.0,274.0,356.0,369.0,323.0,320.0,335.0,317.0,309.0,237.0,264.0,216.0,273.0,319.0,369.0,314.0,358.0,349.0,323.0
395096,141,"Shreveport, LA",msa,LA,286.0,297.0,317.0,326.0,377.0,331.0,334.0,293.0,270.0,160.0,220.0,174.0,199.0,149.0,267.0,265.0,336.0,330.0,304.0,264.0,266.0,266.0,213.0,194.0,193.0,313.0,281.0,302.0,327.0,258.0,272.0,249.0,231.0,220.0,197.0,140.0,169.0,254.0,228.0,242.0,285.0,253.0,240.0,201.0,231.0,195.0,224.0,195.0,166.0,259.0,293.0,326.0,318.0,254.0,192.0,226.0,260.0,247.0,236.0,179.0,126.0,231.0,315.0,325.0,298.0,329.0,294.0,282.0,279.0,254.0,240.0,188.0,210.0,250.0,308.0,338.0,347.0,320.0,273.0,251.0,233.0,262.0,209.0,191.0,149.0,176.0,218.0,265.0,296.0,288.0,299.0,244.0,235.0,113.0,214.0,177.0,207.0,303.0,285.0,366.0,364.0,315.0,332.0,313.0,244.0,257.0,260.0,217.0,228.0,329.0,336.0,387.0,384.0,327.0,328.0,273.0,300.0,249.0,301.0,215.0,253.0,288.0,328.0,402.0,358.0,362.0,321.0,255.0,286.0,254.0,290.0,270.0,274.0,335.0,312.0,349.0,339.0,351.0,349.0,282.0,359.0,265.0,251.0,227.0,235.0,288.0,267.0,285.0,384.0,443.0,353.0,432.0,387.0,339.0,364.0,323.0,317.0,538.0,567.0,581.0,681.0,665.0,665.0,578.0,605.0,528.0,546.0,464.0,482.0,573.0,562.0,642.0,655.0,478.0,515.0,506.0,437.0,374.0,354.0,289.0,305.0,437.0,386.0,483.0,485.0,455.0,421.0,388.0,360.0,319.0,315.0,270.0,344.0,361.0,400.0,475.0,394.0,455.0,374.0,353.0,389.0,337.0,321.0,323.0,322.0,384.0,416.0,405.0,374.0,442.0,409.0,389.0,349.0,342.0,353.0,286.0,305.0,345.0,450.0,491.0,450.0,467.0,406.0
395164,142,"Trenton, NJ",msa,NJ,232.0,283.0,259.0,349.0,395.0,416.0,369.0,442.0,309.0,226.0,261.0,178.0,195.0,241.0,275.0,254.0,358.0,422.0,374.0,353.0,345.0,343.0,325.0,226.0,159.0,316.0,299.0,323.0,507.0,319.0,304.0,263.0,245.0,255.0,299.0,238.0,195.0,239.0,253.0,255.0,323.0,329.0,333.0,283.0,234.0,273.0,252.0,241.0,225.0,252.0,249.0,343.0,356.0,414.0,397.0,337.0,293.0,299.0,263.0,255.0,226.0,238.0,306.0,385.0,435.0,520.0,472.0,366.0,355.0,309.0,337.0,276.0,211.0,259.0,278.0,371.0,408.0,497.0,497.0,374.0,320.0,320.0,367.0,246.0,270.0,299.0,339.0,371.0,500.0,547.0,513.0,432.0,381.0,336.0,407.0,319.0,318.0,362.0,385.0,439.0,571.0,542.0,573.0,510.0,423.0,409.0,448.0,388.0,386.0,449.0,410.0,507.0,666.0,569.0,643.0,492.0,448.0,468.0,462.0,335.0,330.0,358.0,417.0,518.0,628.0,606.0,625.0,458.0,505.0,451.0,477.0,399.0,303.0,432.0,457.0,550.0,573.0,542.0,586.0,440.0,433.0,416.0,436.0,433.0,289.0,392.0,287.0,379.0,368.0,512.0,594.0,654.0,678.0,559.0,607.0,428.0,464.0,530.0,519.0,585.0,701.0,730.0,724.0,649.0,571.0,500.0,624.0,492.0,380.0,503.0,504.0,484.0,635.0,540.0,605.0,491.0,424.0,371.0,379.0,300.0,264.0,372.0,307.0,370.0,461.0,400.0,420.0,343.0,388.0,351.0,348.0,258.0,277.0,319.0,337.0,390.0,412.0,485.0,471.0,365.0,376.0,325.0,385.0,256.0,212.0,280.0,339.0,392.0,425.0,457.0,386.0,343.0,349.0,312.0,390.0,270.0,201.0,281.0,318.0,369.0,444.0,448.0,380.0
394875,143,"Montgomery, AL",msa,AL,335.0,408.0,384.0,381.0,417.0,386.0,433.0,407.0,365.0,261.0,296.0,243.0,266.0,366.0,353.0,389.0,455.0,457.0,418.0,409.0,449.0,372.0,358.0,254.0,365.0,460.0,505.0,577.0,492.0,386.0,363.0,333.0,297.0,282.0,311.0,256.0,303.0,391.0,385.0,408.0,424.0,405.0,456.0,357.0,355.0,302.0,360.0,336.0,343.0,454.0,464.0,543.0,512.0,533.0,565.0,501.0,513.0,471.0,534.0,485.0,565.0,773.0,909.0,928.0,896.0,1061.0,991.0,830.0,892.0,790.0,827.0,662.0,705.0,783.0,867.0,1002.0,987.0,1004.0,950.0,897.0,927.0,666.0,797.0,616.0,649.0,801.0,901.0,962.0,955.0,858.0,547.0,492.0,409.0,331.0,387.0,291.0,371.0,468.0,445.0,477.0,512.0,430.0,451.0,410.0,390.0,358.0,395.0,358.0,342.0,420.0,443.0,571.0,522.0,463.0,489.0,422.0,402.0,380.0,377.0,299.0,339.0,476.0,454.0,522.0,593.0,533.0,525.0,406.0,431.0,377.0,359.0,334.0,392.0,506.0,526.0,579.0,539.0,549.0,529.0,431.0,425.0,353.0,392.0,344.0,383.0,473.0,406.0,474.0,626.0,670.0,587.0,615.0,632.0,573.0,529.0,404.0,512.0,696.0,701.0,741.0,830.0,795.0,716.0,666.0,631.0,624.0,671.0,474.0,529.0,724.0,617.0,690.0,717.0,607.0,608.0,575.0,464.0,408.0,404.0,327.0,335.0,452.0,428.0,516.0,539.0,464.0,457.0,433.0,437.0,345.0,341.0,328.0,348.0,433.0,455.0,513.0,504.0,457.0,468.0,408.0,484.0,360.0,430.0,317.0,315.0,471.0,509.0,490.0,507.0,457.0,460.0,439.0,419.0,362.0,374.0,317.0,367.0,423.0,516.0,493.0,572.0,487.0,460.0
394520,144,"Davenport, IA",msa,IL,368.0,370.0,486.0,560.0,512.0,548.0,506.0,483.0,431.0,311.0,342.0,205.0,228.0,333.0,338.0,435.0,504.0,505.0,488.0,511.0,487.0,490.0,342.0,213.0,264.0,373.0,494.0,576.0,580.0,318.0,375.0,372.0,367.0,342.0,365.0,223.0,236.0,378.0,370.0,416.0,455.0,422.0,450.0,446.0,323.0,369.0,358.0,263.0,309.0,349.0,404.0,509.0,492.0,524.0,522.0,464.0,496.0,375.0,404.0,289.0,315.0,418.0,417.0,549.0,553.0,643.0,548.0,499.0,505.0,455.0,424.0,273.0,320.0,380.0,440.0,544.0,638.0,627.0,614.0,525.0,502.0,427.0,467.0,300.0,291.0,446.0,498.0,565.0,704.0,627.0,651.0,571.0,551.0,390.0,428.0,383.0,321.0,456.0,539.0,660.0,660.0,553.0,618.0,578.0,507.0,491.0,493.0,370.0,383.0,478.0,572.0,676.0,775.0,596.0,651.0,514.0,507.0,519.0,467.0,363.0,319.0,460.0,569.0,613.0,571.0,638.0,586.0,432.0,553.0,487.0,419.0,245.0,299.0,406.0,460.0,604.0,615.0,631.0,594.0,557.0,568.0,444.0,431.0,341.0,363.0,437.0,444.0,470.0,593.0,686.0,636.0,644.0,688.0,488.0,529.0,374.0,335.0,445.0,483.0,614.0,742.0,687.0,749.0,601.0,574.0,550.0,543.0,369.0,375.0,501.0,523.0,570.0,624.0,568.0,565.0,537.0,486.0,370.0,380.0,265.0,282.0,387.0,327.0,441.0,534.0,441.0,511.0,461.0,452.0,369.0,362.0,271.0,269.0,365.0,365.0,486.0,457.0,453.0,445.0,422.0,445.0,430.0,367.0,299.0,312.0,350.0,399.0,468.0,545.0,512.0,449.0,441.0,467.0,352.0,434.0,267.0,325.0,375.0,423.0,483.0,527.0,510.0,491.0
395146,145,"Tallahassee, FL",msa,FL,239.0,292.0,306.0,346.0,374.0,369.0,282.0,249.0,225.0,186.0,225.0,131.0,136.0,198.0,186.0,265.0,321.0,329.0,297.0,264.0,244.0,264.0,315.0,139.0,170.0,252.0,273.0,348.0,392.0,224.0,239.0,209.0,221.0,206.0,282.0,197.0,229.0,264.0,257.0,301.0,300.0,311.0,262.0,262.0,215.0,243.0,268.0,203.0,251.0,346.0,317.0,344.0,437.0,388.0,399.0,323.0,365.0,316.0,397.0,284.0,272.0,407.0,436.0,605.0,498.0,492.0,540.0,363.0,405.0,367.0,428.0,308.0,338.0,454.0,435.0,507.0,580.0,527.0,476.0,475.0,410.0,290.0,448.0,282.0,297.0,437.0,455.0,473.0,546.0,553.0,447.0,436.0,361.0,315.0,412.0,290.0,342.0,472.0,504.0,516.0,577.0,531.0,482.0,405.0,390.0,355.0,428.0,316.0,349.0,520.0,507.0,588.0,612.0,546.0,564.0,396.0,379.0,358.0,413.0,298.0,365.0,526.0,472.0,599.0,611.0,577.0,520.0,393.0,336.0,329.0,398.0,289.0,384.0,478.0,517.0,569.0,589.0,521.0,545.0,437.0,431.0,357.0,410.0,305.0,338.0,474.0,432.0,417.0,532.0,610.0,549.0,490.0,516.0,414.0,525.0,348.0,379.0,538.0,612.0,617.0,702.0,704.0,632.0,576.0,541.0,495.0,603.0,429.0,405.0,596.0,542.0,616.0,625.0,538.0,542.0,424.0,388.0,322.0,325.0,240.0,281.0,428.0,392.0,451.0,485.0,402.0,434.0,378.0,326.0,316.0,318.0,253.0,291.0,372.0,387.0,430.0,362.0,415.0,409.0,296.0,311.0,270.0,304.0,239.0,272.0,347.0,367.0,429.0,477.0,466.0,364.0,340.0,338.0,291.0,373.0,246.0,288.0,392.0,401.0,427.0,442.0,398.0,357.0
394576,146,"Eugene, OR",msa,OR,227.0,283.0,253.0,283.0,339.0,327.0,312.0,246.0,263.0,202.0,175.0,126.0,162.0,212.0,217.0,251.0,303.0,371.0,300.0,322.0,339.0,265.0,280.0,148.0,193.0,282.0,336.0,351.0,358.0,241.0,261.0,235.0,224.0,224.0,234.0,167.0,164.0,225.0,261.0,257.0,304.0,262.0,255.0,269.0,242.0,207.0,247.0,204.0,201.0,277.0,245.0,316.0,303.0,323.0,368.0,309.0,305.0,278.0,272.0,190.0,230.0,310.0,331.0,399.0,404.0,406.0,399.0,398.0,316.0,283.0,273.0,205.0,214.0,282.0,321.0,362.0,435.0,438.0,390.0,383.0,431.0,280.0,316.0,253.0,245.0,367.0,433.0,454.0,595.0,576.0,537.0,509.0,491.0,351.0,426.0,298.0,332.0,407.0,458.0,508.0,613.0,502.0,615.0,565.0,484.0,460.0,424.0,311.0,313.0,430.0,424.0,528.0,615.0,574.0,629.0,531.0,483.0,477.0,395.0,347.0,329.0,435.0,440.0,513.0,553.0,546.0,623.0,437.0,467.0,383.0,346.0,304.0,291.0,331.0,391.0,455.0,501.0,538.0,539.0,455.0,434.0,382.0,326.0,293.0,286.0,362.0,336.0,312.0,426.0,589.0,518.0,494.0,542.0,441.0,461.0,330.0,296.0,428.0,453.0,487.0,626.0,570.0,544.0,521.0,483.0,445.0,447.0,298.0,317.0,441.0,440.0,442.0,521.0,405.0,474.0,444.0,350.0,251.0,234.0,182.0,234.0,284.0,278.0,280.0,368.0,357.0,369.0,330.0,295.0,241.0,200.0,174.0,239.0,276.0,269.0,354.0,320.0,344.0,367.0,298.0,297.0,278.0,259.0,215.0,236.0,249.0,311.0,362.0,361.0,396.0,344.0,357.0,332.0,251.0,292.0,185.0,222.0,294.0,361.0,322.0,407.0,426.0,335.0
394901,147,"Naples, FL",msa,FL,399.0,537.0,661.0,674.0,633.0,497.0,485.0,479.0,470.0,368.0,531.0,436.0,505.0,708.0,765.0,871.0,894.0,845.0,638.0,678.0,716.0,696.0,853.0,676.0,707.0,1047.0,1200.0,1002.0,960.0,715.0,681.0,613.0,569.0,617.0,816.0,668.0,747.0,1174.0,1137.0,1098.0,1046.0,779.0,817.0,673.0,646.0,682.0,833.0,712.0,867.0,1252.0,1329.0,1322.0,1119.0,804.0,896.0,755.0,864.0,886.0,1139.0,775.0,945.0,1136.0,1570.0,1443.0,1239.0,1094.0,1088.0,977.0,949.0,862.0,1070.0,924.0,964.0,1331.0,1669.0,1524.0,1278.0,1069.0,1015.0,924.0,1000.0,821.0,1122.0,853.0,913.0,1396.0,1639.0,1421.0,1350.0,1103.0,1010.0,994.0,880.0,841.0,1015.0,820.0,744.0,1146.0,1291.0,1182.0,1151.0,870.0,852.0,766.0,741.0,767.0,934.0,849.0,893.0,1268.0,1281.0,1384.0,1240.0,935.0,926.0,514.0,773.0,698.0,893.0,841.0,839.0,1239.0,1423.0,1352.0,1299.0,1030.0,992.0,835.0,879.0,852.0,905.0,753.0,780.0,1246.0,1564.0,1475.0,1172.0,1049.0,1039.0,912.0,976.0,903.0,1218.0,958.0,1063.0,1507.0,1123.0,793.0,1122.0,1460.0,1354.0,1479.0,1689.0,1550.0,1954.0,1548.0,1778.0,2640.0,2794.0,2485.0,2351.0,1854.0,1496.0,1323.0,1258.0,1298.0,1585.0,1297.0,1197.0,1760.0,1844.0,1838.0,1433.0,923.0,959.0,727.0,914.0,773.0,864.0,734.0,886.0,1353.0,1351.0,1389.0,1129.0,819.0,963.0,801.0,807.0,722.0,746.0,649.0,819.0,1119.0,1317.0,1164.0,937.0,821.0,705.0,631.0,633.0,525.0,746.0,749.0,734.0,1127.0,1182.0,1008.0,947.0,829.0,768.0,787.0,849.0,683.0,986.0,774.0,927.0,1388.0,1460.0,1258.0,1233.0,996.0,851.0
394332,148,"Ann Arbor, MI",msa,MI,211.0,249.0,285.0,372.0,465.0,402.0,406.0,293.0,293.0,237.0,237.0,210.0,182.0,262.0,295.0,324.0,446.0,426.0,391.0,332.0,354.0,339.0,295.0,205.0,217.0,326.0,372.0,377.0,505.0,341.0,311.0,280.0,255.0,271.0,281.0,221.0,217.0,258.0,297.0,352.0,430.0,429.0,425.0,327.0,282.0,259.0,307.0,235.0,250.0,323.0,338.0,395.0,525.0,502.0,479.0,385.0,367.0,328.0,317.0,293.0,285.0,330.0,404.0,476.0,552.0,574.0,518.0,483.0,431.0,401.0,357.0,226.0,251.0,323.0,374.0,476.0,575.0,592.0,519.0,496.0,467.0,331.0,390.0,280.0,260.0,390.0,401.0,529.0,703.0,578.0,574.0,474.0,469.0,322.0,339.0,315.0,269.0,384.0,428.0,561.0,650.0,586.0,577.0,520.0,446.0,386.0,398.0,313.0,294.0,364.0,427.0,594.0,691.0,513.0,596.0,477.0,470.0,440.0,359.0,282.0,236.0,333.0,440.0,536.0,593.0,542.0,533.0,386.0,416.0,400.0,333.0,262.0,274.0,312.0,450.0,565.0,550.0,571.0,538.0,436.0,463.0,345.0,364.0,261.0,299.0,359.0,335.0,217.0,509.0,625.0,650.0,525.0,521.0,439.0,448.0,349.0,327.0,446.0,527.0,557.0,669.0,605.0,554.0,513.0,506.0,434.0,428.0,313.0,303.0,400.0,457.0,562.0,560.0,521.0,486.0,414.0,349.0,328.0,299.0,205.0,216.0,303.0,379.0,507.0,505.0,419.0,389.0,314.0,325.0,298.0,242.0,181.0,236.0,258.0,354.0,425.0,352.0,401.0,392.0,266.0,318.0,273.0,292.0,197.0,224.0,287.0,361.0,451.0,489.0,418.0,397.0,336.0,343.0,269.0,286.0,185.0,200.0,274.0,364.0,472.0,489.0,464.0,388.0
394927,149,"Ocala, FL",msa,FL,242.0,278.0,314.0,315.0,280.0,264.0,279.0,267.0,261.0,209.0,271.0,184.0,245.0,282.0,285.0,288.0,396.0,365.0,331.0,359.0,408.0,344.0,444.0,290.0,361.0,498.0,494.0,447.0,468.0,409.0,444.0,386.0,367.0,372.0,447.0,359.0,398.0,542.0,447.0,492.0,476.0,416.0,469.0,439.0,366.0,398.0,463.0,324.0,442.0,498.0,508.0,501.0,497.0,499.0,482.0,436.0,449.0,468.0,468.0,429.0,466.0,583.0,589.0,651.0,600.0,683.0,605.0,600.0,621.0,565.0,653.0,533.0,582.0,666.0,739.0,694.0,684.0,690.0,618.0,621.0,636.0,610.0,696.0,515.0,627.0,774.0,794.0,740.0,803.0,742.0,702.0,702.0,701.0,576.0,674.0,476.0,597.0,709.0,679.0,745.0,776.0,636.0,699.0,696.0,646.0,647.0,755.0,529.0,574.0,765.0,663.0,820.0,792.0,647.0,767.0,569.0,589.0,607.0,592.0,504.0,597.0,735.0,735.0,820.0,701.0,714.0,728.0,577.0,638.0,617.0,584.0,469.0,490.0,654.0,710.0,739.0,637.0,702.0,680.0,606.0,647.0,546.0,657.0,538.0,574.0,686.0,612.0,456.0,607.0,677.0,689.0,757.0,735.0,663.0,777.0,554.0,668.0,871.0,987.0,902.0,947.0,864.0,896.0,822.0,826.0,796.0,836.0,681.0,706.0,933.0,879.0,877.0,839.0,674.0,699.0,515.0,587.0,476.0,515.0,469.0,437.0,630.0,600.0,742.0,781.0,727.0,744.0,712.0,648.0,597.0,533.0,457.0,506.0,561.0,629.0,693.0,638.0,617.0,597.0,505.0,522.0,458.0,534.0,427.0,443.0,575.0,600.0,577.0,567.0,591.0,560.0,539.0,565.0,410.0,584.0,418.0,488.0,559.0,636.0,623.0,634.0,614.0,598.0
394679,150,"Hickory, NC",msa,NC,215.0,260.0,296.0,348.0,320.0,311.0,313.0,263.0,265.0,165.0,201.0,167.0,184.0,235.0,233.0,234.0,232.0,268.0,272.0,275.0,244.0,239.0,220.0,133.0,148.0,271.0,295.0,254.0,247.0,203.0,208.0,208.0,220.0,184.0,180.0,163.0,187.0,216.0,213.0,192.0,276.0,218.0,255.0,218.0,204.0,197.0,221.0,183.0,180.0,261.0,220.0,281.0,307.0,264.0,293.0,243.0,262.0,248.0,214.0,227.0,207.0,284.0,279.0,364.0,313.0,282.0,320.0,298.0,296.0,251.0,269.0,218.0,218.0,225.0,303.0,293.0,332.0,308.0,327.0,318.0,344.0,234.0,334.0,207.0,243.0,322.0,316.0,334.0,377.0,388.0,406.0,346.0,342.0,279.0,276.0,255.0,270.0,335.0,384.0,397.0,452.0,406.0,466.0,385.0,353.0,390.0,376.0,295.0,267.0,429.0,364.0,444.0,490.0,417.0,488.0,424.0,424.0,356.0,382.0,310.0,305.0,367.0,449.0,491.0,482.0,494.0,518.0,363.0,424.0,347.0,326.0,271.0,314.0,376.0,377.0,493.0,432.0,440.0,464.0,397.0,428.0,368.0,367.0,339.0,310.0,405.0,377.0,377.0,449.0,491.0,473.0,486.0,475.0,433.0,495.0,366.0,365.0,514.0,554.0,566.0,633.0,612.0,634.0,634.0,580.0,549.0,582.0,465.0,397.0,588.0,644.0,594.0,678.0,511.0,593.0,550.0,503.0,417.0,413.0,322.0,339.0,447.0,423.0,476.0,523.0,390.0,413.0,431.0,361.0,328.0,297.0,276.0,302.0,349.0,372.0,430.0,371.0,415.0,402.0,295.0,379.0,323.0,312.0,295.0,313.0,305.0,369.0,423.0,389.0,427.0,392.0,355.0,406.0,306.0,359.0,272.0,309.0,333.0,396.0,387.0,434.0,415.0,375.0
394697,151,"Huntington, WV",msa,OH,115.0,178.0,203.0,261.0,260.0,243.0,245.0,246.0,197.0,189.0,166.0,119.0,143.0,164.0,186.0,214.0,227.0,288.0,277.0,272.0,249.0,220.0,205.0,172.0,176.0,229.0,220.0,253.0,294.0,232.0,242.0,230.0,193.0,172.0,212.0,151.0,164.0,240.0,240.0,226.0,302.0,212.0,247.0,213.0,201.0,187.0,188.0,138.0,138.0,218.0,203.0,275.0,286.0,211.0,242.0,221.0,198.0,201.0,205.0,197.0,184.0,223.0,226.0,261.0,272.0,321.0,315.0,291.0,298.0,229.0,249.0,171.0,151.0,210.0,254.0,249.0,284.0,301.0,231.0,137.0,158.0,137.0,165.0,111.0,130.0,182.0,144.0,179.0,258.0,301.0,282.0,285.0,275.0,206.0,203.0,163.0,190.0,217.0,233.0,302.0,325.0,271.0,279.0,303.0,270.0,238.0,243.0,231.0,224.0,303.0,290.0,362.0,421.0,345.0,385.0,349.0,378.0,319.0,278.0,260.0,245.0,343.0,386.0,440.0,387.0,322.0,416.0,342.0,364.0,335.0,278.0,249.0,271.0,318.0,386.0,430.0,388.0,406.0,389.0,366.0,408.0,309.0,282.0,271.0,294.0,339.0,285.0,301.0,505.0,496.0,462.0,475.0,480.0,413.0,387.0,308.0,240.0,387.0,438.0,444.0,509.0,456.0,495.0,414.0,446.0,412.0,429.0,325.0,350.0,390.0,470.0,473.0,444.0,418.0,491.0,412.0,414.0,325.0,299.0,265.0,270.0,337.0,302.0,354.0,445.0,355.0,428.0,383.0,375.0,333.0,317.0,246.0,287.0,331.0,336.0,340.0,349.0,415.0,408.0,333.0,325.0,277.0,294.0,212.0,228.0,297.0,305.0,359.0,381.0,388.0,373.0,366.0,392.0,260.0,338.0,251.0,257.0,287.0,330.0,363.0,406.0,423.0,326.0
394602,152,"Fort Collins, CO",msa,CO,297.0,433.0,458.0,535.0,584.0,526.0,518.0,425.0,421.0,263.0,279.0,220.0,251.0,302.0,365.0,405.0,536.0,591.0,491.0,399.0,451.0,346.0,346.0,207.0,265.0,415.0,496.0,543.0,617.0,435.0,371.0,367.0,318.0,300.0,315.0,230.0,245.0,341.0,399.0,488.0,538.0,509.0,491.0,366.0,342.0,316.0,319.0,250.0,247.0,410.0,449.0,547.0,634.0,628.0,580.0,504.0,467.0,463.0,466.0,333.0,373.0,517.0,560.0,726.0,734.0,804.0,750.0,525.0,473.0,427.0,448.0,289.0,327.0,441.0,555.0,715.0,734.0,788.0,677.0,651.0,617.0,403.0,485.0,356.0,359.0,520.0,577.0,660.0,834.0,776.0,726.0,656.0,594.0,429.0,541.0,335.0,360.0,537.0,558.0,664.0,709.0,733.0,687.0,619.0,608.0,506.0,497.0,342.0,356.0,567.0,554.0,694.0,728.0,674.0,707.0,574.0,581.0,541.0,481.0,405.0,362.0,500.0,580.0,731.0,760.0,687.0,702.0,528.0,507.0,469.0,408.0,290.0,344.0,487.0,587.0,692.0,644.0,658.0,687.0,526.0,532.0,440.0,456.0,363.0,378.0,528.0,425.0,351.0,747.0,838.0,825.0,747.0,771.0,556.0,563.0,388.0,431.0,594.0,662.0,786.0,873.0,865.0,802.0,757.0,657.0,616.0,546.0,341.0,400.0,502.0,581.0,693.0,741.0,597.0,576.0,496.0,395.0,331.0,280.0,249.0,284.0,409.0,378.0,531.0,543.0,474.0,526.0,422.0,340.0,325.0,266.0,272.0,284.0,386.0,439.0,532.0,460.0,473.0,474.0,383.0,424.0,364.0,365.0,277.0,355.0,379.0,517.0,568.0,557.0,494.0,494.0,490.0,437.0,365.0,402.0,259.0,353.0,476.0,523.0,585.0,646.0,623.0,476.0
395033,153,"Rockford, IL",msa,IL,234.0,277.0,326.0,387.0,405.0,345.0,360.0,343.0,314.0,204.0,224.0,150.0,179.0,266.0,232.0,287.0,329.0,399.0,322.0,334.0,389.0,297.0,234.0,166.0,169.0,287.0,364.0,376.0,361.0,239.0,230.0,256.0,218.0,233.0,219.0,178.0,170.0,217.0,258.0,286.0,311.0,246.0,299.0,271.0,269.0,254.0,259.0,209.0,222.0,282.0,262.0,314.0,353.0,353.0,400.0,325.0,364.0,301.0,302.0,270.0,238.0,301.0,349.0,372.0,428.0,427.0,440.0,391.0,375.0,355.0,341.0,253.0,224.0,314.0,361.0,443.0,503.0,471.0,520.0,443.0,455.0,362.0,419.0,281.0,318.0,391.0,407.0,448.0,510.0,507.0,502.0,487.0,448.0,349.0,446.0,228.0,277.0,407.0,429.0,496.0,547.0,476.0,533.0,461.0,498.0,340.0,385.0,305.0,282.0,411.0,459.0,549.0,594.0,561.0,552.0,511.0,465.0,394.0,417.0,284.0,264.0,433.0,405.0,525.0,578.0,524.0,637.0,463.0,480.0,478.0,364.0,235.0,258.0,339.0,403.0,566.0,583.0,547.0,568.0,468.0,507.0,414.0,405.0,341.0,328.0,375.0,385.0,399.0,491.0,624.0,577.0,609.0,635.0,511.0,525.0,394.0,326.0,460.0,508.0,507.0,620.0,668.0,629.0,559.0,499.0,504.0,466.0,377.0,317.0,426.0,399.0,444.0,476.0,480.0,490.0,485.0,402.0,330.0,300.0,208.0,252.0,258.0,310.0,361.0,393.0,380.0,415.0,389.0,390.0,316.0,303.0,222.0,224.0,293.0,327.0,324.0,350.0,402.0,414.0,392.0,367.0,372.0,305.0,268.0,242.0,293.0,343.0,354.0,422.0,401.0,357.0,367.0,383.0,281.0,335.0,228.0,245.0,279.0,345.0,318.0,412.0,443.0,409.0
394796,154,"Lincoln, NE",msa,NE,182.0,243.0,271.0,326.0,310.0,301.0,311.0,229.0,232.0,179.0,190.0,125.0,151.0,242.0,242.0,346.0,373.0,376.0,391.0,341.0,364.0,302.0,175.0,116.0,145.0,311.0,362.0,396.0,389.0,214.0,182.0,204.0,177.0,184.0,196.0,127.0,154.0,235.0,266.0,302.0,323.0,339.0,296.0,252.0,262.0,275.0,241.0,138.0,191.0,287.0,298.0,378.0,414.0,403.0,413.0,374.0,337.0,323.0,295.0,229.0,207.0,333.0,382.0,462.0,492.0,509.0,504.0,419.0,367.0,386.0,337.0,242.0,256.0,313.0,412.0,455.0,554.0,527.0,455.0,421.0,432.0,313.0,355.0,256.0,258.0,400.0,464.0,598.0,560.0,564.0,479.0,480.0,450.0,336.0,384.0,271.0,260.0,403.0,463.0,517.0,472.0,390.0,422.0,415.0,371.0,304.0,399.0,270.0,218.0,387.0,372.0,520.0,476.0,394.0,437.0,424.0,391.0,306.0,365.0,227.0,245.0,326.0,381.0,415.0,480.0,456.0,476.0,415.0,432.0,342.0,256.0,215.0,268.0,313.0,361.0,473.0,442.0,488.0,465.0,374.0,368.0,319.0,340.0,233.0,272.0,336.0,333.0,383.0,489.0,509.0,489.0,430.0,527.0,361.0,369.0,298.0,213.0,312.0,367.0,451.0,503.0,518.0,532.0,445.0,421.0,369.0,432.0,273.0,261.0,342.0,378.0,391.0,514.0,468.0,436.0,390.0,341.0,309.0,234.0,212.0,190.0,287.0,292.0,407.0,418.0,333.0,353.0,323.0,258.0,215.0,241.0,215.0,184.0,296.0,319.0,415.0,362.0,384.0,344.0,277.0,316.0,298.0,316.0,201.0,194.0,317.0,307.0,432.0,382.0,416.0,355.0,341.0,342.0,281.0,289.0,216.0,226.0,349.0,354.0,420.0,441.0,406.0,351.0
394622,155,"Gainesville, FL",msa,FL,162.0,194.0,240.0,261.0,336.0,287.0,205.0,147.0,162.0,128.0,160.0,90.0,121.0,178.0,148.0,204.0,281.0,249.0,216.0,195.0,187.0,169.0,176.0,107.0,123.0,198.0,233.0,259.0,279.0,200.0,184.0,147.0,136.0,151.0,196.0,116.0,134.0,209.0,200.0,225.0,264.0,234.0,214.0,176.0,149.0,159.0,242.0,120.0,184.0,203.0,232.0,269.0,265.0,277.0,255.0,166.0,207.0,185.0,258.0,183.0,225.0,248.0,266.0,378.0,394.0,382.0,372.0,257.0,258.0,233.0,357.0,193.0,216.0,277.0,308.0,369.0,405.0,377.0,346.0,275.0,281.0,264.0,353.0,194.0,233.0,336.0,363.0,407.0,489.0,475.0,380.0,296.0,292.0,267.0,381.0,204.0,239.0,382.0,399.0,436.0,516.0,433.0,410.0,313.0,257.0,313.0,362.0,257.0,282.0,409.0,402.0,512.0,557.0,449.0,425.0,320.0,307.0,296.0,360.0,229.0,266.0,416.0,435.0,504.0,514.0,502.0,431.0,329.0,339.0,278.0,303.0,211.0,298.0,333.0,439.0,538.0,472.0,476.0,427.0,300.0,269.0,283.0,370.0,225.0,295.0,400.0,322.0,331.0,487.0,491.0,401.0,406.0,395.0,345.0,425.0,271.0,325.0,541.0,545.0,541.0,672.0,542.0,545.0,429.0,411.0,423.0,480.0,353.0,397.0,528.0,557.0,544.0,619.0,432.0,456.0,305.0,353.0,289.0,303.0,234.0,267.0,387.0,395.0,449.0,503.0,391.0,366.0,294.0,299.0,228.0,312.0,223.0,269.0,304.0,387.0,417.0,402.0,354.0,333.0,232.0,278.0,211.0,307.0,226.0,239.0,316.0,372.0,407.0,410.0,351.0,313.0,332.0,319.0,231.0,336.0,212.0,257.0,357.0,387.0,359.0,443.0,385.0,322.0
394405,156,"Boulder, CO",msa,CO,287.0,398.0,436.0,492.0,527.0,565.0,506.0,387.0,375.0,224.0,288.0,176.0,197.0,264.0,287.0,356.0,484.0,486.0,389.0,353.0,352.0,349.0,288.0,182.0,236.0,364.0,489.0,471.0,513.0,322.0,311.0,295.0,296.0,229.0,255.0,202.0,210.0,272.0,318.0,372.0,447.0,429.0,423.0,296.0,319.0,268.0,248.0,197.0,259.0,348.0,415.0,530.0,593.0,560.0,486.0,367.0,399.0,370.0,336.0,274.0,307.0,413.0,544.0,629.0,672.0,710.0,625.0,441.0,438.0,328.0,351.0,257.0,270.0,383.0,534.0,581.0,658.0,653.0,547.0,445.0,457.0,360.0,366.0,270.0,332.0,482.0,531.0,624.0,726.0,680.0,610.0,507.0,495.0,360.0,369.0,251.0,278.0,382.0,451.0,531.0,631.0,560.0,548.0,428.0,413.0,408.0,361.0,276.0,280.0,451.0,447.0,557.0,591.0,538.0,516.0,381.0,454.0,403.0,377.0,271.0,304.0,415.0,443.0,555.0,614.0,500.0,509.0,393.0,389.0,355.0,287.0,218.0,274.0,403.0,459.0,580.0,534.0,567.0,478.0,410.0,453.0,370.0,379.0,309.0,328.0,446.0,316.0,311.0,538.0,672.0,634.0,557.0,544.0,523.0,422.0,252.0,354.0,499.0,551.0,581.0,714.0,673.0,598.0,575.0,513.0,463.0,375.0,281.0,283.0,386.0,433.0,492.0,509.0,417.0,428.0,390.0,271.0,262.0,222.0,166.0,212.0,316.0,322.0,392.0,394.0,403.0,378.0,307.0,290.0,237.0,236.0,187.0,274.0,309.0,391.0,453.0,383.0,364.0,353.0,296.0,346.0,281.0,303.0,228.0,235.0,365.0,427.0,476.0,479.0,388.0,377.0,329.0,372.0,279.0,307.0,207.0,294.0,394.0,446.0,441.0,517.0,422.0,359.0
394646,157,"Green Bay, WI",msa,WI,197.0,290.0,298.0,449.0,364.0,390.0,437.0,328.0,340.0,225.0,201.0,139.0,162.0,198.0,232.0,364.0,327.0,406.0,367.0,378.0,458.0,316.0,258.0,178.0,210.0,274.0,386.0,491.0,385.0,264.0,236.0,267.0,254.0,213.0,217.0,192.0,158.0,220.0,275.0,296.0,309.0,332.0,305.0,285.0,315.0,272.0,280.0,178.0,206.0,333.0,296.0,417.0,466.0,377.0,352.0,376.0,307.0,306.0,328.0,214.0,207.0,345.0,343.0,404.0,531.0,402.0,495.0,310.0,366.0,476.0,255.0,202.0,196.0,280.0,322.0,422.0,464.0,461.0,493.0,335.0,454.0,274.0,294.0,222.0,215.0,310.0,403.0,494.0,556.0,540.0,543.0,486.0,463.0,283.0,379.0,257.0,233.0,347.0,500.0,522.0,701.0,556.0,522.0,539.0,440.0,390.0,380.0,240.0,247.0,406.0,429.0,516.0,557.0,579.0,558.0,422.0,477.0,405.0,381.0,246.0,228.0,380.0,399.0,469.0,616.0,503.0,611.0,459.0,431.0,410.0,310.0,269.0,239.0,310.0,363.0,471.0,510.0,490.0,522.0,410.0,436.0,361.0,297.0,254.0,245.0,294.0,320.0,392.0,487.0,530.0,534.0,508.0,529.0,425.0,392.0,295.0,250.0,349.0,430.0,479.0,605.0,537.0,537.0,487.0,524.0,480.0,379.0,276.0,223.0,289.0,368.0,443.0,512.0,444.0,474.0,443.0,308.0,337.0,267.0,193.0,174.0,226.0,245.0,335.0,373.0,326.0,345.0,333.0,297.0,283.0,240.0,176.0,162.0,201.0,285.0,279.0,323.0,327.0,323.0,261.0,301.0,229.0,257.0,172.0,157.0,198.0,237.0,279.0,350.0,328.0,372.0,376.0,327.0,283.0,270.0,175.0,146.0,223.0,279.0,327.0,374.0,362.0,383.0
394488,158,"Columbus, GA",msa,GA,186.0,221.0,239.0,279.0,249.0,248.0,237.0,198.0,175.0,137.0,189.0,108.0,148.0,180.0,175.0,168.0,198.0,197.0,210.0,170.0,188.0,207.0,202.0,113.0,131.0,178.0,194.0,218.0,217.0,201.0,177.0,175.0,165.0,150.0,192.0,142.0,117.0,227.0,204.0,218.0,239.0,212.0,260.0,227.0,180.0,192.0,196.0,172.0,188.0,242.0,236.0,199.0,237.0,218.0,238.0,216.0,228.0,222.0,221.0,190.0,230.0,228.0,252.0,428.0,319.0,280.0,280.0,251.0,243.0,242.0,262.0,208.0,256.0,283.0,282.0,327.0,299.0,323.0,279.0,260.0,262.0,235.0,276.0,192.0,213.0,297.0,299.0,262.0,324.0,326.0,291.0,321.0,298.0,232.0,284.0,249.0,277.0,298.0,292.0,326.0,360.0,333.0,335.0,318.0,296.0,281.0,304.0,236.0,229.0,342.0,309.0,391.0,405.0,313.0,396.0,311.0,323.0,285.0,312.0,241.0,260.0,372.0,329.0,417.0,390.0,369.0,408.0,302.0,311.0,344.0,279.0,262.0,274.0,376.0,369.0,468.0,446.0,473.0,448.0,335.0,372.0,267.0,333.0,299.0,302.0,369.0,309.0,347.0,424.0,515.0,464.0,525.0,489.0,365.0,416.0,295.0,417.0,495.0,549.0,500.0,609.0,576.0,579.0,495.0,513.0,482.0,550.0,433.0,443.0,526.0,501.0,574.0,569.0,480.0,480.0,422.0,371.0,401.0,366.0,286.0,301.0,380.0,358.0,404.0,405.0,398.0,391.0,362.0,353.0,347.0,313.0,294.0,329.0,352.0,357.0,466.0,371.0,404.0,367.0,353.0,372.0,287.0,355.0,249.0,319.0,317.0,348.0,380.0,379.0,371.0,342.0,317.0,337.0,285.0,349.0,255.0,269.0,347.0,340.0,386.0,434.0,409.0,365.0
395107,159,"South Bend, IN",msa,IN,289.0,278.0,331.0,379.0,364.0,389.0,402.0,355.0,318.0,204.0,260.0,161.0,157.0,227.0,268.0,288.0,313.0,323.0,305.0,315.0,331.0,280.0,252.0,139.0,182.0,288.0,334.0,331.0,371.0,276.0,268.0,246.0,267.0,209.0,224.0,153.0,164.0,214.0,267.0,283.0,356.0,328.0,336.0,274.0,283.0,237.0,241.0,214.0,216.0,320.0,321.0,377.0,362.0,344.0,324.0,310.0,336.0,298.0,268.0,194.0,236.0,310.0,336.0,399.0,421.0,385.0,440.0,347.0,357.0,304.0,354.0,210.0,217.0,292.0,352.0,404.0,451.0,448.0,435.0,405.0,373.0,302.0,333.0,241.0,268.0,326.0,375.0,463.0,544.0,553.0,464.0,455.0,411.0,317.0,372.0,246.0,270.0,388.0,407.0,484.0,524.0,500.0,504.0,449.0,416.0,359.0,374.0,262.0,257.0,396.0,427.0,465.0,588.0,545.0,570.0,422.0,450.0,389.0,327.0,261.0,227.0,366.0,454.0,442.0,541.0,531.0,549.0,423.0,467.0,433.0,329.0,207.0,249.0,337.0,383.0,517.0,504.0,517.0,524.0,448.0,449.0,378.0,352.0,285.0,268.0,344.0,302.0,340.0,469.0,613.0,485.0,556.0,502.0,412.0,433.0,320.0,287.0,401.0,408.0,493.0,608.0,544.0,585.0,509.0,525.0,519.0,449.0,285.0,310.0,346.0,373.0,474.0,565.0,500.0,588.0,467.0,412.0,361.0,342.0,241.0,258.0,337.0,301.0,405.0,521.0,433.0,457.0,340.0,396.0,342.0,341.0,217.0,237.0,335.0,404.0,441.0,423.0,462.0,412.0,399.0,407.0,325.0,368.0,239.0,298.0,323.0,358.0,446.0,477.0,502.0,492.0,399.0,421.0,325.0,363.0,253.0,259.0,326.0,375.0,404.0,511.0,499.0,495.0
395109,160,"Spartanburg, SC",msa,SC,250.0,290.0,338.0,309.0,338.0,381.0,343.0,328.0,299.0,211.0,231.0,163.0,205.0,214.0,225.0,249.0,274.0,265.0,237.0,243.0,255.0,263.0,256.0,211.0,217.0,242.0,294.0,344.0,324.0,221.0,198.0,209.0,224.0,196.0,217.0,165.0,190.0,256.0,225.0,246.0,287.0,253.0,244.0,239.0,238.0,188.0,228.0,184.0,210.0,275.0,232.0,272.0,314.0,340.0,305.0,259.0,324.0,306.0,286.0,249.0,231.0,308.0,334.0,343.0,356.0,419.0,346.0,335.0,313.0,326.0,290.0,212.0,233.0,307.0,351.0,399.0,355.0,363.0,378.0,390.0,387.0,296.0,345.0,316.0,302.0,391.0,397.0,443.0,419.0,399.0,341.0,367.0,297.0,356.0,389.0,267.0,309.0,418.0,448.0,507.0,494.0,425.0,492.0,505.0,469.0,431.0,441.0,322.0,335.0,502.0,432.0,523.0,561.0,529.0,554.0,485.0,449.0,377.0,422.0,312.0,320.0,459.0,399.0,545.0,505.0,525.0,606.0,469.0,503.0,441.0,407.0,339.0,374.0,475.0,526.0,585.0,531.0,547.0,577.0,505.0,511.0,412.0,397.0,374.0,388.0,448.0,390.0,395.0,552.0,563.0,509.0,544.0,549.0,482.0,549.0,434.0,426.0,551.0,578.0,565.0,714.0,610.0,635.0,620.0,615.0,592.0,623.0,444.0,468.0,624.0,643.0,690.0,669.0,545.0,599.0,483.0,515.0,422.0,407.0,295.0,317.0,471.0,361.0,463.0,480.0,417.0,513.0,379.0,381.0,341.0,352.0,311.0,328.0,366.0,383.0,421.0,402.0,414.0,406.0,280.0,355.0,285.0,368.0,293.0,345.0,419.0,418.0,497.0,429.0,474.0,387.0,389.0,380.0,312.0,394.0,279.0,276.0,366.0,419.0,445.0,445.0,483.0,408.0
394645,161,"Greeley, CO",msa,CO,253.0,337.0,399.0,373.0,343.0,398.0,328.0,378.0,346.0,251.0,271.0,211.0,219.0,311.0,293.0,313.0,346.0,332.0,315.0,315.0,341.0,317.0,263.0,196.0,244.0,290.0,407.0,359.0,372.0,288.0,300.0,285.0,269.0,227.0,264.0,188.0,202.0,315.0,329.0,328.0,365.0,317.0,306.0,284.0,271.0,248.0,289.0,188.0,236.0,291.0,315.0,405.0,356.0,415.0,426.0,317.0,363.0,322.0,317.0,245.0,272.0,400.0,438.0,492.0,540.0,516.0,519.0,476.0,399.0,418.0,403.0,293.0,298.0,381.0,430.0,553.0,539.0,636.0,512.0,511.0,509.0,420.0,374.0,274.0,295.0,444.0,539.0,559.0,656.0,621.0,552.0,558.0,531.0,387.0,466.0,330.0,319.0,453.0,493.0,577.0,571.0,588.0,599.0,532.0,461.0,491.0,455.0,356.0,348.0,450.0,490.0,526.0,578.0,526.0,617.0,486.0,468.0,434.0,422.0,302.0,367.0,473.0,489.0,607.0,619.0,556.0,538.0,446.0,526.0,433.0,351.0,288.0,325.0,485.0,489.0,584.0,587.0,600.0,533.0,480.0,461.0,386.0,438.0,355.0,377.0,419.0,392.0,346.0,596.0,713.0,598.0,605.0,579.0,441.0,498.0,364.0,386.0,527.0,531.0,577.0,696.0,694.0,711.0,615.0,574.0,570.0,509.0,353.0,385.0,534.0,576.0,598.0,607.0,500.0,495.0,442.0,378.0,311.0,285.0,208.0,296.0,358.0,356.0,424.0,435.0,365.0,357.0,324.0,328.0,242.0,266.0,229.0,307.0,345.0,412.0,440.0,409.0,403.0,368.0,386.0,355.0,281.0,284.0,241.0,265.0,358.0,424.0,506.0,432.0,404.0,350.0,397.0,352.0,279.0,334.0,232.0,316.0,458.0,513.0,450.0,492.0,430.0,372.0
394808,162,"Lubbock, TX",msa,TX,242.0,323.0,328.0,391.0,407.0,359.0,338.0,263.0,224.0,151.0,200.0,140.0,211.0,274.0,305.0,391.0,393.0,383.0,291.0,260.0,237.0,260.0,175.0,145.0,162.0,305.0,311.0,370.0,341.0,245.0,250.0,172.0,193.0,165.0,222.0,152.0,156.0,220.0,251.0,278.0,338.0,298.0,266.0,255.0,189.0,189.0,216.0,157.0,202.0,267.0,274.0,348.0,376.0,328.0,361.0,270.0,287.0,252.0,289.0,220.0,257.0,359.0,362.0,463.0,411.0,482.0,418.0,329.0,298.0,257.0,250.0,223.0,235.0,295.0,353.0,397.0,451.0,458.0,417.0,308.0,339.0,269.0,315.0,242.0,256.0,399.0,396.0,452.0,525.0,500.0,435.0,373.0,326.0,223.0,334.0,272.0,300.0,431.0,451.0,449.0,490.0,498.0,434.0,400.0,348.0,321.0,342.0,263.0,283.0,424.0,370.0,495.0,521.0,463.0,448.0,393.0,370.0,354.0,343.0,266.0,368.0,458.0,471.0,562.0,557.0,527.0,477.0,434.0,379.0,356.0,363.0,305.0,336.0,483.0,506.0,542.0,474.0,503.0,462.0,367.0,349.0,343.0,379.0,278.0,312.0,415.0,438.0,561.0,716.0,708.0,601.0,541.0,494.0,461.0,477.0,394.0,420.0,643.0,610.0,671.0,762.0,698.0,660.0,534.0,511.0,496.0,447.0,372.0,428.0,505.0,408.0,451.0,484.0,428.0,460.0,353.0,308.0,261.0,262.0,229.0,272.0,355.0,320.0,437.0,436.0,438.0,365.0,289.0,271.0,234.0,242.0,216.0,273.0,290.0,359.0,415.0,416.0,384.0,347.0,268.0,270.0,227.0,295.0,227.0,252.0,343.0,361.0,419.0,407.0,414.0,384.0,320.0,329.0,271.0,316.0,213.0,275.0,365.0,382.0,456.0,485.0,422.0,366.0
394471,163,"Clarksville, TN",msa,TN,270.0,195.0,243.0,333.0,314.0,358.0,284.0,328.0,294.0,254.0,252.0,252.0,277.0,324.0,363.0,361.0,420.0,420.0,411.0,376.0,412.0,347.0,325.0,223.0,266.0,306.0,337.0,324.0,318.0,274.0,255.0,291.0,249.0,239.0,238.0,184.0,211.0,227.0,283.0,291.0,368.0,326.0,419.0,359.0,309.0,321.0,324.0,267.0,229.0,344.0,290.0,329.0,327.0,334.0,338.0,281.0,342.0,297.0,293.0,213.0,260.0,325.0,325.0,396.0,378.0,419.0,393.0,368.0,320.0,311.0,316.0,290.0,279.0,337.0,350.0,374.0,406.0,397.0,391.0,346.0,379.0,294.0,395.0,230.0,299.0,375.0,360.0,401.0,478.0,470.0,468.0,393.0,353.0,291.0,386.0,293.0,369.0,449.0,468.0,501.0,481.0,493.0,483.0,437.0,438.0,428.0,436.0,333.0,347.0,481.0,465.0,573.0,590.0,559.0,574.0,498.0,512.0,442.0,456.0,384.0,343.0,516.0,492.0,619.0,647.0,605.0,663.0,518.0,493.0,493.0,418.0,364.0,449.0,430.0,541.0,658.0,600.0,659.0,620.0,593.0,592.0,471.0,512.0,420.0,417.0,544.0,479.0,503.0,618.0,751.0,673.0,691.0,647.0,560.0,609.0,510.0,426.0,672.0,613.0,698.0,837.0,903.0,857.0,822.0,754.0,738.0,806.0,590.0,542.0,751.0,726.0,843.0,886.0,775.0,698.0,638.0,535.0,396.0,418.0,367.0,415.0,496.0,432.0,657.0,735.0,508.0,544.0,457.0,464.0,398.0,409.0,362.0,401.0,483.0,536.0,594.0,529.0,548.0,516.0,484.0,481.0,374.0,475.0,367.0,365.0,446.0,508.0,533.0,568.0,563.0,493.0,469.0,520.0,389.0,511.0,332.0,392.0,498.0,527.0,587.0,559.0,558.0,467.0
395028,164,"Roanoke, VA",msa,VA,243.0,373.0,354.0,419.0,364.0,368.0,358.0,297.0,288.0,197.0,205.0,164.0,205.0,259.0,264.0,291.0,380.0,373.0,342.0,313.0,337.0,308.0,238.0,173.0,180.0,268.0,304.0,365.0,383.0,241.0,282.0,225.0,232.0,236.0,233.0,166.0,206.0,240.0,275.0,302.0,331.0,281.0,275.0,257.0,268.0,254.0,255.0,191.0,238.0,266.0,268.0,329.0,330.0,271.0,336.0,278.0,332.0,285.0,250.0,233.0,260.0,279.0,352.0,397.0,397.0,394.0,405.0,326.0,341.0,297.0,290.0,233.0,224.0,291.0,314.0,384.0,378.0,409.0,385.0,355.0,343.0,248.0,338.0,221.0,245.0,308.0,343.0,392.0,474.0,417.0,428.0,475.0,407.0,321.0,358.0,270.0,277.0,371.0,394.0,526.0,507.0,481.0,503.0,445.0,402.0,394.0,381.0,302.0,323.0,504.0,432.0,495.0,603.0,478.0,558.0,489.0,445.0,386.0,368.0,326.0,337.0,433.0,474.0,546.0,561.0,574.0,525.0,435.0,449.0,459.0,366.0,298.0,332.0,439.0,465.0,606.0,525.0,534.0,572.0,450.0,515.0,381.0,397.0,380.0,383.0,479.0,434.0,466.0,588.0,642.0,633.0,601.0,601.0,544.0,561.0,375.0,396.0,561.0,533.0,608.0,688.0,662.0,664.0,604.0,607.0,506.0,512.0,386.0,393.0,448.0,503.0,559.0,612.0,500.0,547.0,502.0,433.0,363.0,368.0,277.0,302.0,401.0,383.0,479.0,547.0,394.0,442.0,409.0,363.0,336.0,340.0,323.0,296.0,418.0,425.0,511.0,460.0,466.0,452.0,377.0,423.0,398.0,373.0,295.0,280.0,342.0,422.0,520.0,472.0,535.0,475.0,439.0,430.0,348.0,405.0,296.0,292.0,361.0,456.0,503.0,501.0,473.0,445.0
394579,165,"Evansville, IN",msa,IN,261.0,284.0,305.0,305.0,358.0,344.0,330.0,337.0,329.0,203.0,264.0,150.0,174.0,243.0,255.0,310.0,327.0,316.0,324.0,319.0,336.0,271.0,261.0,171.0,187.0,311.0,345.0,432.0,311.0,239.0,231.0,288.0,226.0,210.0,265.0,182.0,240.0,268.0,271.0,316.0,329.0,299.0,327.0,255.0,257.0,274.0,294.0,209.0,247.0,315.0,315.0,330.0,334.0,312.0,351.0,276.0,354.0,320.0,275.0,254.0,264.0,341.0,346.0,401.0,395.0,419.0,431.0,367.0,331.0,279.0,328.0,270.0,234.0,325.0,403.0,432.0,405.0,390.0,394.0,376.0,338.0,265.0,338.0,257.0,255.0,353.0,385.0,402.0,505.0,428.0,463.0,420.0,403.0,309.0,388.0,249.0,278.0,423.0,455.0,509.0,493.0,463.0,483.0,381.0,396.0,374.0,373.0,332.0,322.0,428.0,435.0,523.0,512.0,438.0,491.0,416.0,407.0,406.0,355.0,249.0,281.0,417.0,438.0,478.0,480.0,475.0,581.0,406.0,404.0,336.0,352.0,243.0,322.0,403.0,414.0,503.0,517.0,513.0,474.0,408.0,397.0,379.0,386.0,288.0,337.0,405.0,385.0,379.0,552.0,534.0,499.0,490.0,505.0,386.0,406.0,341.0,330.0,427.0,432.0,480.0,546.0,492.0,530.0,500.0,500.0,476.0,455.0,335.0,325.0,437.0,448.0,493.0,528.0,453.0,481.0,432.0,390.0,305.0,330.0,274.0,280.0,374.0,350.0,342.0,440.0,365.0,400.0,304.0,313.0,302.0,296.0,239.0,273.0,348.0,366.0,372.0,361.0,384.0,371.0,300.0,344.0,324.0,338.0,301.0,226.0,315.0,355.0,398.0,424.0,407.0,404.0,379.0,362.0,324.0,355.0,284.0,284.0,330.0,392.0,414.0,398.0,422.0,434.0
394747,167,"Kingsport, TN",msa,TN,266.0,303.0,317.0,395.0,382.0,347.0,328.0,301.0,266.0,183.0,221.0,156.0,180.0,221.0,245.0,251.0,299.0,292.0,323.0,285.0,331.0,322.0,239.0,215.0,208.0,303.0,340.0,372.0,364.0,273.0,256.0,260.0,262.0,242.0,200.0,168.0,215.0,231.0,210.0,238.0,300.0,293.0,306.0,263.0,270.0,252.0,291.0,220.0,217.0,296.0,298.0,291.0,356.0,339.0,341.0,272.0,349.0,292.0,258.0,260.0,247.0,311.0,299.0,403.0,323.0,371.0,385.0,345.0,342.0,306.0,315.0,248.0,241.0,293.0,314.0,389.0,371.0,389.0,348.0,334.0,407.0,275.0,327.0,243.0,236.0,325.0,315.0,395.0,429.0,457.0,399.0,442.0,377.0,289.0,341.0,244.0,284.0,353.0,405.0,434.0,476.0,394.0,429.0,420.0,393.0,342.0,330.0,292.0,285.0,391.0,366.0,465.0,496.0,409.0,428.0,454.0,401.0,348.0,309.0,293.0,264.0,435.0,411.0,482.0,478.0,438.0,488.0,388.0,405.0,338.0,299.0,287.0,329.0,420.0,438.0,494.0,466.0,509.0,501.0,470.0,463.0,361.0,374.0,336.0,323.0,401.0,387.0,392.0,542.0,557.0,561.0,597.0,554.0,523.0,540.0,449.0,363.0,567.0,593.0,577.0,632.0,658.0,667.0,588.0,603.0,551.0,588.0,437.0,413.0,570.0,568.0,549.0,610.0,536.0,577.0,482.0,503.0,371.0,389.0,303.0,316.0,432.0,426.0,467.0,479.0,399.0,444.0,471.0,438.0,371.0,386.0,298.0,336.0,379.0,438.0,447.0,417.0,484.0,456.0,372.0,421.0,381.0,357.0,290.0,274.0,361.0,411.0,475.0,437.0,422.0,460.0,428.0,441.0,359.0,378.0,329.0,301.0,387.0,443.0,491.0,455.0,498.0,422.0
394741,168,"Kennewick, WA",msa,WA,202.0,216.0,235.0,311.0,310.0,283.0,271.0,255.0,258.0,157.0,209.0,112.0,159.0,172.0,214.0,290.0,326.0,345.0,364.0,315.0,412.0,351.0,330.0,152.0,171.0,291.0,335.0,341.0,363.0,276.0,301.0,260.0,289.0,271.0,288.0,134.0,133.0,231.0,228.0,249.0,279.0,263.0,211.0,253.0,258.0,257.0,255.0,135.0,151.0,220.0,219.0,288.0,284.0,265.0,297.0,252.0,323.0,282.0,285.0,165.0,167.0,264.0,278.0,344.0,321.0,386.0,355.0,308.0,285.0,235.0,287.0,179.0,184.0,261.0,306.0,317.0,373.0,361.0,351.0,369.0,367.0,308.0,318.0,210.0,237.0,358.0,394.0,417.0,484.0,524.0,440.0,386.0,443.0,313.0,406.0,250.0,257.0,376.0,388.0,444.0,456.0,453.0,453.0,456.0,477.0,399.0,386.0,241.0,230.0,337.0,339.0,440.0,487.0,414.0,461.0,452.0,390.0,365.0,368.0,285.0,298.0,376.0,385.0,393.0,481.0,464.0,456.0,368.0,448.0,339.0,288.0,257.0,238.0,258.0,316.0,366.0,442.0,427.0,420.0,369.0,387.0,314.0,339.0,272.0,265.0,332.0,292.0,279.0,415.0,441.0,368.0,444.0,473.0,391.0,376.0,253.0,252.0,342.0,373.0,367.0,449.0,443.0,434.0,458.0,420.0,404.0,401.0,272.0,229.0,344.0,355.0,399.0,375.0,333.0,351.0,322.0,254.0,210.0,183.0,157.0,175.0,247.0,222.0,244.0,303.0,270.0,313.0,226.0,236.0,215.0,187.0,141.0,174.0,223.0,254.0,284.0,267.0,276.0,304.0,257.0,265.0,206.0,223.0,186.0,207.0,239.0,252.0,291.0,298.0,279.0,307.0,306.0,307.0,208.0,261.0,179.0,210.0,247.0,285.0,317.0,324.0,278.0,279.0
395179,169,"Utica, NY",msa,NY,159.0,188.0,211.0,190.0,230.0,268.0,267.0,285.0,240.0,167.0,210.0,124.0,113.0,155.0,174.0,185.0,233.0,264.0,256.0,217.0,288.0,238.0,229.0,129.0,133.0,189.0,187.0,217.0,336.0,171.0,203.0,216.0,213.0,196.0,179.0,157.0,111.0,149.0,147.0,158.0,205.0,203.0,231.0,225.0,235.0,183.0,199.0,146.0,141.0,151.0,173.0,168.0,240.0,209.0,255.0,230.0,241.0,191.0,195.0,155.0,148.0,161.0,167.0,212.0,218.0,262.0,291.0,264.0,269.0,208.0,246.0,177.0,133.0,180.0,159.0,194.0,276.0,270.0,240.0,303.0,312.0,239.0,220.0,134.0,160.0,198.0,183.0,221.0,299.0,307.0,250.0,305.0,346.0,248.0,291.0,231.0,187.0,210.0,205.0,243.0,362.0,316.0,325.0,360.0,321.0,301.0,301.0,222.0,212.0,252.0,229.0,295.0,318.0,310.0,388.0,297.0,297.0,316.0,284.0,230.0,180.0,186.0,221.0,221.0,267.0,289.0,307.0,282.0,330.0,264.0,181.0,182.0,128.0,165.0,181.0,237.0,227.0,261.0,309.0,269.0,290.0,269.0,269.0,211.0,146.0,174.0,174.0,216.0,217.0,211.0,327.0,352.0,352.0,331.0,326.0,250.0,271.0,275.0,245.0,248.0,337.0,324.0,349.0,301.0,315.0,231.0,270.0,201.0,154.0,174.0,175.0,171.0,223.0,208.0,261.0,234.0,235.0,217.0,162.0,144.0,101.0,146.0,120.0,142.0,152.0,173.0,195.0,164.0,219.0,204.0,166.0,140.0,116.0,128.0,147.0,172.0,144.0,158.0,207.0,200.0,197.0,168.0,157.0,130.0,96.0,121.0,112.0,126.0,175.0,221.0,183.0,200.0,243.0,188.0,160.0,140.0,116.0,126.0,127.0,150.0,166.0,214.0,249.0
394660,170,"Hagerstown, MD",msa,MD,164.0,190.0,205.0,228.0,227.0,174.0,181.0,220.0,197.0,130.0,182.0,129.0,143.0,178.0,211.0,191.0,251.0,214.0,219.0,253.0,235.0,242.0,223.0,185.0,134.0,229.0,249.0,291.0,299.0,225.0,225.0,258.0,206.0,196.0,225.0,192.0,150.0,214.0,241.0,248.0,271.0,239.0,258.0,230.0,226.0,176.0,187.0,156.0,170.0,208.0,233.0,239.0,252.0,235.0,245.0,218.0,223.0,228.0,235.0,194.0,149.0,247.0,246.0,295.0,292.0,282.0,292.0,284.0,255.0,189.0,229.0,216.0,184.0,220.0,260.0,319.0,309.0,329.0,280.0,261.0,193.0,157.0,201.0,208.0,194.0,255.0,285.0,285.0,360.0,347.0,379.0,352.0,342.0,264.0,349.0,197.0,236.0,288.0,292.0,357.0,458.0,336.0,397.0,426.0,287.0,345.0,321.0,279.0,268.0,313.0,344.0,398.0,460.0,452.0,431.0,368.0,366.0,310.0,308.0,263.0,205.0,324.0,358.0,399.0,431.0,386.0,415.0,370.0,358.0,307.0,294.0,201.0,267.0,331.0,383.0,426.0,453.0,445.0,417.0,377.0,423.0,314.0,356.0,269.0,240.0,366.0,316.0,304.0,448.0,480.0,462.0,513.0,492.0,486.0,457.0,355.0,331.0,398.0,466.0,518.0,598.0,524.0,561.0,551.0,514.0,516.0,510.0,357.0,386.0,455.0,480.0,514.0,503.0,465.0,492.0,438.0,395.0,323.0,282.0,263.0,263.0,327.0,300.0,430.0,482.0,381.0,459.0,343.0,361.0,323.0,312.0,277.0,291.0,321.0,375.0,439.0,384.0,412.0,386.0,369.0,371.0,349.0,326.0,291.0,242.0,336.0,391.0,375.0,402.0,395.0,385.0,373.0,389.0,324.0,393.0,294.0,311.0,355.0,394.0,416.0,466.0,397.0,388.0
394543,171,"Duluth, MN",msa,MN,207.0,241.0,275.0,331.0,372.0,375.0,372.0,351.0,319.0,186.0,211.0,144.0,167.0,177.0,214.0,255.0,337.0,382.0,333.0,265.0,346.0,306.0,230.0,149.0,175.0,203.0,295.0,357.0,362.0,276.0,246.0,239.0,249.0,222.0,249.0,178.0,147.0,201.0,245.0,282.0,369.0,294.0,336.0,320.0,294.0,231.0,256.0,181.0,160.0,251.0,250.0,370.0,334.0,350.0,396.0,291.0,385.0,281.0,241.0,246.0,168.0,266.0,297.0,336.0,430.0,450.0,477.0,419.0,427.0,289.0,277.0,243.0,180.0,212.0,270.0,347.0,425.0,445.0,496.0,376.0,474.0,290.0,317.0,245.0,209.0,283.0,319.0,424.0,524.0,478.0,476.0,421.0,410.0,305.0,326.0,232.0,206.0,284.0,304.0,389.0,520.0,474.0,591.0,489.0,389.0,367.0,325.0,252.0,212.0,258.0,291.0,410.0,553.0,487.0,503.0,446.0,439.0,377.0,288.0,227.0,179.0,310.0,331.0,410.0,507.0,514.0,588.0,444.0,492.0,378.0,278.0,266.0,211.0,264.0,280.0,464.0,464.0,540.0,572.0,391.0,478.0,378.0,308.0,196.0,206.0,254.0,296.0,341.0,479.0,604.0,563.0,589.0,596.0,450.0,449.0,326.0,283.0,336.0,402.0,542.0,761.0,671.0,767.0,693.0,607.0,525.0,511.0,298.0,217.0,298.0,332.0,432.0,624.0,565.0,598.0,613.0,522.0,421.0,349.0,207.0,176.0,236.0,228.0,361.0,473.0,479.0,555.0,470.0,429.0,346.0,317.0,232.0,182.0,238.0,286.0,355.0,350.0,424.0,460.0,381.0,434.0,360.0,309.0,215.0,166.0,226.0,285.0,305.0,471.0,439.0,421.0,437.0,455.0,318.0,344.0,212.0,202.0,196.0,288.0,371.0,480.0,515.0,438.0
394937,172,"Olympia, WA",msa,WA,187.0,247.0,237.0,264.0,257.0,276.0,257.0,251.0,230.0,133.0,154.0,128.0,134.0,168.0,173.0,204.0,269.0,261.0,282.0,219.0,265.0,258.0,203.0,126.0,174.0,229.0,236.0,231.0,248.0,190.0,199.0,216.0,207.0,196.0,221.0,115.0,138.0,183.0,181.0,223.0,251.0,199.0,220.0,223.0,219.0,175.0,223.0,125.0,129.0,197.0,200.0,219.0,253.0,275.0,281.0,244.0,271.0,174.0,201.0,171.0,175.0,219.0,225.0,308.0,313.0,323.0,354.0,258.0,284.0,222.0,255.0,235.0,176.0,229.0,288.0,307.0,346.0,354.0,342.0,338.0,348.0,257.0,295.0,209.0,257.0,332.0,366.0,380.0,440.0,475.0,367.0,426.0,389.0,295.0,327.0,246.0,258.0,364.0,419.0,480.0,508.0,502.0,534.0,464.0,444.0,430.0,376.0,327.0,319.0,389.0,422.0,519.0,614.0,562.0,598.0,560.0,510.0,445.0,398.0,306.0,316.0,433.0,409.0,527.0,597.0,562.0,607.0,466.0,477.0,375.0,361.0,288.0,291.0,342.0,414.0,545.0,574.0,592.0,581.0,537.0,447.0,384.0,362.0,313.0,277.0,369.0,352.0,344.0,465.0,576.0,534.0,580.0,560.0,445.0,458.0,282.0,312.0,399.0,505.0,518.0,654.0,682.0,663.0,641.0,573.0,554.0,464.0,338.0,312.0,507.0,577.0,407.0,521.0,437.0,471.0,415.0,358.0,251.0,216.0,184.0,243.0,284.0,297.0,334.0,381.0,363.0,349.0,316.0,257.0,207.0,190.0,183.0,195.0,200.0,290.0,328.0,345.0,341.0,332.0,290.0,330.0,256.0,226.0,184.0,224.0,226.0,280.0,339.0,341.0,362.0,342.0,311.0,299.0,239.0,264.0,189.0,240.0,300.0,306.0,342.0,323.0,352.0,318.0
394803,173,"Longview, TX",msa,TX,34.0,44.0,57.0,58.0,67.0,59.0,70.0,65.0,66.0,48.0,50.0,35.0,34.0,55.0,45.0,64.0,83.0,63.0,69.0,74.0,54.0,70.0,61.0,46.0,40.0,75.0,71.0,76.0,78.0,56.0,61.0,53.0,50.0,62.0,39.0,41.0,29.0,49.0,68.0,53.0,74.0,65.0,63.0,61.0,57.0,53.0,56.0,43.0,45.0,71.0,65.0,79.0,91.0,91.0,84.0,79.0,58.0,99.0,118.0,125.0,108.0,175.0,179.0,160.0,162.0,187.0,189.0,171.0,151.0,122.0,149.0,106.0,121.0,190.0,141.0,187.0,209.0,197.0,169.0,182.0,197.0,147.0,169.0,120.0,135.0,194.0,178.0,187.0,222.0,244.0,216.0,178.0,167.0,159.0,173.0,134.0,160.0,200.0,192.0,231.0,247.0,210.0,222.0,201.0,174.0,162.0,159.0,129.0,145.0,206.0,196.0,232.0,218.0,228.0,228.0,192.0,161.0,199.0,179.0,158.0,147.0,233.0,251.0,261.0,285.0,292.0,240.0,213.0,222.0,179.0,188.0,150.0,164.0,211.0,216.0,261.0,252.0,267.0,252.0,200.0,255.0,183.0,192.0,128.0,161.0,192.0,199.0,198.0,232.0,288.0,218.0,268.0,237.0,222.0,210.0,178.0,146.0,268.0,256.0,304.0,333.0,300.0,306.0,333.0,283.0,310.0,266.0,222.0,216.0,298.0,286.0,313.0,335.0,262.0,277.0,264.0,266.0,197.0,193.0,146.0,169.0,210.0,197.0,208.0,242.0,201.0,219.0,189.0,185.0,145.0,146.0,122.0,153.0,184.0,192.0,179.0,201.0,217.0,215.0,163.0,203.0,163.0,166.0,124.0,152.0,170.0,192.0,228.0,188.0,213.0,217.0,186.0,183.0,177.0,181.0,138.0,143.0,186.0,220.0,239.0,217.0,243.0,207.0
395229,174,"Wilmington, NC",msa,NC,264.0,316.0,366.0,361.0,346.0,407.0,304.0,278.0,273.0,183.0,264.0,136.0,165.0,266.0,246.0,277.0,293.0,346.0,292.0,301.0,346.0,277.0,239.0,194.0,206.0,301.0,382.0,327.0,363.0,300.0,303.0,275.0,250.0,264.0,298.0,206.0,202.0,301.0,319.0,298.0,378.0,310.0,332.0,291.0,280.0,269.0,306.0,214.0,269.0,333.0,375.0,437.0,415.0,443.0,402.0,353.0,387.0,371.0,378.0,277.0,317.0,383.0,465.0,516.0,460.0,510.0,498.0,424.0,403.0,326.0,382.0,257.0,309.0,393.0,433.0,498.0,490.0,493.0,472.0,419.0,448.0,371.0,421.0,316.0,338.0,426.0,488.0,452.0,677.0,624.0,506.0,544.0,511.0,366.0,486.0,346.0,418.0,536.0,615.0,618.0,694.0,688.0,658.0,572.0,484.0,489.0,483.0,409.0,405.0,642.0,663.0,671.0,745.0,611.0,616.0,550.0,580.0,468.0,474.0,369.0,380.0,618.0,677.0,757.0,755.0,650.0,699.0,248.0,521.0,498.0,456.0,372.0,433.0,586.0,609.0,737.0,748.0,743.0,717.0,546.0,565.0,511.0,561.0,478.0,503.0,603.0,529.0,509.0,768.0,861.0,768.0,818.0,795.0,696.0,756.0,529.0,620.0,825.0,840.0,824.0,899.0,796.0,795.0,729.0,678.0,638.0,679.0,518.0,507.0,650.0,681.0,695.0,685.0,582.0,618.0,543.0,485.0,451.0,410.0,320.0,368.0,468.0,437.0,546.0,552.0,444.0,510.0,434.0,437.0,338.0,335.0,336.0,370.0,455.0,464.0,543.0,448.0,487.0,492.0,413.0,438.0,345.0,461.0,357.0,359.0,441.0,547.0,532.0,586.0,532.0,525.0,423.0,463.0,363.0,441.0,349.0,388.0,526.0,543.0,568.0,598.0,596.0,508.0
395061,175,"San Luis Obispo, CA",msa,CA,148.0,168.0,202.0,218.0,207.0,224.0,228.0,182.0,257.0,143.0,197.0,134.0,164.0,204.0,189.0,235.0,275.0,264.0,231.0,244.0,245.0,218.0,216.0,170.0,175.0,252.0,239.0,262.0,292.0,246.0,213.0,234.0,255.0,206.0,243.0,210.0,202.0,272.0,262.0,269.0,298.0,322.0,305.0,281.0,285.0,247.0,320.0,325.0,243.0,287.0,298.0,377.0,341.0,367.0,338.0,286.0,348.0,300.0,328.0,229.0,243.0,342.0,364.0,394.0,367.0,412.0,395.0,297.0,307.0,286.0,286.0,247.0,228.0,266.0,320.0,355.0,332.0,336.0,332.0,295.0,321.0,240.0,283.0,244.0,233.0,317.0,363.0,336.0,402.0,419.0,362.0,358.0,347.0,246.0,350.0,256.0,230.0,297.0,392.0,381.0,425.0,373.0,371.0,375.0,308.0,343.0,355.0,272.0,226.0,368.0,338.0,415.0,392.0,357.0,381.0,353.0,329.0,314.0,272.0,267.0,219.0,372.0,331.0,431.0,419.0,346.0,370.0,296.0,315.0,272.0,239.0,199.0,222.0,299.0,344.0,414.0,391.0,391.0,380.0,327.0,356.0,254.0,303.0,211.0,237.0,325.0,253.0,191.0,304.0,433.0,402.0,441.0,453.0,385.0,415.0,273.0,311.0,412.0,435.0,425.0,498.0,414.0,415.0,388.0,361.0,363.0,318.0,212.0,241.0,323.0,368.0,325.0,306.0,299.0,311.0,290.0,240.0,220.0,194.0,155.0,178.0,255.0,216.0,313.0,276.0,282.0,252.0,247.0,221.0,175.0,185.0,176.0,206.0,239.0,255.0,231.0,247.0,286.0,259.0,237.0,265.0,216.0,228.0,160.0,208.0,229.0,249.0,230.0,276.0,269.0,263.0,267.0,219.0,188.0,261.0,184.0,191.0,252.0,272.0,272.0,281.0,305.0,253.0
753875,176,"Crestview, FL",msa,FL,290.0,319.0,341.0,394.0,365.0,364.0,333.0,306.0,311.0,233.0,288.0,190.0,246.0,291.0,351.0,391.0,439.0,415.0,388.0,441.0,428.0,413.0,432.0,282.0,289.0,436.0,459.0,470.0,426.0,375.0,376.0,421.0,425.0,372.0,460.0,363.0,388.0,521.0,577.0,566.0,665.0,525.0,579.0,473.0,456.0,425.0,488.0,398.0,545.0,536.0,537.0,595.0,597.0,548.0,609.0,502.0,532.0,459.0,616.0,377.0,479.0,569.0,675.0,755.0,722.0,730.0,734.0,601.0,588.0,492.0,584.0,444.0,478.0,603.0,593.0,731.0,715.0,686.0,654.0,654.0,688.0,562.0,705.0,489.0,597.0,774.0,776.0,777.0,870.0,771.0,731.0,737.0,627.0,505.0,662.0,479.0,545.0,735.0,733.0,792.0,838.0,752.0,824.0,725.0,666.0,660.0,698.0,560.0,612.0,874.0,775.0,985.0,971.0,818.0,927.0,716.0,712.0,669.0,710.0,556.0,654.0,895.0,873.0,1000.0,987.0,844.0,940.0,720.0,703.0,700.0,647.0,562.0,594.0,868.0,928.0,1033.0,958.0,849.0,916.0,759.0,775.0,667.0,746.0,645.0,658.0,826.0,630.0,652.0,1027.0,1329.0,1199.0,1206.0,1182.0,1011.0,1125.0,886.0,1057.0,1377.0,1498.0,1404.0,1493.0,1264.0,1223.0,1167.0,1085.0,1082.0,1204.0,911.0,998.0,1320.0,1185.0,1137.0,1174.0,858.0,918.0,818.0,740.0,563.0,590.0,470.0,550.0,804.0,669.0,823.0,789.0,689.0,686.0,619.0,553.0,479.0,485.0,411.0,515.0,606.0,643.0,692.0,594.0,625.0,590.0,483.0,494.0,464.0,468.0,418.0,469.0,579.0,606.0,648.0,671.0,654.0,637.0,592.0,624.0,511.0,609.0,500.0,539.0,747.0,715.0,752.0,802.0,719.0,673.0
394851,177,"Merced, CA",msa,CA,131.0,191.0,260.0,317.0,332.0,385.0,364.0,402.0,423.0,386.0,461.0,419.0,440.0,524.0,508.0,486.0,567.0,448.0,389.0,434.0,393.0,306.0,395.0,246.0,321.0,350.0,347.0,334.0,355.0,312.0,299.0,314.0,305.0,273.0,322.0,233.0,229.0,326.0,278.0,311.0,321.0,254.0,279.0,272.0,263.0,237.0,243.0,219.0,227.0,259.0,254.0,273.0,297.0,223.0,265.0,198.0,257.0,188.0,209.0,184.0,209.0,197.0,243.0,255.0,208.0,235.0,237.0,198.0,231.0,198.0,192.0,163.0,154.0,199.0,229.0,239.0,272.0,256.0,216.0,231.0,227.0,188.0,189.0,157.0,163.0,192.0,200.0,224.0,255.0,218.0,227.0,239.0,212.0,170.0,215.0,166.0,143.0,231.0,198.0,220.0,271.0,234.0,255.0,217.0,239.0,221.0,216.0,157.0,165.0,203.0,199.0,239.0,235.0,213.0,277.0,227.0,218.0,202.0,180.0,174.0,142.0,214.0,199.0,264.0,235.0,222.0,237.0,185.0,204.0,165.0,166.0,135.0,145.0,178.0,211.0,229.0,212.0,231.0,216.0,212.0,234.0,159.0,171.0,149.0,154.0,187.0,187.0,150.0,195.0,263.0,264.0,220.0,267.0,219.0,222.0,196.0,173.0,271.0,244.0,267.0,271.0,261.0,319.0,281.0,249.0,235.0,258.0,198.0,196.0,260.0,267.0,217.0,209.0,186.0,197.0,180.0,176.0,165.0,164.0,82.0,100.0,176.0,162.0,179.0,206.0,174.0,178.0,176.0,155.0,130.0,122.0,132.0,144.0,162.0,185.0,183.0,166.0,165.0,151.0,129.0,158.0,141.0,151.0,121.0,116.0,161.0,186.0,167.0,154.0,192.0,187.0,146.0,147.0,165.0,143.0,109.0,144.0,158.0,163.0,149.0,177.0,181.0,174.0
395197,178,"Waco, TX",msa,TX,,,,,,,,,,,,,,,,,,,,,,,,,,,,,,,,,34.0,29.0,23.0,23.0,24.0,38.0,41.0,46.0,41.0,25.0,,,110.0,,144.0,109.0,119.0,154.0,153.0,186.0,189.0,194.0,218.0,179.0,158.0,166.0,144.0,116.0,144.0,175.0,202.0,226.0,204.0,218.0,233.0,208.0,141.0,167.0,148.0,133.0,134.0,178.0,196.0,233.0,244.0,219.0,223.0,205.0,200.0,140.0,196.0,140.0,169.0,232.0,214.0,249.0,271.0,263.0,227.0,194.0,228.0,158.0,185.0,137.0,169.0,234.0,249.0,272.0,293.0,267.0,287.0,231.0,234.0,191.0,199.0,133.0,187.0,226.0,214.0,272.0,335.0,286.0,288.0,255.0,210.0,228.0,260.0,154.0,199.0,245.0,252.0,311.0,315.0,302.0,328.0,282.0,231.0,222.0,204.0,171.0,188.0,246.0,257.0,299.0,301.0,303.0,297.0,255.0,237.0,205.0,233.0,164.0,184.0,263.0,217.0,247.0,353.0,377.0,346.0,274.0,275.0,233.0,264.0,226.0,197.0,311.0,346.0,339.0,381.0,383.0,374.0,347.0,314.0,308.0,329.0,279.0,291.0,341.0,330.0,377.0,418.0,379.0,371.0,298.0,299.0,220.0,228.0,159.0,191.0,254.0,262.0,344.0,314.0,255.0,277.0,213.0,197.0,173.0,180.0,156.0,170.0,216.0,225.0,297.0,223.0,243.0,231.0,224.0,225.0,168.0,191.0,160.0,193.0,205.0,235.0,290.0,257.0,251.0,251.0,256.0,231.0,174.0,206.0,151.0,173.0,233.0,252.0,295.0,287.0,281.0,241.0
394447,179,"Cedar Rapids, IA",msa,IA,190.0,258.0,282.0,388.0,360.0,427.0,501.0,364.0,373.0,257.0,241.0,159.0,171.0,235.0,276.0,319.0,402.0,410.0,355.0,362.0,434.0,374.0,230.0,159.0,157.0,309.0,374.0,416.0,518.0,237.0,253.0,243.0,293.0,249.0,293.0,186.0,183.0,237.0,304.0,358.0,362.0,317.0,392.0,323.0,281.0,265.0,255.0,175.0,203.0,282.0,285.0,400.0,465.0,367.0,408.0,315.0,373.0,320.0,320.0,225.0,223.0,290.0,307.0,492.0,470.0,458.0,438.0,368.0,404.0,363.0,326.0,213.0,193.0,277.0,356.0,441.0,481.0,434.0,422.0,387.0,395.0,298.0,355.0,192.0,231.0,341.0,403.0,481.0,596.0,547.0,453.0,423.0,389.0,314.0,346.0,171.0,207.0,299.0,378.0,417.0,470.0,402.0,440.0,379.0,310.0,326.0,329.0,212.0,200.0,339.0,349.0,452.0,600.0,464.0,451.0,361.0,335.0,440.0,376.0,259.0,274.0,408.0,446.0,575.0,644.0,505.0,521.0,416.0,424.0,394.0,323.0,243.0,282.0,308.0,374.0,534.0,563.0,519.0,516.0,403.0,431.0,357.0,314.0,269.0,236.0,329.0,384.0,393.0,538.0,586.0,365.0,487.0,457.0,352.0,336.0,225.0,231.0,262.0,326.0,400.0,495.0,525.0,484.0,429.0,413.0,427.0,398.0,257.0,258.0,327.0,337.0,392.0,514.0,461.0,419.0,422.0,389.0,299.0,278.0,187.0,207.0,286.0,287.0,329.0,394.0,323.0,348.0,321.0,280.0,245.0,261.0,165.0,171.0,247.0,266.0,341.0,329.0,313.0,336.0,304.0,267.0,259.0,282.0,186.0,180.0,293.0,279.0,365.0,348.0,356.0,349.0,324.0,335.0,249.0,284.0,200.0,224.0,299.0,299.0,366.0,421.0,394.0,350.0
394348,180,"Atlantic City, NJ",msa,NJ,224.0,264.0,297.0,298.0,305.0,266.0,269.0,236.0,274.0,204.0,212.0,126.0,150.0,189.0,209.0,227.0,297.0,248.0,272.0,266.0,312.0,275.0,258.0,196.0,151.0,261.0,290.0,280.0,373.0,249.0,232.0,231.0,215.0,226.0,216.0,194.0,149.0,231.0,235.0,258.0,247.0,224.0,232.0,267.0,211.0,236.0,243.0,192.0,194.0,270.0,318.0,274.0,277.0,253.0,295.0,280.0,235.0,283.0,254.0,223.0,198.0,270.0,316.0,331.0,290.0,343.0,317.0,310.0,334.0,296.0,298.0,236.0,201.0,271.0,262.0,304.0,342.0,318.0,335.0,330.0,338.0,288.0,311.0,246.0,229.0,314.0,342.0,397.0,421.0,454.0,394.0,435.0,395.0,335.0,420.0,304.0,321.0,394.0,428.0,491.0,474.0,465.0,403.0,416.0,416.0,341.0,431.0,390.0,363.0,520.0,447.0,544.0,593.0,467.0,581.0,582.0,541.0,455.0,452.0,357.0,315.0,414.0,443.0,492.0,549.0,508.0,574.0,500.0,539.0,457.0,442.0,378.0,336.0,481.0,475.0,554.0,556.0,516.0,591.0,547.0,501.0,470.0,509.0,437.0,391.0,466.0,404.0,326.0,466.0,606.0,656.0,790.0,720.0,634.0,648.0,620.0,636.0,753.0,713.0,733.0,750.0,720.0,715.0,698.0,742.0,680.0,735.0,467.0,528.0,796.0,704.0,667.0,652.0,608.0,711.0,609.0,573.0,483.0,443.0,391.0,337.0,432.0,396.0,460.0,483.0,379.0,413.0,419.0,419.0,341.0,340.0,348.0,308.0,387.0,400.0,437.0,430.0,394.0,398.0,433.0,427.0,376.0,414.0,344.0,264.0,352.0,367.0,467.0,388.0,460.0,404.0,518.0,508.0,422.0,453.0,328.0,297.0,373.0,407.0,412.0,465.0,458.0,408.0
394412,181,"Bremerton, WA",msa,WA,180.0,192.0,228.0,220.0,252.0,227.0,225.0,199.0,233.0,131.0,129.0,116.0,139.0,191.0,198.0,183.0,270.0,251.0,253.0,237.0,235.0,262.0,247.0,123.0,145.0,265.0,263.0,250.0,300.0,195.0,202.0,216.0,179.0,211.0,232.0,149.0,163.0,222.0,187.0,234.0,265.0,205.0,272.0,185.0,229.0,178.0,201.0,152.0,178.0,212.0,224.0,279.0,273.0,268.0,313.0,224.0,287.0,225.0,241.0,171.0,213.0,243.0,293.0,306.0,376.0,401.0,364.0,312.0,317.0,246.0,261.0,214.0,231.0,283.0,320.0,348.0,439.0,426.0,387.0,360.0,401.0,290.0,342.0,240.0,238.0,372.0,404.0,392.0,482.0,523.0,425.0,421.0,455.0,292.0,395.0,231.0,288.0,412.0,382.0,466.0,563.0,475.0,544.0,504.0,436.0,444.0,457.0,333.0,274.0,447.0,332.0,424.0,544.0,510.0,568.0,511.0,420.0,381.0,377.0,300.0,277.0,373.0,408.0,465.0,546.0,531.0,518.0,403.0,397.0,346.0,293.0,275.0,230.0,311.0,360.0,452.0,468.0,473.0,471.0,393.0,411.0,341.0,358.0,250.0,235.0,292.0,299.0,301.0,427.0,513.0,437.0,504.0,500.0,430.0,400.0,271.0,282.0,342.0,408.0,426.0,596.0,504.0,594.0,499.0,488.0,421.0,409.0,250.0,284.0,377.0,438.0,422.0,471.0,370.0,432.0,407.0,326.0,246.0,203.0,177.0,219.0,248.0,217.0,337.0,373.0,299.0,318.0,294.0,248.0,187.0,182.0,179.0,169.0,230.0,279.0,312.0,335.0,346.0,343.0,287.0,305.0,263.0,245.0,199.0,183.0,239.0,287.0,321.0,367.0,369.0,349.0,330.0,328.0,228.0,262.0,185.0,221.0,282.0,311.0,348.0,378.0,372.0,302.0
395103,182,"Sioux Falls, SD",msa,SD,,,,,,,,,,,,,30.0,29.0,49.0,47.0,65.0,62.0,43.0,65.0,90.0,125.0,122.0,76.0,88.0,158.0,243.0,,245.0,156.0,173.0,154.0,159.0,154.0,180.0,98.0,120.0,166.0,196.0,234.0,258.0,217.0,207.0,248.0,241.0,161.0,153.0,90.0,118.0,247.0,245.0,383.0,319.0,324.0,376.0,298.0,317.0,240.0,278.0,167.0,169.0,240.0,271.0,325.0,332.0,401.0,394.0,332.0,354.0,260.0,259.0,176.0,171.0,256.0,289.0,390.0,345.0,418.0,382.0,353.0,371.0,119.0,116.0,83.0,74.0,109.0,125.0,268.0,338.0,391.0,347.0,313.0,369.0,234.0,268.0,178.0,186.0,263.0,342.0,360.0,514.0,395.0,419.0,367.0,357.0,246.0,266.0,183.0,168.0,306.0,379.0,467.0,535.0,479.0,467.0,385.0,311.0,291.0,287.0,179.0,204.0,317.0,378.0,416.0,476.0,466.0,465.0,364.0,370.0,334.0,235.0,186.0,188.0,266.0,301.0,471.0,487.0,487.0,463.0,401.0,402.0,361.0,288.0,233.0,203.0,278.0,356.0,442.0,518.0,596.0,459.0,504.0,483.0,339.0,350.0,214.0,224.0,290.0,336.0,422.0,530.0,528.0,508.0,459.0,426.0,384.0,407.0,204.0,189.0,257.0,309.0,404.0,434.0,389.0,410.0,392.0,308.0,264.0,206.0,160.0,129.0,201.0,186.0,322.0,406.0,361.0,350.0,327.0,295.0,247.0,203.0,182.0,167.0,235.0,272.0,355.0,346.0,336.0,352.0,297.0,287.0,285.0,279.0,186.0,193.0,283.0,292.0,386.0,391.0,348.0,306.0,247.0,324.0,194.0,256.0,147.0,177.0,272.0,332.0,381.0,365.0,351.0,310.0
395065,183,"Santa Cruz, CA",msa,CA,100.0,112.0,157.0,168.0,220.0,209.0,204.0,191.0,178.0,115.0,162.0,102.0,130.0,145.0,173.0,185.0,221.0,217.0,195.0,211.0,208.0,197.0,188.0,146.0,118.0,164.0,176.0,206.0,204.0,210.0,201.0,204.0,160.0,160.0,188.0,127.0,135.0,210.0,182.0,191.0,225.0,168.0,212.0,201.0,187.0,193.0,219.0,148.0,164.0,232.0,214.0,288.0,240.0,210.0,278.0,245.0,252.0,224.0,229.0,149.0,197.0,260.0,224.0,332.0,287.0,286.0,299.0,228.0,263.0,191.0,201.0,182.0,146.0,177.0,248.0,236.0,251.0,285.0,268.0,265.0,214.0,174.0,169.0,146.0,141.0,212.0,278.0,269.0,315.0,319.0,259.0,282.0,238.0,191.0,216.0,143.0,136.0,202.0,226.0,240.0,230.0,217.0,286.0,225.0,220.0,216.0,197.0,177.0,153.0,170.0,213.0,233.0,282.0,212.0,270.0,258.0,254.0,231.0,242.0,167.0,153.0,210.0,231.0,269.0,271.0,251.0,268.0,184.0,248.0,202.0,164.0,124.0,138.0,186.0,228.0,225.0,223.0,230.0,234.0,222.0,212.0,182.0,215.0,144.0,137.0,168.0,136.0,132.0,268.0,294.0,228.0,276.0,265.0,238.0,262.0,191.0,198.0,238.0,308.0,291.0,321.0,280.0,303.0,277.0,243.0,244.0,217.0,135.0,127.0,210.0,267.0,216.0,210.0,171.0,202.0,191.0,131.0,124.0,127.0,85.0,86.0,141.0,107.0,171.0,207.0,167.0,168.0,165.0,153.0,104.0,118.0,97.0,107.0,135.0,184.0,167.0,161.0,188.0,185.0,146.0,194.0,154.0,131.0,101.0,120.0,154.0,187.0,182.0,185.0,193.0,181.0,191.0,191.0,152.0,155.0,98.0,124.0,166.0,181.0,190.0,240.0,198.0,165.0
394572,184,"Erie, PA",msa,PA,170.0,178.0,210.0,263.0,303.0,241.0,245.0,216.0,224.0,167.0,155.0,88.0,98.0,150.0,193.0,221.0,279.0,285.0,245.0,237.0,268.0,240.0,181.0,106.0,101.0,217.0,237.0,264.0,358.0,180.0,204.0,199.0,189.0,163.0,176.0,125.0,96.0,166.0,165.0,187.0,240.0,214.0,246.0,227.0,184.0,180.0,149.0,144.0,118.0,166.0,173.0,233.0,259.0,248.0,272.0,222.0,225.0,201.0,168.0,117.0,118.0,179.0,217.0,223.0,243.0,281.0,296.0,232.0,223.0,194.0,180.0,119.0,140.0,135.0,182.0,232.0,274.0,293.0,242.0,256.0,252.0,216.0,184.0,131.0,138.0,188.0,210.0,209.0,243.0,320.0,253.0,261.0,229.0,153.0,207.0,143.0,134.0,150.0,197.0,263.0,299.0,257.0,291.0,250.0,218.0,229.0,193.0,144.0,144.0,212.0,205.0,251.0,342.0,309.0,281.0,261.0,228.0,218.0,180.0,140.0,141.0,183.0,219.0,273.0,332.0,308.0,352.0,229.0,276.0,220.0,177.0,145.0,134.0,201.0,251.0,322.0,294.0,299.0,335.0,293.0,262.0,225.0,228.0,179.0,154.0,200.0,195.0,173.0,272.0,415.0,387.0,308.0,379.0,268.0,271.0,165.0,192.0,247.0,283.0,301.0,352.0,371.0,348.0,336.0,329.0,321.0,261.0,182.0,171.0,215.0,224.0,272.0,326.0,304.0,343.0,300.0,251.0,226.0,203.0,140.0,129.0,195.0,158.0,236.0,283.0,236.0,267.0,272.0,258.0,219.0,191.0,153.0,147.0,192.0,181.0,228.0,212.0,249.0,260.0,226.0,263.0,200.0,179.0,129.0,144.0,170.0,199.0,211.0,229.0,265.0,294.0,271.0,283.0,219.0,203.0,138.0,152.0,175.0,168.0,218.0,271.0,297.0,336.0
394924,185,"Norwich, CT",msa,CT,188.0,218.0,213.0,256.0,279.0,291.0,250.0,246.0,252.0,160.0,221.0,149.0,125.0,195.0,200.0,229.0,307.0,309.0,265.0,252.0,291.0,272.0,233.0,146.0,160.0,255.0,257.0,298.0,380.0,285.0,268.0,234.0,225.0,220.0,243.0,149.0,174.0,210.0,229.0,228.0,245.0,230.0,268.0,238.0,242.0,197.0,225.0,172.0,186.0,247.0,226.0,285.0,299.0,284.0,330.0,256.0,280.0,297.0,242.0,219.0,181.0,240.0,263.0,357.0,339.0,354.0,351.0,313.0,336.0,300.0,295.0,218.0,216.0,281.0,283.0,348.0,363.0,399.0,401.0,366.0,417.0,320.0,298.0,218.0,215.0,280.0,320.0,338.0,455.0,457.0,416.0,392.0,355.0,317.0,323.0,298.0,272.0,309.0,358.0,387.0,469.0,401.0,470.0,432.0,396.0,348.0,359.0,303.0,282.0,347.0,395.0,461.0,563.0,441.0,451.0,375.0,357.0,266.0,266.0,199.0,184.0,278.0,310.0,375.0,450.0,432.0,420.0,315.0,309.0,307.0,235.0,216.0,229.0,234.0,290.0,388.0,374.0,404.0,387.0,334.0,354.0,275.0,323.0,217.0,201.0,285.0,287.0,292.0,374.0,478.0,465.0,445.0,488.0,393.0,446.0,323.0,241.0,331.0,373.0,407.0,508.0,491.0,466.0,433.0,366.0,349.0,376.0,285.0,209.0,272.0,270.0,354.0,417.0,373.0,416.0,330.0,321.0,277.0,273.0,188.0,171.0,220.0,187.0,301.0,321.0,262.0,285.0,286.0,281.0,227.0,246.0,198.0,161.0,214.0,220.0,279.0,266.0,297.0,311.0,238.0,285.0,251.0,250.0,202.0,161.0,190.0,212.0,234.0,303.0,293.0,319.0,274.0,325.0,238.0,268.0,181.0,147.0,204.0,196.0,256.0,310.0,339.0,320.0
394323,186,"Amarillo, TX",msa,TX,248.0,258.0,278.0,282.0,292.0,311.0,272.0,247.0,200.0,130.0,161.0,142.0,177.0,195.0,206.0,232.0,304.0,241.0,211.0,251.0,251.0,257.0,185.0,104.0,169.0,193.0,270.0,305.0,264.0,174.0,214.0,189.0,199.0,123.0,159.0,120.0,142.0,210.0,226.0,230.0,243.0,236.0,258.0,196.0,201.0,181.0,173.0,116.0,149.0,244.0,215.0,250.0,284.0,252.0,264.0,233.0,231.0,235.0,213.0,165.0,161.0,249.0,289.0,306.0,262.0,306.0,271.0,246.0,246.0,202.0,216.0,171.0,196.0,230.0,263.0,280.0,343.0,290.0,272.0,305.0,280.0,238.0,242.0,216.0,233.0,338.0,313.0,381.0,348.0,361.0,343.0,316.0,307.0,223.0,288.0,206.0,269.0,354.0,358.0,349.0,390.0,331.0,377.0,335.0,284.0,246.0,276.0,215.0,233.0,344.0,276.0,391.0,360.0,335.0,358.0,339.0,311.0,247.0,272.0,200.0,220.0,371.0,334.0,417.0,398.0,373.0,384.0,290.0,341.0,264.0,294.0,252.0,224.0,353.0,326.0,408.0,421.0,370.0,379.0,336.0,333.0,264.0,289.0,262.0,260.0,291.0,346.0,301.0,396.0,443.0,394.0,349.0,320.0,266.0,289.0,240.0,261.0,348.0,354.0,380.0,432.0,455.0,404.0,424.0,349.0,323.0,323.0,237.0,248.0,341.0,343.0,368.0,369.0,315.0,311.0,297.0,267.0,210.0,232.0,177.0,205.0,275.0,248.0,305.0,312.0,259.0,286.0,265.0,232.0,187.0,182.0,170.0,208.0,278.0,276.0,325.0,265.0,264.0,261.0,225.0,278.0,197.0,199.0,184.0,207.0,229.0,278.0,311.0,297.0,309.0,301.0,285.0,263.0,240.0,221.0,197.0,237.0,271.0,329.0,355.0,332.0,316.0,294.0
395171,188,"Tuscaloosa, AL",msa,AL,168.0,187.0,255.0,205.0,260.0,255.0,209.0,219.0,166.0,121.0,162.0,113.0,143.0,188.0,162.0,217.0,237.0,241.0,223.0,178.0,154.0,157.0,150.0,140.0,163.0,208.0,217.0,242.0,259.0,195.0,206.0,162.0,165.0,113.0,152.0,123.0,133.0,156.0,142.0,212.0,283.0,315.0,274.0,238.0,220.0,203.0,180.0,197.0,173.0,208.0,199.0,222.0,237.0,224.0,241.0,187.0,223.0,155.0,139.0,165.0,155.0,186.0,234.0,250.0,233.0,298.0,228.0,194.0,142.0,146.0,193.0,134.0,177.0,200.0,209.0,238.0,226.0,217.0,211.0,187.0,168.0,134.0,179.0,121.0,154.0,186.0,186.0,255.0,271.0,293.0,229.0,233.0,194.0,169.0,209.0,146.0,240.0,248.0,272.0,310.0,320.0,294.0,329.0,237.0,245.0,248.0,248.0,204.0,233.0,295.0,287.0,338.0,345.0,306.0,295.0,271.0,220.0,222.0,203.0,159.0,206.0,265.0,261.0,353.0,375.0,302.0,255.0,222.0,271.0,221.0,208.0,174.0,187.0,268.0,305.0,313.0,276.0,327.0,327.0,264.0,239.0,196.0,237.0,201.0,242.0,287.0,256.0,273.0,359.0,424.0,337.0,333.0,304.0,261.0,332.0,251.0,243.0,401.0,394.0,427.0,448.0,413.0,400.0,323.0,311.0,335.0,336.0,283.0,298.0,392.0,388.0,392.0,456.0,362.0,323.0,319.0,255.0,202.0,226.0,153.0,200.0,299.0,231.0,333.0,340.0,289.0,317.0,239.0,247.0,165.0,147.0,142.0,203.0,210.0,234.0,250.0,258.0,280.0,236.0,255.0,309.0,288.0,284.0,268.0,272.0,332.0,341.0,332.0,388.0,357.0,333.0,306.0,298.0,252.0,299.0,222.0,283.0,349.0,334.0,407.0,395.0,378.0,312.0
394483,189,"College Station, TX",msa,TX,112.0,133.0,198.0,256.0,249.0,267.0,215.0,110.0,104.0,83.0,108.0,65.0,73.0,110.0,144.0,217.0,258.0,244.0,193.0,97.0,160.0,105.0,118.0,73.0,79.0,136.0,178.0,217.0,224.0,154.0,149.0,96.0,85.0,78.0,104.0,73.0,81.0,147.0,151.0,188.0,205.0,188.0,155.0,100.0,88.0,103.0,108.0,98.0,99.0,124.0,172.0,246.0,236.0,237.0,215.0,119.0,126.0,128.0,121.0,123.0,110.0,168.0,222.0,289.0,311.0,319.0,244.0,157.0,119.0,135.0,156.0,124.0,140.0,227.0,261.0,292.0,309.0,319.0,211.0,180.0,172.0,132.0,171.0,125.0,161.0,266.0,235.0,313.0,351.0,305.0,238.0,182.0,167.0,105.0,161.0,115.0,163.0,248.0,238.0,279.0,344.0,267.0,275.0,170.0,160.0,160.0,188.0,171.0,165.0,295.0,244.0,325.0,343.0,249.0,235.0,179.0,156.0,163.0,180.0,158.0,166.0,237.0,303.0,314.0,321.0,304.0,244.0,160.0,184.0,169.0,141.0,118.0,185.0,233.0,272.0,334.0,329.0,293.0,271.0,186.0,152.0,192.0,202.0,165.0,172.0,259.0,213.0,240.0,329.0,351.0,311.0,220.0,233.0,238.0,258.0,197.0,204.0,339.0,384.0,417.0,447.0,434.0,300.0,261.0,228.0,279.0,264.0,177.0,226.0,308.0,325.0,374.0,397.0,309.0,321.0,253.0,197.0,184.0,160.0,154.0,141.0,220.0,238.0,272.0,286.0,243.0,220.0,146.0,150.0,164.0,169.0,114.0,167.0,207.0,232.0,283.0,227.0,248.0,220.0,145.0,196.0,176.0,203.0,122.0,154.0,241.0,262.0,270.0,315.0,246.0,227.0,174.0,181.0,177.0,163.0,136.0,153.0,240.0,224.0,277.0,272.0,235.0,211.0
394732,190,"Kalamazoo, MI",msa,MI,261.0,296.0,346.0,387.0,420.0,387.0,408.0,377.0,379.0,251.0,254.0,199.0,200.0,224.0,296.0,289.0,377.0,408.0,388.0,369.0,377.0,328.0,286.0,219.0,202.0,314.0,390.0,371.0,445.0,297.0,304.0,308.0,291.0,303.0,276.0,203.0,227.0,249.0,314.0,302.0,400.0,368.0,412.0,347.0,335.0,338.0,290.0,231.0,250.0,299.0,350.0,389.0,428.0,402.0,443.0,379.0,447.0,354.0,328.0,313.0,320.0,390.0,435.0,474.0,500.0,539.0,551.0,468.0,447.0,398.0,350.0,304.0,270.0,304.0,392.0,487.0,562.0,524.0,506.0,485.0,546.0,377.0,402.0,271.0,308.0,361.0,414.0,537.0,602.0,638.0,630.0,573.0,544.0,375.0,497.0,343.0,324.0,423.0,473.0,571.0,675.0,593.0,665.0,642.0,578.0,504.0,523.0,339.0,320.0,479.0,468.0,604.0,753.0,608.0,673.0,619.0,589.0,493.0,405.0,345.0,337.0,432.0,460.0,569.0,627.0,611.0,630.0,513.0,596.0,501.0,388.0,295.0,326.0,408.0,407.0,525.0,562.0,572.0,601.0,581.0,514.0,465.0,430.0,328.0,292.0,377.0,338.0,252.0,,635.0,665.0,631.0,595.0,471.0,486.0,384.0,312.0,392.0,493.0,452.0,654.0,650.0,630.0,652.0,623.0,550.0,509.0,363.0,338.0,407.0,429.0,486.0,584.0,538.0,562.0,509.0,483.0,367.0,340.0,219.0,204.0,288.0,227.0,306.0,383.0,326.0,406.0,310.0,320.0,231.0,223.0,209.0,208.0,231.0,301.0,280.0,323.0,340.0,341.0,242.0,298.0,267.0,231.0,184.0,201.0,233.0,261.0,348.0,353.0,324.0,308.0,327.0,319.0,229.0,257.0,202.0,192.0,249.0,295.0,348.0,381.0,407.0,347.0
394811,191,"Lynchburg, VA",msa,VA,131.0,138.0,167.0,186.0,208.0,197.0,146.0,139.0,111.0,99.0,79.0,89.0,104.0,123.0,118.0,135.0,182.0,189.0,150.0,157.0,174.0,121.0,124.0,98.0,80.0,130.0,182.0,178.0,219.0,121.0,135.0,136.0,125.0,123.0,122.0,117.0,91.0,143.0,135.0,163.0,188.0,163.0,207.0,137.0,132.0,124.0,131.0,117.0,113.0,161.0,140.0,175.0,194.0,191.0,200.0,173.0,183.0,159.0,174.0,179.0,163.0,187.0,168.0,224.0,240.0,246.0,250.0,197.0,195.0,181.0,155.0,168.0,145.0,171.0,177.0,219.0,278.0,251.0,221.0,198.0,234.0,189.0,179.0,150.0,162.0,221.0,207.0,282.0,242.0,333.0,270.0,312.0,279.0,198.0,203.0,169.0,174.0,205.0,281.0,335.0,316.0,296.0,321.0,331.0,286.0,245.0,267.0,194.0,189.0,273.0,291.0,317.0,359.0,325.0,351.0,289.0,306.0,260.0,260.0,183.0,193.0,302.0,281.0,360.0,335.0,331.0,331.0,286.0,294.0,267.0,220.0,172.0,204.0,276.0,290.0,334.0,366.0,311.0,345.0,300.0,304.0,239.0,248.0,221.0,217.0,324.0,289.0,324.0,409.0,408.0,394.0,384.0,394.0,305.0,350.0,263.0,299.0,412.0,455.0,513.0,563.0,542.0,521.0,448.0,434.0,426.0,411.0,344.0,264.0,397.0,464.0,467.0,407.0,410.0,473.0,356.0,301.0,306.0,270.0,249.0,271.0,348.0,278.0,436.0,420.0,356.0,402.0,339.0,335.0,287.0,301.0,238.0,279.0,332.0,395.0,396.0,369.0,406.0,383.0,309.0,328.0,315.0,246.0,221.0,182.0,238.0,313.0,346.0,384.0,403.0,315.0,307.0,317.0,269.0,290.0,215.0,243.0,275.0,342.0,362.0,419.0,360.0,295.0
394455,192,"Charleston, WV",msa,WV,122.0,143.0,169.0,187.0,193.0,173.0,156.0,175.0,185.0,92.0,116.0,81.0,76.0,111.0,111.0,139.0,148.0,159.0,148.0,145.0,161.0,139.0,126.0,89.0,76.0,178.0,159.0,183.0,207.0,140.0,163.0,159.0,148.0,138.0,166.0,117.0,119.0,136.0,129.0,172.0,192.0,153.0,194.0,162.0,161.0,131.0,158.0,105.0,125.0,155.0,172.0,185.0,190.0,183.0,198.0,157.0,180.0,159.0,153.0,129.0,141.0,178.0,159.0,189.0,192.0,219.0,196.0,183.0,191.0,173.0,143.0,146.0,107.0,144.0,169.0,195.0,201.0,191.0,191.0,183.0,201.0,162.0,183.0,136.0,124.0,164.0,163.0,196.0,225.0,229.0,198.0,170.0,172.0,115.0,133.0,138.0,134.0,161.0,175.0,189.0,177.0,179.0,189.0,199.0,202.0,169.0,156.0,127.0,121.0,180.0,168.0,199.0,204.0,171.0,193.0,194.0,197.0,159.0,151.0,134.0,128.0,172.0,164.0,226.0,204.0,186.0,211.0,157.0,200.0,154.0,145.0,132.0,120.0,162.0,215.0,185.0,208.0,223.0,179.0,188.0,216.0,186.0,179.0,151.0,158.0,160.0,174.0,183.0,244.0,266.0,277.0,263.0,288.0,188.0,230.0,217.0,186.0,236.0,265.0,253.0,320.0,263.0,218.0,199.0,258.0,224.0,260.0,174.0,194.0,195.0,214.0,214.0,258.0,232.0,225.0,221.0,214.0,201.0,182.0,168.0,150.0,205.0,191.0,256.0,207.0,203.0,222.0,208.0,208.0,184.0,177.0,140.0,136.0,160.0,170.0,234.0,223.0,241.0,208.0,199.0,205.0,161.0,177.0,150.0,116.0,186.0,178.0,174.0,183.0,185.0,197.0,190.0,196.0,160.0,206.0,130.0,134.0,134.0,174.0,228.0,234.0,215.0,203.0
395240,193,"Yakima, WA",msa,WA,136.0,172.0,165.0,196.0,177.0,180.0,183.0,178.0,153.0,109.0,119.0,88.0,89.0,120.0,126.0,138.0,164.0,185.0,169.0,163.0,175.0,138.0,164.0,94.0,96.0,145.0,154.0,171.0,205.0,115.0,142.0,118.0,133.0,92.0,109.0,77.0,76.0,122.0,119.0,104.0,146.0,106.0,136.0,142.0,148.0,140.0,116.0,88.0,101.0,108.0,159.0,160.0,168.0,137.0,194.0,126.0,161.0,131.0,131.0,105.0,93.0,135.0,147.0,174.0,157.0,188.0,164.0,170.0,167.0,159.0,124.0,130.0,124.0,153.0,150.0,201.0,203.0,185.0,189.0,176.0,200.0,144.0,171.0,113.0,152.0,189.0,199.0,195.0,244.0,234.0,207.0,241.0,226.0,156.0,190.0,130.0,128.0,198.0,177.0,244.0,279.0,226.0,248.0,253.0,256.0,209.0,229.0,130.0,133.0,158.0,174.0,239.0,301.0,196.0,278.0,251.0,240.0,207.0,212.0,170.0,147.0,195.0,192.0,237.0,267.0,230.0,273.0,192.0,232.0,246.0,152.0,124.0,126.0,151.0,154.0,214.0,229.0,221.0,226.0,195.0,193.0,150.0,139.0,165.0,122.0,155.0,144.0,127.0,192.0,228.0,177.0,213.0,187.0,206.0,211.0,144.0,130.0,193.0,226.0,259.0,298.0,277.0,295.0,300.0,292.0,283.0,230.0,227.0,193.0,211.0,242.0,281.0,269.0,238.0,281.0,228.0,198.0,161.0,138.0,97.0,116.0,169.0,151.0,187.0,216.0,187.0,187.0,146.0,152.0,140.0,125.0,104.0,113.0,138.0,154.0,178.0,170.0,204.0,166.0,175.0,192.0,172.0,139.0,105.0,117.0,153.0,155.0,191.0,200.0,211.0,192.0,186.0,212.0,134.0,162.0,115.0,114.0,153.0,194.0,181.0,195.0,206.0,153.0
394585,194,"Fargo, ND",msa,ND,147.0,170.0,192.0,284.0,249.0,247.0,258.0,213.0,213.0,140.0,144.0,103.0,98.0,100.0,142.0,184.0,290.0,312.0,296.0,275.0,275.0,254.0,141.0,86.0,126.0,195.0,236.0,347.0,349.0,145.0,168.0,194.0,142.0,153.0,133.0,93.0,89.0,119.0,157.0,200.0,240.0,238.0,218.0,246.0,236.0,193.0,211.0,134.0,138.0,160.0,222.0,312.0,356.0,335.0,316.0,271.0,256.0,263.0,215.0,161.0,144.0,194.0,254.0,353.0,418.0,407.0,402.0,342.0,352.0,307.0,261.0,164.0,137.0,208.0,264.0,391.0,406.0,394.0,405.0,294.0,364.0,275.0,285.0,173.0,166.0,227.0,269.0,362.0,364.0,390.0,415.0,405.0,366.0,248.0,335.0,178.0,177.0,239.0,261.0,379.0,432.0,403.0,388.0,365.0,401.0,284.0,324.0,179.0,149.0,262.0,252.0,353.0,487.0,371.0,347.0,331.0,310.0,230.0,235.0,152.0,159.0,222.0,294.0,362.0,467.0,367.0,340.0,277.0,296.0,273.0,236.0,157.0,164.0,191.0,235.0,349.0,439.0,372.0,413.0,338.0,331.0,253.0,253.0,168.0,150.0,227.0,252.0,312.0,424.0,509.0,478.0,416.0,415.0,336.0,314.0,202.0,173.0,305.0,315.0,423.0,500.0,454.0,432.0,397.0,327.0,314.0,334.0,175.0,144.0,187.0,266.0,315.0,447.0,352.0,399.0,320.0,302.0,225.0,209.0,125.0,119.0,171.0,137.0,253.0,381.0,259.0,332.0,284.0,244.0,200.0,182.0,142.0,123.0,180.0,228.0,276.0,303.0,287.0,341.0,245.0,256.0,268.0,210.0,128.0,135.0,200.0,217.0,283.0,322.0,324.0,330.0,268.0,286.0,201.0,245.0,155.0,139.0,225.0,257.0,309.0,400.0,351.0,317.0
394387,195,"Binghamton, NY",msa,NY,156.0,138.0,149.0,200.0,214.0,237.0,227.0,226.0,206.0,155.0,153.0,117.0,95.0,126.0,131.0,146.0,191.0,194.0,204.0,183.0,210.0,206.0,188.0,95.0,99.0,114.0,161.0,152.0,267.0,126.0,134.0,130.0,130.0,121.0,120.0,84.0,90.0,123.0,110.0,153.0,162.0,148.0,174.0,134.0,149.0,160.0,209.0,160.0,144.0,130.0,144.0,163.0,169.0,191.0,215.0,164.0,176.0,156.0,141.0,113.0,109.0,128.0,131.0,156.0,176.0,207.0,209.0,199.0,170.0,146.0,140.0,138.0,95.0,124.0,154.0,173.0,163.0,189.0,204.0,183.0,222.0,166.0,175.0,151.0,153.0,142.0,175.0,168.0,221.0,222.0,222.0,205.0,239.0,145.0,154.0,150.0,147.0,150.0,150.0,198.0,210.0,242.0,227.0,244.0,222.0,186.0,232.0,178.0,148.0,168.0,157.0,223.0,266.0,227.0,261.0,207.0,252.0,223.0,243.0,203.0,143.0,183.0,191.0,224.0,232.0,252.0,274.0,224.0,237.0,188.0,224.0,167.0,144.0,190.0,184.0,232.0,213.0,246.0,219.0,203.0,217.0,175.0,212.0,162.0,132.0,134.0,147.0,150.0,122.0,216.0,278.0,294.0,267.0,224.0,250.0,213.0,209.0,207.0,204.0,181.0,243.0,259.0,304.0,245.0,243.0,219.0,265.0,193.0,151.0,159.0,162.0,189.0,216.0,219.0,234.0,229.0,211.0,176.0,170.0,134.0,128.0,174.0,125.0,183.0,166.0,153.0,219.0,191.0,170.0,164.0,185.0,130.0,115.0,136.0,150.0,152.0,177.0,197.0,169.0,176.0,184.0,154.0,196.0,149.0,140.0,132.0,113.0,151.0,180.0,171.0,170.0,166.0,214.0,169.0,188.0,143.0,112.0,121.0,113.0,149.0,189.0,204.0,182.0
394609,196,"Fort Smith, AR",msa,AR,217.0,245.0,247.0,231.0,264.0,281.0,276.0,238.0,238.0,157.0,171.0,142.0,166.0,204.0,254.0,241.0,222.0,276.0,243.0,255.0,266.0,176.0,198.0,134.0,139.0,222.0,257.0,287.0,224.0,189.0,204.0,197.0,146.0,166.0,201.0,134.0,131.0,201.0,214.0,216.0,230.0,209.0,234.0,201.0,187.0,198.0,176.0,125.0,193.0,205.0,214.0,229.0,253.0,190.0,220.0,195.0,203.0,215.0,198.0,171.0,174.0,225.0,233.0,239.0,245.0,280.0,278.0,230.0,209.0,177.0,197.0,165.0,166.0,228.0,242.0,264.0,270.0,240.0,244.0,242.0,245.0,196.0,242.0,204.0,191.0,250.0,262.0,288.0,304.0,306.0,289.0,315.0,309.0,217.0,268.0,208.0,235.0,316.0,301.0,357.0,369.0,318.0,375.0,342.0,338.0,276.0,308.0,257.0,252.0,375.0,277.0,348.0,357.0,334.0,362.0,317.0,308.0,293.0,311.0,235.0,272.0,339.0,352.0,378.0,401.0,353.0,387.0,304.0,323.0,275.0,290.0,238.0,266.0,301.0,368.0,358.0,332.0,385.0,327.0,338.0,302.0,243.0,251.0,214.0,229.0,276.0,235.0,247.0,329.0,381.0,352.0,365.0,328.0,287.0,334.0,271.0,241.0,368.0,399.0,333.0,386.0,389.0,431.0,390.0,361.0,355.0,351.0,289.0,291.0,387.0,371.0,371.0,346.0,341.0,373.0,342.0,279.0,252.0,221.0,188.0,205.0,302.0,248.0,322.0,278.0,282.0,247.0,247.0,217.0,212.0,177.0,141.0,187.0,224.0,257.0,266.0,248.0,267.0,261.0,235.0,243.0,217.0,194.0,155.0,157.0,216.0,223.0,222.0,253.0,248.0,254.0,228.0,203.0,187.0,211.0,165.0,192.0,212.0,266.0,248.0,253.0,253.0,235.0
394334,197,"Appleton, WI",msa,WI,178.0,252.0,253.0,334.0,296.0,270.0,345.0,243.0,220.0,190.0,137.0,122.0,120.0,124.0,167.0,277.0,268.0,316.0,303.0,272.0,283.0,249.0,165.0,110.0,144.0,207.0,280.0,344.0,291.0,170.0,180.0,162.0,190.0,133.0,186.0,80.0,114.0,165.0,196.0,209.0,210.0,268.0,228.0,233.0,186.0,171.0,149.0,124.0,138.0,212.0,224.0,242.0,283.0,245.0,229.0,242.0,231.0,190.0,199.0,128.0,147.0,227.0,218.0,273.0,344.0,255.0,342.0,238.0,235.0,281.0,160.0,142.0,149.0,228.0,221.0,364.0,309.0,264.0,385.0,240.0,311.0,218.0,226.0,152.0,161.0,225.0,287.0,298.0,386.0,313.0,336.0,305.0,255.0,195.0,233.0,185.0,152.0,214.0,320.0,373.0,427.0,381.0,340.0,340.0,313.0,269.0,260.0,231.0,164.0,238.0,270.0,351.0,398.0,344.0,339.0,288.0,316.0,282.0,221.0,166.0,151.0,231.0,272.0,350.0,372.0,322.0,379.0,310.0,336.0,320.0,256.0,202.0,175.0,241.0,293.0,349.0,407.0,405.0,388.0,322.0,334.0,255.0,256.0,220.0,173.0,250.0,261.0,304.0,376.0,382.0,411.0,377.0,423.0,381.0,321.0,226.0,184.0,256.0,294.0,318.0,450.0,303.0,331.0,297.0,348.0,261.0,270.0,154.0,116.0,193.0,205.0,215.0,281.0,265.0,287.0,255.0,223.0,187.0,163.0,77.0,81.0,131.0,130.0,183.0,219.0,188.0,237.0,213.0,207.0,218.0,174.0,130.0,107.0,162.0,171.0,199.0,240.0,197.0,222.0,190.0,185.0,181.0,187.0,147.0,120.0,149.0,158.0,179.0,231.0,245.0,273.0,253.0,283.0,196.0,190.0,150.0,153.0,191.0,207.0,219.0,325.0,312.0,297.0
845160,198,"Prescott Valley, AZ",msa,AZ,178.0,199.0,227.0,255.0,252.0,287.0,257.0,225.0,245.0,175.0,210.0,171.0,176.0,227.0,240.0,275.0,345.0,362.0,335.0,324.0,387.0,301.0,328.0,241.0,260.0,353.0,410.0,339.0,434.0,311.0,337.0,344.0,369.0,337.0,346.0,296.0,272.0,410.0,378.0,402.0,426.0,337.0,389.0,368.0,348.0,348.0,371.0,331.0,334.0,405.0,498.0,447.0,477.0,446.0,483.0,403.0,398.0,437.0,396.0,330.0,387.0,436.0,433.0,563.0,505.0,500.0,493.0,413.0,435.0,393.0,419.0,362.0,338.0,412.0,477.0,487.0,447.0,451.0,461.0,429.0,442.0,372.0,419.0,333.0,338.0,455.0,480.0,527.0,546.0,556.0,485.0,476.0,482.0,372.0,455.0,346.0,377.0,470.0,420.0,527.0,567.0,514.0,575.0,503.0,473.0,456.0,452.0,349.0,327.0,439.0,453.0,562.0,600.0,466.0,527.0,517.0,501.0,467.0,411.0,377.0,342.0,505.0,496.0,571.0,555.0,529.0,509.0,464.0,454.0,475.0,384.0,335.0,310.0,434.0,528.0,584.0,492.0,570.0,580.0,466.0,558.0,457.0,412.0,345.0,363.0,502.0,402.0,366.0,519.0,616.0,582.0,599.0,654.0,546.0,534.0,345.0,424.0,540.0,527.0,533.0,676.0,572.0,597.0,565.0,606.0,566.0,544.0,394.0,429.0,570.0,486.0,524.0,512.0,398.0,405.0,391.0,405.0,358.0,330.0,237.0,277.0,358.0,347.0,435.0,419.0,371.0,,,363.0,278.0,239.0,253.0,293.0,330.0,388.0,369.0,387.0,354.0,367.0,303.0,381.0,330.0,364.0,259.0,295.0,340.0,364.0,390.0,348.0,400.0,347.0,383.0,378.0,315.0,332.0,275.0,334.0,411.0,425.0,413.0,402.0,405.0,371.0
395161,199,"Topeka, KS",msa,KS,204.0,201.0,238.0,274.0,273.0,310.0,240.0,216.0,220.0,151.0,158.0,93.0,139.0,197.0,171.0,227.0,248.0,276.0,235.0,213.0,258.0,220.0,153.0,77.0,124.0,209.0,262.0,302.0,266.0,201.0,168.0,197.0,162.0,152.0,153.0,103.0,128.0,174.0,209.0,237.0,241.0,236.0,233.0,203.0,182.0,173.0,183.0,122.0,127.0,197.0,195.0,278.0,262.0,240.0,235.0,187.0,193.0,204.0,203.0,148.0,159.0,235.0,207.0,268.0,261.0,276.0,247.0,208.0,200.0,208.0,196.0,112.0,139.0,231.0,227.0,278.0,308.0,272.0,286.0,198.0,246.0,177.0,209.0,133.0,179.0,197.0,287.0,290.0,374.0,270.0,265.0,268.0,247.0,204.0,234.0,165.0,182.0,272.0,268.0,316.0,360.0,371.0,331.0,278.0,268.0,253.0,235.0,186.0,172.0,281.0,294.0,335.0,356.0,319.0,294.0,300.0,264.0,209.0,219.0,176.0,171.0,270.0,298.0,320.0,395.0,344.0,333.0,256.0,291.0,247.0,211.0,153.0,152.0,231.0,262.0,354.0,306.0,305.0,369.0,231.0,272.0,193.0,218.0,196.0,162.0,250.0,241.0,280.0,371.0,369.0,322.0,294.0,355.0,247.0,271.0,190.0,206.0,238.0,306.0,313.0,354.0,376.0,345.0,333.0,288.0,237.0,261.0,228.0,174.0,222.0,305.0,305.0,315.0,327.0,291.0,272.0,209.0,191.0,196.0,163.0,161.0,197.0,211.0,251.0,287.0,250.0,238.0,259.0,215.0,195.0,181.0,157.0,164.0,193.0,254.0,283.0,252.0,266.0,265.0,231.0,227.0,203.0,214.0,200.0,160.0,206.0,244.0,257.0,298.0,271.0,290.0,242.0,225.0,196.0,205.0,129.0,155.0,232.0,229.0,274.0,318.0,262.0,247.0
394813,200,"Macon, GA",msa,GA,203.0,203.0,235.0,218.0,221.0,229.0,195.0,185.0,176.0,110.0,166.0,112.0,119.0,160.0,148.0,154.0,153.0,214.0,156.0,156.0,160.0,164.0,180.0,102.0,122.0,203.0,211.0,192.0,210.0,131.0,137.0,159.0,129.0,113.0,143.0,113.0,139.0,189.0,152.0,165.0,159.0,153.0,190.0,186.0,156.0,177.0,166.0,134.0,181.0,217.0,219.0,198.0,216.0,187.0,230.0,164.0,210.0,195.0,180.0,153.0,211.0,228.0,270.0,252.0,248.0,264.0,218.0,174.0,201.0,170.0,205.0,163.0,164.0,226.0,222.0,224.0,253.0,226.0,216.0,154.0,196.0,170.0,200.0,167.0,173.0,228.0,250.0,263.0,297.0,258.0,232.0,220.0,206.0,161.0,220.0,187.0,178.0,229.0,259.0,281.0,295.0,265.0,283.0,240.0,258.0,249.0,223.0,216.0,186.0,282.0,264.0,313.0,285.0,304.0,302.0,230.0,218.0,195.0,230.0,196.0,227.0,245.0,247.0,296.0,270.0,304.0,278.0,235.0,256.0,260.0,193.0,175.0,206.0,257.0,272.0,285.0,276.0,270.0,271.0,237.0,269.0,225.0,245.0,235.0,239.0,262.0,204.0,242.0,344.0,335.0,323.0,341.0,320.0,330.0,324.0,245.0,260.0,386.0,349.0,347.0,435.0,421.0,411.0,380.0,394.0,411.0,387.0,318.0,369.0,445.0,419.0,441.0,473.0,482.0,399.0,324.0,347.0,265.0,273.0,231.0,230.0,295.0,308.0,324.0,320.0,267.0,318.0,258.0,291.0,212.0,231.0,178.0,244.0,256.0,283.0,332.0,265.0,275.0,256.0,234.0,240.0,229.0,215.0,185.0,205.0,220.0,276.0,288.0,276.0,255.0,271.0,254.0,210.0,207.0,262.0,201.0,182.0,241.0,245.0,278.0,267.0,280.0,257.0
395174,201,"Tyler, TX",msa,TX,37.0,44.0,41.0,59.0,51.0,49.0,51.0,39.0,41.0,20.0,33.0,21.0,29.0,34.0,40.0,35.0,69.0,62.0,46.0,46.0,44.0,57.0,38.0,30.0,25.0,46.0,74.0,64.0,51.0,52.0,38.0,34.0,41.0,32.0,46.0,34.0,37.0,39.0,47.0,50.0,89.0,59.0,59.0,68.0,46.0,50.0,45.0,29.0,46.0,61.0,51.0,82.0,57.0,90.0,89.0,75.0,86.0,59.0,64.0,68.0,73.0,82.0,95.0,97.0,103.0,95.0,100.0,128.0,103.0,82.0,62.0,55.0,44.0,63.0,76.0,84.0,117.0,91.0,83.0,93.0,92.0,82.0,88.0,60.0,54.0,88.0,104.0,118.0,,286.0,280.0,216.0,220.0,163.0,208.0,139.0,153.0,210.0,206.0,252.0,282.0,244.0,269.0,222.0,220.0,179.0,186.0,154.0,186.0,249.0,214.0,281.0,277.0,233.0,305.0,216.0,207.0,203.0,198.0,147.0,156.0,213.0,276.0,274.0,260.0,318.0,284.0,218.0,217.0,195.0,167.0,144.0,145.0,242.0,226.0,295.0,278.0,293.0,275.0,225.0,213.0,177.0,193.0,156.0,203.0,224.0,195.0,201.0,282.0,324.0,285.0,257.0,278.0,230.0,231.0,138.0,182.0,260.0,279.0,319.0,421.0,342.0,372.0,369.0,318.0,350.0,285.0,250.0,232.0,281.0,316.0,343.0,309.0,328.0,334.0,268.0,252.0,199.0,189.0,148.0,170.0,239.0,237.0,287.0,247.0,207.0,219.0,205.0,178.0,155.0,139.0,124.0,131.0,176.0,207.0,228.0,180.0,214.0,207.0,213.0,194.0,152.0,169.0,138.0,139.0,185.0,206.0,260.0,215.0,271.0,227.0,196.0,193.0,155.0,184.0,117.0,128.0,212.0,222.0,253.0,282.0,261.0,212.0
394361,202,"Barnstable Town, MA",msa,MA,233.0,263.0,288.0,368.0,354.0,297.0,291.0,310.0,353.0,203.0,226.0,174.0,147.0,250.0,205.0,276.0,299.0,349.0,277.0,316.0,367.0,294.0,299.0,189.0,189.0,308.0,344.0,350.0,398.0,284.0,303.0,347.0,308.0,315.0,362.0,244.0,232.0,335.0,401.0,454.0,449.0,344.0,417.0,462.0,419.0,378.0,415.0,328.0,266.0,398.0,500.0,567.0,665.0,530.0,578.0,470.0,506.0,567.0,603.0,340.0,271.0,396.0,468.0,652.0,607.0,574.0,546.0,592.0,616.0,447.0,479.0,341.0,276.0,361.0,466.0,611.0,663.0,503.0,595.0,584.0,641.0,430.0,517.0,362.0,300.0,365.0,420.0,610.0,763.0,646.0,522.0,673.0,643.0,514.0,546.0,385.0,349.0,469.0,626.0,639.0,804.0,562.0,631.0,686.0,613.0,594.0,591.0,438.0,317.0,545.0,564.0,694.0,809.0,588.0,649.0,628.0,595.0,570.0,536.0,420.0,335.0,447.0,561.0,640.0,719.0,564.0,662.0,613.0,681.0,651.0,482.0,395.0,340.0,462.0,577.0,744.0,697.0,557.0,606.0,622.0,630.0,513.0,547.0,485.0,316.0,527.0,414.0,385.0,673.0,844.0,863.0,971.0,960.0,772.0,829.0,536.0,451.0,575.0,629.0,671.0,779.0,671.0,661.0,775.0,705.0,708.0,718.0,524.0,378.0,509.0,561.0,602.0,637.0,549.0,589.0,658.0,487.0,522.0,441.0,309.0,260.0,379.0,423.0,508.0,550.0,398.0,484.0,458.0,525.0,451.0,395.0,315.0,325.0,396.0,423.0,548.0,511.0,458.0,512.0,482.0,534.0,483.0,467.0,356.0,314.0,358.0,429.0,494.0,527.0,464.0,508.0,551.0,609.0,418.0,475.0,346.0,213.0,360.0,380.0,540.0,626.0,562.0,436.0
394519,203,"Daphne, AL",msa,AL,40.0,57.0,65.0,58.0,67.0,72.0,82.0,83.0,43.0,48.0,59.0,62.0,54.0,82.0,87.0,98.0,94.0,107.0,90.0,92.0,66.0,125.0,163.0,128.0,135.0,218.0,230.0,220.0,180.0,192.0,213.0,189.0,203.0,193.0,227.0,196.0,208.0,251.0,275.0,258.0,269.0,229.0,251.0,220.0,226.0,237.0,237.0,184.0,208.0,259.0,280.0,362.0,341.0,321.0,327.0,278.0,297.0,265.0,304.0,227.0,284.0,362.0,400.0,435.0,374.0,392.0,445.0,353.0,348.0,295.0,352.0,220.0,331.0,363.0,391.0,424.0,457.0,434.0,434.0,383.0,435.0,347.0,386.0,296.0,350.0,465.0,499.0,511.0,500.0,519.0,452.0,432.0,415.0,349.0,430.0,310.0,382.0,462.0,458.0,553.0,538.0,486.0,577.0,444.0,443.0,394.0,483.0,403.0,360.0,565.0,514.0,663.0,683.0,595.0,623.0,541.0,534.0,459.0,438.0,409.0,399.0,534.0,603.0,676.0,695.0,631.0,681.0,575.0,545.0,464.0,427.0,364.0,432.0,575.0,614.0,614.0,565.0,534.0,574.0,506.0,587.0,433.0,520.0,409.0,445.0,546.0,395.0,458.0,723.0,766.0,747.0,508.0,614.0,446.0,543.0,457.0,516.0,868.0,815.0,789.0,951.0,853.0,780.0,779.0,658.0,598.0,725.0,660.0,713.0,939.0,829.0,795.0,763.0,624.0,684.0,556.0,469.0,421.0,384.0,353.0,401.0,523.0,498.0,776.0,872.0,792.0,805.0,657.0,500.0,325.0,315.0,310.0,351.0,445.0,465.0,534.0,476.0,481.0,447.0,382.0,444.0,347.0,391.0,345.0,345.0,457.0,563.0,538.0,532.0,509.0,491.0,528.0,483.0,435.0,425.0,380.0,410.0,569.0,607.0,656.0,697.0,595.0,524.0
394378,205,"Bellingham, WA",msa,WA,209.0,210.0,225.0,253.0,261.0,278.0,258.0,202.0,191.0,112.0,140.0,107.0,110.0,157.0,184.0,195.0,269.0,294.0,234.0,255.0,254.0,229.0,225.0,139.0,153.0,226.0,239.0,253.0,271.0,192.0,216.0,204.0,186.0,168.0,184.0,131.0,121.0,183.0,194.0,221.0,230.0,227.0,274.0,225.0,190.0,194.0,211.0,161.0,147.0,226.0,199.0,242.0,286.0,282.0,296.0,232.0,265.0,224.0,250.0,163.0,184.0,242.0,255.0,314.0,359.0,357.0,318.0,299.0,300.0,215.0,249.0,181.0,174.0,255.0,233.0,310.0,349.0,346.0,343.0,288.0,330.0,242.0,266.0,193.0,225.0,303.0,365.0,370.0,440.0,461.0,416.0,372.0,323.0,250.0,329.0,195.0,255.0,331.0,401.0,438.0,499.0,430.0,481.0,449.0,327.0,346.0,326.0,246.0,224.0,316.0,348.0,434.0,485.0,422.0,479.0,349.0,359.0,331.0,312.0,242.0,241.0,344.0,331.0,388.0,448.0,392.0,439.0,347.0,331.0,275.0,225.0,193.0,194.0,254.0,305.0,395.0,392.0,420.0,401.0,331.0,351.0,275.0,263.0,217.0,201.0,253.0,239.0,231.0,335.0,394.0,445.0,436.0,402.0,342.0,353.0,224.0,238.0,348.0,391.0,358.0,436.0,445.0,416.0,415.0,374.0,335.0,321.0,207.0,195.0,312.0,314.0,365.0,367.0,314.0,350.0,324.0,259.0,228.0,170.0,125.0,140.0,223.0,220.0,252.0,329.0,284.0,333.0,259.0,241.0,190.0,168.0,149.0,169.0,210.0,233.0,289.0,282.0,288.0,304.0,282.0,233.0,191.0,176.0,153.0,178.0,197.0,248.0,272.0,285.0,303.0,266.0,288.0,226.0,185.0,194.0,160.0,170.0,199.0,230.0,297.0,332.0,298.0,293.0
394429,206,"Burlington, VT",msa,VT,62.0,70.0,78.0,82.0,99.0,84.0,119.0,84.0,74.0,64.0,42.0,25.0,30.0,66.0,63.0,63.0,100.0,93.0,124.0,100.0,94.0,98.0,80.0,38.0,50.0,72.0,101.0,147.0,224.0,131.0,183.0,191.0,155.0,158.0,141.0,112.0,91.0,130.0,167.0,193.0,227.0,233.0,222.0,195.0,138.0,120.0,157.0,124.0,101.0,168.0,181.0,260.0,309.0,278.0,268.0,229.0,274.0,230.0,192.0,130.0,143.0,162.0,241.0,272.0,340.0,338.0,365.0,280.0,272.0,216.0,223.0,135.0,143.0,190.0,216.0,279.0,353.0,374.0,293.0,272.0,284.0,211.0,241.0,139.0,146.0,206.0,246.0,311.0,383.0,393.0,357.0,308.0,311.0,237.0,239.0,187.0,162.0,256.0,235.0,317.0,436.0,385.0,399.0,315.0,307.0,302.0,234.0,177.0,111.0,184.0,177.0,274.0,355.0,325.0,307.0,249.0,294.0,253.0,238.0,157.0,130.0,184.0,201.0,312.0,374.0,331.0,376.0,255.0,291.0,243.0,189.0,147.0,129.0,189.0,220.0,353.0,400.0,399.0,428.0,340.0,344.0,285.0,290.0,224.0,173.0,215.0,193.0,202.0,329.0,456.0,446.0,437.0,386.0,334.0,347.0,230.0,206.0,227.0,257.0,276.0,429.0,424.0,462.0,375.0,384.0,316.0,324.0,204.0,165.0,210.0,233.0,307.0,425.0,322.0,352.0,351.0,332.0,256.0,203.0,155.0,117.0,154.0,186.0,257.0,309.0,275.0,300.0,278.0,289.0,212.0,222.0,186.0,135.0,185.0,191.0,277.0,289.0,332.0,349.0,255.0,277.0,233.0,245.0,191.0,145.0,170.0,223.0,264.0,326.0,318.0,339.0,290.0,344.0,220.0,258.0,182.0,142.0,167.0,232.0,251.0,315.0,353.0,345.0
395030,207,"Rochester, MN",msa,MN,188.0,253.0,249.0,398.0,380.0,338.0,314.0,271.0,246.0,176.0,138.0,110.0,137.0,183.0,242.0,293.0,373.0,293.0,267.0,250.0,272.0,242.0,191.0,98.0,148.0,216.0,293.0,310.0,388.0,196.0,222.0,226.0,187.0,193.0,220.0,130.0,163.0,208.0,260.0,319.0,343.0,255.0,285.0,264.0,224.0,231.0,208.0,158.0,182.0,247.0,256.0,320.0,408.0,297.0,332.0,279.0,296.0,259.0,269.0,183.0,188.0,275.0,292.0,422.0,419.0,389.0,403.0,336.0,323.0,251.0,250.0,206.0,200.0,263.0,287.0,382.0,456.0,356.0,384.0,295.0,342.0,221.0,241.0,236.0,230.0,357.0,415.0,453.0,541.0,473.0,419.0,355.0,339.0,269.0,292.0,189.0,188.0,295.0,316.0,410.0,534.0,432.0,447.0,387.0,317.0,333.0,318.0,183.0,162.0,265.0,308.0,424.0,577.0,413.0,408.0,359.0,354.0,307.0,272.0,175.0,168.0,252.0,270.0,366.0,490.0,404.0,397.0,340.0,330.0,318.0,258.0,177.0,161.0,222.0,262.0,414.0,487.0,394.0,447.0,340.0,368.0,306.0,264.0,211.0,188.0,273.0,271.0,323.0,428.0,476.0,364.0,369.0,410.0,306.0,324.0,183.0,190.0,293.0,352.0,391.0,530.0,424.0,388.0,374.0,370.0,337.0,333.0,203.0,183.0,250.0,315.0,359.0,434.0,339.0,305.0,302.0,249.0,253.0,209.0,130.0,129.0,196.0,223.0,298.0,407.0,285.0,285.0,281.0,255.0,200.0,184.0,165.0,173.0,219.0,248.0,287.0,322.0,262.0,265.0,227.0,269.0,198.0,227.0,150.0,163.0,184.0,243.0,314.0,361.0,307.0,267.0,250.0,253.0,173.0,241.0,129.0,139.0,210.0,274.0,317.0,401.0,333.0,271.0
753895,208,"Lafayette, IN",msa,IN,134.0,129.0,163.0,225.0,220.0,263.0,207.0,174.0,157.0,138.0,141.0,77.0,115.0,144.0,187.0,217.0,242.0,250.0,190.0,185.0,174.0,152.0,145.0,79.0,105.0,164.0,195.0,224.0,243.0,168.0,142.0,139.0,123.0,107.0,135.0,84.0,105.0,144.0,169.0,183.0,181.0,206.0,175.0,162.0,127.0,136.0,136.0,86.0,118.0,164.0,184.0,243.0,210.0,227.0,225.0,160.0,166.0,158.0,144.0,104.0,148.0,183.0,199.0,249.0,293.0,269.0,231.0,160.0,206.0,178.0,161.0,111.0,126.0,151.0,201.0,252.0,282.0,303.0,233.0,182.0,207.0,152.0,196.0,138.0,155.0,177.0,238.0,300.0,320.0,353.0,230.0,208.0,194.0,189.0,217.0,140.0,142.0,221.0,234.0,332.0,351.0,311.0,295.0,252.0,231.0,201.0,204.0,166.0,151.0,225.0,232.0,343.0,354.0,326.0,296.0,265.0,206.0,245.0,166.0,150.0,155.0,222.0,288.0,356.0,360.0,309.0,323.0,225.0,244.0,227.0,163.0,151.0,150.0,203.0,283.0,344.0,338.0,365.0,305.0,240.0,253.0,224.0,250.0,184.0,149.0,211.0,197.0,204.0,303.0,359.0,299.0,281.0,297.0,262.0,275.0,162.0,180.0,246.0,254.0,318.0,423.0,405.0,398.0,332.0,401.0,336.0,330.0,196.0,209.0,229.0,310.0,349.0,395.0,366.0,339.0,291.0,237.0,222.0,222.0,147.0,172.0,193.0,217.0,306.0,267.0,221.0,264.0,196.0,182.0,176.0,161.0,118.0,135.0,166.0,188.0,239.0,221.0,250.0,215.0,182.0,202.0,178.0,167.0,120.0,123.0,160.0,211.0,258.0,295.0,236.0,242.0,222.0,202.0,162.0,201.0,109.0,126.0,199.0,203.0,240.0,285.0,253.0,219.0
394454,209,"Champaign, IL",msa,IL,140.0,199.0,210.0,300.0,394.0,390.0,293.0,201.0,190.0,125.0,142.0,119.0,149.0,170.0,180.0,238.0,320.0,355.0,282.0,207.0,226.0,229.0,164.0,90.0,99.0,190.0,242.0,280.0,372.0,184.0,179.0,178.0,155.0,152.0,165.0,121.0,102.0,160.0,158.0,248.0,303.0,269.0,255.0,209.0,185.0,145.0,157.0,110.0,135.0,186.0,202.0,295.0,373.0,331.0,348.0,201.0,206.0,217.0,202.0,153.0,138.0,170.0,261.0,339.0,376.0,386.0,305.0,282.0,202.0,211.0,248.0,168.0,142.0,209.0,221.0,338.0,378.0,343.0,285.0,240.0,222.0,192.0,219.0,160.0,132.0,199.0,220.0,310.0,405.0,371.0,285.0,245.0,189.0,166.0,248.0,152.0,160.0,255.0,320.0,351.0,466.0,414.0,354.0,268.0,246.0,248.0,298.0,164.0,180.0,290.0,285.0,379.0,434.0,416.0,366.0,283.0,229.0,192.0,206.0,150.0,149.0,242.0,287.0,370.0,442.0,373.0,342.0,258.0,289.0,238.0,207.0,134.0,175.0,240.0,277.0,368.0,394.0,354.0,336.0,279.0,302.0,216.0,257.0,170.0,160.0,262.0,314.0,288.0,422.0,409.0,379.0,340.0,312.0,289.0,307.0,193.0,171.0,303.0,345.0,376.0,468.0,488.0,389.0,389.0,345.0,336.0,319.0,211.0,187.0,273.0,328.0,374.0,412.0,399.0,406.0,339.0,279.0,217.0,211.0,148.0,136.0,227.0,203.0,248.0,373.0,289.0,304.0,213.0,229.0,175.0,190.0,153.0,154.0,168.0,230.0,273.0,280.0,294.0,302.0,214.0,227.0,217.0,161.0,145.0,146.0,187.0,196.0,261.0,296.0,288.0,269.0,224.0,248.0,184.0,204.0,156.0,146.0,202.0,211.0,238.0,293.0,296.0,231.0
394848,210,"Medford, OR",msa,OR,128.0,146.0,126.0,152.0,184.0,180.0,185.0,176.0,165.0,126.0,150.0,109.0,132.0,168.0,190.0,185.0,225.0,239.0,218.0,222.0,257.0,220.0,209.0,141.0,130.0,190.0,251.0,227.0,249.0,215.0,190.0,204.0,188.0,201.0,201.0,151.0,162.0,219.0,222.0,211.0,224.0,215.0,209.0,202.0,200.0,192.0,198.0,182.0,213.0,230.0,273.0,263.0,273.0,270.0,284.0,225.0,284.0,239.0,254.0,156.0,174.0,225.0,239.0,293.0,271.0,313.0,297.0,245.0,282.0,230.0,215.0,138.0,177.0,223.0,248.0,309.0,293.0,302.0,299.0,262.0,291.0,263.0,263.0,182.0,189.0,262.0,306.0,370.0,443.0,392.0,373.0,335.0,331.0,299.0,292.0,237.0,225.0,318.0,361.0,359.0,449.0,375.0,393.0,385.0,357.0,349.0,299.0,265.0,213.0,283.0,324.0,390.0,412.0,375.0,420.0,404.0,356.0,274.0,299.0,277.0,242.0,284.0,314.0,373.0,452.0,389.0,392.0,307.0,331.0,310.0,234.0,204.0,216.0,247.0,326.0,396.0,353.0,367.0,370.0,324.0,366.0,291.0,328.0,202.0,228.0,306.0,261.0,238.0,380.0,424.0,421.0,346.0,421.0,349.0,364.0,288.0,266.0,343.0,380.0,388.0,453.0,444.0,412.0,371.0,334.0,381.0,347.0,301.0,260.0,352.0,386.0,344.0,341.0,293.0,303.0,280.0,239.0,159.0,170.0,131.0,141.0,210.0,180.0,221.0,263.0,241.0,245.0,213.0,212.0,164.0,155.0,153.0,143.0,184.0,200.0,261.0,238.0,211.0,232.0,208.0,248.0,190.0,232.0,142.0,143.0,180.0,259.0,254.0,258.0,251.0,265.0,233.0,241.0,175.0,210.0,163.0,187.0,227.0,257.0,274.0,272.0,286.0,247.0
845164,211,"Lebanon, NH",msa,NH,104.0,122.0,132.0,143.0,208.0,153.0,163.0,195.0,187.0,104.0,125.0,81.0,78.0,113.0,98.0,138.0,177.0,201.0,173.0,162.0,207.0,216.0,166.0,107.0,98.0,155.0,199.0,181.0,266.0,181.0,206.0,200.0,228.0,193.0,179.0,120.0,104.0,151.0,159.0,178.0,257.0,225.0,232.0,144.0,193.0,159.0,182.0,154.0,116.0,168.0,215.0,239.0,307.0,280.0,270.0,218.0,263.0,235.0,228.0,177.0,126.0,202.0,249.0,318.0,349.0,317.0,369.0,317.0,353.0,313.0,269.0,184.0,140.0,178.0,228.0,284.0,364.0,346.0,352.0,342.0,348.0,246.0,297.0,175.0,163.0,239.0,262.0,331.0,421.0,416.0,375.0,379.0,425.0,316.0,297.0,257.0,236.0,240.0,301.0,367.0,483.0,409.0,427.0,387.0,388.0,339.0,313.0,254.0,203.0,281.0,291.0,409.0,443.0,390.0,482.0,399.0,386.0,339.0,321.0,224.0,190.0,277.0,343.0,414.0,494.0,427.0,481.0,358.0,410.0,362.0,316.0,193.0,196.0,273.0,339.0,454.0,432.0,418.0,444.0,407.0,429.0,417.0,376.0,252.0,239.0,300.0,298.0,310.0,448.0,590.0,614.0,604.0,656.0,506.0,525.0,353.0,279.0,382.0,407.0,431.0,498.0,543.0,502.0,449.0,534.0,456.0,437.0,249.0,181.0,262.0,310.0,371.0,433.0,464.0,446.0,463.0,351.0,361.0,290.0,184.0,153.0,238.0,235.0,309.0,405.0,397.0,408.0,382.0,373.0,317.0,258.0,182.0,208.0,222.0,245.0,281.0,319.0,384.0,362.0,346.0,361.0,319.0,314.0,193.0,187.0,255.0,222.0,317.0,358.0,361.0,340.0,390.0,384.0,324.0,327.0,186.0,174.0,209.0,223.0,304.0,370.0,385.0,386.0
394459,212,"Charlottesville, VA",msa,VA,126.0,129.0,169.0,220.0,253.0,233.0,192.0,160.0,121.0,97.0,130.0,71.0,99.0,131.0,150.0,214.0,256.0,282.0,210.0,158.0,163.0,185.0,163.0,133.0,125.0,159.0,204.0,250.0,335.0,191.0,190.0,181.0,161.0,166.0,188.0,140.0,134.0,167.0,203.0,206.0,286.0,208.0,193.0,149.0,155.0,140.0,186.0,134.0,143.0,217.0,217.0,258.0,293.0,245.0,261.0,190.0,208.0,197.0,207.0,187.0,160.0,198.0,233.0,305.0,330.0,339.0,295.0,239.0,216.0,194.0,218.0,185.0,159.0,216.0,237.0,313.0,343.0,369.0,267.0,235.0,264.0,189.0,253.0,166.0,167.0,226.0,246.0,365.0,422.0,380.0,298.0,231.0,268.0,206.0,270.0,172.0,174.0,263.0,269.0,403.0,474.0,373.0,347.0,287.0,275.0,236.0,278.0,200.0,154.0,257.0,316.0,423.0,486.0,328.0,377.0,258.0,278.0,270.0,261.0,177.0,222.0,307.0,347.0,436.0,464.0,382.0,336.0,241.0,255.0,245.0,236.0,194.0,175.0,284.0,317.0,423.0,459.0,420.0,334.0,267.0,304.0,238.0,277.0,212.0,187.0,294.0,270.0,301.0,395.0,452.0,368.0,387.0,418.0,316.0,385.0,327.0,252.0,380.0,427.0,427.0,570.0,479.0,464.0,365.0,380.0,337.0,353.0,245.0,230.0,366.0,358.0,415.0,478.0,399.0,364.0,307.0,269.0,235.0,223.0,175.0,166.0,248.0,257.0,322.0,391.0,272.0,288.0,195.0,234.0,183.0,191.0,138.0,160.0,224.0,280.0,331.0,315.0,275.0,266.0,200.0,231.0,209.0,240.0,175.0,145.0,232.0,245.0,317.0,347.0,297.0,260.0,213.0,263.0,192.0,249.0,148.0,150.0,195.0,282.0,323.0,362.0,310.0,251.0
394763,213,"Lake Charles, LA",msa,LA,178.0,177.0,209.0,234.0,226.0,187.0,241.0,142.0,181.0,168.0,151.0,103.0,139.0,161.0,169.0,165.0,198.0,190.0,172.0,163.0,172.0,151.0,165.0,107.0,99.0,162.0,171.0,191.0,167.0,156.0,156.0,169.0,123.0,135.0,161.0,104.0,120.0,159.0,172.0,178.0,159.0,177.0,168.0,176.0,135.0,134.0,112.0,160.0,114.0,173.0,159.0,203.0,193.0,215.0,193.0,199.0,190.0,160.0,156.0,134.0,161.0,221.0,216.0,237.0,224.0,236.0,241.0,168.0,194.0,179.0,174.0,144.0,186.0,169.0,196.0,253.0,258.0,220.0,220.0,184.0,227.0,215.0,213.0,180.0,188.0,224.0,220.0,216.0,217.0,254.0,258.0,168.0,117.0,128.0,103.0,163.0,181.0,185.0,206.0,223.0,253.0,203.0,223.0,248.0,130.0,158.0,140.0,193.0,156.0,248.0,177.0,202.0,220.0,208.0,208.0,165.0,153.0,137.0,127.0,153.0,99.0,154.0,213.0,271.0,250.0,235.0,266.0,205.0,219.0,168.0,181.0,116.0,174.0,194.0,240.0,245.0,184.0,185.0,171.0,184.0,193.0,144.0,141.0,102.0,128.0,186.0,151.0,151.0,195.0,235.0,173.0,28.0,,215.0,284.0,211.0,227.0,306.0,289.0,282.0,311.0,333.0,294.0,290.0,285.0,268.0,255.0,234.0,269.0,304.0,293.0,300.0,325.0,216.0,263.0,220.0,169.0,144.0,134.0,109.0,142.0,205.0,182.0,206.0,229.0,208.0,185.0,193.0,199.0,148.0,128.0,125.0,138.0,155.0,206.0,190.0,191.0,183.0,193.0,157.0,178.0,183.0,132.0,131.0,138.0,169.0,165.0,181.0,197.0,228.0,180.0,183.0,175.0,146.0,150.0,142.0,150.0,190.0,196.0,215.0,211.0,230.0,198.0
394773,214,"Las Cruces, NM",msa,NM,118.0,97.0,116.0,126.0,114.0,135.0,120.0,87.0,107.0,70.0,83.0,76.0,76.0,110.0,93.0,102.0,107.0,117.0,124.0,114.0,144.0,115.0,103.0,62.0,79.0,111.0,105.0,128.0,130.0,95.0,97.0,125.0,83.0,87.0,90.0,73.0,73.0,106.0,96.0,90.0,123.0,99.0,120.0,83.0,84.0,85.0,87.0,63.0,89.0,111.0,119.0,123.0,113.0,129.0,126.0,122.0,111.0,108.0,99.0,94.0,86.0,138.0,125.0,154.0,132.0,140.0,143.0,108.0,121.0,111.0,111.0,77.0,100.0,143.0,130.0,150.0,160.0,152.0,129.0,157.0,159.0,95.0,128.0,88.0,91.0,136.0,135.0,172.0,135.0,188.0,151.0,126.0,125.0,110.0,141.0,86.0,111.0,148.0,146.0,176.0,199.0,156.0,158.0,171.0,138.0,132.0,173.0,127.0,128.0,157.0,150.0,222.0,213.0,182.0,204.0,173.0,175.0,150.0,160.0,133.0,149.0,207.0,188.0,208.0,211.0,200.0,205.0,162.0,169.0,162.0,115.0,138.0,129.0,166.0,158.0,197.0,173.0,216.0,187.0,165.0,197.0,143.0,152.0,134.0,153.0,173.0,163.0,163.0,189.0,214.0,201.0,255.0,224.0,183.0,202.0,181.0,158.0,226.0,228.0,224.0,237.0,256.0,229.0,262.0,210.0,211.0,240.0,202.0,167.0,227.0,228.0,220.0,197.0,191.0,194.0,162.0,153.0,128.0,126.0,102.0,117.0,150.0,151.0,147.0,174.0,174.0,146.0,125.0,114.0,108.0,96.0,89.0,117.0,122.0,149.0,145.0,128.0,127.0,162.0,112.0,145.0,111.0,128.0,121.0,103.0,123.0,125.0,136.0,141.0,164.0,130.0,128.0,141.0,107.0,159.0,95.0,111.0,140.0,142.0,159.0,169.0,198.0,144.0
394464,215,"Chico, CA",msa,CA,126.0,129.0,180.0,176.0,178.0,156.0,163.0,146.0,167.0,138.0,143.0,130.0,118.0,136.0,169.0,163.0,188.0,212.0,141.0,159.0,184.0,158.0,189.0,113.0,139.0,165.0,180.0,221.0,213.0,166.0,175.0,184.0,182.0,135.0,163.0,132.0,146.0,178.0,177.0,172.0,216.0,180.0,222.0,223.0,202.0,185.0,217.0,154.0,179.0,193.0,224.0,240.0,252.0,243.0,232.0,190.0,216.0,196.0,198.0,186.0,175.0,253.0,262.0,310.0,247.0,290.0,246.0,213.0,233.0,193.0,242.0,173.0,142.0,196.0,264.0,253.0,246.0,266.0,229.0,242.0,257.0,171.0,201.0,184.0,195.0,234.0,243.0,268.0,322.0,276.0,269.0,266.0,280.0,224.0,259.0,170.0,181.0,232.0,274.0,302.0,301.0,316.0,287.0,261.0,269.0,257.0,246.0,186.0,186.0,234.0,269.0,306.0,360.0,328.0,335.0,244.0,264.0,229.0,274.0,199.0,194.0,247.0,271.0,293.0,313.0,268.0,305.0,201.0,258.0,223.0,,324.0,345.0,373.0,298.0,342.0,292.0,332.0,319.0,255.0,274.0,228.0,228.0,213.0,192.0,220.0,236.0,168.0,268.0,310.0,253.0,282.0,263.0,211.0,265.0,188.0,181.0,256.0,314.0,283.0,322.0,299.0,274.0,231.0,238.0,238.0,239.0,173.0,204.0,257.0,247.0,277.0,243.0,219.0,188.0,186.0,217.0,178.0,159.0,124.0,147.0,163.0,181.0,184.0,192.0,195.0,165.0,164.0,172.0,133.0,122.0,128.0,104.0,151.0,167.0,206.0,165.0,163.0,170.0,160.0,181.0,157.0,137.0,110.0,120.0,162.0,190.0,201.0,197.0,206.0,179.0,164.0,193.0,145.0,180.0,120.0,137.0,173.0,183.0,208.0,210.0,198.0,165.0
394681,216,"Hilton Head Island, SC",msa,SC,211.0,255.0,276.0,335.0,300.0,299.0,262.0,242.0,252.0,148.0,230.0,149.0,148.0,210.0,222.0,262.0,308.0,293.0,272.0,286.0,305.0,283.0,315.0,233.0,220.0,324.0,346.0,304.0,371.0,318.0,296.0,333.0,267.0,274.0,320.0,249.0,265.0,340.0,366.0,380.0,357.0,316.0,363.0,272.0,310.0,273.0,350.0,273.0,247.0,349.0,379.0,424.0,456.0,367.0,403.0,334.0,399.0,416.0,401.0,351.0,337.0,443.0,494.0,534.0,530.0,525.0,574.0,470.0,510.0,434.0,409.0,361.0,328.0,414.0,475.0,507.0,519.0,511.0,476.0,379.0,510.0,376.0,481.0,371.0,355.0,479.0,425.0,490.0,651.0,629.0,548.0,540.0,505.0,389.0,525.0,406.0,374.0,503.0,573.0,606.0,636.0,552.0,594.0,566.0,372.0,474.0,412.0,382.0,407.0,539.0,517.0,699.0,718.0,594.0,613.0,517.0,521.0,472.0,526.0,424.0,395.0,581.0,599.0,744.0,750.0,586.0,684.0,487.0,512.0,455.0,437.0,408.0,408.0,547.0,597.0,734.0,645.0,651.0,640.0,479.0,541.0,459.0,533.0,456.0,420.0,568.0,484.0,418.0,669.0,922.0,867.0,936.0,916.0,803.0,887.0,635.0,639.0,960.0,993.0,925.0,1009.0,923.0,834.0,780.0,749.0,781.0,792.0,671.0,599.0,804.0,767.0,749.0,799.0,617.0,632.0,591.0,550.0,452.0,459.0,380.0,402.0,616.0,524.0,697.0,717.0,537.0,551.0,534.0,469.0,402.0,384.0,392.0,461.0,551.0,617.0,613.0,583.0,515.0,509.0,416.0,484.0,430.0,436.0,392.0,407.0,523.0,523.0,637.0,578.0,614.0,564.0,515.0,574.0,438.0,505.0,368.0,408.0,577.0,609.0,583.0,701.0,626.0,577.0
394346,217,"Athens, GA",msa,GA,172.0,191.0,233.0,285.0,272.0,272.0,221.0,182.0,131.0,97.0,135.0,110.0,126.0,145.0,128.0,205.0,252.0,246.0,178.0,150.0,175.0,163.0,153.0,84.0,112.0,200.0,195.0,216.0,194.0,180.0,127.0,144.0,118.0,123.0,149.0,89.0,103.0,172.0,163.0,176.0,222.0,186.0,178.0,177.0,143.0,144.0,171.0,112.0,138.0,184.0,188.0,241.0,218.0,252.0,209.0,170.0,178.0,190.0,188.0,144.0,165.0,218.0,253.0,278.0,273.0,274.0,252.0,202.0,162.0,197.0,188.0,150.0,154.0,218.0,235.0,272.0,306.0,284.0,252.0,214.0,205.0,162.0,225.0,188.0,189.0,268.0,302.0,285.0,357.0,325.0,263.0,223.0,201.0,189.0,264.0,167.0,189.0,277.0,295.0,402.0,375.0,323.0,334.0,247.0,256.0,199.0,201.0,186.0,209.0,340.0,304.0,387.0,400.0,348.0,325.0,238.0,247.0,217.0,268.0,185.0,208.0,329.0,318.0,350.0,409.0,351.0,306.0,218.0,217.0,218.0,195.0,192.0,213.0,270.0,334.0,461.0,369.0,329.0,312.0,220.0,253.0,193.0,229.0,201.0,203.0,285.0,251.0,265.0,310.0,370.0,347.0,306.0,305.0,264.0,285.0,222.0,291.0,321.0,394.0,390.0,436.0,377.0,360.0,311.0,316.0,291.0,298.0,248.0,251.0,331.0,341.0,380.0,361.0,295.0,268.0,268.0,210.0,172.0,165.0,121.0,144.0,242.0,209.0,262.0,294.0,239.0,199.0,208.0,203.0,170.0,173.0,119.0,180.0,226.0,231.0,296.0,232.0,242.0,192.0,195.0,165.0,165.0,158.0,158.0,139.0,193.0,210.0,263.0,266.0,203.0,239.0,178.0,169.0,150.0,228.0,135.0,135.0,232.0,242.0,292.0,277.0,244.0,205.0
394765,218,"Lake Havasu City, AZ",msa,AZ,194.0,275.0,270.0,279.0,245.0,236.0,250.0,205.0,230.0,202.0,211.0,220.0,248.0,329.0,352.0,346.0,378.0,373.0,297.0,354.0,329.0,306.0,388.0,314.0,324.0,484.0,445.0,402.0,392.0,343.0,316.0,294.0,323.0,301.0,372.0,326.0,310.0,469.0,406.0,372.0,381.0,293.0,323.0,312.0,298.0,275.0,342.0,310.0,361.0,420.0,388.0,406.0,323.0,334.0,344.0,269.0,349.0,309.0,369.0,310.0,342.0,412.0,423.0,466.0,380.0,390.0,371.0,329.0,328.0,295.0,320.0,280.0,292.0,403.0,405.0,399.0,346.0,371.0,336.0,338.0,349.0,283.0,355.0,273.0,352.0,471.0,459.0,451.0,444.0,417.0,396.0,422.0,377.0,335.0,347.0,318.0,346.0,447.0,485.0,505.0,493.0,423.0,454.0,418.0,401.0,398.0,429.0,399.0,302.0,520.0,549.0,590.0,570.0,458.0,507.0,464.0,482.0,445.0,436.0,408.0,444.0,653.0,545.0,576.0,568.0,435.0,467.0,336.0,399.0,377.0,300.0,293.0,323.0,404.0,428.0,486.0,422.0,458.0,375.0,390.0,408.0,366.0,395.0,377.0,317.0,408.0,359.0,302.0,458.0,552.0,509.0,557.0,545.0,472.0,493.0,386.0,427.0,672.0,646.0,551.0,633.0,575.0,501.0,562.0,499.0,450.0,535.0,437.0,468.0,613.0,528.0,506.0,443.0,337.0,343.0,311.0,296.0,235.0,262.0,267.0,261.0,402.0,347.0,406.0,382.0,321.0,373.0,291.0,268.0,248.0,230.0,262.0,328.0,340.0,372.0,363.0,294.0,360.0,271.0,271.0,281.0,239.0,254.0,232.0,283.0,301.0,372.0,362.0,326.0,324.0,287.0,294.0,282.0,285.0,303.0,252.0,315.0,397.0,389.0,320.0,376.0,379.0,309.0
394485,219,"Columbia, MO",msa,MO,131.0,139.0,182.0,269.0,257.0,238.0,204.0,127.0,123.0,90.0,104.0,71.0,109.0,142.0,183.0,199.0,275.0,267.0,180.0,163.0,163.0,161.0,114.0,76.0,91.0,121.0,203.0,255.0,292.0,156.0,151.0,110.0,96.0,94.0,120.0,74.0,78.0,112.0,149.0,187.0,233.0,191.0,187.0,136.0,130.0,111.0,115.0,85.0,79.0,170.0,202.0,236.0,311.0,221.0,225.0,137.0,136.0,125.0,152.0,108.0,103.0,176.0,200.0,309.0,295.0,356.0,234.0,187.0,167.0,137.0,153.0,79.0,97.0,159.0,179.0,291.0,330.0,261.0,248.0,158.0,182.0,155.0,150.0,116.0,130.0,206.0,217.0,300.0,367.0,331.0,191.0,221.0,176.0,115.0,158.0,120.0,119.0,203.0,274.0,312.0,375.0,277.0,226.0,181.0,159.0,155.0,171.0,111.0,104.0,228.0,260.0,339.0,348.0,253.0,233.0,148.0,179.0,154.0,181.0,127.0,133.0,214.0,251.0,308.0,343.0,281.0,242.0,167.0,162.0,178.0,156.0,129.0,127.0,168.0,252.0,346.0,307.0,263.0,251.0,214.0,210.0,179.0,170.0,128.0,141.0,200.0,233.0,282.0,361.0,357.0,290.0,235.0,248.0,233.0,214.0,141.0,178.0,234.0,312.0,305.0,437.0,365.0,345.0,283.0,253.0,278.0,252.0,147.0,174.0,202.0,243.0,303.0,334.0,297.0,270.0,220.0,166.0,158.0,141.0,125.0,117.0,154.0,170.0,215.0,273.0,242.0,235.0,186.0,155.0,142.0,129.0,104.0,139.0,160.0,194.0,230.0,250.0,249.0,211.0,160.0,178.0,164.0,180.0,145.0,145.0,157.0,214.0,254.0,300.0,336.0,280.0,214.0,203.0,173.0,215.0,141.0,184.0,220.0,259.0,295.0,325.0,296.0,255.0
395114,220,"Springfield, IL",msa,IL,182.0,192.0,279.0,343.0,349.0,362.0,337.0,302.0,268.0,195.0,201.0,135.0,157.0,255.0,259.0,283.0,361.0,361.0,363.0,329.0,326.0,325.0,253.0,174.0,175.0,283.0,358.0,400.0,373.0,240.0,235.0,250.0,268.0,216.0,234.0,185.0,151.0,212.0,257.0,303.0,306.0,281.0,332.0,265.0,233.0,234.0,246.0,182.0,177.0,278.0,282.0,360.0,405.0,314.0,353.0,334.0,304.0,260.0,259.0,200.0,228.0,250.0,317.0,366.0,338.0,388.0,408.0,369.0,322.0,283.0,253.0,159.0,181.0,240.0,286.0,384.0,507.0,373.0,383.0,356.0,372.0,256.0,290.0,167.0,160.0,272.0,257.0,402.0,469.0,451.0,359.0,373.0,363.0,218.0,333.0,174.0,196.0,275.0,350.0,404.0,438.0,394.0,396.0,363.0,369.0,267.0,289.0,208.0,195.0,324.0,305.0,415.0,432.0,364.0,402.0,366.0,304.0,272.0,280.0,191.0,176.0,283.0,296.0,401.0,360.0,360.0,378.0,290.0,294.0,268.0,219.0,181.0,204.0,249.0,322.0,405.0,403.0,396.0,372.0,351.0,356.0,283.0,292.0,211.0,218.0,261.0,244.0,291.0,388.0,442.0,403.0,415.0,465.0,360.0,400.0,239.0,237.0,307.0,325.0,413.0,500.0,471.0,495.0,392.0,369.0,353.0,310.0,245.0,233.0,282.0,299.0,385.0,363.0,344.0,368.0,311.0,298.0,256.0,225.0,174.0,200.0,261.0,226.0,309.0,320.0,291.0,284.0,290.0,276.0,203.0,219.0,151.0,156.0,234.0,266.0,295.0,291.0,308.0,295.0,288.0,262.0,210.0,221.0,168.0,173.0,223.0,234.0,298.0,295.0,307.0,298.0,271.0,252.0,229.0,242.0,148.0,153.0,213.0,210.0,305.0,331.0,282.0,294.0
394872,222,"Monroe, LA",msa,LA,149.0,168.0,179.0,217.0,189.0,208.0,188.0,158.0,169.0,124.0,129.0,127.0,153.0,156.0,178.0,161.0,162.0,213.0,187.0,177.0,187.0,129.0,149.0,118.0,137.0,195.0,209.0,173.0,189.0,156.0,161.0,143.0,143.0,114.0,204.0,118.0,113.0,143.0,155.0,168.0,123.0,175.0,180.0,177.0,144.0,114.0,121.0,103.0,112.0,162.0,148.0,171.0,172.0,157.0,174.0,143.0,151.0,161.0,134.0,126.0,119.0,174.0,140.0,183.0,158.0,155.0,184.0,154.0,127.0,130.0,139.0,104.0,114.0,143.0,163.0,174.0,184.0,200.0,182.0,175.0,170.0,148.0,163.0,115.0,87.0,189.0,148.0,182.0,207.0,190.0,195.0,177.0,178.0,150.0,129.0,128.0,133.0,136.0,188.0,173.0,221.0,190.0,228.0,191.0,158.0,147.0,149.0,135.0,133.0,197.0,179.0,218.0,197.0,169.0,190.0,201.0,205.0,143.0,153.0,82.0,91.0,123.0,138.0,164.0,179.0,167.0,180.0,173.0,162.0,135.0,131.0,100.0,145.0,160.0,185.0,169.0,188.0,152.0,172.0,147.0,136.0,124.0,131.0,128.0,152.0,173.0,159.0,147.0,225.0,241.0,208.0,204.0,177.0,168.0,166.0,162.0,153.0,184.0,230.0,266.0,242.0,245.0,242.0,226.0,231.0,203.0,209.0,150.0,194.0,234.0,215.0,242.0,216.0,200.0,217.0,180.0,149.0,131.0,137.0,93.0,129.0,138.0,174.0,169.0,188.0,167.0,181.0,157.0,144.0,145.0,116.0,84.0,118.0,125.0,164.0,172.0,142.0,176.0,147.0,143.0,145.0,135.0,132.0,122.0,151.0,130.0,174.0,172.0,165.0,167.0,182.0,148.0,158.0,124.0,140.0,93.0,114.0,175.0,149.0,176.0,177.0,158.0,173.0
394565,223,"Elkhart, IN",msa,IN,129.0,117.0,118.0,137.0,144.0,147.0,129.0,138.0,124.0,91.0,87.0,70.0,73.0,102.0,96.0,122.0,135.0,144.0,110.0,115.0,141.0,126.0,111.0,87.0,91.0,137.0,160.0,177.0,160.0,134.0,124.0,130.0,97.0,109.0,104.0,94.0,104.0,123.0,125.0,140.0,166.0,163.0,141.0,138.0,126.0,138.0,128.0,91.0,106.0,154.0,137.0,173.0,208.0,165.0,179.0,142.0,166.0,152.0,152.0,125.0,103.0,162.0,204.0,217.0,200.0,218.0,183.0,191.0,152.0,163.0,158.0,126.0,112.0,135.0,167.0,196.0,223.0,224.0,207.0,202.0,210.0,145.0,167.0,103.0,106.0,183.0,192.0,216.0,267.0,266.0,197.0,195.0,187.0,170.0,198.0,117.0,119.0,176.0,198.0,219.0,253.0,245.0,251.0,266.0,192.0,165.0,208.0,143.0,123.0,204.0,211.0,237.0,258.0,278.0,241.0,248.0,242.0,202.0,191.0,126.0,133.0,188.0,200.0,228.0,276.0,209.0,309.0,194.0,254.0,175.0,145.0,113.0,131.0,213.0,222.0,252.0,255.0,273.0,235.0,227.0,207.0,188.0,198.0,107.0,123.0,206.0,163.0,168.0,257.0,269.0,271.0,273.0,308.0,240.0,233.0,148.0,151.0,176.0,217.0,241.0,242.0,263.0,303.0,253.0,260.0,255.0,223.0,161.0,134.0,167.0,187.0,211.0,270.0,251.0,246.0,240.0,196.0,159.0,180.0,135.0,112.0,162.0,138.0,207.0,199.0,175.0,217.0,201.0,180.0,181.0,139.0,119.0,138.0,189.0,154.0,227.0,170.0,204.0,205.0,167.0,157.0,164.0,175.0,119.0,122.0,164.0,176.0,197.0,223.0,217.0,219.0,207.0,213.0,156.0,202.0,126.0,120.0,171.0,153.0,188.0,247.0,230.0,234.0
394726,224,"Johnson City, TN",msa,TN,180.0,205.0,220.0,264.0,244.0,249.0,211.0,234.0,233.0,132.0,150.0,145.0,115.0,155.0,165.0,164.0,236.0,211.0,221.0,228.0,204.0,193.0,168.0,118.0,155.0,173.0,194.0,224.0,222.0,198.0,209.0,184.0,171.0,167.0,137.0,137.0,127.0,167.0,171.0,190.0,196.0,198.0,222.0,210.0,190.0,165.0,188.0,148.0,147.0,218.0,200.0,235.0,278.0,282.0,265.0,185.0,213.0,237.0,183.0,168.0,178.0,166.0,218.0,258.0,231.0,279.0,271.0,254.0,247.0,205.0,218.0,204.0,154.0,218.0,273.0,264.0,265.0,294.0,295.0,242.0,273.0,240.0,231.0,172.0,190.0,223.0,237.0,270.0,355.0,356.0,327.0,273.0,286.0,224.0,274.0,199.0,215.0,233.0,306.0,371.0,387.0,324.0,326.0,299.0,251.0,268.0,255.0,208.0,208.0,283.0,290.0,353.0,299.0,345.0,347.0,273.0,282.0,253.0,220.0,183.0,163.0,264.0,240.0,341.0,319.0,314.0,426.0,252.0,324.0,274.0,209.0,195.0,208.0,269.0,292.0,360.0,372.0,394.0,352.0,307.0,299.0,251.0,264.0,232.0,214.0,259.0,230.0,253.0,372.0,393.0,380.0,424.0,376.0,324.0,353.0,298.0,278.0,422.0,366.0,377.0,421.0,482.0,474.0,419.0,377.0,397.0,381.0,317.0,269.0,349.0,355.0,379.0,399.0,336.0,382.0,370.0,286.0,259.0,238.0,205.0,201.0,270.0,248.0,344.0,366.0,307.0,303.0,235.0,249.0,248.0,227.0,203.0,235.0,253.0,272.0,352.0,250.0,317.0,307.0,269.0,272.0,246.0,219.0,210.0,187.0,242.0,289.0,304.0,302.0,361.0,296.0,292.0,269.0,229.0,198.0,196.0,182.0,229.0,310.0,316.0,270.0,293.0,250.0
395247,225,"Yuma, AZ",msa,AZ,116.0,130.0,130.0,141.0,122.0,134.0,378.0,118.0,115.0,105.0,109.0,79.0,114.0,140.0,129.0,160.0,141.0,147.0,111.0,124.0,142.0,129.0,175.0,110.0,119.0,179.0,166.0,145.0,156.0,113.0,99.0,103.0,124.0,117.0,136.0,101.0,117.0,140.0,127.0,146.0,155.0,113.0,117.0,110.0,122.0,141.0,141.0,98.0,156.0,169.0,187.0,153.0,129.0,102.0,144.0,103.0,182.0,151.0,159.0,147.0,169.0,202.0,185.0,160.0,181.0,163.0,166.0,139.0,164.0,137.0,153.0,126.0,144.0,191.0,173.0,164.0,161.0,153.0,135.0,119.0,181.0,127.0,186.0,140.0,150.0,183.0,200.0,192.0,187.0,169.0,165.0,164.0,161.0,136.0,190.0,144.0,158.0,233.0,195.0,199.0,231.0,204.0,207.0,184.0,181.0,202.0,206.0,178.0,189.0,259.0,221.0,216.0,226.0,189.0,178.0,179.0,183.0,162.0,204.0,177.0,183.0,230.0,245.0,251.0,250.0,238.0,223.0,174.0,216.0,205.0,221.0,197.0,208.0,260.0,241.0,251.0,220.0,216.0,228.0,196.0,226.0,204.0,212.0,198.0,186.0,255.0,228.0,200.0,259.0,278.0,233.0,259.0,274.0,243.0,304.0,220.0,238.0,335.0,304.0,325.0,339.0,317.0,281.0,273.0,276.0,244.0,291.0,216.0,220.0,299.0,284.0,254.0,263.0,221.0,222.0,166.0,168.0,127.0,140.0,126.0,164.0,200.0,178.0,203.0,188.0,178.0,158.0,132.0,143.0,124.0,117.0,151.0,141.0,183.0,152.0,197.0,177.0,159.0,153.0,134.0,174.0,157.0,136.0,138.0,164.0,192.0,217.0,195.0,208.0,195.0,177.0,153.0,146.0,153.0,166.0,142.0,151.0,232.0,250.0,216.0,232.0,196.0,191.0
394623,226,"Gainesville, GA",msa,GA,132.0,165.0,164.0,158.0,160.0,154.0,106.0,130.0,130.0,110.0,123.0,103.0,82.0,144.0,132.0,117.0,197.0,163.0,150.0,136.0,155.0,154.0,156.0,118.0,127.0,186.0,181.0,201.0,171.0,137.0,141.0,158.0,217.0,244.0,149.0,110.0,126.0,145.0,160.0,198.0,214.0,190.0,204.0,179.0,173.0,174.0,196.0,232.0,186.0,211.0,212.0,210.0,255.0,222.0,223.0,163.0,238.0,225.0,187.0,179.0,179.0,222.0,218.0,274.0,227.0,251.0,247.0,205.0,203.0,210.0,213.0,167.0,177.0,214.0,227.0,258.0,234.0,256.0,241.0,249.0,247.0,188.0,232.0,195.0,221.0,223.0,285.0,262.0,283.0,290.0,297.0,289.0,237.0,176.0,240.0,200.0,204.0,277.0,291.0,322.0,345.0,309.0,311.0,289.0,277.0,234.0,234.0,197.0,206.0,337.0,266.0,306.0,372.0,315.0,336.0,263.0,291.0,248.0,281.0,201.0,183.0,265.0,294.0,318.0,353.0,325.0,328.0,254.0,262.0,273.0,239.0,177.0,219.0,301.0,288.0,345.0,313.0,331.0,325.0,323.0,320.0,239.0,257.0,218.0,215.0,291.0,246.0,239.0,364.0,394.0,386.0,407.0,382.0,353.0,386.0,283.0,300.0,417.0,415.0,349.0,406.0,427.0,425.0,400.0,363.0,363.0,350.0,287.0,285.0,400.0,376.0,415.0,381.0,328.0,320.0,308.0,244.0,199.0,215.0,156.0,165.0,258.0,241.0,266.0,299.0,261.0,249.0,242.0,205.0,200.0,155.0,152.0,178.0,223.0,242.0,254.0,250.0,229.0,219.0,207.0,245.0,215.0,194.0,155.0,171.0,220.0,260.0,239.0,256.0,205.0,201.0,223.0,199.0,168.0,224.0,151.0,144.0,259.0,240.0,245.0,278.0,257.0,219.0
394716,227,"Jacksonville, NC",msa,NC,165.0,207.0,209.0,214.0,255.0,255.0,214.0,177.0,197.0,147.0,150.0,117.0,136.0,171.0,186.0,209.0,242.0,252.0,209.0,173.0,206.0,199.0,187.0,125.0,127.0,181.0,184.0,231.0,256.0,198.0,187.0,160.0,141.0,119.0,183.0,99.0,90.0,120.0,122.0,124.0,147.0,127.0,129.0,130.0,123.0,120.0,148.0,83.0,102.0,128.0,121.0,148.0,145.0,143.0,182.0,145.0,138.0,120.0,160.0,90.0,107.0,122.0,150.0,210.0,204.0,195.0,198.0,152.0,156.0,139.0,187.0,154.0,171.0,210.0,210.0,210.0,241.0,236.0,196.0,220.0,210.0,189.0,196.0,183.0,184.0,222.0,172.0,232.0,284.0,234.0,217.0,230.0,209.0,196.0,192.0,183.0,215.0,231.0,228.0,278.0,340.0,302.0,304.0,280.0,233.0,267.0,283.0,255.0,253.0,342.0,296.0,361.0,415.0,367.0,415.0,364.0,320.0,296.0,325.0,251.0,263.0,326.0,361.0,443.0,449.0,455.0,485.0,168.0,,347.0,339.0,320.0,334.0,393.0,454.0,558.0,553.0,495.0,484.0,406.0,419.0,349.0,402.0,309.0,322.0,453.0,413.0,411.0,590.0,634.0,539.0,510.0,501.0,444.0,513.0,393.0,369.0,538.0,556.0,605.0,747.0,658.0,689.0,585.0,593.0,539.0,547.0,452.0,475.0,595.0,581.0,611.0,641.0,547.0,568.0,471.0,447.0,354.0,329.0,276.0,311.0,412.0,377.0,452.0,501.0,418.0,407.0,384.0,326.0,275.0,291.0,259.0,312.0,328.0,406.0,433.0,381.0,391.0,355.0,323.0,336.0,236.0,305.0,236.0,262.0,312.0,378.0,390.0,373.0,411.0,347.0,337.0,310.0,255.0,282.0,251.0,265.0,327.0,351.0,341.0,452.0,361.0,369.0
394597,228,"Florence, SC",msa,SC,134.0,172.0,160.0,146.0,171.0,180.0,145.0,152.0,135.0,103.0,116.0,83.0,101.0,128.0,110.0,106.0,132.0,156.0,153.0,143.0,188.0,140.0,147.0,89.0,96.0,134.0,149.0,163.0,148.0,127.0,111.0,115.0,105.0,103.0,98.0,65.0,103.0,113.0,119.0,122.0,162.0,124.0,133.0,112.0,122.0,106.0,111.0,89.0,107.0,136.0,120.0,154.0,178.0,152.0,171.0,125.0,163.0,141.0,108.0,112.0,123.0,132.0,167.0,179.0,160.0,179.0,154.0,166.0,174.0,128.0,135.0,116.0,111.0,142.0,152.0,154.0,168.0,162.0,173.0,145.0,164.0,120.0,130.0,109.0,115.0,193.0,175.0,181.0,208.0,218.0,163.0,179.0,169.0,136.0,129.0,120.0,140.0,160.0,169.0,211.0,213.0,171.0,207.0,207.0,149.0,148.0,142.0,161.0,139.0,227.0,200.0,186.0,271.0,218.0,239.0,161.0,218.0,183.0,148.0,112.0,134.0,197.0,178.0,203.0,189.0,184.0,245.0,151.0,185.0,173.0,148.0,115.0,150.0,168.0,208.0,228.0,183.0,213.0,198.0,183.0,220.0,195.0,147.0,154.0,122.0,184.0,155.0,176.0,219.0,252.0,226.0,262.0,218.0,175.0,220.0,202.0,178.0,245.0,254.0,256.0,290.0,326.0,298.0,273.0,270.0,270.0,256.0,234.0,209.0,282.0,261.0,293.0,301.0,238.0,272.0,269.0,227.0,189.0,189.0,134.0,186.0,225.0,213.0,259.0,226.0,190.0,217.0,181.0,178.0,145.0,148.0,143.0,145.0,163.0,179.0,197.0,190.0,202.0,166.0,155.0,197.0,142.0,134.0,126.0,135.0,155.0,177.0,206.0,203.0,191.0,181.0,129.0,168.0,148.0,129.0,119.0,127.0,154.0,193.0,193.0,183.0,161.0,209.0
394680,229,"Hilo, HI",msa,HI,157.0,204.0,219.0,187.0,198.0,167.0,145.0,144.0,135.0,112.0,149.0,90.0,119.0,151.0,152.0,159.0,177.0,185.0,163.0,190.0,180.0,166.0,209.0,154.0,171.0,217.0,279.0,224.0,244.0,193.0,212.0,188.0,169.0,178.0,244.0,181.0,198.0,290.0,190.0,246.0,253.0,208.0,243.0,204.0,199.0,209.0,233.0,152.0,180.0,252.0,255.0,232.0,230.0,220.0,239.0,163.0,240.0,187.0,283.0,172.0,220.0,218.0,246.0,262.0,288.0,269.0,293.0,284.0,292.0,261.0,236.0,194.0,245.0,259.0,317.0,299.0,260.0,286.0,268.0,249.0,251.0,200.0,286.0,248.0,244.0,241.0,323.0,306.0,267.0,274.0,250.0,255.0,281.0,206.0,299.0,231.0,272.0,315.0,315.0,342.0,283.0,311.0,337.0,271.0,245.0,274.0,309.0,259.0,261.0,371.0,343.0,413.0,351.0,328.0,336.0,335.0,336.0,292.0,288.0,275.0,242.0,359.0,322.0,315.0,325.0,262.0,276.0,251.0,247.0,255.0,279.0,246.0,254.0,260.0,315.0,275.0,258.0,270.0,339.0,237.0,297.0,278.0,292.0,281.0,216.0,294.0,212.0,147.0,203.0,262.0,302.0,297.0,324.0,313.0,370.0,317.0,342.0,450.0,428.0,389.0,364.0,345.0,369.0,365.0,352.0,317.0,393.0,300.0,318.0,386.0,337.0,384.0,345.0,245.0,269.0,249.0,223.0,192.0,193.0,168.0,192.0,232.0,224.0,245.0,290.0,205.0,238.0,221.0,206.0,166.0,171.0,186.0,209.0,202.0,260.0,237.0,180.0,221.0,215.0,168.0,201.0,186.0,200.0,209.0,184.0,232.0,200.0,221.0,236.0,195.0,191.0,233.0,224.0,168.0,227.0,184.0,162.0,222.0,222.0,218.0,238.0,217.0,186.0
395011,231,"Racine, WI",msa,WI,150.0,156.0,191.0,228.0,232.0,199.0,184.0,213.0,189.0,113.0,106.0,106.0,86.0,146.0,147.0,192.0,229.0,184.0,205.0,200.0,230.0,216.0,152.0,109.0,115.0,140.0,191.0,190.0,200.0,121.0,126.0,146.0,144.0,126.0,114.0,96.0,99.0,120.0,136.0,174.0,187.0,166.0,176.0,156.0,161.0,132.0,125.0,101.0,118.0,152.0,146.0,177.0,191.0,170.0,203.0,164.0,189.0,166.0,111.0,141.0,105.0,162.0,186.0,237.0,202.0,224.0,223.0,200.0,210.0,281.0,132.0,134.0,126.0,160.0,180.0,206.0,265.0,242.0,197.0,224.0,247.0,149.0,193.0,121.0,149.0,185.0,245.0,236.0,309.0,286.0,279.0,266.0,255.0,196.0,211.0,140.0,163.0,218.0,262.0,266.0,342.0,293.0,312.0,299.0,293.0,253.0,194.0,175.0,159.0,218.0,286.0,313.0,343.0,311.0,307.0,268.0,292.0,239.0,253.0,160.0,157.0,238.0,224.0,294.0,284.0,283.0,299.0,247.0,260.0,230.0,188.0,176.0,154.0,161.0,215.0,306.0,294.0,274.0,300.0,263.0,240.0,210.0,209.0,150.0,138.0,197.0,203.0,218.0,279.0,328.0,252.0,243.0,259.0,203.0,184.0,147.0,150.0,188.0,215.0,228.0,300.0,286.0,268.0,248.0,224.0,222.0,262.0,147.0,157.0,179.0,184.0,215.0,211.0,201.0,206.0,197.0,188.0,219.0,181.0,132.0,147.0,190.0,180.0,250.0,264.0,229.0,235.0,215.0,180.0,195.0,168.0,119.0,169.0,196.0,172.0,221.0,217.0,253.0,257.0,236.0,236.0,202.0,179.0,137.0,149.0,146.0,221.0,245.0,242.0,233.0,258.0,234.0,230.0,220.0,206.0,115.0,168.0,173.0,201.0,219.0,253.0,253.0,264.0
394380,232,"Bend, OR",msa,OR,126.0,186.0,176.0,188.0,215.0,197.0,178.0,220.0,217.0,115.0,138.0,145.0,134.0,191.0,201.0,247.0,301.0,349.0,304.0,337.0,354.0,357.0,328.0,219.0,254.0,321.0,317.0,303.0,356.0,286.0,286.0,368.0,342.0,327.0,316.0,257.0,242.0,358.0,304.0,332.0,314.0,273.0,343.0,319.0,331.0,272.0,325.0,258.0,286.0,315.0,368.0,366.0,375.0,360.0,395.0,362.0,377.0,374.0,395.0,213.0,246.0,357.0,357.0,464.0,466.0,464.0,498.0,445.0,382.0,342.0,283.0,212.0,264.0,294.0,389.0,394.0,468.0,469.0,429.0,452.0,429.0,342.0,307.0,247.0,267.0,360.0,428.0,460.0,561.0,578.0,522.0,511.0,493.0,355.0,470.0,291.0,294.0,397.0,436.0,568.0,592.0,497.0,568.0,496.0,453.0,457.0,385.0,314.0,250.0,317.0,397.0,479.0,591.0,542.0,549.0,498.0,490.0,401.0,328.0,284.0,305.0,379.0,425.0,515.0,523.0,487.0,542.0,430.0,478.0,342.0,301.0,272.0,246.0,312.0,373.0,462.0,506.0,469.0,518.0,451.0,451.0,387.0,385.0,272.0,262.0,377.0,321.0,308.0,507.0,648.0,731.0,751.0,628.0,498.0,471.0,371.0,329.0,472.0,560.0,578.0,662.0,658.0,621.0,586.0,568.0,529.0,466.0,370.0,362.0,555.0,495.0,510.0,452.0,438.0,410.0,358.0,359.0,313.0,207.0,159.0,224.0,266.0,266.0,383.0,401.0,323.0,406.0,312.0,298.0,211.0,180.0,189.0,203.0,259.0,335.0,320.0,321.0,402.0,340.0,322.0,341.0,245.0,250.0,241.0,245.0,276.0,334.0,373.0,390.0,415.0,406.0,439.0,386.0,310.0,313.0,217.0,285.0,341.0,352.0,412.0,482.0,426.0,384.0
395047,233,"Saginaw, MI",msa,MI,104.0,121.0,159.0,159.0,144.0,133.0,168.0,146.0,163.0,141.0,157.0,112.0,120.0,199.0,176.0,176.0,211.0,204.0,185.0,198.0,207.0,166.0,185.0,135.0,132.0,209.0,205.0,202.0,191.0,131.0,170.0,163.0,163.0,132.0,171.0,129.0,147.0,162.0,192.0,156.0,206.0,172.0,215.0,196.0,161.0,162.0,208.0,153.0,168.0,170.0,189.0,191.0,210.0,207.0,234.0,177.0,236.0,206.0,137.0,147.0,148.0,162.0,218.0,236.0,201.0,219.0,232.0,212.0,217.0,192.0,160.0,149.0,155.0,153.0,212.0,238.0,232.0,218.0,192.0,216.0,207.0,155.0,225.0,135.0,150.0,173.0,148.0,217.0,259.0,226.0,249.0,257.0,211.0,139.0,148.0,133.0,125.0,171.0,183.0,211.0,206.0,194.0,215.0,233.0,200.0,226.0,168.0,173.0,165.0,197.0,224.0,258.0,299.0,222.0,257.0,242.0,264.0,200.0,204.0,158.0,143.0,190.0,219.0,275.0,264.0,221.0,275.0,210.0,245.0,207.0,172.0,160.0,155.0,196.0,230.0,276.0,244.0,272.0,259.0,233.0,270.0,215.0,188.0,191.0,164.0,204.0,135.0,125.0,212.0,283.0,303.0,277.0,330.0,256.0,289.0,247.0,243.0,262.0,330.0,318.0,354.0,341.0,325.0,373.0,358.0,344.0,308.0,238.0,213.0,262.0,312.0,304.0,348.0,292.0,311.0,297.0,297.0,237.0,236.0,183.0,187.0,215.0,191.0,290.0,275.0,249.0,257.0,250.0,289.0,160.0,187.0,180.0,138.0,178.0,233.0,227.0,207.0,226.0,254.0,233.0,210.0,215.0,200.0,136.0,154.0,169.0,238.0,215.0,249.0,247.0,230.0,234.0,227.0,196.0,208.0,146.0,142.0,171.0,203.0,221.0,235.0,231.0,222.0
395202,234,"Warner Robins, GA",msa,GA,158.0,146.0,163.0,207.0,201.0,176.0,148.0,156.0,157.0,116.0,112.0,114.0,127.0,168.0,138.0,129.0,168.0,164.0,155.0,118.0,168.0,159.0,112.0,93.0,110.0,149.0,179.0,163.0,170.0,151.0,140.0,142.0,112.0,118.0,141.0,87.0,118.0,133.0,137.0,125.0,132.0,121.0,156.0,130.0,128.0,112.0,128.0,97.0,136.0,145.0,157.0,164.0,167.0,151.0,162.0,149.0,154.0,150.0,145.0,144.0,146.0,175.0,175.0,219.0,201.0,201.0,214.0,195.0,212.0,179.0,163.0,141.0,178.0,174.0,178.0,199.0,206.0,220.0,226.0,220.0,218.0,152.0,237.0,148.0,214.0,220.0,211.0,224.0,242.0,270.0,245.0,233.0,223.0,159.0,231.0,171.0,203.0,231.0,217.0,274.0,318.0,287.0,290.0,281.0,228.0,229.0,247.0,210.0,210.0,276.0,312.0,304.0,291.0,309.0,306.0,227.0,215.0,224.0,207.0,171.0,196.0,251.0,240.0,305.0,318.0,339.0,302.0,264.0,256.0,231.0,217.0,187.0,220.0,252.0,274.0,331.0,298.0,317.0,283.0,263.0,240.0,222.0,265.0,168.0,222.0,250.0,245.0,239.0,300.0,308.0,308.0,322.0,350.0,294.0,304.0,249.0,217.0,315.0,366.0,339.0,391.0,382.0,404.0,330.0,354.0,346.0,366.0,287.0,250.0,347.0,328.0,330.0,355.0,328.0,339.0,293.0,284.0,244.0,253.0,150.0,190.0,229.0,200.0,244.0,254.0,193.0,215.0,231.0,189.0,168.0,197.0,170.0,216.0,226.0,239.0,243.0,224.0,214.0,228.0,199.0,189.0,184.0,177.0,159.0,159.0,176.0,234.0,250.0,215.0,243.0,207.0,205.0,204.0,149.0,181.0,155.0,178.0,220.0,220.0,213.0,252.0,233.0,201.0
395151,235,"Terre Haute, IN",msa,IN,82.0,104.0,141.0,164.0,128.0,138.0,138.0,155.0,130.0,91.0,100.0,61.0,98.0,122.0,106.0,133.0,143.0,143.0,126.0,132.0,133.0,103.0,116.0,74.0,74.0,129.0,149.0,134.0,154.0,102.0,133.0,125.0,106.0,89.0,133.0,73.0,68.0,106.0,125.0,127.0,146.0,150.0,140.0,123.0,127.0,103.0,110.0,61.0,103.0,117.0,116.0,149.0,149.0,126.0,163.0,104.0,142.0,127.0,106.0,94.0,109.0,117.0,142.0,147.0,167.0,141.0,156.0,149.0,151.0,126.0,123.0,100.0,89.0,116.0,132.0,161.0,149.0,145.0,148.0,131.0,144.0,98.0,106.0,90.0,75.0,131.0,132.0,163.0,169.0,176.0,189.0,154.0,153.0,104.0,121.0,83.0,120.0,133.0,161.0,182.0,173.0,128.0,190.0,163.0,139.0,129.0,128.0,111.0,110.0,153.0,141.0,179.0,192.0,169.0,210.0,151.0,153.0,136.0,129.0,78.0,88.0,162.0,149.0,195.0,200.0,163.0,198.0,109.0,147.0,129.0,112.0,80.0,110.0,141.0,166.0,203.0,150.0,180.0,180.0,130.0,154.0,136.0,123.0,106.0,109.0,142.0,124.0,158.0,211.0,192.0,214.0,216.0,187.0,188.0,156.0,121.0,129.0,163.0,198.0,213.0,231.0,220.0,252.0,210.0,209.0,240.0,219.0,153.0,131.0,172.0,216.0,187.0,255.0,251.0,210.0,262.0,207.0,169.0,156.0,112.0,138.0,170.0,181.0,200.0,194.0,165.0,198.0,175.0,166.0,157.0,136.0,105.0,122.0,159.0,171.0,171.0,167.0,183.0,182.0,174.0,187.0,148.0,166.0,120.0,141.0,156.0,175.0,205.0,181.0,199.0,217.0,183.0,182.0,152.0,156.0,118.0,130.0,150.0,154.0,218.0,199.0,210.0,196.0
395162,236,"Torrington, CT",msa,CT,115.0,163.0,173.0,207.0,197.0,211.0,190.0,196.0,190.0,151.0,152.0,107.0,105.0,124.0,135.0,163.0,210.0,206.0,197.0,194.0,216.0,201.0,200.0,114.0,117.0,196.0,175.0,194.0,274.0,172.0,182.0,173.0,163.0,156.0,188.0,117.0,110.0,145.0,153.0,188.0,241.0,175.0,210.0,178.0,176.0,145.0,171.0,122.0,138.0,178.0,175.0,205.0,213.0,257.0,267.0,208.0,235.0,180.0,225.0,161.0,142.0,169.0,200.0,257.0,246.0,291.0,275.0,232.0,228.0,233.0,226.0,182.0,118.0,191.0,180.0,233.0,265.0,295.0,262.0,294.0,286.0,184.0,257.0,179.0,167.0,221.0,223.0,264.0,299.0,343.0,310.0,323.0,293.0,242.0,280.0,187.0,194.0,219.0,267.0,285.0,371.0,340.0,376.0,298.0,280.0,267.0,310.0,212.0,178.0,268.0,248.0,339.0,341.0,269.0,330.0,258.0,253.0,246.0,200.0,198.0,170.0,204.0,226.0,276.0,314.0,307.0,313.0,230.0,272.0,262.0,222.0,164.0,138.0,183.0,232.0,237.0,280.0,288.0,303.0,257.0,266.0,236.0,251.0,197.0,159.0,197.0,216.0,230.0,289.0,402.0,396.0,457.0,474.0,373.0,436.0,305.0,220.0,304.0,288.0,313.0,354.0,374.0,336.0,348.0,291.0,283.0,293.0,231.0,181.0,250.0,248.0,248.0,305.0,308.0,304.0,291.0,244.0,219.0,193.0,165.0,141.0,186.0,136.0,183.0,246.0,207.0,244.0,218.0,205.0,187.0,173.0,126.0,124.0,162.0,158.0,176.0,213.0,206.0,246.0,217.0,213.0,203.0,203.0,153.0,127.0,164.0,159.0,213.0,221.0,228.0,253.0,197.0,216.0,165.0,236.0,158.0,118.0,135.0,164.0,212.0,239.0,273.0,250.0
395009,237,"Punta Gorda, FL",msa,FL,232.0,293.0,294.0,333.0,287.0,239.0,221.0,192.0,270.0,206.0,283.0,227.0,272.0,381.0,377.0,424.0,350.0,380.0,348.0,332.0,354.0,376.0,441.0,345.0,360.0,495.0,489.0,462.0,449.0,355.0,361.0,339.0,331.0,320.0,415.0,370.0,447.0,584.0,544.0,496.0,480.0,382.0,395.0,340.0,356.0,349.0,407.0,407.0,457.0,583.0,605.0,536.0,498.0,472.0,429.0,400.0,446.0,430.0,444.0,435.0,466.0,569.0,668.0,655.0,586.0,564.0,499.0,466.0,489.0,421.0,500.0,428.0,508.0,596.0,759.0,702.0,598.0,563.0,508.0,552.0,560.0,438.0,594.0,467.0,568.0,771.0,813.0,686.0,662.0,630.0,550.0,599.0,558.0,452.0,588.0,447.0,493.0,616.0,686.0,661.0,665.0,540.0,572.0,546.0,516.0,475.0,531.0,455.0,503.0,701.0,643.0,689.0,689.0,599.0,551.0,453.0,486.0,458.0,559.0,447.0,531.0,727.0,724.0,779.0,670.0,573.0,555.0,440.0,496.0,450.0,501.0,366.0,471.0,582.0,718.0,713.0,564.0,520.0,541.0,455.0,470.0,448.0,542.0,426.0,482.0,651.0,476.0,373.0,472.0,707.0,702.0,700.0,649.0,665.0,779.0,596.0,630.0,1021.0,1051.0,899.0,912.0,843.0,732.0,707.0,650.0,733.0,790.0,652.0,657.0,909.0,936.0,860.0,821.0,634.0,600.0,435.0,289.0,320.0,383.0,350.0,366.0,590.0,592.0,594.0,584.0,480.0,533.0,525.0,458.0,406.0,410.0,303.0,487.0,576.0,628.0,600.0,476.0,491.0,448.0,369.0,352.0,324.0,402.0,378.0,408.0,545.0,643.0,559.0,505.0,474.0,445.0,480.0,505.0,375.0,495.0,428.0,525.0,731.0,720.0,652.0,655.0,609.0,508.0
394386,239,"Billings, MT",msa,MT,,,,,,,,,,,,,,,,,,,,,,,,,,,,,,,,,,,,,,,,,,,135.0,157.0,129.0,125.0,125.0,66.0,107.0,124.0,140.0,165.0,202.0,181.0,197.0,162.0,179.0,176.0,108.0,120.0,126.0,147.0,153.0,182.0,225.0,206.0,205.0,163.0,182.0,155.0,139.0,114.0,126.0,123.0,135.0,183.0,252.0,205.0,221.0,203.0,216.0,146.0,181.0,114.0,112.0,172.0,181.0,195.0,234.0,249.0,219.0,203.0,205.0,134.0,163.0,122.0,108.0,162.0,190.0,214.0,247.0,197.0,212.0,185.0,196.0,209.0,179.0,102.0,93.0,164.0,161.0,207.0,275.0,180.0,215.0,208.0,214.0,177.0,147.0,133.0,132.0,196.0,157.0,187.0,237.0,251.0,260.0,203.0,243.0,182.0,158.0,134.0,118.0,178.0,172.0,274.0,277.0,267.0,265.0,201.0,253.0,199.0,179.0,149.0,142.0,181.0,163.0,203.0,293.0,336.0,308.0,289.0,294.0,236.0,196.0,145.0,125.0,233.0,214.0,235.0,312.0,331.0,317.0,288.0,267.0,265.0,264.0,174.0,169.0,188.0,200.0,246.0,262.0,235.0,240.0,270.0,211.0,185.0,153.0,110.0,135.0,187.0,160.0,208.0,251.0,211.0,217.0,194.0,151.0,152.0,132.0,111.0,119.0,148.0,168.0,193.0,205.0,205.0,216.0,175.0,201.0,160.0,163.0,125.0,136.0,139.0,210.0,213.0,253.0,260.0,218.0,248.0,225.0,172.0,182.0,125.0,138.0,184.0,212.0,215.0,277.0,248.0,245.0
395018,240,"Redding, CA",msa,CA,92.0,128.0,151.0,139.0,134.0,145.0,148.0,146.0,154.0,99.0,137.0,98.0,93.0,125.0,118.0,150.0,168.0,176.0,143.0,159.0,175.0,155.0,155.0,104.0,101.0,159.0,162.0,161.0,164.0,156.0,144.0,166.0,148.0,131.0,176.0,119.0,121.0,178.0,190.0,212.0,238.0,204.0,225.0,185.0,175.0,166.0,197.0,162.0,177.0,220.0,195.0,218.0,232.0,211.0,208.0,183.0,192.0,179.0,178.0,145.0,180.0,206.0,202.0,260.0,199.0,202.0,233.0,180.0,187.0,161.0,182.0,154.0,134.0,179.0,191.0,201.0,209.0,209.0,194.0,198.0,217.0,137.0,194.0,135.0,122.0,228.0,247.0,230.0,233.0,283.0,237.0,232.0,240.0,167.0,226.0,148.0,192.0,266.0,287.0,274.0,295.0,261.0,272.0,255.0,243.0,235.0,272.0,189.0,180.0,251.0,256.0,290.0,309.0,260.0,304.0,270.0,264.0,241.0,234.0,218.0,210.0,271.0,268.0,307.0,287.0,267.0,324.0,276.0,310.0,246.0,242.0,209.0,207.0,264.0,257.0,295.0,277.0,265.0,305.0,257.0,254.0,231.0,228.0,225.0,165.0,223.0,200.0,194.0,304.0,365.0,334.0,307.0,320.0,250.0,338.0,220.0,255.0,312.0,318.0,316.0,376.0,309.0,323.0,293.0,285.0,279.0,274.0,222.0,226.0,309.0,287.0,295.0,277.0,225.0,261.0,219.0,199.0,161.0,154.0,138.0,125.0,176.0,160.0,227.0,213.0,199.0,210.0,183.0,152.0,147.0,151.0,143.0,119.0,158.0,182.0,201.0,197.0,211.0,179.0,157.0,172.0,143.0,183.0,121.0,143.0,167.0,158.0,221.0,185.0,207.0,189.0,182.0,202.0,146.0,171.0,149.0,135.0,171.0,201.0,207.0,255.0,200.0,207.0
394748,241,"Kingston, NY",msa,NY,103.0,81.0,95.0,116.0,131.0,163.0,146.0,125.0,135.0,82.0,107.0,62.0,49.0,81.0,94.0,86.0,127.0,149.0,147.0,156.0,142.0,165.0,140.0,85.0,70.0,96.0,109.0,141.0,176.0,127.0,108.0,117.0,107.0,106.0,106.0,73.0,71.0,93.0,87.0,89.0,103.0,121.0,123.0,103.0,94.0,91.0,97.0,86.0,87.0,102.0,97.0,144.0,138.0,101.0,139.0,90.0,119.0,112.0,119.0,96.0,92.0,107.0,119.0,132.0,72.0,80.0,83.0,71.0,81.0,77.0,91.0,85.0,89.0,91.0,91.0,118.0,142.0,184.0,182.0,157.0,192.0,149.0,185.0,117.0,102.0,125.0,139.0,148.0,171.0,211.0,189.0,198.0,179.0,174.0,222.0,150.0,155.0,169.0,165.0,150.0,236.0,230.0,220.0,195.0,232.0,217.0,232.0,175.0,163.0,187.0,165.0,194.0,244.0,229.0,255.0,217.0,241.0,196.0,231.0,179.0,142.0,148.0,135.0,200.0,225.0,218.0,232.0,207.0,234.0,221.0,183.0,138.0,127.0,148.0,175.0,191.0,208.0,259.0,264.0,213.0,211.0,231.0,232.0,171.0,184.0,186.0,147.0,139.0,136.0,236.0,262.0,307.0,334.0,287.0,338.0,281.0,262.0,249.0,252.0,240.0,264.0,239.0,265.0,218.0,205.0,224.0,296.0,214.0,205.0,222.0,192.0,187.0,206.0,235.0,217.0,213.0,213.0,204.0,179.0,123.0,127.0,142.0,116.0,148.0,195.0,201.0,216.0,166.0,167.0,165.0,181.0,119.0,130.0,143.0,146.0,145.0,166.0,179.0,176.0,168.0,152.0,166.0,189.0,163.0,148.0,150.0,142.0,144.0,170.0,194.0,205.0,217.0,188.0,186.0,209.0,165.0,125.0,152.0,133.0,129.0,175.0,189.0,200.0
394960,242,"Panama City, FL",msa,FL,250.0,281.0,242.0,273.0,252.0,277.0,238.0,197.0,215.0,160.0,180.0,133.0,183.0,221.0,230.0,242.0,281.0,284.0,268.0,262.0,273.0,253.0,260.0,182.0,182.0,263.0,326.0,273.0,283.0,205.0,231.0,294.0,246.0,240.0,304.0,237.0,250.0,338.0,345.0,366.0,304.0,276.0,351.0,341.0,289.0,262.0,287.0,239.0,252.0,364.0,350.0,386.0,412.0,352.0,405.0,352.0,350.0,300.0,350.0,290.0,340.0,376.0,453.0,478.0,456.0,435.0,507.0,404.0,432.0,340.0,396.0,325.0,352.0,438.0,415.0,489.0,457.0,484.0,507.0,458.0,481.0,342.0,426.0,337.0,350.0,483.0,514.0,495.0,561.0,497.0,479.0,456.0,466.0,403.0,444.0,333.0,385.0,475.0,471.0,533.0,571.0,479.0,486.0,429.0,471.0,426.0,444.0,370.0,448.0,573.0,524.0,586.0,656.0,579.0,626.0,514.0,462.0,467.0,447.0,439.0,464.0,625.0,600.0,609.0,617.0,590.0,626.0,486.0,241.0,273.0,380.0,452.0,485.0,638.0,651.0,679.0,610.0,643.0,670.0,617.0,579.0,497.0,486.0,485.0,490.0,542.0,371.0,397.0,687.0,743.0,730.0,696.0,722.0,673.0,796.0,582.0,614.0,966.0,931.0,865.0,924.0,800.0,729.0,655.0,682.0,769.0,742.0,648.0,702.0,885.0,798.0,797.0,757.0,547.0,674.0,566.0,509.0,421.0,415.0,333.0,390.0,585.0,491.0,563.0,532.0,415.0,463.0,384.0,378.0,288.0,303.0,286.0,330.0,365.0,365.0,389.0,393.0,393.0,359.0,277.0,350.0,285.0,309.0,275.0,271.0,378.0,369.0,394.0,389.0,374.0,399.0,362.0,380.0,309.0,389.0,274.0,337.0,443.0,368.0,426.0,453.0,486.0,412.0
394729,243,"Joplin, MO",msa,MO,162.0,153.0,201.0,169.0,200.0,207.0,194.0,187.0,151.0,114.0,109.0,90.0,109.0,136.0,143.0,146.0,167.0,213.0,162.0,181.0,192.0,160.0,137.0,103.0,101.0,174.0,213.0,190.0,178.0,167.0,172.0,160.0,150.0,121.0,127.0,113.0,105.0,150.0,149.0,162.0,,,333.0,233.0,181.0,173.0,191.0,113.0,124.0,179.0,191.0,215.0,210.0,214.0,219.0,171.0,177.0,134.0,156.0,150.0,142.0,177.0,184.0,199.0,211.0,224.0,252.0,242.0,169.0,177.0,181.0,131.0,172.0,166.0,206.0,196.0,216.0,241.0,256.0,234.0,205.0,149.0,212.0,149.0,152.0,189.0,189.0,207.0,240.0,187.0,193.0,179.0,159.0,134.0,159.0,125.0,141.0,160.0,213.0,222.0,209.0,217.0,226.0,207.0,203.0,186.0,186.0,174.0,131.0,199.0,227.0,280.0,248.0,203.0,236.0,239.0,213.0,225.0,214.0,115.0,149.0,159.0,189.0,232.0,221.0,254.0,255.0,212.0,233.0,167.0,143.0,143.0,133.0,186.0,211.0,241.0,227.0,224.0,238.0,185.0,198.0,165.0,158.0,141.0,152.0,144.0,172.0,192.0,243.0,289.0,214.0,190.0,204.0,140.0,172.0,150.0,131.0,174.0,212.0,221.0,271.0,237.0,285.0,222.0,265.0,206.0,252.0,171.0,151.0,207.0,199.0,204.0,257.0,212.0,232.0,251.0,179.0,160.0,135.0,123.0,132.0,188.0,158.0,215.0,208.0,186.0,208.0,206.0,197.0,158.0,148.0,138.0,146.0,195.0,185.0,216.0,215.0,211.0,233.0,195.0,193.0,176.0,163.0,158.0,141.0,140.0,176.0,193.0,221.0,226.0,217.0,185.0,170.0,160.0,203.0,146.0,143.0,211.0,189.0,208.0,232.0,266.0,206.0
394539,244,"Dover, DE",msa,DE,96.0,109.0,116.0,122.0,147.0,125.0,119.0,153.0,110.0,70.0,112.0,60.0,66.0,85.0,103.0,110.0,123.0,144.0,100.0,144.0,146.0,136.0,105.0,82.0,77.0,114.0,113.0,126.0,150.0,99.0,107.0,83.0,88.0,96.0,109.0,56.0,75.0,93.0,103.0,117.0,113.0,124.0,125.0,109.0,116.0,113.0,171.0,91.0,90.0,123.0,130.0,134.0,151.0,142.0,153.0,125.0,116.0,128.0,134.0,123.0,109.0,119.0,132.0,153.0,137.0,178.0,166.0,134.0,161.0,130.0,146.0,111.0,89.0,115.0,147.0,147.0,159.0,165.0,188.0,173.0,177.0,143.0,184.0,139.0,106.0,116.0,179.0,175.0,199.0,195.0,197.0,220.0,209.0,149.0,187.0,127.0,126.0,160.0,155.0,203.0,200.0,188.0,204.0,193.0,210.0,207.0,231.0,157.0,184.0,202.0,186.0,214.0,271.0,258.0,234.0,217.0,238.0,208.0,207.0,144.0,163.0,208.0,197.0,212.0,233.0,252.0,254.0,211.0,241.0,217.0,195.0,123.0,163.0,207.0,205.0,206.0,250.0,239.0,223.0,226.0,227.0,190.0,202.0,170.0,173.0,193.0,178.0,187.0,246.0,254.0,266.0,297.0,267.0,252.0,303.0,228.0,185.0,224.0,289.0,273.0,329.0,335.0,331.0,330.0,337.0,317.0,326.0,204.0,205.0,273.0,225.0,239.0,266.0,279.0,270.0,232.0,239.0,170.0,164.0,161.0,141.0,184.0,171.0,199.0,232.0,151.0,260.0,193.0,181.0,151.0,150.0,132.0,140.0,152.0,190.0,215.0,194.0,204.0,187.0,175.0,180.0,175.0,168.0,147.0,133.0,174.0,162.0,195.0,213.0,185.0,217.0,186.0,189.0,176.0,168.0,127.0,124.0,176.0,180.0,195.0,203.0,203.0,202.0
394712,246,"Jackson, TN",msa,TN,138.0,175.0,183.0,175.0,187.0,202.0,175.0,191.0,164.0,119.0,126.0,118.0,106.0,126.0,154.0,151.0,170.0,166.0,144.0,157.0,188.0,140.0,158.0,112.0,104.0,129.0,192.0,169.0,146.0,122.0,117.0,129.0,102.0,118.0,118.0,99.0,118.0,121.0,143.0,126.0,144.0,128.0,156.0,139.0,124.0,143.0,154.0,99.0,111.0,141.0,170.0,178.0,156.0,155.0,139.0,158.0,129.0,144.0,149.0,141.0,115.0,131.0,157.0,173.0,157.0,159.0,194.0,171.0,162.0,163.0,148.0,117.0,125.0,132.0,174.0,199.0,176.0,167.0,165.0,123.0,182.0,131.0,172.0,126.0,104.0,154.0,159.0,163.0,183.0,213.0,194.0,199.0,165.0,161.0,177.0,128.0,157.0,171.0,187.0,199.0,211.0,210.0,227.0,172.0,179.0,167.0,165.0,115.0,116.0,188.0,193.0,229.0,201.0,162.0,185.0,191.0,170.0,162.0,175.0,96.0,139.0,162.0,176.0,207.0,204.0,199.0,189.0,168.0,196.0,184.0,153.0,127.0,145.0,180.0,206.0,212.0,215.0,219.0,228.0,193.0,207.0,203.0,157.0,161.0,143.0,160.0,145.0,166.0,232.0,239.0,256.0,235.0,226.0,214.0,188.0,173.0,191.0,263.0,341.0,348.0,377.0,366.0,371.0,354.0,320.0,324.0,319.0,250.0,257.0,326.0,328.0,355.0,343.0,316.0,344.0,356.0,278.0,238.0,237.0,201.0,241.0,305.0,259.0,337.0,289.0,275.0,294.0,252.0,252.0,223.0,203.0,170.0,155.0,218.0,247.0,319.0,219.0,279.0,260.0,207.0,285.0,216.0,215.0,176.0,211.0,229.0,212.0,288.0,284.0,293.0,284.0,267.0,255.0,201.0,233.0,158.0,222.0,193.0,227.0,284.0,254.0,245.0,250.0
395246,247,"Yuba City, CA",msa,CA,119.0,121.0,146.0,170.0,204.0,203.0,204.0,231.0,255.0,190.0,205.0,179.0,180.0,186.0,193.0,178.0,242.0,200.0,185.0,204.0,208.0,159.0,217.0,168.0,178.0,216.0,213.0,195.0,194.0,140.0,173.0,167.0,177.0,159.0,199.0,155.0,148.0,197.0,180.0,189.0,196.0,187.0,191.0,184.0,197.0,192.0,206.0,154.0,169.0,220.0,199.0,221.0,221.0,181.0,207.0,184.0,188.0,172.0,181.0,154.0,184.0,193.0,207.0,210.0,197.0,181.0,193.0,203.0,174.0,154.0,153.0,140.0,130.0,151.0,205.0,213.0,202.0,188.0,187.0,185.0,211.0,153.0,161.0,147.0,167.0,193.0,191.0,189.0,230.0,223.0,229.0,180.0,197.0,152.0,178.0,142.0,158.0,197.0,225.0,210.0,257.0,213.0,246.0,202.0,212.0,185.0,164.0,148.0,148.0,195.0,183.0,233.0,260.0,199.0,217.0,220.0,234.0,171.0,181.0,181.0,163.0,214.0,202.0,240.0,224.0,223.0,238.0,169.0,200.0,176.0,204.0,178.0,157.0,183.0,196.0,229.0,211.0,229.0,201.0,176.0,208.0,179.0,169.0,169.0,161.0,191.0,165.0,131.0,228.0,218.0,214.0,210.0,203.0,180.0,212.0,141.0,156.0,216.0,222.0,237.0,260.0,230.0,280.0,249.0,243.0,217.0,215.0,167.0,205.0,243.0,234.0,241.0,181.0,187.0,201.0,139.0,154.0,127.0,136.0,107.0,112.0,163.0,139.0,170.0,148.0,139.0,148.0,131.0,118.0,107.0,108.0,103.0,110.0,125.0,134.0,158.0,137.0,140.0,155.0,134.0,132.0,116.0,110.0,109.0,122.0,109.0,154.0,137.0,139.0,135.0,131.0,138.0,133.0,117.0,117.0,89.0,112.0,133.0,136.0,153.0,183.0,131.0,155.0
395119,249,"St. George, UT",msa,UT,123.0,148.0,121.0,167.0,127.0,114.0,128.0,122.0,118.0,96.0,103.0,78.0,120.0,135.0,164.0,197.0,174.0,199.0,163.0,171.0,190.0,170.0,173.0,143.0,182.0,255.0,258.0,218.0,218.0,178.0,180.0,168.0,172.0,172.0,190.0,157.0,174.0,223.0,226.0,239.0,283.0,182.0,213.0,242.0,196.0,190.0,206.0,139.0,187.0,199.0,183.0,235.0,207.0,212.0,200.0,160.0,191.0,203.0,185.0,145.0,185.0,237.0,243.0,316.0,247.0,230.0,228.0,223.0,187.0,194.0,189.0,178.0,193.0,214.0,232.0,276.0,237.0,207.0,188.0,227.0,248.0,184.0,226.0,186.0,211.0,262.0,276.0,280.0,320.0,290.0,251.0,252.0,213.0,198.0,216.0,202.0,204.0,307.0,302.0,356.0,364.0,290.0,338.0,251.0,263.0,274.0,284.0,241.0,255.0,381.0,315.0,384.0,327.0,332.0,322.0,286.0,296.0,306.0,284.0,268.0,263.0,336.0,347.0,410.0,376.0,340.0,294.0,224.0,290.0,267.0,253.0,227.0,254.0,305.0,386.0,417.0,359.0,372.0,407.0,303.0,286.0,297.0,278.0,239.0,283.0,393.0,289.0,326.0,424.0,482.0,400.0,450.0,477.0,413.0,348.0,308.0,361.0,483.0,476.0,370.0,464.0,383.0,366.0,354.0,334.0,385.0,377.0,317.0,338.0,459.0,421.0,369.0,326.0,255.0,298.0,259.0,220.0,210.0,203.0,211.0,226.0,335.0,288.0,357.0,339.0,239.0,262.0,267.0,261.0,225.0,204.0,232.0,234.0,351.0,333.0,389.0,290.0,290.0,247.0,216.0,284.0,237.0,248.0,236.0,279.0,349.0,343.0,348.0,320.0,312.0,309.0,250.0,295.0,238.0,343.0,276.0,318.0,369.0,377.0,342.0,344.0,354.0,296.0
394896,250,"Muskegon, MI",msa,MI,147.0,156.0,203.0,197.0,206.0,193.0,201.0,196.0,207.0,142.0,144.0,133.0,141.0,191.0,181.0,170.0,182.0,214.0,190.0,180.0,214.0,181.0,175.0,140.0,155.0,172.0,231.0,212.0,205.0,181.0,147.0,162.0,149.0,133.0,137.0,148.0,122.0,202.0,181.0,159.0,190.0,190.0,207.0,189.0,166.0,148.0,154.0,114.0,135.0,211.0,196.0,232.0,216.0,207.0,229.0,189.0,208.0,185.0,155.0,155.0,144.0,173.0,197.0,233.0,242.0,286.0,252.0,236.0,226.0,196.0,184.0,141.0,140.0,171.0,211.0,233.0,248.0,228.0,251.0,227.0,273.0,187.0,174.0,151.0,188.0,210.0,186.0,252.0,283.0,284.0,250.0,316.0,298.0,229.0,207.0,178.0,183.0,226.0,216.0,262.0,306.0,276.0,365.0,283.0,297.0,250.0,212.0,201.0,153.0,263.0,229.0,314.0,301.0,284.0,326.0,321.0,325.0,252.0,219.0,163.0,149.0,263.0,230.0,271.0,265.0,279.0,314.0,264.0,284.0,233.0,224.0,171.0,154.0,216.0,237.0,299.0,243.0,266.0,276.0,262.0,279.0,240.0,201.0,193.0,175.0,203.0,167.0,159.0,274.0,351.0,296.0,334.0,294.0,276.0,274.0,204.0,209.0,253.0,285.0,282.0,323.0,366.0,323.0,326.0,322.0,274.0,269.0,233.0,170.0,223.0,239.0,290.0,286.0,280.0,287.0,327.0,210.0,193.0,222.0,168.0,192.0,217.0,183.0,260.0,276.0,201.0,245.0,231.0,221.0,204.0,209.0,152.0,184.0,216.0,218.0,259.0,223.0,242.0,257.0,205.0,251.0,190.0,200.0,160.0,172.0,194.0,215.0,272.0,255.0,255.0,289.0,245.0,252.0,190.0,191.0,148.0,148.0,196.0,254.0,215.0,301.0,289.0,257.0
394299,251,"Abilene, TX",msa,TX,114.0,150.0,168.0,183.0,181.0,167.0,137.0,140.0,115.0,90.0,116.0,71.0,96.0,122.0,137.0,133.0,174.0,144.0,142.0,115.0,138.0,125.0,117.0,64.0,82.0,126.0,150.0,175.0,146.0,148.0,128.0,108.0,97.0,102.0,101.0,65.0,81.0,119.0,119.0,134.0,143.0,138.0,131.0,105.0,107.0,90.0,97.0,78.0,118.0,138.0,137.0,164.0,149.0,153.0,175.0,122.0,169.0,98.0,117.0,87.0,122.0,126.0,172.0,172.0,168.0,177.0,187.0,167.0,117.0,113.0,123.0,89.0,98.0,124.0,158.0,170.0,207.0,205.0,165.0,166.0,142.0,111.0,147.0,114.0,116.0,155.0,168.0,157.0,213.0,198.0,189.0,181.0,172.0,125.0,164.0,110.0,132.0,181.0,191.0,204.0,220.0,174.0,205.0,185.0,163.0,138.0,184.0,125.0,139.0,204.0,212.0,221.0,242.0,223.0,217.0,193.0,173.0,176.0,142.0,121.0,121.0,194.0,215.0,239.0,247.0,243.0,239.0,182.0,158.0,143.0,138.0,112.0,150.0,187.0,183.0,234.0,208.0,242.0,213.0,180.0,169.0,165.0,128.0,116.0,144.0,177.0,202.0,185.0,267.0,281.0,258.0,244.0,195.0,217.0,223.0,135.0,145.0,178.0,224.0,262.0,301.0,270.0,262.0,239.0,214.0,205.0,223.0,169.0,159.0,222.0,222.0,262.0,245.0,226.0,224.0,221.0,152.0,161.0,140.0,115.0,137.0,195.0,169.0,209.0,214.0,181.0,211.0,167.0,163.0,134.0,127.0,96.0,125.0,166.0,189.0,196.0,193.0,183.0,164.0,146.0,159.0,165.0,150.0,129.0,161.0,175.0,192.0,230.0,215.0,211.0,222.0,216.0,204.0,180.0,191.0,178.0,181.0,206.0,204.0,223.0,244.0,213.0,179.0
394707,252,"Iowa City, IA",msa,IA,65.0,101.0,103.0,186.0,254.0,190.0,140.0,129.0,122.0,60.0,80.0,60.0,52.0,94.0,117.0,156.0,235.0,248.0,149.0,92.0,98.0,142.0,107.0,46.0,70.0,123.0,189.0,224.0,387.0,169.0,143.0,99.0,86.0,79.0,94.0,60.0,63.0,86.0,127.0,173.0,276.0,283.0,183.0,138.0,134.0,116.0,129.0,90.0,85.0,119.0,140.0,236.0,390.0,325.0,227.0,153.0,149.0,163.0,148.0,94.0,100.0,147.0,179.0,296.0,406.0,403.0,300.0,172.0,188.0,154.0,161.0,102.0,93.0,118.0,177.0,289.0,415.0,363.0,258.0,174.0,187.0,179.0,162.0,110.0,127.0,165.0,176.0,238.0,443.0,458.0,248.0,193.0,141.0,151.0,164.0,126.0,125.0,165.0,197.0,299.0,478.0,381.0,256.0,200.0,162.0,131.0,165.0,89.0,104.0,180.0,206.0,316.0,468.0,357.0,239.0,159.0,158.0,211.0,184.0,128.0,109.0,174.0,168.0,293.0,436.0,376.0,296.0,177.0,190.0,176.0,134.0,96.0,124.0,156.0,184.0,286.0,414.0,362.0,282.0,211.0,223.0,140.0,161.0,121.0,122.0,159.0,206.0,249.0,350.0,384.0,219.0,197.0,206.0,172.0,180.0,132.0,115.0,164.0,221.0,276.0,406.0,352.0,290.0,213.0,221.0,195.0,248.0,148.0,120.0,192.0,232.0,302.0,381.0,304.0,322.0,200.0,182.0,159.0,123.0,84.0,90.0,128.0,170.0,236.0,294.0,262.0,194.0,169.0,172.0,123.0,127.0,91.0,70.0,108.0,143.0,210.0,283.0,218.0,187.0,132.0,144.0,132.0,132.0,106.0,95.0,148.0,150.0,264.0,332.0,243.0,223.0,136.0,188.0,153.0,154.0,97.0,107.0,150.0,187.0,250.0,327.0,292.0,206.0
394351,253,"Auburn, AL",msa,AL,,,,,,,,,,,,,,,,,,,,,,,,,,,,,,,,,,,,,,,,,,,,,,,,,,,,,,,,,,,,,,,,,,,,,,,,,,,,,,,,,,,,,,122.0,134.0,205.0,184.0,187.0,144.0,128.0,111.0,104.0,109.0,99.0,130.0,148.0,158.0,223.0,210.0,207.0,164.0,164.0,133.0,122.0,132.0,119.0,118.0,185.0,170.0,239.0,220.0,222.0,196.0,128.0,144.0,137.0,144.0,114.0,153.0,199.0,202.0,283.0,261.0,211.0,214.0,171.0,131.0,123.0,129.0,131.0,152.0,214.0,186.0,270.0,235.0,218.0,198.0,175.0,152.0,139.0,172.0,133.0,171.0,207.0,175.0,182.0,254.0,265.0,226.0,200.0,193.0,181.0,168.0,144.0,142.0,233.0,258.0,269.0,313.0,277.0,238.0,253.0,180.0,206.0,242.0,175.0,202.0,255.0,256.0,296.0,319.0,263.0,254.0,151.0,165.0,164.0,157.0,100.0,113.0,160.0,145.0,247.0,227.0,191.0,199.0,157.0,157.0,128.0,107.0,114.0,127.0,182.0,164.0,206.0,216.0,213.0,216.0,153.0,162.0,135.0,157.0,142.0,150.0,176.0,193.0,230.0,220.0,214.0,212.0,173.0,193.0,140.0,171.0,124.0,155.0,217.0,187.0,246.0,260.0,192.0,189.0
394860,254,"Midland, TX",msa,TX,134.0,150.0,169.0,159.0,147.0,181.0,175.0,137.0,127.0,75.0,89.0,62.0,95.0,101.0,115.0,131.0,152.0,159.0,142.0,128.0,119.0,103.0,86.0,81.0,89.0,156.0,153.0,138.0,171.0,144.0,129.0,116.0,111.0,96.0,123.0,89.0,109.0,138.0,130.0,175.0,161.0,153.0,195.0,152.0,120.0,127.0,139.0,89.0,154.0,165.0,151.0,204.0,174.0,175.0,198.0,176.0,188.0,155.0,171.0,120.0,123.0,167.0,173.0,154.0,189.0,211.0,193.0,177.0,184.0,142.0,150.0,132.0,138.0,169.0,183.0,177.0,237.0,232.0,213.0,208.0,210.0,165.0,170.0,109.0,90.0,153.0,171.0,220.0,227.0,218.0,197.0,192.0,118.0,121.0,148.0,86.0,108.0,156.0,151.0,168.0,242.0,182.0,198.0,175.0,137.0,157.0,165.0,183.0,159.0,258.0,233.0,238.0,261.0,248.0,228.0,201.0,247.0,190.0,204.0,172.0,202.0,243.0,243.0,249.0,282.0,256.0,282.0,253.0,259.0,223.0,175.0,181.0,182.0,237.0,269.0,250.0,261.0,265.0,249.0,208.0,234.0,161.0,223.0,147.0,176.0,228.0,143.0,120.0,209.0,259.0,232.0,219.0,213.0,151.0,226.0,140.0,144.0,225.0,274.0,254.0,306.0,277.0,255.0,240.0,218.0,212.0,207.0,151.0,223.0,291.0,256.0,258.0,288.0,222.0,241.0,223.0,147.0,149.0,146.0,127.0,163.0,226.0,183.0,222.0,232.0,205.0,231.0,168.0,163.0,135.0,128.0,131.0,156.0,193.0,175.0,183.0,182.0,219.0,193.0,177.0,187.0,172.0,194.0,130.0,145.0,201.0,175.0,216.0,236.0,205.0,217.0,190.0,206.0,180.0,165.0,139.0,167.0,208.0,235.0,224.0,213.0,234.0,222.0
753869,255,"Bloomington, IL",msa,IL,152.0,182.0,238.0,309.0,280.0,269.0,297.0,232.0,238.0,145.0,140.0,100.0,117.0,171.0,166.0,254.0,307.0,303.0,268.0,266.0,235.0,251.0,167.0,98.0,102.0,209.0,266.0,286.0,309.0,180.0,168.0,172.0,158.0,161.0,157.0,97.0,107.0,161.0,192.0,211.0,268.0,216.0,197.0,184.0,149.0,160.0,203.0,130.0,126.0,187.0,232.0,274.0,299.0,266.0,248.0,230.0,237.0,202.0,229.0,168.0,151.0,238.0,244.0,324.0,376.0,353.0,369.0,247.0,263.0,216.0,220.0,136.0,133.0,160.0,258.0,318.0,335.0,369.0,286.0,248.0,277.0,195.0,210.0,136.0,164.0,234.0,257.0,291.0,399.0,359.0,330.0,292.0,230.0,174.0,242.0,169.0,125.0,245.0,287.0,309.0,365.0,347.0,311.0,241.0,211.0,171.0,241.0,172.0,150.0,233.0,274.0,362.0,375.0,282.0,297.0,286.0,225.0,209.0,188.0,134.0,127.0,233.0,230.0,287.0,358.0,323.0,348.0,300.0,269.0,197.0,175.0,154.0,143.0,233.0,256.0,339.0,309.0,343.0,300.0,254.0,243.0,217.0,244.0,168.0,134.0,206.0,228.0,242.0,343.0,382.0,346.0,348.0,309.0,284.0,247.0,186.0,171.0,263.0,308.0,345.0,419.0,390.0,404.0,347.0,308.0,262.0,278.0,174.0,150.0,193.0,245.0,253.0,345.0,343.0,318.0,277.0,257.0,211.0,187.0,134.0,104.0,177.0,129.0,205.0,280.0,203.0,244.0,177.0,161.0,155.0,162.0,98.0,96.0,120.0,156.0,209.0,214.0,240.0,199.0,208.0,205.0,154.0,181.0,108.0,96.0,146.0,175.0,199.0,223.0,194.0,227.0,185.0,156.0,164.0,201.0,99.0,96.0,151.0,161.0,214.0,219.0,224.0,228.0
394944,257,"Oshkosh, WI",msa,WI,133.0,164.0,210.0,275.0,244.0,215.0,259.0,169.0,171.0,94.0,101.0,86.0,94.0,111.0,165.0,180.0,194.0,215.0,185.0,226.0,259.0,168.0,149.0,108.0,105.0,144.0,233.0,237.0,226.0,133.0,117.0,114.0,143.0,122.0,124.0,74.0,107.0,119.0,130.0,115.0,125.0,127.0,125.0,107.0,129.0,108.0,115.0,76.0,80.0,158.0,170.0,207.0,221.0,134.0,182.0,178.0,169.0,165.0,151.0,108.0,120.0,146.0,199.0,214.0,256.0,202.0,234.0,197.0,198.0,224.0,187.0,112.0,106.0,160.0,169.0,244.0,226.0,204.0,280.0,199.0,236.0,162.0,126.0,89.0,97.0,165.0,215.0,259.0,313.0,286.0,232.0,273.0,258.0,166.0,183.0,146.0,130.0,212.0,219.0,253.0,343.0,316.0,304.0,250.0,238.0,197.0,199.0,129.0,128.0,189.0,223.0,334.0,361.0,304.0,334.0,300.0,297.0,221.0,182.0,151.0,143.0,217.0,244.0,270.0,351.0,272.0,316.0,259.0,276.0,182.0,163.0,124.0,115.0,147.0,200.0,247.0,282.0,330.0,295.0,249.0,230.0,250.0,191.0,144.0,118.0,181.0,182.0,258.0,298.0,328.0,299.0,276.0,331.0,281.0,244.0,162.0,135.0,198.0,238.0,219.0,325.0,323.0,292.0,248.0,289.0,232.0,225.0,157.0,146.0,170.0,194.0,189.0,251.0,274.0,241.0,224.0,204.0,196.0,146.0,108.0,78.0,131.0,142.0,195.0,237.0,189.0,227.0,194.0,198.0,175.0,125.0,136.0,97.0,146.0,156.0,195.0,232.0,229.0,222.0,192.0,205.0,177.0,169.0,102.0,130.0,153.0,166.0,176.0,207.0,207.0,201.0,202.0,182.0,124.0,150.0,109.0,114.0,154.0,158.0,182.0,219.0,225.0,200.0
394555,258,"Eau Claire, WI",msa,WI,98.0,121.0,154.0,215.0,205.0,176.0,169.0,142.0,162.0,90.0,82.0,45.0,83.0,116.0,164.0,191.0,200.0,183.0,197.0,164.0,189.0,175.0,101.0,62.0,84.0,142.0,218.0,197.0,198.0,119.0,123.0,109.0,94.0,115.0,103.0,67.0,64.0,79.0,97.0,133.0,180.0,158.0,149.0,127.0,117.0,95.0,111.0,58.0,87.0,106.0,136.0,162.0,216.0,157.0,165.0,133.0,151.0,128.0,128.0,91.0,93.0,109.0,162.0,181.0,180.0,177.0,214.0,156.0,116.0,189.0,116.0,78.0,108.0,120.0,146.0,232.0,266.0,236.0,203.0,191.0,210.0,153.0,128.0,80.0,96.0,188.0,224.0,266.0,307.0,290.0,224.0,196.0,208.0,125.0,135.0,111.0,109.0,163.0,214.0,226.0,306.0,253.0,272.0,183.0,186.0,183.0,152.0,119.0,103.0,193.0,198.0,281.0,315.0,232.0,267.0,227.0,190.0,169.0,143.0,99.0,90.0,124.0,177.0,235.0,278.0,227.0,257.0,186.0,233.0,185.0,152.0,97.0,99.0,132.0,161.0,245.0,290.0,225.0,242.0,209.0,224.0,161.0,133.0,125.0,99.0,142.0,157.0,166.0,279.0,287.0,257.0,272.0,265.0,211.0,185.0,131.0,103.0,152.0,198.0,222.0,282.0,271.0,281.0,227.0,244.0,202.0,185.0,153.0,128.0,144.0,195.0,225.0,259.0,241.0,246.0,196.0,178.0,131.0,150.0,91.0,83.0,113.0,116.0,162.0,213.0,192.0,201.0,185.0,178.0,156.0,127.0,98.0,81.0,107.0,133.0,182.0,204.0,172.0,201.0,168.0,188.0,147.0,147.0,100.0,99.0,114.0,158.0,198.0,229.0,180.0,186.0,195.0,174.0,152.0,125.0,114.0,102.0,136.0,174.0,193.0,258.0,238.0,205.0
394651,259,"Greenville, NC",msa,NC,133.0,165.0,174.0,226.0,198.0,158.0,162.0,125.0,109.0,70.0,111.0,53.0,102.0,111.0,126.0,161.0,208.0,152.0,143.0,165.0,166.0,146.0,152.0,102.0,95.0,156.0,190.0,177.0,195.0,160.0,125.0,116.0,95.0,96.0,140.0,77.0,77.0,119.0,137.0,143.0,139.0,143.0,126.0,90.0,105.0,100.0,126.0,78.0,95.0,92.0,128.0,148.0,179.0,137.0,157.0,124.0,156.0,143.0,115.0,110.0,95.0,144.0,180.0,170.0,182.0,174.0,169.0,148.0,146.0,134.0,139.0,122.0,92.0,130.0,154.0,160.0,182.0,204.0,155.0,127.0,153.0,124.0,157.0,117.0,118.0,178.0,173.0,224.0,233.0,217.0,184.0,183.0,147.0,120.0,173.0,103.0,149.0,220.0,224.0,259.0,254.0,196.0,223.0,203.0,166.0,153.0,188.0,162.0,132.0,219.0,198.0,280.0,275.0,231.0,277.0,176.0,196.0,171.0,185.0,136.0,152.0,184.0,225.0,224.0,302.0,242.0,271.0,177.0,199.0,184.0,195.0,149.0,180.0,215.0,285.0,309.0,285.0,264.0,260.0,215.0,211.0,197.0,189.0,170.0,203.0,259.0,190.0,203.0,287.0,282.0,277.0,294.0,300.0,258.0,219.0,205.0,206.0,272.0,261.0,282.0,351.0,309.0,287.0,309.0,277.0,268.0,273.0,214.0,188.0,234.0,217.0,263.0,288.0,257.0,260.0,199.0,187.0,150.0,160.0,135.0,153.0,192.0,143.0,208.0,223.0,163.0,201.0,180.0,156.0,143.0,126.0,103.0,140.0,159.0,166.0,197.0,160.0,199.0,188.0,145.0,188.0,135.0,144.0,124.0,136.0,177.0,181.0,204.0,215.0,224.0,192.0,202.0,199.0,139.0,162.0,138.0,159.0,170.0,193.0,199.0,235.0,243.0,168.0
395210,261,"Waterloo, IA",msa,IA,79.0,99.0,88.0,122.0,148.0,142.0,118.0,124.0,141.0,87.0,98.0,47.0,52.0,72.0,104.0,116.0,138.0,143.0,112.0,145.0,131.0,136.0,117.0,63.0,58.0,108.0,140.0,146.0,195.0,99.0,109.0,97.0,88.0,89.0,97.0,67.0,57.0,73.0,99.0,150.0,144.0,157.0,186.0,130.0,142.0,133.0,142.0,113.0,104.0,124.0,137.0,159.0,181.0,135.0,146.0,107.0,171.0,158.0,166.0,130.0,97.0,157.0,155.0,224.0,255.0,217.0,265.0,148.0,177.0,156.0,160.0,122.0,97.0,140.0,175.0,213.0,264.0,198.0,233.0,164.0,145.0,131.0,169.0,113.0,89.0,184.0,190.0,242.0,293.0,263.0,237.0,208.0,206.0,152.0,212.0,119.0,109.0,167.0,217.0,264.0,304.0,236.0,251.0,206.0,243.0,158.0,187.0,125.0,122.0,200.0,200.0,275.0,305.0,261.0,209.0,210.0,203.0,209.0,206.0,113.0,123.0,218.0,229.0,309.0,284.0,264.0,262.0,192.0,211.0,182.0,167.0,101.0,132.0,194.0,176.0,274.0,257.0,265.0,275.0,215.0,213.0,181.0,187.0,118.0,146.0,201.0,227.0,228.0,291.0,280.0,252.0,274.0,257.0,230.0,244.0,161.0,134.0,228.0,262.0,293.0,388.0,364.0,377.0,335.0,319.0,300.0,308.0,204.0,182.0,230.0,256.0,282.0,387.0,337.0,377.0,324.0,266.0,227.0,203.0,131.0,129.0,180.0,189.0,231.0,297.0,204.0,229.0,201.0,178.0,181.0,165.0,97.0,113.0,162.0,189.0,193.0,184.0,173.0,202.0,163.0,171.0,173.0,167.0,121.0,98.0,146.0,169.0,198.0,210.0,207.0,181.0,173.0,191.0,161.0,179.0,121.0,120.0,176.0,168.0,210.0,232.0,212.0,175.0
394480,262,"Coeur d'Alene, ID",msa,ID,94.0,131.0,143.0,138.0,150.0,147.0,162.0,158.0,131.0,79.0,103.0,50.0,57.0,98.0,134.0,149.0,142.0,180.0,145.0,165.0,195.0,146.0,112.0,101.0,121.0,159.0,190.0,201.0,193.0,150.0,168.0,163.0,149.0,135.0,154.0,132.0,124.0,147.0,171.0,176.0,218.0,186.0,215.0,193.0,153.0,154.0,152.0,125.0,135.0,177.0,187.0,200.0,200.0,216.0,221.0,196.0,206.0,176.0,137.0,130.0,130.0,199.0,231.0,269.0,264.0,291.0,261.0,252.0,223.0,164.0,161.0,130.0,128.0,191.0,217.0,278.0,304.0,301.0,276.0,257.0,257.0,191.0,182.0,124.0,146.0,258.0,303.0,336.0,367.0,366.0,315.0,312.0,316.0,215.0,228.0,153.0,159.0,245.0,317.0,323.0,407.0,319.0,391.0,360.0,323.0,238.0,239.0,184.0,168.0,242.0,281.0,350.0,422.0,349.0,385.0,347.0,374.0,293.0,231.0,172.0,175.0,270.0,282.0,347.0,391.0,369.0,431.0,352.0,309.0,275.0,191.0,175.0,172.0,245.0,270.0,329.0,334.0,419.0,386.0,332.0,339.0,252.0,218.0,150.0,176.0,243.0,259.0,230.0,377.0,452.0,470.0,467.0,462.0,290.0,258.0,167.0,195.0,321.0,332.0,368.0,416.0,358.0,363.0,365.0,360.0,323.0,276.0,197.0,190.0,252.0,260.0,292.0,286.0,216.0,276.0,285.0,219.0,166.0,135.0,104.0,137.0,204.0,168.0,230.0,290.0,254.0,241.0,203.0,190.0,136.0,129.0,95.0,127.0,151.0,199.0,226.0,206.0,223.0,239.0,216.0,197.0,175.0,162.0,127.0,144.0,162.0,194.0,222.0,243.0,270.0,248.0,258.0,237.0,183.0,158.0,147.0,157.0,185.0,235.0,267.0,294.0,295.0,291.0
394553,263,"East Stroudsburg, PA",msa,PA,144.0,167.0,170.0,164.0,195.0,212.0,219.0,218.0,211.0,129.0,179.0,119.0,111.0,166.0,115.0,159.0,173.0,183.0,166.0,172.0,179.0,210.0,189.0,122.0,101.0,146.0,180.0,187.0,235.0,143.0,164.0,173.0,140.0,139.0,157.0,141.0,120.0,152.0,144.0,146.0,163.0,154.0,192.0,219.0,158.0,173.0,192.0,156.0,120.0,191.0,178.0,205.0,195.0,220.0,224.0,193.0,223.0,245.0,192.0,176.0,177.0,209.0,243.0,242.0,251.0,252.0,284.0,272.0,230.0,278.0,246.0,180.0,173.0,252.0,224.0,247.0,290.0,281.0,296.0,302.0,364.0,271.0,316.0,204.0,234.0,246.0,273.0,310.0,337.0,351.0,311.0,351.0,378.0,308.0,339.0,251.0,283.0,323.0,318.0,358.0,415.0,327.0,406.0,366.0,388.0,379.0,404.0,277.0,257.0,390.0,321.0,379.0,406.0,371.0,383.0,399.0,404.0,382.0,298.0,257.0,236.0,268.0,308.0,324.0,353.0,371.0,372.0,319.0,347.0,306.0,293.0,223.0,201.0,294.0,272.0,344.0,355.0,338.0,369.0,296.0,320.0,285.0,329.0,246.0,216.0,276.0,236.0,144.0,215.0,,512.0,618.0,617.0,515.0,516.0,403.0,326.0,422.0,377.0,362.0,450.0,480.0,474.0,466.0,476.0,450.0,485.0,349.0,318.0,391.0,340.0,391.0,427.0,373.0,423.0,395.0,365.0,313.0,282.0,233.0,247.0,314.0,255.0,339.0,319.0,282.0,321.0,280.0,308.0,249.0,271.0,199.0,210.0,259.0,263.0,281.0,278.0,265.0,330.0,282.0,298.0,256.0,273.0,175.0,180.0,271.0,230.0,269.0,260.0,268.0,275.0,282.0,305.0,199.0,305.0,197.0,194.0,234.0,217.0,282.0,341.0,344.0,264.0
395007,264,"Pueblo, CO",msa,CO,196.0,219.0,246.0,224.0,200.0,212.0,236.0,191.0,216.0,152.0,142.0,135.0,135.0,179.0,172.0,182.0,194.0,222.0,185.0,190.0,196.0,198.0,136.0,128.0,138.0,192.0,228.0,237.0,235.0,171.0,164.0,144.0,160.0,149.0,152.0,127.0,107.0,146.0,156.0,164.0,169.0,149.0,193.0,170.0,156.0,151.0,151.0,116.0,152.0,163.0,184.0,185.0,194.0,190.0,189.0,170.0,180.0,180.0,164.0,141.0,158.0,194.0,211.0,235.0,218.0,232.0,212.0,203.0,213.0,173.0,191.0,157.0,164.0,194.0,206.0,222.0,240.0,243.0,252.0,245.0,246.0,167.0,202.0,147.0,155.0,207.0,269.0,263.0,294.0,287.0,310.0,255.0,231.0,169.0,234.0,158.0,173.0,260.0,244.0,280.0,279.0,252.0,294.0,268.0,274.0,268.0,244.0,190.0,184.0,257.0,271.0,326.0,318.0,284.0,356.0,297.0,278.0,282.0,231.0,221.0,215.0,263.0,268.0,291.0,338.0,262.0,297.0,251.0,280.0,241.0,217.0,191.0,191.0,233.0,299.0,287.0,313.0,309.0,281.0,259.0,265.0,241.0,213.0,202.0,227.0,278.0,222.0,189.0,288.0,341.0,344.0,292.0,335.0,270.0,292.0,209.0,219.0,303.0,316.0,263.0,358.0,305.0,350.0,329.0,350.0,272.0,329.0,258.0,276.0,312.0,327.0,346.0,300.0,280.0,297.0,251.0,221.0,166.0,171.0,139.0,187.0,183.0,237.0,274.0,242.0,227.0,231.0,194.0,170.0,172.0,141.0,121.0,163.0,188.0,197.0,212.0,205.0,206.0,187.0,184.0,203.0,175.0,155.0,122.0,150.0,187.0,205.0,233.0,210.0,206.0,172.0,184.0,166.0,139.0,158.0,128.0,144.0,212.0,201.0,202.0,200.0,196.0,172.0
394392,265,"Blacksburg, VA",msa,VA,97.0,124.0,147.0,168.0,202.0,162.0,137.0,92.0,99.0,57.0,74.0,53.0,56.0,106.0,108.0,137.0,152.0,174.0,135.0,111.0,100.0,109.0,78.0,58.0,68.0,107.0,127.0,139.0,164.0,109.0,114.0,80.0,68.0,99.0,99.0,84.0,71.0,121.0,132.0,126.0,166.0,150.0,139.0,125.0,117.0,105.0,109.0,82.0,67.0,117.0,103.0,153.0,167.0,142.0,125.0,115.0,124.0,85.0,97.0,76.0,73.0,100.0,127.0,197.0,170.0,158.0,163.0,126.0,112.0,116.0,114.0,83.0,71.0,139.0,121.0,165.0,175.0,176.0,163.0,135.0,129.0,84.0,113.0,90.0,80.0,128.0,145.0,188.0,221.0,200.0,165.0,169.0,147.0,111.0,144.0,123.0,124.0,139.0,157.0,186.0,246.0,181.0,187.0,166.0,138.0,147.0,134.0,111.0,111.0,157.0,183.0,211.0,226.0,206.0,194.0,171.0,161.0,147.0,130.0,101.0,95.0,142.0,152.0,212.0,225.0,219.0,187.0,148.0,166.0,162.0,134.0,76.0,112.0,152.0,193.0,250.0,217.0,216.0,208.0,189.0,144.0,147.0,128.0,108.0,107.0,181.0,176.0,204.0,244.0,208.0,208.0,191.0,195.0,177.0,172.0,123.0,118.0,204.0,194.0,206.0,281.0,236.0,231.0,206.0,179.0,176.0,157.0,144.0,122.0,165.0,218.0,222.0,209.0,202.0,217.0,175.0,150.0,136.0,128.0,94.0,91.0,144.0,119.0,154.0,185.0,154.0,159.0,103.0,122.0,118.0,124.0,96.0,71.0,129.0,139.0,154.0,157.0,160.0,145.0,128.0,136.0,100.0,127.0,110.0,109.0,149.0,163.0,184.0,207.0,169.0,159.0,148.0,153.0,149.0,152.0,114.0,119.0,132.0,197.0,211.0,229.0,222.0,171.0
395215,266,"Wausau, WI",msa,WI,89.0,136.0,147.0,183.0,225.0,203.0,189.0,170.0,182.0,95.0,98.0,75.0,94.0,105.0,116.0,164.0,150.0,168.0,186.0,161.0,180.0,180.0,117.0,83.0,78.0,149.0,161.0,183.0,189.0,116.0,139.0,141.0,141.0,110.0,102.0,92.0,87.0,109.0,113.0,147.0,171.0,146.0,159.0,165.0,143.0,149.0,97.0,101.0,91.0,135.0,183.0,180.0,192.0,192.0,170.0,125.0,163.0,169.0,133.0,131.0,111.0,152.0,162.0,191.0,233.0,217.0,240.0,207.0,160.0,192.0,147.0,98.0,105.0,161.0,132.0,202.0,204.0,227.0,217.0,191.0,240.0,146.0,146.0,92.0,87.0,167.0,197.0,250.0,268.0,244.0,256.0,237.0,246.0,181.0,158.0,156.0,115.0,165.0,202.0,239.0,328.0,257.0,216.0,236.0,186.0,171.0,177.0,106.0,102.0,180.0,217.0,248.0,325.0,275.0,240.0,236.0,225.0,196.0,181.0,163.0,129.0,197.0,207.0,237.0,280.0,284.0,312.0,245.0,258.0,209.0,141.0,117.0,111.0,143.0,174.0,236.0,229.0,268.0,286.0,239.0,244.0,190.0,177.0,119.0,109.0,147.0,181.0,183.0,274.0,300.0,323.0,271.0,283.0,224.0,198.0,161.0,143.0,216.0,276.0,301.0,413.0,381.0,409.0,348.0,388.0,349.0,292.0,207.0,185.0,217.0,267.0,282.0,383.0,309.0,398.0,335.0,309.0,235.0,184.0,133.0,113.0,162.0,130.0,202.0,245.0,192.0,222.0,215.0,180.0,149.0,123.0,106.0,83.0,120.0,149.0,150.0,182.0,202.0,185.0,162.0,201.0,156.0,141.0,113.0,98.0,129.0,121.0,165.0,175.0,197.0,175.0,196.0,213.0,162.0,139.0,101.0,79.0,143.0,145.0,150.0,222.0,197.0,202.0
394731,267,"Kahului, HI",msa,HI,143.0,171.0,164.0,191.0,113.0,119.0,84.0,89.0,107.0,90.0,108.0,94.0,87.0,117.0,86.0,101.0,110.0,126.0,105.0,117.0,148.0,128.0,148.0,129.0,150.0,191.0,253.0,175.0,210.0,121.0,151.0,159.0,144.0,117.0,174.0,134.0,156.0,204.0,205.0,200.0,183.0,166.0,158.0,214.0,186.0,167.0,186.0,163.0,175.0,215.0,229.0,187.0,207.0,163.0,175.0,156.0,193.0,205.0,268.0,133.0,185.0,216.0,221.0,243.0,225.0,206.0,212.0,194.0,201.0,166.0,210.0,185.0,171.0,205.0,241.0,222.0,203.0,193.0,177.0,195.0,211.0,159.0,221.0,181.0,180.0,257.0,224.0,213.0,214.0,250.0,192.0,247.0,220.0,156.0,197.0,172.0,193.0,213.0,261.0,253.0,227.0,240.0,250.0,203.0,188.0,225.0,252.0,175.0,189.0,257.0,267.0,254.0,266.0,226.0,231.0,241.0,250.0,226.0,211.0,198.0,204.0,233.0,296.0,301.0,241.0,278.0,279.0,214.0,215.0,201.0,232.0,219.0,212.0,270.0,214.0,277.0,223.0,245.0,225.0,240.0,223.0,224.0,240.0,209.0,205.0,243.0,156.0,96.0,144.0,161.0,185.0,195.0,221.0,220.0,258.0,212.0,256.0,348.0,406.0,384.0,384.0,325.0,332.0,304.0,251.0,269.0,311.0,274.0,263.0,315.0,303.0,269.0,253.0,204.0,198.0,169.0,173.0,133.0,134.0,118.0,118.0,189.0,162.0,182.0,180.0,145.0,165.0,140.0,97.0,99.0,135.0,153.0,126.0,168.0,174.0,149.0,118.0,130.0,124.0,105.0,118.0,109.0,106.0,110.0,106.0,121.0,141.0,131.0,131.0,116.0,124.0,110.0,132.0,100.0,150.0,88.0,114.0,187.0,147.0,126.0,193.0,168.0,161.0
394720,268,"Janesville, WI",msa,WI,136.0,167.0,192.0,190.0,167.0,178.0,148.0,160.0,164.0,125.0,89.0,47.0,78.0,133.0,143.0,153.0,181.0,203.0,157.0,150.0,170.0,136.0,120.0,83.0,101.0,150.0,209.0,237.0,209.0,136.0,134.0,120.0,132.0,106.0,104.0,100.0,78.0,134.0,140.0,157.0,162.0,159.0,173.0,167.0,141.0,129.0,122.0,107.0,130.0,157.0,167.0,189.0,205.0,177.0,211.0,192.0,173.0,145.0,142.0,122.0,116.0,150.0,167.0,206.0,173.0,166.0,200.0,169.0,171.0,255.0,139.0,130.0,135.0,168.0,187.0,247.0,232.0,236.0,251.0,203.0,246.0,163.0,143.0,124.0,124.0,203.0,216.0,255.0,270.0,293.0,263.0,239.0,225.0,183.0,207.0,124.0,150.0,173.0,251.0,319.0,330.0,274.0,301.0,248.0,243.0,204.0,192.0,165.0,116.0,207.0,243.0,293.0,323.0,273.0,294.0,263.0,236.0,231.0,166.0,159.0,118.0,191.0,232.0,294.0,316.0,281.0,293.0,231.0,259.0,242.0,157.0,135.0,143.0,164.0,218.0,233.0,260.0,280.0,267.0,234.0,216.0,215.0,174.0,125.0,132.0,178.0,182.0,183.0,231.0,262.0,249.0,213.0,283.0,233.0,230.0,150.0,158.0,176.0,244.0,219.0,302.0,311.0,297.0,267.0,284.0,253.0,214.0,166.0,124.0,160.0,182.0,237.0,271.0,248.0,264.0,220.0,173.0,169.0,152.0,129.0,103.0,136.0,138.0,179.0,240.0,205.0,209.0,193.0,204.0,156.0,152.0,122.0,119.0,155.0,154.0,192.0,200.0,218.0,207.0,185.0,185.0,182.0,173.0,134.0,114.0,168.0,176.0,185.0,215.0,199.0,209.0,185.0,219.0,168.0,180.0,127.0,121.0,142.0,185.0,207.0,242.0,244.0,236.0
394710,272,"Jackson, MI",msa,MI,124.0,147.0,165.0,156.0,178.0,189.0,198.0,199.0,180.0,142.0,154.0,107.0,127.0,144.0,180.0,156.0,203.0,184.0,172.0,188.0,168.0,160.0,163.0,121.0,138.0,194.0,189.0,151.0,194.0,122.0,140.0,139.0,150.0,158.0,141.0,115.0,122.0,141.0,155.0,150.0,201.0,157.0,185.0,164.0,170.0,152.0,147.0,133.0,152.0,186.0,186.0,183.0,189.0,169.0,199.0,166.0,162.0,194.0,162.0,144.0,158.0,180.0,232.0,233.0,217.0,242.0,232.0,213.0,236.0,200.0,163.0,131.0,145.0,157.0,181.0,213.0,208.0,266.0,207.0,220.0,221.0,193.0,201.0,167.0,117.0,190.0,181.0,197.0,249.0,271.0,253.0,242.0,240.0,190.0,188.0,139.0,153.0,225.0,183.0,234.0,264.0,280.0,274.0,225.0,253.0,219.0,257.0,168.0,162.0,235.0,196.0,265.0,312.0,246.0,300.0,271.0,241.0,181.0,167.0,199.0,181.0,196.0,206.0,266.0,313.0,262.0,326.0,231.0,253.0,194.0,236.0,186.0,149.0,186.0,202.0,245.0,245.0,291.0,277.0,220.0,252.0,221.0,245.0,151.0,164.0,174.0,144.0,113.0,219.0,247.0,292.0,280.0,286.0,259.0,258.0,212.0,198.0,190.0,219.0,232.0,267.0,320.0,283.0,274.0,288.0,266.0,258.0,178.0,168.0,236.0,222.0,241.0,280.0,244.0,272.0,235.0,195.0,194.0,173.0,139.0,162.0,157.0,159.0,205.0,233.0,176.0,234.0,210.0,192.0,186.0,147.0,140.0,141.0,155.0,196.0,195.0,216.0,212.0,234.0,170.0,195.0,195.0,191.0,150.0,141.0,184.0,178.0,203.0,227.0,204.0,249.0,200.0,218.0,158.0,192.0,144.0,127.0,174.0,174.0,198.0,243.0,237.0,219.0
395079,274,"Sebastian, FL",msa,FL,123.0,171.0,266.0,218.0,195.0,170.0,131.0,144.0,157.0,125.0,194.0,104.0,131.0,199.0,184.0,216.0,212.0,212.0,288.0,190.0,204.0,205.0,275.0,138.0,161.0,256.0,306.0,289.0,284.0,227.0,236.0,204.0,208.0,198.0,270.0,203.0,229.0,322.0,348.0,312.0,293.0,234.0,283.0,236.0,223.0,220.0,252.0,222.0,210.0,334.0,332.0,352.0,307.0,293.0,255.0,239.0,310.0,277.0,339.0,216.0,275.0,381.0,401.0,466.0,413.0,403.0,350.0,325.0,332.0,295.0,373.0,282.0,360.0,383.0,438.0,439.0,443.0,382.0,334.0,340.0,387.0,301.0,392.0,321.0,345.0,448.0,544.0,492.0,481.0,462.0,383.0,396.0,368.0,300.0,364.0,272.0,312.0,372.0,425.0,475.0,402.0,381.0,409.0,352.0,326.0,321.0,400.0,301.0,299.0,475.0,446.0,535.0,466.0,387.0,441.0,295.0,329.0,335.0,434.0,291.0,324.0,448.0,485.0,499.0,475.0,359.0,452.0,316.0,323.0,294.0,326.0,245.0,299.0,393.0,469.0,458.0,397.0,390.0,394.0,328.0,302.0,315.0,365.0,274.0,335.0,400.0,330.0,251.0,389.0,434.0,433.0,450.0,474.0,421.0,550.0,358.0,452.0,661.0,678.0,602.0,637.0,481.0,474.0,457.0,427.0,431.0,495.0,375.0,367.0,543.0,528.0,480.0,452.0,367.0,376.0,311.0,326.0,253.0,234.0,224.0,303.0,397.0,419.0,498.0,410.0,355.0,323.0,304.0,296.0,260.0,276.0,225.0,272.0,330.0,409.0,437.0,313.0,349.0,266.0,278.0,260.0,221.0,268.0,234.0,298.0,321.0,388.0,370.0,364.0,303.0,296.0,287.0,312.0,246.0,317.0,245.0,313.0,392.0,443.0,427.0,407.0,364.0,302.0
394814,275,"Madera, CA",msa,CA,53.0,65.0,84.0,88.0,100.0,116.0,165.0,132.0,145.0,97.0,153.0,175.0,155.0,206.0,228.0,219.0,210.0,198.0,195.0,183.0,189.0,157.0,188.0,147.0,122.0,171.0,188.0,141.0,190.0,147.0,124.0,155.0,129.0,138.0,146.0,110.0,133.0,147.0,165.0,152.0,165.0,160.0,175.0,173.0,139.0,126.0,173.0,120.0,156.0,147.0,153.0,156.0,152.0,137.0,161.0,124.0,132.0,145.0,141.0,116.0,130.0,154.0,149.0,159.0,168.0,156.0,170.0,129.0,154.0,122.0,156.0,101.0,108.0,109.0,154.0,126.0,128.0,138.0,127.0,110.0,129.0,103.0,136.0,79.0,82.0,114.0,147.0,139.0,146.0,169.0,126.0,143.0,128.0,128.0,121.0,100.0,111.0,121.0,186.0,162.0,171.0,153.0,177.0,166.0,149.0,135.0,145.0,105.0,118.0,179.0,156.0,137.0,189.0,165.0,172.0,135.0,132.0,147.0,167.0,97.0,90.0,154.0,152.0,173.0,186.0,137.0,127.0,135.0,129.0,127.0,117.0,99.0,110.0,131.0,159.0,190.0,181.0,171.0,163.0,157.0,157.0,134.0,130.0,103.0,126.0,134.0,124.0,120.0,164.0,198.0,209.0,184.0,185.0,179.0,211.0,141.0,148.0,158.0,197.0,193.0,219.0,194.0,190.0,188.0,214.0,164.0,197.0,147.0,163.0,208.0,215.0,200.0,173.0,154.0,161.0,122.0,123.0,93.0,105.0,82.0,97.0,116.0,102.0,117.0,135.0,126.0,134.0,122.0,90.0,94.0,121.0,90.0,111.0,128.0,125.0,149.0,121.0,142.0,118.0,134.0,140.0,115.0,123.0,98.0,102.0,139.0,163.0,143.0,121.0,133.0,127.0,121.0,145.0,98.0,128.0,76.0,116.0,117.0,151.0,103.0,143.0,116.0,115.0
394453,277,"Chambersburg, PA",msa,PA,104.0,101.0,119.0,122.0,119.0,143.0,113.0,97.0,114.0,72.0,74.0,65.0,55.0,101.0,86.0,101.0,128.0,119.0,108.0,102.0,116.0,114.0,86.0,64.0,76.0,99.0,146.0,125.0,129.0,86.0,101.0,102.0,106.0,86.0,87.0,76.0,80.0,113.0,107.0,120.0,129.0,125.0,138.0,111.0,114.0,97.0,105.0,79.0,63.0,132.0,112.0,148.0,147.0,132.0,118.0,144.0,98.0,143.0,90.0,96.0,85.0,93.0,122.0,148.0,139.0,169.0,166.0,117.0,116.0,117.0,114.0,102.0,86.0,101.0,136.0,164.0,184.0,163.0,155.0,143.0,151.0,141.0,162.0,111.0,107.0,119.0,141.0,170.0,213.0,182.0,174.0,174.0,195.0,152.0,160.0,122.0,143.0,139.0,151.0,196.0,233.0,203.0,208.0,183.0,182.0,168.0,155.0,111.0,129.0,176.0,158.0,204.0,236.0,202.0,206.0,208.0,197.0,132.0,155.0,126.0,116.0,158.0,195.0,202.0,214.0,191.0,206.0,167.0,244.0,157.0,141.0,113.0,116.0,139.0,187.0,206.0,186.0,201.0,215.0,167.0,196.0,162.0,160.0,112.0,120.0,163.0,140.0,104.0,131.0,239.0,225.0,256.0,254.0,189.0,214.0,160.0,142.0,176.0,230.0,212.0,273.0,240.0,253.0,229.0,232.0,217.0,211.0,165.0,122.0,196.0,182.0,202.0,222.0,189.0,209.0,191.0,165.0,174.0,154.0,117.0,124.0,175.0,132.0,170.0,183.0,176.0,174.0,180.0,175.0,119.0,141.0,112.0,127.0,153.0,158.0,201.0,151.0,197.0,188.0,167.0,163.0,143.0,156.0,136.0,112.0,177.0,181.0,167.0,209.0,194.0,172.0,186.0,168.0,138.0,201.0,129.0,150.0,157.0,162.0,162.0,219.0,206.0,179.0
395193,278,"Vineland, NJ",msa,NJ,85.0,106.0,97.0,108.0,114.0,103.0,107.0,85.0,100.0,69.0,69.0,52.0,67.0,76.0,92.0,86.0,95.0,96.0,96.0,98.0,121.0,108.0,104.0,62.0,62.0,89.0,108.0,91.0,115.0,76.0,77.0,81.0,60.0,60.0,77.0,50.0,56.0,82.0,77.0,83.0,79.0,89.0,69.0,79.0,74.0,83.0,83.0,83.0,69.0,84.0,69.0,82.0,66.0,82.0,85.0,63.0,79.0,105.0,81.0,63.0,56.0,102.0,89.0,105.0,68.0,104.0,104.0,117.0,92.0,95.0,87.0,74.0,62.0,69.0,90.0,123.0,99.0,102.0,115.0,94.0,121.0,89.0,120.0,97.0,86.0,124.0,112.0,138.0,133.0,138.0,133.0,140.0,126.0,105.0,119.0,111.0,117.0,134.0,137.0,151.0,165.0,126.0,142.0,154.0,133.0,134.0,132.0,108.0,133.0,156.0,146.0,143.0,174.0,153.0,169.0,160.0,149.0,121.0,127.0,112.0,94.0,120.0,123.0,150.0,173.0,145.0,135.0,119.0,140.0,130.0,140.0,114.0,99.0,134.0,150.0,201.0,173.0,136.0,159.0,163.0,154.0,149.0,155.0,125.0,120.0,156.0,119.0,124.0,152.0,180.0,183.0,215.0,200.0,181.0,202.0,158.0,132.0,173.0,205.0,189.0,185.0,165.0,210.0,208.0,212.0,203.0,188.0,170.0,147.0,185.0,205.0,197.0,188.0,178.0,192.0,199.0,149.0,146.0,131.0,125.0,115.0,147.0,141.0,164.0,167.0,123.0,163.0,131.0,147.0,138.0,146.0,120.0,110.0,126.0,156.0,130.0,147.0,177.0,145.0,155.0,145.0,115.0,134.0,117.0,99.0,138.0,131.0,156.0,155.0,161.0,139.0,166.0,158.0,133.0,110.0,124.0,113.0,115.0,109.0,168.0,144.0,141.0,148.0
394639,280,"Grand Junction, CO",msa,CO,168.0,264.0,250.0,295.0,322.0,271.0,229.0,253.0,200.0,115.0,161.0,85.0,96.0,120.0,115.0,181.0,202.0,180.0,184.0,180.0,189.0,178.0,130.0,107.0,119.0,145.0,161.0,190.0,170.0,171.0,138.0,193.0,132.0,173.0,155.0,140.0,120.0,189.0,190.0,198.0,258.0,195.0,201.0,194.0,189.0,176.0,185.0,160.0,172.0,198.0,221.0,237.0,248.0,249.0,258.0,217.0,226.0,216.0,166.0,148.0,146.0,219.0,224.0,286.0,240.0,267.0,269.0,231.0,226.0,188.0,179.0,149.0,149.0,184.0,217.0,283.0,294.0,275.0,276.0,221.0,258.0,175.0,226.0,133.0,193.0,231.0,289.0,315.0,319.0,313.0,264.0,258.0,258.0,220.0,250.0,173.0,178.0,247.0,326.0,354.0,382.0,352.0,364.0,299.0,252.0,265.0,272.0,177.0,196.0,303.0,352.0,425.0,464.0,380.0,377.0,349.0,350.0,270.0,300.0,239.0,256.0,305.0,355.0,468.0,436.0,388.0,405.0,318.0,316.0,287.0,246.0,187.0,192.0,350.0,331.0,424.0,377.0,371.0,400.0,325.0,366.0,277.0,263.0,230.0,230.0,291.0,256.0,255.0,392.0,435.0,364.0,359.0,435.0,314.0,303.0,239.0,241.0,377.0,349.0,378.0,447.0,396.0,339.0,377.0,303.0,303.0,361.0,211.0,200.0,334.0,308.0,320.0,311.0,277.0,270.0,265.0,251.0,153.0,166.0,121.0,154.0,245.0,210.0,262.0,303.0,215.0,240.0,239.0,174.0,186.0,144.0,109.0,155.0,179.0,242.0,261.0,211.0,267.0,231.0,180.0,179.0,172.0,181.0,147.0,174.0,211.0,232.0,281.0,242.0,240.0,244.0,207.0,212.0,163.0,178.0,134.0,142.0,228.0,235.0,241.0,248.0,257.0,207.0
394563,281,"Elizabethtown, KY",msa,KY,115.0,123.0,132.0,151.0,143.0,168.0,131.0,111.0,110.0,93.0,89.0,98.0,86.0,111.0,125.0,108.0,159.0,171.0,166.0,167.0,155.0,179.0,153.0,106.0,112.0,186.0,188.0,231.0,245.0,189.0,175.0,170.0,154.0,135.0,143.0,81.0,95.0,110.0,116.0,123.0,126.0,156.0,142.0,143.0,96.0,126.0,115.0,88.0,113.0,136.0,125.0,156.0,168.0,167.0,168.0,147.0,184.0,140.0,118.0,120.0,116.0,109.0,166.0,196.0,172.0,182.0,190.0,144.0,143.0,150.0,148.0,123.0,104.0,149.0,169.0,154.0,158.0,215.0,170.0,149.0,167.0,121.0,140.0,82.0,113.0,158.0,184.0,144.0,215.0,200.0,204.0,127.0,154.0,111.0,113.0,122.0,165.0,157.0,191.0,230.0,222.0,211.0,220.0,228.0,206.0,183.0,184.0,151.0,146.0,202.0,225.0,263.0,241.0,209.0,254.0,235.0,199.0,167.0,186.0,151.0,131.0,198.0,248.0,237.0,228.0,206.0,251.0,194.0,190.0,182.0,144.0,132.0,172.0,191.0,245.0,218.0,217.0,227.0,220.0,184.0,181.0,151.0,191.0,143.0,154.0,183.0,179.0,182.0,284.0,292.0,264.0,250.0,236.0,204.0,218.0,141.0,162.0,245.0,245.0,268.0,286.0,302.0,300.0,246.0,260.0,246.0,280.0,205.0,218.0,289.0,282.0,280.0,273.0,234.0,274.0,238.0,215.0,164.0,174.0,156.0,158.0,218.0,219.0,263.0,224.0,206.0,187.0,162.0,174.0,130.0,138.0,126.0,129.0,153.0,166.0,188.0,173.0,206.0,196.0,177.0,192.0,153.0,154.0,126.0,141.0,142.0,214.0,182.0,193.0,224.0,179.0,174.0,182.0,125.0,140.0,92.0,134.0,144.0,180.0,221.0,198.0,190.0,173.0
394917,282,"Niles, MI",msa,MI,145.0,141.0,185.0,222.0,229.0,186.0,186.0,197.0,148.0,106.0,136.0,77.0,82.0,124.0,159.0,168.0,179.0,171.0,199.0,180.0,183.0,162.0,126.0,117.0,116.0,152.0,184.0,166.0,171.0,140.0,175.0,154.0,152.0,135.0,131.0,111.0,99.0,143.0,147.0,130.0,198.0,168.0,186.0,163.0,129.0,149.0,136.0,121.0,129.0,159.0,175.0,228.0,219.0,197.0,208.0,206.0,224.0,176.0,173.0,137.0,126.0,141.0,204.0,255.0,232.0,242.0,236.0,256.0,246.0,175.0,162.0,124.0,133.0,156.0,182.0,220.0,253.0,244.0,265.0,228.0,243.0,174.0,186.0,136.0,141.0,198.0,197.0,232.0,286.0,265.0,293.0,264.0,277.0,175.0,222.0,134.0,162.0,189.0,233.0,298.0,295.0,250.0,316.0,278.0,258.0,232.0,228.0,151.0,153.0,247.0,241.0,289.0,322.0,253.0,318.0,276.0,276.0,200.0,219.0,144.0,108.0,179.0,202.0,269.0,284.0,299.0,310.0,280.0,248.0,195.0,211.0,136.0,170.0,186.0,240.0,277.0,260.0,250.0,298.0,245.0,251.0,213.0,187.0,142.0,156.0,176.0,134.0,82.0,,376.0,324.0,375.0,367.0,255.0,266.0,197.0,161.0,211.0,274.0,290.0,308.0,332.0,312.0,320.0,309.0,286.0,260.0,183.0,141.0,188.0,227.0,252.0,260.0,259.0,277.0,255.0,243.0,202.0,152.0,101.0,117.0,182.0,132.0,223.0,233.0,198.0,254.0,218.0,192.0,166.0,162.0,120.0,124.0,161.0,204.0,196.0,185.0,226.0,262.0,172.0,232.0,177.0,180.0,147.0,107.0,183.0,170.0,221.0,209.0,226.0,231.0,206.0,243.0,195.0,174.0,110.0,108.0,154.0,176.0,223.0,247.0,263.0,276.0
394873,283,"Monroe, MI",msa,MI,64.0,90.0,116.0,117.0,142.0,123.0,120.0,115.0,134.0,81.0,112.0,75.0,79.0,95.0,103.0,105.0,152.0,154.0,128.0,143.0,174.0,152.0,148.0,116.0,102.0,136.0,165.0,132.0,160.0,108.0,146.0,120.0,132.0,107.0,127.0,110.0,102.0,150.0,156.0,143.0,140.0,138.0,136.0,172.0,157.0,132.0,143.0,116.0,106.0,150.0,121.0,207.0,158.0,164.0,180.0,151.0,191.0,169.0,144.0,143.0,138.0,151.0,159.0,167.0,169.0,170.0,166.0,158.0,153.0,130.0,118.0,119.0,119.0,148.0,143.0,212.0,209.0,205.0,198.0,176.0,205.0,129.0,141.0,138.0,147.0,178.0,161.0,198.0,233.0,235.0,220.0,228.0,210.0,157.0,171.0,164.0,144.0,184.0,186.0,244.0,257.0,274.0,256.0,238.0,227.0,181.0,204.0,158.0,125.0,222.0,177.0,261.0,236.0,227.0,257.0,244.0,208.0,207.0,200.0,148.0,117.0,184.0,191.0,224.0,224.0,260.0,260.0,222.0,224.0,209.0,161.0,135.0,119.0,157.0,212.0,212.0,227.0,221.0,229.0,205.0,231.0,191.0,161.0,150.0,130.0,167.0,149.0,107.0,205.0,272.0,279.0,265.0,284.0,236.0,217.0,174.0,150.0,170.0,185.0,239.0,251.0,284.0,270.0,260.0,279.0,212.0,216.0,155.0,156.0,217.0,181.0,220.0,239.0,239.0,237.0,210.0,193.0,152.0,157.0,107.0,119.0,149.0,140.0,184.0,202.0,170.0,221.0,184.0,179.0,131.0,134.0,128.0,111.0,141.0,168.0,177.0,163.0,166.0,180.0,182.0,160.0,136.0,159.0,108.0,101.0,146.0,169.0,193.0,183.0,188.0,181.0,179.0,213.0,137.0,153.0,117.0,85.0,131.0,167.0,167.0,192.0,178.0,201.0
395066,284,"Santa Fe, NM",msa,NM,107.0,92.0,101.0,131.0,120.0,130.0,138.0,122.0,124.0,74.0,98.0,56.0,72.0,85.0,90.0,77.0,114.0,136.0,96.0,122.0,135.0,119.0,98.0,89.0,88.0,117.0,99.0,133.0,144.0,110.0,133.0,129.0,87.0,126.0,109.0,82.0,86.0,119.0,123.0,141.0,154.0,129.0,108.0,131.0,138.0,115.0,112.0,99.0,102.0,135.0,147.0,141.0,166.0,160.0,148.0,167.0,159.0,158.0,168.0,117.0,111.0,144.0,129.0,174.0,178.0,190.0,196.0,171.0,170.0,145.0,164.0,106.0,129.0,156.0,153.0,155.0,171.0,188.0,175.0,172.0,190.0,145.0,167.0,117.0,125.0,178.0,183.0,202.0,217.0,213.0,169.0,210.0,203.0,155.0,166.0,134.0,128.0,155.0,184.0,214.0,212.0,174.0,222.0,193.0,188.0,187.0,172.0,161.0,134.0,209.0,199.0,221.0,249.0,225.0,228.0,217.0,237.0,197.0,180.0,164.0,169.0,198.0,187.0,239.0,264.0,239.0,249.0,190.0,239.0,219.0,159.0,129.0,151.0,210.0,201.0,234.0,234.0,253.0,252.0,250.0,231.0,220.0,189.0,171.0,155.0,225.0,140.0,130.0,203.0,231.0,263.0,275.0,312.0,243.0,220.0,153.0,169.0,230.0,211.0,265.0,305.0,257.0,278.0,299.0,289.0,263.0,258.0,155.0,166.0,215.0,179.0,252.0,189.0,193.0,213.0,202.0,185.0,134.0,147.0,106.0,88.0,166.0,146.0,163.0,221.0,145.0,172.0,158.0,156.0,125.0,121.0,120.0,116.0,112.0,158.0,181.0,146.0,167.0,179.0,130.0,169.0,136.0,147.0,147.0,139.0,169.0,165.0,149.0,162.0,197.0,177.0,190.0,209.0,135.0,136.0,123.0,123.0,178.0,166.0,192.0,172.0,180.0,185.0
394493,285,"Concord, NH",msa,NH,79.0,62.0,107.0,84.0,163.0,136.0,105.0,129.0,114.0,99.0,105.0,42.0,58.0,109.0,91.0,127.0,132.0,150.0,141.0,131.0,152.0,167.0,133.0,67.0,70.0,132.0,150.0,119.0,176.0,85.0,132.0,110.0,98.0,131.0,104.0,79.0,87.0,107.0,82.0,104.0,122.0,142.0,147.0,106.0,127.0,113.0,131.0,92.0,91.0,126.0,125.0,148.0,169.0,174.0,210.0,154.0,163.0,155.0,146.0,114.0,81.0,123.0,183.0,171.0,198.0,223.0,213.0,193.0,194.0,158.0,185.0,94.0,91.0,97.0,137.0,193.0,274.0,221.0,213.0,200.0,207.0,155.0,171.0,115.0,94.0,134.0,168.0,197.0,253.0,283.0,254.0,219.0,211.0,159.0,209.0,122.0,116.0,164.0,189.0,241.0,279.0,272.0,280.0,261.0,217.0,200.0,182.0,138.0,116.0,162.0,184.0,248.0,331.0,263.0,309.0,222.0,216.0,207.0,172.0,130.0,116.0,161.0,182.0,220.0,298.0,284.0,285.0,236.0,240.0,206.0,159.0,114.0,100.0,165.0,159.0,217.0,283.0,287.0,320.0,237.0,248.0,195.0,169.0,128.0,116.0,147.0,138.0,196.0,234.0,313.0,298.0,218.0,271.0,250.0,219.0,142.0,138.0,150.0,155.0,204.0,238.0,248.0,282.0,246.0,235.0,200.0,195.0,121.0,108.0,133.0,135.0,183.0,224.0,212.0,217.0,224.0,192.0,143.0,149.0,100.0,74.0,106.0,95.0,134.0,180.0,194.0,202.0,178.0,153.0,130.0,120.0,108.0,77.0,106.0,120.0,153.0,194.0,183.0,196.0,161.0,173.0,171.0,138.0,107.0,97.0,116.0,132.0,132.0,190.0,214.0,202.0,208.0,180.0,159.0,163.0,104.0,102.0,96.0,113.0,172.0,224.0,204.0,209.0
395163,287,"Traverse City, MI",msa,MI,116.0,124.0,141.0,168.0,160.0,167.0,183.0,138.0,167.0,103.0,131.0,78.0,76.0,105.0,131.0,154.0,181.0,172.0,170.0,175.0,218.0,187.0,149.0,87.0,122.0,134.0,197.0,202.0,188.0,144.0,167.0,190.0,171.0,158.0,147.0,108.0,103.0,173.0,161.0,156.0,197.0,177.0,219.0,192.0,181.0,172.0,172.0,120.0,149.0,162.0,226.0,226.0,251.0,238.0,281.0,248.0,281.0,219.0,198.0,155.0,173.0,182.0,232.0,317.0,272.0,273.0,321.0,322.0,313.0,233.0,247.0,194.0,151.0,154.0,208.0,237.0,277.0,291.0,318.0,283.0,286.0,202.0,212.0,169.0,131.0,204.0,241.0,258.0,288.0,290.0,268.0,302.0,292.0,216.0,228.0,162.0,160.0,209.0,243.0,307.0,326.0,296.0,332.0,330.0,278.0,232.0,286.0,170.0,164.0,210.0,216.0,260.0,319.0,310.0,325.0,318.0,306.0,237.0,229.0,145.0,140.0,190.0,216.0,255.0,269.0,285.0,367.0,262.0,296.0,238.0,157.0,129.0,157.0,192.0,214.0,289.0,282.0,324.0,348.0,285.0,292.0,244.0,219.0,177.0,158.0,201.0,129.0,117.0,253.0,367.0,339.0,383.0,392.0,302.0,265.0,158.0,194.0,256.0,254.0,304.0,369.0,341.0,370.0,362.0,361.0,290.0,317.0,185.0,135.0,215.0,190.0,265.0,295.0,308.0,312.0,346.0,313.0,226.0,200.0,124.0,158.0,213.0,195.0,272.0,274.0,244.0,309.0,301.0,276.0,176.0,158.0,112.0,107.0,158.0,157.0,225.0,219.0,206.0,259.0,243.0,228.0,200.0,173.0,135.0,113.0,167.0,167.0,220.0,284.0,240.0,276.0,301.0,255.0,215.0,170.0,119.0,146.0,138.0,152.0,194.0,278.0,292.0,282.0
394685,289,"Homosassa Springs, FL",msa,FL,152.0,180.0,187.0,175.0,195.0,186.0,148.0,154.0,135.0,105.0,137.0,113.0,131.0,172.0,171.0,162.0,181.0,170.0,159.0,181.0,183.0,158.0,188.0,137.0,166.0,226.0,209.0,225.0,209.0,158.0,162.0,155.0,150.0,169.0,181.0,144.0,181.0,217.0,251.0,215.0,193.0,164.0,198.0,127.0,174.0,164.0,197.0,146.0,192.0,266.0,207.0,236.0,217.0,177.0,235.0,193.0,230.0,196.0,261.0,173.0,211.0,307.0,316.0,328.0,275.0,269.0,282.0,264.0,252.0,268.0,264.0,231.0,263.0,324.0,334.0,354.0,332.0,319.0,312.0,295.0,347.0,255.0,371.0,250.0,316.0,396.0,395.0,392.0,390.0,367.0,375.0,344.0,302.0,296.0,345.0,270.0,297.0,343.0,392.0,400.0,379.0,322.0,365.0,314.0,294.0,320.0,339.0,277.0,285.0,387.0,423.0,389.0,380.0,339.0,357.0,299.0,304.0,303.0,313.0,269.0,311.0,369.0,432.0,449.0,395.0,377.0,413.0,320.0,322.0,280.0,291.0,250.0,287.0,363.0,379.0,422.0,340.0,388.0,355.0,324.0,336.0,278.0,347.0,261.0,297.0,339.0,317.0,266.0,387.0,425.0,383.0,406.0,375.0,334.0,412.0,304.0,330.0,445.0,489.0,443.0,484.0,430.0,451.0,399.0,370.0,394.0,407.0,392.0,375.0,476.0,461.0,438.0,432.0,325.0,352.0,311.0,290.0,234.0,259.0,232.0,275.0,348.0,324.0,401.0,344.0,336.0,303.0,319.0,288.0,231.0,251.0,219.0,262.0,289.0,303.0,322.0,296.0,314.0,291.0,225.0,281.0,222.0,245.0,203.0,226.0,288.0,304.0,343.0,340.0,300.0,267.0,264.0,285.0,228.0,270.0,192.0,241.0,272.0,281.0,344.0,311.0,308.0,283.0
394598,292,"Florence, AL",msa,AL,106.0,119.0,109.0,155.0,95.0,127.0,116.0,107.0,97.0,65.0,83.0,54.0,69.0,83.0,82.0,92.0,108.0,137.0,112.0,105.0,83.0,85.0,71.0,56.0,57.0,118.0,126.0,117.0,109.0,88.0,66.0,95.0,84.0,62.0,90.0,48.0,70.0,98.0,87.0,88.0,90.0,87.0,87.0,79.0,77.0,87.0,83.0,80.0,99.0,105.0,118.0,100.0,101.0,111.0,111.0,96.0,98.0,87.0,88.0,96.0,104.0,115.0,120.0,136.0,138.0,148.0,147.0,124.0,126.0,115.0,95.0,81.0,86.0,135.0,220.0,218.0,239.0,213.0,221.0,234.0,207.0,149.0,208.0,156.0,160.0,208.0,205.0,235.0,273.0,237.0,238.0,222.0,213.0,156.0,221.0,149.0,174.0,229.0,210.0,263.0,266.0,220.0,222.0,191.0,175.0,168.0,181.0,116.0,157.0,195.0,203.0,218.0,226.0,189.0,205.0,146.0,169.0,163.0,136.0,129.0,113.0,182.0,205.0,234.0,220.0,215.0,253.0,181.0,183.0,153.0,149.0,139.0,158.0,161.0,179.0,198.0,212.0,190.0,183.0,168.0,200.0,149.0,163.0,135.0,133.0,162.0,132.0,146.0,217.0,209.0,193.0,253.0,277.0,204.0,173.0,119.0,181.0,223.0,242.0,216.0,277.0,242.0,231.0,263.0,216.0,212.0,225.0,167.0,156.0,252.0,197.0,238.0,288.0,210.0,194.0,199.0,170.0,134.0,138.0,112.0,141.0,162.0,173.0,224.0,206.0,210.0,256.0,216.0,195.0,158.0,139.0,107.0,166.0,160.0,155.0,156.0,185.0,180.0,152.0,174.0,181.0,159.0,163.0,112.0,127.0,140.0,207.0,216.0,175.0,158.0,157.0,166.0,167.0,95.0,136.0,95.0,109.0,127.0,134.0,177.0,174.0,149.0,165.0
394537,293,"Dothan, AL",msa,AL,83.0,84.0,68.0,110.0,112.0,90.0,87.0,97.0,84.0,52.0,81.0,45.0,65.0,74.0,58.0,66.0,77.0,93.0,80.0,74.0,98.0,73.0,77.0,51.0,65.0,97.0,98.0,107.0,85.0,79.0,80.0,74.0,75.0,56.0,74.0,66.0,53.0,80.0,70.0,93.0,88.0,91.0,81.0,81.0,97.0,59.0,76.0,73.0,71.0,98.0,73.0,93.0,93.0,81.0,92.0,91.0,88.0,87.0,88.0,78.0,75.0,79.0,98.0,114.0,103.0,111.0,113.0,117.0,138.0,112.0,85.0,106.0,133.0,137.0,134.0,144.0,106.0,125.0,135.0,129.0,156.0,98.0,120.0,122.0,125.0,118.0,169.0,118.0,156.0,164.0,170.0,125.0,132.0,106.0,133.0,89.0,102.0,132.0,148.0,150.0,178.0,99.0,120.0,112.0,113.0,125.0,125.0,105.0,120.0,201.0,130.0,163.0,172.0,177.0,175.0,152.0,132.0,145.0,146.0,128.0,93.0,147.0,160.0,194.0,197.0,168.0,163.0,141.0,151.0,109.0,112.0,123.0,139.0,163.0,182.0,161.0,172.0,191.0,160.0,191.0,172.0,155.0,122.0,127.0,143.0,190.0,177.0,186.0,210.0,260.0,196.0,270.0,206.0,177.0,218.0,146.0,169.0,236.0,223.0,245.0,301.0,257.0,251.0,238.0,232.0,200.0,213.0,177.0,210.0,214.0,222.0,224.0,241.0,182.0,214.0,180.0,151.0,135.0,133.0,127.0,127.0,206.0,153.0,198.0,189.0,148.0,145.0,154.0,153.0,136.0,127.0,132.0,132.0,186.0,173.0,181.0,131.0,156.0,140.0,158.0,150.0,142.0,136.0,112.0,120.0,159.0,188.0,209.0,155.0,156.0,154.0,134.0,121.0,104.0,124.0,92.0,112.0,140.0,150.0,153.0,165.0,165.0,150.0
395223,298,"Wichita Falls, TX",msa,TX,118.0,140.0,141.0,144.0,160.0,149.0,152.0,145.0,133.0,87.0,100.0,85.0,125.0,138.0,137.0,148.0,172.0,161.0,140.0,110.0,130.0,130.0,88.0,93.0,84.0,149.0,176.0,175.0,163.0,121.0,136.0,140.0,118.0,107.0,119.0,87.0,94.0,119.0,121.0,135.0,121.0,141.0,145.0,127.0,108.0,110.0,91.0,118.0,111.0,129.0,135.0,110.0,134.0,131.0,132.0,102.0,117.0,119.0,129.0,84.0,94.0,166.0,139.0,148.0,137.0,149.0,170.0,128.0,128.0,86.0,104.0,88.0,100.0,112.0,132.0,151.0,126.0,159.0,149.0,111.0,120.0,106.0,130.0,86.0,110.0,147.0,133.0,185.0,138.0,181.0,158.0,173.0,145.0,111.0,140.0,102.0,134.0,161.0,149.0,177.0,187.0,192.0,181.0,144.0,135.0,125.0,107.0,106.0,119.0,159.0,172.0,168.0,185.0,173.0,191.0,144.0,152.0,155.0,140.0,108.0,144.0,183.0,186.0,210.0,216.0,197.0,163.0,131.0,156.0,148.0,122.0,129.0,150.0,153.0,177.0,211.0,165.0,197.0,190.0,169.0,156.0,132.0,167.0,123.0,129.0,180.0,119.0,157.0,213.0,205.0,200.0,189.0,180.0,131.0,197.0,143.0,134.0,207.0,228.0,230.0,302.0,276.0,262.0,237.0,227.0,225.0,217.0,193.0,187.0,252.0,240.0,280.0,258.0,269.0,275.0,210.0,196.0,171.0,143.0,119.0,170.0,187.0,220.0,240.0,202.0,217.0,169.0,170.0,154.0,133.0,101.0,109.0,137.0,142.0,164.0,170.0,139.0,181.0,156.0,136.0,180.0,119.0,102.0,134.0,133.0,131.0,153.0,155.0,188.0,162.0,188.0,158.0,149.0,111.0,154.0,128.0,119.0,138.0,188.0,176.0,187.0,201.0,152.0
395000,304,"Pottsville, PA",msa,PA,111.0,112.0,115.0,127.0,140.0,145.0,138.0,152.0,167.0,133.0,113.0,52.0,75.0,121.0,104.0,104.0,123.0,152.0,135.0,150.0,172.0,140.0,126.0,88.0,78.0,109.0,121.0,141.0,153.0,107.0,102.0,127.0,95.0,109.0,79.0,90.0,62.0,101.0,87.0,140.0,113.0,100.0,154.0,127.0,125.0,114.0,114.0,86.0,85.0,122.0,114.0,132.0,119.0,144.0,139.0,124.0,127.0,123.0,71.0,90.0,94.0,101.0,102.0,120.0,118.0,142.0,142.0,119.0,139.0,110.0,126.0,112.0,76.0,128.0,134.0,138.0,112.0,166.0,179.0,157.0,149.0,118.0,154.0,105.0,111.0,108.0,109.0,140.0,172.0,157.0,170.0,170.0,167.0,146.0,166.0,90.0,129.0,145.0,166.0,159.0,183.0,152.0,177.0,165.0,116.0,168.0,164.0,119.0,101.0,163.0,155.0,166.0,195.0,151.0,171.0,186.0,171.0,145.0,151.0,148.0,111.0,141.0,160.0,159.0,198.0,184.0,195.0,173.0,185.0,174.0,159.0,117.0,112.0,157.0,158.0,179.0,175.0,201.0,178.0,170.0,195.0,160.0,145.0,138.0,119.0,147.0,74.0,66.0,137.0,254.0,258.0,268.0,276.0,227.0,235.0,206.0,140.0,279.0,180.0,238.0,236.0,246.0,247.0,248.0,247.0,239.0,244.0,195.0,170.0,233.0,229.0,222.0,241.0,244.0,239.0,250.0,276.0,221.0,210.0,154.0,129.0,214.0,166.0,223.0,221.0,171.0,206.0,221.0,222.0,213.0,195.0,146.0,164.0,190.0,216.0,220.0,213.0,232.0,230.0,219.0,222.0,192.0,220.0,150.0,163.0,184.0,218.0,240.0,218.0,196.0,213.0,216.0,261.0,197.0,224.0,161.0,156.0,178.0,174.0,220.0,214.0,249.0,189.0
394783,306,"Lebanon, PA",msa,PA,93.0,137.0,132.0,145.0,161.0,137.0,156.0,93.0,142.0,103.0,108.0,77.0,68.0,115.0,98.0,122.0,128.0,159.0,141.0,142.0,134.0,139.0,118.0,75.0,70.0,102.0,139.0,141.0,164.0,88.0,107.0,93.0,101.0,108.0,106.0,79.0,65.0,93.0,102.0,119.0,138.0,124.0,127.0,92.0,105.0,109.0,104.0,89.0,78.0,106.0,98.0,119.0,129.0,137.0,135.0,112.0,128.0,134.0,140.0,83.0,90.0,101.0,109.0,129.0,145.0,174.0,171.0,126.0,150.0,105.0,125.0,109.0,89.0,121.0,111.0,140.0,183.0,140.0,124.0,124.0,144.0,114.0,146.0,93.0,97.0,139.0,137.0,150.0,165.0,196.0,202.0,166.0,166.0,142.0,164.0,116.0,123.0,133.0,143.0,166.0,213.0,183.0,183.0,156.0,170.0,179.0,162.0,134.0,114.0,145.0,167.0,193.0,220.0,192.0,187.0,170.0,174.0,144.0,145.0,120.0,124.0,139.0,176.0,184.0,221.0,206.0,209.0,160.0,159.0,186.0,136.0,104.0,125.0,150.0,165.0,198.0,212.0,211.0,199.0,176.0,148.0,162.0,157.0,154.0,110.0,127.0,105.0,100.0,112.0,248.0,225.0,204.0,229.0,235.0,203.0,133.0,130.0,169.0,179.0,159.0,205.0,220.0,261.0,208.0,197.0,195.0,197.0,146.0,109.0,148.0,147.0,171.0,203.0,159.0,192.0,214.0,162.0,157.0,132.0,84.0,91.0,125.0,140.0,163.0,174.0,159.0,194.0,151.0,157.0,140.0,119.0,101.0,114.0,109.0,139.0,165.0,186.0,155.0,165.0,166.0,162.0,151.0,137.0,110.0,98.0,135.0,156.0,167.0,147.0,181.0,182.0,153.0,157.0,140.0,145.0,103.0,100.0,113.0,131.0,182.0,212.0,247.0,187.0
394880,307,"Morristown, TN",msa,TN,126.0,124.0,138.0,154.0,138.0,121.0,149.0,103.0,91.0,107.0,90.0,95.0,85.0,91.0,109.0,117.0,113.0,123.0,118.0,145.0,116.0,109.0,102.0,75.0,95.0,124.0,153.0,140.0,122.0,108.0,132.0,95.0,109.0,93.0,85.0,83.0,65.0,91.0,94.0,122.0,126.0,106.0,146.0,123.0,134.0,108.0,129.0,118.0,114.0,111.0,124.0,141.0,122.0,157.0,135.0,111.0,144.0,120.0,135.0,92.0,108.0,130.0,133.0,140.0,142.0,141.0,161.0,149.0,146.0,120.0,122.0,105.0,97.0,114.0,151.0,140.0,156.0,187.0,159.0,164.0,158.0,126.0,128.0,123.0,91.0,132.0,146.0,179.0,170.0,195.0,196.0,163.0,148.0,130.0,160.0,112.0,127.0,152.0,168.0,202.0,201.0,166.0,153.0,151.0,158.0,146.0,128.0,113.0,112.0,146.0,145.0,176.0,213.0,156.0,190.0,153.0,133.0,130.0,128.0,109.0,108.0,171.0,162.0,186.0,195.0,199.0,191.0,144.0,165.0,152.0,144.0,101.0,101.0,149.0,171.0,203.0,154.0,182.0,184.0,172.0,153.0,150.0,140.0,121.0,112.0,150.0,114.0,150.0,185.0,168.0,189.0,217.0,194.0,192.0,161.0,130.0,138.0,218.0,225.0,246.0,239.0,230.0,253.0,238.0,229.0,230.0,243.0,201.0,157.0,244.0,230.0,236.0,237.0,222.0,235.0,202.0,176.0,131.0,138.0,122.0,121.0,188.0,172.0,226.0,183.0,192.0,205.0,186.0,153.0,151.0,125.0,99.0,108.0,119.0,144.0,160.0,145.0,199.0,190.0,155.0,178.0,153.0,125.0,118.0,127.0,147.0,163.0,212.0,180.0,200.0,209.0,169.0,186.0,121.0,153.0,116.0,147.0,167.0,195.0,234.0,222.0,208.0,193.0
395232,308,"Winchester, VA",msa,VA,84.0,109.0,124.0,124.0,135.0,111.0,131.0,141.0,140.0,93.0,103.0,78.0,95.0,99.0,145.0,108.0,147.0,164.0,148.0,118.0,149.0,141.0,125.0,89.0,103.0,121.0,132.0,132.0,161.0,122.0,166.0,110.0,134.0,109.0,139.0,95.0,97.0,114.0,109.0,139.0,151.0,118.0,147.0,110.0,114.0,104.0,121.0,74.0,116.0,129.0,129.0,147.0,135.0,136.0,160.0,139.0,140.0,140.0,128.0,115.0,115.0,118.0,163.0,178.0,156.0,170.0,179.0,164.0,176.0,145.0,124.0,103.0,86.0,114.0,149.0,165.0,202.0,137.0,170.0,148.0,152.0,122.0,144.0,108.0,96.0,138.0,146.0,152.0,250.0,205.0,176.0,184.0,175.0,128.0,169.0,102.0,111.0,150.0,154.0,197.0,212.0,207.0,183.0,180.0,179.0,171.0,179.0,117.0,113.0,134.0,196.0,217.0,228.0,168.0,212.0,197.0,198.0,152.0,156.0,124.0,120.0,153.0,149.0,199.0,210.0,178.0,182.0,179.0,193.0,136.0,125.0,137.0,114.0,162.0,212.0,228.0,210.0,214.0,216.0,199.0,183.0,177.0,166.0,131.0,144.0,169.0,194.0,211.0,253.0,305.0,272.0,251.0,230.0,233.0,222.0,165.0,154.0,182.0,226.0,245.0,276.0,291.0,270.0,277.0,247.0,234.0,231.0,172.0,154.0,195.0,229.0,251.0,209.0,205.0,232.0,195.0,176.0,131.0,155.0,110.0,123.0,167.0,136.0,186.0,191.0,182.0,183.0,146.0,164.0,129.0,111.0,120.0,118.0,157.0,169.0,206.0,187.0,161.0,205.0,160.0,192.0,151.0,146.0,122.0,111.0,135.0,159.0,212.0,192.0,208.0,160.0,198.0,176.0,147.0,134.0,115.0,143.0,164.0,153.0,200.0,179.0,189.0,182.0
395117,316,"Springfield, OH",msa,OH,97.0,94.0,106.0,86.0,104.0,103.0,94.0,104.0,109.0,82.0,95.0,60.0,65.0,73.0,91.0,85.0,117.0,122.0,90.0,88.0,104.0,87.0,109.0,68.0,56.0,105.0,99.0,107.0,120.0,81.0,114.0,106.0,88.0,69.0,93.0,82.0,63.0,89.0,95.0,112.0,120.0,104.0,119.0,118.0,87.0,75.0,70.0,68.0,93.0,106.0,105.0,113.0,122.0,108.0,133.0,122.0,129.0,103.0,101.0,82.0,97.0,116.0,95.0,123.0,148.0,153.0,148.0,117.0,123.0,107.0,110.0,76.0,86.0,108.0,134.0,116.0,139.0,125.0,114.0,145.0,185.0,107.0,126.0,75.0,97.0,123.0,136.0,155.0,163.0,173.0,167.0,154.0,151.0,112.0,138.0,115.0,106.0,124.0,165.0,160.0,181.0,150.0,170.0,167.0,168.0,143.0,142.0,116.0,109.0,158.0,157.0,167.0,194.0,151.0,175.0,157.0,160.0,110.0,126.0,102.0,93.0,131.0,157.0,161.0,186.0,175.0,210.0,182.0,138.0,159.0,119.0,88.0,105.0,171.0,150.0,174.0,175.0,165.0,183.0,157.0,179.0,146.0,139.0,108.0,107.0,140.0,114.0,125.0,172.0,190.0,168.0,182.0,192.0,135.0,199.0,139.0,121.0,146.0,143.0,189.0,177.0,202.0,181.0,199.0,180.0,174.0,207.0,162.0,123.0,167.0,165.0,183.0,177.0,176.0,213.0,192.0,192.0,165.0,115.0,92.0,118.0,172.0,122.0,146.0,157.0,133.0,189.0,155.0,160.0,152.0,118.0,127.0,147.0,144.0,151.0,171.0,176.0,167.0,190.0,145.0,184.0,169.0,113.0,121.0,113.0,152.0,169.0,178.0,176.0,179.0,152.0,149.0,163.0,155.0,120.0,111.0,125.0,147.0,150.0,165.0,159.0,178.0,158.0
394368,318,"Battle Creek, MI",msa,MI,119.0,109.0,147.0,168.0,198.0,172.0,150.0,200.0,164.0,148.0,119.0,110.0,114.0,133.0,151.0,132.0,176.0,159.0,167.0,160.0,160.0,152.0,147.0,101.0,106.0,137.0,162.0,159.0,179.0,121.0,161.0,149.0,121.0,143.0,120.0,134.0,108.0,127.0,140.0,129.0,153.0,108.0,166.0,136.0,159.0,139.0,156.0,120.0,138.0,141.0,148.0,159.0,170.0,141.0,182.0,173.0,175.0,176.0,131.0,137.0,150.0,161.0,149.0,157.0,167.0,185.0,179.0,167.0,202.0,196.0,189.0,182.0,148.0,128.0,140.0,150.0,173.0,179.0,211.0,243.0,247.0,155.0,185.0,139.0,160.0,195.0,221.0,178.0,204.0,203.0,221.0,218.0,205.0,155.0,192.0,151.0,146.0,168.0,181.0,212.0,227.0,215.0,244.0,260.0,196.0,200.0,183.0,150.0,107.0,180.0,189.0,202.0,214.0,196.0,247.0,232.0,218.0,163.0,176.0,140.0,116.0,168.0,163.0,197.0,226.0,221.0,246.0,216.0,228.0,221.0,154.0,152.0,135.0,179.0,172.0,225.0,224.0,237.0,238.0,180.0,224.0,181.0,195.0,150.0,126.0,162.0,100.0,117.0,158.0,264.0,223.0,217.0,226.0,205.0,201.0,178.0,168.0,209.0,185.0,208.0,234.0,246.0,231.0,244.0,270.0,240.0,209.0,165.0,167.0,180.0,204.0,203.0,243.0,222.0,227.0,209.0,196.0,189.0,136.0,131.0,118.0,161.0,149.0,214.0,201.0,156.0,239.0,192.0,194.0,167.0,154.0,140.0,142.0,136.0,184.0,166.0,172.0,189.0,178.0,180.0,199.0,153.0,153.0,140.0,101.0,155.0,148.0,181.0,184.0,188.0,172.0,180.0,201.0,160.0,160.0,126.0,116.0,137.0,178.0,160.0,187.0,218.0,182.0
395094,319,"Sherman, TX",msa,TX,93.0,82.0,97.0,113.0,86.0,95.0,103.0,81.0,82.0,52.0,66.0,57.0,45.0,65.0,71.0,74.0,93.0,73.0,90.0,77.0,76.0,75.0,70.0,70.0,67.0,86.0,93.0,87.0,91.0,71.0,87.0,62.0,70.0,64.0,65.0,61.0,50.0,100.0,81.0,87.0,112.0,74.0,82.0,86.0,73.0,65.0,74.0,59.0,72.0,92.0,76.0,91.0,90.0,94.0,127.0,85.0,102.0,86.0,78.0,67.0,79.0,98.0,110.0,124.0,104.0,113.0,126.0,120.0,112.0,76.0,79.0,74.0,94.0,104.0,116.0,121.0,150.0,125.0,116.0,123.0,125.0,81.0,117.0,87.0,96.0,124.0,129.0,149.0,159.0,160.0,141.0,146.0,149.0,94.0,128.0,100.0,118.0,147.0,136.0,168.0,175.0,139.0,160.0,145.0,130.0,113.0,132.0,94.0,108.0,162.0,129.0,179.0,171.0,134.0,187.0,145.0,123.0,103.0,107.0,93.0,122.0,130.0,135.0,169.0,164.0,170.0,156.0,138.0,126.0,115.0,115.0,91.0,105.0,146.0,148.0,156.0,161.0,200.0,170.0,135.0,138.0,130.0,130.0,117.0,123.0,141.0,115.0,130.0,188.0,197.0,187.0,207.0,183.0,156.0,160.0,136.0,118.0,181.0,178.0,206.0,198.0,191.0,231.0,204.0,197.0,204.0,168.0,157.0,160.0,209.0,182.0,179.0,235.0,203.0,212.0,194.0,151.0,121.0,130.0,102.0,120.0,169.0,161.0,186.0,172.0,167.0,177.0,121.0,123.0,97.0,100.0,119.0,121.0,156.0,186.0,171.0,177.0,163.0,167.0,141.0,142.0,110.0,114.0,107.0,108.0,137.0,145.0,166.0,146.0,173.0,141.0,146.0,130.0,107.0,147.0,86.0,103.0,144.0,192.0,179.0,171.0,178.0,158.0
394728,323,"Jonesboro, AR",msa,AR,128.0,135.0,129.0,188.0,158.0,180.0,177.0,129.0,160.0,87.0,140.0,60.0,96.0,129.0,113.0,138.0,111.0,119.0,160.0,120.0,117.0,129.0,116.0,72.0,82.0,141.0,124.0,160.0,132.0,123.0,98.0,112.0,108.0,93.0,104.0,82.0,97.0,110.0,119.0,106.0,126.0,144.0,168.0,111.0,117.0,112.0,104.0,95.0,93.0,147.0,137.0,160.0,143.0,128.0,151.0,133.0,150.0,136.0,110.0,93.0,120.0,150.0,172.0,175.0,155.0,188.0,209.0,147.0,172.0,90.0,127.0,104.0,115.0,121.0,165.0,178.0,152.0,178.0,157.0,111.0,113.0,101.0,113.0,63.0,95.0,107.0,129.0,124.0,156.0,114.0,120.0,160.0,179.0,115.0,153.0,116.0,125.0,160.0,163.0,185.0,175.0,180.0,175.0,153.0,189.0,162.0,191.0,123.0,148.0,177.0,197.0,205.0,212.0,212.0,216.0,186.0,163.0,130.0,159.0,133.0,134.0,168.0,200.0,202.0,162.0,194.0,223.0,157.0,182.0,128.0,134.0,96.0,104.0,156.0,213.0,212.0,210.0,211.0,205.0,168.0,169.0,135.0,134.0,127.0,134.0,160.0,179.0,203.0,222.0,231.0,212.0,200.0,195.0,180.0,204.0,134.0,151.0,191.0,191.0,218.0,256.0,277.0,243.0,243.0,229.0,202.0,230.0,174.0,172.0,193.0,218.0,247.0,209.0,186.0,215.0,186.0,145.0,138.0,137.0,96.0,127.0,143.0,143.0,204.0,197.0,181.0,146.0,125.0,141.0,130.0,116.0,116.0,140.0,138.0,156.0,203.0,155.0,179.0,163.0,147.0,161.0,104.0,122.0,100.0,129.0,174.0,157.0,217.0,175.0,164.0,143.0,124.0,170.0,124.0,137.0,114.0,136.0,133.0,171.0,170.0,173.0,169.0,120.0
394983,326,"Pittsfield, MA",msa,MA,66.0,76.0,94.0,130.0,146.0,141.0,163.0,129.0,154.0,105.0,102.0,39.0,57.0,71.0,60.0,106.0,98.0,130.0,120.0,124.0,145.0,126.0,86.0,57.0,69.0,96.0,104.0,133.0,146.0,99.0,103.0,129.0,122.0,95.0,113.0,71.0,67.0,89.0,92.0,98.0,115.0,101.0,114.0,121.0,121.0,91.0,109.0,84.0,63.0,106.0,94.0,107.0,137.0,123.0,160.0,117.0,166.0,152.0,143.0,88.0,88.0,97.0,121.0,144.0,130.0,169.0,179.0,154.0,150.0,109.0,145.0,103.0,75.0,105.0,99.0,135.0,144.0,154.0,146.0,143.0,168.0,95.0,149.0,76.0,71.0,83.0,120.0,141.0,179.0,193.0,178.0,190.0,165.0,120.0,166.0,96.0,102.0,90.0,156.0,153.0,192.0,160.0,189.0,180.0,187.0,157.0,168.0,105.0,106.0,113.0,138.0,170.0,209.0,195.0,222.0,181.0,196.0,187.0,158.0,105.0,61.0,131.0,122.0,135.0,232.0,208.0,212.0,198.0,196.0,182.0,146.0,109.0,74.0,97.0,169.0,164.0,160.0,208.0,228.0,223.0,216.0,182.0,176.0,136.0,86.0,116.0,116.0,107.0,189.0,270.0,283.0,272.0,334.0,257.0,248.0,167.0,119.0,150.0,181.0,192.0,225.0,230.0,233.0,226.0,211.0,235.0,223.0,161.0,127.0,132.0,134.0,148.0,197.0,172.0,226.0,206.0,162.0,158.0,153.0,117.0,69.0,107.0,80.0,141.0,191.0,140.0,198.0,183.0,179.0,142.0,134.0,116.0,95.0,99.0,131.0,153.0,130.0,151.0,161.0,139.0,186.0,153.0,154.0,139.0,102.0,111.0,117.0,150.0,151.0,182.0,190.0,168.0,212.0,148.0,168.0,127.0,79.0,117.0,106.0,143.0,184.0,190.0,172.0
395153,329,"The Villages, FL",msa,FL,77.0,140.0,123.0,132.0,108.0,84.0,77.0,105.0,80.0,61.0,78.0,58.0,68.0,91.0,119.0,114.0,97.0,131.0,123.0,106.0,112.0,115.0,122.0,102.0,98.0,169.0,206.0,148.0,159.0,119.0,94.0,122.0,135.0,139.0,173.0,137.0,168.0,218.0,180.0,155.0,182.0,156.0,176.0,144.0,164.0,137.0,139.0,157.0,157.0,159.0,210.0,230.0,203.0,174.0,75.0,131.0,173.0,192.0,219.0,152.0,191.0,227.0,304.0,313.0,231.0,279.0,240.0,228.0,226.0,180.0,287.0,246.0,205.0,219.0,260.0,285.0,260.0,276.0,217.0,212.0,261.0,172.0,249.0,190.0,200.0,314.0,315.0,276.0,315.0,282.0,233.0,279.0,233.0,189.0,290.0,194.0,217.0,281.0,305.0,304.0,370.0,305.0,286.0,264.0,238.0,239.0,250.0,254.0,263.0,360.0,308.0,342.0,376.0,296.0,280.0,253.0,287.0,234.0,337.0,237.0,236.0,361.0,381.0,418.0,318.0,357.0,316.0,280.0,305.0,266.0,262.0,210.0,208.0,331.0,333.0,379.0,341.0,325.0,295.0,259.0,323.0,284.0,290.0,279.0,246.0,379.0,307.0,242.0,241.0,302.0,353.0,337.0,319.0,343.0,361.0,363.0,439.0,627.0,536.0,577.0,588.0,433.0,435.0,388.0,347.0,321.0,407.0,300.0,277.0,414.0,446.0,404.0,355.0,237.0,306.0,228.0,244.0,209.0,234.0,194.0,198.0,297.0,312.0,354.0,341.0,304.0,331.0,316.0,292.0,282.0,208.0,264.0,256.0,357.0,418.0,356.0,293.0,332.0,298.0,257.0,267.0,303.0,306.0,396.0,312.0,321.0,372.0,375.0,419.0,361.0,366.0,349.0,342.0,300.0,312.0,304.0,317.0,420.0,366.0,381.0,435.0,433.0,348.0
394780,332,"Lawton, OK",msa,OK,69.0,65.0,78.0,64.0,101.0,62.0,87.0,93.0,84.0,70.0,80.0,98.0,78.0,109.0,94.0,102.0,142.0,138.0,133.0,121.0,145.0,119.0,122.0,80.0,90.0,110.0,133.0,114.0,113.0,104.0,103.0,84.0,77.0,68.0,84.0,74.0,57.0,96.0,84.0,82.0,95.0,81.0,125.0,107.0,92.0,94.0,114.0,82.0,87.0,104.0,115.0,108.0,125.0,111.0,133.0,92.0,124.0,105.0,114.0,70.0,95.0,85.0,131.0,130.0,101.0,128.0,111.0,105.0,63.0,74.0,82.0,92.0,94.0,107.0,101.0,99.0,109.0,111.0,112.0,92.0,82.0,72.0,105.0,57.0,74.0,118.0,130.0,121.0,137.0,135.0,88.0,101.0,96.0,83.0,85.0,99.0,88.0,95.0,134.0,142.0,172.0,147.0,160.0,134.0,119.0,90.0,122.0,104.0,85.0,145.0,136.0,161.0,181.0,139.0,132.0,119.0,149.0,98.0,81.0,109.0,75.0,114.0,107.0,140.0,185.0,134.0,132.0,119.0,145.0,109.0,111.0,89.0,105.0,124.0,122.0,138.0,144.0,155.0,131.0,118.0,146.0,105.0,122.0,80.0,94.0,108.0,118.0,125.0,143.0,192.0,186.0,182.0,171.0,125.0,159.0,142.0,119.0,179.0,191.0,190.0,262.0,250.0,225.0,223.0,198.0,207.0,220.0,221.0,140.0,212.0,195.0,241.0,244.0,208.0,192.0,211.0,157.0,153.0,151.0,141.0,124.0,176.0,143.0,214.0,190.0,166.0,189.0,156.0,138.0,128.0,123.0,110.0,115.0,126.0,163.0,182.0,155.0,159.0,168.0,155.0,161.0,129.0,137.0,145.0,108.0,139.0,152.0,180.0,167.0,182.0,165.0,149.0,177.0,115.0,132.0,107.0,111.0,147.0,137.0,153.0,155.0,168.0,136.0
394474,334,"Cleveland, TN",msa,TN,156.0,158.0,148.0,162.0,165.0,144.0,145.0,163.0,124.0,116.0,84.0,77.0,97.0,112.0,102.0,125.0,131.0,148.0,127.0,137.0,129.0,135.0,141.0,90.0,104.0,157.0,148.0,155.0,137.0,112.0,127.0,116.0,106.0,100.0,87.0,77.0,93.0,115.0,126.0,129.0,117.0,133.0,169.0,130.0,109.0,112.0,126.0,79.0,118.0,132.0,137.0,153.0,158.0,151.0,145.0,122.0,142.0,131.0,134.0,116.0,97.0,144.0,143.0,170.0,156.0,170.0,165.0,154.0,145.0,127.0,136.0,100.0,113.0,155.0,128.0,158.0,169.0,180.0,170.0,175.0,159.0,114.0,153.0,103.0,113.0,172.0,153.0,177.0,234.0,162.0,198.0,173.0,182.0,136.0,183.0,116.0,119.0,175.0,175.0,235.0,198.0,195.0,208.0,199.0,167.0,172.0,184.0,109.0,136.0,184.0,175.0,183.0,174.0,172.0,191.0,144.0,146.0,145.0,133.0,126.0,129.0,164.0,155.0,201.0,176.0,195.0,203.0,149.0,189.0,159.0,152.0,93.0,155.0,181.0,187.0,194.0,189.0,199.0,199.0,168.0,195.0,122.0,157.0,145.0,153.0,148.0,146.0,188.0,208.0,228.0,219.0,201.0,209.0,194.0,195.0,142.0,158.0,243.0,236.0,217.0,237.0,247.0,252.0,265.0,238.0,234.0,261.0,172.0,177.0,229.0,232.0,228.0,258.0,203.0,232.0,238.0,194.0,143.0,165.0,129.0,151.0,187.0,157.0,200.0,176.0,175.0,201.0,142.0,166.0,140.0,120.0,135.0,135.0,151.0,190.0,169.0,157.0,193.0,152.0,154.0,154.0,151.0,119.0,106.0,120.0,133.0,179.0,171.0,160.0,187.0,174.0,165.0,156.0,129.0,158.0,111.0,157.0,164.0,183.0,198.0,190.0,189.0,179.0
395098,335,"Sierra Vista, AZ",msa,AZ,93.0,111.0,85.0,124.0,107.0,122.0,81.0,98.0,82.0,72.0,73.0,61.0,74.0,103.0,100.0,104.0,102.0,111.0,100.0,107.0,109.0,118.0,103.0,74.0,66.0,103.0,110.0,100.0,123.0,72.0,87.0,89.0,87.0,83.0,114.0,89.0,66.0,82.0,86.0,91.0,96.0,91.0,105.0,93.0,87.0,83.0,104.0,76.0,94.0,101.0,89.0,87.0,93.0,108.0,100.0,83.0,104.0,126.0,124.0,75.0,102.0,93.0,109.0,124.0,113.0,141.0,109.0,103.0,136.0,104.0,110.0,86.0,98.0,106.0,117.0,121.0,130.0,133.0,120.0,101.0,92.0,99.0,121.0,100.0,121.0,116.0,142.0,150.0,145.0,143.0,119.0,110.0,119.0,100.0,110.0,109.0,113.0,132.0,139.0,116.0,158.0,155.0,137.0,139.0,123.0,117.0,129.0,135.0,146.0,159.0,143.0,163.0,163.0,157.0,182.0,137.0,159.0,118.0,135.0,122.0,117.0,155.0,181.0,207.0,164.0,160.0,181.0,158.0,181.0,168.0,119.0,125.0,132.0,159.0,191.0,199.0,186.0,180.0,189.0,136.0,181.0,160.0,159.0,154.0,138.0,174.0,164.0,164.0,219.0,223.0,215.0,223.0,224.0,197.0,218.0,161.0,181.0,230.0,231.0,225.0,282.0,247.0,258.0,216.0,219.0,220.0,223.0,188.0,182.0,220.0,223.0,224.0,235.0,180.0,183.0,173.0,159.0,131.0,118.0,107.0,104.0,145.0,150.0,175.0,192.0,132.0,140.0,146.0,117.0,111.0,107.0,113.0,108.0,134.0,130.0,177.0,127.0,124.0,151.0,111.0,136.0,111.0,126.0,124.0,109.0,119.0,153.0,151.0,145.0,128.0,144.0,138.0,123.0,111.0,141.0,114.0,118.0,152.0,164.0,145.0,168.0,164.0,140.0
395128,338,"Staunton, VA",msa,VA,86.0,85.0,103.0,112.0,104.0,119.0,91.0,78.0,87.0,46.0,83.0,43.0,76.0,72.0,87.0,92.0,131.0,114.0,111.0,90.0,118.0,98.0,76.0,66.0,56.0,88.0,100.0,112.0,105.0,93.0,78.0,77.0,92.0,90.0,97.0,76.0,85.0,102.0,91.0,100.0,117.0,126.0,104.0,120.0,104.0,98.0,97.0,71.0,95.0,105.0,103.0,126.0,127.0,89.0,137.0,110.0,121.0,87.0,89.0,90.0,96.0,98.0,112.0,130.0,136.0,147.0,149.0,128.0,109.0,97.0,104.0,90.0,74.0,107.0,107.0,133.0,152.0,148.0,147.0,156.0,181.0,98.0,122.0,96.0,96.0,113.0,100.0,144.0,171.0,187.0,182.0,168.0,158.0,141.0,161.0,99.0,96.0,127.0,161.0,182.0,203.0,175.0,206.0,195.0,137.0,156.0,150.0,109.0,107.0,163.0,151.0,228.0,209.0,185.0,201.0,168.0,174.0,153.0,149.0,123.0,112.0,136.0,172.0,187.0,223.0,201.0,184.0,144.0,176.0,153.0,136.0,124.0,121.0,144.0,187.0,224.0,182.0,239.0,173.0,164.0,188.0,160.0,167.0,123.0,117.0,158.0,138.0,200.0,207.0,227.0,193.0,215.0,246.0,195.0,215.0,159.0,156.0,195.0,206.0,232.0,255.0,236.0,225.0,196.0,203.0,175.0,199.0,146.0,150.0,179.0,174.0,209.0,226.0,171.0,224.0,181.0,141.0,139.0,150.0,95.0,90.0,141.0,134.0,160.0,186.0,162.0,169.0,143.0,137.0,150.0,132.0,125.0,103.0,149.0,149.0,173.0,162.0,200.0,144.0,146.0,174.0,145.0,143.0,116.0,125.0,116.0,195.0,204.0,172.0,153.0,156.0,157.0,145.0,136.0,144.0,90.0,99.0,139.0,144.0,167.0,158.0,155.0,131.0
394905,341,"New Bern, NC",msa,NC,111.0,120.0,122.0,122.0,138.0,136.0,156.0,121.0,110.0,70.0,86.0,56.0,90.0,97.0,86.0,96.0,116.0,104.0,103.0,106.0,103.0,111.0,76.0,66.0,65.0,84.0,88.0,104.0,134.0,99.0,96.0,88.0,73.0,75.0,95.0,67.0,71.0,94.0,96.0,94.0,115.0,95.0,86.0,82.0,88.0,91.0,90.0,64.0,86.0,98.0,88.0,101.0,127.0,109.0,129.0,84.0,85.0,76.0,94.0,94.0,84.0,120.0,134.0,135.0,107.0,147.0,141.0,137.0,110.0,102.0,88.0,83.0,87.0,90.0,91.0,126.0,121.0,131.0,131.0,119.0,116.0,100.0,101.0,97.0,90.0,110.0,117.0,110.0,163.0,177.0,133.0,128.0,127.0,86.0,126.0,98.0,123.0,144.0,185.0,176.0,182.0,187.0,179.0,140.0,145.0,127.0,160.0,129.0,129.0,177.0,181.0,196.0,209.0,199.0,233.0,212.0,177.0,150.0,153.0,125.0,115.0,180.0,177.0,239.0,223.0,233.0,261.0,121.0,190.0,201.0,207.0,212.0,172.0,200.0,198.0,241.0,243.0,224.0,220.0,176.0,170.0,200.0,196.0,156.0,140.0,224.0,212.0,206.0,228.0,283.0,237.0,294.0,267.0,222.0,281.0,162.0,183.0,290.0,288.0,277.0,328.0,263.0,283.0,325.0,263.0,233.0,246.0,207.0,194.0,247.0,255.0,244.0,281.0,223.0,268.0,184.0,178.0,168.0,152.0,137.0,118.0,196.0,160.0,179.0,206.0,170.0,183.0,176.0,157.0,125.0,139.0,113.0,148.0,143.0,184.0,173.0,194.0,174.0,182.0,158.0,196.0,158.0,125.0,118.0,119.0,158.0,178.0,173.0,197.0,183.0,189.0,190.0,177.0,132.0,148.0,108.0,133.0,164.0,176.0,174.0,222.0,200.0,161.0
394635,350,"Goldsboro, NC",msa,NC,79.0,72.0,97.0,91.0,81.0,87.0,85.0,79.0,70.0,53.0,55.0,39.0,51.0,66.0,62.0,68.0,94.0,68.0,94.0,74.0,87.0,68.0,77.0,53.0,56.0,97.0,124.0,87.0,104.0,60.0,55.0,84.0,39.0,59.0,61.0,38.0,43.0,56.0,31.0,51.0,46.0,56.0,56.0,45.0,58.0,47.0,48.0,34.0,60.0,78.0,66.0,79.0,76.0,71.0,57.0,45.0,64.0,83.0,57.0,70.0,72.0,95.0,83.0,97.0,99.0,105.0,106.0,93.0,81.0,94.0,81.0,60.0,65.0,67.0,80.0,90.0,124.0,104.0,63.0,94.0,88.0,67.0,89.0,62.0,79.0,106.0,81.0,65.0,119.0,100.0,109.0,115.0,90.0,61.0,49.0,68.0,84.0,92.0,86.0,96.0,103.0,88.0,100.0,88.0,62.0,78.0,97.0,78.0,78.0,121.0,111.0,141.0,125.0,113.0,109.0,85.0,126.0,111.0,118.0,94.0,137.0,127.0,138.0,159.0,133.0,119.0,157.0,110.0,117.0,121.0,89.0,88.0,126.0,148.0,144.0,126.0,144.0,140.0,186.0,125.0,157.0,136.0,119.0,127.0,108.0,153.0,110.0,124.0,150.0,165.0,162.0,169.0,194.0,145.0,155.0,143.0,129.0,185.0,183.0,189.0,189.0,195.0,208.0,229.0,196.0,203.0,180.0,153.0,152.0,195.0,160.0,191.0,192.0,178.0,185.0,169.0,156.0,126.0,138.0,101.0,93.0,144.0,144.0,135.0,169.0,123.0,149.0,138.0,112.0,114.0,96.0,107.0,111.0,122.0,123.0,170.0,146.0,143.0,142.0,101.0,157.0,122.0,123.0,102.0,108.0,120.0,130.0,159.0,132.0,121.0,126.0,118.0,116.0,111.0,131.0,97.0,88.0,109.0,100.0,129.0,135.0,127.0,117.0
394423,360,"Brunswick, GA",msa,GA,121.0,125.0,118.0,130.0,137.0,98.0,132.0,114.0,102.0,63.0,76.0,43.0,68.0,104.0,70.0,85.0,95.0,97.0,115.0,95.0,92.0,97.0,122.0,60.0,79.0,113.0,100.0,125.0,124.0,105.0,113.0,105.0,86.0,81.0,86.0,81.0,114.0,116.0,123.0,110.0,117.0,116.0,117.0,119.0,111.0,121.0,108.0,91.0,100.0,146.0,122.0,137.0,173.0,121.0,169.0,121.0,167.0,104.0,114.0,118.0,133.0,135.0,119.0,166.0,181.0,162.0,135.0,129.0,150.0,127.0,135.0,108.0,112.0,129.0,148.0,141.0,171.0,156.0,162.0,141.0,165.0,141.0,172.0,120.0,119.0,165.0,177.0,185.0,164.0,198.0,194.0,159.0,157.0,166.0,179.0,121.0,129.0,180.0,188.0,197.0,213.0,209.0,199.0,177.0,150.0,135.0,145.0,135.0,154.0,210.0,178.0,242.0,247.0,196.0,226.0,119.0,165.0,177.0,172.0,147.0,140.0,253.0,186.0,224.0,212.0,228.0,215.0,189.0,178.0,160.0,157.0,137.0,132.0,179.0,229.0,220.0,227.0,204.0,210.0,178.0,192.0,154.0,184.0,142.0,163.0,196.0,148.0,154.0,244.0,301.0,350.0,292.0,291.0,232.0,246.0,191.0,252.0,300.0,334.0,299.0,352.0,307.0,277.0,241.0,233.0,226.0,275.0,178.0,193.0,304.0,304.0,242.0,266.0,220.0,224.0,197.0,163.0,147.0,146.0,114.0,124.0,188.0,177.0,213.0,202.0,170.0,209.0,205.0,139.0,148.0,161.0,114.0,160.0,162.0,176.0,182.0,148.0,121.0,166.0,107.0,112.0,123.0,115.0,105.0,130.0,176.0,171.0,190.0,207.0,183.0,194.0,162.0,157.0,121.0,186.0,117.0,149.0,176.0,158.0,216.0,210.0,226.0,207.0
394495,363,"Cookeville, TN",msa,TN,133.0,123.0,135.0,155.0,130.0,123.0,118.0,110.0,107.0,101.0,100.0,55.0,76.0,89.0,98.0,106.0,117.0,122.0,126.0,111.0,122.0,106.0,99.0,69.0,70.0,119.0,126.0,140.0,110.0,109.0,118.0,93.0,102.0,92.0,62.0,75.0,79.0,103.0,76.0,110.0,105.0,127.0,121.0,102.0,79.0,98.0,101.0,69.0,92.0,114.0,107.0,136.0,113.0,107.0,142.0,124.0,121.0,128.0,114.0,102.0,104.0,108.0,139.0,151.0,144.0,152.0,159.0,146.0,137.0,137.0,110.0,86.0,113.0,126.0,120.0,170.0,156.0,164.0,150.0,162.0,140.0,133.0,150.0,112.0,97.0,134.0,165.0,135.0,193.0,197.0,158.0,176.0,170.0,134.0,149.0,110.0,123.0,134.0,167.0,186.0,216.0,193.0,163.0,158.0,134.0,126.0,157.0,110.0,108.0,133.0,146.0,194.0,201.0,147.0,159.0,182.0,126.0,129.0,147.0,101.0,103.0,140.0,161.0,163.0,148.0,165.0,148.0,136.0,140.0,131.0,111.0,98.0,128.0,144.0,129.0,156.0,156.0,143.0,141.0,136.0,162.0,129.0,131.0,130.0,131.0,158.0,139.0,141.0,187.0,212.0,177.0,174.0,189.0,170.0,192.0,151.0,137.0,187.0,210.0,234.0,258.0,235.0,247.0,228.0,207.0,221.0,198.0,170.0,172.0,190.0,217.0,229.0,228.0,164.0,208.0,208.0,155.0,132.0,152.0,104.0,115.0,163.0,155.0,183.0,215.0,142.0,129.0,113.0,138.0,121.0,108.0,89.0,98.0,99.0,132.0,157.0,125.0,139.0,138.0,129.0,121.0,132.0,128.0,118.0,109.0,111.0,132.0,178.0,149.0,166.0,149.0,136.0,148.0,113.0,133.0,79.0,114.0,125.0,139.0,181.0,153.0,162.0,149.0
395168,374,"Tullahoma, TN",msa,TN,99.0,126.0,127.0,150.0,149.0,123.0,129.0,132.0,105.0,76.0,88.0,75.0,74.0,99.0,84.0,118.0,108.0,129.0,119.0,123.0,125.0,112.0,127.0,51.0,70.0,125.0,141.0,117.0,122.0,100.0,111.0,99.0,92.0,112.0,88.0,65.0,69.0,98.0,112.0,117.0,123.0,108.0,116.0,110.0,109.0,106.0,96.0,77.0,89.0,139.0,122.0,118.0,167.0,157.0,151.0,112.0,134.0,105.0,124.0,93.0,116.0,122.0,161.0,145.0,145.0,158.0,177.0,157.0,144.0,117.0,122.0,113.0,99.0,138.0,148.0,154.0,141.0,160.0,156.0,153.0,171.0,146.0,125.0,105.0,120.0,142.0,146.0,168.0,185.0,194.0,218.0,164.0,176.0,110.0,139.0,103.0,138.0,153.0,186.0,210.0,214.0,190.0,200.0,164.0,167.0,173.0,137.0,127.0,122.0,148.0,159.0,233.0,207.0,189.0,185.0,166.0,151.0,174.0,129.0,124.0,149.0,153.0,144.0,172.0,197.0,201.0,188.0,180.0,175.0,136.0,141.0,103.0,132.0,167.0,153.0,201.0,171.0,233.0,187.0,200.0,149.0,149.0,152.0,129.0,121.0,152.0,145.0,152.0,203.0,186.0,205.0,187.0,200.0,182.0,174.0,143.0,164.0,195.0,223.0,244.0,244.0,240.0,257.0,251.0,245.0,257.0,261.0,221.0,179.0,246.0,196.0,248.0,249.0,206.0,215.0,215.0,157.0,139.0,159.0,108.0,151.0,193.0,151.0,252.0,199.0,190.0,169.0,162.0,152.0,141.0,150.0,94.0,92.0,147.0,175.0,157.0,180.0,164.0,172.0,160.0,165.0,139.0,150.0,131.0,101.0,148.0,167.0,171.0,182.0,144.0,149.0,195.0,140.0,139.0,156.0,112.0,142.0,169.0,183.0,183.0,172.0,161.0,125.0
394524,378,"Decatur, IL",msa,IL,115.0,131.0,151.0,160.0,180.0,168.0,189.0,163.0,143.0,122.0,92.0,86.0,104.0,107.0,116.0,124.0,147.0,180.0,129.0,137.0,142.0,123.0,98.0,84.0,71.0,117.0,128.0,148.0,167.0,103.0,103.0,119.0,110.0,104.0,107.0,73.0,76.0,104.0,128.0,131.0,124.0,126.0,141.0,114.0,118.0,87.0,114.0,80.0,77.0,110.0,119.0,143.0,149.0,159.0,152.0,124.0,125.0,108.0,142.0,111.0,82.0,129.0,117.0,154.0,158.0,184.0,155.0,146.0,137.0,104.0,105.0,75.0,87.0,97.0,118.0,150.0,130.0,160.0,154.0,117.0,183.0,82.0,124.0,68.0,87.0,100.0,119.0,131.0,177.0,171.0,139.0,162.0,143.0,139.0,122.0,92.0,85.0,104.0,127.0,157.0,157.0,157.0,159.0,143.0,110.0,96.0,88.0,59.0,68.0,122.0,117.0,174.0,157.0,138.0,173.0,166.0,131.0,86.0,122.0,98.0,81.0,139.0,147.0,189.0,208.0,185.0,156.0,165.0,153.0,136.0,107.0,83.0,75.0,110.0,141.0,164.0,194.0,189.0,193.0,172.0,181.0,126.0,140.0,117.0,115.0,118.0,119.0,149.0,194.0,215.0,175.0,196.0,205.0,190.0,170.0,118.0,93.0,164.0,182.0,215.0,231.0,222.0,211.0,193.0,216.0,146.0,181.0,102.0,100.0,147.0,167.0,188.0,185.0,193.0,207.0,175.0,164.0,136.0,132.0,88.0,83.0,135.0,120.0,136.0,190.0,136.0,169.0,164.0,136.0,148.0,132.0,107.0,89.0,134.0,136.0,187.0,158.0,168.0,159.0,163.0,146.0,185.0,128.0,112.0,117.0,151.0,178.0,194.0,209.0,198.0,194.0,197.0,172.0,132.0,148.0,118.0,118.0,128.0,176.0,183.0,191.0,159.0,178.0
395166,389,"Truckee, CA",msa,CA,75.0,97.0,97.0,110.0,103.0,114.0,107.0,116.0,131.0,79.0,74.0,62.0,75.0,73.0,103.0,105.0,140.0,157.0,126.0,125.0,161.0,130.0,159.0,89.0,107.0,129.0,143.0,145.0,162.0,125.0,130.0,148.0,143.0,123.0,170.0,123.0,114.0,150.0,136.0,153.0,161.0,166.0,176.0,193.0,154.0,146.0,154.0,154.0,123.0,214.0,168.0,196.0,178.0,195.0,201.0,199.0,235.0,195.0,184.0,146.0,134.0,183.0,198.0,212.0,240.0,232.0,235.0,203.0,218.0,190.0,138.0,120.0,129.0,140.0,159.0,206.0,186.0,201.0,197.0,179.0,222.0,172.0,164.0,131.0,111.0,176.0,205.0,204.0,225.0,231.0,217.0,208.0,235.0,172.0,198.0,118.0,141.0,204.0,193.0,202.0,255.0,263.0,281.0,230.0,221.0,199.0,164.0,150.0,145.0,191.0,188.0,248.0,286.0,229.0,261.0,232.0,253.0,222.0,174.0,154.0,158.0,207.0,173.0,206.0,250.0,236.0,242.0,178.0,254.0,186.0,138.0,140.0,133.0,187.0,193.0,224.0,211.0,217.0,238.0,215.0,230.0,218.0,186.0,132.0,142.0,172.0,142.0,149.0,283.0,387.0,350.0,354.0,297.0,275.0,248.0,193.0,167.0,206.0,264.0,249.0,315.0,330.0,268.0,241.0,223.0,223.0,190.0,175.0,138.0,237.0,244.0,227.0,231.0,207.0,252.0,212.0,159.0,153.0,130.0,85.0,109.0,133.0,101.0,145.0,193.0,174.0,214.0,187.0,181.0,125.0,150.0,112.0,111.0,122.0,143.0,170.0,158.0,221.0,191.0,146.0,178.0,141.0,145.0,101.0,94.0,131.0,137.0,173.0,190.0,173.0,201.0,197.0,210.0,146.0,136.0,94.0,113.0,136.0,155.0,144.0,207.0,187.0,180.0
395080,390,"Sebring, FL",msa,FL,89.0,82.0,117.0,87.0,76.0,67.0,83.0,67.0,85.0,65.0,83.0,75.0,87.0,124.0,105.0,116.0,107.0,110.0,97.0,80.0,105.0,83.0,102.0,111.0,102.0,156.0,142.0,124.0,136.0,90.0,98.0,68.0,95.0,87.0,118.0,108.0,121.0,158.0,141.0,137.0,111.0,79.0,72.0,71.0,103.0,100.0,128.0,111.0,125.0,176.0,170.0,169.0,137.0,160.0,144.0,115.0,149.0,150.0,154.0,121.0,156.0,212.0,222.0,174.0,162.0,155.0,174.0,186.0,159.0,131.0,179.0,152.0,199.0,227.0,203.0,210.0,172.0,173.0,174.0,182.0,186.0,131.0,211.0,167.0,184.0,252.0,215.0,204.0,235.0,220.0,187.0,189.0,179.0,159.0,203.0,172.0,207.0,215.0,232.0,195.0,197.0,156.0,193.0,180.0,174.0,160.0,210.0,168.0,178.0,271.0,221.0,203.0,234.0,186.0,252.0,108.0,185.0,169.0,174.0,157.0,164.0,242.0,276.0,230.0,249.0,245.0,197.0,176.0,185.0,198.0,179.0,141.0,172.0,218.0,263.0,230.0,186.0,218.0,207.0,179.0,183.0,158.0,196.0,151.0,188.0,207.0,164.0,158.0,203.0,201.0,222.0,208.0,231.0,207.0,243.0,171.0,209.0,296.0,296.0,297.0,313.0,238.0,231.0,219.0,206.0,213.0,236.0,179.0,190.0,275.0,263.0,248.0,216.0,216.0,224.0,164.0,166.0,143.0,160.0,127.0,156.0,213.0,174.0,200.0,202.0,165.0,169.0,164.0,160.0,136.0,155.0,130.0,138.0,171.0,174.0,193.0,150.0,155.0,143.0,118.0,146.0,99.0,143.0,99.0,147.0,188.0,194.0,180.0,147.0,142.0,136.0,151.0,154.0,99.0,117.0,118.0,145.0,158.0,140.0,145.0,174.0,171.0,148.0
395086,402,"Sevierville, TN",msa,TN,148.0,144.0,158.0,186.0,139.0,173.0,190.0,175.0,145.0,104.0,135.0,114.0,127.0,140.0,172.0,186.0,169.0,194.0,254.0,176.0,169.0,163.0,167.0,125.0,148.0,170.0,192.0,177.0,188.0,162.0,175.0,164.0,172.0,146.0,166.0,128.0,131.0,149.0,159.0,159.0,158.0,169.0,155.0,185.0,159.0,198.0,175.0,145.0,160.0,232.0,143.0,192.0,189.0,184.0,209.0,174.0,189.0,167.0,168.0,154.0,139.0,196.0,180.0,192.0,194.0,213.0,215.0,212.0,219.0,193.0,180.0,159.0,179.0,169.0,184.0,192.0,190.0,225.0,210.0,192.0,225.0,179.0,190.0,172.0,136.0,223.0,198.0,227.0,222.0,269.0,267.0,256.0,246.0,191.0,217.0,184.0,208.0,241.0,223.0,258.0,257.0,248.0,297.0,272.0,271.0,266.0,244.0,279.0,268.0,333.0,296.0,307.0,262.0,221.0,271.0,246.0,256.0,224.0,221.0,181.0,186.0,251.0,254.0,231.0,272.0,276.0,266.0,208.0,284.0,228.0,178.0,212.0,194.0,254.0,257.0,280.0,266.0,274.0,303.0,241.0,277.0,236.0,238.0,250.0,227.0,269.0,170.0,201.0,240.0,310.0,265.0,280.0,341.0,268.0,311.0,285.0,275.0,377.0,329.0,350.0,397.0,355.0,442.0,410.0,370.0,387.0,370.0,367.0,331.0,415.0,346.0,362.0,368.0,282.0,303.0,295.0,250.0,189.0,202.0,172.0,146.0,233.0,195.0,216.0,244.0,239.0,215.0,231.0,245.0,181.0,183.0,153.0,174.0,206.0,242.0,191.0,178.0,186.0,233.0,167.0,190.0,178.0,233.0,152.0,149.0,188.0,210.0,202.0,213.0,187.0,205.0,239.0,236.0,203.0,335.0,181.0,171.0,189.0,238.0,233.0,266.0,265.0,240.0
394928,410,"Ocean City, NJ",msa,NJ,160.0,224.0,248.0,283.0,260.0,271.0,185.0,215.0,211.0,198.0,223.0,123.0,106.0,159.0,219.0,246.0,268.0,306.0,214.0,237.0,223.0,229.0,350.0,156.0,152.0,209.0,227.0,263.0,325.0,242.0,238.0,218.0,228.0,234.0,307.0,174.0,156.0,206.0,234.0,308.0,323.0,266.0,263.0,246.0,267.0,234.0,294.0,225.0,192.0,329.0,354.0,395.0,353.0,299.0,289.0,294.0,328.0,337.0,365.0,194.0,170.0,271.0,371.0,368.0,377.0,316.0,294.0,319.0,377.0,311.0,365.0,226.0,185.0,245.0,325.0,426.0,387.0,304.0,287.0,354.0,402.0,286.0,375.0,261.0,229.0,332.0,375.0,477.0,456.0,410.0,368.0,462.0,401.0,309.0,409.0,292.0,237.0,346.0,450.0,426.0,486.0,389.0,342.0,441.0,413.0,357.0,421.0,354.0,266.0,466.0,554.0,549.0,525.0,372.0,351.0,449.0,443.0,420.0,437.0,294.0,241.0,391.0,453.0,533.0,481.0,359.0,365.0,445.0,501.0,415.0,348.0,269.0,284.0,418.0,448.0,569.0,456.0,387.0,433.0,492.0,492.0,459.0,443.0,377.0,263.0,434.0,358.0,305.0,444.0,593.0,574.0,730.0,784.0,624.0,706.0,519.0,479.0,709.0,580.0,515.0,520.0,423.0,397.0,581.0,604.0,534.0,549.0,378.0,322.0,486.0,435.0,477.0,406.0,287.0,341.0,396.0,332.0,296.0,263.0,234.0,174.0,325.0,325.0,400.0,373.0,267.0,311.0,386.0,301.0,269.0,247.0,219.0,192.0,270.0,312.0,317.0,245.0,277.0,276.0,354.0,361.0,271.0,243.0,249.0,193.0,253.0,327.0,364.0,355.0,250.0,313.0,353.0,417.0,269.0,308.0,271.0,206.0,295.0,332.0,345.0,351.0,314.0,240.0
394744,442,"Key West, FL",msa,FL,93.0,113.0,106.0,116.0,122.0,88.0,78.0,96.0,92.0,49.0,89.0,58.0,89.0,127.0,130.0,115.0,147.0,130.0,127.0,136.0,105.0,117.0,151.0,91.0,149.0,154.0,195.0,150.0,182.0,125.0,124.0,139.0,129.0,107.0,165.0,132.0,162.0,200.0,206.0,205.0,196.0,157.0,171.0,140.0,113.0,90.0,193.0,113.0,158.0,172.0,228.0,237.0,168.0,156.0,187.0,141.0,157.0,176.0,208.0,116.0,194.0,241.0,259.0,262.0,235.0,225.0,222.0,163.0,186.0,155.0,246.0,158.0,152.0,253.0,263.0,272.0,247.0,202.0,228.0,212.0,258.0,171.0,235.0,211.0,215.0,293.0,340.0,311.0,289.0,257.0,179.0,218.0,203.0,151.0,207.0,146.0,204.0,277.0,264.0,247.0,246.0,186.0,247.0,174.0,167.0,174.0,195.0,156.0,164.0,251.0,257.0,259.0,269.0,215.0,183.0,68.0,143.0,128.0,157.0,170.0,178.0,286.0,258.0,272.0,274.0,207.0,207.0,173.0,167.0,174.0,150.0,135.0,162.0,221.0,267.0,290.0,259.0,208.0,218.0,188.0,187.0,204.0,181.0,158.0,172.0,258.0,202.0,147.0,168.0,317.0,330.0,322.0,347.0,232.0,314.0,250.0,287.0,475.0,506.0,432.0,442.0,312.0,266.0,253.0,228.0,258.0,273.0,196.0,240.0,352.0,333.0,274.0,253.0,176.0,207.0,153.0,131.0,111.0,121.0,105.0,146.0,206.0,190.0,233.0,187.0,148.0,139.0,150.0,131.0,96.0,109.0,124.0,138.0,181.0,214.0,189.0,145.0,152.0,139.0,128.0,125.0,111.0,96.0,111.0,154.0,191.0,216.0,195.0,192.0,172.0,150.0,153.0,143.0,126.0,147.0,119.0,140.0,243.0,215.0,208.0,201.0,196.0,183.0
394674,467,"Heber, UT",msa,UT,63.0,63.0,73.0,73.0,65.0,79.0,74.0,74.0,87.0,40.0,39.0,43.0,35.0,60.0,41.0,59.0,83.0,85.0,80.0,83.0,108.0,78.0,85.0,64.0,84.0,116.0,110.0,98.0,86.0,96.0,108.0,106.0,98.0,100.0,83.0,84.0,112.0,128.0,113.0,119.0,118.0,101.0,132.0,133.0,128.0,92.0,103.0,78.0,93.0,126.0,110.0,166.0,134.0,144.0,156.0,134.0,140.0,143.0,151.0,86.0,109.0,137.0,164.0,166.0,163.0,176.0,199.0,184.0,178.0,138.0,123.0,92.0,113.0,154.0,150.0,153.0,135.0,145.0,181.0,172.0,200.0,161.0,161.0,115.0,116.0,151.0,183.0,180.0,185.0,174.0,177.0,173.0,185.0,125.0,135.0,84.0,105.0,120.0,165.0,186.0,174.0,149.0,204.0,181.0,198.0,139.0,162.0,140.0,128.0,161.0,145.0,171.0,188.0,183.0,210.0,210.0,200.0,139.0,126.0,118.0,142.0,152.0,178.0,207.0,191.0,196.0,205.0,162.0,182.0,149.0,104.0,108.0,129.0,150.0,201.0,215.0,164.0,216.0,247.0,229.0,235.0,188.0,159.0,138.0,128.0,145.0,100.0,98.0,209.0,316.0,372.0,447.0,417.0,310.0,304.0,248.0,267.0,343.0,408.0,317.0,383.0,398.0,420.0,389.0,361.0,346.0,318.0,223.0,251.0,313.0,263.0,303.0,260.0,195.0,239.0,271.0,180.0,156.0,121.0,115.0,146.0,188.0,160.0,202.0,216.0,188.0,229.0,245.0,198.0,150.0,150.0,146.0,120.0,162.0,212.0,209.0,179.0,209.0,229.0,205.0,241.0,187.0,176.0,115.0,136.0,182.0,202.0,164.0,197.0,225.0,253.0,231.0,256.0,177.0,202.0,120.0,145.0,219.0,204.0,161.0,252.0,230.0,220.0
394877,491,"Morehead City, NC",msa,NC,77.0,80.0,100.0,110.0,106.0,119.0,102.0,88.0,79.0,43.0,55.0,47.0,55.0,69.0,67.0,87.0,101.0,99.0,81.0,88.0,87.0,88.0,82.0,54.0,53.0,77.0,107.0,101.0,119.0,88.0,94.0,88.0,76.0,65.0,88.0,60.0,66.0,89.0,90.0,100.0,100.0,100.0,89.0,96.0,80.0,85.0,85.0,52.0,84.0,98.0,91.0,129.0,132.0,121.0,134.0,112.0,140.0,127.0,115.0,66.0,93.0,120.0,142.0,135.0,142.0,177.0,157.0,129.0,97.0,77.0,101.0,63.0,68.0,92.0,95.0,118.0,157.0,138.0,134.0,131.0,113.0,92.0,108.0,88.0,110.0,141.0,116.0,139.0,205.0,199.0,187.0,149.0,166.0,126.0,141.0,111.0,93.0,138.0,147.0,199.0,207.0,185.0,193.0,170.0,157.0,127.0,205.0,126.0,125.0,220.0,171.0,215.0,266.0,169.0,223.0,189.0,171.0,154.0,154.0,123.0,127.0,214.0,174.0,207.0,223.0,178.0,222.0,81.0,132.0,129.0,107.0,107.0,114.0,140.0,190.0,235.0,199.0,174.0,209.0,160.0,163.0,176.0,138.0,127.0,154.0,184.0,144.0,190.0,216.0,353.0,297.0,296.0,262.0,251.0,254.0,214.0,187.0,297.0,297.0,244.0,272.0,272.0,199.0,209.0,257.0,188.0,226.0,162.0,161.0,206.0,248.0,197.0,224.0,184.0,176.0,155.0,153.0,114.0,134.0,119.0,112.0,174.0,151.0,184.0,171.0,165.0,145.0,122.0,134.0,104.0,112.0,106.0,126.0,121.0,149.0,164.0,133.0,162.0,175.0,126.0,137.0,102.0,133.0,112.0,124.0,125.0,138.0,157.0,164.0,164.0,182.0,141.0,137.0,120.0,131.0,87.0,113.0,128.0,176.0,161.0,180.0,203.0,173.0
394745,744,"Kill Devil Hills, NC",msa,NC,67.0,78.0,64.0,91.0,89.0,63.0,91.0,95.0,72.0,49.0,56.0,38.0,68.0,72.0,68.0,89.0,83.0,91.0,93.0,80.0,100.0,87.0,81.0,65.0,59.0,97.0,119.0,116.0,104.0,115.0,74.0,101.0,94.0,97.0,106.0,66.0,68.0,120.0,106.0,99.0,121.0,107.0,89.0,102.0,93.0,66.0,86.0,78.0,95.0,137.0,108.0,130.0,114.0,116.0,105.0,113.0,109.0,103.0,105.0,69.0,83.0,106.0,130.0,135.0,115.0,126.0,122.0,130.0,115.0,97.0,110.0,94.0,76.0,107.0,126.0,157.0,98.0,115.0,96.0,113.0,117.0,100.0,118.0,77.0,77.0,100.0,131.0,160.0,126.0,126.0,120.0,138.0,130.0,110.0,122.0,108.0,123.0,152.0,159.0,189.0,208.0,178.0,169.0,144.0,134.0,123.0,174.0,110.0,123.0,164.0,166.0,160.0,226.0,144.0,171.0,199.0,175.0,153.0,184.0,118.0,87.0,166.0,170.0,198.0,159.0,164.0,188.0,115.0,166.0,133.0,144.0,113.0,109.0,157.0,161.0,170.0,151.0,162.0,180.0,138.0,159.0,152.0,126.0,118.0,131.0,167.0,125.0,140.0,172.0,325.0,277.0,308.0,303.0,265.0,273.0,371.0,307.0,471.0,381.0,336.0,304.0,216.0,203.0,255.0,252.0,257.0,206.0,210.0,174.0,274.0,261.0,222.0,209.0,149.0,180.0,153.0,160.0,125.0,118.0,80.0,115.0,164.0,148.0,249.0,223.0,164.0,179.0,214.0,175.0,173.0,138.0,143.0,130.0,221.0,201.0,207.0,158.0,191.0,182.0,180.0,194.0,152.0,176.0,164.0,146.0,208.0,187.0,215.0,202.0,185.0,201.0,191.0,171.0,136.0,184.0,126.0,119.0,152.0,211.0,224.0,209.0,184.0,154.0
