LAST UPDATED,FREQUENCY,PERIOD BEGIN,PERIOD END,REGION ID,REGION TYPE,REGION NAME,PROPERTY TYPE,IS SEASONALLY ADJUSTED,HOMES SOLD,HOMES SOLD MOM (%),HOMES SOLD YOY (%),MEDIAN SALE PRICE NSA ($),MEDIAN SALE PRICE NSA MOM (%),MEDIAN SALE PRICE NSA YOY (%),MEDIAN DAYS ON MARKET (DAYS),MEDIAN DAYS ON MARKET MOM (%),MEDIAN DAYS ON MARKET YOY (%),NEW LISTINGS,NEW LISTINGS MOM (%),NEW LISTINGS YOY (%),ACTIVE LISTINGS,ACTIVE LISTINGS MOM (%),ACTIVE LISTINGS YOY (%),PENDING SALES,PENDING SALES MOM (%),PENDING SALES YOY (%)
2026-09-03,Monthly,2026-08-01,2026-08-31,NA,Country,National,Condo/Co-op,true,28007,-1.79,-1.94,339879,NA,2.99,62,0,200,42293,1.17,1.67,197383,1.1,0.72,32043,0.24,-2.46
2026-09-03,Monthly,2026-08-01,2026-08-31,NA,Country,National,Multi-Family (2-4 Units),false,7166,NA,1.11,449657,NA,5.8,44,NA,-84.78,11942,NA,10.36,49892,NA,8.97,8706,NA,-4.27
2026-09-03,Monthly,2026-08-01,2026-08-31,NA,Country,National,Single Family Residential,true,236346,-0.44,-0.05,408475,NA,2.12,49,100,100,310137,4.32,6.54,1174955,4.38,2.38,273011,0.45,-0.78
2026-09-03,Monthly,2026-08-01,2026-08-31,NA,Country,National,Townhouse,true,21182,-0.29,-2.2,353702,NA,-1.75,51,0,300,29353,1.64,3.15,116228,1.85,7.18,23687,-0.26,-2.68
2026-09-03,Monthly,2026-07-01,2026-07-31,NA,Country,National,Condo/Co-op,true,28517,0.67,2.44,343500,NA,2.54,62,100,300,41804,-0.45,-0.45,195228,0.03,-0.92,31968,-3.07,-1.78
2026-09-03,Monthly,2026-07-01,2026-07-31,NA,Country,National,Multi-Family (2-4 Units),false,7601,NA,2.86,460000,NA,8.24,44,NA,200,11909,NA,7.21,48408,NA,5.99,8959,NA,-0.94
2026-09-03,Monthly,2026-07-01,2026-07-31,NA,Country,National,Single Family Residential,true,237402,-2.34,1.86,415000,NA,2.85,48,0,0,297294,-0.86,1.32,1125602,-0.64,-1.81,271792,-2.94,-0.51
2026-09-03,Monthly,2026-07-01,2026-07-31,NA,Country,National,Townhouse,true,21244,-0.7,-1.32,360000,NA,0.84,51,-200,400,28878,-0.32,1.12,114122,-0.41,4.79,23748,-2.21,-0.95
2026-09-03,Monthly,2026-06-01,2026-06-30,NA,Country,National,Condo/Co-op,true,28326,-0.92,3.13,345000,NA,1.5,61,0,500,41994,-0.17,1.17,195178,0.02,-0.91,32980,0,4.35
2026-09-03,Monthly,2026-06-01,2026-06-30,NA,Country,National,Multi-Family (2-4 Units),false,7583,NA,3.93,450000,NA,5.89,41,NA,0,12537,NA,9.93,48074,NA,6.07,9581,NA,6.13
2026-09-03,Monthly,2026-06-01,2026-06-30,NA,Country,National,Single Family Residential,true,243084,-0.97,4.22,420000,NA,2.82,48,0,100,299880,-1.9,1.93,1132796,-0.46,-0.83,280031,0.02,3.56
2026-09-03,Monthly,2026-06-01,2026-06-30,NA,Country,National,Townhouse,true,21394,-0.78,-1.01,363000,NA,-0.55,53,0,600,28971,-1.04,1.52,114590,0.07,5.86,24283,-0.02,1.81
2026-09-03,Monthly,2026-05-01,2026-05-31,NA,Country,National,Condo/Co-op,true,28588,0.35,4.43,340000,NA,0,60,0,600,42065,-0.38,-0.19,195144,0.39,-0.6,32979,-1.17,4.15
2026-09-03,Monthly,2026-05-01,2026-05-31,NA,Country,National,Multi-Family (2-4 Units),false,7027,NA,-4.43,445000,NA,5.2,42,NA,400,12311,NA,2.24,46326,NA,3.61,9475,NA,0.69
2026-09-03,Monthly,2026-05-01,2026-05-31,NA,Country,National,Single Family Residential,true,245466,2.57,3.83,410000,NA,2.5,47,0,200,305690,-1.77,0.13,1138025,-0.19,0.23,279985,-0.8,3.19
2026-09-03,Monthly,2026-05-01,2026-05-31,NA,Country,National,Townhouse,true,21562,0.26,-0.03,362000,NA,0.56,53,100,600,29275,0.52,1.82,114513,0.45,6.37,24289,-1.64,0.89
2026-09-03,Monthly,2026-04-01,2026-04-30,NA,Country,National,Condo/Co-op,true,28487,0.81,2.3,342925,NA,-0.02,60,-100,700,42224,-0.17,-1.19,194379,0.78,-0.14,33371,2.48,7.61
2026-09-03,Monthly,2026-04-01,2026-04-30,NA,Country,National,Multi-Family (2-4 Units),false,6884,NA,-1.85,430000,NA,3.49,46,NA,600,12637,NA,1.75,44798,NA,3.81,9521,NA,0.47
2026-09-03,Monthly,2026-04-01,2026-04-30,NA,Country,National,Single Family Residential,true,239316,1.12,1.49,400000,NA,1.27,48,-100,300,311204,1.23,1.11,1140209,0.49,1.65,282247,1.43,5.08
2026-09-03,Monthly,2026-04-01,2026-04-30,NA,Country,National,Townhouse,true,21505,0.59,-0.22,364000,NA,-0.27,52,-100,700,29124,-0.88,0.99,114004,1.76,7.83,24694,0.7,4.54
2026-09-03,Monthly,2026-03-01,2026-03-31,NA,Country,National,Condo/Co-op,true,28258,-1.99,-2.19,345000,NA,1.47,62,-100,800,42297,0.84,-1.23,192866,0.76,0.36,32564,0.81,0.7
2026-09-03,Monthly,2026-03-01,2026-03-31,NA,Country,National,Multi-Family (2-4 Units),false,6431,NA,-0.79,435000,NA,4.82,52,NA,650,12197,NA,3.2,42305,NA,4.08,9180,NA,0.64
2026-09-03,Monthly,2026-03-01,2026-03-31,NA,Country,National,Single Family Residential,true,236663,0.29,0.08,399000,NA,2.31,49,0,400,307431,1.01,-1.4,1134673,0.52,2.17,278260,0.91,0.34
2026-09-03,Monthly,2026-03-01,2026-03-31,NA,Country,National,Townhouse,true,21380,-0.76,-1.46,359588,NA,-1.21,53,0,1100,29382,1.29,1.85,112032,1.69,7.77,24522,0.8,-0.08
2026-09-03,Monthly,2026-02-01,2026-02-28,NA,Country,National,Condo/Co-op,true,28833,1.9,-1.9,335000,NA,-1.47,63,300,1000,41946,-0.29,-2.4,191406,0.26,1.29,32301,0.09,-0.55
2026-09-03,Monthly,2026-02-01,2026-02-28,NA,Country,National,Multi-Family (2-4 Units),false,5425,NA,-1.6,425000,NA,6.25,57,NA,400,9286,NA,-5.84,38680,NA,3,7462,NA,-4.04
2026-09-03,Monthly,2026-02-01,2026-02-28,NA,Country,National,Single Family Residential,true,235971,-0.36,-0.23,389000,NA,1.19,49,100,500,304343,0.67,-1.38,1128770,0.23,3.21,275762,0.76,1.69
2026-09-03,Monthly,2026-02-01,2026-02-28,NA,Country,National,Townhouse,true,21545,1.05,-1.44,350000,NA,-2.78,53,300,1100,29007,-0.68,0.19,110169,1.09,8.45,24328,2.07,1.47
2026-09-03,Monthly,2026-01-01,2026-01-31,NA,Country,National,Condo/Co-op,true,28295,-3.45,-4,345000,NA,0.15,60,0,800,42070,1.27,-2.1,190906,-0.18,3.28,32271,0.54,-0.33
2026-09-03,Monthly,2026-01-01,2026-01-31,NA,Country,National,Multi-Family (2-4 Units),false,5615,NA,-8.64,423750,NA,4.63,57,NA,600,9217,NA,-5.56,38616,NA,4.92,7192,NA,-3.19
2026-09-03,Monthly,2026-01-01,2026-01-31,NA,Country,National,Single Family Residential,true,236820,-3.01,-0.23,385000,NA,1.32,48,0,500,302327,3.75,-1.34,1126230,-0.12,4.86,273686,1.7,2.29
2026-09-03,Monthly,2026-01-01,2026-01-31,NA,Country,National,Townhouse,true,21322,-1.97,-2.36,349900,NA,-0.03,50,0,800,29204,2.17,1.81,108979,-0.16,10.14,23835,-0.92,-0.35
2026-09-03,Monthly,2025-12-01,2025-12-31,NA,Country,National,Condo/Co-op,true,29305,1.76,-0.93,340000,NA,-0.58,60,0,800,41543,-1.46,-2.28,191252,-0.63,5.69,32097,-3.37,-3.25
2026-09-03,Monthly,2025-12-01,2025-12-31,NA,Country,National,Multi-Family (2-4 Units),false,7845,NA,5.67,440000,NA,4.76,51,NA,400,6543,NA,4.57,40182,NA,8.61,7039,NA,-1.4
2026-09-03,Monthly,2025-12-01,2025-12-31,NA,Country,National,Single Family Residential,true,244163,1.87,1.52,390000,NA,0.91,48,0,500,291402,-0.44,-3.87,1127586,-0.69,6.74,269105,-3.59,-1.57
2026-09-03,Monthly,2025-12-01,2025-12-31,NA,Country,National,Townhouse,true,21751,0.75,-1.05,350000,NA,-2.78,50,100,800,28584,-0.9,-0.13,109151,-0.7,12.85,24057,-2.7,-1.42
2026-09-03,Monthly,2025-11-01,2025-11-30,NA,Country,National,Condo/Co-op,true,28798,-0.85,0.11,340000,NA,0.03,60,100,900,42161,-0.97,-0.94,192466,-0.62,8.37,33217,-0.58,-0.95
2026-09-03,Monthly,2025-11-01,2025-11-30,NA,Country,National,Multi-Family (2-4 Units),false,6347,NA,-7.63,425000,NA,3.66,48,NA,400,8491,NA,0.17,43575,NA,6.92,8171,NA,-3.94
2026-09-03,Monthly,2025-11-01,2025-11-30,NA,Country,National,Single Family Residential,true,239691,1.64,0.49,395000,NA,1.8,48,0,600,292701,-2.35,-1.74,1135375,-0.54,9.16,279117,-0.43,1.27
2026-09-03,Monthly,2025-11-01,2025-11-30,NA,Country,National,Townhouse,true,21589,0.78,-0.11,355000,NA,-1.39,49,0,800,28844,-1.58,2.44,109922,0.35,16.17,24724,0.44,-0.01
2026-09-03,Monthly,2025-10-01,2025-10-31,NA,Country,National,Condo/Co-op,true,29045,-0.26,2.58,340000,NA,0,59,0,900,42576,0.74,2.6,193676,-0.57,10.48,33411,1.01,1.59
2026-09-03,Monthly,2025-10-01,2025-10-31,NA,Country,National,Multi-Family (2-4 Units),false,7589,NA,-2.44,425000,NA,4.17,46,NA,400,11505,NA,3.53,46745,NA,7.47,9709,NA,1.69
2026-09-03,Monthly,2025-10-01,2025-10-31,NA,Country,National,Single Family Residential,true,235812,-0.6,1.64,399900,NA,2.54,48,0,600,299746,1.58,3.73,1141548,-0.3,10.89,280317,1.9,3.48
2026-09-03,Monthly,2025-10-01,2025-10-31,NA,Country,National,Townhouse,true,21422,-1.39,-1.67,355000,NA,-1.39,49,0,800,29308,1.91,5.91,109536,1.22,17.52,24615,1.77,1.69
2026-09-03,Monthly,2025-09-01,2025-09-30,NA,Country,National,Condo/Co-op,true,29119,1.96,5.4,340000,NA,1.49,59,-100,900,42262,1.6,-0.21,194795,-0.6,12.02,33078,0.69,0.65
2026-09-03,Monthly,2025-09-01,2025-09-30,NA,Country,National,Multi-Family (2-4 Units),false,7200,NA,3.12,435000,NA,7.41,47,NA,600,11468,NA,3.62,46325,NA,8.25,9167,NA,1.24
2026-09-03,Monthly,2025-09-01,2025-09-30,NA,Country,National,Single Family Residential,true,237244,0.33,4.67,395900,NA,1.99,48,0,700,295077,1.36,0.89,1144977,-0.24,12.17,275080,-0.03,1.07
2026-09-03,Monthly,2025-09-01,2025-09-30,NA,Country,National,Townhouse,true,21725,0.31,2.01,355000,NA,-1.36,49,100,1000,28758,1.05,1.86,108211,-0.22,17.7,24187,-0.62,-0.76
2026-09-03,Monthly,2025-08-01,2025-08-31,NA,Country,National,Condo/Co-op,true,28560,2.59,0.09,330000,NA,-2.4,60,200,1200,41597,-0.94,-1.06,195971,-0.54,14.44,32852,0.93,3.06
2026-09-03,Monthly,2025-08-01,2025-08-31,NA,Country,National,Multi-Family (2-4 Units),false,7087,NA,-6.11,425000,NA,4.68,45,NA,600,10821,NA,-1.83,45785,NA,7.27,9094,NA,-4.39
2026-09-03,Monthly,2025-08-01,2025-08-31,NA,Country,National,Single Family Residential,true,236466,1.46,3.38,400000,NA,1.27,48,0,700,291113,-0.79,0.94,1147678,0.12,14.42,275158,0.72,5.37
2026-09-03,Monthly,2025-08-01,2025-08-31,NA,Country,National,Townhouse,true,21659,0.61,1.24,360000,NA,0,48,100,1000,28458,-0.35,3.64,108447,-0.43,21.15,24339,1.51,4.65
2026-09-03,Monthly,2025-07-01,2025-07-31,NA,Country,National,Condo/Co-op,true,27838,1.35,-3.47,335000,NA,0,58,200,1200,41991,1.17,1.06,197040,0.04,16.98,32549,2.98,-0.43
2026-09-03,Monthly,2025-07-01,2025-07-31,NA,Country,National,Multi-Family (2-4 Units),false,7390,NA,-3.46,425000,NA,4.94,42,NA,500,11108,NA,-3.28,45674,NA,8.03,9044,NA,-3.52
2026-09-03,Monthly,2025-07-01,2025-07-31,NA,Country,National,Single Family Residential,true,233061,-0.08,1.24,403500,NA,1.13,48,100,600,293430,-0.26,4,1146319,0.35,16.21,273182,1.03,3.4
2026-09-03,Monthly,2025-07-01,2025-07-31,NA,Country,National,Townhouse,true,21528,-0.38,0.51,357000,NA,-0.83,47,0,900,28559,0.08,4.61,108911,0.61,23.31,23976,0.52,1.1
2026-09-03,Monthly,2025-06-01,2025-06-30,NA,Country,National,Condo/Co-op,true,27467,0.34,-3.82,339900,NA,-0.03,56,200,900,41507,-1.52,-0.74,196968,0.33,18.76,31606,-0.18,-4.78
2026-09-03,Monthly,2025-06-01,2025-06-30,NA,Country,National,Multi-Family (2-4 Units),false,7296,NA,4.44,424950,NA,2.4,41,NA,400,11405,NA,0.1,45324,NA,10.86,9028,NA,-1.63
2026-09-03,Monthly,2025-06-01,2025-06-30,NA,Country,National,Single Family Residential,true,233240,-1.34,2,408500,NA,2.12,46,100,500,294199,-3.63,2.64,1142320,0.61,16.89,270401,-0.34,1.36
2026-09-03,Monthly,2025-06-01,2025-06-30,NA,Country,National,Townhouse,true,21611,0.2,1.94,365000,NA,0,47,0,900,28537,-0.75,4.34,108246,0.55,24.69,23853,-0.92,0.3
2026-09-03,Monthly,2025-05-01,2025-05-31,NA,Country,National,Condo/Co-op,true,27375,-1.69,-6.85,340000,NA,0,54,100,700,42146,-1.38,0.8,196320,0.85,20.22,31664,2.11,-3.53
2026-09-03,Monthly,2025-05-01,2025-05-31,NA,Country,National,Multi-Family (2-4 Units),false,7353,NA,-8.76,423000,NA,5.75,38,NA,-100,12041,NA,-2,44710,NA,10.79,9410,NA,-6.87
2026-09-03,Monthly,2025-05-01,2025-05-31,NA,Country,National,Single Family Residential,true,236417,0.26,1.43,400000,NA,0.88,46,100,500,305295,-0.81,6.52,1135430,1.23,17.25,271323,1.01,3.16
2026-09-03,Monthly,2025-05-01,2025-05-31,NA,Country,National,Townhouse,true,21568,0.07,0.71,360000,NA,-1.37,47,200,900,28753,-0.3,6.19,107653,1.83,25.93,24074,1.92,2.72
2026-09-03,Monthly,2025-04-01,2025-04-30,NA,Country,National,Condo/Co-op,true,27847,-3.61,-7.2,343000,NA,0.88,53,0,800,42734,-0.21,4.65,194659,1.29,21.12,31010,-4.1,-6.91
2026-09-03,Monthly,2025-04-01,2025-04-30,NA,Country,National,Multi-Family (2-4 Units),false,7014,NA,-6.52,415500,NA,6.81,40,NA,100,12420,NA,5.69,43152,NA,12.35,9476,NA,-0.65
2026-09-03,Monthly,2025-04-01,2025-04-30,NA,Country,National,Single Family Residential,true,235793,-0.29,-0.78,395000,NA,1.54,45,100,600,307802,-1.28,8.23,1121658,0.99,16.68,268607,-3.14,-0.82
2026-09-03,Monthly,2025-04-01,2025-04-30,NA,Country,National,Townhouse,true,21554,-0.66,1.73,365000,NA,1.11,45,300,800,28840,-0.03,8.07,105722,1.7,25.59,23621,-3.75,-1.84
2026-09-03,Monthly,2025-03-01,2025-03-31,NA,Country,National,Condo/Co-op,true,28890,-1.71,-2.63,340000,NA,0.32,53,100,1100,42823,-0.35,4.17,192180,1.7,20.67,32337,-0.44,-3.87
2026-09-03,Monthly,2025-03-01,2025-03-31,NA,Country,National,Multi-Family (2-4 Units),false,6482,NA,-6.61,415000,NA,10.67,45,NA,500,11819,NA,9.3,40648,NA,10.75,9122,NA,-6.61
2026-09-03,Monthly,2025-03-01,2025-03-31,NA,Country,National,Single Family Residential,true,236482,-0.01,0.18,390000,NA,2.63,44,0,600,311791,1.03,8.73,1110618,1.55,15.9,277323,2.27,2.9
2026-09-03,Monthly,2025-03-01,2025-03-31,NA,Country,National,Townhouse,true,21696,-0.74,2.13,364000,NA,2.54,42,0,700,28848,-0.36,8.28,103951,2.33,24.52,24541,2.36,3.68
2026-09-03,Monthly,2025-02-01,2025-02-28,NA,Country,National,Condo/Co-op,true,29393,-0.28,-0.07,340000,NA,3.03,53,100,1100,42976,0,5.3,188959,2.22,20.51,32481,0.31,-4
2026-09-03,Monthly,2025-02-01,2025-02-28,NA,Country,National,Multi-Family (2-4 Units),false,5513,NA,-8.53,400000,NA,6.67,53,NA,400,9862,NA,-3.19,37554,NA,7.08,7776,NA,-11.56
2026-09-03,Monthly,2025-02-01,2025-02-28,NA,Country,National,Single Family Residential,true,236516,-0.36,-0.96,384420,NA,3.02,44,0,600,308602,0.71,7.37,1093698,1.83,14.81,271176,1.35,1.35
2026-09-03,Monthly,2025-02-01,2025-02-28,NA,Country,National,Townhouse,true,21859,0.1,3.63,359990,NA,2.4,42,-100,800,28951,0.93,9.42,101582,2.67,22.68,23976,0.24,0.34
2026-09-03,Monthly,2025-01-01,2025-01-31,NA,Country,National,Condo/Co-op,true,29474,-0.35,2.66,344500,NA,6,52,100,900,42974,1.09,5.81,184849,2.15,21.11,32379,-2.4,-3.62
2026-09-03,Monthly,2025-01-01,2025-01-31,NA,Country,National,Multi-Family (2-4 Units),false,6146,NA,0.29,405000,NA,7.04,51,NA,400,9760,NA,4.26,36804,NA,8.53,7429,NA,-8.33
2026-09-03,Monthly,2025-01-01,2025-01-31,NA,Country,National,Single Family Residential,true,237361,-1.31,2.47,380000,NA,4.11,43,100,500,306433,1.09,8.35,1074001,1.67,13.97,267558,-2.14,-1.15
2026-09-03,Monthly,2025-01-01,2025-01-31,NA,Country,National,Townhouse,true,21837,-0.66,4.34,350000,NA,1.45,42,0,800,28684,0.22,9.2,98942,2.29,21.86,23918,-1.99,-1.82
2026-09-03,Monthly,2024-12-01,2024-12-31,NA,Country,National,Condo/Co-op,true,29579,2.83,6.03,342000,NA,5.23,51,100,1000,42512,-0.11,4.1,180951,1.89,22.25,33175,-1.07,-1.4
2026-09-03,Monthly,2024-12-01,2024-12-31,NA,Country,National,Multi-Family (2-4 Units),false,7424,NA,6.27,420000,NA,13.28,47,NA,400,6257,NA,0.61,36998,NA,8.3,7139,NA,-3.11
2026-09-03,Monthly,2024-12-01,2024-12-31,NA,Country,National,Single Family Residential,true,240505,0.83,9.74,386500,NA,5.89,43,100,600,303130,1.76,4.38,1056337,1.56,13.95,273402,-0.8,3.36
2026-09-03,Monthly,2024-12-01,2024-12-31,NA,Country,National,Townhouse,true,21983,1.71,7.09,360000,NA,3.75,42,100,800,28622,1.65,9,96725,2.22,22.5,24405,-1.3,3.32
2026-09-03,Monthly,2024-11-01,2024-11-30,NA,Country,National,Condo/Co-op,true,28765,1.6,-0.78,339900,NA,4.58,50,100,1100,42560,2.56,5.47,177596,1.31,24.61,33534,1.97,2.35
2026-09-03,Monthly,2024-11-01,2024-11-30,NA,Country,National,Multi-Family (2-4 Units),false,6871,NA,3.93,410000,NA,14.21,44,NA,500,8477,NA,-3.49,40755,NA,8.69,8506,NA,4.59
2026-09-03,Monthly,2024-11-01,2024-11-30,NA,Country,National,Single Family Residential,true,238531,2.81,8.58,388000,NA,5.43,42,0,600,297883,3.08,1.61,1040103,1.03,16.05,275605,1.74,8.44
2026-09-03,Monthly,2024-11-01,2024-11-30,NA,Country,National,Townhouse,true,21612,-0.8,3.53,360000,NA,2.86,41,100,900,28157,1.75,7.61,94623,1.52,24.86,24727,2.15,9
2026-09-03,Monthly,2024-10-01,2024-10-31,NA,Country,National,Condo/Co-op,true,28314,2.48,-3.45,340000,NA,4.62,50,0,1000,41497,-2.02,3.58,175297,0.81,27.48,32888,0.07,-0.22
2026-09-03,Monthly,2024-10-01,2024-10-31,NA,Country,National,Multi-Family (2-4 Units),false,7779,NA,6.02,408000,NA,8.8,42,NA,400,11113,NA,2.01,43495,NA,11.43,9548,NA,6.87
2026-09-03,Monthly,2024-10-01,2024-10-31,NA,Country,National,Single Family Residential,true,232002,2.35,4.27,390000,NA,4.94,42,0,700,288975,-1.19,2.05,1029469,0.85,19.29,270898,-0.47,6.19
2026-09-03,Monthly,2024-10-01,2024-10-31,NA,Country,National,Townhouse,true,21787,2.3,4.25,360000,NA,1.47,41,200,1000,27673,-1.99,7.9,93204,1.38,28.81,24206,-0.68,7.31
2026-09-03,Monthly,2024-09-01,2024-09-30,NA,Country,National,Condo/Co-op,true,27627,-3.18,-9.65,335000,NA,3.08,50,200,1100,42352,0.74,6.93,173896,1.55,30.18,32864,3.1,-3.1
2026-09-03,Monthly,2024-09-01,2024-09-30,NA,Country,National,Multi-Family (2-4 Units),false,6982,NA,-3.74,405000,NA,9.16,41,NA,500,11067,NA,4.11,42796,NA,13.19,9055,NA,1.49
2026-09-03,Monthly,2024-09-01,2024-09-30,NA,Country,National,Single Family Residential,true,226667,-0.91,-0.69,388180,NA,3.51,42,0,700,292466,1.41,3.76,1020784,1.77,21.8,272169,4.22,6
2026-09-03,Monthly,2024-09-01,2024-09-30,NA,Country,National,Townhouse,true,21298,-0.45,1.65,359900,NA,2.83,38,100,900,28234,2.82,11.85,91936,2.7,30.66,24373,4.8,6.02
2026-09-03,Monthly,2024-08-01,2024-08-31,NA,Country,National,Condo/Co-op,true,28535,-1.05,-7.15,338100,NA,2.45,48,100,900,42042,1.18,7.91,171236,1.66,31.73,31877,-2.49,-8.3
2026-09-03,Monthly,2024-08-01,2024-08-31,NA,Country,National,Multi-Family (2-4 Units),false,7548,NA,-3.75,406000,NA,7.12,39,NA,200,11023,NA,-2.52,42684,NA,13.69,9512,NA,-5.05
2026-09-03,Monthly,2024-08-01,2024-08-31,NA,Country,National,Single Family Residential,true,228742,-0.64,0.07,395000,NA,3.4,41,0,600,288391,2.22,4.98,1003073,1.69,22.77,261144,-1.15,-1.04
2026-09-03,Monthly,2024-08-01,2024-08-31,NA,Country,National,Townhouse,true,21394,-0.12,1.75,360000,NA,1.41,38,0,800,27459,0.58,9.55,89518,1.35,30,23256,-1.93,0.35
2026-09-03,Monthly,2024-07-01,2024-07-31,NA,Country,National,Condo/Co-op,true,28838,0.98,-6.53,335000,NA,3.08,47,0,800,41550,-0.63,8.45,168433,1.55,32.16,32690,-1.51,-8.67
2026-09-03,Monthly,2024-07-01,2024-07-31,NA,Country,National,Multi-Family (2-4 Units),false,7655,NA,11.92,405000,NA,8,37,NA,100,11485,NA,12.5,42279,NA,17.89,9374,NA,3.96
2026-09-03,Monthly,2024-07-01,2024-07-31,NA,Country,National,Single Family Residential,true,230206,0.67,0.11,399000,NA,3.64,42,0,700,282131,-1.57,4.18,986397,0.94,22.28,264189,-0.97,-2.24
2026-09-03,Monthly,2024-07-01,2024-07-31,NA,Country,National,Townhouse,true,21419,1.04,2.35,360000,NA,2.86,38,0,700,27300,-0.18,10.82,88324,1.74,29.69,23715,-0.28,-2.25
2026-09-03,Monthly,2024-06-01,2024-06-30,NA,Country,National,Condo/Co-op,true,28558,-2.82,-6.75,340000,NA,3.03,47,0,700,41816,0.01,12.67,165857,1.56,31.28,33191,1.12,-4.61
2026-09-03,Monthly,2024-06-01,2024-06-30,NA,Country,National,Multi-Family (2-4 Units),false,6986,NA,-10.41,415000,NA,9.21,37,NA,200,11394,NA,1.31,40885,NA,13.71,9178,NA,-7.96
2026-09-03,Monthly,2024-06-01,2024-06-30,NA,Country,National,Single Family Residential,true,228674,-1.89,-1.87,400000,NA,3.1,41,100,500,286642,0.01,7.88,977250,0.92,20.79,266774,1.43,-0.05
2026-09-03,Monthly,2024-06-01,2024-06-30,NA,Country,National,Townhouse,true,21199,-1.01,2.12,365000,NA,3.02,38,0,700,27350,1.01,13.34,86810,1.55,27.45,23781,1.47,0.86
2026-09-03,Monthly,2024-05-01,2024-05-31,NA,Country,National,Condo/Co-op,true,29387,-2.07,-4.53,340000,NA,3.06,47,200,700,41810,2.38,11.82,163306,1.61,28.69,32824,-1.47,-5.59
2026-09-03,Monthly,2024-05-01,2024-05-31,NA,Country,National,Multi-Family (2-4 Units),false,8059,NA,9.38,399997,NA,8.03,39,NA,100,12287,NA,9.6,40355,NA,15.42,10104,NA,4.01
2026-09-03,Monthly,2024-05-01,2024-05-31,NA,Country,National,Single Family Residential,true,233077,-1.92,-0.97,396500,NA,3.84,40,100,200,286621,0.78,8.57,968358,0.74,17.42,263009,-2.89,-2.09
2026-09-03,Monthly,2024-05-01,2024-05-31,NA,Country,National,Townhouse,true,21417,1.08,3.2,365000,NA,3.4,38,200,500,27077,1.46,11.27,85490,1.55,23.49,23437,-2.61,-1.4
2026-09-03,Monthly,2024-04-01,2024-04-30,NA,Country,National,Condo/Co-op,true,30008,1.14,-2.95,340000,NA,4.62,45,200,400,40836,-0.67,10.28,160721,0.92,25.2,33313,-0.97,-4.95
2026-09-03,Monthly,2024-04-01,2024-04-30,NA,Country,National,Multi-Family (2-4 Units),false,7503,NA,18.61,389000,NA,11.14,39,NA,-200,11751,NA,20.45,38410,NA,16.27,9538,NA,6.27
2026-09-03,Monthly,2024-04-01,2024-04-30,NA,Country,National,Single Family Residential,true,237639,0.67,0.75,389000,NA,4.85,39,100,0,284392,-0.82,10.48,961277,0.32,12.99,270823,0.48,-1.33
2026-09-03,Monthly,2024-04-01,2024-04-30,NA,Country,National,Townhouse,true,21187,-0.27,1.17,361000,NA,3.17,37,200,100,26686,0.17,11.93,84181,0.84,18.87,24064,1.67,0.72
2026-09-03,Monthly,2024-03-01,2024-03-31,NA,Country,National,Condo/Co-op,true,29669,0.87,-4.07,338900,NA,6.24,43,100,200,41111,0.73,10.56,159259,1.57,22.13,33640,-0.57,-2.28
2026-09-03,Monthly,2024-03-01,2024-03-31,NA,Country,National,Multi-Family (2-4 Units),false,6941,NA,-3.15,375000,NA,7.91,40,NA,-500,10813,NA,6.1,36701,NA,9.64,9768,NA,0.86
2026-09-03,Monthly,2024-03-01,2024-03-31,NA,Country,National,Single Family Residential,true,236063,-1.15,-0.27,380000,NA,4.11,38,0,-200,286746,-0.24,10.98,958218,0.59,8.71,269516,0.73,0.04
2026-09-03,Monthly,2024-03-01,2024-03-31,NA,Country,National,Townhouse,true,21244,0.71,1.81,355000,NA,4.41,35,100,0,26641,0.69,9.89,83479,0.82,14.03,23669,-0.94,0.26
2026-09-03,Monthly,2024-02-01,2024-02-29,NA,Country,National,Condo/Co-op,true,29413,2.45,-3.54,330000,NA,7.49,42,-200,200,40812,0.48,7.7,156802,2.74,17.7,33834,0.71,-3.3
2026-09-03,Monthly,2024-02-01,2024-02-29,NA,Country,National,Multi-Family (2-4 Units),false,6027,NA,11.43,375000,NA,15.38,49,NA,0,10187,NA,23.82,35071,NA,10.89,8792,NA,8.84
2026-09-03,Monthly,2024-02-01,2024-02-29,NA,Country,National,Single Family Residential,true,238818,3.1,0.49,373150,NA,5.86,38,0,-200,287422,1.62,8.95,952641,1.09,4.1,267568,-1.15,-7.75
2026-09-03,Monthly,2024-02-01,2024-02-29,NA,Country,National,Townhouse,true,21094,0.79,0.07,351567,NA,4.95,34,0,-100,26459,0.73,9.25,82803,1.98,9.57,23894,-1.92,-3.4
2026-09-03,Monthly,2024-01-01,2024-01-31,NA,Country,National,Condo/Co-op,true,28710,2.92,-2.76,325000,NA,6.56,43,200,100,40616,-0.54,6.97,152628,3.12,13.37,33596,-0.15,-3.62
2026-09-03,Monthly,2024-01-01,2024-01-31,NA,Country,National,Multi-Family (2-4 Units),false,6128,NA,9.92,378375,NA,14.31,47,NA,-500,9361,NA,20.63,33910,NA,5.76,8104,NA,8.1
2026-09-03,Monthly,2024-01-01,2024-01-31,NA,Country,National,Single Family Residential,true,231639,5.7,-1.14,365000,NA,4.32,38,100,-200,282829,-2.61,4.04,942346,1.65,0.74,270672,2.32,-4.12
2026-09-03,Monthly,2024-01-01,2024-01-31,NA,Country,National,Townhouse,true,20928,1.96,0.88,345000,NA,4.55,34,0,-100,26267,0.03,5.79,81194,2.83,5.09,24362,3.14,-0.04
2026-09-03,Monthly,2023-12-01,2023-12-31,NA,Country,National,Condo/Co-op,true,27896,-3.78,-2.64,325000,NA,6.56,41,200,200,40838,1.21,4.76,148016,3.85,10.9,33647,2.69,0.35
2026-09-03,Monthly,2023-12-01,2023-12-31,NA,Country,National,Multi-Family (2-4 Units),false,6986,NA,-2.29,370750,NA,10.67,43,NA,-500,6219,NA,10.66,34164,NA,1.01,7368,NA,3.63
2026-09-03,Monthly,2023-12-01,2023-12-31,NA,Country,National,Single Family Residential,true,219151,-0.24,-3.87,365000,NA,4.29,37,100,-200,290419,-0.94,8.08,927020,3.43,-0.75,264527,4.08,-0.97
2026-09-03,Monthly,2023-12-01,2023-12-31,NA,Country,National,Townhouse,true,20527,-1.67,-2.32,347000,NA,5.85,34,200,-100,26260,0.35,7.48,78961,4.2,2.36,23621,4.13,3.69
2026-09-03,Monthly,2023-11-01,2023-11-30,NA,Country,National,Condo/Co-op,true,28992,-1.13,-4.93,325000,NA,5.86,40,0,-100,40352,0.73,2.89,142524,3.65,8.46,32765,-0.59,-2.32
2026-09-03,Monthly,2023-11-01,2023-11-30,NA,Country,National,Multi-Family (2-4 Units),false,6611,NA,-5.56,359000,NA,4.38,39,NA,-600,8784,NA,12.06,37498,NA,-0.98,8133,NA,-1.06
2026-09-03,Monthly,2023-11-01,2023-11-30,NA,Country,National,Single Family Residential,true,219678,-1.27,-6,368000,NA,3.66,36,100,-200,293164,3.53,5.91,896258,3.85,-3.37,254148,-0.37,-3.68
2026-09-03,Monthly,2023-11-01,2023-11-30,NA,Country,National,Townhouse,true,20875,-0.12,-1.22,349990,NA,5.42,32,100,-100,26167,2.03,4.55,75782,4.73,-0.39,22685,0.57,0.73
2026-09-03,Monthly,2023-10-01,2023-10-31,NA,Country,National,Condo/Co-op,true,29324,-4.1,-10.67,325000,NA,3.17,39,100,0,40061,1.15,1.7,137510,2.94,5.04,32959,-2.82,-5.34
2026-09-03,Monthly,2023-10-01,2023-10-31,NA,Country,National,Multi-Family (2-4 Units),false,7337,NA,-5.94,375000,NA,7.14,38,NA,-700,10894,NA,11.11,39035,NA,-4.36,8934,NA,-2.08
2026-09-03,Monthly,2023-10-01,2023-10-31,NA,Country,National,Single Family Residential,true,222498,-2.52,-12.08,371653,NA,3.24,35,100,-300,283158,0.45,-1.06,863014,2.98,-7.16,255102,-0.64,-6.87
2026-09-03,Monthly,2023-10-01,2023-10-31,NA,Country,National,Townhouse,true,20899,-0.25,-12.06,354800,NA,5.91,31,100,-100,25646,1.6,-0.17,72357,2.83,-4.76,22557,-1.88,-3.65
2026-09-03,Monthly,2023-09-01,2023-09-30,NA,Country,National,Condo/Co-op,true,30578,-0.5,-9.52,325000,NA,3.18,38,0,0,39607,1.66,-1.3,133582,2.77,0.62,33915,-2.44,-7.81
2026-09-03,Monthly,2023-09-01,2023-09-30,NA,Country,National,Multi-Family (2-4 Units),false,7253,NA,-16.76,371000,NA,3.06,36,NA,-800,10630,NA,-1.01,37809,NA,-11.87,8922,NA,-16.37
2026-09-03,Monthly,2023-09-01,2023-09-30,NA,Country,National,Single Family Residential,true,228245,-0.14,-12.78,375000,NA,2.74,34,-100,-300,281881,2.61,-4.1,838074,2.58,-10.91,256753,-2.71,-10.94
2026-09-03,Monthly,2023-09-01,2023-09-30,NA,Country,National,Townhouse,true,20951,-0.36,-13.72,350000,NA,2.97,29,-100,-300,25242,0.7,-4.2,70363,2.18,-8.77,22989,-0.8,-5.79
2026-09-03,Monthly,2023-08-01,2023-08-31,NA,Country,National,Condo/Co-op,true,30732,-0.39,-10.82,330000,NA,6.45,38,-100,200,38961,1.69,-5.65,129986,2,-4.28,34763,-2.88,-11.55
2026-09-03,Monthly,2023-08-01,2023-08-31,NA,Country,National,Multi-Family (2-4 Units),false,7842,NA,-16.35,379000,NA,5.31,37,NA,-300,11308,NA,-0.46,37545,NA,-15.72,10018,NA,-12.2
2026-09-03,Monthly,2023-08-01,2023-08-31,NA,Country,National,Single Family Residential,true,228571,-0.6,-13.04,382000,NA,3.24,35,0,0,274718,1.45,-10.09,817003,1.28,-14.28,263895,-2.35,-13.19
2026-09-03,Monthly,2023-08-01,2023-08-31,NA,Country,National,Townhouse,true,21027,0.47,-14.18,355000,NA,4.41,30,-100,100,25066,1.75,-6.65,68859,1.11,-12,23175,-4.48,-11.93
2026-09-03,Monthly,2023-07-01,2023-07-31,NA,Country,National,Condo/Co-op,true,30853,0.74,-12.92,325000,NA,3.17,39,0,500,38314,3.23,-11.03,127443,0.88,-6.69,35794,2.87,-8.88
2026-09-03,Monthly,2023-07-01,2023-07-31,NA,Country,National,Multi-Family (2-4 Units),false,6840,NA,-24.14,375000,NA,4.17,36,NA,-100,10209,NA,-16.82,35864,NA,-19.98,9017,NA,-15.49
2026-09-03,Monthly,2023-07-01,2023-07-31,NA,Country,National,Single Family Residential,true,229943,-1.32,-13.64,385000,NA,2.41,35,-100,300,270801,1.91,-19.45,806663,-0.29,-15.07,270233,1.25,-11.14
2026-09-03,Monthly,2023-07-01,2023-07-31,NA,Country,National,Townhouse,true,20928,0.81,-15.39,350000,NA,2.94,31,-100,600,24634,2.09,-12.87,68103,-0.01,-12.97,24262,2.9,-6.71
2026-09-03,Monthly,2023-06-01,2023-06-30,NA,Country,National,Condo/Co-op,true,30626,-0.51,-19.18,330000,NA,0,40,-100,700,37114,-0.74,-17.54,126334,-0.45,-5.39,34794,0.08,-13.71
2026-09-03,Monthly,2023-06-01,2023-06-30,NA,Country,National,Multi-Family (2-4 Units),false,7798,NA,-26.01,380000,NA,2.7,35,NA,-100,11247,NA,-25.44,35957,NA,-20.22,9972,NA,-15.77
2026-09-03,Monthly,2023-06-01,2023-06-30,NA,Country,National,Single Family Residential,true,233029,-0.99,-16.44,387990,NA,-0.52,36,-200,600,265715,0.65,-24.1,809037,-1.9,-12.33,266902,-0.64,-13.73
2026-09-03,Monthly,2023-06-01,2023-06-30,NA,Country,National,Townhouse,true,20759,0.03,-18.11,354315,NA,0.2,31,-200,800,24130,-0.84,-17.54,68111,-1.61,-10.33,23579,-0.8,-12.11
2026-09-03,Monthly,2023-05-01,2023-05-31,NA,Country,National,Condo/Co-op,true,30782,-0.45,-24.13,329900,NA,-0.69,40,-100,900,37391,0.98,-17.35,126901,-1.15,-2.24,34765,-0.81,-18.52
2026-09-03,Monthly,2023-05-01,2023-05-31,NA,Country,National,Multi-Family (2-4 Units),false,7368,NA,-28,370250,NA,1.44,38,NA,300,11211,NA,-23.84,34965,NA,-17.81,9714,NA,-22.92
2026-09-03,Monthly,2023-05-01,2023-05-31,NA,Country,National,Single Family Residential,true,235371,-0.21,-20.18,381830,NA,-2.09,38,-100,1100,263993,2.56,-22.74,824698,-3.07,-6.85,268618,-2.13,-16.34
2026-09-03,Monthly,2023-05-01,2023-05-31,NA,Country,National,Townhouse,true,20752,-0.91,-19.6,353000,NA,0,33,-300,1200,24334,2.07,-16.81,69228,-2.25,-5.38,23770,-0.51,-14.69
2026-09-03,Monthly,2023-04-01,2023-04-30,NA,Country,National,Condo/Co-op,true,30919,-0.03,-26.59,325000,NA,-1.52,41,0,1000,37029,-0.42,-18.91,128371,-1.56,-0.34,35049,1.82,-20.8
2026-09-03,Monthly,2023-04-01,2023-04-30,NA,Country,National,Multi-Family (2-4 Units),false,6326,NA,-36.98,350000,NA,-1.41,41,NA,300,9756,NA,-31.17,33035,NA,-18.02,8975,NA,-28.53
2026-09-03,Monthly,2023-04-01,2023-04-30,NA,Country,National,Single Family Residential,true,235868,-0.35,-21.63,371000,NA,-3.18,39,-100,1200,257410,-0.37,-23.1,850780,-3.48,-1.24,274465,1.87,-13.99
2026-09-03,Monthly,2023-04-01,2023-04-30,NA,Country,National,Townhouse,true,20943,0.36,-20,349900,NA,-0.03,36,100,1600,23842,-1.65,-19.52,70819,-3.27,-1.9,23893,1.21,-14.84
2026-09-03,Monthly,2023-03-01,2023-03-31,NA,Country,National,Condo/Co-op,true,30928,1.42,-29.4,319000,NA,-1.85,40,100,1000,37183,-1.88,-19.23,130403,-2.12,0.91,34424,-1.61,-24.15
2026-09-03,Monthly,2023-03-01,2023-03-31,NA,Country,National,Multi-Family (2-4 Units),false,7167,NA,-32.52,347500,NA,-0.71,45,NA,200,10191,NA,-29.01,33474,NA,-14.2,9685,NA,-26.34
2026-09-03,Monthly,2023-03-01,2023-03-31,NA,Country,National,Single Family Residential,true,236697,-0.4,-20.33,365000,NA,-1.62,40,0,1300,258367,-2.06,-20.36,881452,-3.68,3.7,269416,-7.11,-17.04
2026-09-03,Monthly,2023-03-01,2023-03-31,NA,Country,National,Townhouse,true,20867,-1.01,-21.77,340000,NA,0,35,0,1400,24242,0.1,-18.45,73211,-3.12,2.14,23607,-4.56,-17.27
2026-09-03,Monthly,2023-02-01,2023-02-28,NA,Country,National,Condo/Co-op,true,30493,3.28,-32,307000,NA,-0.97,40,-300,1000,37894,-0.2,-19.39,133224,-1.05,2.73,34989,0.38,-25.2
2026-09-03,Monthly,2023-02-01,2023-02-28,NA,Country,National,Multi-Family (2-4 Units),false,5409,NA,-35.74,325000,NA,-4.27,49,NA,-200,8227,NA,-24.03,31627,NA,-10.42,8078,NA,-27.35
2026-09-03,Monthly,2023-02-01,2023-02-28,NA,Country,National,Single Family Residential,true,237659,1.43,-21.69,352500,NA,-0.7,40,0,1400,263811,-2.95,-19.27,915084,-2.18,8.36,290040,2.74,-11.83
2026-09-03,Monthly,2023-02-01,2023-02-28,NA,Country,National,Townhouse,true,21079,1.61,-20.96,335000,NA,2.32,35,-100,1400,24218,-2.46,-20.78,75569,-2.19,6.36,24735,1.49,-16.65
2026-09-03,Monthly,2023-01-01,2023-01-31,NA,Country,National,Condo/Co-op,true,29524,3.05,-41.1,305000,NA,1.65,42,300,900,37969,-2.6,-18.31,134631,0.87,2.33,34856,3.96,-29.47
2026-09-03,Monthly,2023-01-01,2023-01-31,NA,Country,National,Multi-Family (2-4 Units),false,5575,NA,-38.99,331000,NA,-5.43,52,NA,200,7760,NA,-20.39,32064,NA,-8.91,7497,NA,-29.23
2026-09-03,Monthly,2023-01-01,2023-01-31,NA,Country,National,Single Family Residential,true,234312,2.78,-34.68,349900,NA,1.42,40,100,1000,271838,1.17,-14.96,935457,0.15,10.15,282305,5.68,-17.87
2026-09-03,Monthly,2023-01-01,2023-01-31,NA,Country,National,Townhouse,true,20745,-1.28,-33.84,329990,NA,6.45,35,0,1300,24829,1.63,-16.82,77261,0.15,7.94,24372,6.98,-21
2026-09-03,Monthly,2022-12-01,2022-12-31,NA,Country,National,Condo/Co-op,true,28651,-6.05,-37.32,305000,NA,1.67,40,-100,600,38983,-0.6,-17.37,133473,1.57,-0.62,33529,-0.05,-34.59
2026-09-03,Monthly,2022-12-01,2022-12-31,NA,Country,National,Multi-Family (2-4 Units),false,7150,NA,-39.69,335000,NA,-5.63,48,NA,300,5620,NA,-24.34,33823,NA,-11.46,7110,NA,-35.7
2026-09-03,Monthly,2022-12-01,2022-12-31,NA,Country,National,Single Family Residential,true,227967,-2.46,-31.62,350000,NA,0.03,39,100,800,268697,-2.93,-22.34,934054,0.71,8.09,267129,1.24,-26.94
2026-09-03,Monthly,2022-12-01,2022-12-31,NA,Country,National,Townhouse,true,21015,-0.56,-31.21,327832,NA,4.07,35,200,1200,24432,-2.39,-22.54,77142,1.4,5.6,22782,1.16,-30.91
2026-09-03,Monthly,2022-11-01,2022-11-30,NA,Country,National,Condo/Co-op,true,30496,-7.1,-36.07,307000,NA,3.37,40,100,600,39219,-0.44,-18.05,131408,0.38,-5.3,33544,-3.66,-37.53
2026-09-03,Monthly,2022-11-01,2022-11-30,NA,Country,National,Multi-Family (2-4 Units),false,7000,NA,-36.52,343950,NA,1.16,45,NA,0,7839,NA,-25.28,37868,NA,-14.87,8220,NA,-35.68
2026-09-03,Monthly,2022-11-01,2022-11-30,NA,Country,National,Single Family Residential,true,233709,-7.65,-32.46,355000,NA,1.46,38,0,700,276794,-3.28,-21.1,927498,-0.23,4.57,263861,-3.67,-30.6
2026-09-03,Monthly,2022-11-01,2022-11-30,NA,Country,National,Townhouse,true,21134,-11.07,-33.03,332000,NA,5.4,33,100,900,25029,-2.58,-22.07,76078,0.14,0.66,22520,-3.81,-35.43
2026-09-03,Monthly,2022-10-01,2022-10-31,NA,Country,National,Condo/Co-op,true,32827,-2.87,-28.41,315000,NA,7.14,39,100,400,39391,-1.84,-19.07,130910,-1.39,-8.75,34820,-5.35,-34.91
2026-09-03,Monthly,2022-10-01,2022-10-31,NA,Country,National,Multi-Family (2-4 Units),false,7800,NA,-31.41,350000,NA,0.57,45,NA,200,9805,NA,-22.6,40816,NA,-15.69,9124,NA,-33.81
2026-09-03,Monthly,2022-10-01,2022-10-31,NA,Country,National,Single Family Residential,true,253060,-3.3,-24.37,360000,NA,4.35,38,100,600,286179,-2.63,-18.2,929605,-1.18,2.95,273906,-4.99,-26.91
2026-09-03,Monthly,2022-10-01,2022-10-31,NA,Country,National,Townhouse,true,23765,-2.13,-23.37,335000,NA,8.06,32,0,800,25691,-2.49,-19.43,75971,-1.5,-2.02,23412,-4.06,-33.12
2026-09-03,Monthly,2022-09-01,2022-09-30,NA,Country,National,Condo/Co-op,true,33797,-1.93,-25.84,314990,NA,8.62,38,200,300,40129,-2.82,-18.01,132760,-2.24,-9.18,36789,-6.4,-28.47
2026-09-03,Monthly,2022-09-01,2022-09-30,NA,Country,National,Multi-Family (2-4 Units),false,8713,NA,-19.38,360000,NA,5.88,44,NA,400,10738,NA,-21.33,42903,NA,-13.83,10668,NA,-19.75
2026-09-03,Monthly,2022-09-01,2022-09-30,NA,Country,National,Single Family Residential,true,261693,-0.44,-20.02,365000,NA,6.41,37,200,600,293922,-3.8,-14.54,940735,-1.3,3.28,288306,-5.16,-21.22
2026-09-03,Monthly,2022-09-01,2022-09-30,NA,Country,National,Townhouse,true,24283,-0.89,-22,339900,NA,10.12,32,400,900,26348,-1.88,-17.77,77126,-1.44,-2,24402,-7.26,-28.31
2026-09-03,Monthly,2022-08-01,2022-08-31,NA,Country,National,Condo/Co-op,true,34460,-2.74,-23.08,310000,NA,6.9,36,200,100,41296,-4.11,-16.06,135802,-0.58,-8.13,39304,0.06,-23.07
2026-09-03,Monthly,2022-08-01,2022-08-31,NA,Country,National,Multi-Family (2-4 Units),false,9375,NA,-16.68,359900,NA,5.85,40,NA,0,11360,NA,-21.48,44548,NA,-11.95,11410,NA,-17.23
2026-09-03,Monthly,2022-08-01,2022-08-31,NA,Country,National,Single Family Residential,true,262855,-1.28,-17.73,370000,NA,7.25,35,200,400,305534,-9.11,-14.26,953099,0.35,4.46,303980,-0.04,-16.05
2026-09-03,Monthly,2022-08-01,2022-08-31,NA,Country,National,Townhouse,true,24502,-0.94,-20.01,339990,NA,10.39,29,400,700,26851,-5.03,-17.5,78249,0,-1.23,26313,1.18,-21.15
2026-09-03,Monthly,2022-07-01,2022-07-31,NA,Country,National,Condo/Co-op,true,35430,-6.5,-23.34,315000,NA,7.51,35,200,-100,43064,-4.32,-13.81,136587,2.29,-8.44,39282,-2.58,-23.05
2026-09-03,Monthly,2022-07-01,2022-07-31,NA,Country,National,Multi-Family (2-4 Units),false,9017,NA,-22,360000,NA,5.88,37,NA,0,12274,NA,-20.14,44821,NA,-10.87,10670,NA,-22.75
2026-09-03,Monthly,2022-07-01,2022-07-31,NA,Country,National,Single Family Residential,true,266260,-4.53,-16.53,375950,NA,7.44,32,200,200,336170,-3.98,-6.63,949771,2.92,5.76,304102,-1.71,-14.2
2026-09-03,Monthly,2022-07-01,2022-07-31,NA,Country,National,Townhouse,true,24735,-2.43,-20.51,340000,NA,9.68,24,100,400,28273,-3.39,-13.77,78250,3.02,0.55,26007,-3.06,-19.89
2026-09-03,Monthly,2022-06-01,2022-06-30,NA,Country,National,Condo/Co-op,true,37893,-6.6,-18.86,330000,NA,11.86,33,200,-400,45010,-0.51,-9.59,133528,2.87,-12.1,40323,-5.49,-22.9
2026-09-03,Monthly,2022-06-01,2022-06-30,NA,Country,National,Multi-Family (2-4 Units),false,10539,NA,-11.49,370000,NA,8.82,36,NA,-200,15084,NA,-11.58,45073,NA,-8.8,11839,NA,-17.66
2026-09-03,Monthly,2022-06-01,2022-06-30,NA,Country,National,Single Family Residential,true,278891,-5.42,-13.51,390000,NA,11.43,30,300,-100,350091,2.46,0.81,922862,4.24,4.31,309395,-3.65,-13.22
2026-09-03,Monthly,2022-06-01,2022-06-30,NA,Country,National,Townhouse,true,25350,-1.79,-17.58,353610,NA,14.15,23,200,100,29264,0.05,-10.37,75955,3.82,-1.49,26827,-3.72,-18.82
2026-09-03,Monthly,2022-05-01,2022-05-31,NA,Country,National,Condo/Co-op,true,40571,-3.68,-13.37,332200,NA,14.55,31,0,-800,45240,-0.93,-8.21,129809,0.78,-16.89,42665,-3.6,-19.06
2026-09-03,Monthly,2022-05-01,2022-05-31,NA,Country,National,Multi-Family (2-4 Units),false,10234,NA,-1.33,365000,NA,12.31,35,NA,-400,14721,NA,-4.45,42540,NA,-7.37,12602,NA,-8.56
2026-09-03,Monthly,2022-05-01,2022-05-31,NA,Country,National,Single Family Residential,true,294876,-2.02,-9.03,390000,NA,15.38,27,0,-500,341692,2.08,1.7,885343,2.77,-0.35,321102,0.63,-9.02
2026-09-03,Monthly,2022-05-01,2022-05-31,NA,Country,National,Townhouse,true,25813,-1.39,-15.08,352990,NA,16.33,21,100,-200,29250,-1.27,-9.07,73161,1.34,-6.1,27864,-0.69,-14.5
2026-09-03,Monthly,2022-04-01,2022-04-30,NA,Country,National,Condo/Co-op,true,42119,-3.86,-11.94,330000,NA,15.79,31,0,-1100,45665,-0.81,-8.56,128808,-0.32,-20.39,44256,-2.49,-13.95
2026-09-03,Monthly,2022-04-01,2022-04-30,NA,Country,National,Multi-Family (2-4 Units),false,10038,NA,-5.83,355000,NA,9.23,38,NA,-600,14175,NA,-6.18,40297,NA,-7.64,12557,NA,-7.7
2026-09-03,Monthly,2022-04-01,2022-04-30,NA,Country,National,Single Family Residential,true,300955,1.3,-5.91,383200,NA,16.12,27,0,-700,334734,3.18,0,861491,1.35,-4.94,319102,-1.74,-8.08
2026-09-03,Monthly,2022-04-01,2022-04-30,NA,Country,National,Townhouse,true,26177,-1.86,-14.65,350000,NA,17.06,20,-100,-500,29626,-0.35,-9.04,72192,0.72,-9.8,28056,-1.67,-12.43
2026-09-03,Monthly,2022-03-01,2022-03-31,NA,Country,National,Condo/Co-op,true,43809,-2.3,-8.66,325000,NA,16.49,30,100,-1400,46036,-2.07,-8.42,129225,-0.36,-22.86,45386,-2.97,-13.55
2026-09-03,Monthly,2022-03-01,2022-03-31,NA,Country,National,Multi-Family (2-4 Units),false,10621,NA,1.21,350000,NA,9.38,43,NA,-700,14356,NA,-0.96,39013,NA,-6.85,13148,NA,-3.94
2026-09-03,Monthly,2022-03-01,2022-03-31,NA,Country,National,Single Family Residential,true,297088,-2.1,-5.27,371000,NA,15.94,27,0,-800,324405,-0.72,-1.42,850037,0.66,-7.61,324739,-1.29,-8.69
2026-09-03,Monthly,2022-03-01,2022-03-31,NA,Country,National,Townhouse,true,26674,0.02,-12.24,340000,NA,17.24,21,0,-600,29728,-2.75,-7.68,71674,0.88,-11.05,28534,-3.85,-12.88
2026-09-03,Monthly,2022-02-01,2022-02-28,NA,Country,National,Condo/Co-op,true,44840,-10.54,-3.56,310000,NA,16.1,30,-400,-1500,47010,1.14,-4.81,129686,-1.43,-24.59,46776,-5.35,-11.16
2026-09-03,Monthly,2022-02-01,2022-02-28,NA,Country,National,Multi-Family (2-4 Units),false,8418,NA,5.54,339500,NA,10.23,51,NA,-500,10829,NA,6.24,35306,NA,-7.37,11119,NA,3.14
2026-09-03,Monthly,2022-02-01,2022-02-28,NA,Country,National,Single Family Residential,true,303474,-15.4,-2.47,355000,NA,16.39,26,-300,-700,326764,2.22,3.8,844486,-0.57,-9.28,328971,-4.29,-4.21
2026-09-03,Monthly,2022-02-01,2022-02-28,NA,Country,National,Townhouse,true,26668,-14.95,-12.21,327420,NA,16.94,21,-200,-700,30570,2.41,-3.06,71048,-0.74,-12.94,29675,-3.81,-9.25
2026-09-03,Monthly,2022-01-01,2022-01-31,NA,Country,National,Condo/Co-op,true,50124,9.65,5.34,300041,NA,13.22,34,0,-1000,46478,-1.49,-8.53,131567,-2.04,-28.49,49422,-3.58,-7.79
2026-09-03,Monthly,2022-01-01,2022-01-31,NA,Country,National,Multi-Family (2-4 Units),false,9138,NA,11.24,350000,NA,11.11,50,NA,-400,9747,NA,-4.35,35201,NA,-10.3,10593,NA,1.35
2026-09-03,Monthly,2022-01-01,2022-01-31,NA,Country,National,Single Family Residential,true,358721,7.61,-0.16,345000,NA,15,30,-100,-600,319658,-7.61,-4.2,849293,-1.72,-11.17,343732,-5.99,-5.35
2026-09-03,Monthly,2022-01-01,2022-01-31,NA,Country,National,Townhouse,true,31357,2.64,1.12,310000,NA,15.23,22,-100,-700,29851,-5.36,-7.61,71579,-2.01,-15.27,30851,-6.44,-11.14
2026-09-03,Monthly,2021-12-01,2021-12-31,NA,Country,National,Condo/Co-op,true,45711,-4.17,-1.33,300000,NA,14.07,34,-100,-1200,47180,-1.42,-7.92,134302,-3.21,-28.6,51257,-4.55,-3.97
2026-09-03,Monthly,2021-12-01,2021-12-31,NA,Country,National,Multi-Family (2-4 Units),false,11856,NA,10,355000,NA,12.7,45,NA,-500,7428,NA,-6.85,38200,NA,-8.33,11057,NA,4.59
2026-09-03,Monthly,2021-12-01,2021-12-31,NA,Country,National,Single Family Residential,true,333360,-3.67,-5.19,349900,NA,15.48,31,-100,-600,345983,-1.38,-4.35,864134,-2.58,-11.22,365637,-3.83,-3.45
2026-09-03,Monthly,2021-12-01,2021-12-31,NA,Country,National,Townhouse,true,30550,-3.19,-1.11,315000,NA,15.13,23,-100,-600,31543,-1.79,-5.59,73051,-3.34,-14.85,32974,-5.45,-7.23
2026-09-03,Monthly,2021-11-01,2021-11-30,NA,Country,National,Condo/Co-op,true,47701,4.03,4.42,297000,NA,14.27,35,-100,-1000,47858,-1.68,-6.71,138761,-3.28,-27.45,53698,0.37,5.34
2026-09-03,Monthly,2021-11-01,2021-11-30,NA,Country,National,Multi-Family (2-4 Units),false,11027,NA,23.91,340000,NA,17.27,45,NA,-200,10491,NA,3.91,44485,NA,-1.49,12780,NA,19.89
2026-09-03,Monthly,2021-11-01,2021-11-30,NA,Country,National,Single Family Residential,true,346044,3.42,-1.8,349900,NA,14.72,31,0,-700,350808,0.27,0.42,886994,-1.77,-9.91,380210,1.46,0
2026-09-03,Monthly,2021-11-01,2021-11-30,NA,Country,National,Townhouse,true,31558,1.76,4.33,315000,NA,15.38,25,0,-500,32117,0.73,-0.58,75577,-2.53,-12.82,34875,-0.37,-0.52
2026-09-03,Monthly,2021-10-01,2021-10-31,NA,Country,National,Condo/Co-op,true,45854,0.62,2.74,294000,NA,13.56,35,0,-1000,48676,-0.55,-8.05,143470,-1.86,-26.1,53499,4.02,4.24
2026-09-03,Monthly,2021-10-01,2021-10-31,NA,Country,National,Multi-Family (2-4 Units),false,11372,NA,15.07,348000,NA,17.97,43,NA,-200,12668,NA,-3.55,48412,NA,1.13,13784,NA,10.49
2026-09-03,Monthly,2021-10-01,2021-10-31,NA,Country,National,Single Family Residential,true,334590,2.27,-5.51,345000,NA,13.11,32,0,-900,349855,1.72,-2.81,903003,-0.86,-9.82,374756,2.4,-3.65
2026-09-03,Monthly,2021-10-01,2021-10-31,NA,Country,National,Townhouse,true,31012,-0.39,1.32,310000,NA,14.39,24,100,-700,31885,-0.49,-3.11,77538,-1.48,-12.13,35004,2.84,-1.53
2026-09-03,Monthly,2021-09-01,2021-09-30,NA,Country,National,Condo/Co-op,true,45570,1.72,7.2,290000,NA,14.25,36,0,-1100,48945,-0.51,-7.84,146185,-1.1,-25.01,51433,0.66,-0.77
2026-09-03,Monthly,2021-09-01,2021-09-30,NA,Country,National,Multi-Family (2-4 Units),false,10808,NA,20.91,340000,NA,15.84,40,NA,-700,13650,NA,-1.71,49789,NA,5.99,13293,NA,10.29
2026-09-03,Monthly,2021-09-01,2021-09-30,NA,Country,National,Single Family Residential,true,327178,2.41,-4.04,343000,NA,14.33,31,0,-1200,343931,-3.48,-2.95,910850,-0.17,-10.12,365968,1.06,-6.41
2026-09-03,Monthly,2021-09-01,2021-09-30,NA,Country,National,Townhouse,true,31132,1.64,4.74,308660,NA,13.48,23,200,-900,32041,-1.55,0.08,78700,-0.66,-11.09,34038,1.99,-4.8
2026-09-03,Monthly,2021-08-01,2021-08-31,NA,Country,National,Condo/Co-op,true,44799,-3.07,11.48,290000,NA,16,35,0,-1300,49197,-1.54,-9.17,147814,-0.92,-23.44,51094,0.09,1.78
2026-09-03,Monthly,2021-08-01,2021-08-31,NA,Country,National,Multi-Family (2-4 Units),false,11252,NA,39.72,340000,NA,21.43,40,NA,-1000,14467,NA,5.77,50596,NA,12.07,13786,NA,15.34
2026-09-03,Monthly,2021-08-01,2021-08-31,NA,Country,National,Single Family Residential,true,319490,0.15,-3.15,345000,NA,15,31,0,-1600,356334,-1.03,2.29,912381,1.59,-11.38,362113,2.17,-6.49
2026-09-03,Monthly,2021-08-01,2021-08-31,NA,Country,National,Townhouse,true,30630,-1.56,4.72,307995,NA,14.92,22,100,-1400,32545,-0.74,0.68,79224,1.8,-11.97,33372,2.8,-6.32
2026-09-03,Monthly,2021-07-01,2021-07-31,NA,Country,National,Condo/Co-op,true,46217,-1.04,23.16,293000,NA,19.74,36,-100,-1800,49965,0.36,-7.11,149181,-1.8,-20.42,51049,-2.39,4.73
2026-09-03,Monthly,2021-07-01,2021-07-31,NA,Country,National,Multi-Family (2-4 Units),false,11560,NA,46.51,340000,NA,23.41,37,NA,-1400,15369,NA,17.87,50285,NA,16.09,13813,NA,20.57
2026-09-03,Monthly,2021-07-01,2021-07-31,NA,Country,National,Single Family Residential,true,319006,-1.06,-0.17,349900,NA,18.61,31,-100,-2100,360042,3.67,9.08,898064,1.5,-14.92,354422,-0.59,-7.69
2026-09-03,Monthly,2021-07-01,2021-07-31,NA,Country,National,Townhouse,true,31116,1.17,10.5,310000,NA,16.98,21,-100,-2100,32787,0.42,4.62,77820,0.93,-14.25,32464,-1.76,-6.62
2026-09-03,Monthly,2021-06-01,2021-06-30,NA,Country,National,Condo/Co-op,true,46701,-0.28,69.75,295000,NA,25,37,-200,-1900,49785,1.01,7.1,151917,-2.74,-14.3,52297,-0.79,22.2
2026-09-03,Monthly,2021-06-01,2021-06-30,NA,Country,National,Multi-Family (2-4 Units),false,11907,NA,87.16,340000,NA,29.28,38,NA,-1700,17060,NA,50.16,49424,NA,22.38,14379,NA,47.13
2026-09-03,Monthly,2021-06-01,2021-06-30,NA,Country,National,Single Family Residential,true,322438,-0.53,18.19,350000,NA,24.36,32,-100,-2300,347292,3.37,12.02,884757,-0.42,-17.96,356539,1.02,-3.25
2026-09-03,Monthly,2021-06-01,2021-06-30,NA,Country,National,Townhouse,true,30757,1.18,40.87,309780,NA,18.46,22,-200,-2400,32650,1.5,7.87,77101,-1.04,-14.82,33047,1.41,-0.42
2026-09-03,Monthly,2021-05-01,2021-05-31,NA,Country,National,Condo/Co-op,true,46835,-2.08,124.65,290000,NA,23.93,39,-300,-1700,49286,-1.31,35.94,156195,-3.46,-5.89,52714,2.49,66.8
2026-09-03,Monthly,2021-05-01,2021-05-31,NA,Country,National,Multi-Family (2-4 Units),false,10372,NA,111.46,325000,NA,25,39,NA,-1600,15407,NA,85.09,45925,NA,23.68,13782,NA,90.6
2026-09-03,Monthly,2021-05-01,2021-05-31,NA,Country,National,Single Family Residential,true,324162,1.35,39.61,338000,NA,25.19,32,-100,-2200,335982,0.37,15.49,888477,-1.96,-18.18,352937,1.67,12.05
2026-09-03,Monthly,2021-05-01,2021-05-31,NA,Country,National,Townhouse,true,30397,-0.9,70.41,303450,NA,20.42,23,-100,-2200,32168,-1.24,21.04,77912,-2.65,-10.89,32588,1.71,26.05
2026-09-03,Monthly,2021-04-01,2021-04-30,NA,Country,National,Condo/Co-op,true,47832,-0.27,99.24,285000,NA,18.75,41,-300,-1000,49937,-0.65,178.68,161796,-3.42,2.59,51434,-2.03,110.86
2026-09-03,Monthly,2021-04-01,2021-04-30,NA,Country,National,Multi-Family (2-4 Units),false,10660,NA,109.06,325000,NA,20.37,44,NA,-900,15109,NA,156.65,43629,NA,21.13,13604,NA,41.33
2026-09-03,Monthly,2021-04-01,2021-04-30,NA,Country,National,Single Family Residential,true,319850,1.99,30.77,330000,NA,20.78,34,-100,-1800,334727,1.72,55.02,906225,-1.5,-16.54,347154,-2.39,40.26
2026-09-03,Monthly,2021-04-01,2021-04-30,NA,Country,National,Townhouse,true,30672,0.92,48.66,299000,NA,15.44,24,-200,-1600,32571,1.15,76.43,80037,-0.68,-4.64,32040,-2.17,80.51
2026-09-03,Monthly,2021-03-01,2021-03-31,NA,Country,National,Condo/Co-op,true,47963,3.15,38.95,279000,NA,12.5,44,0,-500,50266,1.79,36.25,167519,-2.59,-6.75,52501,-0.28,61.04
2026-09-03,Monthly,2021-03-01,2021-03-31,NA,Country,National,Multi-Family (2-4 Units),false,10494,NA,49.06,320000,NA,19.63,50,NA,-600,14495,NA,43.54,41882,NA,4.7,13687,NA,50.85
2026-09-03,Monthly,2021-03-01,2021-03-31,NA,Country,National,Single Family Residential,true,313620,0.79,9.94,320000,NA,18.52,34,100,-1600,329072,4.54,3.01,920059,-1.16,-24.88,355647,3.56,14.14
2026-09-03,Monthly,2021-03-01,2021-03-31,NA,Country,National,Townhouse,true,30393,0.06,16.21,290000,NA,11.54,27,-100,-1300,32201,2.11,10.14,80581,-1.26,-15.85,32752,0.16,29.35
2026-09-03,Monthly,2021-02-01,2021-02-28,NA,Country,National,Condo/Co-op,true,46497,-2.29,24.88,267007,NA,11.25,45,100,-800,49384,-2.81,7.87,171976,-6.53,-7.97,52649,-1.77,24.8
2026-09-03,Monthly,2021-02-01,2021-02-28,NA,Country,National,Multi-Family (2-4 Units),false,7976,NA,16.18,308000,NA,14.07,56,NA,-900,10193,NA,1.38,38117,NA,-3.23,10781,NA,16.32
2026-09-03,Monthly,2021-02-01,2021-02-28,NA,Country,National,Single Family Residential,true,311149,-13.4,4.61,305000,NA,15.53,33,-300,-1900,314790,-5.66,-6.86,930898,-2.63,-24.74,343423,-5.44,1.54
2026-09-03,Monthly,2021-02-01,2021-02-28,NA,Country,National,Townhouse,true,30375,-2.05,16.89,280000,NA,12.04,27,-200,-1300,31535,-2.4,4.75,81611,-3.39,-15.45,32701,-5.82,3.31
2026-09-03,Monthly,2021-01-01,2021-01-31,NA,Country,National,Condo/Co-op,true,47585,2.72,31.46,265000,NA,11.34,44,-100,-1100,50814,-0.82,11.51,183988,-2.19,-0.74,53597,0.42,28.36
2026-09-03,Monthly,2021-01-01,2021-01-31,NA,Country,National,Multi-Family (2-4 Units),false,8215,NA,9.96,315000,NA,14.55,54,NA,-1300,10190,NA,7.06,39241,NA,-0.05,10452,NA,17.29
2026-09-03,Monthly,2021-01-01,2021-01-31,NA,Country,National,Single Family Residential,true,359311,2.19,23.32,300000,NA,15.38,36,-100,-1800,333676,-7.76,-0.71,956075,-1.77,-22.7,363172,-4.1,8.51
2026-09-03,Monthly,2021-01-01,2021-01-31,NA,Country,National,Townhouse,true,31011,0.38,21.43,269016,NA,9.8,29,-100,-1400,32310,-3.3,9.57,84475,-1.53,-11.75,34720,-2.32,14.29
2026-09-03,Monthly,2020-12-01,2020-12-31,NA,Country,National,Condo/Co-op,true,46327,1.42,23.48,263000,NA,8.23,45,0,-900,51236,-0.13,14.05,188100,-1.65,1.78,53374,4.71,30.98
2026-09-03,Monthly,2020-12-01,2020-12-31,NA,Country,National,Multi-Family (2-4 Units),false,10778,NA,26.24,315000,NA,16.67,50,NA,-900,7974,NA,26.11,41671,NA,2.2,10572,NA,26.61
2026-09-03,Monthly,2020-12-01,2020-12-31,NA,Country,National,Single Family Residential,true,351621,-0.21,19.6,303000,NA,13.24,37,-100,-1600,361735,3.55,13.64,973337,-1.14,-21.49,378713,-0.4,16.11
2026-09-03,Monthly,2020-12-01,2020-12-31,NA,Country,National,Townhouse,true,30894,2.13,21.66,273600,NA,9.88,29,0,-1200,33411,3.42,17.59,85788,-1.04,-10.28,35545,1.4,23.39
2026-09-03,Monthly,2020-11-01,2020-11-30,NA,Country,National,Condo/Co-op,true,45680,2.35,28.26,259900,NA,9.2,45,0,-900,51302,-3.09,12.71,191264,-1.49,3.31,50975,-0.68,22.35
2026-09-03,Monthly,2020-11-01,2020-11-30,NA,Country,National,Multi-Family (2-4 Units),false,8899,NA,10.34,289933,NA,9.2,47,NA,-900,10096,NA,20.1,45156,NA,-0.04,10660,NA,13.68
2026-09-03,Monthly,2020-11-01,2020-11-30,NA,Country,National,Single Family Residential,true,352379,-0.49,22.9,305000,NA,15.09,38,-200,-1500,349345,-2.95,8.71,984527,-1.68,-21.34,380229,-2.24,16.23
2026-09-03,Monthly,2020-11-01,2020-11-30,NA,Country,National,Townhouse,true,30249,-1.17,22.3,273000,NA,10.53,30,-200,-1200,32305,-1.83,11.35,86688,-1.77,-10.16,35056,-1.38,20.87
2026-09-03,Monthly,2020-10-01,2020-10-31,NA,Country,National,Condo/Co-op,true,44632,4.99,26.75,258900,NA,9.24,45,-100,-1000,52939,-0.32,18.25,194152,-0.41,4.9,51322,-0.98,24.47
2026-09-03,Monthly,2020-10-01,2020-10-31,NA,Country,National,Multi-Family (2-4 Units),false,9883,NA,11.07,295000,NA,11.32,45,NA,-1100,13134,NA,13.8,47870,NA,-2.5,12475,NA,11.28
2026-09-03,Monthly,2020-10-01,2020-10-31,NA,Country,National,Single Family Residential,true,354100,3.86,25.6,305000,NA,15.09,40,-300,-1300,359955,1.57,11.5,1001375,-1.19,-20.8,388937,-0.54,19.8
2026-09-03,Monthly,2020-10-01,2020-10-31,NA,Country,National,Townhouse,true,30608,2.97,25.89,271000,NA,10.16,31,-100,-900,32908,2.79,15.27,88247,-0.31,-8.84,35547,-0.58,25.67
2026-09-03,Monthly,2020-09-01,2020-09-30,NA,Country,National,Condo/Co-op,true,42510,5.79,19.24,253825,NA,8.01,46,-200,-900,53109,-1.95,16.39,194942,0.97,5.63,51830,3.25,25.63
2026-09-03,Monthly,2020-09-01,2020-09-30,NA,Country,National,Multi-Family (2-4 Units),false,8939,NA,5.09,293500,NA,10.75,47,NA,-800,13888,NA,17.12,46973,NA,-4.02,12053,NA,15.49
2026-09-03,Monthly,2020-09-01,2020-09-30,NA,Country,National,Single Family Residential,true,340950,3.36,20.23,300000,NA,13.25,43,-400,-1100,354389,1.73,6.71,1013451,-1.56,-20.49,391035,0.97,19.27
2026-09-03,Monthly,2020-09-01,2020-09-30,NA,Country,National,Townhouse,true,29724,1.62,21.82,272000,NA,10.17,33,-300,-900,32015,-0.96,10.66,88519,-1.65,-8.59,35754,0.37,26.14
2026-09-03,Monthly,2020-08-01,2020-08-31,NA,Country,National,Condo/Co-op,true,40185,7.08,12,250000,NA,6.84,49,-500,-700,54164,0.69,21.8,193069,2.99,4.77,50200,2.99,22.76
2026-09-03,Monthly,2020-08-01,2020-08-31,NA,Country,National,Multi-Family (2-4 Units),false,8053,NA,-12.42,280000,NA,4.67,50,NA,-500,13678,NA,15.93,45145,NA,-8.42,11952,NA,8.05
2026-09-03,Monthly,2020-08-01,2020-08-31,NA,Country,National,Single Family Residential,true,329874,3.24,13.81,300000,NA,11.65,47,-500,-800,348366,5.54,7.26,1029535,-2.47,-19.61,387266,0.86,19.11
2026-09-03,Monthly,2020-08-01,2020-08-31,NA,Country,National,Townhouse,true,29250,3.88,20.97,268000,NA,9.17,35,-600,-800,32327,3.16,13.55,90001,-0.83,-6.38,35624,2.47,28.02
2026-09-03,Monthly,2020-07-01,2020-07-31,NA,Country,National,Condo/Co-op,true,37527,36.4,5.24,244700,NA,6.39,53,-300,-100,53792,15.72,20.38,187456,5.75,0.76,48742,13.89,18.05
2026-09-03,Monthly,2020-07-01,2020-07-31,NA,Country,National,Multi-Family (2-4 Units),false,7890,NA,-10.36,275500,NA,1.66,51,NA,0,13039,NA,9.55,43315,NA,-12.36,11456,NA,8.3
2026-09-03,Monthly,2020-07-01,2020-07-31,NA,Country,National,Single Family Residential,true,319533,17.13,11.44,295000,NA,8.82,52,-300,-200,330067,6.46,1.64,1055595,-2.12,-18.4,383961,4.19,17.16
2026-09-03,Monthly,2020-07-01,2020-07-31,NA,Country,National,Townhouse,true,28158,28.97,17.01,265000,NA,8.13,41,-500,-200,31338,3.53,11.06,90757,0.27,-6.27,34766,4.76,26.44
2026-09-03,Monthly,2020-06-01,2020-06-30,NA,Country,National,Condo/Co-op,true,27512,31.96,-23.84,236000,NA,-1.63,56,100,200,46484,28.21,4.31,177261,6.8,-6.19,42796,35.42,5.13
2026-09-03,Monthly,2020-06-01,2020-06-30,NA,Country,National,Multi-Family (2-4 Units),false,6362,NA,-22.68,263000,NA,-4.36,55,NA,300,11361,NA,-6.14,40386,NA,-16.95,9773,NA,-6.64
2026-09-03,Monthly,2020-06-01,2020-06-30,NA,Country,National,Single Family Residential,true,272809,17.49,-6.92,281447,NA,2.34,55,100,200,310026,6.57,-7.43,1078487,-0.69,-17.59,368520,16.99,10.87
2026-09-03,Monthly,2020-06-01,2020-06-30,NA,Country,National,Townhouse,true,21834,22.4,-7.91,261500,NA,6.3,46,100,300,30270,13.9,5.49,90513,3.52,-7.17,33185,28.36,20.21
2026-09-03,Monthly,2020-05-01,2020-05-31,NA,Country,National,Condo/Co-op,true,20848,-13.16,-43.07,234000,NA,-0.43,56,400,100,36257,102.34,-20.24,165979,5.24,-13.56,31602,29.56,-22.53
2026-09-03,Monthly,2020-05-01,2020-05-31,NA,Country,National,Multi-Family (2-4 Units),false,4905,NA,-46.29,260000,NA,0,55,NA,300,8324,NA,-36.7,37133,NA,-23.85,7231,NA,-35.75
2026-09-03,Monthly,2020-05-01,2020-05-31,NA,Country,National,Single Family Residential,true,232193,-5.07,-22.24,270000,NA,0.75,54,300,0,290909,34.72,-16.09,1085958,0.01,-17.94,314992,27.27,-4.89
2026-09-03,Monthly,2020-05-01,2020-05-31,NA,Country,National,Townhouse,true,17838,-13.54,-25.04,252000,NA,2.86,45,500,100,26576,43.96,-7.82,87431,4.17,-11.25,25854,45.66,-5.92
2026-09-03,Monthly,2020-04-01,2020-04-30,NA,Country,National,Condo/Co-op,true,24007,-30.45,-32.85,240000,NA,4.35,52,200,-300,17919,-51.43,-60.55,157715,-12.21,-18.26,24393,-25.18,-39.65
2026-09-03,Monthly,2020-04-01,2020-04-30,NA,Country,National,Multi-Family (2-4 Units),false,5099,NA,-38.13,270000,NA,5.88,53,NA,-300,5887,NA,-52.86,36018,NA,-23.78,9626,NA,-10.41
2026-09-03,Monthly,2020-04-01,2020-04-30,NA,Country,National,Single Family Residential,true,244594,-14.25,-15.2,273217,NA,5.49,51,100,-400,215929,-32.4,-37.76,1085799,-11.34,-17.95,247500,-20.57,-25.41
2026-09-03,Monthly,2020-04-01,2020-04-30,NA,Country,National,Townhouse,true,20632,-21.11,-11.9,259000,NA,7.47,40,100,-400,18461,-36.86,-35.51,83931,-12.35,-14.54,17750,-29.9,-35.26
2026-09-03,Monthly,2020-03-01,2020-03-31,NA,Country,National,Condo/Co-op,true,34518,-7.29,-1.43,248000,NA,7.83,50,-300,-600,36893,-19.42,-17.88,179646,-3.87,-6.51,32601,-22.72,-17.5
2026-09-03,Monthly,2020-03-01,2020-03-31,NA,Country,National,Multi-Family (2-4 Units),false,7040,NA,-6.31,267500,NA,7.2,56,NA,-900,10098,NA,-13.2,40002,NA,-12.46,9073,NA,-8.92
2026-09-03,Monthly,2020-03-01,2020-03-31,NA,Country,National,Single Family Residential,true,285255,-4.09,2.52,270000,NA,7.14,51,-200,-500,319445,-5.49,-4.86,1224747,-0.98,-6.88,311585,-7.87,-4.39
2026-09-03,Monthly,2020-03-01,2020-03-31,NA,Country,National,Townhouse,true,26153,0.64,12.48,260000,NA,10.17,39,-100,-400,29236,-2.88,2.74,95756,-0.8,-1.65,25320,-20.01,-5.5
2026-09-03,Monthly,2020-02-01,2020-02-29,NA,Country,National,Condo/Co-op,true,37234,2.86,7.83,240000,NA,7.62,53,-300,-200,45783,0.47,2.3,186875,0.82,-2.58,42187,1.04,7.31
2026-09-03,Monthly,2020-02-01,2020-02-29,NA,Country,National,Multi-Family (2-4 Units),false,6865,NA,8.23,270000,NA,10.2,65,NA,-200,10054,NA,5.28,39390,NA,-9.68,9268,NA,12.34
2026-09-03,Monthly,2020-02-01,2020-02-29,NA,Country,National,Single Family Residential,true,297426,2.08,9.08,264000,NA,7.76,52,-200,-300,337985,0.57,2.52,1236875,0.01,-5.77,338206,1.05,6.14
2026-09-03,Monthly,2020-02-01,2020-02-29,NA,Country,National,Townhouse,true,25986,1.76,12.16,249900,NA,8.7,41,-200,-300,30104,2.09,8.77,96524,0.83,0.08,31654,4.2,18.05
2026-09-03,Monthly,2020-01-01,2020-01-31,NA,Country,National,Condo/Co-op,true,36197,-3.52,9.13,238000,NA,6.73,55,100,200,45568,1.43,-0.95,185362,0.3,-2.93,41755,2.47,7.53
2026-09-03,Monthly,2020-01-01,2020-01-31,NA,Country,National,Multi-Family (2-4 Units),false,7471,NA,9.56,275000,NA,10,67,NA,0,9518,NA,-5.9,39262,NA,-11.18,8911,NA,4.7
2026-09-03,Monthly,2020-01-01,2020-01-31,NA,Country,National,Single Family Residential,true,291373,-0.89,11.23,260000,NA,6.12,54,100,-100,336058,5.58,0.6,1236761,-0.24,-5.46,334691,2.61,8.39
2026-09-03,Monthly,2020-01-01,2020-01-31,NA,Country,National,Townhouse,true,25538,0.57,13.17,245000,NA,8.17,43,100,100,29489,3.78,4.39,95726,0.11,0.15,30378,5.45,16.63
2026-09-03,Monthly,2019-12-01,2019-12-31,NA,Country,National,Condo/Co-op,true,37516,5.34,11.37,243000,NA,8,55,100,200,44924,-1.3,-0.9,184810,-0.18,-1.83,40749,-2.2,5.93
2026-09-03,Monthly,2019-12-01,2019-12-31,NA,Country,National,Multi-Family (2-4 Units),false,8538,NA,6.53,270000,NA,6.72,59,NA,-100,6323,NA,-8.02,40775,NA,-9.33,8350,NA,3.44
2026-09-03,Monthly,2019-12-01,2019-12-31,NA,Country,National,Single Family Residential,true,293996,2.54,11.04,267570,NA,7.07,53,0,-200,318309,-0.95,-0.78,1239776,-0.94,-4.6,326168,-0.3,7.6
2026-09-03,Monthly,2019-12-01,2019-12-31,NA,Country,National,Townhouse,true,25393,2.67,12.9,249000,NA,8.26,41,0,0,28414,-2.06,4.05,95619,-0.9,1.88,28808,-0.67,15.13
2026-09-03,Monthly,2019-11-01,2019-11-30,NA,Country,National,Condo/Co-op,true,35616,1.15,1.31,238000,NA,5.78,54,-200,100,45516,1.67,0.32,185139,0.03,-0.83,41664,1.05,7.23
2026-09-03,Monthly,2019-11-01,2019-11-30,NA,Country,National,Multi-Family (2-4 Units),false,8065,NA,-0.71,265500,NA,10.62,56,NA,0,8406,NA,-10.75,45174,NA,-7.64,9377,NA,4.41
2026-09-03,Monthly,2019-11-01,2019-11-30,NA,Country,National,Single Family Residential,true,286722,1.7,5.19,265000,NA,6,53,0,-100,321349,-0.46,-1.32,1251603,-1.01,-3.51,327148,0.77,6.82
2026-09-03,Monthly,2019-11-01,2019-11-30,NA,Country,National,Townhouse,true,24732,1.72,7.64,247000,NA,6.47,41,100,100,29013,1.63,4.63,96491,-0.33,3.25,29003,2.53,15.37
2026-09-03,Monthly,2019-10-01,2019-10-31,NA,Country,National,Condo/Co-op,true,35212,-1.23,-0.11,237000,NA,5.33,55,0,400,44768,-1.89,-2.94,185079,0.29,-0.11,41233,-0.05,3.38
2026-09-03,Monthly,2019-10-01,2019-10-31,NA,Country,National,Multi-Family (2-4 Units),false,8898,NA,-2.43,265000,NA,5.58,56,NA,0,11541,NA,-5.9,49097,NA,-5.4,11210,NA,6.11
2026-09-03,Monthly,2019-10-01,2019-10-31,NA,Country,National,Single Family Residential,true,281938,-0.58,4.46,265000,NA,6.04,54,0,-100,322823,-2.8,-1.85,1264357,-0.81,-2.33,324644,-0.98,5.57
2026-09-03,Monthly,2019-10-01,2019-10-31,NA,Country,National,Townhouse,true,24313,-0.35,6.33,246000,NA,6.96,40,-200,0,28548,-1.33,1.96,96809,-0.03,4.2,28286,-0.21,10.27
2026-09-03,Monthly,2019-09-01,2019-09-30,NA,Country,National,Condo/Co-op,true,35650,-0.64,0.24,235000,NA,4.44,56,0,400,45630,2.61,-1.02,184553,0.15,1.08,41255,0.88,2.83
2026-09-03,Monthly,2019-09-01,2019-09-30,NA,Country,National,Multi-Family (2-4 Units),false,8506,NA,7.05,265000,NA,6,55,NA,100,11858,NA,1.73,48939,NA,-3.55,10436,NA,10.01
2026-09-03,Monthly,2019-09-01,2019-09-30,NA,Country,National,Single Family Residential,true,283578,-2.16,4.13,264900,NA,6,54,-100,0,332117,2.26,1.82,1274695,-0.47,-1.1,327863,0.84,6.55
2026-09-03,Monthly,2019-09-01,2019-09-30,NA,Country,National,Townhouse,true,24399,0.91,7.79,246899,NA,5.06,42,-100,400,28931,1.63,4.28,96835,0.73,5.91,28345,1.86,9.32
2026-09-03,Monthly,2019-08-01,2019-08-31,NA,Country,National,Condo/Co-op,true,35881,0.62,-1.22,234000,NA,4,56,100,500,44471,-0.48,-3.55,184278,-0.95,1.95,40894,-0.96,0.96
2026-09-03,Monthly,2019-08-01,2019-08-31,NA,Country,National,Multi-Family (2-4 Units),false,9195,NA,-5.15,267500,NA,7,55,NA,300,11799,NA,-8.56,49296,NA,-4.46,11062,NA,-1.76
2026-09-03,Monthly,2019-08-01,2019-08-31,NA,Country,National,Single Family Residential,true,289838,1.08,4.99,268700,NA,5.37,54,100,100,324791,0.01,-1.81,1280706,-1,-0.51,325137,-0.79,4.23
2026-09-03,Monthly,2019-08-01,2019-08-31,NA,Country,National,Townhouse,true,24180,0.48,6.2,245480,NA,4.46,43,0,500,28468,0.89,2.22,96132,-0.72,6.47,27827,1.21,10.14
2026-09-03,Monthly,2019-07-01,2019-07-31,NA,Country,National,Condo/Co-op,true,35659,-1.29,-5,230000,NA,1.7,55,0,400,44687,0.27,-2.88,186036,-1.54,3.04,41289,1.43,-0.86
2026-09-03,Monthly,2019-07-01,2019-07-31,NA,Country,National,Multi-Family (2-4 Units),false,8802,NA,-0.71,271000,NA,6.27,51,NA,100,11902,NA,-6.14,49424,NA,-2.12,10578,NA,-0.05
2026-09-03,Monthly,2019-07-01,2019-07-31,NA,Country,National,Single Family Residential,true,286739,-2.16,1.79,271080,NA,5.07,53,0,0,324753,-3.04,-2.18,1293678,-1.15,0.63,327710,-1.41,2.93
2026-09-03,Monthly,2019-07-01,2019-07-31,NA,Country,National,Townhouse,true,24064,1.49,4.73,245075,NA,4.29,43,100,400,28217,-1.67,2.28,96830,-0.69,8.37,27495,-0.4,5.05
2026-09-03,Monthly,2019-06-01,2019-06-30,NA,Country,National,Condo/Co-op,true,36126,-1.35,-3.48,239900,NA,4.3,55,0,500,44565,-1.96,-2.8,188955,-1.59,4.13,40706,-0.22,-1.74
2026-09-03,Monthly,2019-06-01,2019-06-30,NA,Country,National,Multi-Family (2-4 Units),false,8228,NA,-10.72,275000,NA,10,52,NA,200,12104,NA,-8.03,48627,NA,-2.1,10468,NA,-4.24
2026-09-03,Monthly,2019-06-01,2019-06-30,NA,Country,National,Single Family Residential,true,293075,-1.85,2.15,275000,NA,4.56,53,-100,0,334924,-3.4,-0.57,1308694,-1.11,1.99,332392,0.36,4.91
2026-09-03,Monthly,2019-06-01,2019-06-30,NA,Country,National,Townhouse,true,23710,-0.37,2.96,246000,NA,3.36,42,-100,300,28695,-0.47,4.25,97505,-1.03,9.04,27605,0.45,6.59
2026-09-03,Monthly,2019-05-01,2019-05-31,NA,Country,National,Condo/Co-op,true,36620,2.42,-1.78,235000,NA,4.44,55,0,500,45458,0.07,-1.3,192012,-0.48,5.06,40795,0.92,-0.92
2026-09-03,Monthly,2019-05-01,2019-05-31,NA,Country,National,Multi-Family (2-4 Units),false,9133,NA,1.55,260000,NA,6.12,52,NA,200,13150,NA,-4.65,48764,NA,0.19,11255,NA,0.72
2026-09-03,Monthly,2019-05-01,2019-05-31,NA,Country,National,Single Family Residential,true,298594,3.52,4.04,268000,NA,5.1,54,-100,100,346700,-0.06,2.23,1323335,0,3.36,331200,-0.19,4.35
2026-09-03,Monthly,2019-05-01,2019-05-31,NA,Country,National,Townhouse,true,23797,1.62,4.13,245000,NA,2.79,43,-100,400,28831,0.72,5.46,98517,0.31,9.74,27481,0.24,6.18
2026-09-03,Monthly,2019-04-01,2019-04-30,NA,Country,National,Condo/Co-op,true,35754,2.1,-5.75,230000,NA,1.32,55,-100,600,45428,1.12,-1.42,192944,0.41,5.35,40422,2.29,-4.37
2026-09-03,Monthly,2019-04-01,2019-04-30,NA,Country,National,Multi-Family (2-4 Units),false,8242,NA,1.38,255000,NA,6.29,56,NA,200,12488,NA,-0.83,47253,NA,2.8,10745,NA,2.64
2026-09-03,Monthly,2019-04-01,2019-04-30,NA,Country,National,Single Family Residential,true,288432,3.66,0.25,259000,NA,3.64,55,-100,100,346915,3.32,4.37,1323382,0.62,3.57,331832,1.83,2.67
2026-09-03,Monthly,2019-04-01,2019-04-30,NA,Country,National,Townhouse,true,23418,0.72,1.58,241000,NA,2.55,44,100,600,28625,0.59,5.09,98214,0.88,9.07,27415,2.32,3.51
2026-09-03,Monthly,2019-03-01,2019-03-31,NA,Country,National,Condo/Co-op,true,35019,1.42,-7.47,230000,NA,2.22,55,100,600,44925,0.38,-1.86,192162,0.17,5.06,39517,0.52,-6.4
2026-09-03,Monthly,2019-03-01,2019-03-31,NA,Country,National,Multi-Family (2-4 Units),false,7514,NA,-9.38,249526,NA,6.18,65,NA,800,11633,NA,-2.05,45694,NA,2.42,9962,NA,-6.94
2026-09-03,Monthly,2019-03-01,2019-03-31,NA,Country,National,Single Family Residential,true,278253,2.05,-0.62,252000,NA,2.86,56,0,300,335762,1.85,0.85,1315280,0.21,2.9,325882,2.28,-0.55
2026-09-03,Monthly,2019-03-01,2019-03-31,NA,Country,National,Townhouse,true,23252,0.36,1.34,236000,NA,1.94,43,0,400,28457,2.82,5.11,97359,0.95,7.77,26793,-0.08,-0.69
2026-09-03,Monthly,2019-02-01,2019-02-28,NA,Country,National,Condo/Co-op,true,34529,4.11,-5.81,223000,NA,3.41,54,100,600,44755,-2.71,-3.76,191830,0.46,5.35,39314,1.25,-5.27
2026-09-03,Monthly,2019-02-01,2019-02-28,NA,Country,National,Multi-Family (2-4 Units),false,6343,NA,-2.4,245000,NA,6.52,67,NA,100,9550,NA,-8.8,43611,NA,3.31,8250,NA,-2.2
2026-09-03,Monthly,2019-02-01,2019-02-28,NA,Country,National,Single Family Residential,true,272668,4.09,0.19,245000,NA,2.51,56,100,200,329676,-1.31,-2.39,1312570,0.33,2.96,318630,3.19,0.93
2026-09-03,Monthly,2019-02-01,2019-02-28,NA,Country,National,Townhouse,true,23169,2.67,2.03,229900,NA,2.18,44,200,400,27677,-2.02,1.02,96443,0.9,7.07,26815,2.96,7.58
2026-09-03,Monthly,2019-01-01,2019-01-31,NA,Country,National,Condo/Co-op,true,33168,-1.54,-9.56,223000,NA,1.36,54,100,400,46003,1.48,1.95,190950,1.43,5.79,38830,0.94,-5.91
2026-09-03,Monthly,2019-01-01,2019-01-31,NA,Country,National,Multi-Family (2-4 Units),false,6819,NA,-3.92,250000,NA,3.31,67,NA,0,10115,NA,5.78,44206,NA,6.04,8511,NA,1.2
2026-09-03,Monthly,2019-01-01,2019-01-31,NA,Country,National,Single Family Residential,true,261952,-1.07,-6.49,245000,NA,4.1,55,0,0,334042,4.13,4.44,1308223,0.66,2.9,308792,1.87,-1.88
2026-09-03,Monthly,2019-01-01,2019-01-31,NA,Country,National,Townhouse,true,22566,0.33,-0.47,226500,NA,3,42,100,300,28248,3.44,6.6,95578,1.83,7.48,26046,4.09,4.96
2026-09-03,Monthly,2018-12-01,2018-12-31,NA,Country,National,Condo/Co-op,true,33685,-4.18,-10.82,225000,NA,1.35,53,0,100,45331,-0.09,-1.05,188255,0.84,4.19,38468,-0.99,-9.84
2026-09-03,Monthly,2018-12-01,2018-12-31,NA,Country,National,Multi-Family (2-4 Units),false,8015,NA,-4.79,253000,NA,8.58,60,NA,-400,6874,NA,4.17,44972,NA,4.82,8072,NA,-4.39
2026-09-03,Monthly,2018-12-01,2018-12-31,NA,Country,National,Single Family Residential,true,264774,-2.86,-7.8,249900,NA,3.69,55,0,-100,320797,-1.49,-2.04,1299615,0.19,1.44,303129,-1.02,-5.59
2026-09-03,Monthly,2018-12-01,2018-12-31,NA,Country,National,Townhouse,true,22492,-2.11,-2.85,230000,NA,2.22,41,100,-100,27308,-1.52,0.93,93858,0.43,4.64,25023,-0.46,-3.7
2026-09-03,Monthly,2018-11-01,2018-11-30,NA,Country,National,Condo/Co-op,true,35155,-0.28,-8.86,225000,NA,2.27,53,100,100,45372,-1.63,-0.55,186681,0.76,2.93,38855,-2.58,-10.09
2026-09-03,Monthly,2018-11-01,2018-11-30,NA,Country,National,Multi-Family (2-4 Units),false,8123,NA,0.28,240000,NA,0.42,56,NA,-400,9419,NA,4.87,48912,NA,3.51,8981,NA,-2.37
2026-09-03,Monthly,2018-11-01,2018-11-30,NA,Country,National,Single Family Residential,true,272575,0.99,-4.31,250000,NA,4.17,55,100,-100,325639,-1,0.26,1297140,0.2,0.54,306263,-0.41,-5.13
2026-09-03,Monthly,2018-11-01,2018-11-30,NA,Country,National,Townhouse,true,22976,0.48,0.11,232000,NA,3.11,40,0,-200,27729,-0.96,4.1,93452,0.58,4.04,25140,-2,-3.95
2026-09-03,Monthly,2018-10-01,2018-10-31,NA,Country,National,Condo/Co-op,true,35252,-0.88,-5.46,225000,NA,2.27,51,0,-100,46121,0.04,0.38,185277,1.48,2.08,39886,-0.59,-6.13
2026-09-03,Monthly,2018-10-01,2018-10-31,NA,Country,National,Multi-Family (2-4 Units),false,9120,NA,7.32,251000,NA,6.81,56,NA,-200,12265,NA,12.83,51902,NA,4.15,10565,NA,5.01
2026-09-03,Monthly,2018-10-01,2018-10-31,NA,Country,National,Single Family Residential,true,269904,-0.89,-3.51,249900,NA,5,54,0,-300,328916,0.83,1.64,1294566,0.45,-0.01,307516,-0.06,-4.02
2026-09-03,Monthly,2018-10-01,2018-10-31,NA,Country,National,Townhouse,true,22867,1.02,1.01,230000,NA,2.27,40,200,-200,27998,0.92,4.55,92911,1.62,3.21,25652,-1.06,-2.08
2026-09-03,Monthly,2018-09-01,2018-09-30,NA,Country,National,Condo/Co-op,true,35565,-2.09,-2.44,225000,NA,2.32,51,100,-100,46101,-0.02,4.79,182578,1.01,2.12,40121,-0.94,-0.23
2026-09-03,Monthly,2018-09-01,2018-09-30,NA,Country,National,Multi-Family (2-4 Units),false,7946,NA,-3.18,250000,NA,6.38,54,NA,-300,11656,NA,5.37,50739,NA,1.72,9486,NA,0.09
2026-09-03,Monthly,2018-09-01,2018-09-30,NA,Country,National,Single Family Residential,true,272323,-1.36,-1.2,249900,NA,4.15,54,100,-300,326193,-1.39,3.49,1288819,0.13,-0.67,307708,-1.36,0.57
2026-09-03,Monthly,2018-09-01,2018-09-30,NA,Country,National,Townhouse,true,22635,-0.58,-0.33,235000,NA,5.05,38,0,-400,27743,-0.38,6.16,91434,1.27,1.94,25929,2.62,6.41
2026-09-03,Monthly,2018-08-01,2018-08-31,NA,Country,National,Condo/Co-op,true,36324,-3.22,-2.73,225000,NA,2.27,50,0,-300,46110,0.21,1.58,180756,0.12,-1.37,40503,-2.75,-3.38
2026-09-03,Monthly,2018-08-01,2018-08-31,NA,Country,National,Multi-Family (2-4 Units),false,9694,NA,5.85,250000,NA,7.76,52,NA,-400,12904,NA,5.2,51598,NA,1.14,11260,NA,5.46
2026-09-03,Monthly,2018-08-01,2018-08-31,NA,Country,National,Single Family Residential,true,276073,-1.99,0.65,255000,NA,4.08,54,0,-400,330780,-0.37,3.08,1287206,0.13,-1.6,311943,-2.02,0.45
2026-09-03,Monthly,2018-08-01,2018-08-31,NA,Country,National,Townhouse,true,22768,-0.91,0.41,235000,NA,4.44,38,-100,-400,27849,0.95,6.33,90290,1.05,-0.66,25266,-3.47,0.21
2026-09-03,Monthly,2018-07-01,2018-07-31,NA,Country,National,Condo/Co-op,true,37534,0.29,0.6,226150,NA,3.03,50,100,-200,46015,0.36,2.43,180539,-0.5,-2.29,41648,0.54,0.57
2026-09-03,Monthly,2018-07-01,2018-07-31,NA,Country,National,Multi-Family (2-4 Units),false,8865,NA,9.89,255000,NA,6.25,50,NA,-600,12680,NA,8.75,50495,NA,1.48,10583,NA,10.24
2026-09-03,Monthly,2018-07-01,2018-07-31,NA,Country,National,Single Family Residential,true,281692,-1.82,1.48,258000,NA,5.31,54,0,-400,332007,-1.44,1.64,1285516,0.18,-2.2,318382,0.49,2.64
2026-09-03,Monthly,2018-07-01,2018-07-31,NA,Country,National,Townhouse,true,22978,-0.23,1.24,235000,NA,4.21,39,0,-300,27587,0.23,4.19,89350,-0.08,-2.65,26174,1.06,4.95
2026-09-03,Monthly,2018-06-01,2018-06-30,NA,Country,National,Condo/Co-op,true,37427,0.39,-0.22,230000,NA,2.22,49,0,-400,45851,-0.44,-0.81,181454,-0.72,-2.79,41425,0.61,-0.69
2026-09-03,Monthly,2018-06-01,2018-06-30,NA,Country,National,Multi-Family (2-4 Units),false,9216,NA,0.39,250000,NA,5.49,50,NA,-500,13161,NA,2.52,49668,NA,-0.6,10932,NA,1.94
2026-09-03,Monthly,2018-06-01,2018-06-30,NA,Country,National,Single Family Residential,true,286913,-0.03,2.4,263000,NA,5.2,53,0,-500,336844,-0.68,3.39,1283218,0.23,-2.87,316828,-0.18,2.36
2026-09-03,Monthly,2018-06-01,2018-06-30,NA,Country,National,Townhouse,true,23030,0.77,2.73,238000,NA,4.85,39,0,-400,27525,0.69,3.82,89421,-0.39,-3.41,25899,0.07,4.16
2026-09-03,Monthly,2018-05-01,2018-05-31,NA,Country,National,Condo/Co-op,true,37282,-1.72,1.07,225000,NA,3.21,49,0,-500,46055,-0.06,2.17,182764,-0.21,-1.9,41175,-2.59,0.67
2026-09-03,Monthly,2018-05-01,2018-05-31,NA,Country,National,Multi-Family (2-4 Units),false,8994,NA,4.78,245000,NA,11.36,50,NA,-700,13791,NA,7.06,48670,NA,0.01,11175,NA,4.69
2026-09-03,Monthly,2018-05-01,2018-05-31,NA,Country,National,Single Family Residential,true,287010,-0.24,1.75,255000,NA,6.25,54,0,-400,339149,2.03,2.67,1280305,0.2,-3.48,317398,-1.8,1.93
2026-09-03,Monthly,2018-05-01,2018-05-31,NA,Country,National,Townhouse,true,22853,-0.87,1.66,238360,NA,7.37,39,100,-300,27337,0.37,3.43,89772,-0.31,-3.5,25881,-2.28,5.29
2026-09-03,Monthly,2018-04-01,2018-04-30,NA,Country,National,Condo/Co-op,true,37935,0.24,2.13,227000,NA,7.08,49,0,-500,46083,0.67,3.85,183146,0.14,-1.74,42269,0.12,4.45
2026-09-03,Monthly,2018-04-01,2018-04-30,NA,Country,National,Multi-Family (2-4 Units),false,8130,NA,8.03,239900,NA,9.54,54,NA,-400,12592,NA,10.98,45964,NA,-0.56,10469,NA,9.6
2026-09-03,Monthly,2018-04-01,2018-04-30,NA,Country,National,Single Family Residential,true,287707,2.76,2.48,249900,NA,7.25,54,100,-400,332404,-0.16,2.7,1277740,-0.03,-3.93,323210,-1.36,5.27
2026-09-03,Monthly,2018-04-01,2018-04-30,NA,Country,National,Townhouse,true,23054,0.47,2.92,235000,NA,6.82,38,-100,-600,27237,0.61,4.08,90051,-0.32,-3.05,26485,-1.84,9.73
2026-09-03,Monthly,2018-03-01,2018-03-31,NA,Country,National,Condo/Co-op,true,37844,3.23,2.79,225000,NA,7.19,49,100,-600,45774,-1.56,2.15,182899,0.45,-2.76,42218,1.72,1.77
2026-09-03,Monthly,2018-03-01,2018-03-31,NA,Country,National,Multi-Family (2-4 Units),false,8292,NA,-0.55,235000,NA,11.37,57,NA,-900,11877,NA,-0.48,44615,NA,-4.15,10705,NA,1.11
2026-09-03,Monthly,2018-03-01,2018-03-31,NA,Country,National,Single Family Residential,true,279975,2.88,2.75,245000,NA,7.46,53,-100,-600,332943,-1.42,1.04,1278185,0.26,-4.67,327681,3.8,4.59
2026-09-03,Monthly,2018-03-01,2018-03-31,NA,Country,National,Townhouse,true,22945,1.04,2.44,231500,NA,7.67,39,-100,-500,27072,-1.18,3.66,90338,0.29,-3.85,26981,8.24,9.57
2026-09-03,Monthly,2018-02-01,2018-02-28,NA,Country,National,Condo/Co-op,true,36659,-0.04,0.72,215650,NA,6.76,49,-100,-800,46502,3.06,4.01,182088,0.88,-3.85,41502,0.56,-1.68
2026-09-03,Monthly,2018-02-01,2018-02-28,NA,Country,National,Multi-Family (2-4 Units),false,6499,NA,2.39,230000,NA,15,66,NA,-1300,10471,NA,9.7,42214,NA,-4.01,8436,NA,2.12
2026-09-03,Monthly,2018-02-01,2018-02-28,NA,Country,National,Single Family Residential,true,272149,-2.86,3.21,239000,NA,8.64,54,-100,-700,337749,5.6,0.95,1274820,0.27,-4.85,315696,0.31,-0.53
2026-09-03,Monthly,2018-02-01,2018-02-28,NA,Country,National,Townhouse,true,22708,0.15,2.36,225000,NA,7.14,39,0,-600,27397,3.39,3.47,90077,1.29,-3.91,24927,0.45,-0.86
2026-09-03,Monthly,2018-01-01,2018-01-31,NA,Country,National,Condo/Co-op,true,36675,-2.9,-2.75,220000,NA,4.76,50,-200,-800,45122,-1.5,0.98,180492,-0.11,-4.98,41270,-3.27,-1.23
2026-09-03,Monthly,2018-01-01,2018-01-31,NA,Country,National,Multi-Family (2-4 Units),false,7097,NA,3.65,242000,NA,10,67,NA,-1000,9562,NA,2.65,41687,NA,-5.7,8410,NA,2.57
2026-09-03,Monthly,2018-01-01,2018-01-31,NA,Country,National,Single Family Residential,true,280148,-2.45,-1.43,235353,NA,6.74,55,-100,-600,319846,-2.33,-0.78,1271374,-0.76,-4.88,314723,-1.98,0.85
2026-09-03,Monthly,2018-01-01,2018-01-31,NA,Country,National,Townhouse,true,22673,-2.07,1.3,219900,NA,7.27,39,-300,-700,26500,-2.06,1.57,88930,-0.85,-5.03,24816,-4.5,-0.09
2026-09-03,Monthly,2017-12-01,2017-12-31,NA,Country,National,Condo/Co-op,true,37772,-2.07,5.57,222000,NA,5.71,52,0,-600,45811,0.41,2.92,180685,-0.38,-4.85,42666,-1.27,5.02
2026-09-03,Monthly,2017-12-01,2017-12-31,NA,Country,National,Multi-Family (2-4 Units),false,8418,NA,4.3,233000,NA,8.37,64,NA,-1100,6599,NA,0.11,42903,NA,-6.19,8443,NA,3.77
2026-09-03,Monthly,2017-12-01,2017-12-31,NA,Country,National,Single Family Residential,true,287173,0.82,3.55,241000,NA,6.17,56,0,-600,327488,0.83,4.66,1281151,-0.7,-4.42,321080,-0.54,4.67
2026-09-03,Monthly,2017-12-01,2017-12-31,NA,Country,National,Townhouse,true,23152,0.87,5.97,225000,NA,5.27,42,0,-500,27057,1.57,4.87,89697,-0.14,-4.05,25985,-0.72,6.04
2026-09-03,Monthly,2017-11-01,2017-11-30,NA,Country,National,Condo/Co-op,true,38571,3.44,5,220000,NA,4.76,52,0,-600,45622,-0.71,2.41,181367,-0.08,-4.7,43214,1.7,6.21
2026-09-03,Monthly,2017-11-01,2017-11-30,NA,Country,National,Multi-Family (2-4 Units),false,8100,NA,6.56,239000,NA,11.16,60,NA,-800,8982,NA,4.43,47255,NA,-4.43,9199,NA,6.21
2026-09-03,Monthly,2017-11-01,2017-11-30,NA,Country,National,Single Family Residential,true,284849,1.83,3.31,240000,NA,5.68,56,-100,-600,324794,0.37,1.91,1290126,-0.35,-4.6,322808,0.76,4.82
2026-09-03,Monthly,2017-11-01,2017-11-30,NA,Country,National,Townhouse,true,22952,1.38,4.91,225000,NA,4.7,42,0,-500,26638,-0.53,3.57,89826,-0.21,-4.22,26173,-0.1,7.26
2026-09-03,Monthly,2017-10-01,2017-10-31,NA,Country,National,Condo/Co-op,true,37289,2.29,3.21,220000,NA,6.28,52,0,-700,45948,4.44,5.61,181508,1.53,-5.41,42491,5.66,6.07
2026-09-03,Monthly,2017-10-01,2017-10-31,NA,Country,National,Multi-Family (2-4 Units),false,8498,NA,8.82,235000,NA,9.3,58,NA,-1100,10870,NA,8.72,49833,NA,-4.38,10061,NA,7.55
2026-09-03,Monthly,2017-10-01,2017-10-31,NA,Country,National,Single Family Residential,true,279719,1.48,1.08,238000,NA,5.78,57,0,-600,323610,2.67,2.76,1294691,-0.22,-5.14,320387,4.71,4.82
2026-09-03,Monthly,2017-10-01,2017-10-31,NA,Country,National,Townhouse,true,22639,-0.31,2.84,224900,NA,5.84,42,0,-500,26779,2.47,5.39,90019,0.36,-4.69,26198,7.52,10.26
2026-09-03,Monthly,2017-09-01,2017-09-30,NA,Country,National,Condo/Co-op,true,36455,-2.38,-0.04,219900,NA,7.27,52,-100,-700,43995,-3.08,-2.37,178780,-2.44,-8.11,40214,-4.07,-3.92
2026-09-03,Monthly,2017-09-01,2017-09-30,NA,Country,National,Multi-Family (2-4 Units),false,8207,NA,1.63,235000,NA,9.3,57,NA,-1000,11062,NA,0.9,49880,NA,-6.94,9477,NA,-3
2026-09-03,Monthly,2017-09-01,2017-09-30,NA,Country,National,Single Family Residential,true,275640,0.49,1.43,239950,NA,5.94,57,0,-600,315189,-1.78,-0.99,1297480,-0.81,-5.83,305977,-1.47,-2.27
2026-09-03,Monthly,2017-09-01,2017-09-30,NA,Country,National,Townhouse,true,22709,0.15,4.66,223700,NA,5.52,42,0,-400,26133,-0.23,1.38,89693,-1.32,-6.27,24366,-3.35,-1.56
2026-09-03,Monthly,2017-08-01,2017-08-31,NA,Country,National,Condo/Co-op,true,37342,0.09,3.85,220000,NA,7.32,53,100,-700,45393,1.05,2.46,183258,-0.82,-6.7,41919,1.23,1.45
2026-09-03,Monthly,2017-08-01,2017-08-31,NA,Country,National,Multi-Family (2-4 Units),false,9158,NA,7.55,232000,NA,5.45,56,NA,-800,12266,NA,5,51017,NA,-6.19,10677,NA,5.84
2026-09-03,Monthly,2017-08-01,2017-08-31,NA,Country,National,Single Family Residential,true,274291,-1.19,2.63,245000,NA,6.52,57,0,-700,320897,-1.76,0.65,1308090,-0.48,-5.63,310535,0.11,0.41
2026-09-03,Monthly,2017-08-01,2017-08-31,NA,Country,National,Townhouse,true,22675,-0.09,5.02,225000,NA,5.88,42,0,-500,26192,-1.08,1.93,90890,-0.97,-5.54,25212,1.1,2.62
2026-09-03,Monthly,2017-07-01,2017-07-31,NA,Country,National,Condo/Co-op,true,37310,-0.53,3.45,219500,NA,5.78,53,-100,-700,44924,-2.81,0.41,184779,-1.01,-6.47,41412,-0.72,-0.2
2026-09-03,Monthly,2017-07-01,2017-07-31,NA,Country,National,Multi-Family (2-4 Units),false,8067,NA,7.35,240000,NA,9.59,56,NA,-1000,11660,NA,4.7,49760,NA,-6.85,9600,NA,5.27
2026-09-03,Monthly,2017-07-01,2017-07-31,NA,Country,National,Single Family Residential,true,277588,-0.93,3.55,245000,NA,5.83,57,0,-700,326650,0.26,2.08,1314448,-0.51,-5.61,310193,0.22,-0.11
2026-09-03,Monthly,2017-07-01,2017-07-31,NA,Country,National,Townhouse,true,22696,1.24,6.65,225500,NA,6.37,42,-100,-600,26478,-0.13,2.53,91784,-0.85,-5.16,24939,0.3,-0.22
2026-09-03,Monthly,2017-06-01,2017-06-30,NA,Country,National,Condo/Co-op,true,37509,1.68,3.06,225000,NA,7.63,54,0,-700,46224,2.55,5.32,186658,0.19,-6.3,41712,1.98,-2.48
2026-09-03,Monthly,2017-06-01,2017-06-30,NA,Country,National,Multi-Family (2-4 Units),false,9180,NA,8.77,237000,NA,8.97,55,NA,-1100,12838,NA,6.06,49969,NA,-6.87,10724,NA,3.33
2026-09-03,Monthly,2017-06-01,2017-06-30,NA,Country,National,Single Family Residential,true,280190,-0.67,3.6,250000,NA,6.38,58,0,-800,325806,-1.37,2.37,1321202,-0.4,-6.02,309513,-0.6,-3.83
2026-09-03,Monthly,2017-06-01,2017-06-30,NA,Country,National,Townhouse,true,22417,-0.28,3.36,227000,NA,5.75,43,0,-500,26513,0.31,4.09,92574,-0.49,-4.9,24865,1.16,-4.12
2026-09-03,Monthly,2017-05-01,2017-05-31,NA,Country,National,Condo/Co-op,true,36888,-0.69,3.63,218000,NA,6.34,54,-100,-600,45076,1.59,1.53,186298,-0.05,-7.53,40901,1.07,-2.83
2026-09-03,Monthly,2017-05-01,2017-05-31,NA,Country,National,Multi-Family (2-4 Units),false,8584,NA,9.77,220000,NA,6.02,57,NA,-1000,12881,NA,8.8,48666,NA,-8.16,10674,NA,6.14
2026-09-03,Monthly,2017-05-01,2017-05-31,NA,Country,National,Single Family Residential,true,282067,0.47,3.29,240000,NA,6.67,58,0,-800,330322,2.06,3.3,1326519,-0.27,-6.59,311384,1.41,-1.72
2026-09-03,Monthly,2017-05-01,2017-05-31,NA,Country,National,Townhouse,true,22480,0.36,6.06,222000,NA,4.72,43,-200,-500,26431,1,3.22,93030,0.16,-5.17,24581,1.84,-4.36
2026-09-03,Monthly,2017-04-01,2017-04-30,NA,Country,National,Condo/Co-op,true,37145,0.89,5.93,212000,NA,6,54,-100,-700,44372,-0.98,-0.8,186387,-0.91,-8.15,40468,-2.45,-3.55
2026-09-03,Monthly,2017-04-01,2017-04-30,NA,Country,National,Multi-Family (2-4 Units),false,7526,NA,2.9,219000,NA,9.55,58,NA,-1600,11346,NA,-4.49,46224,NA,-11.54,9552,NA,-2.93
2026-09-03,Monthly,2017-04-01,2017-04-30,NA,Country,National,Single Family Residential,true,280744,3.04,4.06,233000,NA,6.39,58,-100,-700,323655,-1.78,-0.55,1330063,-0.8,-7.4,307043,-2,-4.59
2026-09-03,Monthly,2017-04-01,2017-04-30,NA,Country,National,Townhouse,true,22400,0.01,5.79,220000,NA,7.84,44,100,-600,26169,0.21,2.32,92883,-1.14,-6.48,24137,-1.98,-5.3
2026-09-03,Monthly,2017-03-01,2017-03-31,NA,Country,National,Condo/Co-op,true,36818,1.16,9.72,209900,NA,8.76,55,-200,-700,44813,0.23,-0.67,188099,-0.68,-7.37,41486,-1.72,-0.38
2026-09-03,Monthly,2017-03-01,2017-03-31,NA,Country,National,Multi-Family (2-4 Units),false,8338,NA,14.69,211000,NA,5.5,66,NA,-1700,11934,NA,0.59,46549,NA,-10.16,10587,NA,5.95
2026-09-03,Monthly,2017-03-01,2017-03-31,NA,Country,National,Single Family Residential,true,272473,3.34,6.59,228000,NA,7.52,59,-200,-900,329518,-1.51,-0.08,1340735,0.07,-6.91,313305,-1.28,-1.26
2026-09-03,Monthly,2017-03-01,2017-03-31,NA,Country,National,Townhouse,true,22398,0.97,7.87,215000,NA,7.5,43,-200,-900,26116,-1.37,-0.01,93951,0.23,-5.93,24624,-2.07,-1.41
2026-09-03,Monthly,2017-02-01,2017-02-28,NA,Country,National,Condo/Co-op,true,36396,-3.49,11.05,202000,NA,7.45,57,-100,-800,44710,0.05,-0.56,189382,-0.3,-6.24,42212,1.02,3.42
2026-09-03,Monthly,2017-02-01,2017-02-28,NA,Country,National,Multi-Family (2-4 Units),false,6347,NA,-0.77,200000,NA,2.04,79,NA,-1100,9545,NA,-4.3,43978,NA,-11.96,8261,NA,1.77
2026-09-03,Monthly,2017-02-01,2017-02-28,NA,Country,National,Single Family Residential,true,263675,-7.23,2.9,220000,NA,8.37,61,0,-800,334555,3.79,4.59,1339749,0.23,-6.47,317370,1.7,3.83
2026-09-03,Monthly,2017-02-01,2017-02-28,NA,Country,National,Townhouse,true,22184,-0.88,7.48,210000,NA,9.38,45,-100,-1000,26477,1.49,4.67,93739,0.11,-4.76,25144,1.23,3.26
2026-09-03,Monthly,2017-01-01,2017-01-31,NA,Country,National,Condo/Co-op,true,37714,5.41,6.39,210000,NA,10.53,58,0,-600,44686,0.4,-1.2,189953,0.03,-5.37,41785,2.85,2.31
2026-09-03,Monthly,2017-01-01,2017-01-31,NA,Country,National,Multi-Family (2-4 Units),false,6847,NA,11.79,220000,NA,10,77,NA,-700,9315,NA,4.28,44206,NA,-10.74,8199,NA,5.9
2026-09-03,Monthly,2017-01-01,2017-01-31,NA,Country,National,Single Family Residential,true,284217,2.49,5.34,220500,NA,7.09,61,-100,-800,322348,3.02,1.13,1336637,-0.28,-6.87,312074,1.74,1.31
2026-09-03,Monthly,2017-01-01,2017-01-31,NA,Country,National,Townhouse,true,22381,2.44,6.34,205000,NA,7.58,46,0,-800,26089,1.11,2.7,93637,0.17,-4.95,24838,1.36,2.6
2026-09-03,Monthly,2016-12-01,2016-12-31,NA,Country,National,Condo/Co-op,true,35778,-2.6,0.49,210000,NA,6.6,58,0,-600,44510,-0.09,0.19,189899,-0.21,-5.07,40626,-0.15,-1.89
2026-09-03,Monthly,2016-12-01,2016-12-31,NA,Country,National,Multi-Family (2-4 Units),false,8071,NA,3.1,215000,NA,4.88,75,NA,-300,6592,NA,-3.03,45733,NA,-12.23,8136,NA,0.74
2026-09-03,Monthly,2016-12-01,2016-12-31,NA,Country,National,Single Family Residential,true,277320,0.58,5.99,227000,NA,5.58,61,0,-700,312895,-1.83,0.03,1340390,-0.88,-7.08,306742,-0.4,1.42
2026-09-03,Monthly,2016-12-01,2016-12-31,NA,Country,National,Townhouse,true,21849,-0.14,4.99,213745,NA,6.87,46,-100,-600,25801,0.31,2.81,93478,-0.33,-5.48,24504,0.43,0.22
2026-09-03,Monthly,2016-11-01,2016-11-30,NA,Country,National,Condo/Co-op,true,36733,1.67,9.78,210000,NA,8.25,58,-200,-700,44549,2.39,-1.63,190305,-0.82,-5.31,40687,1.57,-0.66
2026-09-03,Monthly,2016-11-01,2016-11-30,NA,Country,National,Multi-Family (2-4 Units),false,7601,NA,17.66,215000,NA,7.5,68,NA,-700,8601,NA,1.36,49448,NA,-10.93,8661,NA,10.6
2026-09-03,Monthly,2016-11-01,2016-11-30,NA,Country,National,Single Family Residential,true,275726,-0.37,17.52,227110,NA,8.15,62,-200,-800,318716,1.2,0.31,1352323,-0.92,-6.69,307970,0.76,4.09
2026-09-03,Monthly,2016-11-01,2016-11-30,NA,Country,National,Townhouse,true,21878,-0.61,16.46,214900,NA,7.5,47,0,-600,25721,1.22,0.64,93783,-0.7,-6.04,24400,2.69,2.09
2026-09-03,Monthly,2016-10-01,2016-10-31,NA,Country,National,Condo/Co-op,true,36129,-0.93,2.81,207000,NA,8.95,59,0,-600,43507,-3.45,-3.58,191882,-1.37,-4.97,40059,-4.29,-2.94
2026-09-03,Monthly,2016-10-01,2016-10-31,NA,Country,National,Multi-Family (2-4 Units),false,7809,NA,0.28,215000,NA,6.17,69,NA,-400,9998,NA,-8.13,52116,NA,-11.38,9355,NA,1.68
2026-09-03,Monthly,2016-10-01,2016-10-31,NA,Country,National,Single Family Residential,true,276738,1.83,7.75,225000,NA,7.14,63,0,-600,314928,-1.07,0.25,1364908,-0.93,-6.21,305656,-2.37,1.7
2026-09-03,Monthly,2016-10-01,2016-10-31,NA,Country,National,Townhouse,true,22013,1.45,7.95,212500,NA,7.32,47,100,-400,25410,-1.42,0.79,94445,-1.3,-5.67,23760,-4.01,-2.64
2026-09-03,Monthly,2016-09-01,2016-09-30,NA,Country,National,Condo/Co-op,true,36470,1.43,0.32,205000,NA,7.89,59,-100,-600,45063,1.72,0.54,194550,-0.95,-4.17,41855,1.29,0.23
2026-09-03,Monthly,2016-09-01,2016-09-30,NA,Country,National,Multi-Family (2-4 Units),false,8075,NA,3.98,215000,NA,0,67,NA,-300,10963,NA,-3.05,53599,NA,-10.15,9770,NA,10.95
2026-09-03,Monthly,2016-09-01,2016-09-30,NA,Country,National,Single Family Residential,true,271757,1.68,3.56,226492,NA,6.33,63,-100,-600,318327,-0.16,-0.09,1377734,-0.6,-6.02,313083,1.23,3.59
2026-09-03,Monthly,2016-09-01,2016-09-30,NA,Country,National,Townhouse,true,21698,0.49,5.33,212000,NA,6.96,46,-100,-600,25776,0.32,1.93,95689,-0.56,-5.53,24753,0.76,1.84
2026-09-03,Monthly,2016-08-01,2016-08-31,NA,Country,National,Condo/Co-op,true,35957,-0.3,-0.62,205000,NA,5.18,60,0,-700,44302,-0.98,-2.05,196413,-0.58,-4.01,41320,-0.42,-0.34
2026-09-03,Monthly,2016-08-01,2016-08-31,NA,Country,National,Multi-Family (2-4 Units),false,8515,NA,15.49,220000,NA,2.33,64,NA,-600,11682,NA,0.72,54383,NA,-9.28,10088,NA,11.98
2026-09-03,Monthly,2016-08-01,2016-08-31,NA,Country,National,Single Family Residential,true,267274,-0.3,2.09,230000,NA,5.02,64,0,-600,318827,-0.36,-1.23,1386080,-0.47,-6.04,309273,-0.41,3.21
2026-09-03,Monthly,2016-08-01,2016-08-31,NA,Country,National,Townhouse,true,21591,1.46,6.01,212500,NA,6.25,48,-100,-500,25695,-0.5,0.46,96224,-0.57,-5.65,24567,-1.7,0.85
2026-09-03,Monthly,2016-07-01,2016-07-31,NA,Country,National,Condo/Co-op,true,36067,-0.9,-2.12,207500,NA,6.41,60,-100,-700,44742,1.95,-0.56,197562,-0.83,-4.33,41495,-2.98,-2.84
2026-09-03,Monthly,2016-07-01,2016-07-31,NA,Country,National,Multi-Family (2-4 Units),false,7515,NA,-6.63,219000,NA,4.29,66,NA,-100,11137,NA,-9.31,53417,NA,-11.03,9119,NA,-1.81
2026-09-03,Monthly,2016-07-01,2016-07-31,NA,Country,National,Single Family Residential,true,268074,-0.88,2.42,231500,NA,4.99,64,-100,-700,319985,0.54,-0.22,1392560,-0.94,-6.29,310538,-3.52,1.35
2026-09-03,Monthly,2016-07-01,2016-07-31,NA,Country,National,Townhouse,true,21280,-1.88,4.03,212000,NA,4.95,49,100,-600,25824,1.39,2.74,96773,-0.58,-5.87,24993,-3.62,1.29
2026-09-03,Monthly,2016-06-01,2016-06-30,NA,Country,National,Condo/Co-op,true,36396,2.24,2.76,209050,NA,5.05,61,0,-600,43888,-1.15,-2.58,199214,-1.12,-4.41,42771,1.62,4.11
2026-09-03,Monthly,2016-06-01,2016-06-30,NA,Country,National,Multi-Family (2-4 Units),false,8440,NA,6.44,217500,NA,8.21,66,NA,-200,12105,NA,-6.13,53656,NA,-9.99,10378,NA,9.16
2026-09-03,Monthly,2016-06-01,2016-06-30,NA,Country,National,Single Family Residential,true,270458,-0.96,5.02,235000,NA,4.44,65,0,-500,318251,-0.47,-0.97,1405832,-1,-5.69,321854,1.58,8.89
2026-09-03,Monthly,2016-06-01,2016-06-30,NA,Country,National,Townhouse,true,21689,2.33,9.14,214656,NA,4.2,47,0,-600,25471,-0.53,0.74,97341,-0.77,-5.87,25932,0.9,9.76
2026-09-03,Monthly,2016-05-01,2016-05-31,NA,Country,National,Condo/Co-op,true,35597,1.52,1.44,205000,NA,5.13,60,-100,-800,44398,-0.74,-1.68,201479,-0.72,-3.77,42091,0.32,2.36
2026-09-03,Monthly,2016-05-01,2016-05-31,NA,Country,National,Multi-Family (2-4 Units),false,7820,NA,11.3,207500,NA,3.75,67,NA,-600,11839,NA,-5.23,52992,NA,-8.05,10057,NA,9.91
2026-09-03,Monthly,2016-05-01,2016-05-31,NA,Country,National,Single Family Residential,true,273078,1.22,7.12,225000,NA,3.69,66,0,-600,319769,-1.75,-2.51,1420038,-1.14,-4.59,316847,-1.55,7.02
2026-09-03,Monthly,2016-05-01,2016-05-31,NA,Country,National,Townhouse,true,21195,0.1,6.82,212000,NA,6.27,48,-300,-600,25606,0.11,0.42,98101,-1.23,-5.33,25702,0.84,8.17
2026-09-03,Monthly,2016-04-01,2016-04-30,NA,Country,National,Condo/Co-op,true,35064,4.5,1.8,200000,NA,5.26,61,-100,-800,44729,-0.86,-1.52,202931,-0.07,-2.68,41957,0.76,2.27
2026-09-03,Monthly,2016-04-01,2016-04-30,NA,Country,National,Multi-Family (2-4 Units),false,7314,NA,6.57,199900,NA,5.91,74,NA,-600,11879,NA,-7.49,52257,NA,-6.72,9840,NA,6.67
2026-09-03,Monthly,2016-04-01,2016-04-30,NA,Country,National,Single Family Residential,true,269783,5.54,8.9,219000,NA,4.78,66,-200,-800,325459,-1.31,0.37,1436401,-0.26,-2.92,321821,1.43,7.9
2026-09-03,Monthly,2016-04-01,2016-04-30,NA,Country,National,Townhouse,true,21174,1.98,8.72,204000,NA,5.97,50,-200,-600,25577,-2.07,0.96,99323,-0.55,-3.61,25487,2.04,7.2
2026-09-03,Monthly,2016-03-01,2016-03-31,NA,Country,National,Condo/Co-op,true,33556,2.39,-1.14,193000,NA,3.76,62,-300,-800,45115,0.34,0.8,203071,0.54,-1.73,41642,2.02,4
2026-09-03,Monthly,2016-03-01,2016-03-31,NA,Country,National,Multi-Family (2-4 Units),false,7270,NA,9.54,200000,NA,10.04,83,NA,-800,11864,NA,3.63,51812,NA,-4.33,9992,NA,20.65
2026-09-03,Monthly,2016-03-01,2016-03-31,NA,Country,National,Single Family Residential,true,255619,-0.24,2.97,212045,NA,4.97,68,-100,-800,329792,3.1,5.51,1440198,0.55,-1.83,317292,3.81,9.91
2026-09-03,Monthly,2016-03-01,2016-03-31,NA,Country,National,Townhouse,true,20763,0.6,6.84,200000,NA,6.38,53,-300,-500,26118,3.25,5.44,99871,1.47,-1.78,24977,2.57,7.11
2026-09-03,Monthly,2016-02-01,2016-02-29,NA,Country,National,Condo/Co-op,true,32773,-7.55,-2.26,188000,NA,5.62,65,100,-700,44961,-0.59,1.66,201983,0.63,-1.76,40816,-0.07,1.88
2026-09-03,Monthly,2016-02-01,2016-02-29,NA,Country,National,Multi-Family (2-4 Units),false,6396,NA,21.3,196000,NA,9.5,90,NA,-800,9974,NA,12.07,49955,NA,-3.15,8117,NA,27.47
2026-09-03,Monthly,2016-02-01,2016-02-29,NA,Country,National,Single Family Residential,true,256241,-5.03,6.61,203000,NA,4.64,69,0,-800,319871,0.35,4.9,1432384,-0.2,-2.2,305654,-0.78,7.49
2026-09-03,Monthly,2016-02-01,2016-02-29,NA,Country,National,Townhouse,true,20640,-1.94,8.57,192000,NA,4.43,55,100,-500,25296,-0.43,1.98,98424,-0.1,-3.66,24351,0.59,4.4
2026-09-03,Monthly,2016-01-01,2016-01-31,NA,Country,National,Condo/Co-op,true,35448,-0.44,3.44,190000,NA,0,64,0,-1100,45227,1.8,1.82,200724,0.34,-2.44,40844,-1.36,0.83
2026-09-03,Monthly,2016-01-01,2016-01-31,NA,Country,National,Multi-Family (2-4 Units),false,6125,NA,7.25,200000,NA,7.56,84,NA,-1400,8933,NA,-2.32,49526,NA,-4.92,7742,NA,13.17
2026-09-03,Monthly,2016-01-01,2016-01-31,NA,Country,National,Single Family Residential,true,269810,3.12,14.69,205897,NA,8.37,69,0,-900,318743,1.9,4.02,1435273,-0.5,-2.02,308047,1.85,8.9
2026-09-03,Monthly,2016-01-01,2016-01-31,NA,Country,National,Townhouse,true,21048,1.14,13.54,190550,NA,5.28,54,200,-700,25404,1.22,2.88,98517,-0.39,-3.49,24208,-0.99,4.8
2026-09-03,Monthly,2015-12-01,2015-12-31,NA,Country,National,Condo/Co-op,true,35605,6.4,6.24,197000,NA,5.91,64,-100,-1000,44428,-1.9,0.34,200052,-0.46,-3.06,41409,1.1,6.58
2026-09-03,Monthly,2015-12-01,2015-12-31,NA,Country,National,Multi-Family (2-4 Units),false,7828,NA,8.29,205000,NA,7.89,78,NA,-1100,6798,NA,4.22,52105,NA,-3.77,8076,NA,12.15
2026-09-03,Monthly,2015-12-01,2015-12-31,NA,Country,National,Single Family Residential,true,261635,11.52,9.5,215000,NA,7.5,68,-100,-900,312813,-1.55,3.86,1442455,-0.47,-1.58,302462,2.23,10.02
2026-09-03,Monthly,2015-12-01,2015-12-31,NA,Country,National,Townhouse,true,20810,10.77,11.41,200000,NA,5.26,52,-100,-700,25097,-1.8,1.01,98899,-0.91,-2.66,24450,2.3,10.18
2026-09-03,Monthly,2015-11-01,2015-11-30,NA,Country,National,Condo/Co-op,true,33462,-4.78,0.22,194000,NA,5.43,65,0,-1000,45286,0.36,3.72,200972,-0.46,-3.37,40957,-0.77,5.57
2026-09-03,Monthly,2015-11-01,2015-11-30,NA,Country,National,Multi-Family (2-4 Units),false,6460,NA,8.21,200000,NA,1.39,75,NA,-1000,8486,NA,6.73,55518,NA,-2.47,7831,NA,13.02
2026-09-03,Monthly,2015-11-01,2015-11-30,NA,Country,National,Single Family Residential,true,234617,-8.65,-1.25,210000,NA,5.61,69,0,-1000,317732,1.15,7.79,1449204,-0.42,-1.56,295871,-1.56,9.16
2026-09-03,Monthly,2015-11-01,2015-11-30,NA,Country,National,Townhouse,true,18786,-7.87,3.85,199900,NA,5.27,53,200,-700,25558,1.37,7,99809,-0.31,-1.59,23901,-2.06,9.11
2026-09-03,Monthly,2015-10-01,2015-10-31,NA,Country,National,Condo/Co-op,true,35142,-3.33,-1.02,190000,NA,-1.3,65,0,-1000,45123,0.67,2.72,201910,-0.55,-3.68,41274,-1.17,2.47
2026-09-03,Monthly,2015-10-01,2015-10-31,NA,Country,National,Multi-Family (2-4 Units),false,7787,NA,3.23,202500,NA,6.58,73,NA,-1200,10883,NA,1.28,58810,NA,-2.16,9200,NA,6.94
2026-09-03,Monthly,2015-10-01,2015-10-31,NA,Country,National,Single Family Residential,true,256838,-2.13,7.54,210000,NA,6.33,69,0,-1000,314132,-1.4,5.56,1455270,-0.73,-1.61,300545,-0.56,9.01
2026-09-03,Monthly,2015-10-01,2015-10-31,NA,Country,National,Townhouse,true,20392,-1.01,11.13,198000,NA,6.17,51,-100,-800,25212,-0.3,5.16,100120,-1.15,-1.18,24404,0.41,9.36
2026-09-03,Monthly,2015-09-01,2015-09-30,NA,Country,National,Condo/Co-op,true,36354,0.48,8.51,190000,NA,3.26,65,-100,-1000,44822,-0.9,2.28,203024,-0.78,-3.24,41761,0.72,8.06
2026-09-03,Monthly,2015-09-01,2015-09-30,NA,Country,National,Multi-Family (2-4 Units),false,7766,NA,11.26,215000,NA,10.26,70,NA,-1300,11308,NA,3.95,59654,NA,-0.61,8806,NA,12.57
2026-09-03,Monthly,2015-09-01,2015-09-30,NA,Country,National,Single Family Residential,true,262425,0.23,12.01,213000,NA,6.5,69,-100,-1000,318600,-1.3,5.57,1465934,-0.63,-0.88,302246,0.87,12.73
2026-09-03,Monthly,2015-09-01,2015-09-30,NA,Country,National,Townhouse,true,20600,1.14,15.41,198200,NA,6.56,52,-100,-700,25288,-1.13,5.97,101289,-0.68,0.82,24305,-0.23,12.18
2026-09-03,Monthly,2015-08-01,2015-08-31,NA,Country,National,Condo/Co-op,true,36180,-1.81,8.41,194900,NA,5.35,67,0,-700,45229,0.53,4.38,204613,-0.91,-2.05,41463,-2.92,9.58
2026-09-03,Monthly,2015-08-01,2015-08-31,NA,Country,National,Multi-Family (2-4 Units),false,7373,NA,6.67,215000,NA,8.04,70,NA,-1000,11598,NA,7.52,59947,NA,1.05,9009,NA,14.57
2026-09-03,Monthly,2015-08-01,2015-08-31,NA,Country,National,Single Family Residential,true,261813,0.02,10.9,219000,NA,5.8,70,-100,-700,322802,0.65,7.66,1475221,-0.73,0.25,299644,-2.21,13.07
2026-09-03,Monthly,2015-08-01,2015-08-31,NA,Country,National,Townhouse,true,20368,-0.43,14.37,200000,NA,5.26,53,-100,-500,25577,1.76,9.12,101984,-0.8,2.1,24360,-1.28,13.42
2026-09-03,Monthly,2015-07-01,2015-07-31,NA,Country,National,Condo/Co-op,true,36847,4.03,10.75,195000,NA,5.41,67,0,-500,44992,-0.13,4.08,206500,-0.91,-0.08,42710,3.96,18.62
2026-09-03,Monthly,2015-07-01,2015-07-31,NA,Country,National,Multi-Family (2-4 Units),false,8049,NA,13.51,210000,NA,4.22,67,NA,-900,12280,NA,6.02,60042,NA,2.41,9287,NA,23.45
2026-09-03,Monthly,2015-07-01,2015-07-31,NA,Country,National,Single Family Residential,true,261748,1.64,13.46,220498,NA,5,71,0,-500,320704,-0.2,7.55,1486069,-0.31,2.15,306408,3.66,21.02
2026-09-03,Monthly,2015-07-01,2015-07-31,NA,Country,National,Townhouse,true,20456,2.94,15.89,202000,NA,4.94,54,100,0,25136,-0.59,7.01,102806,-0.58,4.68,24676,4.44,19.23
2026-09-03,Monthly,2015-06-01,2015-06-30,NA,Country,National,Condo/Co-op,true,35420,0.93,7.32,199000,NA,6.13,67,-200,-600,45051,-0.23,3.93,208401,-0.46,1.69,41085,-0.09,11.17
2026-09-03,Monthly,2015-06-01,2015-06-30,NA,Country,National,Multi-Family (2-4 Units),false,7929,NA,17.36,201000,NA,5.79,68,NA,-500,12896,NA,11.07,59614,NA,5.3,9507,NA,28.21
2026-09-03,Monthly,2015-06-01,2015-06-30,NA,Country,National,Single Family Residential,true,257526,1.02,12.49,225000,NA,7.14,71,-100,-700,321356,-2.03,5.86,1490673,0.16,3.59,295577,-0.17,14.22
2026-09-03,Monthly,2015-06-01,2015-06-30,NA,Country,National,Townhouse,true,19872,0.15,13.23,206000,NA,6.19,53,0,-500,25284,-0.84,7.77,103409,-0.21,7.18,23627,-0.56,11.26
2026-09-03,Monthly,2015-05-01,2015-05-31,NA,Country,National,Condo/Co-op,true,35093,1.88,6.77,195000,NA,6.01,69,-100,-500,45155,-0.58,3.96,209364,0.4,2.08,41123,0.24,8.46
2026-09-03,Monthly,2015-05-01,2015-05-31,NA,Country,National,Multi-Family (2-4 Units),false,7026,NA,4.21,200000,NA,8.14,73,NA,-400,12493,NA,5.71,57629,NA,4.74,9150,NA,13.81
2026-09-03,Monthly,2015-05-01,2015-05-31,NA,Country,National,Single Family Residential,true,254935,2.9,13.04,217000,NA,8.5,72,-200,-700,328019,1.16,8.59,1488312,0.59,4.21,296072,-0.73,15.22
2026-09-03,Monthly,2015-05-01,2015-05-31,NA,Country,National,Townhouse,true,19842,1.89,13.19,199500,NA,5.06,53,-300,-500,25499,0.65,9.59,103622,0.56,7.27,23761,-0.06,10.9
2026-09-03,Monthly,2015-04-01,2015-04-30,NA,Country,National,Condo/Co-op,true,34445,1.48,8.38,190000,NA,2.76,69,0,-400,45419,1.48,5.04,208527,0.91,1.9,41024,2.46,9.91
2026-09-03,Monthly,2015-04-01,2015-04-30,NA,Country,National,Multi-Family (2-4 Units),false,6863,NA,9.06,188750,NA,7.24,80,NA,-200,12841,NA,10.63,56019,NA,5.52,9225,NA,18.21
2026-09-03,Monthly,2015-04-01,2015-04-30,NA,Country,National,Single Family Residential,true,247741,-0.21,15.16,209000,NA,7.18,74,-200,-600,324265,3.74,9.4,1479652,0.86,4.66,298249,3.31,20.45
2026-09-03,Monthly,2015-04-01,2015-04-30,NA,Country,National,Townhouse,true,19475,0.21,11.29,192500,NA,4.05,57,-100,-100,25335,2.27,9.24,103041,1.34,6.07,23776,1.96,11.02
2026-09-03,Monthly,2015-03-01,2015-03-31,NA,Country,National,Condo/Co-op,true,33942,1.23,8.17,186000,NA,4.49,70,-300,-500,44757,1.2,3.99,206644,0.5,2.16,40039,-0.06,12.07
2026-09-03,Monthly,2015-03-01,2015-03-31,NA,Country,National,Multi-Family (2-4 Units),false,6637,NA,14.1,181753,NA,3.18,91,NA,-400,11448,NA,9.37,54158,NA,6.26,8282,NA,12.85
2026-09-03,Monthly,2015-03-01,2015-03-31,NA,Country,National,Single Family Residential,true,248250,3.29,15.94,202000,NA,6.37,76,-100,-500,312563,2.5,8.54,1467075,0.17,5.09,288691,1.52,21.18
2026-09-03,Monthly,2015-03-01,2015-03-31,NA,Country,National,Townhouse,true,19434,2.23,12.26,188000,NA,4.44,58,-200,-100,24771,-0.14,6.46,101682,-0.47,5.41,23319,-0.03,15.03
2026-09-03,Monthly,2015-02-01,2015-02-28,NA,Country,National,Condo/Co-op,true,33530,-2.16,6.11,178000,NA,4.77,72,-300,-300,44225,-0.44,3.99,205606,-0.07,2.99,40062,-1.1,12.94
2026-09-03,Monthly,2015-02-01,2015-02-28,NA,Country,National,Multi-Family (2-4 Units),false,5273,NA,4.04,179000,NA,5.29,98,NA,-100,8900,NA,6.45,51580,NA,5.87,6368,NA,4
2026-09-03,Monthly,2015-02-01,2015-02-28,NA,Country,National,Single Family Residential,true,240353,2.17,12.27,194000,NA,6.09,77,-100,-300,304942,-0.48,9.33,1464651,-0.01,5.94,284361,0.53,19.16
2026-09-03,Monthly,2015-02-01,2015-02-28,NA,Country,National,Townhouse,true,19010,2.55,8.47,183860,NA,5.06,60,-100,-100,24805,0.45,9.11,102163,0.09,6.58,23325,0.97,14.24
2026-09-03,Monthly,2015-01-01,2015-01-31,NA,Country,National,Condo/Co-op,true,34270,2.25,10.55,190000,NA,8.57,75,100,100,44420,0.32,5.39,205751,-0.3,3.63,40509,4.27,13.22
2026-09-03,Monthly,2015-01-01,2015-01-31,NA,Country,National,Multi-Family (2-4 Units),false,5711,NA,8.68,185950,NA,3.59,98,NA,0,9145,NA,7.46,52087,NA,6.44,6841,NA,10.68
2026-09-03,Monthly,2015-01-01,2015-01-31,NA,Country,National,Single Family Residential,true,235249,-1.54,11.21,190000,NA,2.98,78,0,-200,306421,1.74,12.62,1464821,-0.06,6.38,282864,2.89,18.91
2026-09-03,Monthly,2015-01-01,2015-01-31,NA,Country,National,Townhouse,true,18538,-0.76,6.85,181000,NA,5.23,61,200,100,24693,-0.61,9.29,102075,0.47,6.6,23100,4.09,11.79
2026-09-03,Monthly,2014-12-01,2014-12-31,NA,Country,National,Condo/Co-op,true,33514,0.38,5.8,186000,NA,1.64,74,-100,100,44277,1.41,4.72,206375,-0.77,3.84,38852,0.14,6.54
2026-09-03,Monthly,2014-12-01,2014-12-31,NA,Country,National,Multi-Family (2-4 Units),false,7229,NA,9.35,190000,NA,2.15,89,NA,100,6523,NA,8.99,54149,NA,7.4,7201,NA,10.44
2026-09-03,Monthly,2014-12-01,2014-12-31,NA,Country,National,Single Family Residential,true,238938,0.57,9.56,200000,NA,2.56,78,-100,0,301177,2.17,7.86,1465664,-0.45,6.14,274920,1.43,9.41
2026-09-03,Monthly,2014-12-01,2014-12-31,NA,Country,National,Townhouse,true,18679,3.26,7.1,190000,NA,4.11,59,-100,0,24846,4.02,9.78,101602,0.18,5.98,22192,1.31,4.86
2026-09-03,Monthly,2014-11-01,2014-11-30,NA,Country,National,Condo/Co-op,true,33388,-5.96,4.97,184000,NA,3.37,75,0,300,43663,-0.6,2.37,207976,-0.78,4.57,38797,-3.68,6.06
2026-09-03,Monthly,2014-11-01,2014-11-30,NA,Country,National,Multi-Family (2-4 Units),false,5970,NA,-1.42,197250,NA,11.44,85,NA,100,7951,NA,2.13,56926,NA,6.44,6929,NA,-0.2
2026-09-03,Monthly,2014-11-01,2014-11-30,NA,Country,National,Single Family Residential,true,237582,-0.52,9.18,198849,NA,4.66,79,0,200,294782,-0.94,4.22,1472234,-0.46,6.79,271044,-1.69,8.85
2026-09-03,Monthly,2014-11-01,2014-11-30,NA,Country,National,Townhouse,true,18090,-1.42,4,189900,NA,5.5,60,100,300,23886,-0.37,4.38,101423,0.1,5.76,21905,-1.83,3.54
2026-09-03,Monthly,2014-10-01,2014-10-31,NA,Country,National,Condo/Co-op,true,35505,5.97,10.26,192500,NA,7,75,0,300,43926,0.23,4.93,209621,-0.1,5.9,40280,4.23,10.14
2026-09-03,Monthly,2014-10-01,2014-10-31,NA,Country,National,Multi-Family (2-4 Units),false,7543,NA,7.28,190000,NA,5.56,85,NA,0,10745,NA,5.15,60107,NA,7.86,8603,NA,8.72
2026-09-03,Monthly,2014-10-01,2014-10-31,NA,Country,National,Single Family Residential,true,238823,1.93,10.5,197500,NA,3.46,79,0,200,297576,-1.39,5.27,1479111,0.01,8.01,275704,2.83,11.47
2026-09-03,Monthly,2014-10-01,2014-10-31,NA,Country,National,Townhouse,true,18350,2.8,4.87,186500,NA,4.78,59,100,300,23975,0.47,5.84,101317,0.85,6.41,22314,2.99,5.6
2026-09-03,Monthly,2014-09-01,2014-09-30,NA,Country,National,Condo/Co-op,true,33503,0.39,0.28,184000,NA,-0.54,75,200,200,43825,1.14,4.83,209824,0.45,6.4,38645,2.13,4.09
2026-09-03,Monthly,2014-09-01,2014-09-30,NA,Country,National,Multi-Family (2-4 Units),false,6980,NA,9.99,195000,NA,11.43,83,NA,-100,10878,NA,6.24,60021,NA,8.54,7823,NA,8.05
2026-09-03,Monthly,2014-09-01,2014-09-30,NA,Country,National,Single Family Residential,true,234291,-0.76,5.97,200000,NA,3.63,79,200,100,301786,0.65,4.78,1478918,0.5,8.78,268125,1.18,7.33
2026-09-03,Monthly,2014-09-01,2014-09-30,NA,Country,National,Townhouse,true,17849,0.23,1.65,186000,NA,4.2,59,100,100,23864,1.81,5.53,100461,0.57,5.73,21666,0.88,0.86
2026-09-03,Monthly,2014-08-01,2014-08-31,NA,Country,National,Condo/Co-op,true,33373,0.31,-1.55,185000,NA,-1.39,74,200,-100,43329,0.23,3.42,208894,1.08,6.16,37839,5.09,0.18
2026-09-03,Monthly,2014-08-01,2014-08-31,NA,Country,National,Multi-Family (2-4 Units),false,6912,NA,-4.07,199000,NA,10.56,80,NA,200,10787,NA,1.54,59324,NA,8.03,7863,NA,-0.97
2026-09-03,Monthly,2014-08-01,2014-08-31,NA,Country,National,Single Family Residential,true,236084,2.34,4.88,207000,NA,3.24,77,100,-100,299835,0.55,5.17,1471562,1.15,9.27,265005,4.67,6.16
2026-09-03,Monthly,2014-08-01,2014-08-31,NA,Country,National,Townhouse,true,17808,0.88,0.94,190000,NA,3.54,58,400,-300,23440,-0.21,4.15,99889,1.71,6,21478,3.78,0.89
2026-09-03,Monthly,2014-07-01,2014-07-31,NA,Country,National,Condo/Co-op,true,33271,0.81,-0.25,185000,NA,0,72,-100,-600,43228,-0.27,3.73,206667,0.85,5.41,36006,-2.57,-4.84
2026-09-03,Monthly,2014-07-01,2014-07-31,NA,Country,National,Multi-Family (2-4 Units),false,7091,NA,1.68,201500,NA,11.94,76,NA,-200,11583,NA,3.62,58631,NA,8.92,7523,NA,-2.8
2026-09-03,Monthly,2014-07-01,2014-07-31,NA,Country,National,Single Family Residential,true,230689,0.76,3.36,210000,NA,1.94,76,-200,-500,298201,-1.77,4.64,1454831,1.1,9,253185,-2.16,0.38
2026-09-03,Monthly,2014-07-01,2014-07-31,NA,Country,National,Townhouse,true,17652,0.58,0.84,192500,NA,4.1,54,-300,-900,23489,0.12,5.36,98206,1.78,4.54,20696,-2.55,-2.97
2026-09-03,Monthly,2014-06-01,2014-06-30,NA,Country,National,Condo/Co-op,true,33003,0.41,2.24,187500,NA,1.35,73,-100,-600,43347,-0.21,5.38,204929,-0.09,5.13,36956,-2.53,1.15
2026-09-03,Monthly,2014-06-01,2014-06-30,NA,Country,National,Multi-Family (2-4 Units),false,6756,NA,4.32,190000,NA,5.56,73,NA,-500,11611,NA,10.8,56613,NA,9.66,7415,NA,-0.01
2026-09-03,Monthly,2014-06-01,2014-06-30,NA,Country,National,Single Family Residential,true,228940,1.51,4.07,210000,NA,2.44,78,-100,-400,303574,0.5,8.85,1438983,0.76,8.93,258783,0.71,6.08
2026-09-03,Monthly,2014-06-01,2014-06-30,NA,Country,National,Townhouse,true,17550,0.12,0.78,194000,NA,4.86,57,-100,-700,23462,0.84,6.91,96486,-0.12,2.52,21237,-0.88,1.79
2026-09-03,Monthly,2014-05-01,2014-05-31,NA,Country,National,Condo/Co-op,true,32868,3.42,2.78,183950,NA,5.11,73,0,-500,43436,0.46,7.92,205107,0.23,5.64,37916,1.58,5.9
2026-09-03,Monthly,2014-05-01,2014-05-31,NA,Country,National,Multi-Family (2-4 Units),false,6742,NA,-4.44,184950,NA,8.79,77,NA,-100,11818,NA,8.1,55021,NA,8.44,8040,NA,-1.87
2026-09-03,Monthly,2014-05-01,2014-05-31,NA,Country,National,Single Family Residential,true,225535,4.83,3.32,200000,NA,2.56,79,-100,-300,302064,1.91,10.81,1428176,1.02,9.03,256962,3.77,5.14
2026-09-03,Monthly,2014-05-01,2014-05-31,NA,Country,National,Townhouse,true,17529,0.17,2.27,189900,NA,7.29,58,100,-800,23267,0.32,6.88,96598,-0.56,3,21426,0.05,4.06
2026-09-03,Monthly,2014-04-01,2014-04-30,NA,Country,National,Condo/Co-op,true,31782,1.29,2.24,184900,NA,8.76,74,-100,-800,43238,0.46,8.25,204640,1.17,5.43,37327,4.48,7.12
2026-09-03,Monthly,2014-04-01,2014-04-30,NA,Country,National,Multi-Family (2-4 Units),false,6293,NA,-3.1,176000,NA,10,82,NA,-600,11607,NA,7.95,53090,NA,8.34,7804,NA,0.31
2026-09-03,Monthly,2014-04-01,2014-04-30,NA,Country,National,Single Family Residential,true,215134,0.47,-0.65,195000,NA,5.41,80,0,-100,296395,2.92,10.4,1413722,1.27,8.74,247619,3.94,4.43
2026-09-03,Monthly,2014-04-01,2014-04-30,NA,Country,National,Townhouse,true,17499,1.08,3.98,185000,NA,8.82,57,-200,-700,23192,-0.33,6.33,97144,0.71,3.97,21416,5.64,7.79
2026-09-03,Monthly,2014-03-01,2014-03-31,NA,Country,National,Condo/Co-op,true,31377,-0.71,-0.58,178000,NA,7.88,75,0,-800,43040,1.2,9.43,202274,1.32,3.99,35725,0.71,3.69
2026-09-03,Monthly,2014-03-01,2014-03-31,NA,Country,National,Multi-Family (2-4 Units),false,5817,NA,-5.29,176150,NA,14.76,95,NA,-100,10467,NA,8.48,50966,NA,7.69,7339,NA,0.45
2026-09-03,Monthly,2014-03-01,2014-03-31,NA,Country,National,Single Family Residential,true,214124,0.02,-0.94,189900,NA,6.09,81,100,-200,287978,3.25,8.72,1396019,0.98,7.47,238240,-0.17,1.03
2026-09-03,Monthly,2014-03-01,2014-03-31,NA,Country,National,Townhouse,true,17312,-1.22,3.3,180000,NA,9.42,59,-200,-700,23269,2.35,10,96460,0.63,3.46,20272,-0.71,3.87
2026-09-03,Monthly,2014-02-01,2014-02-28,NA,Country,National,Condo/Co-op,true,31600,1.93,0.82,169900,NA,11.85,75,100,-700,42528,0.9,6.9,199645,0.55,2.23,35472,-0.86,2.76
2026-09-03,Monthly,2014-02-01,2014-02-28,NA,Country,National,Multi-Family (2-4 Units),false,5068,NA,1.91,170000,NA,12.96,99,NA,-400,8361,NA,4.25,48721,NA,6.56,6123,NA,-0.73
2026-09-03,Monthly,2014-02-01,2014-02-28,NA,Country,National,Single Family Residential,true,214089,1.21,-0.38,182870,NA,7.57,80,0,-500,278908,2.51,2.29,1382486,0.4,5.89,238640,0.32,-1.08
2026-09-03,Monthly,2014-02-01,2014-02-28,NA,Country,National,Townhouse,true,17525,1.01,5.79,175000,NA,12.9,61,0,-1100,22734,0.61,6.16,95854,0.1,1.47,20417,-1.19,2.81
2026-09-03,Monthly,2014-01-01,2014-01-31,NA,Country,National,Condo/Co-op,true,31000,-2.13,3.64,175000,NA,14.38,75,100,-900,42146,-0.32,8.48,198548,-0.1,1.77,35780,-1.88,7.36
2026-09-03,Monthly,2014-01-01,2014-01-31,NA,Country,National,Multi-Family (2-4 Units),false,5255,NA,2.18,179500,NA,18.09,98,NA,100,8510,NA,0.33,48937,NA,6.51,6181,NA,2.59
2026-09-03,Monthly,2014-01-01,2014-01-31,NA,Country,National,Single Family Residential,true,211530,-3.01,-0.69,184500,NA,9.82,79,200,-700,272083,-2.56,1.53,1376943,-0.29,5.83,237890,-5.33,1.49
2026-09-03,Monthly,2014-01-01,2014-01-31,NA,Country,National,Townhouse,true,17349,-0.53,6,172000,NA,11.76,60,100,-1000,22595,-0.17,7.61,95756,-0.12,1.43,20664,-2.36,6.45
2026-09-03,Monthly,2013-12-01,2013-12-31,NA,Country,National,Condo/Co-op,true,31676,-0.41,-0.57,183000,NA,10.24,73,100,-1300,42282,-0.86,7.83,198740,-0.07,1.52,36466,-0.31,4.82
2026-09-03,Monthly,2013-12-01,2013-12-31,NA,Country,National,Multi-Family (2-4 Units),false,6611,NA,2.74,186000,NA,9.48,88,NA,-300,5985,NA,4.56,50418,NA,6.97,6520,NA,2.34
2026-09-03,Monthly,2013-12-01,2013-12-31,NA,Country,National,Single Family Residential,true,218089,0.22,3.58,195000,NA,8.33,78,0,-1100,279237,-1.28,7.54,1380905,0.17,6.44,251279,0.91,6.72
2026-09-03,Monthly,2013-12-01,2013-12-31,NA,Country,National,Townhouse,true,17441,0.27,8.03,182500,NA,12.31,59,200,-1500,22633,-1.1,9.8,95870,-0.03,1.35,21163,0.04,9.98
2026-09-03,Monthly,2013-11-01,2013-11-30,NA,Country,National,Condo/Co-op,true,31808,-1.22,3.87,178000,NA,13.38,72,0,-1700,42650,1.88,14.16,198880,0.47,1.23,36580,0.02,7.54
2026-09-03,Monthly,2013-11-01,2013-11-30,NA,Country,National,Multi-Family (2-4 Units),false,6056,NA,-0.36,177000,NA,9.33,84,NA,-900,7785,NA,10.11,53482,NA,7.09,6943,NA,6.29
2026-09-03,Monthly,2013-11-01,2013-11-30,NA,Country,National,Single Family Residential,true,217601,0.68,3.51,190000,NA,6.74,77,100,-1300,282852,0.06,13.01,1378574,0.67,6.43,249012,0.68,5.45
2026-09-03,Monthly,2013-11-01,2013-11-30,NA,Country,National,Townhouse,true,17395,-0.58,7.65,180000,NA,9.09,57,0,-1700,22885,1.03,15.16,95895,0.71,1.91,21155,0.11,9.88
2026-09-03,Monthly,2013-10-01,2013-10-31,NA,Country,National,Condo/Co-op,true,32200,-3.62,12.34,179900,NA,16.06,73,-100,-1900,41861,0.13,10.34,197941,0.38,0.25,36573,-1.49,10.26
2026-09-03,Monthly,2013-10-01,2013-10-31,NA,Country,National,Multi-Family (2-4 Units),false,7031,NA,14.03,180000,NA,13.92,85,NA,-600,10219,NA,14.83,55727,NA,6.16,7913,NA,8.84
2026-09-03,Monthly,2013-10-01,2013-10-31,NA,Country,National,Single Family Residential,true,216129,-2.25,7.13,190900,NA,9.71,77,-100,-1700,282687,-1.85,12.34,1369453,0.73,5.53,247326,-1,7.87
2026-09-03,Monthly,2013-10-01,2013-10-31,NA,Country,National,Townhouse,true,17497,-0.36,13.14,178000,NA,12.21,56,-100,-2100,22653,0.18,13.3,95217,0.21,0.54,21132,-1.63,13.81
2026-09-03,Monthly,2013-09-01,2013-09-30,NA,Country,National,Condo/Co-op,true,33409,-1.45,15.06,185000,NA,20.52,74,-100,-2100,41807,-0.21,11.42,197199,0.21,-0.22,37125,-1.71,13.79
2026-09-03,Monthly,2013-09-01,2013-09-30,NA,Country,National,Multi-Family (2-4 Units),false,6346,NA,13.5,175000,NA,9.38,84,NA,-1200,10239,NA,18.89,55297,NA,5.43,7240,NA,11.26
2026-09-03,Monthly,2013-09-01,2013-09-30,NA,Country,National,Single Family Residential,true,221101,-1.78,11.01,193000,NA,10.29,78,-100,-1800,288026,1.03,15.4,1359554,0.96,4.57,249816,0.08,11.78
2026-09-03,Monthly,2013-09-01,2013-09-30,NA,Country,National,Townhouse,true,17560,-0.46,13.23,178500,NA,11.21,58,-300,-2200,22613,0.47,13.73,95014,0.83,-0.62,21482,0.91,18.69
2026-09-03,Monthly,2013-08-01,2013-08-31,NA,Country,National,Condo/Co-op,true,33899,1.64,22.06,187600,NA,23.02,74,-400,-2300,41896,0.53,15.58,196782,0.37,-0.2,37770,-0.18,18.35
2026-09-03,Monthly,2013-08-01,2013-08-31,NA,Country,National,Multi-Family (2-4 Units),false,7205,NA,10.91,180000,NA,15.38,78,NA,-1500,10623,NA,15.08,54914,NA,2.96,7940,NA,10.72
2026-09-03,Monthly,2013-08-01,2013-08-31,NA,Country,National,Single Family Residential,true,225108,0.86,16.04,200500,NA,11.39,79,-200,-2000,285088,0.04,18.58,1346679,0.89,3.42,249618,-1.04,11.51
2026-09-03,Monthly,2013-08-01,2013-08-31,NA,Country,National,Townhouse,true,17642,0.79,16.98,183500,NA,13.85,60,-200,-2400,22506,0.95,16.55,94234,0.31,-1.5,21289,-0.18,18.85
2026-09-03,Monthly,2013-07-01,2013-07-31,NA,Country,National,Condo/Co-op,true,33354,3.32,23.7,185000,NA,21.71,78,-100,-2100,41674,1.31,14.65,196060,0.58,-1.15,37839,3.57,20.62
2026-09-03,Monthly,2013-07-01,2013-07-31,NA,Country,National,Multi-Family (2-4 Units),false,6974,NA,21.24,180000,NA,12.5,78,NA,-1400,11178,NA,21.87,53829,NA,1.03,7740,NA,17.45
2026-09-03,Monthly,2013-07-01,2013-07-31,NA,Country,National,Single Family Residential,true,223182,1.45,16.17,206000,NA,14.36,81,-100,-1800,284974,2.18,18.26,1334739,1.04,1.49,252238,3.4,14.85
2026-09-03,Monthly,2013-07-01,2013-07-31,NA,Country,National,Townhouse,true,17504,0.52,17.51,184925,NA,14.15,63,-200,-2600,22294,1.59,14.99,93946,-0.17,-2.94,21328,2.23,22.41
2026-09-03,Monthly,2013-06-01,2013-06-30,NA,Country,National,Condo/Co-op,true,32281,0.95,18.98,185000,NA,17.83,79,0,-2200,41135,2.2,15.43,194926,0.39,-2.64,36535,2.04,17.4
2026-09-03,Monthly,2013-06-01,2013-06-30,NA,Country,National,Multi-Family (2-4 Units),false,6476,NA,4.27,180000,NA,18.03,78,NA,-1500,10479,NA,14.81,51628,NA,-3.23,7416,NA,7.07
2026-09-03,Monthly,2013-06-01,2013-06-30,NA,Country,National,Single Family Residential,true,219994,0.78,13.99,205000,NA,12.59,82,0,-1700,278884,2.31,16.48,1320969,0.84,-0.74,243955,-0.19,12.45
2026-09-03,Monthly,2013-06-01,2013-06-30,NA,Country,National,Townhouse,true,17414,1.6,17.59,185000,NA,12.12,65,-100,-2400,21946,0.81,13.65,94110,0.35,-3.62,20863,1.32,20.54
2026-09-03,Monthly,2013-05-01,2013-05-31,NA,Country,National,Condo/Co-op,true,31978,2.87,18,175000,NA,14.38,78,-300,-2400,40249,0.77,14.06,194164,0.03,-4.39,35805,2.75,15.52
2026-09-03,Monthly,2013-05-01,2013-05-31,NA,Country,National,Multi-Family (2-4 Units),false,7055,NA,12.68,170000,NA,14.86,78,NA,-1500,10932,NA,12.89,50737,NA,-5.41,8193,NA,11.32
2026-09-03,Monthly,2013-05-01,2013-05-31,NA,Country,National,Single Family Residential,true,218283,0.8,12.75,195000,NA,11.43,81,0,-1800,272590,1.53,15.9,1309935,0.75,-3.18,244408,3.07,12.95
2026-09-03,Monthly,2013-05-01,2013-05-31,NA,Country,National,Townhouse,true,17140,1.85,16.72,177000,NA,10.07,66,200,-2500,21769,-0.2,15.68,93784,0.37,-5.37,20591,3.64,20.45
2026-09-03,Monthly,2013-04-01,2013-04-30,NA,Country,National,Condo/Co-op,true,31085,-1.51,12.2,170000,NA,17.24,81,-200,-2200,39942,1.55,12.16,194100,-0.21,-6.15,34847,1.14,12.24
2026-09-03,Monthly,2013-04-01,2013-04-30,NA,Country,National,Multi-Family (2-4 Units),false,6494,NA,9.77,160000,NA,9.22,88,NA,-1100,10752,NA,13.55,49003,NA,-7.89,7780,NA,12.84
2026-09-03,Monthly,2013-04-01,2013-04-30,NA,Country,National,Single Family Residential,true,216540,0.18,11.07,185000,NA,10.12,81,-100,-1900,268483,1.36,8.84,1300130,0.09,-5.72,237119,0.55,9.89
2026-09-03,Monthly,2013-04-01,2013-04-30,NA,Country,National,Townhouse,true,16829,0.42,14.93,170000,NA,9.68,65,-200,-2600,21812,3.11,13.44,93439,0.22,-8.03,19868,1.79,16.56
2026-09-03,Monthly,2013-03-01,2013-03-31,NA,Country,National,Condo/Co-op,true,31561,0.7,15.49,165000,NA,18.71,83,100,-2200,39331,-1.14,10.89,194505,-0.41,-7.38,34453,-0.19,10.7
2026-09-03,Monthly,2013-03-01,2013-03-31,NA,Country,National,Multi-Family (2-4 Units),false,6142,NA,0.92,153500,NA,12.29,96,NA,-1500,9649,NA,-1.59,47328,NA,-11.68,7306,NA,0.69
2026-09-03,Monthly,2013-03-01,2013-03-31,NA,Country,National,Single Family Residential,true,216149,0.58,11.08,179000,NA,11.18,83,-200,-1900,264873,-2.86,6.14,1298982,-0.51,-6.75,235815,-2.25,7.94
2026-09-03,Monthly,2013-03-01,2013-03-31,NA,Country,National,Townhouse,true,16759,1.17,15.59,164500,NA,11.9,66,-500,-2800,21154,-1.22,8.71,93236,-1.3,-10.38,19518,-1.72,12.44
2026-09-03,Monthly,2013-02-01,2013-02-28,NA,Country,National,Condo/Co-op,true,31342,4.78,16.51,151900,NA,19.14,82,-100,-2000,39782,2.39,11.53,195298,0.1,-8.13,34518,3.58,12.43
2026-09-03,Monthly,2013-02-01,2013-02-28,NA,Country,National,Multi-Family (2-4 Units),false,4973,NA,1.97,150500,NA,11.48,103,NA,-1000,8020,NA,-5.77,45722,NA,-12.86,6168,NA,0.98
2026-09-03,Monthly,2013-02-01,2013-02-28,NA,Country,National,Single Family Residential,true,214910,0.9,8.91,170000,NA,11.11,84,-200,-1600,272667,1.75,8.27,1305629,0.35,-6.76,241252,2.92,13.9
2026-09-03,Monthly,2013-02-01,2013-02-28,NA,Country,National,Townhouse,true,16566,1.21,14.74,155000,NA,10.71,71,100,-2400,21415,1.99,11.21,94463,0.06,-10.58,19859,2.31,16.28
2026-09-03,Monthly,2013-01-01,2013-01-31,NA,Country,National,Condo/Co-op,true,29912,-6.11,10.75,153000,NA,17.69,83,-300,-2100,38853,-0.92,7.6,195101,-0.34,-9.19,33326,-4.21,9.55
2026-09-03,Monthly,2013-01-01,2013-01-31,NA,Country,National,Multi-Family (2-4 Units),false,5143,NA,10.25,152000,NA,9,97,NA,-1200,8482,NA,-3.13,45946,NA,-12.41,6025,NA,5.33
2026-09-03,Monthly,2013-01-01,2013-01-31,NA,Country,National,Single Family Residential,true,212995,1.16,11.45,168000,NA,10.53,87,-200,-1300,267987,3.2,3.21,1301131,0.29,-7.47,234404,-0.44,10.47
2026-09-03,Monthly,2013-01-01,2013-01-31,NA,Country,National,Townhouse,true,16367,1.38,14.77,153900,NA,9.41,70,-400,-2400,20998,1.87,6.57,94411,-0.19,-12.09,19411,0.88,14.47
2026-09-03,Monthly,2012-12-01,2012-12-31,NA,Country,National,Condo/Co-op,true,31858,4.04,26.33,166000,NA,20.38,86,-400,-2400,39212,4.96,7.68,195773,-0.35,-9.65,34791,2.28,15.48
2026-09-03,Monthly,2012-12-01,2012-12-31,NA,Country,National,Multi-Family (2-4 Units),false,6435,NA,10.09,169900,NA,17.17,91,NA,-1900,5724,NA,-10.79,47135,NA,-12.31,6371,NA,2.77
2026-09-03,Monthly,2012-12-01,2012-12-31,NA,Country,National,Single Family Residential,true,210550,0.16,21.09,180000,NA,10.43,89,-100,-1500,259667,3.75,1.2,1297379,0.16,-7.59,235445,-0.29,12.63
2026-09-03,Monthly,2012-12-01,2012-12-31,NA,Country,National,Townhouse,true,16145,-0.09,15.22,162500,NA,12.07,74,100,-2200,20612,3.72,4.95,94592,0.52,-13.28,19243,-0.05,10.49
2026-09-03,Monthly,2012-11-01,2012-11-30,NA,Country,National,Condo/Co-op,true,30622,6.83,24.82,157000,NA,12.95,89,-200,-2400,37360,-1.52,2.84,196458,-0.5,-9.77,34014,2.55,15.8
2026-09-03,Monthly,2012-11-01,2012-11-30,NA,Country,National,Multi-Family (2-4 Units),false,6078,NA,16.93,161900,NA,7.93,93,NA,-900,7070,NA,-3.23,49941,NA,-10.38,6532,NA,10.21
2026-09-03,Monthly,2012-11-01,2012-11-30,NA,Country,National,Single Family Residential,true,210217,4.2,23.7,178000,NA,9.54,90,-300,-1600,250281,-0.54,0.17,1295285,-0.19,-7.41,236136,2.99,16.24
2026-09-03,Monthly,2012-11-01,2012-11-30,NA,Country,National,Townhouse,true,16159,4.49,16.83,165000,NA,10.74,74,-300,-2400,19873,-0.6,1.01,94099,-0.64,-14.32,19253,3.69,14.85
2026-09-03,Monthly,2012-10-01,2012-10-31,NA,Country,National,Condo/Co-op,true,28664,-1.29,19.17,155000,NA,16.98,91,-400,-2300,37938,1.11,6.6,197443,-0.1,-9.83,33170,1.67,16.1
2026-09-03,Monthly,2012-10-01,2012-10-31,NA,Country,National,Multi-Family (2-4 Units),false,6166,NA,15.47,158000,NA,14.49,91,NA,-1400,8899,NA,4.02,52494,NA,-8.99,7270,NA,14.54
2026-09-03,Monthly,2012-10-01,2012-10-31,NA,Country,National,Single Family Residential,true,201742,1.29,18.81,174000,NA,8.75,93,-300,-1400,251628,0.82,4.58,1297741,-0.18,-6.98,229277,2.59,16.24
2026-09-03,Monthly,2012-10-01,2012-10-31,NA,Country,National,Townhouse,true,15465,-0.28,10.78,158627,NA,9.4,77,-300,-2200,19993,0.55,3.57,94707,-0.94,-14.56,18567,2.58,13.68
2026-09-03,Monthly,2012-09-01,2012-09-30,NA,Country,National,Condo/Co-op,true,29037,4.55,25.05,153500,NA,12.87,95,-200,-1900,37520,3.51,8.07,197634,0.23,-10.56,32625,2.23,14.14
2026-09-03,Monthly,2012-09-01,2012-09-30,NA,Country,National,Multi-Family (2-4 Units),false,5591,NA,-0.18,160000,NA,6.67,96,NA,-900,8612,NA,-0.7,52449,NA,-10.67,6507,NA,3.38
2026-09-03,Monthly,2012-09-01,2012-09-30,NA,Country,National,Single Family Residential,true,199181,2.68,19.6,175000,NA,6.06,96,-200,-1200,249588,3.81,8.58,1300085,-0.16,-6.83,223491,-0.16,12.41
2026-09-03,Monthly,2012-09-01,2012-09-30,NA,Country,National,Townhouse,true,15508,2.83,13.08,160500,NA,9.18,80,-400,-2100,19883,2.96,4.21,95605,-0.07,-15.06,18099,1.04,10.4
2026-09-03,Monthly,2012-08-01,2012-08-31,NA,Country,National,Condo/Co-op,true,27773,3,16.41,152500,NA,7.77,97,-200,-1800,36247,-0.28,0.63,197180,-0.59,-12.03,31913,1.73,12.11
2026-09-03,Monthly,2012-08-01,2012-08-31,NA,Country,National,Multi-Family (2-4 Units),false,6496,NA,12.68,156000,NA,7.59,93,NA,-700,9231,NA,-5.51,53333,NA,-11.08,7171,NA,7.05
2026-09-03,Monthly,2012-08-01,2012-08-31,NA,Country,National,Single Family Residential,true,193991,0.98,17.28,180000,NA,5.95,98,-100,-1100,240416,-0.23,2.53,1302162,-0.98,-7.25,223853,1.93,14.99
2026-09-03,Monthly,2012-08-01,2012-08-31,NA,Country,National,Townhouse,true,15081,1.24,8.98,161173,NA,7.52,84,-500,-1800,19310,-0.4,-1.46,95669,-1.16,-17.02,17912,2.81,9.99
2026-09-03,Monthly,2012-07-01,2012-07-31,NA,Country,National,Condo/Co-op,true,26963,-0.62,13.15,152000,NA,6.67,99,-200,-1700,36349,2,2.22,198343,-0.94,-12.97,31371,0.81,9.88
2026-09-03,Monthly,2012-07-01,2012-07-31,NA,Country,National,Multi-Family (2-4 Units),false,5752,NA,7.27,160000,NA,6.45,92,NA,-600,9172,NA,0.09,53281,NA,-10.43,6590,NA,6.48
2026-09-03,Monthly,2012-07-01,2012-07-31,NA,Country,National,Single Family Residential,true,192116,-0.45,17.12,180129,NA,4.73,99,0,-1100,240966,0.64,4.26,1315085,-1.19,-7.1,219622,1.23,13.9
2026-09-03,Monthly,2012-07-01,2012-07-31,NA,Country,National,Townhouse,true,14896,0.59,7.81,162000,NA,8,88,0,-1800,19389,0.41,-0.79,96788,-0.88,-17.83,17423,0.66,6.81
2026-09-03,Monthly,2012-06-01,2012-06-30,NA,Country,National,Condo/Co-op,true,27132,0.12,11.77,157000,NA,6.8,101,-100,-1600,35637,0.99,-1.14,200222,-1.41,-13.81,31119,0.4,8.42
2026-09-03,Monthly,2012-06-01,2012-06-30,NA,Country,National,Multi-Family (2-4 Units),false,6211,NA,4.35,152500,NA,3.74,93,NA,-500,9127,NA,-8.68,53353,NA,-11.65,6926,NA,0.86
2026-09-03,Monthly,2012-06-01,2012-06-30,NA,Country,National,Single Family Residential,true,192991,-0.31,17.54,182078,NA,4.4,99,-100,-1300,239428,1.8,3.34,1330863,-1.64,-7,216944,0.26,12.43
2026-09-03,Monthly,2012-06-01,2012-06-30,NA,Country,National,Townhouse,true,14809,0.85,7.54,165000,NA,6.45,89,-300,-1800,19310,2.61,-2.56,97647,-1.48,-18.9,17309,1.25,6.66
2026-09-03,Monthly,2012-05-01,2012-05-31,NA,Country,National,Condo/Co-op,true,27099,-2.18,11.17,153000,NA,6.25,102,-200,-2000,35286,-0.92,-3.02,203083,-1.81,-14.16,30995,-0.17,9.09
2026-09-03,Monthly,2012-05-01,2012-05-31,NA,Country,National,Multi-Family (2-4 Units),false,6261,NA,10.09,148000,NA,3.5,93,NA,-700,9684,NA,-2.59,53640,NA,-10.59,7360,NA,11.41
2026-09-03,Monthly,2012-05-01,2012-05-31,NA,Country,National,Single Family Residential,true,193597,-0.7,18.2,175000,NA,6.06,99,-100,-1400,235197,-4.66,-0.34,1353003,-1.88,-6.44,216378,0.28,15.1
2026-09-03,Monthly,2012-05-01,2012-05-31,NA,Country,National,Townhouse,true,14684,0.28,6.27,160800,NA,8.65,92,100,-1400,18819,-2.13,-7.4,99112,-2.45,-18.88,17095,0.29,7.44
2026-09-03,Monthly,2012-04-01,2012-04-30,NA,Country,National,Condo/Co-op,true,27704,1.37,9.53,145000,NA,5.28,104,-200,-1800,35613,0.41,-2.58,206821,-1.52,-14.02,31047,-0.24,8.59
2026-09-03,Monthly,2012-04-01,2012-04-30,NA,Country,National,Multi-Family (2-4 Units),false,5916,NA,4.73,146500,NA,4.64,99,NA,-1300,9469,NA,-4.7,53202,NA,-10.95,6895,NA,2.7
2026-09-03,Monthly,2012-04-01,2012-04-30,NA,Country,National,Single Family Residential,true,194954,0.19,15.72,168000,NA,5,100,-100,-1400,246683,-1.15,4.59,1378958,-1.01,-5.48,215774,-1.23,14.25
2026-09-03,Monthly,2012-04-01,2012-04-30,NA,Country,National,Townhouse,true,14643,1,5.04,155000,NA,6.9,91,-400,-1700,19228,-1.19,-6.5,101597,-2.35,-17.82,17045,-1.8,6.7
2026-09-03,Monthly,2012-03-01,2012-03-31,NA,Country,National,Condo/Co-op,true,27328,1.59,4.53,139000,NA,4.91,105,300,-1400,35467,-0.57,-5.36,210006,-1.21,-14.09,31122,1.36,6.67
2026-09-03,Monthly,2012-03-01,2012-03-31,NA,Country,National,Multi-Family (2-4 Units),false,6086,NA,0.33,136700,NA,2.78,111,NA,-300,9805,NA,-8.96,53586,NA,-11.41,7256,NA,-2.14
2026-09-03,Monthly,2012-03-01,2012-03-31,NA,Country,National,Single Family Residential,true,194582,-1.39,15.73,161000,NA,1.9,102,100,-900,249544,-0.91,3.17,1393039,-0.52,-5.53,218470,3.14,14.44
2026-09-03,Monthly,2012-03-01,2012-03-31,NA,Country,National,Townhouse,true,14499,0.43,3.36,147000,NA,5,94,-100,-1400,19459,1.05,-7.65,104039,-1.51,-17.26,17358,1.64,7.01
2026-09-03,Monthly,2012-02-01,2012-02-29,NA,Country,National,Condo/Co-op,true,26901,-0.4,1.01,127500,NA,-1.08,102,-200,-1300,35669,-1.22,-5.08,212581,-1.05,-14.51,30703,0.93,5.53
2026-09-03,Monthly,2012-02-01,2012-02-29,NA,Country,National,Multi-Family (2-4 Units),false,4877,NA,3.06,135000,NA,0.02,113,NA,-400,8511,NA,-0.08,52471,NA,-10.56,6108,NA,7.35
2026-09-03,Monthly,2012-02-01,2012-02-29,NA,Country,National,Single Family Residential,true,197322,3.25,18.63,153000,NA,-3.16,100,0,-800,251845,-3.01,4.37,1400341,-0.41,-6.06,211813,-0.17,11.95
2026-09-03,Monthly,2012-02-01,2012-02-29,NA,Country,National,Townhouse,true,14437,1.23,4.04,140000,NA,0.72,96,100,-600,19257,-2.26,-9.21,105638,-1.63,-17.35,17078,0.72,7.26
2026-09-03,Monthly,2012-01-01,2012-01-31,NA,Country,National,Condo/Co-op,true,27009,7.1,-1.31,130000,NA,0,104,-500,-1100,36108,-0.84,-5.73,214834,-0.85,-15.62,30421,0.97,3.48
2026-09-03,Monthly,2012-01-01,2012-01-31,NA,Country,National,Multi-Family (2-4 Units),false,4665,NA,-4.27,139450,NA,1.05,109,NA,-900,8756,NA,-0.24,52457,NA,-11.86,5720,NA,-2.11
2026-09-03,Monthly,2012-01-01,2012-01-31,NA,Country,National,Single Family Residential,true,191113,9.91,9.52,152000,NA,-5,100,-400,-900,259663,1.19,3.41,1406130,0.15,-6.74,212181,1.5,11.5
2026-09-03,Monthly,2012-01-01,2012-01-31,NA,Country,National,Townhouse,true,14262,1.78,0.18,140668,NA,-0.13,94,-200,-800,19703,0.32,-9.87,107392,-1.54,-17.56,16957,-2.64,5.83
