{"type":"FeatureCollection","features":[{"type":"Feature","properties":{"geoid":"42003402000","name":"Census Tract 4020","land_m2":1329046.0},"geometry":{"type":"Polygon","coordinates":[[[-79.750821,40.609003],[-79.751053,40.608855],[-79.744769,40.603786],[-79.741275,40.600758],[-79.738084,40.601492],[-79.736087,40.602043],[-79.733169,40.603135],[-79.73358,40.604356],[-79.734495,40.606354],[-79.733668,40.606572],[-79.733566,40.608628],[-79.735312,40.608053],[-79.735625,40.609046],[-79.735812,40.612393],[-79.735983,40.61297],[-79.736239,40.613332],[-79.736449,40.613542],[-79.738711,40.61558],[-79.743432,40.613567],[-79.743542,40.613439],[-79.743867,40.613343],[-79.745141,40.612548],[-79.74715,40.611041],[-79.747987,40.611534],[-79.749592,40.611304],[-79.749217,40.609941],[-79.750821,40.609003]]]}},{"type":"Feature","properties":{"geoid":"42003423000","name":"Census Tract 4230","land_m2":908635.0},"geometry":{"type":"Polygon","coordinates":[[[-79.90926,40.493739],[-79.909324,40.493376],[-79.907701,40.492337],[-79.907659,40.490824],[-79.907352,40.4872],[-79.901404,40.48579],[-79.901501,40.487738],[-79.901601,40.488367],[-79.901626,40.488985],[-79.897604,40.487879],[-79.896999,40.491486],[-79.896933,40.492403],[-79.896875,40.49248],[-79.896924,40.49249],[-79.896912,40.492614],[-79.896813,40.493005],[-79.897649,40.492996],[-79.898959,40.493147],[-79.900862,40.493453],[-79.901787,40.493673],[-79.901907,40.495563],[-79.901964,40.495797],[-79.902006,40.49667],[-79.901977,40.496882],[-79.902137,40.499713],[-79.902145,40.499766],[-79.90221,40.499748],[-79.902229,40.50024],[-79.908065,40.500071],[-79.907835,40.495377],[-79.908777,40.495579],[-79.908771,40.495104],[-79.909162,40.494192],[-79.90926,40.493739]]]}},{"type":"Feature","properties":{"geoid":"42003270800","name":"Census Tract 2708","land_m2":1270793.0},"geometry":{"type":"Polygon","coordinates":[[[-80.043251,40.489569],[-80.040949,40.487647],[-80.037525,40.487006],[-80.03696,40.486856],[-80.03582,40.484311],[-80.035233,40.482496],[-80.035155,40.482407],[-80.031702,40.480392],[-80.031485,40.480171],[-80.030887,40.479344],[-80.030835,40.479179],[-80.030884,40.478907],[-80.031681,40.47727],[-80.031743,40.476795],[-80.031718,40.476489],[-80.030561,40.476437],[-80.030344,40.476441],[-80.030158,40.476513],[-80.030087,40.476585],[-80.029883,40.477116],[-80.029511,40.477527],[-80.028222,40.478055],[-80.027875,40.478345],[-80.027289,40.479868],[-80.026681,40.480261],[-80.025582,40.480738],[-80.025697,40.482652],[-80.025118,40.485248],[-80.025048,40.485739],[-80.02507,40.485851],[-80.026738,40.488982],[-80.027035,40.489844],[-80.027653,40.490699],[-80.027784,40.4911],[-80.035759,40.490929],[-80.03749,40.490065],[-80.039659,40.491035],[-80.040712,40.491455],[-80.043251,40.489569]]]}},{"type":"Feature","properties":{"geoid":"42003426700","name":"Census Tract 4267","land_m2":3749824.0},"geometry":{"type":"Polygon","coordinates":[[[-79.955072,40.516509],[-79.954875,40.515753],[-79.954757,40.515563],[-79.952142,40.512442],[-79.951502,40.511952],[-79.949135,40.510892],[-79.948501,40.510435],[-79.948228,40.510135],[-79.947878,40.50934],[-79.947496,40.507477],[-79.946148,40.507342],[-79.946139,40.507604],[-79.943228,40.507316],[-79.944503,40.506069],[-79.944634,40.50562],[-79.944575,40.504999],[-79.944788,40.504172],[-79.943532,40.503951],[-79.943674,40.503246],[-79.944151,40.503333],[-79.942488,40.501479],[-79.941886,40.501516],[-79.940547,40.501483],[-79.940505,40.49877],[-79.940439,40.497804],[-79.940477,40.497363],[-79.940458,40.496389],[-79.938004,40.496906],[-79.936068,40.497203],[-79.936219,40.500238],[-79.936231,40.502035],[-79.936285,40.502167],[-79.936265,40.502842],[-79.936625,40.512225],[-79.937126,40.522053],[-79.937254,40.525848],[-79.93736,40.526264],[-79.93772,40.534121],[-79.937654,40.534152],[-79.937714,40.53461],[-79.938812,40.53259],[-79.939443,40.531618],[-79.940648,40.531592],[-79.942469,40.531183],[-79.942924,40.531138],[-79.94462,40.531447],[-79.944778,40.531509],[-79.945176,40.531802],[-79.945368,40.531844],[-79.945556,40.531822],[-79.946427,40.531331],[-79.947421,40.530295],[-79.947492,40.530105],[-79.947455,40.529767],[-79.946913,40.52858],[-79.948803,40.528227],[-79.949529,40.527691],[-79.950571,40.527204],[-79.949361,40.525522],[-79.948946,40.524713],[-79.948908,40.524224],[-79.949052,40.523471],[-79.949487,40.522837],[-79.949841,40.522452],[-79.950066,40.522287],[-79.950941,40.521817],[-79.952483,40.521135],[-79.95293,40.520786],[-79.953231,40.520483],[-79.953481,40.520087],[-79.954907,40.517244],[-79.95502,40.516889],[-79.955072,40.516509]]]}},{"type":"Feature","properties":{"geoid":"42003426800","name":"Census Tract 4268","land_m2":5175928.0},"geometry":{"type":"Polygon","coordinates":[[[-79.964684,40.542641],[-79.964656,40.54226],[-79.964526,40.541816],[-79.964178,40.541173],[-79.963348,40.540124],[-79.963075,40.539734],[-79.962862,40.539301],[-79.962716,40.538838],[-79.962643,40.536584],[-79.962472,40.536158],[-79.962226,40.535839],[-79.957591,40.530936],[-79.957294,40.530782],[-79.956269,40.530419],[-79.955477,40.53024],[-79.953734,40.530003],[-79.95271,40.529621],[-79.952223,40.529302],[-79.95187,40.528958],[-79.950571,40.527204],[-79.949529,40.527691],[-79.948803,40.528227],[-79.946913,40.52858],[-79.947455,40.529767],[-79.947492,40.530105],[-79.947421,40.530295],[-79.946427,40.531331],[-79.945556,40.531822],[-79.945368,40.531844],[-79.945176,40.531802],[-79.944778,40.531509],[-79.94462,40.531447],[-79.942924,40.531138],[-79.942469,40.531183],[-79.940648,40.531592],[-79.939443,40.531618],[-79.938812,40.53259],[-79.937714,40.53461],[-79.93781,40.537341],[-79.938226,40.543677],[-79.938416,40.548346],[-79.938683,40.552627],[-79.93868,40.554047],[-79.944278,40.553902],[-79.948482,40.553869],[-79.949646,40.553917],[-79.949621,40.553568],[-79.950168,40.553618],[-79.950217,40.554543],[-79.958424,40.554263],[-79.959297,40.550509],[-79.959541,40.549759],[-79.959943,40.548852],[-79.960308,40.548197],[-79.961038,40.547186],[-79.961632,40.546591],[-79.963603,40.544794],[-79.964123,40.544241],[-79.964395,40.543823],[-79.96455,40.543469],[-79.964649,40.543114],[-79.964684,40.542641]]]}},{"type":"Feature","properties":{"geoid":"42003406000","name":"Census Tract 4060","land_m2":33295028.0},"geometry":{"type":"Polygon","coordinates":[[[-79.816996,40.671699],[-79.816631,40.656514],[-79.816444,40.644096],[-79.785724,40.643829],[-79.772334,40.618761],[-79.77097,40.61836],[-79.766657,40.618643],[-79.766622,40.617438],[-79.765914,40.616491],[-79.764906,40.616485],[-79.76262,40.616077],[-79.76226,40.616134],[-79.762201,40.61598],[-79.760791,40.615303],[-79.761375,40.614643],[-79.761365,40.614267],[-79.759222,40.614326],[-79.75657,40.611835],[-79.755895,40.612447],[-79.753758,40.61468],[-79.734265,40.635501],[-79.732341,40.638856],[-79.724698,40.655567],[-79.721306,40.661729],[-79.720378,40.663732],[-79.719752,40.669594],[-79.724473,40.669455],[-79.729102,40.669255],[-79.732744,40.66924],[-79.757073,40.670217],[-79.764107,40.670427],[-79.770575,40.670806],[-79.780651,40.671228],[-79.816996,40.671699]]]}},{"type":"Feature","properties":{"geoid":"42003405000","name":"Census Tract 4050","land_m2":24194863.0},"geometry":{"type":"Polygon","coordinates":[[[-79.816444,40.644096],[-79.816456,40.642469],[-79.816375,40.638783],[-79.81612,40.635135],[-79.813127,40.613593],[-79.813023,40.612103],[-79.813012,40.604729],[-79.812528,40.598525],[-79.812218,40.590269],[-79.812214,40.588564],[-79.812067,40.58728],[-79.81214,40.584516],[-79.811632,40.571941],[-79.811297,40.561932],[-79.806383,40.562058],[-79.801562,40.56226],[-79.799183,40.562267],[-79.784406,40.562613],[-79.783749,40.562667],[-79.775699,40.562828],[-79.78018,40.571933],[-79.784659,40.571877],[-79.785886,40.571879],[-79.785994,40.571917],[-79.787611,40.571831],[-79.787944,40.575567],[-79.787909,40.575568],[-79.788122,40.583363],[-79.790751,40.583296],[-79.791848,40.582969],[-79.793101,40.582858],[-79.793707,40.582982],[-79.79537,40.583152],[-79.795735,40.583303],[-79.796102,40.583532],[-79.796437,40.590122],[-79.791022,40.590241],[-79.789783,40.590144],[-79.788472,40.59014],[-79.789116,40.605965],[-79.77366,40.606139],[-79.772809,40.606183],[-79.772468,40.606055],[-79.771967,40.606017],[-79.770852,40.606185],[-79.770949,40.609185],[-79.766747,40.609262],[-79.766883,40.614217],[-79.764177,40.614241],[-79.765105,40.615391],[-79.766622,40.617438],[-79.766657,40.618643],[-79.77097,40.61836],[-79.772334,40.618761],[-79.785724,40.643829],[-79.816444,40.644096]]]}},{"type":"Feature","properties":{"geoid":"42003429400","name":"Census Tract 4294","land_m2":3558361.0},"geometry":{"type":"Polygon","coordinates":[[[-80.038216,40.553495],[-80.037366,40.551158],[-80.037171,40.550473],[-80.037099,40.550068],[-80.03704,40.548734],[-80.036965,40.548252],[-80.036724,40.547573],[-80.036166,40.546317],[-80.036008,40.545639],[-80.035914,40.544411],[-80.035945,40.541625],[-80.036338,40.539062],[-80.036353,40.538366],[-80.036283,40.537676],[-80.035975,40.53631],[-80.035959,40.534539],[-80.035812,40.532229],[-80.035657,40.531512],[-80.035168,40.530292],[-80.035057,40.529779],[-80.035091,40.529259],[-80.035464,40.52798],[-80.035604,40.525871],[-80.035592,40.525624],[-80.035481,40.525174],[-80.035243,40.52437],[-80.03504,40.523886],[-80.032287,40.524109],[-80.028951,40.524265],[-80.02891,40.523184],[-80.02881,40.522239],[-80.026878,40.522224],[-80.026694,40.521401],[-80.025956,40.521025],[-80.024119,40.520911],[-80.023265,40.521071],[-80.02303,40.520775],[-80.022014,40.520758],[-80.020913,40.520645],[-80.015918,40.519976],[-80.014955,40.519736],[-80.013592,40.519081],[-80.014176,40.520069],[-80.015056,40.523314],[-80.015214,40.523835],[-80.015528,40.524548],[-80.017099,40.52687],[-80.017698,40.527881],[-80.018034,40.528617],[-80.018128,40.529145],[-80.018088,40.530897],[-80.018185,40.53148],[-80.018662,40.533007],[-80.018884,40.533571],[-80.019404,40.534432],[-80.019968,40.535089],[-80.027564,40.542445],[-80.029288,40.543904],[-80.030722,40.54528],[-80.031152,40.545017],[-80.031259,40.545116],[-80.033482,40.547681],[-80.034266,40.548999],[-80.034475,40.549592],[-80.034546,40.549938],[-80.034597,40.550735],[-80.034783,40.551613],[-80.034923,40.55362],[-80.038216,40.553495]]]}},{"type":"Feature","properties":{"geoid":"42003428100","name":"Census Tract 4281","land_m2":924353.0},"geometry":{"type":"Polygon","coordinates":[[[-79.987877,40.476327],[-79.987097,40.474687],[-79.985881,40.471901],[-79.983868,40.466322],[-79.98296,40.467263],[-79.983019,40.467312],[-79.981813,40.469343],[-79.981146,40.469894],[-79.979695,40.470771],[-79.978857,40.471487],[-79.978792,40.47161],[-79.977193,40.470848],[-79.976716,40.471341],[-79.975595,40.471873],[-79.97457,40.472203],[-79.972115,40.475502],[-79.973649,40.475495],[-79.973521,40.476274],[-79.974092,40.476336],[-79.974032,40.477231],[-79.975541,40.477212],[-79.975789,40.477476],[-79.977618,40.478302],[-79.978642,40.47882],[-79.979565,40.477086],[-79.982543,40.476977],[-79.982531,40.477281],[-79.982665,40.477263],[-79.982686,40.478065],[-79.982934,40.478086],[-79.983543,40.478028],[-79.986194,40.478317],[-79.986042,40.47808],[-79.986102,40.477903],[-79.986349,40.477733],[-79.98711,40.477355],[-79.987455,40.477094],[-79.987774,40.476641],[-79.987877,40.476327]]]}},{"type":"Feature","properties":{"geoid":"42003429700","name":"Census Tract 4297","land_m2":3132321.0},"geometry":{"type":"Polygon","coordinates":[[[-80.04648,40.487519],[-80.046444,40.487163],[-80.040712,40.491455],[-80.039659,40.491035],[-80.03749,40.490065],[-80.035759,40.490929],[-80.027784,40.4911],[-80.027738,40.492207],[-80.027802,40.493333],[-80.027794,40.496492],[-80.025898,40.4968],[-80.025426,40.495332],[-80.024595,40.495484],[-80.024164,40.495045],[-80.022906,40.495292],[-80.021983,40.493839],[-80.021153,40.494436],[-80.020595,40.495113],[-80.02014,40.49594],[-80.01997,40.496513],[-80.019943,40.496945],[-80.020006,40.497462],[-80.020257,40.498226],[-80.020504,40.498739],[-80.020747,40.499097],[-80.021411,40.499799],[-80.022694,40.50067],[-80.023071,40.501005],[-80.023409,40.501409],[-80.02413,40.502533],[-80.024634,40.503021],[-80.025137,40.503397],[-80.026048,40.503628],[-80.027684,40.504559],[-80.028173,40.505117],[-80.028799,40.505488],[-80.029165,40.505811],[-80.029559,40.506347],[-80.029715,40.506683],[-80.029782,40.506984],[-80.029788,40.507346],[-80.029719,40.507705],[-80.029375,40.508813],[-80.029335,40.509138],[-80.029444,40.509634],[-80.029794,40.510247],[-80.030629,40.511367],[-80.031451,40.511616],[-80.031557,40.51176],[-80.031597,40.512015],[-80.031488,40.51215],[-80.03138,40.512587],[-80.031043,40.512741],[-80.030789,40.513217],[-80.030176,40.513789],[-80.030367,40.513994],[-80.030577,40.514008],[-80.03102,40.513896],[-80.03256,40.513355],[-80.033823,40.512731],[-80.035252,40.511795],[-80.035777,40.510989],[-80.036243,40.510565],[-80.036319,40.510414],[-80.036438,40.509651],[-80.037074,40.507452],[-80.036965,40.506097],[-80.037832,40.505516],[-80.038256,40.505094],[-80.038574,40.504386],[-80.039586,40.501728],[-80.039781,40.500957],[-80.04291,40.501053],[-80.043373,40.501027],[-80.043782,40.500869],[-80.045554,40.499926],[-80.04584,40.499683],[-80.046077,40.49938],[-80.046132,40.499196],[-80.046172,40.498534],[-80.045948,40.497161],[-80.046047,40.496624],[-80.045603,40.495671],[-80.045521,40.495185],[-80.045406,40.494911],[-80.046014,40.494865],[-80.045529,40.494433],[-80.045313,40.493999],[-80.045297,40.493923],[-80.045404,40.493762],[-80.045241,40.493354],[-80.045179,40.493307],[-80.044992,40.492837],[-80.044539,40.492125],[-80.044645,40.491876],[-80.044656,40.49137],[-80.044891,40.49088],[-80.045545,40.490165],[-80.04558,40.489939],[-80.04549,40.489657],[-80.045426,40.48949],[-80.045127,40.489047],[-80.045186,40.488901],[-80.045371,40.488521],[-80.045741,40.488228],[-80.046401,40.487831],[-80.04648,40.487519]]]}},{"type":"Feature","properties":{"geoid":"42003430100","name":"Census Tract 4301","land_m2":854401.0},"geometry":{"type":"Polygon","coordinates":[[[-80.031597,40.512015],[-80.031557,40.51176],[-80.031451,40.511616],[-80.030008,40.51118],[-80.028671,40.51013],[-80.028193,40.509465],[-80.026545,40.50898],[-80.026041,40.509366],[-80.025901,40.509421],[-80.025787,40.509555],[-80.025098,40.510089],[-80.023883,40.509766],[-80.017765,40.514417],[-80.023265,40.521071],[-80.024119,40.520911],[-80.025286,40.520986],[-80.025883,40.519962],[-80.024898,40.51941],[-80.024833,40.519325],[-80.024849,40.519193],[-80.024963,40.519114],[-80.025406,40.518983],[-80.025482,40.518906],[-80.025807,40.518836],[-80.026114,40.518675],[-80.026097,40.51852],[-80.026164,40.518472],[-80.027197,40.517999],[-80.028003,40.517429],[-80.028817,40.516518],[-80.02966,40.516099],[-80.029764,40.515965],[-80.0298,40.515699],[-80.029409,40.514985],[-80.029382,40.514716],[-80.029446,40.514474],[-80.030655,40.513371],[-80.030908,40.513053],[-80.031043,40.512741],[-80.03138,40.512587],[-80.031488,40.51215],[-80.031597,40.512015]]]}},{"type":"Feature","properties":{"geoid":"42003281400","name":"Census Tract 2814","land_m2":1328964.0},"geometry":{"type":"Polygon","coordinates":[[[-80.06284,40.448545],[-80.062276,40.448099],[-80.062095,40.44801],[-80.059957,40.445636],[-80.058497,40.444588],[-80.058044,40.444419],[-80.056799,40.44433],[-80.054343,40.443639],[-80.051716,40.442663],[-80.050577,40.442304],[-80.04872,40.441845],[-80.047236,40.441131],[-80.046724,40.441101],[-80.046378,40.441184],[-80.046082,40.44134],[-80.045306,40.441949],[-80.045783,40.442333],[-80.043256,40.444318],[-80.042782,40.443994],[-80.041611,40.44497],[-80.04184,40.445273],[-80.042098,40.445449],[-80.04244,40.445572],[-80.043152,40.445653],[-80.043451,40.445738],[-80.043727,40.44589],[-80.043965,40.446143],[-80.044095,40.446474],[-80.04415,40.446898],[-80.044002,40.447758],[-80.044068,40.448004],[-80.045078,40.450153],[-80.045281,40.450422],[-80.051109,40.451495],[-80.051719,40.451676],[-80.052648,40.452134],[-80.053165,40.452329],[-80.054276,40.452581],[-80.054523,40.452605],[-80.055103,40.452536],[-80.055173,40.452465],[-80.055247,40.452109],[-80.059958,40.450677],[-80.06284,40.448545]]]}},{"type":"Feature","properties":{"geoid":"42003281500","name":"Census Tract 2815","land_m2":617106.0},"geometry":{"type":"Polygon","coordinates":[[[-80.061216,40.440632],[-80.059399,40.439152],[-80.057596,40.437534],[-80.055858,40.437767],[-80.053575,40.437956],[-80.053215,40.437911],[-80.052357,40.437572],[-80.050944,40.437504],[-80.050552,40.437591],[-80.049465,40.438075],[-80.049215,40.438121],[-80.04887,40.43815],[-80.047753,40.438098],[-80.047295,40.438153],[-80.04738,40.439581],[-80.047343,40.439602],[-80.0474,40.439678],[-80.047431,40.439983],[-80.04604,40.440473],[-80.045879,40.440568],[-80.045701,40.44076],[-80.045615,40.440929],[-80.045123,40.44195],[-80.045113,40.4421],[-80.046082,40.44134],[-80.046378,40.441184],[-80.046724,40.441101],[-80.047236,40.441131],[-80.04872,40.441845],[-80.05069,40.442337],[-80.052407,40.442898],[-80.054036,40.443542],[-80.055371,40.443936],[-80.060127,40.442398],[-80.060511,40.442209],[-80.060838,40.4419],[-80.060921,40.441742],[-80.061216,40.440632]]]}},{"type":"Feature","properties":{"geoid":"42003290200","name":"Census Tract 2902","land_m2":1454029.0},"geometry":{"type":"Polygon","coordinates":[[[-79.992332,40.406587],[-79.992318,40.406426],[-79.992162,40.406236],[-79.991452,40.40585],[-79.991262,40.405693],[-79.990879,40.405296],[-79.990528,40.404756],[-79.989397,40.402248],[-79.988985,40.399178],[-79.98822,40.397605],[-79.987081,40.395728],[-79.986374,40.394339],[-79.986596,40.392475],[-79.986586,40.391182],[-79.985871,40.390162],[-79.984982,40.388514],[-79.984572,40.388002],[-79.983798,40.387325],[-79.983108,40.389469],[-79.982463,40.390571],[-79.982387,40.390672],[-79.981512,40.391302],[-79.981174,40.391773],[-79.980548,40.392469],[-79.979762,40.393842],[-79.979423,40.394321],[-79.979211,40.394872],[-79.978917,40.395417],[-79.978648,40.39663],[-79.978684,40.396966],[-79.978109,40.39697],[-79.979395,40.399044],[-79.979739,40.399462],[-79.979867,40.399741],[-79.979995,40.400214],[-79.980006,40.400437],[-79.979963,40.400849],[-79.97981,40.401294],[-79.979577,40.401637],[-79.979076,40.402124],[-79.975892,40.404375],[-79.977877,40.405707],[-79.978262,40.406149],[-79.978612,40.406378],[-79.97925,40.406702],[-79.980479,40.40716],[-79.981091,40.40784],[-79.981452,40.405855],[-79.987665,40.406075],[-79.99103,40.406964],[-79.991942,40.407126],[-79.992332,40.406587]]]}},{"type":"Feature","properties":{"geoid":"42003410000","name":"Census Tract 4100","land_m2":2308607.0},"geometry":{"type":"Polygon","coordinates":[[[-80.096541,40.638142],[-80.096534,40.637835],[-80.096372,40.636946],[-80.096047,40.635506],[-80.088739,40.635803],[-80.088412,40.629308],[-80.084227,40.629515],[-80.078735,40.629645],[-80.078967,40.631663],[-80.07893,40.632606],[-80.070928,40.632862],[-80.069356,40.632872],[-80.069778,40.642567],[-80.079582,40.642329],[-80.079649,40.645061],[-80.08057,40.645662],[-80.081651,40.645925],[-80.083166,40.646011],[-80.083224,40.645013],[-80.082349,40.642157],[-80.08757,40.642009],[-80.087524,40.640953],[-80.088915,40.640853],[-80.08885,40.638616],[-80.096522,40.638332],[-80.096541,40.638142]]]}},{"type":"Feature","properties":{"geoid":"42003413400","name":"Census Tract 4134","land_m2":4394219.0},"geometry":{"type":"Polygon","coordinates":[[[-80.02523,40.562738],[-80.025227,40.562377],[-80.025072,40.561534],[-80.024649,40.560488],[-80.022301,40.556449],[-80.020866,40.553871],[-80.01091,40.553921],[-80.007453,40.554036],[-80.007447,40.553955],[-79.995046,40.554007],[-79.991226,40.553997],[-79.988921,40.553938],[-79.988922,40.556214],[-79.988992,40.558238],[-79.989125,40.558899],[-79.989674,40.570331],[-79.993015,40.571724],[-79.993561,40.571892],[-79.994174,40.571883],[-79.994439,40.571839],[-79.994791,40.571693],[-79.995137,40.571523],[-79.995759,40.570953],[-79.996112,40.570494],[-79.998118,40.566949],[-79.998654,40.5663],[-79.998843,40.566143],[-79.99937,40.565901],[-80.000098,40.565779],[-80.000801,40.565829],[-80.005567,40.567148],[-80.006492,40.567335],[-80.007152,40.567402],[-80.016488,40.567167],[-80.016426,40.566336],[-80.016445,40.566035],[-80.016574,40.565737],[-80.016704,40.565572],[-80.0171,40.565284],[-80.019151,40.56414],[-80.020879,40.564952],[-80.022112,40.565365],[-80.022313,40.565475],[-80.022862,40.565992],[-80.023256,40.56618],[-80.023704,40.56626],[-80.024473,40.566171],[-80.025168,40.563605],[-80.02523,40.562738]]]}},{"type":"Feature","properties":{"geoid":"42003416000","name":"Census Tract 4160","land_m2":5835111.0},"geometry":{"type":"Polygon","coordinates":[[[-79.811297,40.561932],[-79.811163,40.553967],[-79.808051,40.553994],[-79.808053,40.552454],[-79.807903,40.548899],[-79.800731,40.549035],[-79.800726,40.549095],[-79.798669,40.549121],[-79.798603,40.549027],[-79.797844,40.548436],[-79.797032,40.547977],[-79.795248,40.547225],[-79.795052,40.545378],[-79.788757,40.545565],[-79.788866,40.548323],[-79.781492,40.548465],[-79.780132,40.547204],[-79.779572,40.546777],[-79.778007,40.546226],[-79.776158,40.545118],[-79.775163,40.544739],[-79.774548,40.544024],[-79.774376,40.544066],[-79.771187,40.544152],[-79.764172,40.544264],[-79.763775,40.544997],[-79.763698,40.546025],[-79.763834,40.546941],[-79.76414,40.547747],[-79.766561,40.551512],[-79.768543,40.554996],[-79.769817,40.5581],[-79.772052,40.562955],[-79.773059,40.562888],[-79.783749,40.562667],[-79.784406,40.562613],[-79.787109,40.562549],[-79.799183,40.562267],[-79.801562,40.56226],[-79.806383,40.562058],[-79.811297,40.561932]]]}},{"type":"Feature","properties":{"geoid":"42003300100","name":"Census Tract 3001","land_m2":776097.0},"geometry":{"type":"Polygon","coordinates":[[[-79.997281,40.418261],[-79.997149,40.415373],[-79.997063,40.415302],[-79.997093,40.414914],[-79.997058,40.413718],[-79.996988,40.413515],[-79.99695,40.412569],[-79.996797,40.411394],[-79.996947,40.411013],[-79.996821,40.410023],[-79.996749,40.408165],[-79.996051,40.408033],[-79.995237,40.407812],[-79.994456,40.40774],[-79.992447,40.407379],[-79.991908,40.407172],[-79.991598,40.407682],[-79.99035,40.410409],[-79.990323,40.410583],[-79.990209,40.410718],[-79.989523,40.412223],[-79.988039,40.414434],[-79.988234,40.418469],[-79.988183,40.41851],[-79.988348,40.418576],[-79.988449,40.418504],[-79.989629,40.418457],[-79.997281,40.418261]]]}},{"type":"Feature","properties":{"geoid":"42003320600","name":"Census Tract 3206","land_m2":1479651.0},"geometry":{"type":"Polygon","coordinates":[[[-80.015252,40.392001],[-80.015267,40.391899],[-80.014276,40.392111],[-80.00878,40.392384],[-80.008721,40.392161],[-80.009175,40.391069],[-80.009803,40.390839],[-80.008493,40.39012],[-80.008194,40.389907],[-80.007424,40.388836],[-80.006947,40.389037],[-80.006774,40.388844],[-80.005907,40.388809],[-80.005872,40.388761],[-80.00588,40.388374],[-80.004648,40.388365],[-80.002905,40.388723],[-80.002768,40.38871],[-80.002164,40.388193],[-79.999267,40.388943],[-79.999192,40.388925],[-79.999398,40.389887],[-79.997838,40.389746],[-79.997823,40.391199],[-79.99791,40.392186],[-79.997686,40.392595],[-79.997306,40.392991],[-79.99734,40.393509],[-79.99722,40.394784],[-79.997398,40.395378],[-79.999614,40.398006],[-79.999979,40.398644],[-80.000131,40.399021],[-80.000473,40.401561],[-80.000617,40.402077],[-80.001918,40.401859],[-80.00461,40.40086],[-80.006472,40.400427],[-80.006897,40.400222],[-80.007401,40.39985],[-80.007663,40.399723],[-80.008554,40.399578],[-80.009022,40.399434],[-80.009681,40.399025],[-80.01155,40.397622],[-80.013504,40.39661],[-80.013884,40.396198],[-80.014104,40.395848],[-80.014662,40.393814],[-80.01499,40.393106],[-80.01512,40.392683],[-80.015252,40.392001]]]}},{"type":"Feature","properties":{"geoid":"42003417200","name":"Census Tract 4172","land_m2":1319446.0},"geometry":{"type":"Polygon","coordinates":[[[-79.794835,40.540934],[-79.794695,40.538],[-79.794789,40.535785],[-79.791796,40.535229],[-79.788162,40.534623],[-79.783753,40.534108],[-79.781489,40.534228],[-79.778908,40.534488],[-79.776618,40.534934],[-79.772762,40.536327],[-79.770008,40.537807],[-79.768478,40.538779],[-79.766091,40.540713],[-79.765306,40.541753],[-79.76474,40.542926],[-79.764172,40.544264],[-79.771137,40.544153],[-79.771576,40.543612],[-79.772587,40.542944],[-79.773966,40.54214],[-79.778857,40.541304],[-79.781222,40.541135],[-79.783499,40.541055],[-79.784246,40.541066],[-79.7864,40.541229],[-79.78857,40.541222],[-79.794835,40.540934]]]}},{"type":"Feature","properties":{"geoid":"42003417100","name":"Census Tract 4171","land_m2":1098642.0},"geometry":{"type":"Polygon","coordinates":[[[-79.795052,40.545378],[-79.794835,40.540934],[-79.789797,40.541186],[-79.78772,40.541239],[-79.7864,40.541229],[-79.784246,40.541066],[-79.783499,40.541055],[-79.780971,40.541149],[-79.778483,40.541346],[-79.773966,40.54214],[-79.772587,40.542944],[-79.771576,40.543612],[-79.771137,40.544153],[-79.774376,40.544066],[-79.774548,40.544024],[-79.775163,40.544739],[-79.776158,40.545118],[-79.778007,40.546226],[-79.779572,40.546777],[-79.780132,40.547204],[-79.781492,40.548465],[-79.788866,40.548323],[-79.788757,40.545565],[-79.795052,40.545378]]]}},{"type":"Feature","properties":{"geoid":"42003418000","name":"Census Tract 4180","land_m2":1198394.0},"geometry":{"type":"Polygon","coordinates":[[[-79.807903,40.548899],[-79.80764,40.543436],[-79.80755,40.540119],[-79.807566,40.537284],[-79.805012,40.537455],[-79.802525,40.537256],[-79.799818,40.536816],[-79.797532,40.536236],[-79.794789,40.535785],[-79.794701,40.538208],[-79.794976,40.543687],[-79.794947,40.543787],[-79.795052,40.545378],[-79.795248,40.547225],[-79.797032,40.547977],[-79.797844,40.548436],[-79.798603,40.549027],[-79.798669,40.549121],[-79.800726,40.549095],[-79.800731,40.549035],[-79.807903,40.548899]]]}},{"type":"Feature","properties":{"geoid":"42003419000","name":"Census Tract 4190","land_m2":15189113.0},"geometry":{"type":"Polygon","coordinates":[[[-79.868996,40.560352],[-79.868731,40.554585],[-79.86846,40.55227],[-79.868343,40.546903],[-79.868003,40.541855],[-79.86786,40.538633],[-79.867845,40.53729],[-79.8677,40.535942],[-79.855506,40.536414],[-79.855168,40.525664],[-79.855017,40.523846],[-79.854883,40.520873],[-79.851775,40.520648],[-79.850494,40.520508],[-79.850196,40.521716],[-79.849672,40.523024],[-79.849206,40.523951],[-79.848426,40.525126],[-79.847433,40.526198],[-79.846466,40.526973],[-79.845167,40.527872],[-79.84397,40.528775],[-79.842302,40.529804],[-79.840311,40.530761],[-79.838172,40.531501],[-79.835272,40.532634],[-79.833191,40.533522],[-79.83082,40.534342],[-79.828537,40.535004],[-79.824757,40.535749],[-79.822086,40.536206],[-79.820606,40.536364],[-79.813647,40.536624],[-79.808549,40.53712],[-79.807566,40.537284],[-79.80755,40.540119],[-79.80764,40.543436],[-79.808053,40.552454],[-79.808051,40.553994],[-79.811163,40.553967],[-79.811297,40.561932],[-79.811443,40.566534],[-79.822175,40.566339],[-79.822431,40.564674],[-79.822706,40.564695],[-79.822956,40.564296],[-79.823025,40.56403],[-79.82317,40.564048],[-79.823357,40.563522],[-79.823641,40.56297],[-79.823584,40.561673],[-79.834924,40.561206],[-79.835721,40.56119],[-79.835728,40.561247],[-79.837244,40.561216],[-79.849684,40.56077],[-79.864937,40.560485],[-79.868996,40.560352]]]}},{"type":"Feature","properties":{"geoid":"42003261500","name":"Census Tract 2615","land_m2":1135495.0},"geometry":{"type":"Polygon","coordinates":[[[-80.025828,40.470612],[-80.02533,40.469015],[-80.024861,40.465877],[-80.024774,40.465586],[-80.023686,40.46453],[-80.022373,40.463566],[-80.022035,40.46338],[-80.021586,40.463253],[-80.021049,40.463194],[-80.020566,40.462972],[-80.020572,40.463125],[-80.020706,40.463537],[-80.02033,40.463574],[-80.020428,40.463745],[-80.020583,40.464241],[-80.020615,40.465299],[-80.020335,40.465962],[-80.019772,40.466457],[-80.019481,40.466599],[-80.018442,40.467015],[-80.015749,40.467955],[-80.013965,40.469848],[-80.013955,40.469928],[-80.013713,40.470018],[-80.007261,40.471274],[-80.004997,40.472209],[-80.005964,40.473731],[-80.007463,40.47589],[-80.007759,40.476707],[-80.01056,40.476343],[-80.011522,40.476268],[-80.012151,40.476141],[-80.012073,40.475823],[-80.012106,40.475654],[-80.01177,40.475327],[-80.011249,40.47495],[-80.013911,40.474857],[-80.014289,40.474834],[-80.01443,40.47477],[-80.014603,40.47504],[-80.014856,40.475656],[-80.01496,40.475795],[-80.015785,40.476321],[-80.015874,40.47647],[-80.01587,40.47672],[-80.015685,40.477],[-80.015452,40.477178],[-80.01518,40.477253],[-80.014468,40.477283],[-80.014216,40.477444],[-80.015255,40.477421],[-80.015727,40.477327],[-80.017371,40.477294],[-80.017176,40.472311],[-80.020603,40.472173],[-80.022622,40.472168],[-80.023693,40.47117],[-80.025828,40.470612]]]}},{"type":"Feature","properties":{"geoid":"42003262000","name":"Census Tract 2620","land_m2":1647931.0},"geometry":{"type":"Polygon","coordinates":[[[-80.004876,40.472262],[-80.004997,40.472209],[-80.000596,40.466235],[-80.000139,40.465326],[-79.99997,40.46473],[-79.999896,40.46412],[-79.999767,40.461695],[-79.99973,40.459878],[-79.999617,40.459298],[-79.999403,40.458605],[-79.997456,40.459011],[-79.996868,40.459233],[-79.996664,40.459246],[-79.996378,40.459343],[-79.99518,40.459948],[-79.993786,40.460815],[-79.993358,40.461166],[-79.993186,40.461223],[-79.992302,40.461727],[-79.992177,40.461114],[-79.991619,40.46147],[-79.991257,40.461469],[-79.990363,40.461757],[-79.990206,40.461589],[-79.988847,40.462177],[-79.989009,40.462459],[-79.988984,40.462488],[-79.988339,40.462102],[-79.987304,40.463693],[-79.98704,40.463835],[-79.986913,40.464319],[-79.986664,40.46633],[-79.987056,40.467766],[-79.987736,40.468594],[-79.987834,40.469503],[-79.987973,40.470023],[-79.988337,40.47043],[-79.988713,40.470685],[-79.989265,40.470867],[-79.989688,40.470895],[-79.989844,40.471087],[-79.990054,40.471541],[-79.990512,40.472051],[-79.990709,40.472358],[-79.990812,40.47265],[-79.991456,40.473601],[-79.992274,40.473556],[-79.99186,40.473134],[-79.997545,40.472982],[-79.997611,40.474591],[-79.997696,40.474594],[-79.999213,40.474314],[-80.0005,40.474176],[-80.00055,40.473292],[-80.002868,40.473201],[-80.003376,40.472997],[-80.003564,40.472864],[-80.004876,40.472262]]]}},{"type":"Feature","properties":{"geoid":"42003401200","name":"Census Tract 4012","land_m2":2616123.0},"geometry":{"type":"Polygon","coordinates":[[[-79.738711,40.61558],[-79.736449,40.613542],[-79.736239,40.613332],[-79.735983,40.61297],[-79.735812,40.612393],[-79.735625,40.609046],[-79.735312,40.608053],[-79.733566,40.608628],[-79.733668,40.606572],[-79.734495,40.606354],[-79.73358,40.604356],[-79.733169,40.603135],[-79.724651,40.606331],[-79.723154,40.606989],[-79.721339,40.608157],[-79.719992,40.60949],[-79.718961,40.611317],[-79.717702,40.613295],[-79.71654,40.614617],[-79.715637,40.615855],[-79.714576,40.61701],[-79.712073,40.619131],[-79.712477,40.620076],[-79.714072,40.621119],[-79.715525,40.621952],[-79.715961,40.621638],[-79.716437,40.621374],[-79.71598,40.622005],[-79.714766,40.623259],[-79.714696,40.62343],[-79.714679,40.623669],[-79.714739,40.62387],[-79.714898,40.624075],[-79.715166,40.624249],[-79.718411,40.625439],[-79.719312,40.626014],[-79.721358,40.626701],[-79.723833,40.624276],[-79.728351,40.621205],[-79.730837,40.619182],[-79.731917,40.618468],[-79.732688,40.618008],[-79.733324,40.617719],[-79.738711,40.61558]]]}},{"type":"Feature","properties":{"geoid":"42003401300","name":"Census Tract 4013","land_m2":3337386.0},"geometry":{"type":"Polygon","coordinates":[[[-79.75699,40.611024],[-79.757141,40.610729],[-79.755857,40.60903],[-79.754163,40.609877],[-79.753732,40.609527],[-79.753259,40.608876],[-79.752794,40.609085],[-79.752612,40.608847],[-79.752315,40.609011],[-79.752191,40.608838],[-79.751053,40.608855],[-79.749217,40.609941],[-79.749592,40.611304],[-79.747987,40.611534],[-79.74715,40.611041],[-79.744736,40.612831],[-79.743867,40.613343],[-79.743542,40.613439],[-79.743432,40.613567],[-79.738711,40.61558],[-79.733324,40.617719],[-79.732688,40.618008],[-79.730837,40.619182],[-79.728351,40.621205],[-79.723833,40.624276],[-79.721358,40.626701],[-79.72154,40.626771],[-79.721952,40.627044],[-79.722012,40.627147],[-79.722112,40.629457],[-79.727332,40.629312],[-79.7277,40.629333],[-79.728003,40.629407],[-79.730389,40.6307],[-79.732984,40.631988],[-79.733864,40.632481],[-79.734371,40.632997],[-79.735185,40.634517],[-79.753758,40.61468],[-79.755895,40.612447],[-79.75657,40.611835],[-79.75699,40.611024]]]}},{"type":"Feature","properties":{"geoid":"42003270300","name":"Census Tract 2703","land_m2":593102.0},"geometry":{"type":"Polygon","coordinates":[[[-80.042987,40.479003],[-80.043033,40.47893],[-80.038446,40.473066],[-80.038192,40.472698],[-80.037709,40.47177],[-80.037436,40.471775],[-80.037181,40.47199],[-80.037863,40.47286],[-80.036528,40.474903],[-80.035782,40.474677],[-80.035303,40.47428],[-80.035243,40.474167],[-80.035275,40.474087],[-80.036286,40.47316],[-80.036501,40.472813],[-80.036495,40.47262],[-80.034862,40.474143],[-80.035117,40.475091],[-80.034163,40.475795],[-80.03332,40.476194],[-80.032434,40.476461],[-80.031718,40.476489],[-80.031743,40.476795],[-80.031681,40.47727],[-80.030884,40.478907],[-80.030835,40.479179],[-80.030887,40.479344],[-80.031054,40.479591],[-80.031702,40.480392],[-80.033961,40.481707],[-80.035222,40.48147],[-80.041805,40.479892],[-80.04282,40.47967],[-80.043003,40.47969],[-80.04294,40.479215],[-80.042987,40.479003]]]}},{"type":"Feature","properties":{"geoid":"42003980000","name":"Census Tract 9800","land_m2":635743.0},"geometry":{"type":"Polygon","coordinates":[[[-79.901626,40.488985],[-79.901601,40.488367],[-79.901501,40.487738],[-79.901424,40.486189],[-79.900887,40.486128],[-79.88887,40.484046],[-79.888877,40.484014],[-79.8882,40.483948],[-79.888111,40.485176],[-79.888175,40.48644],[-79.88633,40.486563],[-79.884556,40.486774],[-79.884618,40.488375],[-79.884484,40.488949],[-79.884574,40.489819],[-79.884704,40.490294],[-79.884666,40.490461],[-79.884595,40.490551],[-79.884604,40.490922],[-79.88724,40.491151],[-79.893799,40.492105],[-79.896912,40.492614],[-79.896924,40.49249],[-79.896875,40.49248],[-79.896942,40.492327],[-79.896961,40.491735],[-79.897604,40.487879],[-79.901626,40.488985]]]}},{"type":"Feature","properties":{"geoid":"42003564100","name":"Census Tract 5641","land_m2":2572032.0},"geometry":{"type":"Polygon","coordinates":[[[-80.09943,40.421273],[-80.09883,40.418162],[-80.092073,40.4202],[-80.091803,40.420088],[-80.089346,40.418438],[-80.088463,40.418885],[-80.085948,40.41695],[-80.084422,40.417505],[-80.079472,40.41482],[-80.079587,40.414981],[-80.07964,40.415172],[-80.079614,40.415473],[-80.07947,40.415851],[-80.079297,40.416091],[-80.078659,40.416462],[-80.077156,40.41709],[-80.076357,40.417603],[-80.07603,40.417947],[-80.075127,40.419476],[-80.074803,40.420124],[-80.074783,40.420408],[-80.074859,40.420602],[-80.075159,40.420758],[-80.075473,40.420834],[-80.075648,40.420827],[-80.076659,40.420559],[-80.079594,40.420038],[-80.081569,40.420213],[-80.082684,40.420101],[-80.084507,40.420522],[-80.085412,40.421243],[-80.085742,40.422792],[-80.085542,40.423842],[-80.084993,40.424585],[-80.085442,40.42527],[-80.086698,40.425484],[-80.086552,40.427975],[-80.086335,40.428388],[-80.085297,40.429894],[-80.083765,40.430866],[-80.082357,40.431367],[-80.081869,40.431585],[-80.080377,40.432072],[-80.076921,40.431638],[-80.076386,40.431686],[-80.075374,40.434219],[-80.075549,40.435032],[-80.077265,40.437401],[-80.077955,40.438195],[-80.078129,40.43863],[-80.078855,40.439068],[-80.079647,40.439441],[-80.080375,40.439637],[-80.081183,40.439226],[-80.082729,40.439225],[-80.082793,40.439386],[-80.083781,40.440011],[-80.08524,40.439605],[-80.086361,40.43957],[-80.086501,40.439457],[-80.085666,40.438835],[-80.086005,40.438355],[-80.086935,40.437761],[-80.087783,40.437785],[-80.088445,40.437449],[-80.088767,40.436993],[-80.089565,40.436278],[-80.091229,40.437088],[-80.092724,40.432345],[-80.090384,40.430924],[-80.092338,40.428465],[-80.095276,40.429989],[-80.096353,40.422423],[-80.096479,40.421262],[-80.09943,40.421273]]]}},{"type":"Feature","properties":{"geoid":"42003461000","name":"Census Tract 4610","land_m2":3965383.0},"geometry":{"type":"Polygon","coordinates":[[[-80.16148,40.523803],[-80.160422,40.522467],[-80.159474,40.521037],[-80.157521,40.519588],[-80.156194,40.518703],[-80.154309,40.517278],[-80.153246,40.516702],[-80.152402,40.516161],[-80.149637,40.514918],[-80.149008,40.514706],[-80.147897,40.514501],[-80.143707,40.513462],[-80.141232,40.512623],[-80.138102,40.511297],[-80.13594,40.509969],[-80.134976,40.509309],[-80.134164,40.508905],[-80.133207,40.508509],[-80.126923,40.506281],[-80.124889,40.505694],[-80.120993,40.504825],[-80.119009,40.504534],[-80.114341,40.503672],[-80.112275,40.503186],[-80.110178,40.502565],[-80.103434,40.500883],[-80.101651,40.500203],[-80.099135,40.49943],[-80.097502,40.498742],[-80.096025,40.498257],[-80.093318,40.497151],[-80.091615,40.496614],[-80.086954,40.494499],[-80.083251,40.492561],[-80.081037,40.491511],[-80.07818,40.4911],[-80.075777,40.491226],[-80.073814,40.491522],[-80.0719,40.491736],[-80.069883,40.491894],[-80.067526,40.492271],[-80.068862,40.493697],[-80.07026,40.494822],[-80.076255,40.499335],[-80.077795,40.500184],[-80.079559,40.500832],[-80.081451,40.501439],[-80.083905,40.50196],[-80.087668,40.502611],[-80.09163,40.503846],[-80.092901,40.50432],[-80.095736,40.505759],[-80.098576,40.506969],[-80.107474,40.51022],[-80.110044,40.511091],[-80.112504,40.511842],[-80.117792,40.512829],[-80.120055,40.5131],[-80.122093,40.513443],[-80.125189,40.514194],[-80.128859,40.514808],[-80.132316,40.515041],[-80.13418,40.515342],[-80.137723,40.516329],[-80.139761,40.517391],[-80.143468,40.519068],[-80.147264,40.520404],[-80.149283,40.52093],[-80.154083,40.522052],[-80.157037,40.522563],[-80.159765,40.523231],[-80.16148,40.523803]]]}},{"type":"Feature","properties":{"geoid":"42003437000","name":"Census Tract 4370","land_m2":17747766.0},"geometry":{"type":"Polygon","coordinates":[[[-80.122459,40.548848],[-80.122127,40.544654],[-80.121797,40.541399],[-80.121655,40.539155],[-80.121556,40.536256],[-80.1064,40.530459],[-80.095882,40.526587],[-80.071235,40.518173],[-80.062292,40.515437],[-80.062621,40.518947],[-80.062637,40.521727],[-80.06273,40.523403],[-80.063348,40.531731],[-80.063777,40.539046],[-80.063976,40.540874],[-80.064048,40.542246],[-80.066945,40.544327],[-80.068076,40.54507],[-80.069128,40.545718],[-80.070412,40.546416],[-80.0746,40.54907],[-80.081221,40.553516],[-80.084781,40.555984],[-80.090962,40.560068],[-80.092801,40.561407],[-80.093947,40.562057],[-80.098534,40.565063],[-80.104285,40.569102],[-80.113907,40.57546],[-80.113952,40.572781],[-80.113884,40.570515],[-80.116675,40.570457],[-80.113951,40.566789],[-80.113522,40.562274],[-80.114028,40.560065],[-80.114013,40.559688],[-80.113849,40.559025],[-80.113872,40.558669],[-80.114151,40.557744],[-80.114423,40.557124],[-80.114579,40.556351],[-80.115474,40.554203],[-80.115689,40.553168],[-80.115671,40.552859],[-80.116759,40.552228],[-80.118176,40.551913],[-80.118818,40.551516],[-80.119901,40.551148],[-80.120224,40.550959],[-80.120317,40.550901],[-80.120349,40.550796],[-80.120605,40.550522],[-80.121289,40.550065],[-80.121552,40.549609],[-80.121794,40.549329],[-80.122092,40.549091],[-80.122445,40.548917],[-80.122459,40.548848]]]}},{"type":"Feature","properties":{"geoid":"42003981800","name":"Census Tract 9818","land_m2":1822888.0},"geometry":{"type":"Polygon","coordinates":[[[-79.908218,40.474968],[-79.908275,40.474216],[-79.904299,40.47402],[-79.903948,40.474066],[-79.903643,40.474179],[-79.902321,40.475079],[-79.901505,40.475485],[-79.900596,40.475763],[-79.898944,40.476082],[-79.898571,40.475978],[-79.898438,40.47588],[-79.898424,40.475723],[-79.893773,40.475236],[-79.8938,40.474938],[-79.890637,40.474694],[-79.889086,40.475473],[-79.888526,40.475324],[-79.887722,40.474975],[-79.887472,40.475276],[-79.887421,40.475421],[-79.887081,40.47592],[-79.886561,40.478184],[-79.885361,40.478592],[-79.884983,40.478813],[-79.884665,40.479312],[-79.88436,40.480493],[-79.883807,40.483212],[-79.888213,40.483682],[-79.8882,40.483948],[-79.888877,40.484014],[-79.88887,40.484046],[-79.900887,40.486128],[-79.901424,40.486189],[-79.901404,40.48579],[-79.905354,40.486726],[-79.906375,40.484565],[-79.90653,40.483936],[-79.906918,40.483985],[-79.907571,40.483933],[-79.907929,40.48362],[-79.908067,40.482511],[-79.908044,40.481976],[-79.907845,40.480494],[-79.907835,40.479647],[-79.908218,40.474968]]]}},{"type":"Feature","properties":{"geoid":"42003473200","name":"Census Tract 4732","land_m2":729800.0},"geometry":{"type":"Polygon","coordinates":[[[-80.053438,40.384934],[-80.053078,40.384406],[-80.052759,40.383793],[-80.052343,40.382509],[-80.052337,40.382203],[-80.052582,40.381248],[-80.052558,40.380269],[-80.048885,40.373344],[-80.047488,40.375942],[-80.046371,40.377572],[-80.04447,40.38063],[-80.043788,40.383559],[-80.043751,40.383923],[-80.043979,40.385183],[-80.043998,40.385558],[-80.043713,40.386908],[-80.04387,40.386929],[-80.045404,40.38675],[-80.04723,40.386483],[-80.049997,40.385791],[-80.051056,40.385459],[-80.053438,40.384934]]]}},{"type":"Feature","properties":{"geoid":"42003468800","name":"Census Tract 4688","land_m2":1090886.0},"geometry":{"type":"Polygon","coordinates":[[[-80.099985,40.411649],[-80.099612,40.409092],[-80.09854,40.399976],[-80.097765,40.400266],[-80.096921,40.400431],[-80.095257,40.400593],[-80.092315,40.401358],[-80.090585,40.401444],[-80.089686,40.401832],[-80.088064,40.402365],[-80.0874,40.402666],[-80.08712,40.40293],[-80.086979,40.403258],[-80.087088,40.403259],[-80.086958,40.403839],[-80.087027,40.404174],[-80.087966,40.406429],[-80.088029,40.406735],[-80.088294,40.406664],[-80.088531,40.406509],[-80.08898,40.407179],[-80.088952,40.407378],[-80.088743,40.407535],[-80.089408,40.407585],[-80.089595,40.40765],[-80.090595,40.408092],[-80.090977,40.408352],[-80.091291,40.408782],[-80.091728,40.409128],[-80.093192,40.410585],[-80.094433,40.412754],[-80.094719,40.413068],[-80.09568,40.413505],[-80.096471,40.41376],[-80.096796,40.413931],[-80.097883,40.415111],[-80.099985,40.411649]]]}},{"type":"Feature","properties":{"geoid":"42003468900","name":"Census Tract 4689","land_m2":1691784.0},"geometry":{"type":"Polygon","coordinates":[[[-80.088029,40.406735],[-80.087966,40.406429],[-80.087027,40.404174],[-80.086958,40.403839],[-80.087088,40.403259],[-80.086979,40.403258],[-80.08668,40.398683],[-80.079913,40.399218],[-80.079881,40.399872],[-80.074349,40.399196],[-80.069667,40.398562],[-80.068615,40.399648],[-80.068444,40.399935],[-80.067424,40.400977],[-80.067864,40.402077],[-80.068241,40.402673],[-80.068281,40.402859],[-80.06875,40.403725],[-80.069057,40.404612],[-80.070257,40.406397],[-80.072044,40.407185],[-80.073282,40.407789],[-80.076709,40.409853],[-80.078901,40.411303],[-80.079619,40.411212],[-80.079935,40.41132],[-80.080053,40.41197],[-80.08078,40.411259],[-80.081518,40.410772],[-80.081123,40.410417],[-80.083645,40.408815],[-80.083643,40.408879],[-80.0851,40.407933],[-80.085462,40.408254],[-80.08767,40.406826],[-80.088029,40.406735]]]}},{"type":"Feature","properties":{"geoid":"42003473401","name":"Census Tract 4734.01","land_m2":1527653.0},"geometry":{"type":"Polygon","coordinates":[[[-80.049496,40.371139],[-80.049281,40.367902],[-80.049221,40.367576],[-80.048595,40.366088],[-80.047935,40.364042],[-80.047688,40.363712],[-80.047453,40.363515],[-80.046922,40.363197],[-80.046519,40.36333],[-80.045372,40.363548],[-80.044782,40.363878],[-80.044379,40.364225],[-80.044081,40.364679],[-80.043846,40.364931],[-80.043401,40.365297],[-80.042143,40.36628],[-80.040527,40.367367],[-80.039231,40.367878],[-80.03787,40.368292],[-80.038411,40.368771],[-80.037904,40.369038],[-80.034238,40.369823],[-80.03363,40.3702],[-80.033129,40.369742],[-80.031935,40.370415],[-80.032607,40.370981],[-80.033385,40.371929],[-80.033991,40.372793],[-80.035271,40.373972],[-80.036348,40.37507],[-80.036455,40.375421],[-80.036502,40.376041],[-80.038148,40.376524],[-80.040514,40.377707],[-80.040724,40.377713],[-80.042931,40.380305],[-80.044453,40.380679],[-80.046371,40.377572],[-80.047283,40.37628],[-80.04856,40.373984],[-80.048876,40.37337],[-80.049346,40.372003],[-80.049464,40.371565],[-80.049496,40.371139]]]}},{"type":"Feature","properties":{"geoid":"42003475102","name":"Census Tract 4751.02","land_m2":1826777.0},"geometry":{"type":"Polygon","coordinates":[[[-80.046248,40.337316],[-80.044029,40.335322],[-80.043771,40.335044],[-80.043678,40.334861],[-80.042742,40.329929],[-80.042662,40.32959],[-80.042461,40.32926],[-80.041554,40.328674],[-80.041269,40.32834],[-80.040969,40.327732],[-80.04066,40.327882],[-80.040192,40.328017],[-80.038971,40.328261],[-80.038725,40.328294],[-80.038368,40.328264],[-80.038129,40.328422],[-80.037818,40.328548],[-80.03783,40.328595],[-80.036739,40.329083],[-80.035584,40.32974],[-80.034824,40.330364],[-80.031177,40.334231],[-80.029575,40.335469],[-80.029082,40.336503],[-80.028875,40.336789],[-80.028742,40.337093],[-80.028606,40.337932],[-80.028658,40.338743],[-80.028652,40.339797],[-80.028604,40.340029],[-80.028358,40.340328],[-80.027491,40.340823],[-80.026554,40.341652],[-80.025941,40.341836],[-80.026147,40.342494],[-80.027222,40.344047],[-80.027323,40.344316],[-80.027384,40.344693],[-80.027308,40.345993],[-80.028817,40.3462],[-80.028907,40.346132],[-80.028973,40.34587],[-80.029586,40.345811],[-80.029673,40.345731],[-80.029777,40.34552],[-80.029686,40.34511],[-80.030306,40.34499],[-80.030715,40.344845],[-80.035105,40.342983],[-80.038324,40.342211],[-80.039636,40.341684],[-80.041796,40.340576],[-80.045499,40.338346],[-80.045762,40.338134],[-80.046248,40.337316]]]}},{"type":"Feature","properties":{"geoid":"42003462600","name":"Census Tract 4626","land_m2":1086094.0},"geometry":{"type":"Polygon","coordinates":[[[-80.084027,40.476261],[-80.084145,40.475713],[-80.083506,40.47553],[-80.083142,40.475361],[-80.082613,40.475032],[-80.082121,40.474645],[-80.081861,40.474346],[-80.081619,40.473948],[-80.080849,40.472357],[-80.079607,40.471351],[-80.078735,40.4708],[-80.078658,40.470603],[-80.078776,40.470155],[-80.078563,40.470047],[-80.078328,40.470022],[-80.07776,40.470339],[-80.077456,40.470343],[-80.077069,40.470198],[-80.076455,40.46975],[-80.076095,40.470348],[-80.075028,40.469977],[-80.073161,40.468918],[-80.072945,40.469182],[-80.071124,40.469565],[-80.065692,40.470956],[-80.065687,40.472026],[-80.065829,40.475719],[-80.065261,40.475723],[-80.065703,40.476224],[-80.066164,40.476555],[-80.066482,40.476555],[-80.067461,40.476253],[-80.068416,40.475828],[-80.069547,40.475062],[-80.070311,40.474681],[-80.071004,40.47462],[-80.071638,40.474905],[-80.072844,40.475712],[-80.073393,40.476146],[-80.074694,40.477349],[-80.075891,40.478096],[-80.077452,40.478651],[-80.077982,40.478698],[-80.080225,40.47869],[-80.081698,40.479419],[-80.082967,40.479612],[-80.082896,40.480081],[-80.083456,40.479782],[-80.08365,40.47804],[-80.083772,40.477635],[-80.084027,40.476261]]]}},{"type":"Feature","properties":{"geoid":"42003463900","name":"Census Tract 4639","land_m2":1011302.0},"geometry":{"type":"Polygon","coordinates":[[[-80.083422,40.467717],[-80.083464,40.467646],[-80.080917,40.466754],[-80.07981,40.466689],[-80.080064,40.46546],[-80.079498,40.465035],[-80.078652,40.465527],[-80.077991,40.465752],[-80.077649,40.4658],[-80.077697,40.464736],[-80.076707,40.464695],[-80.076265,40.464558],[-80.074759,40.463612],[-80.072334,40.461374],[-80.07189,40.461252],[-80.06953,40.460827],[-80.068551,40.460787],[-80.067756,40.461],[-80.066904,40.461298],[-80.066203,40.461635],[-80.066029,40.463422],[-80.066081,40.46487],[-80.066139,40.465113],[-80.066347,40.465496],[-80.066201,40.465677],[-80.065595,40.465803],[-80.065641,40.467751],[-80.065755,40.468073],[-80.066225,40.46867],[-80.066294,40.468909],[-80.066125,40.469146],[-80.067146,40.469637],[-80.067434,40.470026],[-80.067571,40.470485],[-80.071124,40.469565],[-80.072945,40.469182],[-80.073161,40.468918],[-80.075028,40.469977],[-80.076095,40.470348],[-80.076455,40.46975],[-80.077069,40.470198],[-80.077456,40.470343],[-80.07776,40.470339],[-80.078328,40.470022],[-80.078563,40.470047],[-80.078776,40.470155],[-80.078658,40.470603],[-80.078694,40.470755],[-80.079147,40.471038],[-80.079856,40.470523],[-80.079422,40.470214],[-80.079523,40.469182],[-80.079625,40.469171],[-80.080256,40.46935],[-80.081912,40.470045],[-80.083422,40.467717]]]}},{"type":"Feature","properties":{"geoid":"42003476200","name":"Census Tract 4762","land_m2":1717185.0},"geometry":{"type":"Polygon","coordinates":[[[-80.028737,40.360469],[-80.028683,40.359355],[-80.028699,40.358396],[-80.028482,40.357064],[-80.022673,40.35745],[-80.022896,40.359083],[-80.022301,40.359284],[-80.016409,40.358997],[-80.016287,40.35954],[-80.016086,40.359827],[-80.015941,40.359953],[-80.012817,40.361979],[-80.011219,40.362034],[-80.009643,40.360267],[-80.004877,40.36479],[-80.007897,40.366614],[-80.003919,40.369165],[-80.001314,40.370772],[-80.00081,40.371036],[-80.001359,40.373568],[-80.001586,40.374841],[-80.002878,40.374535],[-80.003772,40.374393],[-80.004125,40.373981],[-80.004545,40.374213],[-80.005538,40.374458],[-80.010178,40.370486],[-80.012536,40.368216],[-80.013474,40.367506],[-80.014671,40.366494],[-80.015149,40.366202],[-80.017424,40.365345],[-80.020445,40.364668],[-80.022407,40.364438],[-80.022648,40.364454],[-80.023687,40.364686],[-80.02413,40.364657],[-80.026322,40.363698],[-80.027073,40.363225],[-80.027529,40.362795],[-80.027738,40.362461],[-80.028156,40.361588],[-80.0286,40.360848],[-80.028737,40.360469]]]}},{"type":"Feature","properties":{"geoid":"42003473402","name":"Census Tract 4734.02","land_m2":1770114.0},"geometry":{"type":"Polygon","coordinates":[[[-80.050914,40.351233],[-80.050955,40.351118],[-80.050809,40.351114],[-80.041927,40.352867],[-80.039688,40.351783],[-80.03788,40.353616],[-80.03377,40.354447],[-80.033428,40.355139],[-80.036687,40.354879],[-80.036259,40.35621],[-80.037086,40.356366],[-80.035722,40.3608],[-80.033535,40.362695],[-80.033356,40.362315],[-80.033058,40.362016],[-80.031643,40.36139],[-80.030997,40.361162],[-80.030367,40.362236],[-80.032813,40.363303],[-80.032549,40.363546],[-80.03787,40.368292],[-80.039231,40.367878],[-80.040527,40.367367],[-80.042143,40.36628],[-80.043401,40.365297],[-80.043846,40.364931],[-80.044081,40.364679],[-80.044379,40.364225],[-80.044782,40.363878],[-80.045372,40.363548],[-80.046519,40.36333],[-80.046922,40.363197],[-80.046729,40.362975],[-80.046627,40.362569],[-80.046775,40.361385],[-80.04697,40.361022],[-80.047549,40.360438],[-80.04818,40.359961],[-80.049361,40.358936],[-80.049776,40.358504],[-80.050194,40.357898],[-80.050374,40.357419],[-80.050444,40.356844],[-80.050209,40.354828],[-80.050189,40.354121],[-80.050227,40.353579],[-80.050467,40.352516],[-80.050914,40.351233]]]}},{"type":"Feature","properties":{"geoid":"42003477300","name":"Census Tract 4773","land_m2":3552186.0},"geometry":{"type":"Polygon","coordinates":[[[-79.991101,40.356345],[-79.991047,40.356068],[-79.990922,40.355803],[-79.98978,40.353879],[-79.987666,40.349905],[-79.987144,40.348839],[-79.986442,40.347681],[-79.986358,40.347437],[-79.986329,40.347139],[-79.986334,40.346847],[-79.98645,40.346568],[-79.985968,40.345951],[-79.985625,40.345658],[-79.985071,40.345372],[-79.984631,40.345251],[-79.981209,40.344749],[-79.981187,40.344803],[-79.977753,40.344415],[-79.975774,40.344561],[-79.975655,40.344932],[-79.973103,40.345575],[-79.973756,40.34704],[-79.974165,40.347712],[-79.974528,40.348143],[-79.975768,40.349319],[-79.976711,40.350503],[-79.975479,40.3504],[-79.97416,40.350374],[-79.97142,40.352067],[-79.972836,40.353786],[-79.971359,40.355405],[-79.969455,40.357692],[-79.968443,40.35632],[-79.965268,40.35778],[-79.965818,40.358392],[-79.966607,40.360526],[-79.966764,40.360854],[-79.967839,40.362557],[-79.968041,40.363064],[-79.968117,40.363483],[-79.967723,40.363387],[-79.966,40.365081],[-79.96583,40.364863],[-79.96429,40.363429],[-79.958908,40.364305],[-79.964472,40.369701],[-79.969877,40.36734],[-79.971117,40.366747],[-79.974847,40.364294],[-79.981763,40.361181],[-79.982341,40.360872],[-79.982662,40.361527],[-79.983331,40.362571],[-79.986914,40.362247],[-79.987742,40.36199],[-79.987958,40.362379],[-79.989178,40.361944],[-79.990038,40.361577],[-79.990847,40.361118],[-79.990793,40.360834],[-79.990765,40.359512],[-79.990632,40.35816],[-79.991026,40.356822],[-79.991101,40.356345]]]}},{"type":"Feature","properties":{"geoid":"42003473500","name":"Census Tract 4735","land_m2":2382464.0},"geometry":{"type":"Polygon","coordinates":[[[-80.064415,40.361897],[-80.064343,40.361749],[-80.058476,40.357817],[-80.050924,40.353007],[-80.05117,40.351043],[-80.050809,40.351114],[-80.050955,40.351118],[-80.050425,40.352664],[-80.050274,40.353247],[-80.050216,40.353729],[-80.050209,40.354828],[-80.050444,40.356844],[-80.050374,40.357419],[-80.050194,40.357898],[-80.049776,40.358504],[-80.049361,40.358936],[-80.04818,40.359961],[-80.047549,40.360438],[-80.04697,40.361022],[-80.046775,40.361385],[-80.046627,40.362569],[-80.046756,40.363019],[-80.047069,40.36331],[-80.047453,40.363515],[-80.047688,40.363712],[-80.047935,40.364042],[-80.048595,40.366088],[-80.049221,40.367576],[-80.049281,40.367902],[-80.049496,40.371139],[-80.049415,40.371787],[-80.048885,40.373344],[-80.052558,40.380269],[-80.055126,40.377972],[-80.055384,40.37768],[-80.055535,40.377436],[-80.056113,40.376125],[-80.056709,40.37507],[-80.057329,40.374116],[-80.060118,40.370549],[-80.06126,40.367921],[-80.061301,40.367556],[-80.061232,40.366359],[-80.061316,40.365999],[-80.061449,40.365748],[-80.063181,40.363692],[-80.064003,40.361996],[-80.064415,40.361897]]]}},{"type":"Feature","properties":{"geoid":"42003479000","name":"Census Tract 4790","land_m2":1307994.0},"geometry":{"type":"Polygon","coordinates":[[[-80.023428,40.377598],[-80.023451,40.377457],[-80.021214,40.376594],[-80.019113,40.376021],[-80.015932,40.37429],[-80.014814,40.373002],[-80.014037,40.372323],[-80.011728,40.374471],[-80.0112,40.374988],[-80.011208,40.375083],[-80.010758,40.375365],[-80.011906,40.376115],[-80.012353,40.37574],[-80.013676,40.376601],[-80.016823,40.376845],[-80.015398,40.378591],[-80.014981,40.378934],[-80.014089,40.378574],[-80.013188,40.379636],[-80.007899,40.378237],[-80.007871,40.376707],[-80.007921,40.376657],[-80.00786,40.374996],[-80.006708,40.374861],[-80.00625,40.375306],[-80.006136,40.37549],[-80.005875,40.375989],[-80.005689,40.376613],[-80.005361,40.377133],[-80.004869,40.377627],[-80.004181,40.37817],[-80.003176,40.37884],[-80.00222,40.379287],[-80.001728,40.379699],[-80.003335,40.38117],[-80.003653,40.382041],[-80.005121,40.383883],[-80.007676,40.383012],[-80.007405,40.382129],[-80.007158,40.381531],[-80.007356,40.380898],[-80.007685,40.38113],[-80.007884,40.380959],[-80.008135,40.380874],[-80.008842,40.381138],[-80.008948,40.381137],[-80.009027,40.381016],[-80.010028,40.380921],[-80.010382,40.380442],[-80.012579,40.380889],[-80.013174,40.382835],[-80.01233,40.382974],[-80.012316,40.383029],[-80.012577,40.383067],[-80.012492,40.383399],[-80.01339,40.383481],[-80.013594,40.383983],[-80.013624,40.384233],[-80.014158,40.385765],[-80.01361,40.385706],[-80.013567,40.38609],[-80.013819,40.386562],[-80.014913,40.38607],[-80.016418,40.385129],[-80.017108,40.386314],[-80.018159,40.38645],[-80.021313,40.388118],[-80.021606,40.387794],[-80.022282,40.38815],[-80.023131,40.38711],[-80.020219,40.386701],[-80.020169,40.383733],[-80.022757,40.380759],[-80.023428,40.377598]]]}},{"type":"Feature","properties":{"geoid":"42003473601","name":"Census Tract 4736.01","land_m2":2078015.0},"geometry":{"type":"Polygon","coordinates":[[[-80.073985,40.388176],[-80.073901,40.387511],[-80.073715,40.387233],[-80.071555,40.385451],[-80.069078,40.386789],[-80.069414,40.3833],[-80.06875,40.382957],[-80.068875,40.382785],[-80.068577,40.382547],[-80.0676,40.38138],[-80.067642,40.380916],[-80.067608,40.380702],[-80.06759,40.380893],[-80.067431,40.381178],[-80.066017,40.379463],[-80.064839,40.378352],[-80.064645,40.37787],[-80.064385,40.377499],[-80.063932,40.377259],[-80.063502,40.377119],[-80.062765,40.377039],[-80.062278,40.376919],[-80.061632,40.376584],[-80.060013,40.375926],[-80.058473,40.375022],[-80.057893,40.374919],[-80.056686,40.375121],[-80.055984,40.376367],[-80.055535,40.377436],[-80.055384,40.37768],[-80.055126,40.377972],[-80.052558,40.380269],[-80.052582,40.381248],[-80.052332,40.382247],[-80.052343,40.382509],[-80.052646,40.383539],[-80.053078,40.384406],[-80.053527,40.385051],[-80.054559,40.386875],[-80.055129,40.387596],[-80.055504,40.387986],[-80.055665,40.388067],[-80.056091,40.388199],[-80.056802,40.388335],[-80.057324,40.388541],[-80.057898,40.389055],[-80.058749,40.390422],[-80.059344,40.390975],[-80.063005,40.392851],[-80.063486,40.393059],[-80.064301,40.393243],[-80.065408,40.393295],[-80.065829,40.393236],[-80.066443,40.393013],[-80.067335,40.392435],[-80.067779,40.392208],[-80.06876,40.39195],[-80.0689,40.38889],[-80.073985,40.388176]]]}},{"type":"Feature","properties":{"geoid":"42003473602","name":"Census Tract 4736.02","land_m2":2450846.0},"geometry":{"type":"Polygon","coordinates":[[[-80.083968,40.37758],[-80.084111,40.377106],[-80.079467,40.372802],[-80.079716,40.372667],[-80.079378,40.372282],[-80.079624,40.372149],[-80.0792,40.371632],[-80.078761,40.370833],[-80.078653,40.370726],[-80.078,40.369648],[-80.075522,40.367145],[-80.074753,40.36643],[-80.074015,40.365901],[-80.073591,40.365497],[-80.074461,40.365033],[-80.072664,40.363778],[-80.072496,40.364064],[-80.064343,40.361749],[-80.064415,40.361897],[-80.064003,40.361996],[-80.063181,40.363692],[-80.061449,40.365748],[-80.061316,40.365999],[-80.061232,40.366359],[-80.061301,40.367556],[-80.06126,40.367921],[-80.060118,40.370549],[-80.057498,40.373873],[-80.056686,40.375121],[-80.057893,40.374919],[-80.05833,40.374979],[-80.058689,40.375117],[-80.060013,40.375926],[-80.061632,40.376584],[-80.062278,40.376919],[-80.062765,40.377039],[-80.063502,40.377119],[-80.064131,40.377353],[-80.064385,40.377499],[-80.064545,40.377708],[-80.064839,40.378352],[-80.066017,40.379463],[-80.067431,40.381178],[-80.06759,40.380893],[-80.067594,40.380605],[-80.067526,40.380325],[-80.067215,40.379826],[-80.069164,40.378494],[-80.068359,40.377297],[-80.067481,40.37645],[-80.068123,40.376058],[-80.068406,40.376428],[-80.068513,40.37637],[-80.069566,40.378235],[-80.075281,40.377406],[-80.077426,40.376731],[-80.077587,40.376495],[-80.079034,40.376392],[-80.083968,40.37758]]]}},{"type":"Feature","properties":{"geoid":"42003474203","name":"Census Tract 4742.03","land_m2":4407424.0},"geometry":{"type":"Polygon","coordinates":[[[-80.094945,40.305907],[-80.086976,40.303669],[-80.086,40.30333],[-80.08291,40.302513],[-80.080776,40.301768],[-80.076675,40.300668],[-80.07396,40.299837],[-80.07096,40.306084],[-80.069395,40.309802],[-80.067693,40.314137],[-80.068102,40.314276],[-80.069294,40.314369],[-80.069745,40.314458],[-80.070124,40.314607],[-80.070602,40.314936],[-80.070939,40.315417],[-80.072116,40.317783],[-80.072207,40.318261],[-80.072081,40.318849],[-80.071887,40.319481],[-80.071747,40.319783],[-80.070999,40.320975],[-80.070725,40.321249],[-80.069173,40.322351],[-80.068395,40.323119],[-80.067763,40.323643],[-80.067273,40.323953],[-80.065489,40.324744],[-80.06537,40.32507],[-80.065375,40.325284],[-80.065898,40.326752],[-80.06618,40.327759],[-80.067108,40.327795],[-80.072392,40.327432],[-80.07296,40.327324],[-80.073826,40.32698],[-80.074394,40.326885],[-80.074803,40.326957],[-80.075638,40.327298],[-80.082238,40.324616],[-80.083034,40.324199],[-80.084306,40.323377],[-80.085408,40.322462],[-80.086372,40.321454],[-80.086996,40.320636],[-80.087665,40.31945],[-80.087854,40.319031],[-80.091231,40.309818],[-80.091582,40.309072],[-80.09208,40.308379],[-80.093038,40.307426],[-80.094945,40.305907]]]}},{"type":"Feature","properties":{"geoid":"42003478100","name":"Census Tract 4781","land_m2":1514329.0},"geometry":{"type":"Polygon","coordinates":[[[-79.98886,40.363945],[-79.987958,40.362379],[-79.986767,40.362733],[-79.985489,40.36288],[-79.984877,40.363014],[-79.984537,40.363273],[-79.984087,40.363872],[-79.982633,40.365347],[-79.981824,40.366031],[-79.980688,40.366861],[-79.98029,40.367054],[-79.978944,40.367383],[-79.978302,40.367665],[-79.976073,40.368814],[-79.975714,40.3691],[-79.975431,40.369435],[-79.975215,40.369908],[-79.975155,40.370296],[-79.975544,40.373856],[-79.975542,40.375298],[-79.975413,40.377382],[-79.975453,40.37881],[-79.975528,40.379513],[-79.975926,40.380817],[-79.976142,40.381301],[-79.976755,40.381141],[-79.977093,40.381226],[-79.977345,40.381307],[-79.977645,40.381743],[-79.977854,40.381833],[-79.978028,40.381847],[-79.978928,40.381649],[-79.981947,40.380642],[-79.982754,40.381487],[-79.983342,40.381516],[-79.984991,40.379338],[-79.985306,40.378813],[-79.985725,40.378286],[-79.98582,40.378241],[-79.986185,40.377536],[-79.985708,40.377221],[-79.985527,40.376977],[-79.985419,40.37673],[-79.98693,40.375081],[-79.984762,40.372116],[-79.986171,40.370241],[-79.985895,40.369416],[-79.985363,40.368715],[-79.985438,40.368648],[-79.985051,40.368162],[-79.98782,40.365551],[-79.98886,40.363945]]]}},{"type":"Feature","properties":{"geoid":"42003464300","name":"Census Tract 4643","land_m2":1122813.0},"geometry":{"type":"Polygon","coordinates":[[[-80.078505,40.446527],[-80.076352,40.441808],[-80.074947,40.442094],[-80.075024,40.440499],[-80.074064,40.440335],[-80.073172,40.441084],[-80.066368,40.442027],[-80.062681,40.441886],[-80.062514,40.441736],[-80.062512,40.441684],[-80.061593,40.440977],[-80.061216,40.440632],[-80.060921,40.441742],[-80.060838,40.4419],[-80.060511,40.442209],[-80.060127,40.442398],[-80.055371,40.443936],[-80.056799,40.44433],[-80.058044,40.444419],[-80.058497,40.444588],[-80.059957,40.445636],[-80.061901,40.447807],[-80.062611,40.447233],[-80.06363,40.447923],[-80.064007,40.447625],[-80.064323,40.447705],[-80.064288,40.448174],[-80.065347,40.448544],[-80.065347,40.448824],[-80.066194,40.449381],[-80.066682,40.44882],[-80.067042,40.44889],[-80.06714,40.44889],[-80.067221,40.448832],[-80.068359,40.447778],[-80.071587,40.448621],[-80.072945,40.448325],[-80.073149,40.448653],[-80.076534,40.448007],[-80.076352,40.447246],[-80.076948,40.44714],[-80.077629,40.446905],[-80.078505,40.446527]]]}},{"type":"Feature","properties":{"geoid":"42003472100","name":"Census Tract 4721","land_m2":549884.0},"geometry":{"type":"Polygon","coordinates":[[[-80.042078,40.399746],[-80.04086,40.398093],[-80.039492,40.396922],[-80.038386,40.395433],[-80.03586,40.39715],[-80.034274,40.395033],[-80.032339,40.396245],[-80.030664,40.396752],[-80.02939,40.397205],[-80.031757,40.400089],[-80.031468,40.400397],[-80.032244,40.401355],[-80.032482,40.401729],[-80.032666,40.401535],[-80.036697,40.400785],[-80.035622,40.401698],[-80.035442,40.404038],[-80.035471,40.404286],[-80.036135,40.404243],[-80.036416,40.404277],[-80.039764,40.401319],[-80.042078,40.399746]]]}},{"type":"Feature","properties":{"geoid":"42003464400","name":"Census Tract 4644","land_m2":1723619.0},"geometry":{"type":"Polygon","coordinates":[[[-80.067571,40.470485],[-80.067434,40.470026],[-80.067146,40.469637],[-80.066125,40.469146],[-80.066294,40.468909],[-80.066225,40.46867],[-80.065755,40.468073],[-80.065641,40.467751],[-80.065595,40.465803],[-80.066201,40.465677],[-80.066347,40.465496],[-80.066139,40.465113],[-80.066081,40.46487],[-80.066029,40.463422],[-80.066203,40.461635],[-80.064003,40.462667],[-80.063398,40.462816],[-80.061935,40.463514],[-80.060835,40.464184],[-80.060108,40.464146],[-80.059433,40.463923],[-80.058485,40.463447],[-80.058134,40.463429],[-80.057795,40.463504],[-80.055039,40.464548],[-80.054179,40.464801],[-80.053635,40.464883],[-80.051178,40.465599],[-80.051115,40.466345],[-80.050963,40.467254],[-80.050642,40.468297],[-80.050265,40.469281],[-80.04965,40.469976],[-80.047771,40.471147],[-80.047097,40.471687],[-80.046841,40.472395],[-80.046942,40.473155],[-80.047126,40.474031],[-80.047566,40.47492],[-80.047862,40.475814],[-80.052558,40.475848],[-80.059693,40.475735],[-80.062531,40.475761],[-80.065829,40.475719],[-80.065687,40.472026],[-80.065692,40.470956],[-80.067571,40.470485]]]}},{"type":"Feature","properties":{"geoid":"42003465600","name":"Census Tract 4656","land_m2":1010398.0},"geometry":{"type":"Polygon","coordinates":[[[-80.080511,40.440495],[-80.080612,40.440118],[-80.080208,40.440014],[-80.079811,40.440293],[-80.079593,40.440056],[-80.077924,40.439032],[-80.076453,40.437601],[-80.075843,40.436684],[-80.075065,40.435667],[-80.073958,40.435273],[-80.073682,40.435259],[-80.072071,40.435546],[-80.070912,40.436122],[-80.069734,40.436481],[-80.069538,40.436601],[-80.069051,40.437051],[-80.068681,40.438197],[-80.066962,40.437902],[-80.067566,40.436358],[-80.06766,40.436006],[-80.067632,40.435366],[-80.067409,40.435314],[-80.067315,40.434446],[-80.066444,40.433916],[-80.06567,40.433357],[-80.063691,40.434107],[-80.063852,40.434806],[-80.061235,40.435619],[-80.061719,40.436376],[-80.061587,40.436617],[-80.061541,40.436844],[-80.061255,40.436848],[-80.061191,40.436804],[-80.0604,40.43543],[-80.060299,40.435353],[-80.060153,40.436357],[-80.059993,40.436609],[-80.059324,40.437083],[-80.057596,40.437534],[-80.059399,40.439152],[-80.061593,40.440977],[-80.062512,40.441684],[-80.062514,40.441736],[-80.062681,40.441886],[-80.066368,40.442027],[-80.073172,40.441084],[-80.074064,40.440335],[-80.075024,40.440499],[-80.074947,40.442094],[-80.076352,40.441808],[-80.078118,40.441349],[-80.079772,40.440815],[-80.080511,40.440495]]]}},{"type":"Feature","properties":{"geoid":"42003472200","name":"Census Tract 4722","land_m2":651963.0},"geometry":{"type":"Polygon","coordinates":[[[-80.046476,40.395739],[-80.04645,40.395011],[-80.046312,40.393938],[-80.04625,40.393789],[-80.043471,40.390086],[-80.043133,40.389879],[-80.042287,40.389501],[-80.041598,40.389548],[-80.038817,40.39145],[-80.035746,40.394012],[-80.034274,40.395033],[-80.03586,40.39715],[-80.038386,40.395433],[-80.039492,40.396922],[-80.04086,40.398093],[-80.041853,40.399433],[-80.041937,40.399386],[-80.044882,40.39906],[-80.046224,40.39651],[-80.046376,40.396159],[-80.046476,40.395739]]]}},{"type":"Feature","properties":{"geoid":"42003472300","name":"Census Tract 4723","land_m2":342247.0},"geometry":{"type":"Polygon","coordinates":[[[-80.037408,40.392612],[-80.037567,40.392476],[-80.035227,40.390489],[-80.034579,40.389628],[-80.034533,40.389552],[-80.034506,40.388402],[-80.034388,40.388403],[-80.033733,40.388188],[-80.032792,40.388242],[-80.032506,40.388312],[-80.033625,40.389801],[-80.028696,40.391296],[-80.030767,40.395007],[-80.030698,40.395351],[-80.031144,40.396613],[-80.032339,40.396245],[-80.033665,40.395442],[-80.035746,40.394012],[-80.037408,40.392612]]]}},{"type":"Feature","properties":{"geoid":"42003472400","name":"Census Tract 4724","land_m2":425318.0},"geometry":{"type":"Polygon","coordinates":[[[-80.04292,40.388366],[-80.042342,40.387682],[-80.041699,40.387969],[-80.040593,40.38673],[-80.041245,40.386305],[-80.040621,40.385641],[-80.039624,40.38481],[-80.039309,40.384493],[-80.039079,40.384108],[-80.038864,40.383017],[-80.036271,40.383774],[-80.036762,40.384342],[-80.035971,40.384611],[-80.035815,40.384839],[-80.034803,40.387184],[-80.034524,40.387179],[-80.034533,40.389552],[-80.035227,40.390489],[-80.037567,40.392476],[-80.03854,40.391647],[-80.04186,40.389362],[-80.042519,40.388804],[-80.04292,40.388366]]]}},{"type":"Feature","properties":{"geoid":"42003473100","name":"Census Tract 4731","land_m2":1505105.0},"geometry":{"type":"Polygon","coordinates":[[[-80.059055,40.390871],[-80.059135,40.390814],[-80.058749,40.390422],[-80.058345,40.389818],[-80.058067,40.389303],[-80.057682,40.388835],[-80.057324,40.388541],[-80.057018,40.388414],[-80.055665,40.388067],[-80.055504,40.387986],[-80.055129,40.387596],[-80.054559,40.386875],[-80.053438,40.384934],[-80.051056,40.385459],[-80.049997,40.385791],[-80.04723,40.386483],[-80.045404,40.38675],[-80.04387,40.386929],[-80.043713,40.386908],[-80.043544,40.387532],[-80.04292,40.388366],[-80.042203,40.389092],[-80.041598,40.389548],[-80.042365,40.389513],[-80.043471,40.390086],[-80.04625,40.393789],[-80.046312,40.393938],[-80.046487,40.395376],[-80.046476,40.395739],[-80.046376,40.396159],[-80.044882,40.39906],[-80.045051,40.399041],[-80.051202,40.401943],[-80.05124,40.401858],[-80.051283,40.401872],[-80.051481,40.401498],[-80.051387,40.401465],[-80.051705,40.400668],[-80.052911,40.401156],[-80.054892,40.400954],[-80.054119,40.39649],[-80.056237,40.395597],[-80.054211,40.392922],[-80.054803,40.392654],[-80.056983,40.392372],[-80.056734,40.391453],[-80.058936,40.390984],[-80.059055,40.390871]]]}},{"type":"Feature","properties":{"geoid":"42003468700","name":"Census Tract 4687","land_m2":1414458.0},"geometry":{"type":"Polygon","coordinates":[[[-80.09883,40.418162],[-80.098311,40.417763],[-80.098004,40.417357],[-80.097859,40.41727],[-80.098332,40.416997],[-80.097236,40.416148],[-80.097883,40.415111],[-80.096796,40.413931],[-80.096471,40.41376],[-80.09568,40.413505],[-80.09489,40.413167],[-80.094656,40.413017],[-80.094433,40.412754],[-80.093388,40.41088],[-80.093075,40.410446],[-80.092511,40.409945],[-80.091728,40.409128],[-80.091291,40.408782],[-80.090977,40.408352],[-80.090818,40.408217],[-80.089408,40.407585],[-80.088743,40.407535],[-80.088952,40.407378],[-80.08898,40.407179],[-80.088531,40.406509],[-80.088294,40.406664],[-80.08767,40.406826],[-80.085462,40.408254],[-80.0851,40.407933],[-80.083643,40.408879],[-80.083645,40.408815],[-80.081123,40.410417],[-80.081518,40.410772],[-80.08078,40.411259],[-80.080053,40.41197],[-80.079935,40.41132],[-80.079619,40.411212],[-80.078901,40.411303],[-80.078833,40.411351],[-80.080984,40.412796],[-80.080529,40.412909],[-80.079305,40.413347],[-80.079056,40.413578],[-80.078954,40.413855],[-80.079032,40.41413],[-80.079472,40.41482],[-80.084422,40.417505],[-80.085948,40.41695],[-80.088463,40.418885],[-80.089346,40.418438],[-80.091803,40.420088],[-80.092073,40.4202],[-80.09883,40.418162]]]}},{"type":"Feature","properties":{"geoid":"42003507000","name":"Census Tract 5070","land_m2":1069830.0},"geometry":{"type":"Polygon","coordinates":[[[-79.816682,40.378599],[-79.813878,40.377082],[-79.812738,40.379491],[-79.811231,40.37908],[-79.810561,40.38066],[-79.807011,40.379364],[-79.805665,40.381484],[-79.804978,40.381874],[-79.805525,40.382458],[-79.805625,40.382407],[-79.806111,40.383058],[-79.80572,40.383233],[-79.80531,40.383565],[-79.805207,40.383758],[-79.804282,40.384302],[-79.803699,40.384289],[-79.80323,40.384443],[-79.802752,40.384791],[-79.802352,40.385213],[-79.801511,40.385444],[-79.800589,40.385976],[-79.799891,40.386045],[-79.798438,40.386451],[-79.799709,40.387008],[-79.799123,40.387452],[-79.799107,40.387739],[-79.798595,40.388128],[-79.798323,40.389068],[-79.798097,40.389668],[-79.798472,40.390628],[-79.802594,40.391419],[-79.811563,40.386664],[-79.812142,40.38429],[-79.813244,40.384666],[-79.816123,40.380944],[-79.815682,40.380871],[-79.815588,40.380781],[-79.816175,40.38007],[-79.816454,40.380211],[-79.816506,40.380152],[-79.816682,40.378599]]]}},{"type":"Feature","properties":{"geoid":"42003508000","name":"Census Tract 5080","land_m2":1111511.0},"geometry":{"type":"Polygon","coordinates":[[[-79.818529,40.400622],[-79.818682,40.400457],[-79.818176,40.400153],[-79.817345,40.399808],[-79.816166,40.398483],[-79.815968,40.397919],[-79.81631,40.39709],[-79.812998,40.39513],[-79.814404,40.39292],[-79.814448,40.390963],[-79.814379,40.38987],[-79.811517,40.386687],[-79.802594,40.391419],[-79.803643,40.392604],[-79.804967,40.393741],[-79.804912,40.394077],[-79.804549,40.394223],[-79.80346,40.394175],[-79.803163,40.394209],[-79.802554,40.39413],[-79.801448,40.394117],[-79.801468,40.394633],[-79.801804,40.394809],[-79.801488,40.395131],[-79.802162,40.395583],[-79.80209,40.395646],[-79.803627,40.396499],[-79.804533,40.396796],[-79.804493,40.397667],[-79.804364,40.398431],[-79.805433,40.398631],[-79.805622,40.398209],[-79.805968,40.397848],[-79.806456,40.396914],[-79.806452,40.396805],[-79.807644,40.396804],[-79.80917,40.397036],[-79.811235,40.398762],[-79.81164,40.399001],[-79.811425,40.399298],[-79.812431,40.39997],[-79.813606,40.401038],[-79.81407,40.400589],[-79.814993,40.401185],[-79.815194,40.401066],[-79.816976,40.402347],[-79.817805,40.401504],[-79.818529,40.400622]]]}},{"type":"Feature","properties":{"geoid":"42003486900","name":"Census Tract 4869","land_m2":929135.0},"geometry":{"type":"Polygon","coordinates":[[[-79.856795,40.365627],[-79.856627,40.36532],[-79.855674,40.36397],[-79.854614,40.361622],[-79.854323,40.361126],[-79.85331,40.361426],[-79.850227,40.360952],[-79.84811,40.360509],[-79.846969,40.360337],[-79.847508,40.358611],[-79.847944,40.356932],[-79.84637,40.357191],[-79.84408,40.35774],[-79.845303,40.360169],[-79.844442,40.360764],[-79.843982,40.361159],[-79.843239,40.361917],[-79.842833,40.362472],[-79.842586,40.362903],[-79.842332,40.363411],[-79.842055,40.364159],[-79.841933,40.364683],[-79.841864,40.365722],[-79.84192,40.366541],[-79.842136,40.367896],[-79.842495,40.36932],[-79.842778,40.369296],[-79.84512,40.368726],[-79.845284,40.369124],[-79.850189,40.367913],[-79.85033,40.367982],[-79.85119,40.367554],[-79.851807,40.368196],[-79.852455,40.367851],[-79.852575,40.367534],[-79.853668,40.365985],[-79.853791,40.365891],[-79.854145,40.365828],[-79.85449,40.365872],[-79.854905,40.366229],[-79.855436,40.366326],[-79.855644,40.36629],[-79.856107,40.366026],[-79.855933,40.365793],[-79.856795,40.365627]]]}},{"type":"Feature","properties":{"geoid":"42003483800","name":"Census Tract 4838","land_m2":1492076.0},"geometry":{"type":"Polygon","coordinates":[[[-79.9196,40.409766],[-79.918462,40.408964],[-79.915384,40.406632],[-79.913335,40.405245],[-79.911643,40.403093],[-79.913649,40.402334],[-79.915592,40.40095],[-79.914349,40.400303],[-79.912023,40.399549],[-79.912169,40.399436],[-79.911461,40.398917],[-79.909688,40.399138],[-79.908768,40.399853],[-79.90776,40.399039],[-79.907037,40.400057],[-79.906482,40.399391],[-79.902638,40.401315],[-79.899629,40.399394],[-79.899598,40.399411],[-79.901324,40.403785],[-79.902702,40.403273],[-79.907451,40.408744],[-79.903332,40.409024],[-79.903881,40.410442],[-79.90528,40.413745],[-79.905972,40.415707],[-79.907991,40.415466],[-79.910954,40.415002],[-79.913314,40.41424],[-79.915403,40.413226],[-79.91727,40.411908],[-79.918755,40.410596],[-79.9196,40.409766]]]}},{"type":"Feature","properties":{"geoid":"42003487000","name":"Census Tract 4870","land_m2":2502861.0},"geometry":{"type":"Polygon","coordinates":[[[-79.906232,40.352448],[-79.89727,40.346301],[-79.897294,40.346216],[-79.89699,40.345696],[-79.895009,40.344338],[-79.896232,40.341835],[-79.895911,40.341451],[-79.895634,40.341251],[-79.893437,40.340744],[-79.893858,40.339983],[-79.891884,40.33899],[-79.890879,40.339912],[-79.889462,40.341049],[-79.888708,40.34173],[-79.886356,40.344175],[-79.884915,40.346052],[-79.884959,40.346041],[-79.882333,40.349564],[-79.881408,40.351046],[-79.880846,40.351649],[-79.879572,40.352747],[-79.878293,40.353641],[-79.876676,40.354337],[-79.87724,40.357706],[-79.880319,40.357361],[-79.8812,40.357189],[-79.881367,40.357571],[-79.883114,40.357573],[-79.884817,40.357396],[-79.885887,40.359296],[-79.886882,40.359277],[-79.887283,40.359226],[-79.888454,40.358947],[-79.892009,40.357826],[-79.894362,40.357617],[-79.895983,40.356795],[-79.897574,40.356288],[-79.898218,40.356016],[-79.899463,40.356057],[-79.899955,40.355741],[-79.901382,40.353841],[-79.901912,40.352917],[-79.902046,40.352741],[-79.902299,40.352572],[-79.903742,40.352236],[-79.904225,40.352248],[-79.905667,40.3525],[-79.906232,40.352448]]]}},{"type":"Feature","properties":{"geoid":"42003488200","name":"Census Tract 4882","land_m2":2936297.0},"geometry":{"type":"Polygon","coordinates":[[[-79.889759,40.395245],[-79.889789,40.395232],[-79.88951,40.395052],[-79.888097,40.394463],[-79.88766,40.394153],[-79.88701,40.393576],[-79.885706,40.392774],[-79.885195,40.392117],[-79.884953,40.391915],[-79.883846,40.391637],[-79.883622,40.391537],[-79.882646,40.390829],[-79.882329,40.390533],[-79.881658,40.3898],[-79.881188,40.389013],[-79.8807,40.38726],[-79.880261,40.385973],[-79.880041,40.385753],[-79.878966,40.384981],[-79.878775,40.384792],[-79.877933,40.382922],[-79.874149,40.383017],[-79.873479,40.382944],[-79.872855,40.38277],[-79.872214,40.382491],[-79.871508,40.382067],[-79.868869,40.379951],[-79.868464,40.379751],[-79.868047,40.379637],[-79.867161,40.379631],[-79.866401,40.379857],[-79.868856,40.381928],[-79.858461,40.386826],[-79.854501,40.38877],[-79.864108,40.392268],[-79.866608,40.393547],[-79.868994,40.395133],[-79.870972,40.39665],[-79.872381,40.397819],[-79.87285,40.398245],[-79.87674,40.402196],[-79.885402,40.398718],[-79.88455,40.397481],[-79.889391,40.395517],[-79.889759,40.395245]]]}},{"type":"Feature","properties":{"geoid":"42003492900","name":"Census Tract 4929","land_m2":1678348.0},"geometry":{"type":"Polygon","coordinates":[[[-79.900313,40.286422],[-79.900475,40.283211],[-79.897918,40.281],[-79.892702,40.28091],[-79.888347,40.283189],[-79.88356,40.28297],[-79.883042,40.283122],[-79.885185,40.287287],[-79.885959,40.287021],[-79.886239,40.286826],[-79.887455,40.287088],[-79.888079,40.287797],[-79.888183,40.287865],[-79.888444,40.287923],[-79.888363,40.288311],[-79.888624,40.288588],[-79.888651,40.2887],[-79.888573,40.288847],[-79.888274,40.289141],[-79.888238,40.289389],[-79.888319,40.289512],[-79.888517,40.289632],[-79.889199,40.289862],[-79.889246,40.289934],[-79.888931,40.290069],[-79.889386,40.290186],[-79.889774,40.290797],[-79.889737,40.291193],[-79.889553,40.291858],[-79.889292,40.292435],[-79.88898,40.292765],[-79.888821,40.293354],[-79.888816,40.29358],[-79.891988,40.294138],[-79.892949,40.294482],[-79.893414,40.294719],[-79.893664,40.294985],[-79.893764,40.295233],[-79.893847,40.295712],[-79.893897,40.296454],[-79.89402,40.296997],[-79.895448,40.297084],[-79.896169,40.297051],[-79.896882,40.296957],[-79.897503,40.29655],[-79.898308,40.296182],[-79.899255,40.295858],[-79.90037,40.29563],[-79.899901,40.291813],[-79.900313,40.286422]]]}},{"type":"Feature","properties":{"geoid":"42003485000","name":"Census Tract 4850","land_m2":767480.0},"geometry":{"type":"Polygon","coordinates":[[[-79.896053,40.398477],[-79.896119,40.398444],[-79.895582,40.397666],[-79.893679,40.395393],[-79.891401,40.396307],[-79.889789,40.395232],[-79.889391,40.395517],[-79.88455,40.397481],[-79.885402,40.398718],[-79.87674,40.402196],[-79.878711,40.403726],[-79.881203,40.405551],[-79.884511,40.407191],[-79.885403,40.406524],[-79.887053,40.407037],[-79.887541,40.406454],[-79.887465,40.406326],[-79.887278,40.40612],[-79.886771,40.405787],[-79.884363,40.403941],[-79.884246,40.403017],[-79.88851,40.401644],[-79.890525,40.401065],[-79.890286,40.400805],[-79.896053,40.398477]]]}},{"type":"Feature","properties":{"geoid":"42003489001","name":"Census Tract 4890.01","land_m2":3729072.0},"geometry":{"type":"Polygon","coordinates":[[[-79.966181,40.342084],[-79.966266,40.342015],[-79.965236,40.341276],[-79.964922,40.340865],[-79.964955,40.34076],[-79.964719,40.340574],[-79.964839,40.340457],[-79.964772,40.340225],[-79.963787,40.338515],[-79.963435,40.338058],[-79.963012,40.33774],[-79.96159,40.337033],[-79.961381,40.33683],[-79.961266,40.336635],[-79.961242,40.336396],[-79.961768,40.33315],[-79.961772,40.332951],[-79.961686,40.332547],[-79.961268,40.332002],[-79.960208,40.33112],[-79.958894,40.32915],[-79.956728,40.326163],[-79.956597,40.325962],[-79.956542,40.325776],[-79.956591,40.325491],[-79.957262,40.324616],[-79.957342,40.324396],[-79.957315,40.324233],[-79.956585,40.32319],[-79.956327,40.32263],[-79.956392,40.322294],[-79.956694,40.321876],[-79.956836,40.321578],[-79.956919,40.321181],[-79.955927,40.320845],[-79.95298,40.320427],[-79.942554,40.31645],[-79.93688,40.31854],[-79.94007,40.323339],[-79.940415,40.323374],[-79.940276,40.323784],[-79.939031,40.326459],[-79.938755,40.327312],[-79.938482,40.32782],[-79.938182,40.328683],[-79.937294,40.329957],[-79.947328,40.335706],[-79.947937,40.336273],[-79.948373,40.336531],[-79.94908,40.336851],[-79.950907,40.337558],[-79.959572,40.342536],[-79.961293,40.343446],[-79.962492,40.344172],[-79.964,40.344991],[-79.966181,40.342084]]]}},{"type":"Feature","properties":{"geoid":"42003494000","name":"Census Tract 4940","land_m2":888039.0},"geometry":{"type":"Polygon","coordinates":[[[-79.896313,40.267921],[-79.894898,40.267156],[-79.894888,40.266954],[-79.894937,40.266874],[-79.894987,40.26649],[-79.894933,40.266061],[-79.894985,40.26559],[-79.894913,40.265172],[-79.894801,40.264981],[-79.894638,40.264288],[-79.894191,40.264434],[-79.893979,40.263564],[-79.891581,40.264385],[-79.892306,40.265028],[-79.891979,40.265244],[-79.890868,40.265689],[-79.890759,40.265571],[-79.891231,40.265303],[-79.890983,40.26503],[-79.890913,40.264969],[-79.890452,40.265236],[-79.890376,40.265177],[-79.890305,40.265194],[-79.889761,40.265494],[-79.887384,40.267483],[-79.88653,40.266887],[-79.884236,40.268906],[-79.884141,40.269701],[-79.883337,40.270456],[-79.883191,40.270685],[-79.882009,40.271633],[-79.881122,40.272039],[-79.880774,40.27239],[-79.879023,40.273609],[-79.87941,40.27383],[-79.880981,40.274364],[-79.881292,40.274967],[-79.879194,40.275937],[-79.88272,40.279409],[-79.884189,40.278682],[-79.885349,40.277823],[-79.886391,40.276822],[-79.887081,40.275929],[-79.888156,40.274933],[-79.888966,40.274045],[-79.891425,40.271905],[-79.892822,40.270782],[-79.894969,40.268923],[-79.896313,40.267921]]]}},{"type":"Feature","properties":{"geoid":"42003480101","name":"Census Tract 4801.01","land_m2":2289294.0},"geometry":{"type":"Polygon","coordinates":[[[-79.996357,40.348505],[-79.996275,40.348037],[-79.99606,40.347672],[-79.995638,40.347308],[-79.994507,40.346549],[-79.992856,40.34506],[-79.992247,40.344456],[-79.992016,40.344127],[-79.991848,40.343777],[-79.991577,40.34235],[-79.991056,40.340959],[-79.990871,40.339555],[-79.990978,40.338722],[-79.991474,40.337087],[-79.991522,40.336607],[-79.991445,40.335485],[-79.990509,40.334894],[-79.989891,40.334321],[-79.989537,40.333835],[-79.988814,40.332467],[-79.987054,40.331461],[-79.986659,40.331191],[-79.985425,40.329527],[-79.985536,40.330026],[-79.985575,40.33218],[-79.985249,40.332451],[-79.985349,40.332994],[-79.985355,40.333426],[-79.984334,40.333288],[-79.981429,40.335755],[-79.980969,40.336058],[-79.980599,40.336221],[-79.979856,40.336446],[-79.979047,40.336549],[-79.978247,40.336509],[-79.976614,40.336274],[-79.976446,40.336488],[-79.97808,40.337205],[-79.975878,40.338053],[-79.974742,40.337308],[-79.969086,40.340383],[-79.969387,40.340626],[-79.968278,40.341808],[-79.967334,40.341697],[-79.966978,40.341814],[-79.966889,40.3418],[-79.966863,40.342061],[-79.967032,40.342384],[-79.967868,40.34264],[-79.971039,40.343829],[-79.971987,40.344269],[-79.972421,40.344584],[-79.972721,40.344925],[-79.973103,40.345575],[-79.975655,40.344932],[-79.975774,40.344561],[-79.977753,40.344415],[-79.981187,40.344803],[-79.981209,40.344749],[-79.981491,40.344783],[-79.984412,40.34521],[-79.985071,40.345372],[-79.985505,40.34558],[-79.985968,40.345951],[-79.987531,40.348036],[-79.988071,40.348602],[-79.988607,40.349008],[-79.989086,40.349288],[-79.989684,40.349556],[-79.990361,40.34977],[-79.99104,40.349907],[-79.994914,40.350446],[-79.996079,40.349259],[-79.996249,40.348971],[-79.996357,40.348505]]]}},{"type":"Feature","properties":{"geoid":"42003486700","name":"Census Tract 4867","land_m2":2492427.0},"geometry":{"type":"Polygon","coordinates":[[[-79.868805,40.381953],[-79.868856,40.381928],[-79.866437,40.379884],[-79.864689,40.378584],[-79.861674,40.376095],[-79.861938,40.37587],[-79.859133,40.372935],[-79.859196,40.372899],[-79.857183,40.370767],[-79.844885,40.373676],[-79.84441,40.373734],[-79.841679,40.374389],[-79.841417,40.374359],[-79.83982,40.374766],[-79.838773,40.375117],[-79.839148,40.375883],[-79.841155,40.378408],[-79.843939,40.38091],[-79.84668,40.383043],[-79.849793,40.38516],[-79.853474,40.388431],[-79.854501,40.38877],[-79.858461,40.386826],[-79.868805,40.381953]]]}},{"type":"Feature","properties":{"geoid":"42003498000","name":"Census Tract 4980","land_m2":3704812.0},"geometry":{"type":"Polygon","coordinates":[[[-79.876294,40.320995],[-79.87411,40.320211],[-79.874442,40.319875],[-79.874682,40.319331],[-79.874693,40.319076],[-79.875245,40.317859],[-79.874683,40.317126],[-79.873874,40.31754],[-79.872191,40.315951],[-79.870014,40.316022],[-79.868291,40.317835],[-79.867076,40.319518],[-79.865461,40.318229],[-79.864917,40.31789],[-79.863903,40.317364],[-79.864514,40.316331],[-79.86238,40.315465],[-79.861869,40.316113],[-79.860299,40.315095],[-79.860351,40.315044],[-79.860206,40.314998],[-79.860032,40.314994],[-79.860165,40.315366],[-79.860195,40.315678],[-79.859957,40.317325],[-79.860774,40.317605],[-79.860138,40.318475],[-79.858481,40.317746],[-79.85774,40.318806],[-79.858163,40.318991],[-79.858375,40.318718],[-79.859542,40.319234],[-79.85833,40.320816],[-79.858162,40.321132],[-79.856833,40.320784],[-79.856802,40.320811],[-79.856929,40.320035],[-79.855825,40.319099],[-79.855348,40.319279],[-79.853576,40.319282],[-79.852298,40.317939],[-79.8475,40.317289],[-79.846082,40.317999],[-79.843819,40.318946],[-79.84117,40.320149],[-79.841725,40.321157],[-79.842756,40.323658],[-79.84319,40.324463],[-79.843968,40.325546],[-79.844543,40.326536],[-79.845246,40.327231],[-79.84603,40.327988],[-79.846979,40.328721],[-79.848388,40.329443],[-79.853366,40.332372],[-79.85502,40.333487],[-79.85583,40.334222],[-79.857579,40.336211],[-79.858269,40.336766],[-79.860706,40.333677],[-79.860912,40.33335],[-79.861126,40.332638],[-79.861065,40.330657],[-79.862598,40.329348],[-79.863233,40.329209],[-79.863828,40.328936],[-79.8651,40.328734],[-79.866463,40.32882],[-79.867918,40.329067],[-79.869584,40.329231],[-79.870146,40.329406],[-79.87115,40.329928],[-79.87166,40.330056],[-79.872115,40.329945],[-79.872718,40.329899],[-79.873371,40.329688],[-79.873903,40.329463],[-79.875076,40.328734],[-79.874238,40.327959],[-79.87231,40.326443],[-79.874416,40.323497],[-79.876294,40.320995]]]}},{"type":"Feature","properties":{"geoid":"42003499300","name":"Census Tract 4993","land_m2":2059494.0},"geometry":{"type":"Polygon","coordinates":[[[-79.897607,40.322496],[-79.897623,40.321845],[-79.897432,40.321127],[-79.895852,40.32117],[-79.893736,40.321132],[-79.893626,40.321088],[-79.893755,40.321849],[-79.893796,40.322836],[-79.893888,40.327513],[-79.893853,40.330869],[-79.892945,40.3312],[-79.892451,40.331083],[-79.892534,40.330796],[-79.889351,40.330861],[-79.889402,40.330684],[-79.889355,40.327669],[-79.888434,40.327674],[-79.888466,40.32754],[-79.888424,40.324382],[-79.886245,40.324397],[-79.886201,40.325811],[-79.88575,40.325383],[-79.88555,40.325263],[-79.885027,40.324653],[-79.884288,40.323905],[-79.884129,40.323844],[-79.884163,40.324774],[-79.88192,40.324598],[-79.881033,40.324821],[-79.879775,40.324898],[-79.878975,40.325023],[-79.878753,40.324961],[-79.878572,40.324837],[-79.87821,40.324006],[-79.8779,40.323756],[-79.877409,40.323598],[-79.8747,40.323121],[-79.874645,40.323192],[-79.87231,40.326443],[-79.874238,40.327959],[-79.875434,40.329078],[-79.881111,40.331491],[-79.883106,40.3324],[-79.88323,40.33275],[-79.883904,40.335464],[-79.883537,40.336125],[-79.884714,40.336966],[-79.883482,40.339539],[-79.883408,40.339542],[-79.883289,40.339811],[-79.882432,40.34063],[-79.880966,40.341771],[-79.881796,40.343386],[-79.885612,40.345168],[-79.886356,40.344175],[-79.888708,40.34173],[-79.889462,40.341049],[-79.890879,40.339912],[-79.891884,40.33899],[-79.893851,40.33646],[-79.894975,40.334628],[-79.895431,40.333741],[-79.895813,40.332782],[-79.896169,40.331639],[-79.896364,40.33093],[-79.896294,40.330882],[-79.896376,40.330889],[-79.896799,40.328799],[-79.897084,40.327005],[-79.897214,40.32576],[-79.897495,40.324271],[-79.897607,40.322496]]]}},{"type":"Feature","properties":{"geoid":"42003499400","name":"Census Tract 4994","land_m2":2036887.0},"geometry":{"type":"Polygon","coordinates":[[[-79.897432,40.321127],[-79.897068,40.320392],[-79.896675,40.319746],[-79.896003,40.318867],[-79.895009,40.317783],[-79.892237,40.315397],[-79.89139,40.314728],[-79.884177,40.311453],[-79.882964,40.313344],[-79.881828,40.314958],[-79.879762,40.31411],[-79.877823,40.313095],[-79.876176,40.314647],[-79.875824,40.315453],[-79.876219,40.316334],[-79.874683,40.317126],[-79.875245,40.317859],[-79.874693,40.319076],[-79.874682,40.319331],[-79.874442,40.319875],[-79.87411,40.320211],[-79.876294,40.320995],[-79.8747,40.323121],[-79.877409,40.323598],[-79.8779,40.323756],[-79.87821,40.324006],[-79.878572,40.324837],[-79.87886,40.325001],[-79.879054,40.325027],[-79.879775,40.324898],[-79.881033,40.324821],[-79.88192,40.324598],[-79.884163,40.324774],[-79.884129,40.323844],[-79.884288,40.323905],[-79.885027,40.324653],[-79.88555,40.325263],[-79.88575,40.325383],[-79.886201,40.325811],[-79.886245,40.324397],[-79.888424,40.324382],[-79.888466,40.32754],[-79.888434,40.327674],[-79.889355,40.327669],[-79.889402,40.330684],[-79.889351,40.330861],[-79.892534,40.330796],[-79.892451,40.331083],[-79.892945,40.3312],[-79.893853,40.330869],[-79.893888,40.327513],[-79.893796,40.322836],[-79.893755,40.321849],[-79.893626,40.321088],[-79.893736,40.321132],[-79.895852,40.32117],[-79.897432,40.321127]]]}},{"type":"Feature","properties":{"geoid":"42003500300","name":"Census Tract 5003","land_m2":2936712.0},"geometry":{"type":"Polygon","coordinates":[[[-79.884681,40.337034],[-79.884714,40.336966],[-79.883537,40.336125],[-79.883904,40.335464],[-79.88323,40.33275],[-79.883106,40.3324],[-79.881111,40.331491],[-79.875434,40.329078],[-79.875076,40.328734],[-79.873903,40.329463],[-79.873371,40.329688],[-79.872718,40.329899],[-79.872115,40.329945],[-79.87166,40.330056],[-79.87115,40.329928],[-79.870146,40.329406],[-79.869584,40.329231],[-79.867918,40.329067],[-79.866463,40.32882],[-79.8651,40.328734],[-79.863828,40.328936],[-79.863233,40.329209],[-79.862598,40.329348],[-79.861065,40.330657],[-79.861126,40.332638],[-79.860912,40.33335],[-79.860706,40.333677],[-79.858269,40.336766],[-79.858882,40.337351],[-79.859827,40.337896],[-79.860849,40.338398],[-79.861574,40.338943],[-79.862689,40.339544],[-79.864895,40.340631],[-79.866876,40.342219],[-79.8675,40.342998],[-79.868509,40.344772],[-79.86981,40.348098],[-79.869958,40.348765],[-79.870913,40.348596],[-79.871628,40.34774],[-79.872527,40.347618],[-79.87344,40.347605],[-79.874375,40.347009],[-79.878515,40.3437],[-79.87964,40.34283],[-79.880129,40.342509],[-79.881098,40.341652],[-79.882432,40.34063],[-79.883289,40.339811],[-79.883408,40.339542],[-79.883482,40.339539],[-79.884681,40.337034]]]}},{"type":"Feature","properties":{"geoid":"42003501000","name":"Census Tract 5010","land_m2":1253698.0},"geometry":{"type":"Polygon","coordinates":[[[-79.841144,40.32016],[-79.841068,40.3199],[-79.840311,40.318454],[-79.839853,40.317733],[-79.839321,40.317201],[-79.838409,40.315865],[-79.838088,40.315141],[-79.837201,40.313783],[-79.836748,40.313207],[-79.836272,40.312759],[-79.835881,40.312481],[-79.835115,40.312321],[-79.83402,40.312178],[-79.832798,40.312112],[-79.831517,40.312115],[-79.830188,40.312264],[-79.829001,40.312576],[-79.828313,40.312851],[-79.827068,40.313444],[-79.82608,40.314046],[-79.825094,40.314708],[-79.822805,40.316374],[-79.821069,40.317537],[-79.820007,40.318095],[-79.821489,40.320555],[-79.822383,40.321794],[-79.822979,40.322728],[-79.823576,40.323034],[-79.824925,40.322194],[-79.825607,40.321703],[-79.82718,40.320419],[-79.828122,40.320552],[-79.830013,40.320448],[-79.830779,40.320584],[-79.831703,40.320859],[-79.832386,40.323112],[-79.832792,40.324236],[-79.837059,40.321538],[-79.838928,40.320809],[-79.840466,40.3203],[-79.841144,40.32016]]]}},{"type":"Feature","properties":{"geoid":"42003489002","name":"Census Tract 4890.02","land_m2":3460667.0},"geometry":{"type":"Polygon","coordinates":[[[-79.985575,40.33218],[-79.985536,40.330026],[-79.985425,40.329527],[-79.985071,40.328396],[-79.982611,40.329388],[-79.97916,40.327471],[-79.976259,40.327549],[-79.976113,40.327338],[-79.975366,40.325601],[-79.97521,40.324698],[-79.961959,40.319884],[-79.961313,40.318613],[-79.95964,40.317689],[-79.956973,40.320138],[-79.956905,40.320267],[-79.956931,40.320948],[-79.956879,40.321423],[-79.956694,40.321876],[-79.956392,40.322294],[-79.956327,40.32263],[-79.956585,40.32319],[-79.957315,40.324233],[-79.957342,40.324396],[-79.957262,40.324616],[-79.956591,40.325491],[-79.956539,40.325742],[-79.956597,40.325962],[-79.958894,40.32915],[-79.960208,40.33112],[-79.961268,40.332002],[-79.961686,40.332547],[-79.961772,40.332951],[-79.961768,40.33315],[-79.961242,40.336396],[-79.961266,40.336635],[-79.961337,40.336761],[-79.961472,40.336933],[-79.961682,40.337092],[-79.963012,40.33774],[-79.963435,40.338058],[-79.963787,40.338515],[-79.964772,40.340225],[-79.964839,40.340457],[-79.964719,40.340574],[-79.964955,40.34076],[-79.964922,40.340865],[-79.965236,40.341276],[-79.966266,40.342015],[-79.966662,40.341518],[-79.966829,40.341644],[-79.966889,40.3418],[-79.966978,40.341814],[-79.967334,40.341697],[-79.968278,40.341808],[-79.969387,40.340626],[-79.969086,40.340383],[-79.974742,40.337308],[-79.975878,40.338053],[-79.97808,40.337205],[-79.976446,40.336488],[-79.976614,40.336274],[-79.978247,40.336509],[-79.979047,40.336549],[-79.979856,40.336446],[-79.980599,40.336221],[-79.980969,40.336058],[-79.981429,40.335755],[-79.984334,40.333288],[-79.985355,40.333426],[-79.985349,40.332994],[-79.985249,40.332451],[-79.985575,40.33218]]]}},{"type":"Feature","properties":{"geoid":"42003480102","name":"Census Tract 4801.02","land_m2":1693850.0},"geometry":{"type":"Polygon","coordinates":[[[-80.010923,40.351343],[-80.010669,40.350452],[-80.008528,40.347396],[-80.006999,40.344945],[-80.006882,40.344688],[-80.006658,40.344751],[-80.006404,40.344243],[-80.005624,40.342983],[-80.001598,40.340578],[-79.998175,40.338284],[-79.997676,40.338045],[-79.996631,40.337199],[-79.995166,40.336247],[-79.988814,40.332467],[-79.989537,40.333835],[-79.989891,40.334321],[-79.990509,40.334894],[-79.991457,40.33551],[-79.991522,40.336607],[-79.991474,40.337087],[-79.990978,40.338722],[-79.990871,40.339555],[-79.991056,40.340959],[-79.991577,40.34235],[-79.991665,40.342664],[-79.991792,40.343603],[-79.991938,40.343979],[-79.992247,40.344456],[-79.99249,40.344718],[-79.994507,40.346549],[-79.995786,40.347421],[-79.99606,40.347672],[-79.996275,40.348037],[-79.996357,40.348505],[-79.996302,40.348818],[-79.996169,40.349124],[-79.995971,40.349394],[-79.994914,40.350446],[-79.99547,40.35066],[-79.99658,40.350738],[-79.997478,40.350703],[-79.997473,40.350662],[-79.998201,40.350569],[-79.998234,40.350632],[-79.998877,40.350495],[-79.99931,40.350375],[-79.999296,40.35034],[-79.99974,40.35019],[-80.004122,40.348162],[-80.004276,40.349398],[-80.00372,40.349362],[-80.004145,40.349876],[-80.003903,40.349984],[-80.004175,40.350313],[-80.003704,40.350494],[-80.003776,40.350601],[-80.00352,40.350742],[-80.003426,40.350631],[-80.003103,40.35079],[-80.005369,40.352851],[-80.006767,40.352323],[-80.007388,40.352873],[-80.009037,40.352367],[-80.009163,40.352254],[-80.009442,40.352322],[-80.010492,40.351694],[-80.010404,40.351598],[-80.010923,40.351343]]]}},{"type":"Feature","properties":{"geoid":"42003481000","name":"Census Tract 4810","land_m2":879248.0},"geometry":{"type":"Polygon","coordinates":[[[-79.991942,40.407126],[-79.99103,40.406964],[-79.987665,40.406075],[-79.981452,40.405855],[-79.980876,40.408877],[-79.980801,40.409485],[-79.981571,40.410415],[-79.981887,40.416106],[-79.982185,40.416083],[-79.982259,40.417667],[-79.986362,40.417556],[-79.988065,40.418476],[-79.988183,40.41851],[-79.988234,40.418469],[-79.988039,40.414434],[-79.989523,40.412223],[-79.990209,40.410718],[-79.990323,40.410583],[-79.99035,40.410409],[-79.991598,40.407682],[-79.991942,40.407126]]]}},{"type":"Feature","properties":{"geoid":"42003551900","name":"Census Tract 5519","land_m2":1810718.0},"geometry":{"type":"Polygon","coordinates":[[[-79.870638,40.355436],[-79.869996,40.350492],[-79.869943,40.349864],[-79.869999,40.349467],[-79.86989,40.349164],[-79.86863,40.349513],[-79.864752,40.349999],[-79.864647,40.349529],[-79.864017,40.349605],[-79.859529,40.349678],[-79.859548,40.350162],[-79.856261,40.350288],[-79.856585,40.351622],[-79.854781,40.351829],[-79.851326,40.352037],[-79.849172,40.352273],[-79.848517,40.352551],[-79.847575,40.352831],[-79.847586,40.352899],[-79.845533,40.353431],[-79.844866,40.353414],[-79.842685,40.35258],[-79.838937,40.352539],[-79.838345,40.352595],[-79.837937,40.352746],[-79.837452,40.353153],[-79.836339,40.354388],[-79.834217,40.355876],[-79.83309,40.35684],[-79.832691,40.357195],[-79.832242,40.357707],[-79.830997,40.359277],[-79.830298,40.359901],[-79.828994,40.360799],[-79.829376,40.361607],[-79.829876,40.361674],[-79.830473,40.3622],[-79.830741,40.362176],[-79.830813,40.362567],[-79.830819,40.363074],[-79.832129,40.363006],[-79.832136,40.362651],[-79.832059,40.362172],[-79.833204,40.362674],[-79.833434,40.362215],[-79.833404,40.361857],[-79.833783,40.361342],[-79.834186,40.361458],[-79.836374,40.364988],[-79.836816,40.363211],[-79.837186,40.362117],[-79.837906,40.361278],[-79.838959,40.360378],[-79.840026,40.359643],[-79.841117,40.359046],[-79.843281,40.357971],[-79.844622,40.357585],[-79.84637,40.357191],[-79.848289,40.356875],[-79.850476,40.356599],[-79.853111,40.356448],[-79.855544,40.356404],[-79.860618,40.356414],[-79.863389,40.356311],[-79.866627,40.355993],[-79.870638,40.355436]]]}},{"type":"Feature","properties":{"geoid":"42003484500","name":"Census Tract 4845","land_m2":2512322.0},"geometry":{"type":"Polygon","coordinates":[[[-79.917866,40.388033],[-79.917651,40.387341],[-79.917163,40.384709],[-79.9174,40.38451],[-79.916084,40.382113],[-79.917314,40.381597],[-79.916241,40.380079],[-79.914308,40.380769],[-79.913753,40.380924],[-79.913305,40.380934],[-79.911689,40.380541],[-79.911484,40.379576],[-79.911394,40.379542],[-79.91113,40.379178],[-79.910534,40.378588],[-79.910477,40.378375],[-79.910293,40.378546],[-79.908347,40.378153],[-79.909336,40.376895],[-79.905715,40.375486],[-79.904994,40.375376],[-79.902604,40.375402],[-79.898201,40.375166],[-79.897667,40.375263],[-79.896483,40.376179],[-79.896031,40.3764],[-79.895376,40.376595],[-79.894496,40.376689],[-79.894176,40.376672],[-79.892475,40.376337],[-79.891768,40.376307],[-79.891307,40.376352],[-79.891145,40.377309],[-79.890952,40.379381],[-79.890247,40.380182],[-79.889376,40.380808],[-79.890819,40.381681],[-79.890071,40.382954],[-79.890013,40.383161],[-79.890013,40.383682],[-79.889976,40.383781],[-79.890352,40.383878],[-79.890474,40.383273],[-79.890888,40.383267],[-79.890914,40.382961],[-79.894597,40.384212],[-79.894527,40.385069],[-79.895566,40.385233],[-79.896446,40.385481],[-79.896546,40.385135],[-79.897507,40.38528],[-79.897352,40.385885],[-79.897402,40.385981],[-79.897493,40.386031],[-79.901727,40.387066],[-79.906387,40.388469],[-79.906632,40.388437],[-79.907821,40.387918],[-79.907867,40.38809],[-79.90795,40.388073],[-79.908808,40.387596],[-79.91059,40.389592],[-79.912016,40.389779],[-79.913464,40.390137],[-79.917866,40.388033]]]}},{"type":"Feature","properties":{"geoid":"42003562500","name":"Census Tract 5625","land_m2":2020589.0},"geometry":{"type":"Polygon","coordinates":[[[-80.075437,40.462672],[-80.074392,40.461875],[-80.073878,40.461558],[-80.073263,40.461316],[-80.06996,40.460474],[-80.069464,40.460423],[-80.068986,40.460446],[-80.064987,40.459152],[-80.064934,40.459648],[-80.065006,40.459754],[-80.064818,40.459847],[-80.065203,40.460466],[-80.062821,40.461189],[-80.062461,40.460435],[-80.062591,40.460452],[-80.062761,40.460001],[-80.062547,40.45958],[-80.062326,40.459465],[-80.062077,40.458689],[-80.062165,40.458348],[-80.062091,40.458275],[-80.06193,40.45833],[-80.061892,40.457943],[-80.06162,40.45757],[-80.061071,40.457037],[-80.061307,40.456832],[-80.062073,40.456351],[-80.061101,40.455433],[-80.060258,40.45595],[-80.059638,40.455366],[-80.059341,40.455613],[-80.059557,40.454932],[-80.05826,40.454707],[-80.05838,40.454294],[-80.055744,40.453853],[-80.054579,40.453285],[-80.054523,40.452605],[-80.054028,40.452536],[-80.053165,40.452329],[-80.052648,40.452134],[-80.051719,40.451676],[-80.051109,40.451495],[-80.045281,40.450422],[-80.044629,40.450469],[-80.042311,40.451547],[-80.040948,40.452057],[-80.039388,40.452875],[-80.037568,40.454049],[-80.045952,40.460611],[-80.04709,40.461644],[-80.050418,40.464668],[-80.050366,40.465676],[-80.051178,40.465599],[-80.053635,40.464883],[-80.054179,40.464801],[-80.055039,40.464548],[-80.057795,40.463504],[-80.058134,40.463429],[-80.058485,40.463447],[-80.059433,40.463923],[-80.060108,40.464146],[-80.060835,40.464184],[-80.061935,40.463514],[-80.063398,40.462816],[-80.064003,40.462667],[-80.064496,40.462454],[-80.066904,40.461298],[-80.067756,40.461],[-80.068551,40.460787],[-80.06953,40.460827],[-80.07189,40.461252],[-80.072334,40.461374],[-80.074759,40.463612],[-80.074891,40.463685],[-80.075437,40.462672]]]}},{"type":"Feature","properties":{"geoid":"42003160800","name":"Census Tract 1608","land_m2":1032625.0},"geometry":{"type":"Polygon","coordinates":[[[-79.979624,40.421514],[-79.97987,40.421365],[-79.979609,40.42095],[-79.97951,40.421008],[-79.979479,40.420951],[-79.979172,40.421132],[-79.979161,40.420216],[-79.97934,40.420099],[-79.979393,40.419916],[-79.979405,40.418495],[-79.979368,40.418031],[-79.976754,40.417751],[-79.976582,40.417682],[-79.976025,40.417165],[-79.975699,40.417128],[-79.970902,40.417649],[-79.970376,40.417633],[-79.967064,40.417184],[-79.966441,40.417208],[-79.965105,40.417431],[-79.964039,40.418266],[-79.963596,40.419024],[-79.96304,40.419286],[-79.962724,40.420099],[-79.962568,40.420188],[-79.962728,40.420321],[-79.961618,40.42124],[-79.961429,40.421121],[-79.961288,40.421257],[-79.964961,40.423733],[-79.965974,40.424134],[-79.966739,40.424269],[-79.972102,40.42488],[-79.976607,40.425126],[-79.976711,40.423956],[-79.97664,40.423537],[-79.977579,40.423746],[-79.977693,40.423827],[-79.977724,40.423183],[-79.97779,40.423004],[-79.978372,40.422256],[-79.979624,40.421514]]]}},{"type":"Feature","properties":{"geoid":"42003160900","name":"Census Tract 1609","land_m2":1246734.0},"geometry":{"type":"Polygon","coordinates":[[[-79.976597,40.425199],[-79.976607,40.425126],[-79.972102,40.42488],[-79.966739,40.424269],[-79.965974,40.424134],[-79.964961,40.423733],[-79.959626,40.420142],[-79.958163,40.419221],[-79.957899,40.419006],[-79.957386,40.418443],[-79.956414,40.417],[-79.955901,40.415388],[-79.955754,40.414277],[-79.955836,40.410947],[-79.955252,40.411062],[-79.955098,40.410546],[-79.952955,40.410659],[-79.953093,40.411183],[-79.952317,40.411237],[-79.954573,40.420769],[-79.955973,40.424569],[-79.960296,40.428635],[-79.973502,40.433877],[-79.973793,40.432272],[-79.973823,40.431539],[-79.973779,40.431175],[-79.974343,40.431301],[-79.975817,40.431756],[-79.975995,40.430469],[-79.976031,40.4303],[-79.976094,40.430253],[-79.976597,40.425199]]]}},{"type":"Feature","properties":{"geoid":"42003482500","name":"Census Tract 4825","land_m2":2387455.0},"geometry":{"type":"Polygon","coordinates":[[[-79.933008,40.397631],[-79.932678,40.394812],[-79.932357,40.391499],[-79.929701,40.389745],[-79.929619,40.389731],[-79.918244,40.399306],[-79.916598,40.398607],[-79.9164,40.398784],[-79.913306,40.396972],[-79.916912,40.393921],[-79.9149,40.39339],[-79.91637,40.391363],[-79.916688,40.391502],[-79.917091,40.390913],[-79.916785,40.390778],[-79.918466,40.388475],[-79.917866,40.388033],[-79.913464,40.390137],[-79.912016,40.389779],[-79.91059,40.389592],[-79.908808,40.387596],[-79.907867,40.38809],[-79.908205,40.389346],[-79.907633,40.389176],[-79.905311,40.393161],[-79.902984,40.394885],[-79.904635,40.396117],[-79.905664,40.395989],[-79.906054,40.396025],[-79.906359,40.396155],[-79.907443,40.396823],[-79.906617,40.398318],[-79.906322,40.398573],[-79.906473,40.398796],[-79.906755,40.399068],[-79.907373,40.399583],[-79.90776,40.399039],[-79.908768,40.399853],[-79.909688,40.399138],[-79.911461,40.398917],[-79.912169,40.399436],[-79.912023,40.399549],[-79.914349,40.400303],[-79.915592,40.40095],[-79.913649,40.402334],[-79.911643,40.403093],[-79.913335,40.405245],[-79.915384,40.406632],[-79.918462,40.408964],[-79.9196,40.409766],[-79.921198,40.408216],[-79.924057,40.404487],[-79.925532,40.402884],[-79.927225,40.400926],[-79.929157,40.399256],[-79.931565,40.39816],[-79.933008,40.397631]]]}},{"type":"Feature","properties":{"geoid":"42003561500","name":"Census Tract 5615","land_m2":1279790.0},"geometry":{"type":"Polygon","coordinates":[[[-79.877488,40.441751],[-79.877717,40.441348],[-79.8768,40.441008],[-79.876638,40.440842],[-79.87628,40.439757],[-79.875861,40.439322],[-79.875158,40.438926],[-79.874041,40.437985],[-79.873513,40.437085],[-79.872539,40.436173],[-79.871502,40.435648],[-79.87108,40.43551],[-79.868532,40.434384],[-79.866176,40.433248],[-79.865552,40.432888],[-79.861498,40.438222],[-79.865108,40.437452],[-79.862838,40.438659],[-79.861605,40.439392],[-79.862095,40.44153],[-79.857886,40.442868],[-79.858501,40.445163],[-79.858785,40.445129],[-79.862302,40.444566],[-79.865668,40.443666],[-79.866438,40.44332],[-79.867808,40.442557],[-79.871751,40.440658],[-79.871622,40.441521],[-79.871175,40.442397],[-79.870987,40.442901],[-79.870916,40.443315],[-79.870742,40.443571],[-79.870596,40.443675],[-79.868688,40.443928],[-79.868312,40.444092],[-79.868683,40.444848],[-79.869291,40.444488],[-79.871003,40.446027],[-79.872027,40.4468],[-79.873802,40.446136],[-79.875266,40.445748],[-79.877488,40.441751]]]}},{"type":"Feature","properties":{"geoid":"42003475101","name":"Census Tract 4751.01","land_m2":3134673.0},"geometry":{"type":"Polygon","coordinates":[[[-80.05463,40.34665],[-80.053999,40.345698],[-80.053801,40.345203],[-80.052298,40.340452],[-80.051637,40.338976],[-80.051406,40.3383],[-80.051172,40.337409],[-80.051146,40.337099],[-80.05118,40.335201],[-80.050684,40.33535],[-80.048796,40.336254],[-80.046713,40.33694],[-80.046458,40.337095],[-80.046248,40.337316],[-80.045762,40.338134],[-80.045499,40.338346],[-80.041796,40.340576],[-80.039592,40.341704],[-80.038324,40.342211],[-80.035105,40.342983],[-80.030715,40.344845],[-80.030306,40.34499],[-80.029686,40.34511],[-80.029777,40.34552],[-80.029673,40.345731],[-80.029586,40.345811],[-80.028973,40.34587],[-80.028907,40.346132],[-80.028817,40.3462],[-80.027308,40.345993],[-80.027232,40.346511],[-80.026962,40.347477],[-80.02673,40.347831],[-80.026631,40.347911],[-80.026123,40.348106],[-80.024519,40.348404],[-80.024102,40.348534],[-80.023866,40.348677],[-80.023703,40.348839],[-80.023518,40.349129],[-80.023192,40.349856],[-80.023059,40.350372],[-80.023061,40.350731],[-80.023174,40.35101],[-80.023467,40.35131],[-80.02592,40.352658],[-80.027127,40.353474],[-80.027249,40.353657],[-80.02816,40.355625],[-80.028218,40.355858],[-80.031562,40.355342],[-80.033428,40.355139],[-80.03377,40.354447],[-80.03788,40.353616],[-80.039688,40.351783],[-80.041927,40.352867],[-80.052877,40.350735],[-80.053576,40.348997],[-80.05463,40.34665]]]}},{"type":"Feature","properties":{"geoid":"42003190300","name":"Census Tract 1903","land_m2":788802.0},"geometry":{"type":"Polygon","coordinates":[[[-80.020605,40.426265],[-80.020617,40.426182],[-80.019931,40.425819],[-80.019058,40.426001],[-80.018175,40.426311],[-80.017408,40.426762],[-80.017029,40.427081],[-80.015082,40.429125],[-80.013613,40.43027],[-80.012763,40.430523],[-80.010716,40.430895],[-80.010475,40.431469],[-80.009903,40.43334],[-80.005939,40.431186],[-80.005922,40.43115],[-80.006472,40.430514],[-80.005843,40.430747],[-80.005571,40.430751],[-80.005344,40.430695],[-80.004097,40.430116],[-80.003047,40.430302],[-80.00271,40.430533],[-80.00561,40.431716],[-80.005805,40.432073],[-80.011607,40.435756],[-80.012582,40.4361],[-80.013614,40.436995],[-80.013443,40.43719],[-80.013584,40.437277],[-80.013822,40.437589],[-80.015367,40.437677],[-80.016393,40.438128],[-80.016477,40.43922],[-80.017728,40.439736],[-80.018925,40.438141],[-80.018226,40.437776],[-80.018583,40.437365],[-80.018826,40.43637],[-80.018287,40.436286],[-80.019019,40.435397],[-80.019173,40.434982],[-80.017975,40.434803],[-80.020605,40.426265]]]}},{"type":"Feature","properties":{"geoid":"42003562000","name":"Census Tract 5620","land_m2":586698.0},"geometry":{"type":"Polygon","coordinates":[[[-79.959984,40.44421],[-79.959916,40.444129],[-79.959787,40.444115],[-79.958541,40.445013],[-79.957435,40.445661],[-79.956964,40.445808],[-79.956701,40.445966],[-79.95638,40.445703],[-79.950738,40.4498],[-79.948751,40.450392],[-79.949674,40.4525],[-79.949775,40.453114],[-79.951001,40.455925],[-79.95148,40.457344],[-79.952534,40.4575],[-79.952991,40.457629],[-79.953749,40.458025],[-79.954265,40.458487],[-79.955476,40.459914],[-79.955936,40.460303],[-79.957059,40.459061],[-79.957202,40.458821],[-79.95722,40.458654],[-79.955947,40.458204],[-79.95579,40.458077],[-79.955274,40.4573],[-79.955279,40.457154],[-79.955109,40.456743],[-79.954403,40.454049],[-79.954131,40.453481],[-79.954071,40.453098],[-79.954904,40.450976],[-79.955479,40.450518],[-79.958474,40.448449],[-79.958647,40.448238],[-79.958811,40.447975],[-79.958912,40.447575],[-79.959016,40.446175],[-79.95908,40.445916],[-79.959551,40.444801],[-79.959707,40.444518],[-79.959957,40.444286],[-79.959984,40.44421]]]}},{"type":"Feature","properties":{"geoid":"42003450700","name":"Census Tract 4507","land_m2":2076919.0},"geometry":{"type":"Polygon","coordinates":[[[-80.172355,40.510854],[-80.172226,40.510792],[-80.172183,40.51086],[-80.164127,40.507464],[-80.164005,40.507604],[-80.161124,40.506225],[-80.150301,40.503551],[-80.148726,40.504879],[-80.148442,40.505194],[-80.147904,40.505663],[-80.147367,40.506021],[-80.146286,40.506889],[-80.146586,40.507255],[-80.146755,40.507813],[-80.14729,40.508302],[-80.147594,40.508462],[-80.148568,40.508696],[-80.148747,40.508885],[-80.148736,40.509228],[-80.148386,40.510051],[-80.148303,40.510307],[-80.14831,40.510491],[-80.148905,40.510813],[-80.149206,40.511096],[-80.149306,40.511348],[-80.149028,40.512252],[-80.149019,40.512656],[-80.149053,40.512962],[-80.149204,40.513319],[-80.149613,40.514091],[-80.149803,40.514325],[-80.149798,40.514518],[-80.149637,40.514918],[-80.152402,40.516161],[-80.153246,40.516702],[-80.154309,40.517278],[-80.155046,40.51677],[-80.155668,40.516072],[-80.15667,40.514603],[-80.166795,40.518407],[-80.16895,40.515427],[-80.16954,40.515096],[-80.17051,40.514376],[-80.171595,40.513352],[-80.172173,40.512032],[-80.171948,40.511419],[-80.172355,40.510854]]]}},{"type":"Feature","properties":{"geoid":"42003450800","name":"Census Tract 4508","land_m2":1367943.0},"geometry":{"type":"Polygon","coordinates":[[[-80.178128,40.517856],[-80.176271,40.517581],[-80.173444,40.511915],[-80.174375,40.510525],[-80.173026,40.509978],[-80.173091,40.509912],[-80.172317,40.509589],[-80.172077,40.509946],[-80.171566,40.509748],[-80.1718,40.510366],[-80.171898,40.510513],[-80.172052,40.510669],[-80.172355,40.510854],[-80.171948,40.511419],[-80.172173,40.512032],[-80.171595,40.513352],[-80.17051,40.514376],[-80.16954,40.515096],[-80.16895,40.515427],[-80.166795,40.518407],[-80.15667,40.514603],[-80.155668,40.516072],[-80.155046,40.51677],[-80.154309,40.517278],[-80.156194,40.518703],[-80.157521,40.519588],[-80.159474,40.521037],[-80.160422,40.522467],[-80.16148,40.523803],[-80.164125,40.524894],[-80.167622,40.52623],[-80.171257,40.527397],[-80.174255,40.523141],[-80.175169,40.521914],[-80.175758,40.521212],[-80.178128,40.517856]]]}},{"type":"Feature","properties":{"geoid":"42003453004","name":"Census Tract 4530.04","land_m2":7432588.0},"geometry":{"type":"Polygon","coordinates":[[[-80.233599,40.454662],[-80.232851,40.454539],[-80.231642,40.454546],[-80.231342,40.453316],[-80.231344,40.452828],[-80.231276,40.452641],[-80.230205,40.451708],[-80.22993,40.451639],[-80.228945,40.451572],[-80.228741,40.45143],[-80.228538,40.448457],[-80.228594,40.4482],[-80.229109,40.446949],[-80.229366,40.446187],[-80.229417,40.445273],[-80.229331,40.444995],[-80.229156,40.444777],[-80.227631,40.443776],[-80.227362,40.44338],[-80.227309,40.443124],[-80.227237,40.440876],[-80.227351,40.440081],[-80.223481,40.440022],[-80.222516,40.439952],[-80.216015,40.439172],[-80.211667,40.439166],[-80.211202,40.439256],[-80.210776,40.439418],[-80.209694,40.440207],[-80.209295,40.440415],[-80.208643,40.440659],[-80.20308,40.441762],[-80.201792,40.441846],[-80.198577,40.441744],[-80.197618,40.441675],[-80.194986,40.441339],[-80.194544,40.441323],[-80.193661,40.441435],[-80.192605,40.441793],[-80.191962,40.441915],[-80.191301,40.441919],[-80.190212,40.441763],[-80.189334,40.441815],[-80.188708,40.441983],[-80.184635,40.443436],[-80.183825,40.443657],[-80.183114,40.443764],[-80.17994,40.444066],[-80.179154,40.44409],[-80.178583,40.444039],[-80.176955,40.444724],[-80.174972,40.445419],[-80.174294,40.44562],[-80.172038,40.44614],[-80.17202,40.446201],[-80.172102,40.447763],[-80.172286,40.458288],[-80.172509,40.45818],[-80.172761,40.457627],[-80.174042,40.456962],[-80.174397,40.456885],[-80.174631,40.45708],[-80.175075,40.457064],[-80.175409,40.456906],[-80.175805,40.456553],[-80.17612,40.456467],[-80.176737,40.456408],[-80.176961,40.456324],[-80.177325,40.456152],[-80.177557,40.455824],[-80.177673,40.455731],[-80.178317,40.455554],[-80.178648,40.455585],[-80.179369,40.455805],[-80.180828,40.456099],[-80.181217,40.456233],[-80.181721,40.456245],[-80.182372,40.456402],[-80.182459,40.456311],[-80.182481,40.456143],[-80.182621,40.456036],[-80.183031,40.455926],[-80.183373,40.455911],[-80.18351,40.456003],[-80.183549,40.45616],[-80.184318,40.456662],[-80.185609,40.45682],[-80.185918,40.457088],[-80.186403,40.457815],[-80.186976,40.457626],[-80.187299,40.457604],[-80.187791,40.457686],[-80.187985,40.457781],[-80.188262,40.457762],[-80.188366,40.457844],[-80.188957,40.457604],[-80.189236,40.457429],[-80.190312,40.456516],[-80.190483,40.456459],[-80.190954,40.456524],[-80.191316,40.456494],[-80.192562,40.455802],[-80.19287,40.455422],[-80.193165,40.455169],[-80.193309,40.455133],[-80.193374,40.455062],[-80.193555,40.45456],[-80.193928,40.454527],[-80.194066,40.454442],[-80.194136,40.454322],[-80.194233,40.454284],[-80.194708,40.454346],[-80.195246,40.454338],[-80.195353,40.454298],[-80.195494,40.453947],[-80.195924,40.453973],[-80.196131,40.453921],[-80.1965,40.453534],[-80.197219,40.45335],[-80.197679,40.453119],[-80.197938,40.452936],[-80.198419,40.452456],[-80.198502,40.452342],[-80.198454,40.452057],[-80.198681,40.451776],[-80.198908,40.451573],[-80.199298,40.451329],[-80.199939,40.451368],[-80.200852,40.451148],[-80.201798,40.450995],[-80.201925,40.451135],[-80.20204,40.451153],[-80.202248,40.451085],[-80.202194,40.450991],[-80.20224,40.450883],[-80.202544,40.450849],[-80.202785,40.450945],[-80.202807,40.45101],[-80.202738,40.451194],[-80.202792,40.451263],[-80.203009,40.451312],[-80.203494,40.451256],[-80.203673,40.451317],[-80.204358,40.451705],[-80.205875,40.452894],[-80.206706,40.453394],[-80.208449,40.453778],[-80.20868,40.453778],[-80.208746,40.453701],[-80.208722,40.453551],[-80.208451,40.453474],[-80.208204,40.453196],[-80.208164,40.453055],[-80.208183,40.452978],[-80.208256,40.452948],[-80.208673,40.452911],[-80.209389,40.453108],[-80.210158,40.453404],[-80.211785,40.453707],[-80.211997,40.454029],[-80.212242,40.454244],[-80.212826,40.455049],[-80.213263,40.456128],[-80.213474,40.457578],[-80.214029,40.458055],[-80.214259,40.458136],[-80.214374,40.458103],[-80.214457,40.457814],[-80.214804,40.457488],[-80.214993,40.457205],[-80.215084,40.456888],[-80.215228,40.456726],[-80.215955,40.456791],[-80.216208,40.456719],[-80.21641,40.456608],[-80.216586,40.456301],[-80.216804,40.456216],[-80.216999,40.45624],[-80.217092,40.456319],[-80.21699,40.456683],[-80.217046,40.456863],[-80.217674,40.4574],[-80.2183,40.457533],[-80.218763,40.45789],[-80.219058,40.458015],[-80.219266,40.457917],[-80.219413,40.457907],[-80.219616,40.458103],[-80.220035,40.458292],[-80.220606,40.458361],[-80.221031,40.458311],[-80.22127,40.458182],[-80.221327,40.458021],[-80.221331,40.457885],[-80.221151,40.457388],[-80.221124,40.457157],[-80.221225,40.45682],[-80.221225,40.456248],[-80.221303,40.455897],[-80.221455,40.455741],[-80.221833,40.455601],[-80.221942,40.455402],[-80.22239,40.455116],[-80.223111,40.454855],[-80.223577,40.454805],[-80.223941,40.454859],[-80.224099,40.455089],[-80.224527,40.455423],[-80.224638,40.455571],[-80.224615,40.456392],[-80.224375,40.456628],[-80.224261,40.457121],[-80.224233,40.457839],[-80.224427,40.458312],[-80.224844,40.458465],[-80.225618,40.458534],[-80.225899,40.458518],[-80.226379,40.458384],[-80.226881,40.458348],[-80.227178,40.458196],[-80.22789,40.457605],[-80.228297,40.457445],[-80.228522,40.457293],[-80.228896,40.456921],[-80.229073,40.456856],[-80.229147,40.456763],[-80.229481,40.456576],[-80.229713,40.456177],[-80.230001,40.455905],[-80.230282,40.455476],[-80.230487,40.455308],[-80.230745,40.455192],[-80.232327,40.454801],[-80.232615,40.454679],[-80.2328,40.454704],[-80.232955,40.455035],[-80.233599,40.454662]]]}},{"type":"Feature","properties":{"geoid":"42003470502","name":"Census Tract 4705.02","land_m2":1863363.0},"geometry":{"type":"Polygon","coordinates":[[[-80.080984,40.412796],[-80.078833,40.411351],[-80.078901,40.411303],[-80.07679,40.409941],[-80.076816,40.40992],[-80.073282,40.407789],[-80.072044,40.407185],[-80.070257,40.406397],[-80.069057,40.404612],[-80.06875,40.403725],[-80.068281,40.402859],[-80.068241,40.402673],[-80.067864,40.402077],[-80.067424,40.400977],[-80.068444,40.399935],[-80.068615,40.399648],[-80.069667,40.398562],[-80.074259,40.399181],[-80.074296,40.399132],[-80.07527,40.398992],[-80.075783,40.398815],[-80.076325,40.398456],[-80.076722,40.398061],[-80.076923,40.397789],[-80.077117,40.39739],[-80.077169,40.397143],[-80.077153,40.396556],[-80.07618,40.393218],[-80.075951,40.392627],[-80.075749,40.392312],[-80.075466,40.392012],[-80.075133,40.391757],[-80.074157,40.39119],[-80.073981,40.390927],[-80.073805,40.390784],[-80.071545,40.391535],[-80.068864,40.391931],[-80.067857,40.392176],[-80.067335,40.392435],[-80.066443,40.393013],[-80.065692,40.393257],[-80.066258,40.394639],[-80.066326,40.394925],[-80.066339,40.395354],[-80.065486,40.398779],[-80.065097,40.399544],[-80.064859,40.399863],[-80.064275,40.400449],[-80.062582,40.401791],[-80.061873,40.40229],[-80.061482,40.402504],[-80.060488,40.402872],[-80.056653,40.40388],[-80.056021,40.404201],[-80.066679,40.409064],[-80.07022,40.410785],[-80.074716,40.412865],[-80.074714,40.413042],[-80.074225,40.413152],[-80.073862,40.413399],[-80.075039,40.414256],[-80.075133,40.41419],[-80.075831,40.41472],[-80.075921,40.414651],[-80.076672,40.415233],[-80.076765,40.415165],[-80.07715,40.415441],[-80.077353,40.415262],[-80.078659,40.416462],[-80.079297,40.416091],[-80.07947,40.415851],[-80.079614,40.415473],[-80.07964,40.415172],[-80.079587,40.414981],[-80.079032,40.41413],[-80.078954,40.413855],[-80.079056,40.413578],[-80.079305,40.413347],[-80.080529,40.412909],[-80.080984,40.412796]]]}},{"type":"Feature","properties":{"geoid":"42003564500","name":"Census Tract 5645","land_m2":16448225.0},"geometry":{"type":"Polygon","coordinates":[[[-79.969113,40.268637],[-79.914461,40.252443],[-79.913225,40.254485],[-79.912083,40.256019],[-79.911444,40.256757],[-79.909652,40.25846],[-79.908773,40.259137],[-79.906927,40.260423],[-79.906027,40.260981],[-79.903453,40.262426],[-79.902754,40.262914],[-79.901136,40.264114],[-79.89995,40.265138],[-79.898695,40.266077],[-79.897632,40.266973],[-79.894969,40.268923],[-79.892822,40.270782],[-79.891425,40.271905],[-79.888966,40.274045],[-79.888156,40.274933],[-79.887081,40.275929],[-79.886391,40.276822],[-79.885349,40.277823],[-79.884189,40.278682],[-79.882952,40.279284],[-79.880538,40.280631],[-79.878351,40.282248],[-79.876612,40.283371],[-79.876178,40.283596],[-79.878312,40.285029],[-79.880129,40.285376],[-79.882034,40.283411],[-79.88356,40.28297],[-79.888347,40.283189],[-79.892702,40.28091],[-79.897918,40.281],[-79.900475,40.283211],[-79.900212,40.288046],[-79.900074,40.289269],[-79.899901,40.291801],[-79.900139,40.293801],[-79.900669,40.293816],[-79.902845,40.293616],[-79.903004,40.293666],[-79.903818,40.294264],[-79.904221,40.294448],[-79.906319,40.294651],[-79.907383,40.294546],[-79.908064,40.294615],[-79.908227,40.294573],[-79.908401,40.294448],[-79.909395,40.292828],[-79.910861,40.291427],[-79.911341,40.291093],[-79.911809,40.290906],[-79.912456,40.290779],[-79.912911,40.290745],[-79.912887,40.290961],[-79.912972,40.290997],[-79.913193,40.290979],[-79.913717,40.291241],[-79.914283,40.29142],[-79.921876,40.289575],[-79.922535,40.289204],[-79.922903,40.288873],[-79.923158,40.288398],[-79.923345,40.287555],[-79.92389,40.286171],[-79.924186,40.285829],[-79.924771,40.2855],[-79.925325,40.285295],[-79.934833,40.284237],[-79.935578,40.283986],[-79.935892,40.28379],[-79.936197,40.283505],[-79.936343,40.283275],[-79.936465,40.28287],[-79.936436,40.282417],[-79.93607,40.280804],[-79.936049,40.280492],[-79.93612,40.280178],[-79.936341,40.279788],[-79.936581,40.27954],[-79.936945,40.279295],[-79.93737,40.279122],[-79.937997,40.279029],[-79.940263,40.279097],[-79.942134,40.278996],[-79.942636,40.279027],[-79.943026,40.279127],[-79.943619,40.279482],[-79.944595,40.280554],[-79.945473,40.28163],[-79.945685,40.281801],[-79.945928,40.281977],[-79.946412,40.282195],[-79.946968,40.282294],[-79.9475,40.282269],[-79.94838,40.282039],[-79.949518,40.281021],[-79.950258,40.280526],[-79.951485,40.280075],[-79.956135,40.279282],[-79.956922,40.279185],[-79.957389,40.279179],[-79.959829,40.279486],[-79.956147,40.278035],[-79.963093,40.272761],[-79.969113,40.268637]]]}},{"type":"Feature","properties":{"geoid":"42003564400","name":"Census Tract 5644","land_m2":13634064.0},"geometry":{"type":"Polygon","coordinates":[[[-79.828063,40.361207],[-79.828108,40.361183],[-79.821524,40.361086],[-79.813463,40.360681],[-79.812612,40.360997],[-79.801629,40.360292],[-79.79601,40.360217],[-79.785842,40.359896],[-79.774412,40.359673],[-79.773599,40.36362],[-79.773247,40.365014],[-79.771082,40.375419],[-79.768153,40.380382],[-79.767296,40.382129],[-79.76561,40.384471],[-79.765541,40.38418],[-79.765315,40.383927],[-79.765102,40.383804],[-79.7649,40.383769],[-79.764678,40.383798],[-79.764392,40.383989],[-79.763958,40.384917],[-79.7637,40.385265],[-79.763626,40.385456],[-79.763604,40.385582],[-79.763898,40.386454],[-79.764322,40.386512],[-79.764629,40.386618],[-79.764939,40.38721],[-79.765426,40.385311],[-79.768172,40.386566],[-79.768535,40.387087],[-79.769178,40.388281],[-79.771958,40.392287],[-79.774853,40.396732],[-79.776334,40.3983],[-79.777091,40.398873],[-79.77853,40.39897],[-79.778967,40.398939],[-79.779239,40.398648],[-79.780708,40.397629],[-79.781527,40.396865],[-79.783037,40.396437],[-79.784001,40.396326],[-79.784793,40.396497],[-79.786481,40.396563],[-79.787196,40.396455],[-79.787446,40.396474],[-79.788285,40.39634],[-79.788539,40.396479],[-79.788544,40.396646],[-79.788398,40.396982],[-79.788344,40.39727],[-79.788517,40.397816],[-79.788861,40.397952],[-79.789237,40.397875],[-79.789757,40.397531],[-79.790157,40.397357],[-79.790658,40.397396],[-79.790853,40.397631],[-79.792032,40.397859],[-79.79303,40.397298],[-79.793191,40.396454],[-79.793515,40.395801],[-79.794248,40.395257],[-79.796484,40.394312],[-79.797249,40.394074],[-79.798513,40.393942],[-79.800244,40.393963],[-79.801448,40.394117],[-79.802554,40.39413],[-79.803163,40.394209],[-79.80346,40.394175],[-79.804549,40.394223],[-79.804912,40.394077],[-79.804967,40.393741],[-79.803643,40.392604],[-79.802594,40.391419],[-79.798472,40.390628],[-79.798097,40.389668],[-79.798323,40.389068],[-79.798595,40.388128],[-79.799107,40.387739],[-79.799123,40.387452],[-79.799709,40.387008],[-79.798438,40.386451],[-79.799891,40.386045],[-79.800589,40.385976],[-79.801511,40.385444],[-79.802352,40.385213],[-79.802752,40.384791],[-79.80323,40.384443],[-79.803699,40.384289],[-79.804282,40.384302],[-79.805207,40.383758],[-79.80531,40.383565],[-79.80572,40.383233],[-79.806111,40.383058],[-79.805625,40.382407],[-79.805525,40.382458],[-79.804978,40.381874],[-79.805665,40.381484],[-79.807011,40.379364],[-79.810561,40.38066],[-79.811231,40.37908],[-79.812738,40.379491],[-79.814036,40.376715],[-79.814884,40.372774],[-79.81502,40.370575],[-79.81523,40.369877],[-79.815573,40.369293],[-79.815972,40.368857],[-79.816436,40.368474],[-79.817208,40.368028],[-79.818981,40.367256],[-79.821753,40.366294],[-79.822903,40.365667],[-79.823704,40.365016],[-79.825526,40.362885],[-79.826025,40.362394],[-79.826927,40.361795],[-79.828063,40.361207]]]}},{"type":"Feature","properties":{"geoid":"42003563900","name":"Census Tract 5639","land_m2":1894346.0},"geometry":{"type":"Polygon","coordinates":[[[-79.852393,40.417104],[-79.852614,40.416783],[-79.851126,40.416085],[-79.850594,40.415774],[-79.849896,40.415543],[-79.849997,40.415324],[-79.849915,40.414612],[-79.850681,40.414324],[-79.849868,40.413917],[-79.849067,40.411729],[-79.846062,40.412007],[-79.845279,40.41161],[-79.845292,40.412076],[-79.844219,40.412245],[-79.843836,40.409651],[-79.84319,40.409186],[-79.843126,40.409233],[-79.842639,40.408861],[-79.83897,40.405792],[-79.833961,40.409459],[-79.834423,40.410388],[-79.834646,40.410596],[-79.834724,40.410837],[-79.835227,40.411247],[-79.837012,40.412945],[-79.837282,40.413309],[-79.838377,40.415077],[-79.838974,40.414873],[-79.83871,40.415236],[-79.838541,40.415332],[-79.8392,40.416477],[-79.840055,40.416175],[-79.840088,40.416208],[-79.840525,40.416917],[-79.839645,40.417224],[-79.84066,40.418914],[-79.841288,40.41865],[-79.841521,40.419014],[-79.840898,40.41931],[-79.841449,40.42017],[-79.842802,40.421791],[-79.843017,40.422108],[-79.843593,40.424496],[-79.844051,40.4251],[-79.84852,40.430079],[-79.848742,40.430393],[-79.848868,40.430708],[-79.84887,40.431057],[-79.848693,40.431759],[-79.848349,40.432812],[-79.848294,40.433164],[-79.848317,40.433402],[-79.848451,40.433598],[-79.848793,40.433402],[-79.849771,40.432482],[-79.850398,40.432093],[-79.85152,40.431501],[-79.851635,40.431344],[-79.8517,40.431105],[-79.851867,40.430381],[-79.851887,40.430102],[-79.850242,40.424649],[-79.849547,40.423305],[-79.849524,40.422932],[-79.849771,40.422322],[-79.850023,40.421168],[-79.850153,40.42101],[-79.850845,40.420436],[-79.850282,40.420026],[-79.85003,40.419786],[-79.850542,40.419474],[-79.850611,40.419344],[-79.850612,40.419231],[-79.85117,40.418368],[-79.852248,40.416996],[-79.852393,40.417104]]]}},{"type":"Feature","properties":{"geoid":"42003563100","name":"Census Tract 5631","land_m2":2714772.0},"geometry":{"type":"Polygon","coordinates":[[[-80.059089,40.429461],[-80.059154,40.429331],[-80.058262,40.42902],[-80.056073,40.428112],[-80.054016,40.427991],[-80.05146,40.427138],[-80.050568,40.427071],[-80.04946,40.426812],[-80.048611,40.426338],[-80.047803,40.425735],[-80.047381,40.425957],[-80.047396,40.42701],[-80.046592,40.427031],[-80.046809,40.427372],[-80.046643,40.42942],[-80.044628,40.429062],[-80.043289,40.428193],[-80.042705,40.428674],[-80.04315,40.428044],[-80.042491,40.428618],[-80.04169,40.428987],[-80.040698,40.428683],[-80.038371,40.427846],[-80.037463,40.428545],[-80.034827,40.428358],[-80.037394,40.424267],[-80.038517,40.422351],[-80.039617,40.42067],[-80.035944,40.420129],[-80.03501,40.42004],[-80.03431,40.420029],[-80.033332,40.420166],[-80.032535,40.420423],[-80.031872,40.420788],[-80.031336,40.42126],[-80.030904,40.421811],[-80.030645,40.422476],[-80.030564,40.423128],[-80.030598,40.423663],[-80.030916,40.424915],[-80.031019,40.425612],[-80.031012,40.426428],[-80.030893,40.426965],[-80.030484,40.427897],[-80.030109,40.428464],[-80.029697,40.428926],[-80.028838,40.429629],[-80.028034,40.430076],[-80.028443,40.430318],[-80.029049,40.430578],[-80.032141,40.432532],[-80.034588,40.433735],[-80.035234,40.433894],[-80.036041,40.433914],[-80.037144,40.433807],[-80.03754,40.433734],[-80.037841,40.433608],[-80.037637,40.434111],[-80.037206,40.43453],[-80.037057,40.434597],[-80.036498,40.4347],[-80.035836,40.434692],[-80.036767,40.435081],[-80.036681,40.435394],[-80.037831,40.43566],[-80.038843,40.436002],[-80.038625,40.436407],[-80.039128,40.436629],[-80.039603,40.437026],[-80.039993,40.437135],[-80.041273,40.437346],[-80.043169,40.437919],[-80.044243,40.438165],[-80.045088,40.43828],[-80.045956,40.438297],[-80.046559,40.438264],[-80.047753,40.438098],[-80.04887,40.43815],[-80.049215,40.438121],[-80.049465,40.438075],[-80.050552,40.437591],[-80.050944,40.437504],[-80.052357,40.437572],[-80.053377,40.437947],[-80.054224,40.437924],[-80.05712,40.437623],[-80.059123,40.437135],[-80.058521,40.436752],[-80.057963,40.436473],[-80.057918,40.436399],[-80.057988,40.436353],[-80.058103,40.435215],[-80.058025,40.434508],[-80.057565,40.434515],[-80.057285,40.431572],[-80.05752,40.431282],[-80.057907,40.431459],[-80.059089,40.429461]]]}},{"type":"Feature","properties":{"geoid":"42003562400","name":"Census Tract 5624","land_m2":1891449.0},"geometry":{"type":"Polygon","coordinates":[[[-80.011324,40.415164],[-80.011361,40.415068],[-80.009563,40.414023],[-80.00997,40.413079],[-80.008954,40.412498],[-80.008429,40.411956],[-80.00823,40.411637],[-80.007815,40.410655],[-80.007279,40.410057],[-80.006318,40.409539],[-80.005984,40.409278],[-80.005655,40.408718],[-80.005626,40.408256],[-80.005767,40.407095],[-80.005572,40.406496],[-80.00517,40.406017],[-80.003262,40.404642],[-80.002656,40.404134],[-80.002291,40.40356],[-80.001778,40.402238],[-80.00161,40.401913],[-80.000308,40.402131],[-79.999526,40.402181],[-79.999419,40.401654],[-79.998976,40.401602],[-79.997085,40.401583],[-79.996769,40.401679],[-79.996486,40.401705],[-79.996584,40.404802],[-79.996774,40.407838],[-79.996743,40.408312],[-79.9968,40.409679],[-79.996947,40.411013],[-79.996797,40.411394],[-79.99695,40.412569],[-79.996988,40.413515],[-79.997058,40.413718],[-79.997093,40.414914],[-79.997063,40.415302],[-79.997149,40.415373],[-79.997184,40.415868],[-79.997401,40.421648],[-79.998253,40.421441],[-79.998462,40.421724],[-80.002467,40.421774],[-80.002368,40.421097],[-80.002486,40.421029],[-80.005682,40.420672],[-80.006389,40.420533],[-80.007677,40.420088],[-80.007761,40.419963],[-80.008391,40.419732],[-80.008549,40.419618],[-80.009339,40.418949],[-80.009868,40.418347],[-80.010714,40.417798],[-80.01072,40.417632],[-80.011228,40.417086],[-80.011025,40.415879],[-80.011097,40.415578],[-80.011324,40.415164]]]}},{"type":"Feature","properties":{"geoid":"42003562600","name":"Census Tract 5626","land_m2":2093529.0},"geometry":{"type":"Polygon","coordinates":[[[-80.047431,40.439983],[-80.0474,40.439678],[-80.047343,40.439602],[-80.04738,40.439581],[-80.047295,40.438153],[-80.046231,40.43829],[-80.044733,40.438248],[-80.043169,40.437919],[-80.040916,40.437262],[-80.039758,40.437089],[-80.039603,40.437026],[-80.039128,40.436629],[-80.038625,40.436407],[-80.038843,40.436002],[-80.037831,40.43566],[-80.036681,40.435394],[-80.036767,40.435081],[-80.035836,40.434692],[-80.036498,40.4347],[-80.037057,40.434597],[-80.037206,40.43453],[-80.037637,40.434111],[-80.037841,40.433608],[-80.03754,40.433734],[-80.037144,40.433807],[-80.036041,40.433914],[-80.035234,40.433894],[-80.034588,40.433735],[-80.032141,40.432532],[-80.029049,40.430578],[-80.028443,40.430318],[-80.028034,40.430076],[-80.026296,40.43101],[-80.026688,40.431307],[-80.027163,40.431777],[-80.028111,40.432957],[-80.028581,40.433379],[-80.029471,40.433914],[-80.029531,40.433837],[-80.030461,40.434353],[-80.032095,40.435292],[-80.032304,40.435461],[-80.032487,40.435638],[-80.032884,40.436207],[-80.032979,40.436439],[-80.033056,40.436885],[-80.032896,40.438992],[-80.032845,40.439201],[-80.032535,40.439795],[-80.030253,40.442144],[-80.030187,40.442075],[-80.029608,40.442635],[-80.029595,40.442808],[-80.0285,40.443943],[-80.028299,40.443979],[-80.02775,40.443935],[-80.02828,40.444256],[-80.028155,40.444291],[-80.02709,40.446199],[-80.028228,40.446664],[-80.037568,40.454049],[-80.039388,40.452875],[-80.040948,40.452057],[-80.042311,40.451547],[-80.044629,40.450469],[-80.045281,40.450422],[-80.045078,40.450153],[-80.044068,40.448004],[-80.044002,40.447758],[-80.04415,40.446898],[-80.044095,40.446474],[-80.043965,40.446143],[-80.043727,40.44589],[-80.043451,40.445738],[-80.043152,40.445653],[-80.04244,40.445572],[-80.042098,40.445449],[-80.04184,40.445273],[-80.041611,40.44497],[-80.042782,40.443994],[-80.043256,40.444318],[-80.045783,40.442333],[-80.045306,40.441949],[-80.045113,40.4421],[-80.045123,40.44195],[-80.045701,40.44076],[-80.045879,40.440568],[-80.04604,40.440473],[-80.047431,40.439983]]]}},{"type":"Feature","properties":{"geoid":"42003980100","name":"Census Tract 9801","land_m2":1448449.0},"geometry":{"type":"Polygon","coordinates":[[[-79.927336,40.480939],[-79.92734,40.480846],[-79.924608,40.479805],[-79.924041,40.480028],[-79.920295,40.478718],[-79.919679,40.4798],[-79.916175,40.47848],[-79.915936,40.478835],[-79.914976,40.478808],[-79.913879,40.478634],[-79.913341,40.478718],[-79.913109,40.478322],[-79.913117,40.478207],[-79.913536,40.477678],[-79.913755,40.477614],[-79.913868,40.477472],[-79.914305,40.475281],[-79.913319,40.475186],[-79.913235,40.475476],[-79.912348,40.475365],[-79.912393,40.47516],[-79.910815,40.475132],[-79.910822,40.47505],[-79.91165,40.470092],[-79.911786,40.469842],[-79.911959,40.469653],[-79.912385,40.469355],[-79.912744,40.469226],[-79.914839,40.468832],[-79.914682,40.468299],[-79.914605,40.46741],[-79.911707,40.468605],[-79.911133,40.4689],[-79.910349,40.469467],[-79.909546,40.470181],[-79.909237,40.470245],[-79.908622,40.470281],[-79.907835,40.479647],[-79.907845,40.480494],[-79.908044,40.481976],[-79.908067,40.482511],[-79.907929,40.48362],[-79.907571,40.483933],[-79.906918,40.483985],[-79.90653,40.483936],[-79.906375,40.484565],[-79.905354,40.486726],[-79.907474,40.487229],[-79.912483,40.488273],[-79.913254,40.486614],[-79.913345,40.486632],[-79.913332,40.486683],[-79.919368,40.488201],[-79.919639,40.487308],[-79.920248,40.487412],[-79.920473,40.487248],[-79.920526,40.487199],[-79.920445,40.486958],[-79.920458,40.486785],[-79.920603,40.486566],[-79.920798,40.486389],[-79.921778,40.485763],[-79.922352,40.48532],[-79.923283,40.484358],[-79.924225,40.483232],[-79.924152,40.483152],[-79.924815,40.481899],[-79.927163,40.481066],[-79.927333,40.480991],[-79.927336,40.480939]]]}},{"type":"Feature","properties":{"geoid":"42003981100","name":"Census Tract 9811","land_m2":875989.0},"geometry":{"type":"Polygon","coordinates":[[[-79.912982,40.438645],[-79.913083,40.438028],[-79.911381,40.43801],[-79.905345,40.438088],[-79.904815,40.438189],[-79.902184,40.439293],[-79.901852,40.439386],[-79.9014,40.439459],[-79.899485,40.439557],[-79.899485,40.43969],[-79.89958,40.43975],[-79.899681,40.440056],[-79.899879,40.440396],[-79.899924,40.44064],[-79.899879,40.440795],[-79.900251,40.440865],[-79.900286,40.440979],[-79.900036,40.441164],[-79.899777,40.441129],[-79.899735,40.441256],[-79.899505,40.441459],[-79.89938,40.441836],[-79.899329,40.442368],[-79.898743,40.443746],[-79.898771,40.443838],[-79.900134,40.444315],[-79.899555,40.445237],[-79.903112,40.446407],[-79.903227,40.446333],[-79.903365,40.446373],[-79.904109,40.445858],[-79.904431,40.445815],[-79.904786,40.445864],[-79.90528,40.445045],[-79.905196,40.445013],[-79.905877,40.44436],[-79.90873,40.444495],[-79.908191,40.44557],[-79.908444,40.445654],[-79.908285,40.44594],[-79.911435,40.446978],[-79.91165,40.446696],[-79.912982,40.438645]]]}},{"type":"Feature","properties":{"geoid":"42003562800","name":"Census Tract 5628","land_m2":1776466.0},"geometry":{"type":"Polygon","coordinates":[[[-80.085709,40.42297],[-80.085742,40.422792],[-80.085412,40.421243],[-80.084507,40.420522],[-80.082684,40.420101],[-80.081569,40.420213],[-80.079594,40.420038],[-80.076659,40.420559],[-80.075648,40.420827],[-80.075473,40.420834],[-80.075159,40.420758],[-80.074859,40.420602],[-80.074783,40.420408],[-80.074803,40.420124],[-80.075127,40.419476],[-80.07603,40.417947],[-80.076357,40.417603],[-80.077156,40.41709],[-80.078659,40.416462],[-80.077353,40.415262],[-80.07715,40.415441],[-80.076765,40.415165],[-80.076672,40.415233],[-80.075921,40.414651],[-80.075831,40.41472],[-80.075133,40.41419],[-80.075039,40.414256],[-80.073862,40.413399],[-80.072808,40.414242],[-80.072315,40.41489],[-80.071908,40.415617],[-80.071775,40.415724],[-80.071526,40.415814],[-80.070202,40.415851],[-80.068046,40.416003],[-80.067282,40.416221],[-80.06643,40.416776],[-80.066123,40.417228],[-80.066096,40.417499],[-80.066608,40.419384],[-80.066882,40.420621],[-80.067211,40.422458],[-80.067202,40.422776],[-80.067058,40.423056],[-80.065514,40.425117],[-80.064665,40.425714],[-80.064048,40.426226],[-80.063787,40.426363],[-80.063605,40.426382],[-80.057235,40.426439],[-80.056411,40.426705],[-80.05434,40.42754],[-80.054002,40.427719],[-80.053773,40.427938],[-80.054199,40.42802],[-80.056073,40.428112],[-80.058262,40.42902],[-80.059154,40.429331],[-80.059706,40.428351],[-80.059787,40.428283],[-80.060008,40.428299],[-80.062166,40.429049],[-80.063173,40.427866],[-80.064364,40.428758],[-80.065546,40.430349],[-80.066444,40.430544],[-80.068022,40.431191],[-80.06858,40.431358],[-80.069504,40.42993],[-80.070567,40.428629],[-80.072681,40.42659],[-80.073589,40.425636],[-80.073882,40.425463],[-80.075503,40.424982],[-80.080519,40.423723],[-80.083346,40.423726],[-80.083598,40.423791],[-80.085542,40.423842],[-80.085709,40.42297]]]}},{"type":"Feature","properties":{"geoid":"42003563000","name":"Census Tract 5630","land_m2":3938517.0},"geometry":{"type":"Polygon","coordinates":[[[-80.095319,40.457605],[-80.095262,40.457107],[-80.094552,40.453355],[-80.094654,40.45193],[-80.0945,40.451331],[-80.094041,40.450934],[-80.093599,40.450747],[-80.093256,40.450745],[-80.092572,40.450831],[-80.091719,40.451276],[-80.091513,40.451342],[-80.09112,40.451424],[-80.090713,40.451421],[-80.090238,40.45124],[-80.08994,40.451018],[-80.089517,40.450427],[-80.089534,40.449836],[-80.091024,40.44905],[-80.090273,40.447522],[-80.090108,40.446579],[-80.090399,40.44541],[-80.090165,40.444162],[-80.089237,40.443333],[-80.088103,40.442951],[-80.085574,40.442324],[-80.084914,40.442092],[-80.084068,40.441929],[-80.083575,40.441363],[-80.083241,40.440825],[-80.082883,40.440437],[-80.081809,40.440045],[-80.080749,40.439738],[-80.080511,40.440495],[-80.080234,40.440641],[-80.078118,40.441349],[-80.076352,40.441808],[-80.078505,40.446527],[-80.077629,40.446905],[-80.076948,40.44714],[-80.076352,40.447246],[-80.076534,40.448007],[-80.073149,40.448653],[-80.072945,40.448325],[-80.071587,40.448621],[-80.068359,40.447778],[-80.067221,40.448832],[-80.06714,40.44889],[-80.067042,40.44889],[-80.066682,40.44882],[-80.066194,40.449381],[-80.065347,40.448824],[-80.065347,40.448544],[-80.064288,40.448174],[-80.064323,40.447705],[-80.064007,40.447625],[-80.06363,40.447923],[-80.062611,40.447233],[-80.061901,40.447807],[-80.062095,40.44801],[-80.062276,40.448099],[-80.062764,40.448501],[-80.064296,40.449557],[-80.065401,40.450256],[-80.066203,40.450618],[-80.069439,40.451569],[-80.072157,40.453276],[-80.067008,40.455997],[-80.066949,40.456077],[-80.066913,40.456323],[-80.066962,40.456502],[-80.067093,40.456871],[-80.067343,40.457156],[-80.066901,40.457342],[-80.067217,40.457757],[-80.067455,40.457899],[-80.066966,40.459779],[-80.068986,40.460446],[-80.069464,40.460423],[-80.070503,40.460591],[-80.073263,40.461316],[-80.073878,40.461558],[-80.074392,40.461875],[-80.075437,40.462672],[-80.074891,40.463685],[-80.076265,40.464558],[-80.076498,40.464657],[-80.077343,40.464749],[-80.078059,40.464684],[-80.079397,40.463854],[-80.079934,40.463366],[-80.080249,40.46249],[-80.080524,40.461925],[-80.08089,40.461237],[-80.081188,40.460884],[-80.081453,40.460619],[-80.082273,40.459999],[-80.083157,40.459605],[-80.083702,40.459439],[-80.086118,40.459809],[-80.086782,40.459856],[-80.088024,40.459737],[-80.091864,40.459853],[-80.093457,40.459823],[-80.094611,40.459716],[-80.095033,40.45942],[-80.09523,40.459103],[-80.095319,40.457605]]]}},{"type":"Feature","properties":{"geoid":"42003564200","name":"Census Tract 5642","land_m2":13992433.0},"geometry":{"type":"Polygon","coordinates":[[[-79.817696,40.322195],[-79.817696,40.322001],[-79.816735,40.320655],[-79.816069,40.319601],[-79.814419,40.319875],[-79.812481,40.320057],[-79.810506,40.320165],[-79.803281,40.319804],[-79.799821,40.319159],[-79.796318,40.318244],[-79.795411,40.317941],[-79.793311,40.317075],[-79.792467,40.316576],[-79.791807,40.315975],[-79.791055,40.315211],[-79.790528,40.314485],[-79.790278,40.313784],[-79.790042,40.312325],[-79.790226,40.310979],[-79.791763,40.309073],[-79.792667,40.308374],[-79.79483,40.307099],[-79.796056,40.30658],[-79.797845,40.306152],[-79.799726,40.305611],[-79.804622,40.304037],[-79.80553,40.303508],[-79.806152,40.302935],[-79.806767,40.302241],[-79.80694,40.301603],[-79.807193,40.299501],[-79.807141,40.298817],[-79.80689,40.297869],[-79.80645,40.297022],[-79.805691,40.296181],[-79.805033,40.295485],[-79.804248,40.294816],[-79.803032,40.293641],[-79.802478,40.293212],[-79.801731,40.292785],[-79.801054,40.292576],[-79.799558,40.292603],[-79.798759,40.292869],[-79.798052,40.293436],[-79.796749,40.294607],[-79.794861,40.296544],[-79.793587,40.29764],[-79.792896,40.297993],[-79.792285,40.298058],[-79.791082,40.298074],[-79.789065,40.297841],[-79.788648,40.297738],[-79.784208,40.313894],[-79.783446,40.316783],[-79.7823,40.321526],[-79.782194,40.322068],[-79.781991,40.323821],[-79.779795,40.333207],[-79.779512,40.335102],[-79.774412,40.359673],[-79.785842,40.359896],[-79.79601,40.360217],[-79.801629,40.360292],[-79.812612,40.360997],[-79.813019,40.36085],[-79.813423,40.360455],[-79.812244,40.360424],[-79.811822,40.359596],[-79.811635,40.359343],[-79.810236,40.358126],[-79.809833,40.357503],[-79.809659,40.357398],[-79.808477,40.357008],[-79.808182,40.35676],[-79.807976,40.356109],[-79.80796,40.355354],[-79.80792,40.35525],[-79.807375,40.354655],[-79.806629,40.353507],[-79.805299,40.352266],[-79.804443,40.351692],[-79.802636,40.350885],[-79.801005,40.350426],[-79.799798,40.350336],[-79.800389,40.349328],[-79.80044,40.349003],[-79.800403,40.347843],[-79.800233,40.347137],[-79.799629,40.345482],[-79.798747,40.343953],[-79.799406,40.343496],[-79.803012,40.339976],[-79.803923,40.339263],[-79.804543,40.338898],[-79.805812,40.338326],[-79.808704,40.337451],[-79.809616,40.33694],[-79.810352,40.336257],[-79.813818,40.332641],[-79.815426,40.330321],[-79.817146,40.328632],[-79.816436,40.328188],[-79.816206,40.32795],[-79.815948,40.327528],[-79.815851,40.327199],[-79.815834,40.326891],[-79.816242,40.324275],[-79.816396,40.324049],[-79.817478,40.322899],[-79.81764,40.322617],[-79.817696,40.322195]]]}},{"type":"Feature","properties":{"geoid":"42003515401","name":"Census Tract 5154.01","land_m2":609231.0},"geometry":{"type":"Polygon","coordinates":[[[-79.898872,40.41885],[-79.898468,40.418808],[-79.897418,40.42011],[-79.891032,40.422908],[-79.887623,40.424239],[-79.888392,40.425085],[-79.890272,40.426806],[-79.890923,40.42756],[-79.892375,40.428281],[-79.892386,40.428475],[-79.892102,40.429576],[-79.89259,40.430744],[-79.892733,40.431019],[-79.895568,40.434962],[-79.896643,40.430135],[-79.897111,40.427609],[-79.896629,40.427511],[-79.895096,40.428166],[-79.894251,40.427015],[-79.893762,40.426922],[-79.892878,40.428265],[-79.892313,40.428057],[-79.892328,40.427972],[-79.89227,40.427926],[-79.891143,40.427389],[-79.891006,40.427197],[-79.892085,40.426291],[-79.893474,40.425632],[-79.894194,40.425554],[-79.894694,40.425664],[-79.895246,40.42604],[-79.896121,40.426256],[-79.896712,40.42646],[-79.896749,40.426261],[-79.897491,40.425932],[-79.898421,40.421362],[-79.898872,40.41885]]]}},{"type":"Feature","properties":{"geoid":"42003455000","name":"Census Tract 4550","land_m2":1215882.0},"geometry":{"type":"Polygon","coordinates":[[[-80.197749,40.404729],[-80.19645,40.403772],[-80.196223,40.403661],[-80.195286,40.403402],[-80.19491,40.403155],[-80.193613,40.401868],[-80.192732,40.400323],[-80.192641,40.399769],[-80.192517,40.399524],[-80.19107,40.398333],[-80.18907,40.397214],[-80.189527,40.396151],[-80.189546,40.394931],[-80.190355,40.394403],[-80.191788,40.394148],[-80.189959,40.392282],[-80.188349,40.393261],[-80.187774,40.392642],[-80.185603,40.393924],[-80.185863,40.394197],[-80.181105,40.396353],[-80.181531,40.39684],[-80.182102,40.397661],[-80.179275,40.398722],[-80.179451,40.398849],[-80.178183,40.399328],[-80.177673,40.399572],[-80.17988,40.401054],[-80.179707,40.401292],[-80.182085,40.403155],[-80.181585,40.403478],[-80.184636,40.406435],[-80.188939,40.403105],[-80.189596,40.403501],[-80.189839,40.403572],[-80.190388,40.404387],[-80.19096,40.404718],[-80.193439,40.406347],[-80.196014,40.405415],[-80.197749,40.404729]]]}},{"type":"Feature","properties":{"geoid":"42003456003","name":"Census Tract 4560.03","land_m2":31614617.0},"geometry":{"type":"Polygon","coordinates":[[[-80.222604,40.366124],[-80.222956,40.365897],[-80.20091,40.34777],[-80.184603,40.333139],[-80.176245,40.330523],[-80.161253,40.3261],[-80.145849,40.321385],[-80.136035,40.334857],[-80.135152,40.335983],[-80.134528,40.336655],[-80.132532,40.335822],[-80.133112,40.334452],[-80.133408,40.333541],[-80.1297,40.332263],[-80.12838,40.332002],[-80.128322,40.333836],[-80.12457,40.33306],[-80.124406,40.333088],[-80.124221,40.333197],[-80.122885,40.335259],[-80.12259,40.335212],[-80.122434,40.335242],[-80.122275,40.335353],[-80.122221,40.335465],[-80.122225,40.335556],[-80.122315,40.335689],[-80.12393,40.336929],[-80.123529,40.337073],[-80.123354,40.337188],[-80.121795,40.338383],[-80.12184,40.339975],[-80.121936,40.34019],[-80.115837,40.343959],[-80.115096,40.344481],[-80.114075,40.345903],[-80.112612,40.348143],[-80.112413,40.34862],[-80.112271,40.349282],[-80.112304,40.34961],[-80.112604,40.350236],[-80.114416,40.352125],[-80.114805,40.352703],[-80.114945,40.353106],[-80.115001,40.353708],[-80.114778,40.354467],[-80.114446,40.355035],[-80.114617,40.354859],[-80.114806,40.35475],[-80.11526,40.354787],[-80.116699,40.355359],[-80.119644,40.356796],[-80.120335,40.357084],[-80.120329,40.356981],[-80.120556,40.356697],[-80.120796,40.356417],[-80.121153,40.356129],[-80.121671,40.355946],[-80.122989,40.355602],[-80.123222,40.355602],[-80.12352,40.355702],[-80.123827,40.355982],[-80.124477,40.356932],[-80.124657,40.35703],[-80.124848,40.35706],[-80.125033,40.357032],[-80.125289,40.356878],[-80.126335,40.356033],[-80.127754,40.355049],[-80.129278,40.353739],[-80.129336,40.353505],[-80.129248,40.353331],[-80.12907,40.353129],[-80.128326,40.352575],[-80.128241,40.352455],[-80.128216,40.352285],[-80.128519,40.351695],[-80.128652,40.351225],[-80.128954,40.350559],[-80.129079,40.350367],[-80.12929,40.350253],[-80.130891,40.350391],[-80.131182,40.350488],[-80.131928,40.350931],[-80.132711,40.351175],[-80.133112,40.351236],[-80.136327,40.350787],[-80.140877,40.350775],[-80.141352,40.350723],[-80.142704,40.350324],[-80.142971,40.350164],[-80.143145,40.349936],[-80.143249,40.349706],[-80.143476,40.348614],[-80.143797,40.347791],[-80.144183,40.347454],[-80.145033,40.346834],[-80.146425,40.346467],[-80.147598,40.34598],[-80.147826,40.346026],[-80.148274,40.346483],[-80.148488,40.346579],[-80.148852,40.346576],[-80.150032,40.346225],[-80.150226,40.346356],[-80.150363,40.34639],[-80.150711,40.346393],[-80.153229,40.345452],[-80.154363,40.345102],[-80.15454,40.345123],[-80.154648,40.345215],[-80.154783,40.345873],[-80.154835,40.346405],[-80.155184,40.347057],[-80.15547,40.347225],[-80.155499,40.347359],[-80.155261,40.347426],[-80.154564,40.347477],[-80.154751,40.347531],[-80.154986,40.34769],[-80.155612,40.348515],[-80.156197,40.348706],[-80.156724,40.348706],[-80.159162,40.348404],[-80.160933,40.348096],[-80.161391,40.349624],[-80.16135,40.349851],[-80.160823,40.350523],[-80.16056,40.35117],[-80.160211,40.351795],[-80.159772,40.353629],[-80.159662,40.353803],[-80.159235,40.354229],[-80.159175,40.354362],[-80.15918,40.354501],[-80.159265,40.354624],[-80.159869,40.355121],[-80.160358,40.355602],[-80.161143,40.356252],[-80.164584,40.359724],[-80.167363,40.363281],[-80.169187,40.366037],[-80.169293,40.366274],[-80.16945,40.367121],[-80.169674,40.367801],[-80.171129,40.370552],[-80.171373,40.371144],[-80.17172,40.372226],[-80.171788,40.372687],[-80.171812,40.37374],[-80.171552,40.376179],[-80.171557,40.376474],[-80.17195,40.377627],[-80.172206,40.379462],[-80.172942,40.381224],[-80.17686,40.381022],[-80.177556,40.381026],[-80.178448,40.381281],[-80.178984,40.381558],[-80.181186,40.383367],[-80.181904,40.383736],[-80.182297,40.383875],[-80.183093,40.384055],[-80.184813,40.384249],[-80.187194,40.384417],[-80.18665,40.384571],[-80.186324,40.384769],[-80.186143,40.38495],[-80.185969,40.385196],[-80.185822,40.386306],[-80.185627,40.386811],[-80.185286,40.38727],[-80.184459,40.388004],[-80.184235,40.388349],[-80.184054,40.388856],[-80.183932,40.389907],[-80.1832,40.391265],[-80.183126,40.391561],[-80.183139,40.392052],[-80.184229,40.394937],[-80.185863,40.394197],[-80.185603,40.393924],[-80.187774,40.392642],[-80.188349,40.393261],[-80.189959,40.392282],[-80.191788,40.394148],[-80.190355,40.394403],[-80.189546,40.394931],[-80.189535,40.396048],[-80.190107,40.39568],[-80.190229,40.395526],[-80.19074,40.395262],[-80.192165,40.394247],[-80.192651,40.394018],[-80.193493,40.393789],[-80.193641,40.393689],[-80.193784,40.39356],[-80.193981,40.393087],[-80.194063,40.393004],[-80.194844,40.392555],[-80.195229,40.392274],[-80.195249,40.392194],[-80.195081,40.392041],[-80.195069,40.391978],[-80.195432,40.391686],[-80.195526,40.39149],[-80.195711,40.391402],[-80.196016,40.391097],[-80.196244,40.391043],[-80.197343,40.390376],[-80.198256,40.389638],[-80.19855,40.389525],[-80.199002,40.389691],[-80.199493,40.389546],[-80.200574,40.389102],[-80.20103,40.388994],[-80.201231,40.388979],[-80.201836,40.389152],[-80.201965,40.389135],[-80.202249,40.388938],[-80.20266,40.388801],[-80.202851,40.38853],[-80.203193,40.388407],[-80.20346,40.388103],[-80.203593,40.388032],[-80.204198,40.387952],[-80.204543,40.387849],[-80.20468,40.387694],[-80.204735,40.387529],[-80.204712,40.387426],[-80.204518,40.387199],[-80.20459,40.386971],[-80.20474,40.386851],[-80.205,40.386746],[-80.20537,40.386343],[-80.206168,40.386133],[-80.206304,40.385992],[-80.206351,40.385716],[-80.206619,40.385418],[-80.206881,40.385281],[-80.207264,40.385217],[-80.20761,40.385007],[-80.207988,40.385028],[-80.209217,40.384955],[-80.209781,40.384718],[-80.209848,40.384563],[-80.20985,40.384362],[-80.209717,40.38396],[-80.209794,40.383778],[-80.210225,40.383546],[-80.210459,40.383325],[-80.210581,40.383383],[-80.210684,40.383648],[-80.210784,40.383733],[-80.210922,40.38375],[-80.211201,40.383633],[-80.211577,40.383326],[-80.211616,40.383185],[-80.212189,40.382451],[-80.21258,40.382212],[-80.213137,40.381124],[-80.213592,40.380728],[-80.214032,40.380562],[-80.214447,40.380695],[-80.214767,40.380697],[-80.214832,40.380641],[-80.214977,40.380288],[-80.214973,40.379863],[-80.215239,40.379357],[-80.215311,40.378954],[-80.215586,40.378378],[-80.215736,40.378169],[-80.215787,40.377842],[-80.215835,40.377745],[-80.216183,40.377597],[-80.216225,40.377525],[-80.216162,40.377195],[-80.215906,40.376884],[-80.215835,40.376677],[-80.215652,40.376626],[-80.215369,40.376765],[-80.215223,40.376759],[-80.215192,40.376676],[-80.215224,40.37647],[-80.215367,40.376171],[-80.215698,40.375838],[-80.215943,40.375314],[-80.216448,40.375204],[-80.21652,40.375003],[-80.216482,40.37472],[-80.216573,40.374628],[-80.216796,40.374475],[-80.217153,40.37409],[-80.217287,40.374052],[-80.217647,40.37379],[-80.218419,40.373442],[-80.218944,40.373129],[-80.219528,40.373011],[-80.221681,40.372877],[-80.222168,40.372728],[-80.222358,40.372537],[-80.222441,40.372517],[-80.222556,40.372514],[-80.222948,40.372761],[-80.220434,40.368511],[-80.221658,40.367635],[-80.22224,40.367547],[-80.222093,40.367302],[-80.222036,40.367099],[-80.220956,40.366684],[-80.22124,40.366374],[-80.221769,40.366583],[-80.221853,40.366382],[-80.222104,40.366446],[-80.222604,40.366124]]]}},{"type":"Feature","properties":{"geoid":"42003446000","name":"Census Tract 4460","land_m2":3875478.0},"geometry":{"type":"Polygon","coordinates":[[[-80.210117,40.553327],[-80.208755,40.552632],[-80.205039,40.550998],[-80.203859,40.550181],[-80.202571,40.549139],[-80.200814,40.547423],[-80.19904,40.545444],[-80.196994,40.542932],[-80.195681,40.541206],[-80.195247,40.540459],[-80.193304,40.541445],[-80.191716,40.542409],[-80.190798,40.542849],[-80.189904,40.543532],[-80.186864,40.545408],[-80.183114,40.547671],[-80.180552,40.549151],[-80.180639,40.55007],[-80.180869,40.5546],[-80.18075,40.556187],[-80.18177,40.556719],[-80.180655,40.557234],[-80.180648,40.557288],[-80.180666,40.557602],[-80.181057,40.559228],[-80.181046,40.559528],[-80.181519,40.561768],[-80.180914,40.562167],[-80.181012,40.564613],[-80.181422,40.564372],[-80.18651,40.568902],[-80.189723,40.567078],[-80.193159,40.564917],[-80.194145,40.564133],[-80.19937,40.560507],[-80.199619,40.560341],[-80.199783,40.560299],[-80.200921,40.559476],[-80.203422,40.557914],[-80.204885,40.556845],[-80.208276,40.55468],[-80.210117,40.553327]]]}},{"type":"Feature","properties":{"geoid":"42003561900","name":"Census Tract 5619","land_m2":1080836.0},"geometry":{"type":"Polygon","coordinates":[[[-79.899249,40.472722],[-79.896047,40.468749],[-79.896602,40.468385],[-79.897438,40.467107],[-79.898018,40.465625],[-79.898811,40.46478],[-79.898976,40.464668],[-79.896197,40.464035],[-79.894453,40.462543],[-79.894351,40.462573],[-79.893095,40.462408],[-79.889993,40.461679],[-79.889974,40.462108],[-79.888283,40.470037],[-79.887722,40.473142],[-79.887081,40.47592],[-79.887421,40.475421],[-79.887472,40.475276],[-79.887722,40.474975],[-79.888526,40.475324],[-79.889086,40.475473],[-79.890637,40.474694],[-79.8938,40.474938],[-79.893773,40.475236],[-79.898424,40.475723],[-79.898371,40.474968],[-79.898471,40.474303],[-79.898281,40.473738],[-79.898082,40.473547],[-79.898474,40.473251],[-79.898741,40.472831],[-79.899249,40.472722]]]}},{"type":"Feature","properties":{"geoid":"42003457100","name":"Census Tract 4571","land_m2":940181.0},"geometry":{"type":"Polygon","coordinates":[[[-80.120637,40.359585],[-80.120603,40.359183],[-80.120433,40.358798],[-80.119926,40.358263],[-80.119334,40.358126],[-80.118654,40.358176],[-80.118031,40.358134],[-80.117613,40.357903],[-80.115392,40.355771],[-80.114826,40.355444],[-80.114686,40.355426],[-80.114304,40.355196],[-80.113673,40.354911],[-80.112503,40.35423],[-80.11234,40.355403],[-80.11218,40.356018],[-80.111699,40.357013],[-80.111042,40.357978],[-80.107869,40.360837],[-80.106801,40.361688],[-80.105605,40.362425],[-80.103973,40.363287],[-80.104282,40.363685],[-80.104418,40.363736],[-80.10551,40.363451],[-80.106514,40.363373],[-80.106959,40.363289],[-80.107613,40.363348],[-80.108594,40.363653],[-80.109903,40.363781],[-80.110226,40.363857],[-80.111894,40.364455],[-80.11271,40.364872],[-80.113411,40.365355],[-80.113603,40.365634],[-80.113629,40.366047],[-80.113593,40.366293],[-80.113355,40.366789],[-80.11721,40.367445],[-80.11853,40.3634],[-80.119943,40.362245],[-80.120196,40.361385],[-80.120241,40.36101],[-80.120176,40.361051],[-80.120276,40.360945],[-80.120326,40.360655],[-80.120554,40.360026],[-80.120637,40.359585]]]}},{"type":"Feature","properties":{"geoid":"42003447000","name":"Census Tract 4470","land_m2":3890221.0},"geometry":{"type":"Polygon","coordinates":[[[-80.219242,40.581739],[-80.218997,40.58053],[-80.218677,40.579845],[-80.218667,40.579742],[-80.218835,40.579549],[-80.219175,40.579453],[-80.218706,40.578337],[-80.218228,40.57744],[-80.217394,40.574707],[-80.215879,40.573834],[-80.214835,40.573348],[-80.2144,40.573024],[-80.213517,40.572236],[-80.214624,40.571353],[-80.212545,40.569706],[-80.210107,40.567953],[-80.208883,40.567276],[-80.209165,40.567088],[-80.207019,40.56585],[-80.205283,40.564564],[-80.20462,40.565132],[-80.204598,40.565338],[-80.203304,40.566211],[-80.197729,40.561659],[-80.194145,40.564133],[-80.193159,40.564917],[-80.189723,40.567078],[-80.18651,40.568902],[-80.18949,40.571434],[-80.195783,40.577214],[-80.197541,40.578756],[-80.197772,40.57887],[-80.199286,40.580285],[-80.199357,40.580305],[-80.204801,40.585091],[-80.206896,40.587031],[-80.207071,40.587146],[-80.208002,40.58806],[-80.208231,40.587892],[-80.208434,40.587593],[-80.208568,40.587197],[-80.208472,40.58703],[-80.208491,40.586825],[-80.208719,40.586588],[-80.20922,40.586216],[-80.210276,40.585732],[-80.211167,40.584979],[-80.211031,40.584542],[-80.211128,40.583624],[-80.211309,40.583143],[-80.211832,40.582484],[-80.212468,40.582023],[-80.214176,40.581149],[-80.214427,40.580993],[-80.214549,40.580819],[-80.215493,40.580912],[-80.216028,40.581066],[-80.216999,40.581404],[-80.21791,40.581874],[-80.218977,40.581995],[-80.219189,40.581877],[-80.219242,40.581739]]]}},{"type":"Feature","properties":{"geoid":"42003457200","name":"Census Tract 4572","land_m2":1896240.0},"geometry":{"type":"Polygon","coordinates":[[[-80.112507,40.354253],[-80.111557,40.353538],[-80.110861,40.353106],[-80.110289,40.352619],[-80.110063,40.352347],[-80.109878,40.351889],[-80.110129,40.351565],[-80.108027,40.351418],[-80.107455,40.350878],[-80.106889,40.350169],[-80.106189,40.348902],[-80.106079,40.348846],[-80.104606,40.348961],[-80.104633,40.349119],[-80.103626,40.349243],[-80.10262,40.349315],[-80.099788,40.349351],[-80.099272,40.349431],[-80.098812,40.349578],[-80.098071,40.350006],[-80.095619,40.353265],[-80.092062,40.351754],[-80.090229,40.350431],[-80.089931,40.350567],[-80.087691,40.352387],[-80.095248,40.35539],[-80.095389,40.356291],[-80.096237,40.356261],[-80.096926,40.356424],[-80.098194,40.357],[-80.098655,40.357094],[-80.099032,40.357583],[-80.097762,40.357526],[-80.095389,40.362092],[-80.094956,40.362694],[-80.09536,40.363166],[-80.09513,40.363215],[-80.095184,40.363368],[-80.095265,40.36335],[-80.095418,40.363831],[-80.09476,40.364191],[-80.094685,40.364319],[-80.095286,40.364127],[-80.095786,40.364031],[-80.096581,40.36376],[-80.097602,40.363649],[-80.098431,40.363632],[-80.099568,40.363464],[-80.101748,40.363546],[-80.102635,40.363367],[-80.103189,40.363174],[-80.103424,40.363139],[-80.10383,40.363172],[-80.103973,40.363287],[-80.105605,40.362425],[-80.106345,40.361992],[-80.107233,40.361358],[-80.107869,40.360837],[-80.111042,40.357978],[-80.111699,40.357013],[-80.11218,40.356018],[-80.11234,40.355403],[-80.112507,40.354253]]]}},{"type":"Feature","properties":{"geoid":"42003448000","name":"Census Tract 4480","land_m2":2588612.0},"geometry":{"type":"Polygon","coordinates":[[[-80.228767,40.572932],[-80.228953,40.572799],[-80.228675,40.572436],[-80.226904,40.57051],[-80.224906,40.567526],[-80.222,40.56394],[-80.219956,40.561622],[-80.217592,40.559879],[-80.21572,40.558044],[-80.213614,40.555828],[-80.211884,40.55447],[-80.210117,40.553327],[-80.208276,40.55468],[-80.204885,40.556845],[-80.203422,40.557914],[-80.200921,40.559476],[-80.199783,40.560299],[-80.199619,40.560341],[-80.197729,40.561659],[-80.203304,40.566211],[-80.204598,40.565338],[-80.20462,40.565132],[-80.205283,40.564564],[-80.207019,40.56585],[-80.209165,40.567088],[-80.208883,40.567276],[-80.210107,40.567953],[-80.212545,40.569706],[-80.214624,40.571353],[-80.213517,40.572236],[-80.2144,40.573024],[-80.214835,40.573348],[-80.215879,40.573834],[-80.217394,40.574707],[-80.218228,40.57744],[-80.218706,40.578337],[-80.219175,40.579453],[-80.219462,40.57946],[-80.220133,40.579909],[-80.220556,40.579909],[-80.220686,40.579834],[-80.220959,40.579239],[-80.221234,40.578833],[-80.221703,40.578552],[-80.222267,40.577971],[-80.222521,40.577865],[-80.223022,40.578003],[-80.223276,40.57787],[-80.224069,40.577268],[-80.224142,40.577117],[-80.22411,40.576798],[-80.223627,40.575923],[-80.223833,40.575454],[-80.224051,40.575268],[-80.227089,40.574154],[-80.227302,40.573959],[-80.228767,40.572932]]]}},{"type":"Feature","properties":{"geoid":"42003449000","name":"Census Tract 4490","land_m2":5417042.0},"geometry":{"type":"Polygon","coordinates":[[[-80.25142,40.556023],[-80.248754,40.554641],[-80.245835,40.556426],[-80.24216,40.55316],[-80.240275,40.553255],[-80.240398,40.547548],[-80.240282,40.547538],[-80.240327,40.547146],[-80.24032,40.546315],[-80.23894,40.546648],[-80.238476,40.546663],[-80.236966,40.546315],[-80.236587,40.546116],[-80.236119,40.545699],[-80.234902,40.546375],[-80.234469,40.545923],[-80.232125,40.547211],[-80.232073,40.547919],[-80.225544,40.544623],[-80.225791,40.544238],[-80.217546,40.54573],[-80.213496,40.544297],[-80.208128,40.552287],[-80.210335,40.55344],[-80.211884,40.55447],[-80.213614,40.555828],[-80.21572,40.558044],[-80.217592,40.559879],[-80.219956,40.561622],[-80.222,40.56394],[-80.224906,40.567526],[-80.226904,40.57051],[-80.228675,40.572436],[-80.228953,40.572799],[-80.232014,40.570593],[-80.246588,40.559695],[-80.25142,40.556023]]]}},{"type":"Feature","properties":{"geoid":"42003431100","name":"Census Tract 4311","land_m2":924144.0},"geometry":{"type":"Polygon","coordinates":[[[-80.057624,40.488837],[-80.057693,40.488796],[-80.056472,40.48792],[-80.057345,40.487301],[-80.054721,40.485601],[-80.051299,40.483727],[-80.05116,40.483814],[-80.0511,40.483782],[-80.050715,40.484085],[-80.050658,40.484132],[-80.050727,40.484176],[-80.050304,40.484485],[-80.050003,40.484783],[-80.049932,40.485387],[-80.049828,40.485624],[-80.048592,40.48642],[-80.048168,40.486375],[-80.047927,40.486299],[-80.046831,40.487165],[-80.046684,40.487029],[-80.046444,40.487163],[-80.04648,40.487519],[-80.046401,40.487831],[-80.045741,40.488228],[-80.045371,40.488521],[-80.045127,40.489047],[-80.045426,40.48949],[-80.04549,40.489657],[-80.04558,40.489939],[-80.045545,40.490165],[-80.044891,40.49088],[-80.044656,40.49137],[-80.044645,40.491876],[-80.044539,40.492125],[-80.044992,40.492837],[-80.045179,40.493307],[-80.045241,40.493354],[-80.045404,40.493762],[-80.045297,40.493923],[-80.045313,40.493999],[-80.045529,40.494433],[-80.046014,40.494865],[-80.046351,40.494937],[-80.047112,40.494977],[-80.047783,40.495293],[-80.048225,40.495733],[-80.048434,40.495819],[-80.051321,40.496462],[-80.052681,40.494145],[-80.052423,40.494018],[-80.054627,40.492175],[-80.055789,40.491469],[-80.055077,40.490933],[-80.055624,40.49032],[-80.057624,40.488837]]]}},{"type":"Feature","properties":{"geoid":"42003432300","name":"Census Tract 4323","land_m2":886333.0},"geometry":{"type":"Polygon","coordinates":[[[-80.075357,40.508832],[-80.07532,40.508782],[-80.075024,40.50357],[-80.073404,40.503426],[-80.072083,40.503179],[-80.071222,40.502592],[-80.067862,40.501341],[-80.065817,40.500161],[-80.061124,40.498304],[-80.061302,40.500286],[-80.061594,40.505134],[-80.061592,40.505803],[-80.063254,40.506633],[-80.066807,40.508292],[-80.068495,40.509],[-80.075357,40.508832]]]}},{"type":"Feature","properties":{"geoid":"42003563800","name":"Census Tract 5638","land_m2":15304379.0},"geometry":{"type":"Polygon","coordinates":[[[-80.178512,40.530136],[-80.178648,40.52994],[-80.176301,40.528954],[-80.175358,40.528623],[-80.172347,40.527798],[-80.171257,40.527397],[-80.167622,40.52623],[-80.164125,40.524894],[-80.16148,40.523803],[-80.159765,40.523231],[-80.157037,40.522563],[-80.154083,40.522052],[-80.149283,40.52093],[-80.147264,40.520404],[-80.143468,40.519068],[-80.139761,40.517391],[-80.137723,40.516329],[-80.13418,40.515342],[-80.132316,40.515041],[-80.128859,40.514808],[-80.125189,40.514194],[-80.122093,40.513443],[-80.120055,40.5131],[-80.117792,40.512829],[-80.112504,40.511842],[-80.110044,40.511091],[-80.108363,40.510521],[-80.108617,40.513213],[-80.108145,40.513942],[-80.107975,40.5146],[-80.108024,40.514717],[-80.107481,40.516823],[-80.105973,40.516563],[-80.101096,40.515482],[-80.10107,40.515354],[-80.099069,40.514623],[-80.098766,40.514714],[-80.095903,40.514784],[-80.096075,40.515663],[-80.096306,40.516402],[-80.09367,40.516521],[-80.088584,40.516611],[-80.088595,40.51698],[-80.087108,40.51706],[-80.087133,40.516007],[-80.087083,40.513081],[-80.087309,40.513068],[-80.087288,40.512746],[-80.087635,40.512737],[-80.08762,40.512305],[-80.087911,40.512297],[-80.087863,40.511204],[-80.087716,40.511203],[-80.087678,40.510722],[-80.085788,40.510975],[-80.085528,40.510667],[-80.084574,40.510277],[-80.08352,40.510137],[-80.082881,40.510971],[-80.082491,40.511378],[-80.081409,40.511408],[-80.081284,40.511297],[-80.080739,40.511299],[-80.080738,40.51152],[-80.08052,40.511529],[-80.080524,40.51226],[-80.077959,40.510987],[-80.078509,40.510157],[-80.077522,40.509449],[-80.075357,40.508832],[-80.068495,40.509],[-80.066807,40.508292],[-80.063254,40.506633],[-80.061592,40.505803],[-80.062292,40.515437],[-80.071235,40.518173],[-80.095882,40.526587],[-80.1064,40.530459],[-80.121556,40.536256],[-80.124539,40.537151],[-80.133958,40.540193],[-80.133952,40.53901],[-80.132705,40.535239],[-80.134623,40.535177],[-80.134618,40.534969],[-80.134595,40.534749],[-80.133477,40.534769],[-80.133203,40.532963],[-80.140301,40.532731],[-80.140424,40.534467],[-80.145918,40.534402],[-80.14641,40.541151],[-80.149157,40.541019],[-80.14918,40.541238],[-80.150453,40.541185],[-80.151179,40.541248],[-80.157316,40.540944],[-80.157349,40.541611],[-80.159732,40.541522],[-80.159739,40.541671],[-80.163138,40.541564],[-80.163727,40.541373],[-80.164403,40.540934],[-80.164963,40.540654],[-80.166818,40.540195],[-80.167189,40.540007],[-80.167929,40.539526],[-80.168069,40.539497],[-80.168674,40.539631],[-80.169448,40.537017],[-80.172295,40.537606],[-80.175377,40.534778],[-80.178512,40.530136]]]}},{"type":"Feature","properties":{"geoid":"42003563300","name":"Census Tract 5633","land_m2":25355417.0},"geometry":{"type":"Polygon","coordinates":[[[-80.181753,40.556726],[-80.18075,40.556187],[-80.180869,40.5546],[-80.180639,40.55007],[-80.180552,40.549151],[-80.181513,40.548595],[-80.178305,40.545311],[-80.177115,40.545863],[-80.176836,40.546371],[-80.176767,40.546687],[-80.176711,40.546715],[-80.175976,40.546608],[-80.175189,40.548066],[-80.174872,40.547622],[-80.174232,40.548133],[-80.174259,40.549157],[-80.174606,40.549736],[-80.174593,40.549861],[-80.174449,40.550009],[-80.174212,40.550096],[-80.173746,40.549977],[-80.173526,40.550019],[-80.17298,40.55075],[-80.17228,40.550463],[-80.171755,40.550696],[-80.171658,40.548389],[-80.173144,40.548828],[-80.173184,40.547967],[-80.173027,40.547594],[-80.173254,40.547148],[-80.174062,40.546555],[-80.174953,40.545642],[-80.176025,40.544948],[-80.17724,40.544262],[-80.174639,40.541615],[-80.172858,40.540532],[-80.172637,40.54076],[-80.171561,40.541274],[-80.170294,40.540879],[-80.169604,40.540708],[-80.168865,40.540641],[-80.168709,40.540565],[-80.168764,40.540781],[-80.168644,40.540827],[-80.168527,40.540576],[-80.166129,40.541146],[-80.166137,40.541547],[-80.164304,40.542554],[-80.162761,40.544071],[-80.163902,40.546709],[-80.163046,40.547651],[-80.16243,40.54775],[-80.162121,40.5475],[-80.161695,40.547445],[-80.160806,40.545252],[-80.15954,40.545306],[-80.158992,40.546135],[-80.158893,40.548288],[-80.156267,40.547519],[-80.156291,40.545613],[-80.157238,40.544588],[-80.154328,40.544708],[-80.154609,40.544171],[-80.155464,40.542981],[-80.156073,40.54269],[-80.15649,40.542591],[-80.156745,40.542592],[-80.158719,40.542884],[-80.159164,40.5429],[-80.160269,40.542809],[-80.160817,40.542882],[-80.161271,40.542719],[-80.162577,40.54175],[-80.162792,40.541644],[-80.163138,40.541564],[-80.159739,40.541671],[-80.159732,40.541522],[-80.157349,40.541611],[-80.157316,40.540944],[-80.151179,40.541248],[-80.150453,40.541185],[-80.14918,40.541238],[-80.149157,40.541019],[-80.14641,40.541151],[-80.145918,40.534402],[-80.140424,40.534467],[-80.140301,40.532731],[-80.133203,40.532963],[-80.133477,40.534769],[-80.134595,40.534749],[-80.134618,40.534969],[-80.134623,40.535177],[-80.132705,40.535239],[-80.133952,40.53901],[-80.133958,40.540193],[-80.124539,40.537151],[-80.121556,40.536256],[-80.121655,40.539155],[-80.121797,40.541399],[-80.122127,40.544654],[-80.122459,40.548848],[-80.122445,40.548917],[-80.122092,40.549091],[-80.121794,40.549329],[-80.121552,40.549609],[-80.121289,40.550065],[-80.120605,40.550522],[-80.120349,40.550796],[-80.120317,40.550901],[-80.120224,40.550959],[-80.119901,40.551148],[-80.118818,40.551516],[-80.118176,40.551913],[-80.116759,40.552228],[-80.115671,40.552859],[-80.115689,40.553168],[-80.115474,40.554203],[-80.114579,40.556351],[-80.114423,40.557124],[-80.114151,40.557744],[-80.113872,40.558669],[-80.113849,40.559025],[-80.114013,40.559688],[-80.114028,40.560065],[-80.113522,40.562274],[-80.113951,40.566789],[-80.116675,40.570457],[-80.113884,40.570515],[-80.113952,40.572781],[-80.113907,40.57546],[-80.124085,40.582201],[-80.128306,40.584826],[-80.13,40.585824],[-80.134502,40.588227],[-80.138151,40.588168],[-80.143654,40.588179],[-80.15602,40.587929],[-80.155385,40.577771],[-80.156061,40.577508],[-80.156378,40.577312],[-80.156645,40.57705],[-80.170521,40.576211],[-80.181517,40.576121],[-80.181431,40.573131],[-80.181237,40.570217],[-80.180914,40.562167],[-80.181519,40.561768],[-80.181046,40.559528],[-80.181057,40.559228],[-80.180666,40.557602],[-80.180648,40.557288],[-80.180655,40.557234],[-80.181753,40.556726]]]}},{"type":"Feature","properties":{"geoid":"42003451104","name":"Census Tract 4511.04","land_m2":7652271.0},"geometry":{"type":"Polygon","coordinates":[[[-80.274161,40.539427],[-80.27433,40.539307],[-80.273158,40.537572],[-80.271244,40.533813],[-80.270064,40.531213],[-80.264482,40.520975],[-80.2635,40.5213],[-80.263245,40.521438],[-80.262734,40.522054],[-80.262132,40.522628],[-80.261528,40.522828],[-80.261101,40.523818],[-80.261018,40.523919],[-80.260846,40.524027],[-80.260373,40.524186],[-80.257912,40.524731],[-80.257536,40.524665],[-80.257175,40.524459],[-80.256452,40.524507],[-80.25553,40.524823],[-80.255248,40.524996],[-80.254002,40.525118],[-80.252068,40.525545],[-80.251381,40.525546],[-80.250701,40.525842],[-80.250346,40.525934],[-80.249782,40.525882],[-80.248761,40.526299],[-80.248005,40.526285],[-80.247266,40.526485],[-80.246337,40.527069],[-80.245868,40.527303],[-80.245282,40.527543],[-80.244416,40.528003],[-80.243699,40.528227],[-80.242618,40.528426],[-80.24182,40.528417],[-80.241401,40.528489],[-80.240774,40.52852],[-80.240198,40.528629],[-80.239629,40.528815],[-80.238224,40.529077],[-80.237787,40.529278],[-80.23583,40.529631],[-80.233562,40.529912],[-80.232338,40.530246],[-80.231579,40.530623],[-80.231164,40.530906],[-80.230554,40.531455],[-80.230077,40.532094],[-80.229025,40.533917],[-80.230081,40.534646],[-80.231244,40.535858],[-80.231413,40.535984],[-80.234012,40.537542],[-80.235185,40.537968],[-80.235618,40.537996],[-80.237168,40.538376],[-80.238913,40.539365],[-80.239252,40.539505],[-80.240323,40.539654],[-80.241442,40.539743],[-80.242825,40.540069],[-80.243375,40.540346],[-80.24359,40.540507],[-80.244492,40.541432],[-80.24469,40.54151],[-80.245847,40.541682],[-80.246434,40.541836],[-80.245381,40.541866],[-80.24507,40.541971],[-80.244913,40.542097],[-80.244796,40.542334],[-80.24466,40.54346],[-80.244399,40.543683],[-80.243524,40.543972],[-80.243337,40.544061],[-80.243171,40.544212],[-80.243066,40.544453],[-80.242901,40.545669],[-80.242789,40.546004],[-80.242594,40.546314],[-80.242139,40.54673],[-80.242475,40.547264],[-80.244201,40.550835],[-80.244426,40.551156],[-80.245896,40.552886],[-80.246365,40.553296],[-80.246728,40.553531],[-80.249739,40.555177],[-80.25142,40.556023],[-80.271646,40.541463],[-80.274161,40.539427]]]}},{"type":"Feature","properties":{"geoid":"42003451105","name":"Census Tract 4511.05","land_m2":9296103.0},"geometry":{"type":"Polygon","coordinates":[[[-80.264413,40.521008],[-80.264482,40.520975],[-80.259369,40.511619],[-80.254996,40.509376],[-80.246731,40.508177],[-80.241954,40.507262],[-80.237009,40.506236],[-80.234962,40.505787],[-80.233218,40.505306],[-80.232147,40.504908],[-80.231065,40.504338],[-80.227038,40.501452],[-80.225713,40.500577],[-80.225259,40.500401],[-80.224028,40.500127],[-80.223537,40.500095],[-80.219281,40.500114],[-80.21466,40.49999],[-80.21311,40.499855],[-80.212169,40.499645],[-80.210686,40.499099],[-80.209749,40.498602],[-80.208825,40.49796],[-80.20782,40.498607],[-80.207409,40.498821],[-80.206666,40.499091],[-80.206234,40.49935],[-80.205946,40.499759],[-80.205664,40.501259],[-80.205571,40.501529],[-80.205312,40.501769],[-80.204832,40.502003],[-80.20554,40.503312],[-80.206513,40.504562],[-80.206847,40.504896],[-80.207844,40.505711],[-80.212864,40.510382],[-80.217397,40.51441],[-80.217686,40.514577],[-80.218303,40.514742],[-80.219666,40.515912],[-80.220963,40.516533],[-80.22136,40.516888],[-80.223052,40.518832],[-80.224189,40.519746],[-80.224312,40.519931],[-80.224383,40.520162],[-80.224325,40.522569],[-80.22434,40.52472],[-80.224568,40.525842],[-80.224758,40.526118],[-80.224952,40.526265],[-80.225375,40.526443],[-80.225927,40.526531],[-80.226594,40.526477],[-80.227986,40.525913],[-80.228238,40.525864],[-80.228978,40.525925],[-80.229203,40.526018],[-80.22938,40.526158],[-80.229503,40.526361],[-80.229529,40.526556],[-80.229488,40.526721],[-80.228943,40.5275],[-80.228935,40.527781],[-80.229026,40.527965],[-80.229189,40.528118],[-80.229441,40.528236],[-80.230115,40.528406],[-80.230471,40.52865],[-80.23061,40.528851],[-80.230857,40.529544],[-80.230879,40.529882],[-80.230785,40.530214],[-80.230603,40.530525],[-80.229374,40.531656],[-80.228603,40.53284],[-80.228531,40.533043],[-80.22857,40.533435],[-80.228725,40.533709],[-80.229025,40.533917],[-80.230077,40.532094],[-80.230554,40.531455],[-80.231164,40.530906],[-80.231579,40.530623],[-80.232338,40.530246],[-80.233562,40.529912],[-80.23583,40.529631],[-80.237787,40.529278],[-80.238224,40.529077],[-80.239629,40.528815],[-80.240198,40.528629],[-80.240774,40.52852],[-80.241401,40.528489],[-80.24182,40.528417],[-80.242618,40.528426],[-80.243699,40.528227],[-80.244416,40.528003],[-80.245282,40.527543],[-80.245868,40.527303],[-80.246337,40.527069],[-80.247266,40.526485],[-80.248005,40.526285],[-80.248761,40.526299],[-80.249782,40.525882],[-80.250346,40.525934],[-80.250701,40.525842],[-80.251381,40.525546],[-80.252068,40.525545],[-80.254002,40.525118],[-80.255248,40.524996],[-80.25553,40.524823],[-80.256452,40.524507],[-80.257175,40.524459],[-80.257536,40.524665],[-80.257912,40.524731],[-80.260373,40.524186],[-80.260846,40.524027],[-80.261018,40.523919],[-80.261101,40.523818],[-80.261528,40.522828],[-80.262132,40.522628],[-80.262734,40.522054],[-80.263245,40.521438],[-80.2635,40.5213],[-80.264413,40.521008]]]}},{"type":"Feature","properties":{"geoid":"42003564000","name":"Census Tract 5640","land_m2":42738974.0},"geometry":{"type":"Polygon","coordinates":[[[-80.295958,40.425646],[-80.296194,40.425476],[-80.28794,40.418818],[-80.237009,40.377361],[-80.233052,40.374186],[-80.222956,40.365897],[-80.222104,40.366446],[-80.221853,40.366382],[-80.221769,40.366583],[-80.22124,40.366374],[-80.220956,40.366684],[-80.222036,40.367099],[-80.222093,40.367302],[-80.22224,40.367547],[-80.221658,40.367635],[-80.220434,40.368511],[-80.222948,40.372761],[-80.222556,40.372514],[-80.222441,40.372517],[-80.222358,40.372537],[-80.222168,40.372728],[-80.221681,40.372877],[-80.219528,40.373011],[-80.218944,40.373129],[-80.218419,40.373442],[-80.217647,40.37379],[-80.217287,40.374052],[-80.217153,40.37409],[-80.216796,40.374475],[-80.216573,40.374628],[-80.216482,40.37472],[-80.21652,40.375003],[-80.216448,40.375204],[-80.215943,40.375314],[-80.215698,40.375838],[-80.215367,40.376171],[-80.215224,40.37647],[-80.215192,40.376676],[-80.215223,40.376759],[-80.215369,40.376765],[-80.215652,40.376626],[-80.215835,40.376677],[-80.215906,40.376884],[-80.216162,40.377195],[-80.216225,40.377525],[-80.216183,40.377597],[-80.215835,40.377745],[-80.215787,40.377842],[-80.215736,40.378169],[-80.215586,40.378378],[-80.215311,40.378954],[-80.215239,40.379357],[-80.214973,40.379863],[-80.214977,40.380288],[-80.214832,40.380641],[-80.214767,40.380697],[-80.214447,40.380695],[-80.214032,40.380562],[-80.213592,40.380728],[-80.213137,40.381124],[-80.21258,40.382212],[-80.212189,40.382451],[-80.211616,40.383185],[-80.211577,40.383326],[-80.211201,40.383633],[-80.210922,40.38375],[-80.210784,40.383733],[-80.210684,40.383648],[-80.210581,40.383383],[-80.210459,40.383325],[-80.210225,40.383546],[-80.209794,40.383778],[-80.209717,40.38396],[-80.20985,40.384362],[-80.209848,40.384563],[-80.209781,40.384718],[-80.209217,40.384955],[-80.207988,40.385028],[-80.20761,40.385007],[-80.207264,40.385217],[-80.206881,40.385281],[-80.206619,40.385418],[-80.206351,40.385716],[-80.206304,40.385992],[-80.206168,40.386133],[-80.20537,40.386343],[-80.205,40.386746],[-80.20474,40.386851],[-80.20459,40.386971],[-80.204518,40.387199],[-80.204712,40.387426],[-80.204735,40.387529],[-80.20468,40.387694],[-80.204543,40.387849],[-80.204198,40.387952],[-80.203593,40.388032],[-80.20346,40.388103],[-80.203193,40.388407],[-80.202851,40.38853],[-80.20266,40.388801],[-80.202249,40.388938],[-80.201965,40.389135],[-80.201836,40.389152],[-80.201231,40.388979],[-80.20103,40.388994],[-80.200574,40.389102],[-80.199493,40.389546],[-80.199002,40.389691],[-80.19855,40.389525],[-80.198256,40.389638],[-80.197343,40.390376],[-80.196244,40.391043],[-80.196016,40.391097],[-80.195711,40.391402],[-80.195526,40.39149],[-80.195432,40.391686],[-80.195069,40.391978],[-80.195081,40.392041],[-80.195249,40.392194],[-80.195229,40.392274],[-80.194844,40.392555],[-80.194063,40.393004],[-80.193981,40.393087],[-80.193784,40.39356],[-80.193641,40.393689],[-80.193493,40.393789],[-80.192651,40.394018],[-80.192165,40.394247],[-80.19074,40.395262],[-80.190229,40.395526],[-80.190107,40.39568],[-80.189535,40.396048],[-80.189527,40.396151],[-80.18907,40.397214],[-80.19107,40.398333],[-80.192517,40.399524],[-80.192641,40.399769],[-80.192732,40.400323],[-80.193613,40.401868],[-80.19491,40.403155],[-80.195286,40.403402],[-80.196223,40.403661],[-80.19645,40.403772],[-80.197749,40.404729],[-80.196014,40.405415],[-80.193439,40.406347],[-80.19096,40.404718],[-80.190388,40.404387],[-80.192036,40.406893],[-80.192224,40.407258],[-80.192393,40.407727],[-80.192518,40.40842],[-80.192533,40.408878],[-80.192483,40.409324],[-80.193064,40.40964],[-80.195443,40.411856],[-80.197455,40.414124],[-80.19766,40.414378],[-80.197893,40.414786],[-80.198134,40.415382],[-80.1984,40.416252],[-80.198517,40.416395],[-80.198888,40.416583],[-80.199252,40.416683],[-80.200476,40.41675],[-80.200709,40.416824],[-80.200863,40.417019],[-80.200908,40.417511],[-80.200988,40.41768],[-80.201522,40.418377],[-80.201659,40.41864],[-80.201686,40.418798],[-80.203959,40.418764],[-80.210362,40.419066],[-80.211013,40.4207],[-80.211166,40.420865],[-80.2119,40.421333],[-80.212059,40.421528],[-80.212621,40.422872],[-80.212862,40.423877],[-80.212961,40.424091],[-80.21315,40.424187],[-80.213638,40.424263],[-80.213898,40.424431],[-80.214668,40.425091],[-80.215449,40.426253],[-80.218222,40.428565],[-80.219144,40.429216],[-80.21951,40.429421],[-80.221844,40.43031],[-80.223238,40.43097],[-80.225836,40.433292],[-80.226502,40.43373],[-80.228468,40.434647],[-80.229083,40.434884],[-80.233849,40.436118],[-80.234555,40.436445],[-80.235743,40.437103],[-80.236156,40.437424],[-80.236547,40.437867],[-80.238121,40.43996],[-80.238823,40.440992],[-80.239319,40.441557],[-80.23951,40.441708],[-80.239097,40.441743],[-80.237306,40.441656],[-80.233478,40.441203],[-80.232909,40.441092],[-80.231633,40.440563],[-80.230722,40.440321],[-80.228759,40.440148],[-80.227351,40.440081],[-80.227237,40.440876],[-80.227309,40.443124],[-80.227362,40.44338],[-80.227631,40.443776],[-80.229156,40.444777],[-80.229331,40.444995],[-80.229417,40.445273],[-80.229366,40.446187],[-80.229109,40.446949],[-80.228594,40.4482],[-80.228538,40.448457],[-80.228729,40.451401],[-80.228791,40.451497],[-80.228945,40.451572],[-80.22993,40.451639],[-80.230205,40.451708],[-80.230344,40.451795],[-80.231313,40.4527],[-80.231342,40.453316],[-80.231642,40.454546],[-80.232851,40.454539],[-80.233599,40.454662],[-80.232955,40.455035],[-80.233058,40.455124],[-80.233384,40.455167],[-80.234467,40.454919],[-80.234574,40.454621],[-80.234447,40.454019],[-80.234521,40.45377],[-80.234451,40.453272],[-80.234472,40.453092],[-80.23453,40.452972],[-80.234731,40.452799],[-80.235027,40.45259],[-80.235333,40.452448],[-80.235909,40.45233],[-80.236145,40.452369],[-80.236901,40.452308],[-80.237631,40.452077],[-80.237961,40.452225],[-80.238227,40.452099],[-80.238501,40.452047],[-80.239633,40.452135],[-80.240495,40.451995],[-80.240775,40.451877],[-80.241049,40.451618],[-80.241152,40.451344],[-80.24111,40.451235],[-80.241222,40.451138],[-80.242886,40.450475],[-80.243419,40.450394],[-80.243578,40.4503],[-80.243727,40.449995],[-80.244498,40.449817],[-80.244994,40.449793],[-80.245628,40.449884],[-80.246075,40.449811],[-80.247834,40.449779],[-80.248658,40.449702],[-80.248863,40.449775],[-80.249058,40.449983],[-80.249232,40.450046],[-80.250468,40.449965],[-80.250634,40.449902],[-80.251441,40.449487],[-80.251562,40.449353],[-80.251852,40.449317],[-80.252031,40.449032],[-80.252529,40.44876],[-80.252661,40.448713],[-80.252855,40.448741],[-80.253091,40.448626],[-80.25328,40.448438],[-80.253221,40.448162],[-80.25327,40.448065],[-80.253551,40.447858],[-80.253906,40.447686],[-80.2541,40.447644],[-80.254354,40.447495],[-80.254395,40.447166],[-80.254464,40.447115],[-80.254749,40.447033],[-80.255284,40.447116],[-80.255521,40.447061],[-80.255676,40.446943],[-80.255885,40.446621],[-80.256405,40.44643],[-80.256699,40.445953],[-80.256986,40.445602],[-80.257251,40.445506],[-80.258178,40.44546],[-80.258241,40.44518],[-80.258506,40.445189],[-80.258541,40.44505],[-80.258814,40.444908],[-80.258519,40.444773],[-80.258564,40.444667],[-80.259358,40.444488],[-80.260145,40.444133],[-80.260266,40.444012],[-80.260647,40.443784],[-80.26065,40.443725],[-80.260777,40.443591],[-80.260859,40.443028],[-80.261233,40.442751],[-80.262137,40.442344],[-80.262466,40.44231],[-80.262569,40.44222],[-80.262588,40.442054],[-80.264039,40.441405],[-80.264974,40.441304],[-80.265048,40.44125],[-80.265497,40.441364],[-80.266038,40.44113],[-80.266575,40.441024],[-80.267571,40.440987],[-80.26851,40.441268],[-80.269199,40.4414],[-80.269662,40.441431],[-80.270643,40.441767],[-80.27302,40.441898],[-80.27443,40.441923],[-80.275077,40.442047],[-80.275393,40.442259],[-80.275533,40.442276],[-80.275588,40.442353],[-80.275738,40.442339],[-80.276554,40.442488],[-80.276697,40.442594],[-80.276946,40.442527],[-80.277066,40.442599],[-80.277862,40.442596],[-80.277943,40.442629],[-80.277975,40.442754],[-80.278302,40.442711],[-80.278432,40.442848],[-80.278784,40.442748],[-80.279128,40.442905],[-80.27946,40.442927],[-80.279974,40.442805],[-80.281679,40.442722],[-80.282078,40.442784],[-80.282295,40.442598],[-80.28252,40.442152],[-80.282705,40.441905],[-80.282651,40.441685],[-80.283533,40.440967],[-80.283945,40.440391],[-80.284237,40.439874],[-80.284559,40.437372],[-80.284527,40.437315],[-80.284767,40.435819],[-80.28504,40.433488],[-80.295958,40.425646]]]}},{"type":"Feature","properties":{"geoid":"42003453003","name":"Census Tract 4530.03","land_m2":15578664.0},"geometry":{"type":"Polygon","coordinates":[[[-80.23951,40.441708],[-80.239319,40.441557],[-80.238823,40.440992],[-80.238121,40.43996],[-80.236547,40.437867],[-80.236156,40.437424],[-80.235743,40.437103],[-80.234555,40.436445],[-80.233849,40.436118],[-80.229083,40.434884],[-80.228468,40.434647],[-80.226502,40.43373],[-80.225836,40.433292],[-80.223238,40.43097],[-80.221844,40.43031],[-80.21951,40.429421],[-80.219144,40.429216],[-80.218222,40.428565],[-80.215449,40.426253],[-80.214668,40.425091],[-80.213898,40.424431],[-80.213638,40.424263],[-80.21315,40.424187],[-80.212961,40.424091],[-80.212862,40.423877],[-80.212621,40.422872],[-80.212059,40.421528],[-80.2119,40.421333],[-80.211166,40.420865],[-80.211013,40.4207],[-80.210362,40.419066],[-80.203959,40.418764],[-80.201686,40.418798],[-80.201659,40.41864],[-80.201522,40.418377],[-80.200988,40.41768],[-80.200908,40.417511],[-80.200863,40.417019],[-80.200709,40.416824],[-80.200476,40.41675],[-80.199252,40.416683],[-80.198888,40.416583],[-80.198539,40.416412],[-80.1984,40.416252],[-80.198134,40.415382],[-80.197893,40.414786],[-80.19766,40.414378],[-80.197455,40.414124],[-80.195443,40.411856],[-80.193064,40.40964],[-80.192483,40.409324],[-80.192533,40.408878],[-80.192518,40.40842],[-80.192393,40.407727],[-80.192224,40.407258],[-80.191782,40.406496],[-80.189839,40.403572],[-80.189596,40.403501],[-80.188939,40.403105],[-80.184636,40.406435],[-80.181585,40.403478],[-80.182085,40.403155],[-80.179707,40.401292],[-80.17988,40.401054],[-80.177673,40.399572],[-80.177456,40.399722],[-80.176662,40.400096],[-80.175533,40.400883],[-80.174696,40.401105],[-80.173629,40.401272],[-80.173345,40.401268],[-80.173196,40.401256],[-80.172717,40.401081],[-80.172507,40.40092],[-80.172367,40.400546],[-80.172139,40.399073],[-80.17213,40.398757],[-80.172193,40.398335],[-80.172147,40.398266],[-80.171917,40.398181],[-80.171641,40.397945],[-80.171548,40.397919],[-80.171206,40.397979],[-80.171091,40.397941],[-80.170959,40.397799],[-80.170787,40.397767],[-80.170347,40.397865],[-80.170253,40.397924],[-80.170198,40.398107],[-80.16959,40.398937],[-80.169473,40.399274],[-80.169425,40.399754],[-80.169348,40.400032],[-80.169123,40.400533],[-80.169121,40.400715],[-80.169286,40.401137],[-80.168723,40.401803],[-80.167361,40.418202],[-80.16749,40.418257],[-80.167616,40.418147],[-80.167732,40.418167],[-80.167897,40.418435],[-80.168097,40.419763],[-80.168197,40.420146],[-80.168038,40.420819],[-80.167731,40.420788],[-80.167654,40.420954],[-80.167891,40.421368],[-80.168065,40.421944],[-80.168073,40.422276],[-80.168139,40.422454],[-80.168099,40.422871],[-80.168276,40.422979],[-80.168379,40.423174],[-80.168661,40.42334],[-80.168813,40.423562],[-80.168865,40.423752],[-80.168822,40.423965],[-80.168497,40.42415],[-80.168512,40.424514],[-80.168361,40.424847],[-80.168369,40.424992],[-80.168526,40.425129],[-80.168519,40.425399],[-80.168604,40.425528],[-80.168774,40.426162],[-80.168752,40.426247],[-80.168502,40.42637],[-80.168714,40.426721],[-80.168598,40.427079],[-80.168712,40.427323],[-80.168678,40.427492],[-80.1686,40.427594],[-80.168614,40.427664],[-80.168741,40.427933],[-80.169026,40.428087],[-80.169007,40.428321],[-80.169418,40.428528],[-80.16965,40.428804],[-80.169815,40.42912],[-80.169906,40.429474],[-80.169849,40.42986],[-80.170067,40.43024],[-80.169945,40.430726],[-80.16997,40.430901],[-80.169921,40.430938],[-80.17001,40.431048],[-80.170246,40.431093],[-80.170258,40.431435],[-80.17035,40.431728],[-80.170434,40.431775],[-80.170532,40.431932],[-80.170428,40.432124],[-80.170534,40.432294],[-80.170552,40.432474],[-80.171117,40.432869],[-80.171592,40.433449],[-80.171629,40.433531],[-80.17159,40.433721],[-80.171757,40.433876],[-80.171959,40.434208],[-80.172161,40.43431],[-80.172166,40.434397],[-80.172241,40.434466],[-80.17224,40.434611],[-80.17234,40.434906],[-80.172589,40.435177],[-80.17273,40.435522],[-80.172654,40.43582],[-80.172544,40.435982],[-80.172393,40.436076],[-80.172176,40.43634],[-80.171511,40.43659],[-80.171459,40.436822],[-80.171187,40.43717],[-80.171222,40.437243],[-80.17138,40.437232],[-80.171495,40.437338],[-80.171513,40.43764],[-80.171502,40.437829],[-80.171258,40.438785],[-80.171264,40.439062],[-80.171129,40.439526],[-80.171185,40.439617],[-80.171058,40.439926],[-80.171594,40.44148],[-80.171549,40.441638],[-80.171597,40.44183],[-80.171702,40.442093],[-80.171884,40.442317],[-80.17189,40.442477],[-80.172016,40.442582],[-80.172139,40.44278],[-80.172293,40.443659],[-80.172026,40.444007],[-80.172038,40.44614],[-80.174294,40.44562],[-80.174972,40.445419],[-80.176955,40.444724],[-80.178583,40.444039],[-80.179154,40.44409],[-80.17994,40.444066],[-80.183114,40.443764],[-80.18423,40.443558],[-80.188708,40.441983],[-80.189334,40.441815],[-80.190212,40.441763],[-80.191301,40.441919],[-80.191962,40.441915],[-80.192605,40.441793],[-80.193661,40.441435],[-80.194544,40.441323],[-80.194986,40.441339],[-80.197618,40.441675],[-80.198577,40.441744],[-80.201792,40.441846],[-80.20308,40.441762],[-80.208643,40.440659],[-80.209295,40.440415],[-80.209694,40.440207],[-80.210776,40.439418],[-80.211202,40.439256],[-80.211667,40.439166],[-80.216015,40.439172],[-80.222516,40.439952],[-80.223481,40.440022],[-80.227547,40.440086],[-80.230243,40.440265],[-80.230722,40.440321],[-80.231413,40.440488],[-80.23269,40.441017],[-80.233135,40.441151],[-80.237306,40.441656],[-80.239097,40.441743],[-80.23951,40.441708]]]}},{"type":"Feature","properties":{"geoid":"42003434000","name":"Census Tract 4340","land_m2":981713.0},"geometry":{"type":"Polygon","coordinates":[[[-80.089475,40.503252],[-80.089504,40.5032],[-80.087668,40.502611],[-80.083905,40.50196],[-80.081451,40.501439],[-80.079559,40.500832],[-80.077795,40.500184],[-80.076255,40.499335],[-80.075005,40.498395],[-80.074912,40.500673],[-80.074942,40.501268],[-80.074875,40.501614],[-80.075069,40.503959],[-80.07532,40.508782],[-80.075357,40.508832],[-80.077522,40.509449],[-80.078509,40.510157],[-80.077959,40.510987],[-80.080524,40.51226],[-80.08052,40.511529],[-80.080738,40.51152],[-80.080739,40.511299],[-80.081284,40.511297],[-80.081409,40.511408],[-80.082491,40.511378],[-80.082881,40.510971],[-80.08352,40.510137],[-80.084574,40.510277],[-80.085528,40.510667],[-80.085788,40.510975],[-80.087627,40.51074],[-80.087678,40.510722],[-80.087503,40.510612],[-80.087842,40.510199],[-80.08816,40.510302],[-80.088231,40.510207],[-80.088306,40.51024],[-80.088846,40.50966],[-80.088705,40.509432],[-80.0887,40.508081],[-80.088097,40.507046],[-80.088081,40.506486],[-80.087932,40.505607],[-80.088119,40.505535],[-80.089475,40.503252]]]}},{"type":"Feature","properties":{"geoid":"42003435000","name":"Census Tract 4350","land_m2":1472771.0},"geometry":{"type":"Polygon","coordinates":[[[-80.108617,40.513213],[-80.108363,40.510521],[-80.098576,40.506969],[-80.095736,40.505759],[-80.092901,40.50432],[-80.09163,40.503846],[-80.089504,40.5032],[-80.088119,40.505535],[-80.087932,40.505607],[-80.088081,40.506486],[-80.088097,40.507046],[-80.0887,40.508081],[-80.088705,40.509432],[-80.088846,40.50966],[-80.088306,40.51024],[-80.088231,40.510207],[-80.08816,40.510302],[-80.087842,40.510199],[-80.087503,40.510612],[-80.087678,40.510722],[-80.087716,40.511203],[-80.087863,40.511204],[-80.087911,40.512297],[-80.08762,40.512305],[-80.087635,40.512737],[-80.087288,40.512746],[-80.087309,40.513068],[-80.087083,40.513081],[-80.087133,40.516007],[-80.087108,40.51706],[-80.088595,40.51698],[-80.088584,40.516611],[-80.09367,40.516521],[-80.096306,40.516402],[-80.096075,40.515663],[-80.095903,40.514784],[-80.098766,40.514714],[-80.099069,40.514623],[-80.10107,40.515354],[-80.101096,40.515482],[-80.105973,40.516563],[-80.107481,40.516823],[-80.108024,40.514717],[-80.107975,40.5146],[-80.108145,40.513942],[-80.108617,40.513213]]]}},{"type":"Feature","properties":{"geoid":"42003140500","name":"Census Tract 1405","land_m2":782035.0},"geometry":{"type":"Polygon","coordinates":[[[-79.912284,40.454091],[-79.912424,40.454037],[-79.909843,40.452268],[-79.908654,40.451665],[-79.893225,40.446494],[-79.892423,40.450266],[-79.892423,40.450455],[-79.892601,40.450561],[-79.892784,40.450302],[-79.894439,40.451112],[-79.90225,40.454168],[-79.906009,40.455768],[-79.906672,40.455895],[-79.907501,40.45597],[-79.907886,40.456061],[-79.909547,40.456691],[-79.912284,40.454091]]]}},{"type":"Feature","properties":{"geoid":"42003170200","name":"Census Tract 1702","land_m2":1111630.0},"geometry":{"type":"Polygon","coordinates":[[[-79.998772,40.429796],[-79.998803,40.429749],[-79.998376,40.429597],[-79.992896,40.427772],[-79.992552,40.427665],[-79.992295,40.427679],[-79.991071,40.427323],[-79.989022,40.426634],[-79.988592,40.426395],[-79.986946,40.425894],[-79.986272,40.425753],[-79.985594,40.425681],[-79.976607,40.425126],[-79.976094,40.430253],[-79.976031,40.4303],[-79.975995,40.430469],[-79.975817,40.431756],[-79.974343,40.431301],[-79.973779,40.431175],[-79.973823,40.431539],[-79.973793,40.432272],[-79.973502,40.433877],[-79.975474,40.434369],[-79.97915,40.433811],[-79.982926,40.433365],[-79.98811,40.432601],[-79.993405,40.432613],[-79.993415,40.432558],[-79.994077,40.432629],[-79.994527,40.432609],[-79.996738,40.432801],[-79.998772,40.429796]]]}},{"type":"Feature","properties":{"geoid":"42003428200","name":"Census Tract 4282","land_m2":4421772.0},"geometry":{"type":"Polygon","coordinates":[[[-80.003932,40.496285],[-80.003992,40.496288],[-80.003703,40.490625],[-80.003188,40.482376],[-80.001767,40.482428],[-80.001683,40.480082],[-79.998778,40.479814],[-79.998539,40.478906],[-79.996517,40.479186],[-79.995346,40.477361],[-79.995987,40.477332],[-79.995833,40.474536],[-79.996084,40.474456],[-79.996431,40.474429],[-79.997611,40.474591],[-79.997545,40.472982],[-79.99186,40.473134],[-79.993286,40.474592],[-79.993414,40.476661],[-79.995023,40.477361],[-79.993328,40.47742],[-79.992797,40.477393],[-79.988931,40.47704],[-79.988092,40.476763],[-79.987879,40.476303],[-79.987774,40.476641],[-79.987455,40.477094],[-79.98711,40.477355],[-79.986349,40.477733],[-79.986102,40.477903],[-79.986042,40.47808],[-79.986194,40.478317],[-79.983543,40.478028],[-79.982934,40.478086],[-79.982686,40.478065],[-79.982665,40.477263],[-79.982531,40.477281],[-79.982507,40.478076],[-79.982564,40.481628],[-79.982652,40.483063],[-79.978819,40.483166],[-79.975164,40.483371],[-79.975479,40.486579],[-79.975611,40.488561],[-79.975675,40.488755],[-79.975819,40.491433],[-79.976006,40.493691],[-79.983831,40.493523],[-79.984284,40.493438],[-79.98528,40.493619],[-79.985646,40.501953],[-79.989709,40.500658],[-79.989625,40.497214],[-79.994275,40.497068],[-79.994142,40.494043],[-79.995203,40.494018],[-79.995473,40.494381],[-79.995966,40.494714],[-79.996733,40.494985],[-79.998143,40.495367],[-80.003932,40.496285]]]}},{"type":"Feature","properties":{"geoid":"42003050100","name":"Census Tract 501","land_m2":790373.0},"geometry":{"type":"Polygon","coordinates":[[[-79.982429,40.446493],[-79.980342,40.443632],[-79.980004,40.44387],[-79.979273,40.442872],[-79.975616,40.444438],[-79.975045,40.44366],[-79.970873,40.445405],[-79.968957,40.446087],[-79.965165,40.448713],[-79.96487,40.448777],[-79.965344,40.449937],[-79.965372,40.450155],[-79.96436,40.451959],[-79.964353,40.45221],[-79.964925,40.452883],[-79.965981,40.452975],[-79.966443,40.453177],[-79.966665,40.453175],[-79.969457,40.451997],[-79.968921,40.451149],[-79.970462,40.450491],[-79.972523,40.44962],[-79.972998,40.450493],[-79.982429,40.446493]]]}},{"type":"Feature","properties":{"geoid":"42003070600","name":"Census Tract 706","land_m2":289738.0},"geometry":{"type":"Polygon","coordinates":[[[-79.930979,40.452062],[-79.929646,40.449827],[-79.92716,40.450643],[-79.922075,40.452686],[-79.920712,40.452894],[-79.922546,40.455862],[-79.922577,40.456006],[-79.922454,40.456791],[-79.925198,40.457378],[-79.925341,40.454161],[-79.928475,40.45288],[-79.930979,40.452062]]]}},{"type":"Feature","properties":{"geoid":"42003080700","name":"Census Tract 807","land_m2":275058.0},"geometry":{"type":"Polygon","coordinates":[[[-79.93704,40.457774],[-79.937034,40.457532],[-79.93649,40.456565],[-79.934057,40.457262],[-79.934256,40.457577],[-79.934066,40.457927],[-79.930673,40.463493],[-79.934518,40.464772],[-79.935108,40.464734],[-79.935825,40.462921],[-79.936074,40.462976],[-79.93704,40.457774]]]}},{"type":"Feature","properties":{"geoid":"42003090100","name":"Census Tract 901","land_m2":672423.0},"geometry":{"type":"Polygon","coordinates":[[[-79.968685,40.47275],[-79.966573,40.471568],[-79.963846,40.469936],[-79.96229,40.468707],[-79.96091,40.469796],[-79.95963,40.471696],[-79.957796,40.474205],[-79.957728,40.474534],[-79.957605,40.476188],[-79.956947,40.477013],[-79.955699,40.478347],[-79.959827,40.481329],[-79.960535,40.481872],[-79.96069,40.482055],[-79.962997,40.479958],[-79.96384,40.479046],[-79.964635,40.478098],[-79.965716,40.476502],[-79.966413,40.475565],[-79.967371,40.474553],[-79.968056,40.473668],[-79.968685,40.47275]]]}},{"type":"Feature","properties":{"geoid":"42003111500","name":"Census Tract 1115","land_m2":965267.0},"geometry":{"type":"Polygon","coordinates":[[[-79.934256,40.457577],[-79.934057,40.457262],[-79.925721,40.459726],[-79.922723,40.460656],[-79.922622,40.460555],[-79.922172,40.460438],[-79.921229,40.460045],[-79.917412,40.457481],[-79.916687,40.458176],[-79.916616,40.458416],[-79.91644,40.458742],[-79.915771,40.459858],[-79.915681,40.460106],[-79.91571,40.460314],[-79.915809,40.460871],[-79.916071,40.46167],[-79.916376,40.462265],[-79.916787,40.46279],[-79.917406,40.463446],[-79.918354,40.464335],[-79.91877,40.464627],[-79.920424,40.465275],[-79.921635,40.465681],[-79.922408,40.465877],[-79.923475,40.466061],[-79.924257,40.466297],[-79.927709,40.467534],[-79.928123,40.467723],[-79.93362,40.458688],[-79.934256,40.457577]]]}},{"type":"Feature","properties":{"geoid":"42003460001","name":"Census Tract 4600.01","land_m2":6661893.0},"geometry":{"type":"Polygon","coordinates":[[[-80.125909,40.48997],[-80.125049,40.488412],[-80.124914,40.488276],[-80.124493,40.487588],[-80.124286,40.487079],[-80.124245,40.486836],[-80.123993,40.486331],[-80.123453,40.485646],[-80.123376,40.485313],[-80.123036,40.484684],[-80.122639,40.483659],[-80.121623,40.481935],[-80.121249,40.481108],[-80.121069,40.480849],[-80.121076,40.480686],[-80.120858,40.480369],[-80.11927,40.480868],[-80.117106,40.481673],[-80.116201,40.481897],[-80.114238,40.482069],[-80.112646,40.482147],[-80.108857,40.481736],[-80.106023,40.480994],[-80.105305,40.480704],[-80.104988,40.480513],[-80.104704,40.480297],[-80.104388,40.479966],[-80.102978,40.478034],[-80.101733,40.47683],[-80.101165,40.476387],[-80.10084,40.476206],[-80.100024,40.475887],[-80.097938,40.475549],[-80.095523,40.475001],[-80.094962,40.474771],[-80.094172,40.474299],[-80.093768,40.474131],[-80.093218,40.47406],[-80.092803,40.474117],[-80.092515,40.474217],[-80.091447,40.47476],[-80.090554,40.475022],[-80.08992,40.475091],[-80.08859,40.475011],[-80.088222,40.475042],[-80.084865,40.475803],[-80.084536,40.475805],[-80.084145,40.475713],[-80.083772,40.477635],[-80.08365,40.47804],[-80.083456,40.479782],[-80.083925,40.480406],[-80.087503,40.485692],[-80.087605,40.486357],[-80.091415,40.491742],[-80.099882,40.494841],[-80.099947,40.495032],[-80.099958,40.495586],[-80.099753,40.496847],[-80.099697,40.498159],[-80.099627,40.498394],[-80.099135,40.49943],[-80.101651,40.500203],[-80.103434,40.500883],[-80.110178,40.502565],[-80.112275,40.503186],[-80.114341,40.503672],[-80.115923,40.50396],[-80.119616,40.499012],[-80.121227,40.496477],[-80.122642,40.494445],[-80.125909,40.48997]]]}},{"type":"Feature","properties":{"geoid":"42003101400","name":"Census Tract 1014","land_m2":964745.0},"geometry":{"type":"Polygon","coordinates":[[[-79.938012,40.491067],[-79.937156,40.488429],[-79.935405,40.489053],[-79.934852,40.489169],[-79.933278,40.489145],[-79.933255,40.489062],[-79.932635,40.489026],[-79.932151,40.489025],[-79.931563,40.489144],[-79.930233,40.489134],[-79.929744,40.489115],[-79.927872,40.488849],[-79.925532,40.488308],[-79.925674,40.487937],[-79.925978,40.487617],[-79.92697,40.487686],[-79.929832,40.485388],[-79.93202,40.478584],[-79.931716,40.476482],[-79.93184,40.476084],[-79.931799,40.475391],[-79.931916,40.475217],[-79.93131,40.473511],[-79.928349,40.472318],[-79.928314,40.474717],[-79.928583,40.475332],[-79.927628,40.477905],[-79.927493,40.47866],[-79.927333,40.480991],[-79.924815,40.481899],[-79.924152,40.483152],[-79.924225,40.483232],[-79.923283,40.484358],[-79.922352,40.48532],[-79.921778,40.485763],[-79.920798,40.486389],[-79.920603,40.486566],[-79.920458,40.486785],[-79.920445,40.486958],[-79.920526,40.487199],[-79.920473,40.487248],[-79.920248,40.487412],[-79.919639,40.487308],[-79.919368,40.488201],[-79.913332,40.486683],[-79.913345,40.486632],[-79.913254,40.486614],[-79.912483,40.488273],[-79.921036,40.490036],[-79.923567,40.490717],[-79.927922,40.491538],[-79.92944,40.491627],[-79.93218,40.491689],[-79.935572,40.491491],[-79.937113,40.491255],[-79.938012,40.491067]]]}},{"type":"Feature","properties":{"geoid":"42003140300","name":"Census Tract 1403","land_m2":941940.0},"geometry":{"type":"Polygon","coordinates":[[[-79.927925,40.444121],[-79.927728,40.439522],[-79.927683,40.438106],[-79.927714,40.438039],[-79.926255,40.438074],[-79.913083,40.438028],[-79.91165,40.446696],[-79.912028,40.446772],[-79.91234,40.446734],[-79.91389,40.446451],[-79.914125,40.446357],[-79.91442,40.44616],[-79.915444,40.444997],[-79.915668,40.444778],[-79.915848,40.444691],[-79.920513,40.443851],[-79.927182,40.444061],[-79.927925,40.444121]]]}},{"type":"Feature","properties":{"geoid":"42003470400","name":"Census Tract 4704","land_m2":1790089.0},"geometry":{"type":"Polygon","coordinates":[[[-80.098205,40.374032],[-80.098214,40.373429],[-80.09708,40.372253],[-80.096942,40.372024],[-80.096868,40.371572],[-80.09667,40.371145],[-80.095854,40.370266],[-80.09564,40.370138],[-80.09509,40.369608],[-80.094766,40.369138],[-80.094657,40.368881],[-80.094492,40.368109],[-80.094414,40.36686],[-80.094274,40.366315],[-80.094296,40.365549],[-80.094512,40.364559],[-80.09476,40.364191],[-80.095418,40.363831],[-80.095265,40.36335],[-80.095124,40.363381],[-80.095043,40.363298],[-80.095029,40.363196],[-80.095105,40.363097],[-80.094827,40.362792],[-80.0943,40.362425],[-80.094262,40.362539],[-80.093498,40.362563],[-80.093257,40.362511],[-80.092923,40.362398],[-80.093033,40.362073],[-80.092485,40.36203],[-80.092466,40.362084],[-80.089467,40.361821],[-80.0891,40.361812],[-80.088334,40.361922],[-80.087513,40.362244],[-80.087675,40.362834],[-80.087302,40.362753],[-80.087661,40.363721],[-80.086937,40.363981],[-80.086303,40.36384],[-80.085684,40.36304],[-80.085146,40.363157],[-80.084826,40.363164],[-80.082828,40.363009],[-80.081825,40.363059],[-80.081414,40.36428],[-80.072816,40.363434],[-80.072664,40.363778],[-80.074461,40.365033],[-80.073591,40.365497],[-80.074015,40.365901],[-80.074753,40.36643],[-80.075522,40.367145],[-80.077865,40.3695],[-80.078077,40.369754],[-80.078653,40.370726],[-80.078761,40.370833],[-80.0792,40.371632],[-80.080051,40.371397],[-80.080318,40.37138],[-80.081007,40.371525],[-80.081637,40.371768],[-80.082104,40.371819],[-80.082558,40.371759],[-80.082983,40.371555],[-80.083217,40.371359],[-80.083422,40.371043],[-80.084137,40.368318],[-80.090549,40.372775],[-80.091203,40.373303],[-80.09215,40.374182],[-80.092743,40.37446],[-80.094378,40.374788],[-80.093535,40.377357],[-80.093034,40.378485],[-80.09193,40.380339],[-80.090378,40.382455],[-80.09078,40.383682],[-80.090813,40.383914],[-80.090783,40.384134],[-80.091027,40.384089],[-80.091102,40.384012],[-80.091086,40.383005],[-80.091157,40.382719],[-80.091368,40.38243],[-80.091716,40.382277],[-80.092898,40.382212],[-80.093241,40.38255],[-80.09337,40.381767],[-80.093413,40.380287],[-80.094372,40.37808],[-80.094734,40.377623],[-80.095491,40.377178],[-80.096636,40.376107],[-80.097065,40.375653],[-80.097296,40.375289],[-80.097651,40.374982],[-80.098122,40.374255],[-80.098205,40.374032]]]}},{"type":"Feature","properties":{"geoid":"42003140400","name":"Census Tract 1404","land_m2":834995.0},"geometry":{"type":"Polygon","coordinates":[[[-79.921576,40.44767],[-79.921531,40.447244],[-79.920513,40.443851],[-79.915848,40.444691],[-79.915668,40.444778],[-79.915444,40.444997],[-79.91442,40.44616],[-79.914125,40.446357],[-79.91389,40.446451],[-79.91234,40.446734],[-79.912028,40.446772],[-79.91165,40.446696],[-79.908192,40.451487],[-79.908957,40.451794],[-79.909843,40.452268],[-79.912424,40.454037],[-79.912593,40.453979],[-79.920712,40.452894],[-79.92023,40.451218],[-79.920269,40.450957],[-79.921576,40.44767]]]}},{"type":"Feature","properties":{"geoid":"42003320700","name":"Census Tract 3207","land_m2":1313842.0},"geometry":{"type":"Polygon","coordinates":[[[-80.007609,40.388267],[-80.007767,40.388234],[-80.007446,40.387519],[-80.007685,40.387224],[-80.006844,40.38577],[-80.005992,40.384035],[-80.005966,40.383612],[-80.006448,40.383503],[-80.006426,40.383456],[-80.005121,40.383883],[-80.003653,40.382041],[-80.003335,40.38117],[-80.001728,40.379699],[-80.00222,40.379287],[-80.003176,40.37884],[-80.004181,40.37817],[-80.004869,40.377627],[-80.005361,40.377133],[-80.005689,40.376613],[-80.005875,40.375989],[-80.006136,40.37549],[-80.00625,40.375306],[-80.006708,40.374861],[-80.005606,40.374678],[-80.004977,40.374461],[-80.004125,40.373981],[-80.003772,40.374393],[-80.002716,40.374569],[-80.001439,40.374887],[-80.000627,40.375509],[-80.000282,40.376017],[-79.999123,40.377344],[-79.998051,40.376472],[-79.994945,40.375666],[-79.994401,40.375718],[-79.993999,40.375839],[-79.994132,40.376728],[-79.99411,40.376926],[-79.993707,40.378039],[-79.99358,40.378321],[-79.992901,40.378604],[-79.992796,40.378609],[-79.993198,40.378801],[-79.993577,40.379101],[-79.994162,40.379982],[-79.995474,40.381349],[-79.995894,40.382083],[-79.995998,40.382598],[-79.995962,40.383071],[-79.995784,40.383601],[-79.995049,40.384681],[-79.994887,40.385005],[-79.99481,40.385468],[-79.994823,40.385842],[-79.994893,40.386119],[-79.9952,40.386601],[-79.996415,40.387958],[-79.996759,40.388608],[-79.996843,40.3889],[-79.996896,40.389401],[-79.996672,40.39061],[-79.996667,40.391028],[-79.996759,40.391492],[-79.997122,40.392311],[-79.997306,40.392991],[-79.997686,40.392595],[-79.99791,40.392186],[-79.997823,40.391199],[-79.997838,40.389746],[-79.999398,40.389887],[-79.999192,40.388925],[-79.999267,40.388943],[-80.002164,40.388193],[-80.002632,40.388619],[-80.002768,40.38871],[-80.002905,40.388723],[-80.004648,40.388365],[-80.00588,40.388374],[-80.005872,40.388761],[-80.005907,40.388809],[-80.006774,40.388844],[-80.006947,40.389037],[-80.007424,40.388836],[-80.007324,40.388696],[-80.007006,40.388471],[-80.007167,40.388372],[-80.007609,40.388267]]]}},{"type":"Feature","properties":{"geoid":"42003040600","name":"Census Tract 406","land_m2":252018.0},"geometry":{"type":"Polygon","coordinates":[[[-79.956346,40.435286],[-79.956408,40.435124],[-79.954729,40.434612],[-79.952213,40.434245],[-79.951686,40.434233],[-79.94986,40.43443],[-79.949599,40.436021],[-79.949581,40.436505],[-79.949861,40.43931],[-79.949832,40.439817],[-79.949694,40.440236],[-79.94948,40.440574],[-79.948953,40.44118],[-79.949244,40.441345],[-79.949482,40.440934],[-79.949675,40.440718],[-79.950144,40.440408],[-79.950838,40.439814],[-79.950563,40.439279],[-79.951068,40.43912],[-79.951551,40.439221],[-79.952335,40.439672],[-79.956176,40.43595],[-79.956174,40.435774],[-79.956346,40.435286]]]}},{"type":"Feature","properties":{"geoid":"42003492800","name":"Census Tract 4928","land_m2":1647081.0},"geometry":{"type":"Polygon","coordinates":[[[-79.89402,40.296997],[-79.893897,40.296454],[-79.893847,40.295712],[-79.893764,40.295233],[-79.893664,40.294985],[-79.893414,40.294719],[-79.892949,40.294482],[-79.891988,40.294138],[-79.888816,40.29358],[-79.888821,40.293354],[-79.88898,40.292765],[-79.889292,40.292435],[-79.889553,40.291858],[-79.889737,40.291193],[-79.889774,40.290797],[-79.889386,40.290186],[-79.888931,40.290069],[-79.889246,40.289934],[-79.889199,40.289862],[-79.888517,40.289632],[-79.888319,40.289512],[-79.888238,40.289389],[-79.888274,40.289141],[-79.888573,40.288847],[-79.888651,40.2887],[-79.888624,40.288588],[-79.888363,40.288311],[-79.888444,40.287923],[-79.888183,40.287865],[-79.888079,40.287797],[-79.887455,40.287088],[-79.886239,40.286826],[-79.885959,40.287021],[-79.885185,40.287287],[-79.883042,40.283122],[-79.882034,40.283411],[-79.880129,40.285376],[-79.878312,40.285029],[-79.878161,40.284927],[-79.877347,40.286162],[-79.875493,40.289635],[-79.873291,40.294267],[-79.874605,40.294521],[-79.874601,40.294807],[-79.87814,40.29483],[-79.880682,40.296111],[-79.88057,40.296327],[-79.880436,40.296455],[-79.877269,40.299085],[-79.878268,40.299298],[-79.879283,40.299326],[-79.879927,40.29925],[-79.881749,40.298674],[-79.883584,40.298364],[-79.883958,40.298346],[-79.884388,40.298462],[-79.883666,40.298136],[-79.887781,40.297432],[-79.88943,40.297249],[-79.889929,40.297257],[-79.891814,40.297088],[-79.892929,40.297066],[-79.893391,40.296941],[-79.89402,40.296997]]]}},{"type":"Feature","properties":{"geoid":"42003427000","name":"Census Tract 4270","land_m2":1602599.0},"geometry":{"type":"Polygon","coordinates":[[[-79.982652,40.483063],[-79.982564,40.481628],[-79.982507,40.478076],[-79.982543,40.476977],[-79.979565,40.477086],[-79.978642,40.47882],[-79.978608,40.478817],[-79.977618,40.478302],[-79.975789,40.477476],[-79.975541,40.477212],[-79.974032,40.477231],[-79.974092,40.476336],[-79.973521,40.476274],[-79.973649,40.475495],[-79.972115,40.475502],[-79.97457,40.472203],[-79.975595,40.471873],[-79.976716,40.471341],[-79.977193,40.470848],[-79.974678,40.469436],[-79.974109,40.469563],[-79.973398,40.470087],[-79.972852,40.470341],[-79.971745,40.47047],[-79.970767,40.470658],[-79.970036,40.471108],[-79.969312,40.471826],[-79.968056,40.473668],[-79.967371,40.474553],[-79.966413,40.475565],[-79.965716,40.476502],[-79.964756,40.477917],[-79.967418,40.478986],[-79.969625,40.480247],[-79.970488,40.480681],[-79.970839,40.480823],[-79.971894,40.481094],[-79.972581,40.481491],[-79.972831,40.481808],[-79.97288,40.482077],[-79.972793,40.482247],[-79.972252,40.482579],[-79.972025,40.482788],[-79.971883,40.483085],[-79.971809,40.483574],[-79.969842,40.483604],[-79.969952,40.484684],[-79.969969,40.48523],[-79.9699,40.48523],[-79.969901,40.485289],[-79.970375,40.491108],[-79.970464,40.492889],[-79.970935,40.494602],[-79.97111,40.495389],[-79.97108,40.495511],[-79.976154,40.495311],[-79.975819,40.491433],[-79.975675,40.488755],[-79.975611,40.488561],[-79.975479,40.486579],[-79.975164,40.483371],[-79.978819,40.483166],[-79.982652,40.483063]]]}},{"type":"Feature","properties":{"geoid":"42003490003","name":"Census Tract 4900.03","land_m2":7806764.0},"geometry":{"type":"Polygon","coordinates":[[[-80.009341,40.32112],[-80.008697,40.320303],[-80.005442,40.314004],[-80.005096,40.313442],[-80.002299,40.309976],[-80.00167,40.309329],[-80.001022,40.308753],[-79.999774,40.30771],[-79.999236,40.307353],[-79.998729,40.307105],[-79.997853,40.306824],[-79.997065,40.306702],[-79.996451,40.306678],[-79.996374,40.304451],[-79.996279,40.304124],[-79.995357,40.302246],[-79.994495,40.29866],[-79.99446,40.298233],[-79.994477,40.296595],[-79.99411,40.296456],[-79.993797,40.296127],[-79.993494,40.295893],[-79.992908,40.295028],[-79.992316,40.294878],[-79.991935,40.294406],[-79.990963,40.293684],[-79.990754,40.293621],[-79.989902,40.293583],[-79.989693,40.293644],[-79.989552,40.293756],[-79.989522,40.293897],[-79.989574,40.294521],[-79.989521,40.294758],[-79.988358,40.296915],[-79.988039,40.297292],[-79.987587,40.29767],[-79.987105,40.29821],[-79.986371,40.298833],[-79.985218,40.299368],[-79.98516,40.299458],[-79.985072,40.300013],[-79.98559,40.300618],[-79.984926,40.301055],[-79.984344,40.301542],[-79.983688,40.301923],[-79.983107,40.30211],[-79.982776,40.302158],[-79.981054,40.301882],[-79.979409,40.301768],[-79.978989,40.301662],[-79.977722,40.301199],[-79.975042,40.300407],[-79.974811,40.300397],[-79.974586,40.300447],[-79.97438,40.30055],[-79.974239,40.300687],[-79.974183,40.300865],[-79.974214,40.301228],[-79.974083,40.30145],[-79.973879,40.301571],[-79.975716,40.304788],[-79.976372,40.306044],[-79.976411,40.307615],[-79.976368,40.309194],[-79.979022,40.311685],[-79.9789,40.315037],[-79.979017,40.316743],[-79.980291,40.323278],[-79.985071,40.328396],[-79.985425,40.329527],[-79.986659,40.331191],[-79.987054,40.331461],[-79.98989,40.333087],[-79.995166,40.336247],[-79.996631,40.337199],[-79.997377,40.337836],[-79.99783,40.338138],[-79.998059,40.338248],[-80.009341,40.32112]]]}},{"type":"Feature","properties":{"geoid":"42003480200","name":"Census Tract 4802","land_m2":3100501.0},"geometry":{"type":"Polygon","coordinates":[[[-79.976711,40.350503],[-79.975768,40.349319],[-79.974528,40.348143],[-79.974165,40.347712],[-79.973756,40.34704],[-79.972878,40.345146],[-79.972421,40.344584],[-79.971987,40.344269],[-79.971308,40.343938],[-79.967868,40.34264],[-79.967032,40.342384],[-79.966863,40.342061],[-79.966873,40.341723],[-79.966662,40.341518],[-79.966181,40.342084],[-79.964,40.344991],[-79.965376,40.345745],[-79.963428,40.347792],[-79.961291,40.350167],[-79.959991,40.350598],[-79.960608,40.35156],[-79.960665,40.3518],[-79.958977,40.352306],[-79.958216,40.352968],[-79.956595,40.355286],[-79.956901,40.356221],[-79.956262,40.356618],[-79.955569,40.357305],[-79.955143,40.357792],[-79.954827,40.358308],[-79.954654,40.358468],[-79.95436,40.358588],[-79.95368,40.358719],[-79.952447,40.359262],[-79.952029,40.359511],[-79.95154,40.359673],[-79.950259,40.3607],[-79.948852,40.364623],[-79.948771,40.366818],[-79.948144,40.368165],[-79.948758,40.368102],[-79.948955,40.368036],[-79.949074,40.367876],[-79.949182,40.367589],[-79.949366,40.366541],[-79.949489,40.36633],[-79.949771,40.366139],[-79.949812,40.366009],[-79.950023,40.366028],[-79.951629,40.366514],[-79.953213,40.36705],[-79.95386,40.367318],[-79.95436,40.367726],[-79.955329,40.368857],[-79.955645,40.369144],[-79.956034,40.36937],[-79.956726,40.369634],[-79.956891,40.369658],[-79.957499,40.369535],[-79.958022,40.369518],[-79.958315,40.369608],[-79.958449,40.369725],[-79.962624,40.37047],[-79.964472,40.369701],[-79.958908,40.364305],[-79.96429,40.363429],[-79.96583,40.364863],[-79.966,40.365081],[-79.967723,40.363387],[-79.968117,40.363483],[-79.968041,40.363064],[-79.967839,40.362557],[-79.966764,40.360854],[-79.966607,40.360526],[-79.965818,40.358392],[-79.965268,40.35778],[-79.968443,40.35632],[-79.969455,40.357692],[-79.971359,40.355405],[-79.972836,40.353786],[-79.97142,40.352067],[-79.97416,40.350374],[-79.975479,40.3504],[-79.976711,40.350503]]]}},{"type":"Feature","properties":{"geoid":"42003490004","name":"Census Tract 4900.04","land_m2":8126275.0},"geometry":{"type":"Polygon","coordinates":[[[-80.002807,40.278588],[-80.002852,40.278435],[-80.002531,40.278339],[-79.969113,40.268637],[-79.963093,40.272761],[-79.956147,40.278035],[-79.960273,40.279666],[-79.964966,40.281093],[-79.963945,40.282273],[-79.965208,40.285262],[-79.965495,40.288772],[-79.968529,40.290698],[-79.968951,40.291022],[-79.970153,40.291794],[-79.971043,40.292324],[-79.971495,40.293293],[-79.972653,40.296313],[-79.972904,40.297373],[-79.972961,40.29762],[-79.972784,40.299738],[-79.973008,40.300181],[-79.973879,40.301571],[-79.974153,40.301374],[-79.974222,40.301176],[-79.974187,40.300825],[-79.974291,40.300619],[-79.974586,40.300447],[-79.975009,40.300402],[-79.977722,40.301199],[-79.979212,40.301731],[-79.981054,40.301882],[-79.982776,40.302158],[-79.983473,40.302006],[-79.98386,40.301838],[-79.984344,40.301542],[-79.984926,40.301055],[-79.98559,40.300618],[-79.985072,40.300013],[-79.985174,40.299425],[-79.985438,40.299256],[-79.986371,40.298833],[-79.986934,40.298374],[-79.987587,40.29767],[-79.988224,40.297095],[-79.988466,40.296723],[-79.989508,40.294791],[-79.989574,40.294521],[-79.989527,40.293828],[-79.989693,40.293644],[-79.989902,40.293583],[-79.990167,40.293575],[-79.990754,40.293621],[-79.990963,40.293684],[-79.991935,40.294406],[-79.992316,40.294878],[-79.992908,40.295028],[-79.993494,40.295893],[-79.993797,40.296127],[-79.99411,40.296456],[-79.994477,40.296595],[-79.994484,40.295839],[-79.994601,40.295346],[-79.996539,40.292529],[-79.996675,40.292211],[-79.997224,40.290384],[-79.997235,40.289864],[-79.996936,40.289292],[-79.996789,40.288344],[-79.996217,40.287213],[-79.996211,40.287021],[-79.996477,40.286865],[-79.997107,40.286763],[-79.997591,40.286741],[-79.997904,40.286612],[-79.997986,40.286506],[-79.998703,40.284733],[-79.998855,40.28461],[-79.999466,40.284375],[-79.999944,40.284105],[-80.001923,40.282488],[-80.002063,40.282269],[-80.001713,40.281787],[-80.001305,40.281056],[-80.001257,40.28086],[-80.00128,40.280374],[-80.001233,40.280217],[-80.002352,40.279398],[-80.002588,40.279111],[-80.002807,40.278588]]]}},{"type":"Feature","properties":{"geoid":"42003451101","name":"Census Tract 4511.01","land_m2":7373111.0},"geometry":{"type":"Polygon","coordinates":[[[-80.248375,40.554876],[-80.248754,40.554641],[-80.246728,40.553531],[-80.2462,40.553166],[-80.245761,40.552737],[-80.244426,40.551156],[-80.244007,40.550494],[-80.242475,40.547264],[-80.242139,40.54673],[-80.242594,40.546314],[-80.242789,40.546004],[-80.242901,40.545669],[-80.243066,40.544453],[-80.243171,40.544212],[-80.243337,40.544061],[-80.243524,40.543972],[-80.244399,40.543683],[-80.24466,40.54346],[-80.244796,40.542334],[-80.244913,40.542097],[-80.24507,40.541971],[-80.245381,40.541866],[-80.246434,40.541836],[-80.245847,40.541682],[-80.24469,40.54151],[-80.244492,40.541432],[-80.24359,40.540507],[-80.243375,40.540346],[-80.242825,40.540069],[-80.241442,40.539743],[-80.240323,40.539654],[-80.239252,40.539505],[-80.238913,40.539365],[-80.237168,40.538376],[-80.235618,40.537996],[-80.235185,40.537968],[-80.234012,40.537542],[-80.231413,40.535984],[-80.231244,40.535858],[-80.230081,40.534646],[-80.228725,40.533709],[-80.228582,40.533464],[-80.228524,40.533256],[-80.228531,40.533043],[-80.228603,40.53284],[-80.229374,40.531656],[-80.229813,40.531217],[-80.230519,40.530623],[-80.230785,40.530214],[-80.230884,40.529713],[-80.23061,40.528851],[-80.230493,40.528674],[-80.230297,40.528503],[-80.230082,40.528393],[-80.229372,40.528213],[-80.229162,40.528098],[-80.229009,40.52794],[-80.228929,40.527753],[-80.228943,40.5275],[-80.229475,40.526747],[-80.229529,40.526556],[-80.22948,40.526307],[-80.229358,40.526136],[-80.229172,40.526002],[-80.22872,40.525878],[-80.228238,40.525864],[-80.227986,40.525913],[-80.226803,40.526416],[-80.226153,40.526532],[-80.225375,40.526443],[-80.224952,40.526265],[-80.224683,40.526039],[-80.224517,40.525671],[-80.224338,40.524696],[-80.224325,40.522569],[-80.224387,40.52034],[-80.224325,40.51996],[-80.224044,40.519608],[-80.223052,40.518832],[-80.221435,40.516977],[-80.219776,40.517836],[-80.219252,40.518174],[-80.217801,40.519809],[-80.217575,40.520463],[-80.217579,40.52175],[-80.217457,40.52222],[-80.217206,40.522665],[-80.216898,40.523046],[-80.216512,40.52338],[-80.216038,40.523683],[-80.213218,40.52483],[-80.210947,40.525893],[-80.209989,40.526229],[-80.208474,40.526613],[-80.207741,40.52688],[-80.206377,40.527731],[-80.206056,40.528029],[-80.205695,40.528413],[-80.205442,40.528781],[-80.205061,40.529542],[-80.20497,40.529891],[-80.204709,40.531829],[-80.204586,40.532237],[-80.204372,40.532653],[-80.204027,40.533061],[-80.203762,40.533295],[-80.203017,40.533808],[-80.202693,40.534105],[-80.202336,40.534569],[-80.202155,40.534919],[-80.201894,40.535928],[-80.201651,40.53662],[-80.20129,40.537173],[-80.200922,40.537553],[-80.200601,40.537764],[-80.200075,40.537964],[-80.199708,40.538038],[-80.199348,40.538054],[-80.198753,40.537976],[-80.197195,40.5376],[-80.196491,40.537349],[-80.195991,40.537096],[-80.19544,40.536736],[-80.195032,40.536381],[-80.194676,40.535981],[-80.193556,40.5345],[-80.191509,40.532282],[-80.190889,40.531701],[-80.189957,40.53102],[-80.187964,40.53292],[-80.188747,40.533304],[-80.189976,40.533785],[-80.191036,40.534477],[-80.19271,40.536464],[-80.195681,40.541206],[-80.196994,40.542932],[-80.19904,40.545444],[-80.200814,40.547423],[-80.202571,40.549139],[-80.203859,40.550181],[-80.205039,40.550998],[-80.208755,40.552632],[-80.208128,40.552287],[-80.213496,40.544297],[-80.217546,40.54573],[-80.225791,40.544238],[-80.225544,40.544623],[-80.232073,40.547919],[-80.232125,40.547211],[-80.234469,40.545923],[-80.234902,40.546375],[-80.236119,40.545699],[-80.236587,40.546116],[-80.236966,40.546315],[-80.238476,40.546663],[-80.23894,40.546648],[-80.24032,40.546315],[-80.240327,40.547146],[-80.240282,40.547538],[-80.240398,40.547548],[-80.240275,40.553255],[-80.24216,40.55316],[-80.245835,40.556426],[-80.248375,40.554876]]]}},{"type":"Feature","properties":{"geoid":"42003521500","name":"Census Tract 5215","land_m2":10484586.0},"geometry":{"type":"Polygon","coordinates":[[[-79.766585,40.444116],[-79.766691,40.444004],[-79.76502,40.443412],[-79.764382,40.443124],[-79.763173,40.442459],[-79.758288,40.438935],[-79.745648,40.438698],[-79.743205,40.438563],[-79.741226,40.43831],[-79.739546,40.437878],[-79.737754,40.437269],[-79.736402,40.436657],[-79.734637,40.435731],[-79.73301,40.434613],[-79.731844,40.433572],[-79.727248,40.428786],[-79.726154,40.427931],[-79.72559,40.427645],[-79.724948,40.427412],[-79.724158,40.427238],[-79.723402,40.427157],[-79.722243,40.42727],[-79.722063,40.42721],[-79.721514,40.427445],[-79.713705,40.43021],[-79.712998,40.430416],[-79.712023,40.430537],[-79.711504,40.430537],[-79.710845,40.430456],[-79.709872,40.430221],[-79.709409,40.430043],[-79.705548,40.427887],[-79.70473,40.427562],[-79.704706,40.428433],[-79.704595,40.429656],[-79.704619,40.430803],[-79.704407,40.436076],[-79.704183,40.438449],[-79.704152,40.438945],[-79.704205,40.439102],[-79.704151,40.439886],[-79.703992,40.441348],[-79.703973,40.443652],[-79.705088,40.44482],[-79.705841,40.445441],[-79.706611,40.445904],[-79.707523,40.44637],[-79.707683,40.446646],[-79.707745,40.447247],[-79.707945,40.447542],[-79.708142,40.447673],[-79.708647,40.447887],[-79.709526,40.448113],[-79.710052,40.44698],[-79.710398,40.446492],[-79.710754,40.446187],[-79.711109,40.445968],[-79.711567,40.445832],[-79.712016,40.445791],[-79.713612,40.445828],[-79.714626,40.445906],[-79.71592,40.446254],[-79.717132,40.446495],[-79.718923,40.447055],[-79.719506,40.447265],[-79.720417,40.447701],[-79.72202,40.448794],[-79.723286,40.449414],[-79.724313,40.450056],[-79.725084,40.450335],[-79.726079,40.450771],[-79.727516,40.451495],[-79.729041,40.452444],[-79.730423,40.453058],[-79.731411,40.453344],[-79.731741,40.453496],[-79.733249,40.45439],[-79.735039,40.455154],[-79.735658,40.455639],[-79.73609,40.456262],[-79.73641,40.456529],[-79.738863,40.457761],[-79.739109,40.457814],[-79.739582,40.457795],[-79.74369,40.456885],[-79.744611,40.456627],[-79.745405,40.456614],[-79.747393,40.45698],[-79.748016,40.457158],[-79.748371,40.457356],[-79.749476,40.458199],[-79.75177,40.45919],[-79.753107,40.460092],[-79.753513,40.460279],[-79.753767,40.460324],[-79.754272,40.460285],[-79.755956,40.459763],[-79.756606,40.459652],[-79.757048,40.459643],[-79.757708,40.459719],[-79.75833,40.459899],[-79.758526,40.459913],[-79.758598,40.459863],[-79.757913,40.458895],[-79.757793,40.458552],[-79.757788,40.458175],[-79.757846,40.457933],[-79.75802,40.457577],[-79.758399,40.45715],[-79.759706,40.456314],[-79.759869,40.456162],[-79.760111,40.455799],[-79.760236,40.455405],[-79.760303,40.454445],[-79.760402,40.454039],[-79.761424,40.451995],[-79.761637,40.450119],[-79.761772,40.449699],[-79.762244,40.449183],[-79.764018,40.44748],[-79.764288,40.447104],[-79.764521,40.446371],[-79.7647,40.446015],[-79.764933,40.445729],[-79.766585,40.444116]]]}},{"type":"Feature","properties":{"geoid":"42003456004","name":"Census Tract 4560.04","land_m2":6490264.0},"geometry":{"type":"Polygon","coordinates":[[[-80.145849,40.321385],[-80.13113,40.316897],[-80.116278,40.312659],[-80.116483,40.312903],[-80.116712,40.313489],[-80.116728,40.31371],[-80.11664,40.314126],[-80.116369,40.314595],[-80.116294,40.314897],[-80.116295,40.315196],[-80.116448,40.315533],[-80.116931,40.315813],[-80.117877,40.316089],[-80.11824,40.316451],[-80.118343,40.316738],[-80.118338,40.316845],[-80.118223,40.317138],[-80.117865,40.317482],[-80.117106,40.317787],[-80.116438,40.317889],[-80.115966,40.317769],[-80.115651,40.317775],[-80.115482,40.317809],[-80.115278,40.317963],[-80.115206,40.318145],[-80.115231,40.318476],[-80.115442,40.318596],[-80.115735,40.318666],[-80.115843,40.318754],[-80.115961,40.319133],[-80.115457,40.320467],[-80.11543,40.320808],[-80.115531,40.321438],[-80.115801,40.322054],[-80.115847,40.322353],[-80.115785,40.322627],[-80.115583,40.322936],[-80.115311,40.323022],[-80.114509,40.322938],[-80.114212,40.323064],[-80.114006,40.32353],[-80.113579,40.32408],[-80.112718,40.324559],[-80.112405,40.324586],[-80.111801,40.324548],[-80.110641,40.32399],[-80.110148,40.323926],[-80.108666,40.324091],[-80.107938,40.324246],[-80.106756,40.324541],[-80.106241,40.324792],[-80.10561,40.324986],[-80.104495,40.325068],[-80.103883,40.325191],[-80.103399,40.325221],[-80.102584,40.32589],[-80.102237,40.326077],[-80.101791,40.326437],[-80.101487,40.326754],[-80.101204,40.327281],[-80.100951,40.327537],[-80.100717,40.327963],[-80.100697,40.328154],[-80.100741,40.328284],[-80.100933,40.328531],[-80.101168,40.329268],[-80.101156,40.32959],[-80.101043,40.329812],[-80.101068,40.330052],[-80.101464,40.330645],[-80.101588,40.330951],[-80.10162,40.331243],[-80.101533,40.331395],[-80.101012,40.331837],[-80.100942,40.332099],[-80.10095,40.33233],[-80.101034,40.332489],[-80.101278,40.332584],[-80.102013,40.332739],[-80.102823,40.332683],[-80.103865,40.332501],[-80.104966,40.332509],[-80.10686,40.331959],[-80.107545,40.331684],[-80.108704,40.33147],[-80.109819,40.331517],[-80.112057,40.331441],[-80.113529,40.331551],[-80.114005,40.331682],[-80.114339,40.331876],[-80.114721,40.332299],[-80.114875,40.332577],[-80.115008,40.333005],[-80.115341,40.333525],[-80.115415,40.33372],[-80.115318,40.334151],[-80.114889,40.335229],[-80.113739,40.337193],[-80.113422,40.33749],[-80.112603,40.338796],[-80.11235,40.339433],[-80.111758,40.340488],[-80.111247,40.34125],[-80.109843,40.343816],[-80.109418,40.344417],[-80.109284,40.34471],[-80.109086,40.345431],[-80.10908,40.345622],[-80.108761,40.345859],[-80.108509,40.346165],[-80.107685,40.347345],[-80.107589,40.347588],[-80.107561,40.347929],[-80.107593,40.348089],[-80.107741,40.348196],[-80.107993,40.348281],[-80.108319,40.348296],[-80.108878,40.348414],[-80.10933,40.348544],[-80.109919,40.348777],[-80.110101,40.348924],[-80.110313,40.349454],[-80.110258,40.349963],[-80.110331,40.350681],[-80.110585,40.351045],[-80.110519,40.351212],[-80.110085,40.351608],[-80.109878,40.351889],[-80.110063,40.352347],[-80.110289,40.352619],[-80.110861,40.353106],[-80.111557,40.353538],[-80.112665,40.354342],[-80.113673,40.354911],[-80.114328,40.35521],[-80.11475,40.354524],[-80.114937,40.354029],[-80.115001,40.353708],[-80.114945,40.353106],[-80.114805,40.352703],[-80.114505,40.352235],[-80.112721,40.350379],[-80.112426,40.349932],[-80.112304,40.34961],[-80.112271,40.349282],[-80.112413,40.34862],[-80.112531,40.348297],[-80.114075,40.345903],[-80.114974,40.344616],[-80.115235,40.344355],[-80.121936,40.34019],[-80.12184,40.339975],[-80.121795,40.338383],[-80.123354,40.337188],[-80.123529,40.337073],[-80.12393,40.336929],[-80.122315,40.335689],[-80.122225,40.335556],[-80.122221,40.335465],[-80.122275,40.335353],[-80.122434,40.335242],[-80.12259,40.335212],[-80.122885,40.335259],[-80.124221,40.333197],[-80.124406,40.333088],[-80.12457,40.33306],[-80.128322,40.333836],[-80.12838,40.332002],[-80.1297,40.332263],[-80.133408,40.333541],[-80.133112,40.334452],[-80.132532,40.335822],[-80.134528,40.336655],[-80.135152,40.335983],[-80.136035,40.334857],[-80.145849,40.321385]]]}},{"type":"Feature","properties":{"geoid":"42003526102","name":"Census Tract 5261.02","land_m2":13797822.0},"geometry":{"type":"Polygon","coordinates":[[[-79.751638,40.496472],[-79.750678,40.495398],[-79.750404,40.495164],[-79.75002,40.49493],[-79.749228,40.494647],[-79.746806,40.49421],[-79.745534,40.493617],[-79.743749,40.492346],[-79.741611,40.490717],[-79.741091,40.490203],[-79.738118,40.485956],[-79.737896,40.485499],[-79.737792,40.485241],[-79.737771,40.485054],[-79.737799,40.484868],[-79.738001,40.484381],[-79.738006,40.484029],[-79.737931,40.483653],[-79.73765,40.483016],[-79.737648,40.482858],[-79.737848,40.482371],[-79.737917,40.482024],[-79.737975,40.47994],[-79.737847,40.479636],[-79.737351,40.478886],[-79.736034,40.477845],[-79.73408,40.478704],[-79.731901,40.479044],[-79.730544,40.479424],[-79.729814,40.47958],[-79.728136,40.479589],[-79.727442,40.479732],[-79.727003,40.479921],[-79.725846,40.481235],[-79.725237,40.481708],[-79.72493,40.481866],[-79.720124,40.482985],[-79.718587,40.483515],[-79.71812,40.483598],[-79.716682,40.483724],[-79.716075,40.483866],[-79.715456,40.484181],[-79.715127,40.484444],[-79.713367,40.486418],[-79.712208,40.487585],[-79.71148,40.488073],[-79.709054,40.489265],[-79.708572,40.489403],[-79.7081,40.489465],[-79.707635,40.489452],[-79.706211,40.489288],[-79.70406,40.489462],[-79.702142,40.489523],[-79.7022,40.503331],[-79.702087,40.521763],[-79.702003,40.522401],[-79.701985,40.523787],[-79.701881,40.524525],[-79.701624,40.525449],[-79.702244,40.525782],[-79.703495,40.526293],[-79.703697,40.526408],[-79.704223,40.52688],[-79.705101,40.527111],[-79.705416,40.527271],[-79.70577,40.527544],[-79.706168,40.527997],[-79.70703,40.52957],[-79.707628,40.530377],[-79.707902,40.530663],[-79.710032,40.532189],[-79.711544,40.532864],[-79.711966,40.532986],[-79.712848,40.532934],[-79.712782,40.53185],[-79.712722,40.531502],[-79.712619,40.531263],[-79.709879,40.527618],[-79.709608,40.527084],[-79.709537,40.526708],[-79.709561,40.526397],[-79.709866,40.525033],[-79.710134,40.524621],[-79.710557,40.524212],[-79.711081,40.523798],[-79.711398,40.523635],[-79.711713,40.523546],[-79.712232,40.523539],[-79.714316,40.523852],[-79.716381,40.52383],[-79.716902,40.523807],[-79.719012,40.523533],[-79.719805,40.523348],[-79.719962,40.523206],[-79.720044,40.523053],[-79.720235,40.522503],[-79.720538,40.520724],[-79.72074,40.520339],[-79.720961,40.520089],[-79.72137,40.519773],[-79.722962,40.518669],[-79.724049,40.518048],[-79.725739,40.517469],[-79.726943,40.516993],[-79.727849,40.516863],[-79.72878,40.516832],[-79.729051,40.516781],[-79.72943,40.516594],[-79.730187,40.515921],[-79.730597,40.515448],[-79.731067,40.514483],[-79.731344,40.513831],[-79.731489,40.513155],[-79.731624,40.512829],[-79.732257,40.511855],[-79.732627,40.511179],[-79.732947,40.510867],[-79.733364,40.510668],[-79.734374,40.510324],[-79.735353,40.50989],[-79.737834,40.508694],[-79.738948,40.508106],[-79.739231,40.507878],[-79.739386,40.507611],[-79.739854,40.506159],[-79.740192,40.505937],[-79.741367,40.505376],[-79.741621,40.505326],[-79.742372,40.505388],[-79.742961,40.505335],[-79.744101,40.505115],[-79.7443,40.505039],[-79.744583,40.504842],[-79.745615,40.503771],[-79.745876,40.503381],[-79.747617,40.498321],[-79.747784,40.497897],[-79.747968,40.497639],[-79.748314,40.497284],[-79.74859,40.497079],[-79.749746,40.496628],[-79.750207,40.496548],[-79.751638,40.496472]]]}},{"type":"Feature","properties":{"geoid":"42003414101","name":"Census Tract 4141.01","land_m2":9637777.0},"geometry":{"type":"Polygon","coordinates":[[[-79.953653,40.578205],[-79.953779,40.578013],[-79.953447,40.578079],[-79.953268,40.57846],[-79.952593,40.579172],[-79.951951,40.579372],[-79.95161,40.579534],[-79.951018,40.579955],[-79.9503,40.580286],[-79.949802,40.580684],[-79.949352,40.58096],[-79.939095,40.581244],[-79.937898,40.581373],[-79.936437,40.581694],[-79.935874,40.581657],[-79.935176,40.581435],[-79.934805,40.581383],[-79.934051,40.581444],[-79.933109,40.581659],[-79.932433,40.581747],[-79.931674,40.581724],[-79.930334,40.581505],[-79.929578,40.581464],[-79.925772,40.581625],[-79.922152,40.581661],[-79.921834,40.58164],[-79.921695,40.581581],[-79.920545,40.581739],[-79.920302,40.581897],[-79.919852,40.582637],[-79.919364,40.583029],[-79.919032,40.583189],[-79.917215,40.58376],[-79.916442,40.584415],[-79.915716,40.584829],[-79.915526,40.584894],[-79.915595,40.587104],[-79.915748,40.589414],[-79.915946,40.596367],[-79.919748,40.596318],[-79.919796,40.598341],[-79.920099,40.604973],[-79.920123,40.606704],[-79.920425,40.610943],[-79.92061,40.61607],[-79.933543,40.615825],[-79.946785,40.615455],[-79.946986,40.615053],[-79.947363,40.613873],[-79.947454,40.613721],[-79.947552,40.612939],[-79.947533,40.611367],[-79.947409,40.609085],[-79.947311,40.608401],[-79.947122,40.604485],[-79.947187,40.604358],[-79.947307,40.602214],[-79.947467,40.600551],[-79.947708,40.596543],[-79.947679,40.596377],[-79.948035,40.591446],[-79.948219,40.590668],[-79.948381,40.590296],[-79.949026,40.589192],[-79.949114,40.588956],[-79.949777,40.587891],[-79.950184,40.58706],[-79.950327,40.586663],[-79.95058,40.585716],[-79.951082,40.582814],[-79.951343,40.582012],[-79.951782,40.581107],[-79.953653,40.578205]]]}},{"type":"Feature","properties":{"geoid":"42003429100","name":"Census Tract 4291","land_m2":5841367.0},"geometry":{"type":"Polygon","coordinates":[[[-80.030629,40.511367],[-80.029794,40.510247],[-80.029444,40.509634],[-80.029335,40.509138],[-80.029375,40.508813],[-80.029719,40.507705],[-80.029788,40.507346],[-80.029787,40.507036],[-80.029696,40.506635],[-80.029382,40.506071],[-80.02891,40.505571],[-80.028173,40.505117],[-80.027684,40.504559],[-80.026048,40.503628],[-80.025137,40.503397],[-80.024367,40.502785],[-80.023932,40.502265],[-80.023409,40.501409],[-80.023071,40.501005],[-80.022694,40.50067],[-80.021411,40.499799],[-80.020917,40.49931],[-80.020382,40.498518],[-80.020079,40.497709],[-80.01783,40.497353],[-80.017245,40.498936],[-80.016984,40.499834],[-80.016551,40.499773],[-80.015759,40.499909],[-80.013336,40.498719],[-80.012373,40.498756],[-80.012258,40.498879],[-80.012209,40.499171],[-80.011933,40.499778],[-80.011673,40.500214],[-80.011166,40.500754],[-80.010817,40.501037],[-80.010681,40.499096],[-80.008913,40.499142],[-80.009228,40.498475],[-80.009124,40.497541],[-80.007789,40.497519],[-80.00776,40.497978],[-80.00746,40.497957],[-80.006336,40.49739],[-80.005009,40.49715],[-80.004022,40.497788],[-80.003955,40.497525],[-80.003932,40.496285],[-79.998143,40.495367],[-79.996733,40.494985],[-79.995966,40.494714],[-79.995473,40.494381],[-79.995203,40.494018],[-79.994142,40.494043],[-79.994275,40.497068],[-79.989625,40.497214],[-79.989709,40.500658],[-79.985646,40.501953],[-79.985701,40.503246],[-79.98647,40.503249],[-79.986579,40.505936],[-79.986629,40.506272],[-79.986631,40.506118],[-79.986706,40.50603],[-79.988091,40.505959],[-79.989149,40.505611],[-79.989722,40.505393],[-79.989867,40.505293],[-79.99016,40.505489],[-79.990401,40.505735],[-79.990396,40.505886],[-79.990318,40.506066],[-79.99017,40.506216],[-79.989649,40.506466],[-79.989391,40.506697],[-79.989252,40.506989],[-79.989258,40.507268],[-79.989399,40.507548],[-79.98953,40.507677],[-79.990048,40.507983],[-79.990321,40.508201],[-79.990874,40.509108],[-79.991268,40.509509],[-79.991583,40.509741],[-79.993077,40.510542],[-79.993695,40.510824],[-79.995356,40.511313],[-79.996156,40.511603],[-79.997081,40.51207],[-79.998287,40.512863],[-79.998857,40.513122],[-79.999745,40.513344],[-80.006169,40.514358],[-80.006474,40.514373],[-80.007377,40.514597],[-80.008028,40.514829],[-80.008714,40.515142],[-80.009674,40.515692],[-80.012115,40.517251],[-80.012803,40.517884],[-80.013592,40.519081],[-80.014955,40.519736],[-80.015591,40.519921],[-80.020913,40.520645],[-80.022014,40.520758],[-80.02303,40.520775],[-80.017765,40.514417],[-80.023883,40.509766],[-80.025098,40.510089],[-80.025787,40.509555],[-80.025901,40.509421],[-80.026041,40.509366],[-80.026545,40.50898],[-80.028193,40.509465],[-80.028539,40.509982],[-80.028911,40.510351],[-80.030008,40.51118],[-80.030629,40.511367]]]}},{"type":"Feature","properties":{"geoid":"42003427100","name":"Census Tract 4271","land_m2":6263033.0},"geometry":{"type":"Polygon","coordinates":[[[-79.988318,40.539457],[-79.988223,40.53581],[-79.988214,40.528172],[-79.988288,40.52613],[-79.988252,40.524582],[-79.988117,40.523181],[-79.987224,40.516574],[-79.986983,40.514483],[-79.986854,40.509853],[-79.986579,40.505936],[-79.98647,40.503249],[-79.985701,40.503246],[-79.985678,40.502435],[-79.985103,40.502046],[-79.98464,40.50184],[-79.984122,40.501745],[-79.982541,40.501716],[-79.981939,40.50163],[-79.981444,40.501458],[-79.980949,40.501049],[-79.980535,40.50019],[-79.980159,40.499738],[-79.978576,40.499415],[-79.978075,40.49875],[-79.977789,40.498973],[-79.977514,40.499802],[-79.977181,40.500066],[-79.976619,40.500345],[-79.976096,40.501016],[-79.975687,40.501414],[-79.975211,40.501669],[-79.974336,40.50228],[-79.973925,40.502466],[-79.97368,40.502527],[-79.973447,40.502525],[-79.972952,40.502356],[-79.972631,40.502335],[-79.972067,40.502439],[-79.971331,40.503005],[-79.971136,40.503226],[-79.970949,40.503584],[-79.970517,40.504067],[-79.969367,40.504806],[-79.968703,40.504766],[-79.967587,40.504402],[-79.967331,40.504394],[-79.966412,40.504526],[-79.96611,40.504504],[-79.965973,40.504728],[-79.965559,40.5052],[-79.963426,40.507552],[-79.957573,40.507646],[-79.95789,40.507893],[-79.958336,40.508091],[-79.958818,40.508239],[-79.959912,40.508437],[-79.960128,40.508563],[-79.960264,40.508733],[-79.96025,40.508925],[-79.959898,40.509782],[-79.961464,40.510757],[-79.961647,40.511055],[-79.961662,40.511127],[-79.961503,40.511471],[-79.960595,40.512298],[-79.960433,40.512644],[-79.960411,40.51287],[-79.960524,40.513264],[-79.960616,40.513367],[-79.960972,40.513377],[-79.961258,40.513475],[-79.961837,40.513875],[-79.962173,40.514309],[-79.962174,40.514637],[-79.961828,40.515548],[-79.961928,40.516342],[-79.962144,40.51692],[-79.962452,40.517444],[-79.962781,40.517817],[-79.963285,40.518565],[-79.963521,40.519662],[-79.963462,40.520817],[-79.963606,40.521135],[-79.96376,40.521255],[-79.964097,40.521381],[-79.964635,40.521342],[-79.965842,40.520923],[-79.966212,40.520373],[-79.966464,40.520181],[-79.966672,40.520088],[-79.966874,40.520033],[-79.967198,40.520055],[-79.967622,40.520236],[-79.96786,40.520598],[-79.968098,40.521543],[-79.968537,40.522234],[-79.968818,40.52241],[-79.969048,40.522459],[-79.969386,40.522448],[-79.969948,40.522338],[-79.970171,40.52236],[-79.970286,40.522426],[-79.970797,40.523003],[-79.97102,40.52337],[-79.970963,40.523744],[-79.970956,40.52493],[-79.971359,40.525232],[-79.971676,40.525353],[-79.972173,40.525891],[-79.972612,40.526143],[-79.973145,40.526599],[-79.973202,40.526769],[-79.97326,40.527428],[-79.972534,40.528202],[-79.972448,40.528356],[-79.972455,40.528603],[-79.972563,40.528861],[-79.972693,40.529026],[-79.973499,40.529559],[-79.974126,40.53036],[-79.974399,40.530563],[-79.974766,40.530695],[-79.975896,40.530722],[-79.977314,40.530678],[-79.977537,40.530743],[-79.977667,40.530897],[-79.977602,40.53138],[-79.977689,40.531897],[-79.97784,40.532237],[-79.977984,40.532396],[-79.978308,40.532517],[-79.978841,40.53261],[-79.97951,40.532868],[-79.980864,40.533691],[-79.98131,40.533911],[-79.981858,40.534114],[-79.982426,40.534179],[-79.982829,40.534536],[-79.983629,40.534931],[-79.983729,40.535035],[-79.983758,40.53514],[-79.983442,40.535546],[-79.983334,40.53581],[-79.983298,40.536178],[-79.983385,40.536326],[-79.983947,40.536809],[-79.984163,40.536919],[-79.985005,40.536913],[-79.985581,40.536995],[-79.985948,40.536962],[-79.986192,40.537039],[-79.986423,40.537445],[-79.986805,40.537884],[-79.987028,40.538219],[-79.987461,40.538966],[-79.98772,40.539169],[-79.988318,40.539457]]]}},{"type":"Feature","properties":{"geoid":"42003491101","name":"Census Tract 4911.01","land_m2":16645820.0},"geometry":{"type":"Polygon","coordinates":[[[-79.985071,40.328396],[-79.980291,40.323278],[-79.979017,40.316743],[-79.9789,40.315037],[-79.979022,40.311685],[-79.976368,40.309194],[-79.976411,40.307615],[-79.976372,40.306044],[-79.975716,40.304788],[-79.974602,40.302829],[-79.973914,40.301626],[-79.973008,40.300181],[-79.972784,40.299738],[-79.972961,40.29762],[-79.972904,40.297373],[-79.972653,40.296313],[-79.971495,40.293293],[-79.971043,40.292324],[-79.970153,40.291794],[-79.968951,40.291022],[-79.968529,40.290698],[-79.965495,40.288772],[-79.965208,40.285262],[-79.963945,40.282273],[-79.964966,40.281093],[-79.960273,40.279666],[-79.959829,40.279486],[-79.957389,40.279179],[-79.956922,40.279185],[-79.956135,40.279282],[-79.951485,40.280075],[-79.950258,40.280526],[-79.949518,40.281021],[-79.94838,40.282039],[-79.9475,40.282269],[-79.946968,40.282294],[-79.946412,40.282195],[-79.945928,40.281977],[-79.945685,40.281801],[-79.945473,40.28163],[-79.944595,40.280554],[-79.943619,40.279482],[-79.943026,40.279127],[-79.942636,40.279027],[-79.942134,40.278996],[-79.940263,40.279097],[-79.937997,40.279029],[-79.937544,40.279081],[-79.937046,40.279244],[-79.93668,40.279463],[-79.936341,40.279788],[-79.93612,40.280178],[-79.936049,40.280492],[-79.93607,40.280804],[-79.936436,40.282417],[-79.936465,40.28287],[-79.936343,40.283275],[-79.936197,40.283505],[-79.935892,40.28379],[-79.935578,40.283986],[-79.935016,40.284198],[-79.934539,40.284276],[-79.925325,40.285295],[-79.924771,40.2855],[-79.924186,40.285829],[-79.92389,40.286171],[-79.923345,40.287555],[-79.923158,40.288398],[-79.922903,40.288873],[-79.922535,40.289204],[-79.921876,40.289575],[-79.914283,40.29142],[-79.916068,40.292884],[-79.916638,40.293291],[-79.917247,40.293826],[-79.917927,40.294572],[-79.919666,40.297035],[-79.920218,40.297892],[-79.920373,40.297968],[-79.921495,40.299521],[-79.921979,40.299962],[-79.922439,40.300241],[-79.922875,40.300437],[-79.923836,40.3007],[-79.924848,40.300789],[-79.927424,40.300763],[-79.928509,40.300931],[-79.929438,40.301247],[-79.93002,40.301557],[-79.930619,40.301983],[-79.934648,40.305698],[-79.935042,40.306154],[-79.935514,40.306841],[-79.936479,40.308318],[-79.936857,40.308978],[-79.938697,40.313235],[-79.940482,40.317215],[-79.942554,40.31645],[-79.95298,40.320427],[-79.955927,40.320845],[-79.956919,40.321181],[-79.956905,40.320267],[-79.956973,40.320138],[-79.95964,40.317689],[-79.961313,40.318613],[-79.961959,40.319884],[-79.97521,40.324698],[-79.975366,40.325601],[-79.976113,40.327338],[-79.976259,40.327549],[-79.97916,40.327471],[-79.982611,40.329388],[-79.985071,40.328396]]]}},{"type":"Feature","properties":{"geoid":"42003452000","name":"Census Tract 4520","land_m2":83540938.0},"geometry":{"type":"Polygon","coordinates":[[[-80.360802,40.477739],[-80.360902,40.477668],[-80.337622,40.459327],[-80.329767,40.452735],[-80.312845,40.439363],[-80.296194,40.425476],[-80.28504,40.433488],[-80.284767,40.435819],[-80.284527,40.437315],[-80.284559,40.437372],[-80.284237,40.439874],[-80.283945,40.440391],[-80.283533,40.440967],[-80.282651,40.441685],[-80.282705,40.441905],[-80.28252,40.442152],[-80.282295,40.442598],[-80.282078,40.442784],[-80.281679,40.442722],[-80.279974,40.442805],[-80.27946,40.442927],[-80.279128,40.442905],[-80.278784,40.442748],[-80.278432,40.442848],[-80.278302,40.442711],[-80.277975,40.442754],[-80.277943,40.442629],[-80.277862,40.442596],[-80.277066,40.442599],[-80.276946,40.442527],[-80.276697,40.442594],[-80.276554,40.442488],[-80.275738,40.442339],[-80.275588,40.442353],[-80.275533,40.442276],[-80.275393,40.442259],[-80.275077,40.442047],[-80.27443,40.441923],[-80.27302,40.441898],[-80.270643,40.441767],[-80.269662,40.441431],[-80.269199,40.4414],[-80.26851,40.441268],[-80.267571,40.440987],[-80.266575,40.441024],[-80.266038,40.44113],[-80.265497,40.441364],[-80.265048,40.44125],[-80.264974,40.441304],[-80.264039,40.441405],[-80.262588,40.442054],[-80.262569,40.44222],[-80.262466,40.44231],[-80.262137,40.442344],[-80.261233,40.442751],[-80.260859,40.443028],[-80.260777,40.443591],[-80.26065,40.443725],[-80.260647,40.443784],[-80.260266,40.444012],[-80.260145,40.444133],[-80.259358,40.444488],[-80.258564,40.444667],[-80.258519,40.444773],[-80.258814,40.444908],[-80.258541,40.44505],[-80.258506,40.445189],[-80.258241,40.44518],[-80.258178,40.44546],[-80.257251,40.445506],[-80.256986,40.445602],[-80.256699,40.445953],[-80.256405,40.44643],[-80.255885,40.446621],[-80.255676,40.446943],[-80.255521,40.447061],[-80.255284,40.447116],[-80.254749,40.447033],[-80.254464,40.447115],[-80.254395,40.447166],[-80.254354,40.447495],[-80.2541,40.447644],[-80.253906,40.447686],[-80.253551,40.447858],[-80.25327,40.448065],[-80.253221,40.448162],[-80.25328,40.448438],[-80.253091,40.448626],[-80.252855,40.448741],[-80.252661,40.448713],[-80.252529,40.44876],[-80.252031,40.449032],[-80.251852,40.449317],[-80.251562,40.449353],[-80.251441,40.449487],[-80.250634,40.449902],[-80.250468,40.449965],[-80.249232,40.450046],[-80.249058,40.449983],[-80.248863,40.449775],[-80.248658,40.449702],[-80.247834,40.449779],[-80.246075,40.449811],[-80.245628,40.449884],[-80.244994,40.449793],[-80.244498,40.449817],[-80.243727,40.449995],[-80.243578,40.4503],[-80.243419,40.450394],[-80.242886,40.450475],[-80.241222,40.451138],[-80.24111,40.451235],[-80.241152,40.451344],[-80.241049,40.451618],[-80.240775,40.451877],[-80.240495,40.451995],[-80.239633,40.452135],[-80.238501,40.452047],[-80.238227,40.452099],[-80.237961,40.452225],[-80.237631,40.452077],[-80.236901,40.452308],[-80.236145,40.452369],[-80.235909,40.45233],[-80.235333,40.452448],[-80.235027,40.45259],[-80.234731,40.452799],[-80.23453,40.452972],[-80.234472,40.453092],[-80.234451,40.453272],[-80.234521,40.45377],[-80.234447,40.454019],[-80.234574,40.454621],[-80.234467,40.454919],[-80.233573,40.455139],[-80.233232,40.455165],[-80.233001,40.45509],[-80.2329,40.454968],[-80.2328,40.454704],[-80.232615,40.454679],[-80.232327,40.454801],[-80.231918,40.454874],[-80.230602,40.45525],[-80.230282,40.455476],[-80.230001,40.455905],[-80.229713,40.456177],[-80.229481,40.456576],[-80.229147,40.456763],[-80.229073,40.456856],[-80.228896,40.456921],[-80.228522,40.457293],[-80.228297,40.457445],[-80.22789,40.457605],[-80.22705,40.458282],[-80.226751,40.45837],[-80.226379,40.458384],[-80.225899,40.458518],[-80.225312,40.458527],[-80.224844,40.458465],[-80.224583,40.4584],[-80.224377,40.458239],[-80.224233,40.457839],[-80.224261,40.457121],[-80.224375,40.456628],[-80.224615,40.456392],[-80.224638,40.455571],[-80.224527,40.455423],[-80.224099,40.455089],[-80.223941,40.454859],[-80.223577,40.454805],[-80.223111,40.454855],[-80.22239,40.455116],[-80.221942,40.455402],[-80.221833,40.455601],[-80.221455,40.455741],[-80.221303,40.455897],[-80.221225,40.456248],[-80.221225,40.45682],[-80.221124,40.457157],[-80.221151,40.457388],[-80.221331,40.457885],[-80.221327,40.458021],[-80.22127,40.458182],[-80.221031,40.458311],[-80.220606,40.458361],[-80.220035,40.458292],[-80.219616,40.458103],[-80.219413,40.457907],[-80.219266,40.457917],[-80.219058,40.458015],[-80.218763,40.45789],[-80.2183,40.457533],[-80.217674,40.4574],[-80.217046,40.456863],[-80.21699,40.456683],[-80.217092,40.456319],[-80.216999,40.45624],[-80.216804,40.456216],[-80.216586,40.456301],[-80.21641,40.456608],[-80.216208,40.456719],[-80.215955,40.456791],[-80.215228,40.456726],[-80.215084,40.456888],[-80.214993,40.457205],[-80.214804,40.457488],[-80.214457,40.457814],[-80.214374,40.458103],[-80.214259,40.458136],[-80.214094,40.458087],[-80.213734,40.457832],[-80.213474,40.457578],[-80.213263,40.456128],[-80.212826,40.455049],[-80.212242,40.454244],[-80.211997,40.454029],[-80.211785,40.453707],[-80.210158,40.453404],[-80.209389,40.453108],[-80.208673,40.452911],[-80.208256,40.452948],[-80.208183,40.452978],[-80.208164,40.453055],[-80.208204,40.453196],[-80.208451,40.453474],[-80.208722,40.453551],[-80.208746,40.453701],[-80.20868,40.453778],[-80.208449,40.453778],[-80.206706,40.453394],[-80.205875,40.452894],[-80.204358,40.451705],[-80.203673,40.451317],[-80.203494,40.451256],[-80.203009,40.451312],[-80.202792,40.451263],[-80.202738,40.451194],[-80.202807,40.45101],[-80.202785,40.450945],[-80.202544,40.450849],[-80.20224,40.450883],[-80.202194,40.450991],[-80.202248,40.451085],[-80.20204,40.451153],[-80.201925,40.451135],[-80.201798,40.450995],[-80.200852,40.451148],[-80.199939,40.451368],[-80.199298,40.451329],[-80.198908,40.451573],[-80.198681,40.451776],[-80.198454,40.452057],[-80.198502,40.452342],[-80.198419,40.452456],[-80.197938,40.452936],[-80.197679,40.453119],[-80.197219,40.45335],[-80.1965,40.453534],[-80.196131,40.453921],[-80.195924,40.453973],[-80.195494,40.453947],[-80.195353,40.454298],[-80.195246,40.454338],[-80.194708,40.454346],[-80.194233,40.454284],[-80.194136,40.454322],[-80.194066,40.454442],[-80.193928,40.454527],[-80.193555,40.45456],[-80.193374,40.455062],[-80.193309,40.455133],[-80.193165,40.455169],[-80.19287,40.455422],[-80.192562,40.455802],[-80.191316,40.456494],[-80.190954,40.456524],[-80.190483,40.456459],[-80.190312,40.456516],[-80.189236,40.457429],[-80.188957,40.457604],[-80.188366,40.457844],[-80.188539,40.45798],[-80.188794,40.457905],[-80.189018,40.458176],[-80.189552,40.458295],[-80.189991,40.458507],[-80.190775,40.458773],[-80.191113,40.459012],[-80.191485,40.459443],[-80.19175,40.460145],[-80.192317,40.459886],[-80.192627,40.460118],[-80.192872,40.459959],[-80.193193,40.460042],[-80.193237,40.46048],[-80.19321,40.461095],[-80.193316,40.46118],[-80.192858,40.461476],[-80.193647,40.462428],[-80.194007,40.462769],[-80.194625,40.463156],[-80.194934,40.463419],[-80.195156,40.46385],[-80.195397,40.46404],[-80.195639,40.46442],[-80.196224,40.464843],[-80.196252,40.465063],[-80.196445,40.465306],[-80.19692,40.465716],[-80.198278,40.466596],[-80.199047,40.467223],[-80.20178,40.468814],[-80.203855,40.469418],[-80.204599,40.469734],[-80.205226,40.470086],[-80.205814,40.470661],[-80.206354,40.470931],[-80.206908,40.470955],[-80.207167,40.471125],[-80.207866,40.471955],[-80.208171,40.472107],[-80.208725,40.472131],[-80.209367,40.472388],[-80.209759,40.472672],[-80.210646,40.473604],[-80.211034,40.474106],[-80.211187,40.474525],[-80.211501,40.474924],[-80.21179,40.475159],[-80.212184,40.47526],[-80.212637,40.475093],[-80.21323,40.475072],[-80.213562,40.475197],[-80.213782,40.475369],[-80.214075,40.47596],[-80.214163,40.476486],[-80.214332,40.476694],[-80.215028,40.476802],[-80.215494,40.476933],[-80.215731,40.477122],[-80.215976,40.477504],[-80.21642,40.477671],[-80.216729,40.477928],[-80.217128,40.478131],[-80.217592,40.478209],[-80.218585,40.478258],[-80.218803,40.478544],[-80.218995,40.479367],[-80.219006,40.479666],[-80.219108,40.479946],[-80.219724,40.48039],[-80.220454,40.480815],[-80.220574,40.480936],[-80.222292,40.480782],[-80.222711,40.48092],[-80.222814,40.481028],[-80.222455,40.481318],[-80.222183,40.481447],[-80.222055,40.481714],[-80.222252,40.482062],[-80.222394,40.482134],[-80.222632,40.48237],[-80.222678,40.482439],[-80.22264,40.482581],[-80.223169,40.483169],[-80.223208,40.483367],[-80.223647,40.483668],[-80.224201,40.484474],[-80.224292,40.484887],[-80.224472,40.485376],[-80.225147,40.488771],[-80.225235,40.489486],[-80.225509,40.490951],[-80.225685,40.491478],[-80.225939,40.491867],[-80.226525,40.492486],[-80.226751,40.492958],[-80.227515,40.494164],[-80.228062,40.494699],[-80.2281,40.494969],[-80.228015,40.495172],[-80.22806,40.495441],[-80.259369,40.511619],[-80.270064,40.531213],[-80.271244,40.533813],[-80.273158,40.537572],[-80.27433,40.539307],[-80.276907,40.537474],[-80.278026,40.536736],[-80.31315,40.511613],[-80.324189,40.503806],[-80.324193,40.50388],[-80.335561,40.495725],[-80.360802,40.477739]]]}},{"type":"Feature","properties":{"geoid":"42003459102","name":"Census Tract 4591.02","land_m2":9541268.0},"geometry":{"type":"Polygon","coordinates":[[[-80.156673,40.470783],[-80.156714,40.470668],[-80.156671,40.470422],[-80.156424,40.469988],[-80.156409,40.469557],[-80.155966,40.469021],[-80.155718,40.468063],[-80.155625,40.467405],[-80.155647,40.466724],[-80.155881,40.466401],[-80.155541,40.466358],[-80.153536,40.465859],[-80.152997,40.465614],[-80.152616,40.465316],[-80.15238,40.465001],[-80.152223,40.464549],[-80.152203,40.462171],[-80.152129,40.461807],[-80.151953,40.461473],[-80.151661,40.461198],[-80.151321,40.460994],[-80.149779,40.460523],[-80.149341,40.460333],[-80.149167,40.460205],[-80.147831,40.45835],[-80.147703,40.458021],[-80.147693,40.457488],[-80.147518,40.457352],[-80.146618,40.457438],[-80.145988,40.457437],[-80.145753,40.457397],[-80.145209,40.457095],[-80.144977,40.457043],[-80.144718,40.457102],[-80.143993,40.457425],[-80.143596,40.457518],[-80.141332,40.457566],[-80.14092,40.457529],[-80.139786,40.457115],[-80.138093,40.456354],[-80.137175,40.456165],[-80.136859,40.455925],[-80.136306,40.455161],[-80.134702,40.455783],[-80.134261,40.455885],[-80.133727,40.455922],[-80.131875,40.455755],[-80.130942,40.455794],[-80.129567,40.456014],[-80.125722,40.456789],[-80.125561,40.456871],[-80.12543,40.457034],[-80.125316,40.457558],[-80.125228,40.457761],[-80.124498,40.458308],[-80.123407,40.458978],[-80.123121,40.459256],[-80.122417,40.460211],[-80.122144,40.460309],[-80.120159,40.460083],[-80.117312,40.45936],[-80.115091,40.458706],[-80.114127,40.458687],[-80.113678,40.458602],[-80.113063,40.458168],[-80.112738,40.458095],[-80.112287,40.458078],[-80.112354,40.458577],[-80.11248,40.458839],[-80.113618,40.460245],[-80.11339,40.460596],[-80.1131,40.460852],[-80.112971,40.461279],[-80.112981,40.461508],[-80.113088,40.461677],[-80.113093,40.461799],[-80.112837,40.461927],[-80.112649,40.462267],[-80.112437,40.462516],[-80.112364,40.4627],[-80.112388,40.462822],[-80.112071,40.46347],[-80.112104,40.463852],[-80.1123,40.464291],[-80.112681,40.46491],[-80.112809,40.465024],[-80.113126,40.465603],[-80.113015,40.465808],[-80.112981,40.466042],[-80.11313,40.466283],[-80.113216,40.466566],[-80.113406,40.466663],[-80.113471,40.466771],[-80.113463,40.466848],[-80.113774,40.466966],[-80.113782,40.467025],[-80.113677,40.467119],[-80.113721,40.467173],[-80.113891,40.467247],[-80.114059,40.467418],[-80.114222,40.467447],[-80.114824,40.468369],[-80.115515,40.469172],[-80.115674,40.469574],[-80.115861,40.47044],[-80.116639,40.472217],[-80.117259,40.473375],[-80.117791,40.474203],[-80.11808,40.474912],[-80.118641,40.475882],[-80.118728,40.476372],[-80.118879,40.476747],[-80.119541,40.477627],[-80.119599,40.477955],[-80.119867,40.478462],[-80.119943,40.478497],[-80.12004,40.478649],[-80.120016,40.478724],[-80.120281,40.479216],[-80.120343,40.479499],[-80.120458,40.479601],[-80.120837,40.480208],[-80.120858,40.480369],[-80.121609,40.480147],[-80.121849,40.480118],[-80.122199,40.480164],[-80.122591,40.480416],[-80.123274,40.48146],[-80.123711,40.481914],[-80.124416,40.482204],[-80.124905,40.482303],[-80.131888,40.481278],[-80.132169,40.481415],[-80.133501,40.481877],[-80.137311,40.484094],[-80.138219,40.484461],[-80.138878,40.484636],[-80.13934,40.484663],[-80.140033,40.484593],[-80.141983,40.483964],[-80.142477,40.483937],[-80.142963,40.484028],[-80.143198,40.48413],[-80.14353,40.484411],[-80.14387,40.485073],[-80.144055,40.485973],[-80.144014,40.48704],[-80.144134,40.487299],[-80.144342,40.487512],[-80.145488,40.488402],[-80.145691,40.488752],[-80.145982,40.489617],[-80.146192,40.489927],[-80.148208,40.491678],[-80.148396,40.491682],[-80.148511,40.491609],[-80.14889,40.490769],[-80.14912,40.490466],[-80.149317,40.490348],[-80.149467,40.49032],[-80.149649,40.490364],[-80.150298,40.491155],[-80.151079,40.491021],[-80.15133,40.490745],[-80.151627,40.490695],[-80.151929,40.490734],[-80.152718,40.490718],[-80.153041,40.490395],[-80.153092,40.490039],[-80.152982,40.487776],[-80.152841,40.487367],[-80.15261,40.486986],[-80.152537,40.486566],[-80.152602,40.486261],[-80.152826,40.485347],[-80.153412,40.484851],[-80.153534,40.484665],[-80.153637,40.48434],[-80.153668,40.484126],[-80.153427,40.483412],[-80.15422,40.48061],[-80.154422,40.480133],[-80.154682,40.479053],[-80.154889,40.478741],[-80.155795,40.477915],[-80.156203,40.477146],[-80.156248,40.476923],[-80.156253,40.47631],[-80.156685,40.475573],[-80.15668,40.475176],[-80.156477,40.474915],[-80.155623,40.474221],[-80.154951,40.474175],[-80.15463,40.474094],[-80.154459,40.47399],[-80.153861,40.474049],[-80.152267,40.473611],[-80.15196,40.473429],[-80.151802,40.473203],[-80.151777,40.472725],[-80.152023,40.472457],[-80.152079,40.472288],[-80.1522,40.472218],[-80.153364,40.472582],[-80.15396,40.472655],[-80.154108,40.472566],[-80.154231,40.472304],[-80.154556,40.472021],[-80.155575,40.47156],[-80.156029,40.471583],[-80.15611,40.471435],[-80.155907,40.471211],[-80.155886,40.470957],[-80.156052,40.470761],[-80.156476,40.470824],[-80.156673,40.470783]]]}},{"type":"Feature","properties":{"geoid":"42003451300","name":"Census Tract 4513","land_m2":31574227.0},"geometry":{"type":"Polygon","coordinates":[[[-80.254785,40.509345],[-80.254996,40.509376],[-80.22806,40.495441],[-80.228015,40.495172],[-80.2281,40.494969],[-80.228062,40.494699],[-80.227515,40.494164],[-80.226751,40.492958],[-80.226525,40.492486],[-80.225939,40.491867],[-80.225685,40.491478],[-80.225509,40.490951],[-80.225235,40.489486],[-80.225147,40.488771],[-80.224472,40.485376],[-80.224292,40.484887],[-80.224201,40.484474],[-80.223647,40.483668],[-80.223208,40.483367],[-80.223169,40.483169],[-80.22264,40.482581],[-80.222678,40.482439],[-80.222632,40.48237],[-80.222394,40.482134],[-80.222252,40.482062],[-80.222055,40.481714],[-80.222183,40.481447],[-80.222455,40.481318],[-80.222814,40.481028],[-80.222711,40.48092],[-80.222292,40.480782],[-80.220574,40.480936],[-80.220454,40.480815],[-80.219724,40.48039],[-80.219108,40.479946],[-80.219006,40.479666],[-80.218995,40.479367],[-80.218803,40.478544],[-80.218585,40.478258],[-80.217592,40.478209],[-80.217128,40.478131],[-80.216729,40.477928],[-80.21642,40.477671],[-80.215976,40.477504],[-80.215731,40.477122],[-80.215494,40.476933],[-80.215028,40.476802],[-80.214332,40.476694],[-80.214163,40.476486],[-80.214075,40.47596],[-80.213782,40.475369],[-80.213562,40.475197],[-80.21323,40.475072],[-80.212637,40.475093],[-80.212184,40.47526],[-80.21179,40.475159],[-80.211501,40.474924],[-80.211187,40.474525],[-80.211034,40.474106],[-80.210646,40.473604],[-80.209759,40.472672],[-80.209367,40.472388],[-80.208725,40.472131],[-80.208171,40.472107],[-80.207866,40.471955],[-80.207167,40.471125],[-80.206908,40.470955],[-80.206354,40.470931],[-80.205814,40.470661],[-80.205226,40.470086],[-80.204599,40.469734],[-80.203855,40.469418],[-80.20178,40.468814],[-80.198824,40.467068],[-80.198278,40.466596],[-80.19692,40.465716],[-80.196445,40.465306],[-80.196252,40.465063],[-80.196224,40.464843],[-80.195639,40.46442],[-80.195397,40.46404],[-80.195156,40.46385],[-80.194934,40.463419],[-80.194625,40.463156],[-80.194007,40.462769],[-80.193647,40.462428],[-80.192858,40.461476],[-80.193316,40.46118],[-80.19321,40.461095],[-80.193237,40.46048],[-80.193193,40.460042],[-80.192872,40.459959],[-80.192627,40.460118],[-80.192317,40.459886],[-80.19175,40.460145],[-80.191485,40.459443],[-80.191113,40.459012],[-80.190775,40.458773],[-80.189991,40.458507],[-80.189552,40.458295],[-80.189018,40.458176],[-80.188794,40.457905],[-80.188539,40.45798],[-80.188262,40.457762],[-80.187985,40.457781],[-80.187791,40.457686],[-80.187299,40.457604],[-80.186976,40.457626],[-80.186403,40.457815],[-80.185918,40.457088],[-80.185609,40.45682],[-80.184318,40.456662],[-80.183549,40.45616],[-80.18351,40.456003],[-80.183373,40.455911],[-80.183031,40.455926],[-80.182621,40.456036],[-80.182481,40.456143],[-80.182459,40.456311],[-80.182372,40.456402],[-80.181721,40.456245],[-80.181217,40.456233],[-80.180828,40.456099],[-80.179369,40.455805],[-80.178648,40.455585],[-80.178317,40.455554],[-80.177673,40.455731],[-80.177557,40.455824],[-80.177325,40.456152],[-80.176961,40.456324],[-80.176737,40.456408],[-80.17612,40.456467],[-80.175805,40.456553],[-80.175409,40.456906],[-80.175075,40.457064],[-80.174631,40.45708],[-80.174397,40.456885],[-80.174042,40.456962],[-80.172761,40.457627],[-80.172509,40.45818],[-80.171237,40.45877],[-80.170685,40.458879],[-80.169897,40.458808],[-80.168695,40.45895],[-80.168376,40.459249],[-80.168066,40.459648],[-80.167488,40.460091],[-80.167474,40.460154],[-80.167499,40.460293],[-80.168213,40.460874],[-80.168856,40.461297],[-80.169068,40.461567],[-80.169034,40.46191],[-80.168852,40.462264],[-80.168136,40.462472],[-80.16757,40.462397],[-80.165313,40.461605],[-80.164504,40.461386],[-80.163657,40.46137],[-80.16344,40.461475],[-80.162658,40.461555],[-80.16188,40.461488],[-80.161654,40.461344],[-80.161797,40.460871],[-80.161959,40.460593],[-80.162008,40.460319],[-80.161748,40.45978],[-80.161761,40.459389],[-80.16209,40.459233],[-80.162549,40.459128],[-80.162596,40.459075],[-80.162563,40.45888],[-80.162479,40.458775],[-80.162277,40.458725],[-80.162005,40.458694],[-80.161698,40.458782],[-80.161453,40.45863],[-80.161104,40.458547],[-80.160922,40.458634],[-80.160662,40.459015],[-80.160505,40.459621],[-80.160246,40.459946],[-80.160125,40.460087],[-80.15948,40.460403],[-80.159531,40.460575],[-80.161037,40.462334],[-80.161429,40.462932],[-80.16234,40.464004],[-80.161345,40.465863],[-80.160781,40.466243],[-80.160048,40.466585],[-80.159465,40.466668],[-80.158694,40.466605],[-80.157925,40.466629],[-80.156518,40.466141],[-80.156335,40.466111],[-80.156013,40.466227],[-80.155647,40.466724],[-80.155653,40.467688],[-80.155966,40.469021],[-80.156409,40.469557],[-80.156424,40.469988],[-80.156671,40.470422],[-80.156714,40.470668],[-80.156673,40.470783],[-80.156476,40.470824],[-80.156052,40.470761],[-80.155886,40.470957],[-80.155907,40.471211],[-80.15611,40.471435],[-80.156029,40.471583],[-80.155575,40.47156],[-80.154556,40.472021],[-80.154231,40.472304],[-80.154108,40.472566],[-80.15396,40.472655],[-80.153364,40.472582],[-80.1522,40.472218],[-80.152079,40.472288],[-80.152023,40.472457],[-80.151777,40.472725],[-80.151802,40.473203],[-80.15196,40.473429],[-80.152267,40.473611],[-80.153861,40.474049],[-80.154459,40.47399],[-80.15463,40.474094],[-80.154951,40.474175],[-80.155623,40.474221],[-80.155981,40.474484],[-80.156613,40.47506],[-80.15668,40.475176],[-80.156685,40.475573],[-80.156253,40.47631],[-80.156248,40.476923],[-80.156203,40.477146],[-80.155795,40.477915],[-80.154889,40.478741],[-80.154682,40.479053],[-80.154422,40.480133],[-80.15422,40.48061],[-80.153427,40.483412],[-80.153668,40.484126],[-80.153637,40.48434],[-80.153534,40.484665],[-80.153412,40.484851],[-80.152826,40.485347],[-80.152537,40.486566],[-80.15261,40.486986],[-80.152841,40.487367],[-80.152982,40.487776],[-80.153092,40.490039],[-80.153041,40.490395],[-80.152718,40.490718],[-80.151929,40.490734],[-80.151627,40.490695],[-80.15133,40.490745],[-80.151079,40.491021],[-80.149474,40.491311],[-80.149196,40.491438],[-80.149113,40.491721],[-80.149167,40.492259],[-80.149704,40.493313],[-80.150041,40.493596],[-80.151028,40.49406],[-80.151166,40.4942],[-80.151333,40.494688],[-80.151523,40.494851],[-80.151863,40.495045],[-80.152199,40.495126],[-80.152924,40.495499],[-80.153259,40.49551],[-80.154185,40.495298],[-80.154633,40.49544],[-80.154883,40.495765],[-80.155204,40.496345],[-80.155221,40.496772],[-80.155104,40.49702],[-80.154267,40.498028],[-80.15349,40.498779],[-80.153548,40.499137],[-80.153379,40.499233],[-80.152708,40.499422],[-80.152187,40.499319],[-80.151812,40.499415],[-80.151611,40.499577],[-80.151109,40.499692],[-80.149977,40.499839],[-80.148505,40.500132],[-80.147905,40.500066],[-80.147288,40.499526],[-80.147034,40.499479],[-80.146684,40.49967],[-80.146307,40.500055],[-80.145808,40.500858],[-80.144924,40.5013],[-80.144766,40.501306],[-80.144624,40.501195],[-80.144638,40.500949],[-80.144525,40.50068],[-80.144133,40.500465],[-80.143105,40.499533],[-80.142726,40.499298],[-80.142288,40.499145],[-80.141883,40.49916],[-80.141649,40.499293],[-80.141279,40.499793],[-80.141254,40.500851],[-80.141123,40.501365],[-80.141225,40.501998],[-80.141325,40.502123],[-80.141483,40.502686],[-80.141603,40.50285],[-80.142127,40.503032],[-80.142389,40.502965],[-80.142493,40.502989],[-80.142566,40.503102],[-80.142905,40.50327],[-80.143216,40.503597],[-80.143471,40.503671],[-80.143954,40.503678],[-80.144247,40.503839],[-80.144485,40.504395],[-80.145393,40.505632],[-80.145677,40.506261],[-80.14593,40.506589],[-80.146286,40.506889],[-80.147367,40.506021],[-80.147904,40.505663],[-80.148442,40.505194],[-80.148726,40.504879],[-80.150301,40.503551],[-80.161124,40.506225],[-80.164005,40.507604],[-80.164127,40.507464],[-80.172183,40.51086],[-80.172226,40.510792],[-80.172011,40.510628],[-80.1718,40.510366],[-80.171566,40.509748],[-80.172077,40.509946],[-80.172317,40.509589],[-80.173091,40.509912],[-80.173026,40.509978],[-80.174375,40.510525],[-80.173444,40.511915],[-80.176223,40.5175],[-80.176293,40.517603],[-80.178128,40.517856],[-80.175758,40.521212],[-80.17522,40.521856],[-80.176743,40.522574],[-80.177545,40.523074],[-80.17858,40.522657],[-80.179142,40.5225],[-80.180633,40.522516],[-80.182178,40.522214],[-80.184311,40.522025],[-80.185031,40.521828],[-80.185633,40.521492],[-80.188446,40.519052],[-80.188697,40.519169],[-80.189986,40.519547],[-80.190194,40.519681],[-80.190562,40.520316],[-80.190892,40.52131],[-80.19104,40.521445],[-80.191187,40.521452],[-80.192584,40.520654],[-80.195399,40.519233],[-80.196745,40.518479],[-80.197594,40.517345],[-80.197839,40.516924],[-80.197621,40.516563],[-80.197344,40.516329],[-80.197847,40.515787],[-80.198446,40.514605],[-80.199885,40.512496],[-80.202179,40.509425],[-80.202954,40.508806],[-80.205378,40.507084],[-80.207534,40.505476],[-80.206513,40.504562],[-80.205671,40.50349],[-80.205463,40.503188],[-80.204832,40.502003],[-80.205312,40.501769],[-80.205571,40.501529],[-80.205664,40.501259],[-80.205946,40.499759],[-80.206234,40.49935],[-80.206666,40.499091],[-80.207409,40.498821],[-80.20782,40.498607],[-80.208825,40.49796],[-80.209749,40.498602],[-80.210686,40.499099],[-80.212169,40.499645],[-80.21311,40.499855],[-80.21466,40.49999],[-80.219281,40.500114],[-80.223537,40.500095],[-80.224579,40.50022],[-80.225259,40.500401],[-80.226005,40.500743],[-80.231065,40.504338],[-80.232147,40.504908],[-80.233218,40.505306],[-80.234962,40.505787],[-80.237009,40.506236],[-80.241954,40.507262],[-80.246731,40.508177],[-80.254785,40.509345]]]}},{"type":"Feature","properties":{"geoid":"42003261400","name":"Census Tract 2614","land_m2":1211702.0},"geometry":{"type":"Polygon","coordinates":[[[-80.020706,40.463537],[-80.020572,40.463125],[-80.020566,40.462972],[-80.019624,40.462261],[-80.019244,40.461882],[-80.018796,40.461268],[-80.018347,40.46043],[-80.01642,40.459273],[-80.015359,40.459466],[-80.015449,40.459736],[-80.012951,40.460208],[-80.012892,40.460258],[-80.012172,40.460072],[-80.010202,40.459896],[-80.009969,40.460037],[-80.009072,40.461141],[-80.008736,40.461217],[-80.008835,40.462328],[-80.009534,40.463442],[-80.010043,40.4651],[-80.005889,40.465876],[-80.00582,40.465585],[-80.005848,40.465502],[-80.005603,40.465015],[-80.005316,40.465292],[-80.005088,40.465426],[-80.003842,40.465727],[-80.003675,40.465857],[-80.00361,40.465971],[-80.003618,40.466143],[-80.003733,40.466304],[-80.005778,40.467135],[-80.005878,40.46724],[-80.005918,40.467374],[-80.005498,40.46731],[-80.004502,40.467387],[-80.003503,40.467532],[-80.002505,40.467914],[-80.002209,40.468444],[-80.004997,40.472209],[-80.007261,40.471274],[-80.013713,40.470018],[-80.013955,40.469928],[-80.013965,40.469848],[-80.015749,40.467955],[-80.018845,40.466867],[-80.019772,40.466457],[-80.020112,40.466178],[-80.020335,40.465962],[-80.020615,40.465299],[-80.020583,40.464241],[-80.020428,40.463745],[-80.02033,40.463574],[-80.020706,40.463537]]]}},{"type":"Feature","properties":{"geoid":"42003020100","name":"Census Tract 201","land_m2":1427891.0},"geometry":{"type":"Polygon","coordinates":[[[-80.01629,40.443207],[-80.014217,40.4407],[-80.0102,40.438628],[-80.002019,40.43509],[-80.000205,40.433996],[-79.997974,40.433052],[-79.997657,40.43288],[-79.996738,40.432801],[-79.996205,40.433602],[-79.99568,40.434158],[-79.994576,40.435873],[-79.994476,40.436138],[-79.994011,40.438129],[-79.993643,40.439085],[-79.992034,40.442203],[-79.991643,40.442824],[-79.990684,40.444068],[-79.990342,40.444636],[-79.990088,40.445253],[-79.990009,40.445941],[-79.990661,40.445547],[-79.991713,40.445033],[-79.992331,40.44493],[-79.992958,40.444959],[-79.993728,40.44514],[-79.994248,40.445439],[-79.994767,40.446086],[-79.996133,40.448182],[-79.997924,40.447273],[-80.0,40.446601],[-80.003461,40.445614],[-80.00859,40.444498],[-80.009323,40.444303],[-80.009327,40.444358],[-80.011121,40.443947],[-80.015379,40.443083],[-80.01629,40.443207]]]}},{"type":"Feature","properties":{"geoid":"42003523300","name":"Census Tract 5233","land_m2":3567824.0},"geometry":{"type":"Polygon","coordinates":[[[-79.848603,40.474661],[-79.848533,40.474193],[-79.847922,40.472291],[-79.847586,40.470751],[-79.847038,40.468631],[-79.846908,40.467635],[-79.846877,40.466402],[-79.847088,40.466347],[-79.84719,40.466246],[-79.847287,40.46603],[-79.847337,40.465637],[-79.847197,40.464939],[-79.846572,40.464138],[-79.846126,40.463667],[-79.845675,40.463359],[-79.844705,40.462913],[-79.843764,40.461977],[-79.843287,40.461614],[-79.843097,40.461523],[-79.842854,40.461551],[-79.842776,40.461647],[-79.842751,40.462074],[-79.84255,40.462206],[-79.842418,40.4618],[-79.842402,40.461454],[-79.842556,40.460572],[-79.84267,40.460214],[-79.841581,40.460938],[-79.841185,40.461276],[-79.841067,40.461485],[-79.840871,40.462279],[-79.839873,40.463491],[-79.839734,40.463852],[-79.839607,40.464416],[-79.838826,40.465713],[-79.837909,40.466432],[-79.837602,40.466622],[-79.836415,40.467129],[-79.83574,40.467347],[-79.835013,40.467419],[-79.834218,40.467368],[-79.83354,40.467201],[-79.83318,40.467006],[-79.832932,40.46675],[-79.832428,40.465947],[-79.832188,40.465668],[-79.830953,40.464878],[-79.830622,40.46476],[-79.830293,40.464706],[-79.829293,40.464762],[-79.828441,40.464882],[-79.827171,40.465504],[-79.826123,40.466202],[-79.825754,40.467132],[-79.82556,40.467477],[-79.823302,40.469733],[-79.822744,40.470216],[-79.822289,40.470473],[-79.821915,40.470621],[-79.820208,40.471192],[-79.819808,40.471458],[-79.819633,40.471686],[-79.819538,40.472002],[-79.819576,40.472272],[-79.819702,40.472504],[-79.81984,40.472651],[-79.821682,40.474029],[-79.821954,40.474309],[-79.822081,40.47485],[-79.822103,40.475168],[-79.821663,40.476085],[-79.821623,40.476356],[-79.821738,40.476774],[-79.822315,40.477944],[-79.822444,40.478346],[-79.822505,40.478742],[-79.822536,40.480386],[-79.82241,40.480762],[-79.822243,40.480989],[-79.820675,40.482195],[-79.819507,40.483405],[-79.819282,40.483851],[-79.819247,40.484202],[-79.823516,40.483243],[-79.824122,40.483044],[-79.826367,40.48207],[-79.828492,40.48186],[-79.829146,40.481561],[-79.830765,40.480979],[-79.832255,40.480568],[-79.833416,40.480073],[-79.833818,40.479982],[-79.834269,40.479951],[-79.834343,40.479662],[-79.836951,40.478392],[-79.837719,40.478101],[-79.838145,40.47802],[-79.838428,40.478064],[-79.838743,40.478247],[-79.838969,40.478482],[-79.839072,40.478508],[-79.839427,40.47841],[-79.839828,40.478378],[-79.839983,40.478408],[-79.842561,40.477641],[-79.843535,40.477519],[-79.843803,40.477548],[-79.84555,40.477974],[-79.846127,40.477917],[-79.846448,40.477701],[-79.847969,40.475923],[-79.848497,40.47554],[-79.848603,40.474661]]]}},{"type":"Feature","properties":{"geoid":"42003140800","name":"Census Tract 1408","land_m2":1089074.0},"geometry":{"type":"Polygon","coordinates":[[[-79.923483,40.429827],[-79.923485,40.429738],[-79.920157,40.428901],[-79.917537,40.428152],[-79.915992,40.427897],[-79.915556,40.427877],[-79.914853,40.428018],[-79.914582,40.428],[-79.914034,40.427781],[-79.91327,40.427079],[-79.912489,40.426473],[-79.91224,40.426376],[-79.910062,40.426122],[-79.908804,40.426405],[-79.907793,40.42632],[-79.907464,40.426485],[-79.907897,40.426581],[-79.911853,40.428356],[-79.913404,40.429005],[-79.915144,40.429836],[-79.915334,40.429887],[-79.915215,40.430307],[-79.915189,40.430965],[-79.915092,40.430969],[-79.915105,40.431393],[-79.91405,40.432052],[-79.912871,40.432588],[-79.911915,40.433139],[-79.911174,40.432876],[-79.909072,40.433968],[-79.909416,40.435809],[-79.909166,40.435939],[-79.908925,40.436178],[-79.908829,40.436459],[-79.908902,40.436812],[-79.909082,40.437051],[-79.909382,40.437223],[-79.911511,40.437854],[-79.911475,40.438013],[-79.922984,40.438056],[-79.922833,40.434754],[-79.923483,40.429827]]]}},{"type":"Feature","properties":{"geoid":"42003040900","name":"Census Tract 409","land_m2":912392.0},"geometry":{"type":"Polygon","coordinates":[[[-79.972894,40.436429],[-79.972916,40.436322],[-79.971557,40.436237],[-79.969711,40.43597],[-79.968672,40.435759],[-79.96733,40.435384],[-79.966131,40.434924],[-79.959935,40.432218],[-79.959092,40.431771],[-79.958333,40.431219],[-79.95578,40.428651],[-79.955076,40.428166],[-79.954412,40.427837],[-79.953919,40.427659],[-79.953058,40.427463],[-79.952371,40.427393],[-79.951078,40.427453],[-79.950431,40.427598],[-79.949913,40.428345],[-79.94973,40.428825],[-79.949658,40.429191],[-79.949667,40.429679],[-79.949884,40.433609],[-79.94986,40.43443],[-79.951686,40.434233],[-79.952213,40.434245],[-79.954729,40.434612],[-79.956408,40.435124],[-79.958171,40.435819],[-79.958198,40.435953],[-79.95842,40.436187],[-79.962071,40.439131],[-79.963408,40.438106],[-79.963805,40.43789],[-79.964061,40.437819],[-79.965336,40.437663],[-79.965907,40.436829],[-79.966209,40.436616],[-79.966492,40.436507],[-79.966925,40.436454],[-79.968796,40.436452],[-79.972643,40.437695],[-79.972894,40.436429]]]}},{"type":"Feature","properties":{"geoid":"42003421100","name":"Census Tract 4211","land_m2":8784749.0},"geometry":{"type":"Polygon","coordinates":[[[-79.891153,40.497034],[-79.890443,40.494777],[-79.88997,40.494805],[-79.889832,40.491527],[-79.886972,40.491115],[-79.884604,40.490922],[-79.884595,40.490551],[-79.884666,40.490461],[-79.884704,40.490294],[-79.884574,40.489819],[-79.884484,40.488949],[-79.884618,40.488375],[-79.884556,40.486774],[-79.88633,40.486563],[-79.888175,40.48644],[-79.888111,40.485176],[-79.888213,40.483682],[-79.883915,40.483214],[-79.882128,40.483081],[-79.87969,40.48311],[-79.877252,40.48317],[-79.874992,40.483385],[-79.872888,40.483715],[-79.870501,40.484196],[-79.865498,40.485069],[-79.865621,40.486797],[-79.865826,40.493373],[-79.865508,40.493387],[-79.865807,40.494152],[-79.865864,40.495565],[-79.862771,40.497035],[-79.862811,40.49765],[-79.862146,40.497665],[-79.862105,40.497462],[-79.861416,40.49748],[-79.861337,40.497475],[-79.861335,40.497435],[-79.860766,40.497448],[-79.86077,40.497537],[-79.860046,40.497549],[-79.860057,40.497663],[-79.859216,40.497693],[-79.859175,40.496435],[-79.856864,40.498169],[-79.85355,40.495647],[-79.851113,40.493601],[-79.85042,40.495738],[-79.84968,40.497589],[-79.849375,40.498864],[-79.849063,40.500963],[-79.848853,40.503658],[-79.849163,40.506036],[-79.849451,40.507425],[-79.849581,40.507754],[-79.849944,40.509179],[-79.850844,40.51419],[-79.850969,40.515864],[-79.850962,40.517304],[-79.850656,40.519856],[-79.850494,40.520508],[-79.851775,40.520648],[-79.854883,40.520873],[-79.855017,40.523846],[-79.855168,40.525664],[-79.85527,40.528789],[-79.867579,40.528512],[-79.867259,40.522247],[-79.871442,40.526075],[-79.871904,40.526609],[-79.872237,40.527164],[-79.872019,40.519351],[-79.871618,40.509748],[-79.87278,40.50971],[-79.87254,40.503881],[-79.878623,40.503694],[-79.878461,40.499498],[-79.883634,40.499182],[-79.883633,40.499245],[-79.883991,40.499118],[-79.885082,40.49886],[-79.885959,40.498933],[-79.887135,40.498721],[-79.887778,40.498537],[-79.888811,40.498156],[-79.890292,40.497361],[-79.891153,40.497034]]]}},{"type":"Feature","properties":{"geoid":"42003180300","name":"Census Tract 1803","land_m2":768452.0},"geometry":{"type":"Polygon","coordinates":[[[-80.003618,40.427925],[-80.003838,40.42783],[-80.002072,40.427631],[-80.00073,40.427593],[-79.999165,40.426874],[-79.998839,40.427264],[-79.998232,40.42706],[-79.998284,40.426968],[-79.9981,40.426868],[-79.998035,40.426928],[-79.997963,40.426883],[-79.998035,40.426804],[-79.997691,40.426615],[-79.997574,40.426714],[-79.997453,40.426621],[-79.997466,40.426523],[-79.997758,40.426122],[-79.997548,40.425992],[-79.997527,40.425723],[-79.997281,40.418261],[-79.989629,40.418457],[-79.988449,40.418504],[-79.988348,40.418576],[-79.988183,40.41851],[-79.988097,40.418535],[-79.988082,40.418853],[-79.988034,40.418977],[-79.988102,40.419188],[-79.988118,40.419795],[-79.988157,40.419907],[-79.988141,40.420604],[-79.988191,40.420843],[-79.988224,40.42139],[-79.988189,40.421606],[-79.988238,40.421771],[-79.988288,40.422783],[-79.988312,40.422875],[-79.988691,40.422843],[-79.988546,40.42331],[-79.988096,40.423732],[-79.987808,40.424252],[-79.987728,40.424866],[-79.987939,40.424853],[-79.988027,40.424916],[-79.988199,40.424936],[-79.989051,40.424932],[-79.989485,40.424871],[-79.990191,40.424911],[-79.990353,40.425053],[-79.990517,40.425321],[-79.990785,40.425569],[-79.992118,40.426305],[-79.992638,40.426428],[-79.993404,40.426447],[-79.993565,40.4265],[-79.993755,40.426621],[-79.994043,40.427013],[-79.994521,40.427332],[-79.994823,40.427456],[-79.995848,40.427691],[-79.996414,40.427943],[-79.996786,40.428194],[-79.997076,40.428214],[-79.997548,40.428393],[-79.998034,40.428303],[-79.998436,40.428439],[-79.998936,40.428467],[-79.999483,40.428138],[-79.999602,40.428112],[-79.999775,40.428171],[-80.000333,40.428626],[-80.001428,40.428936],[-80.001629,40.428863],[-80.002068,40.42857],[-80.00265,40.42848],[-80.003242,40.42808],[-80.003618,40.427925]]]}},{"type":"Feature","properties":{"geoid":"42003290100","name":"Census Tract 2901","land_m2":1266000.0},"geometry":{"type":"Polygon","coordinates":[[[-80.000617,40.402077],[-80.000473,40.401561],[-80.000131,40.399021],[-79.999848,40.398382],[-79.999614,40.398006],[-79.997398,40.395378],[-79.997182,40.395526],[-79.997125,40.39567],[-79.996966,40.395539],[-79.996328,40.394569],[-79.996298,40.394445],[-79.995765,40.394514],[-79.995547,40.394349],[-79.99549,40.394242],[-79.99533,40.393151],[-79.994474,40.393217],[-79.994381,40.392533],[-79.993093,40.39261],[-79.993059,40.393206],[-79.991254,40.393453],[-79.990425,40.391603],[-79.990031,40.391241],[-79.986606,40.391331],[-79.986596,40.392475],[-79.986374,40.394339],[-79.987081,40.395728],[-79.98822,40.397605],[-79.988985,40.399178],[-79.989397,40.402248],[-79.990554,40.404809],[-79.990879,40.405296],[-79.991262,40.405693],[-79.991452,40.40585],[-79.992162,40.406236],[-79.992318,40.406426],[-79.992332,40.406587],[-79.991908,40.407172],[-79.992447,40.407379],[-79.994456,40.40774],[-79.995237,40.407812],[-79.996051,40.408033],[-79.996749,40.408165],[-79.996774,40.407838],[-79.996584,40.404802],[-79.996486,40.401705],[-79.996769,40.401679],[-79.997085,40.401583],[-79.998976,40.401602],[-79.999419,40.401654],[-79.999526,40.402181],[-80.000617,40.402077]]]}},{"type":"Feature","properties":{"geoid":"42003475303","name":"Census Tract 4753.03","land_m2":3104903.0},"geometry":{"type":"Polygon","coordinates":[[[-80.064289,40.311937],[-80.061979,40.311315],[-80.061342,40.311092],[-80.059282,40.310016],[-80.058961,40.309823],[-80.058751,40.30962],[-80.058602,40.309336],[-80.05835,40.308282],[-80.058142,40.305304],[-80.057953,40.304997],[-80.056975,40.304303],[-80.056503,40.303726],[-80.05488,40.30287],[-80.053459,40.301762],[-80.051062,40.300411],[-80.049974,40.299982],[-80.048532,40.299517],[-80.048108,40.299413],[-80.047398,40.299323],[-80.046809,40.298156],[-80.043308,40.297457],[-80.042413,40.297324],[-80.042201,40.297253],[-80.04181,40.296971],[-80.041554,40.297151],[-80.041476,40.297153],[-80.041399,40.297389],[-80.041386,40.297649],[-80.041547,40.29923],[-80.041421,40.300216],[-80.040792,40.301371],[-80.040674,40.301994],[-80.040442,40.302762],[-80.040407,40.3039],[-80.040126,40.305198],[-80.039912,40.305277],[-80.03673,40.305109],[-80.036073,40.305132],[-80.035978,40.305197],[-80.035098,40.306279],[-80.035087,40.307438],[-80.032769,40.308106],[-80.033066,40.308842],[-80.033212,40.310143],[-80.033149,40.31073],[-80.032997,40.311113],[-80.034002,40.311365],[-80.034544,40.311559],[-80.035169,40.311912],[-80.037255,40.313265],[-80.03743,40.313396],[-80.03754,40.313549],[-80.037607,40.314025],[-80.03772,40.314239],[-80.040154,40.315797],[-80.040774,40.31651],[-80.041079,40.316533],[-80.044178,40.316243],[-80.044575,40.316389],[-80.046481,40.317429],[-80.047365,40.317754],[-80.048355,40.316532],[-80.051001,40.31459],[-80.052002,40.314039],[-80.05294,40.313756],[-80.05382,40.313593],[-80.059993,40.312582],[-80.064289,40.311937]]]}},{"type":"Feature","properties":{"geoid":"42003523200","name":"Census Tract 5232","land_m2":3220297.0},"geometry":{"type":"Polygon","coordinates":[[[-79.866408,40.460913],[-79.866397,40.460274],[-79.86627,40.459817],[-79.865995,40.459335],[-79.865381,40.458561],[-79.860629,40.458594],[-79.860644,40.458842],[-79.859618,40.458886],[-79.859621,40.459357],[-79.858016,40.459408],[-79.857285,40.457242],[-79.856946,40.457347],[-79.855537,40.457386],[-79.855496,40.456398],[-79.855555,40.454795],[-79.855472,40.453606],[-79.854238,40.453613],[-79.854219,40.452819],[-79.844323,40.449646],[-79.843782,40.450635],[-79.843736,40.450902],[-79.843863,40.451421],[-79.843798,40.451937],[-79.843822,40.452031],[-79.843994,40.452247],[-79.844509,40.452618],[-79.844703,40.452869],[-79.844767,40.453032],[-79.844783,40.453201],[-79.844617,40.454766],[-79.844537,40.455287],[-79.844087,40.456902],[-79.843841,40.457222],[-79.843219,40.457732],[-79.843038,40.457962],[-79.842965,40.458771],[-79.842688,40.459796],[-79.842667,40.460249],[-79.842556,40.460572],[-79.842425,40.46128],[-79.842418,40.4618],[-79.84255,40.462206],[-79.842751,40.462074],[-79.842776,40.461647],[-79.842854,40.461551],[-79.843097,40.461523],[-79.843287,40.461614],[-79.843764,40.461977],[-79.844705,40.462913],[-79.845675,40.463359],[-79.846126,40.463667],[-79.846572,40.464138],[-79.847197,40.464939],[-79.847337,40.465637],[-79.847311,40.465888],[-79.84719,40.466246],[-79.847088,40.466347],[-79.846877,40.466402],[-79.846908,40.467635],[-79.847067,40.468812],[-79.847586,40.470751],[-79.847922,40.472291],[-79.848598,40.474498],[-79.848497,40.47554],[-79.851004,40.47417],[-79.852186,40.473601],[-79.852598,40.473549],[-79.853243,40.473558],[-79.855587,40.473818],[-79.856044,40.473823],[-79.856545,40.473719],[-79.857365,40.473054],[-79.857804,40.472815],[-79.858478,40.47254],[-79.858736,40.472374],[-79.859048,40.47199],[-79.859291,40.471297],[-79.859289,40.470914],[-79.859144,40.470378],[-79.859197,40.47018],[-79.859609,40.469636],[-79.859942,40.468965],[-79.860081,40.468786],[-79.860571,40.468398],[-79.861738,40.467736],[-79.862848,40.467462],[-79.864318,40.466827],[-79.864819,40.466452],[-79.865284,40.46601],[-79.865419,40.465687],[-79.865795,40.462684],[-79.866408,40.460913]]]}},{"type":"Feature","properties":{"geoid":"42003521301","name":"Census Tract 5213.01","land_m2":7669712.0},"geometry":{"type":"Polygon","coordinates":[[[-79.778754,40.399002],[-79.778871,40.398946],[-79.77853,40.39897],[-79.777091,40.398873],[-79.776334,40.3983],[-79.774853,40.396732],[-79.771958,40.392287],[-79.769178,40.388281],[-79.768535,40.387087],[-79.768172,40.386566],[-79.765426,40.385311],[-79.764939,40.38721],[-79.765342,40.38798],[-79.765829,40.389217],[-79.766083,40.391133],[-79.765749,40.391135],[-79.765683,40.391428],[-79.765151,40.392371],[-79.764906,40.392913],[-79.764862,40.393149],[-79.76488,40.393434],[-79.765018,40.393914],[-79.765041,40.394197],[-79.764869,40.39502],[-79.764694,40.39549],[-79.764369,40.396],[-79.763161,40.397148],[-79.762855,40.397567],[-79.762652,40.398085],[-79.762288,40.399535],[-79.762051,40.399989],[-79.761715,40.400405],[-79.761286,40.400771],[-79.760509,40.401194],[-79.759586,40.401473],[-79.75809,40.401835],[-79.757533,40.402158],[-79.757137,40.402589],[-79.757008,40.402853],[-79.756932,40.40317],[-79.757066,40.405189],[-79.757321,40.406924],[-79.757278,40.407529],[-79.757149,40.40792],[-79.756477,40.409036],[-79.756033,40.40968],[-79.755737,40.410014],[-79.755366,40.410299],[-79.754938,40.410532],[-79.753534,40.411069],[-79.753234,40.41126],[-79.752964,40.411606],[-79.752817,40.411949],[-79.752281,40.414271],[-79.752193,40.414818],[-79.75217,40.415485],[-79.752229,40.41693],[-79.752161,40.417152],[-79.752072,40.417287],[-79.751816,40.417467],[-79.751005,40.417719],[-79.750752,40.41785],[-79.750551,40.418025],[-79.749505,40.420075],[-79.749475,40.420302],[-79.749697,40.421523],[-79.749668,40.42236],[-79.750047,40.423051],[-79.75038,40.423833],[-79.750415,40.424196],[-79.750363,40.425027],[-79.75042,40.425343],[-79.751031,40.426979],[-79.75128,40.427858],[-79.751247,40.428464],[-79.751085,40.429262],[-79.751235,40.429771],[-79.751311,40.430549],[-79.751601,40.43197],[-79.751888,40.432626],[-79.751928,40.433017],[-79.752382,40.434072],[-79.752923,40.434375],[-79.75386,40.435583],[-79.753875,40.436367],[-79.754471,40.437312],[-79.754667,40.437535],[-79.755139,40.437823],[-79.755706,40.437959],[-79.756727,40.438036],[-79.757419,40.438307],[-79.763173,40.442459],[-79.764382,40.443124],[-79.76502,40.443412],[-79.766435,40.443936],[-79.766691,40.444004],[-79.766752,40.443653],[-79.766582,40.441976],[-79.766624,40.441699],[-79.766712,40.441527],[-79.768103,40.439932],[-79.76946,40.438022],[-79.769746,40.437805],[-79.771409,40.436865],[-79.7724,40.436184],[-79.771994,40.435981],[-79.771637,40.435866],[-79.764426,40.434061],[-79.762998,40.433612],[-79.761825,40.43309],[-79.761317,40.43306],[-79.760232,40.433285],[-79.760275,40.433055],[-79.760877,40.432057],[-79.761224,40.431068],[-79.761436,40.43075],[-79.761659,40.430525],[-79.761945,40.430407],[-79.762357,40.430118],[-79.763524,40.429122],[-79.765247,40.428141],[-79.765531,40.42802],[-79.766028,40.42789],[-79.767724,40.427729],[-79.76807,40.42762],[-79.768575,40.427169],[-79.769654,40.426542],[-79.770352,40.425861],[-79.771786,40.424867],[-79.771934,40.424705],[-79.772231,40.423874],[-79.773256,40.422335],[-79.774009,40.421471],[-79.774534,40.420672],[-79.77567,40.419371],[-79.776102,40.418569],[-79.776532,40.417964],[-79.776763,40.417302],[-79.776306,40.417186],[-79.776496,40.41672],[-79.776535,40.416019],[-79.77599,40.414351],[-79.775666,40.413974],[-79.772754,40.414545],[-79.775818,40.410433],[-79.774797,40.410075],[-79.774742,40.410354],[-79.774243,40.410199],[-79.774311,40.409916],[-79.773228,40.409553],[-79.773067,40.409631],[-79.773712,40.409813],[-79.773383,40.41037],[-79.772572,40.409829],[-79.771486,40.410405],[-79.770735,40.409215],[-79.769868,40.408022],[-79.770085,40.407632],[-79.769962,40.407067],[-79.769419,40.405979],[-79.769731,40.404232],[-79.769805,40.404055],[-79.772291,40.401698],[-79.771741,40.401371],[-79.770634,40.400422],[-79.771664,40.399859],[-79.772433,40.400516],[-79.772924,40.400863],[-79.77514,40.402168],[-79.775376,40.402217],[-79.775275,40.401868],[-79.775221,40.401867],[-79.774181,40.400566],[-79.775253,40.400022],[-79.776265,40.400089],[-79.777553,40.40033],[-79.777553,40.400098],[-79.777933,40.399426],[-79.778754,40.399002]]]}},{"type":"Feature","properties":{"geoid":"42003141300","name":"Census Tract 1413","land_m2":890591.0},"geometry":{"type":"Polygon","coordinates":[[[-79.934946,40.432126],[-79.93452,40.432025],[-79.933888,40.431969],[-79.93347,40.431955],[-79.932663,40.432019],[-79.932605,40.431378],[-79.933073,40.43028],[-79.933046,40.430228],[-79.932993,40.430235],[-79.933223,40.428931],[-79.931734,40.429009],[-79.930494,40.428912],[-79.929439,40.428758],[-79.92676,40.428152],[-79.923608,40.429579],[-79.923485,40.429738],[-79.922855,40.434452],[-79.922831,40.435007],[-79.922984,40.438056],[-79.926974,40.438073],[-79.933088,40.437703],[-79.934033,40.437707],[-79.934011,40.43739],[-79.933045,40.433435],[-79.933227,40.433398],[-79.933556,40.433225],[-79.934199,40.432503],[-79.934436,40.432326],[-79.934946,40.432126]]]}},{"type":"Feature","properties":{"geoid":"42003561400","name":"Census Tract 5614","land_m2":1824590.0},"geometry":{"type":"Polygon","coordinates":[[[-79.872027,40.4468],[-79.871003,40.446027],[-79.869291,40.444488],[-79.868683,40.444848],[-79.868312,40.444092],[-79.868688,40.443928],[-79.870596,40.443675],[-79.870742,40.443571],[-79.870916,40.443315],[-79.870987,40.442901],[-79.871175,40.442397],[-79.871622,40.441521],[-79.871751,40.440658],[-79.867808,40.442557],[-79.866009,40.443542],[-79.865312,40.443772],[-79.862302,40.444566],[-79.858785,40.445129],[-79.854044,40.445815],[-79.854238,40.453613],[-79.855472,40.453606],[-79.855555,40.454795],[-79.855496,40.456398],[-79.855537,40.457386],[-79.856946,40.457347],[-79.857285,40.457242],[-79.858016,40.459408],[-79.859621,40.459357],[-79.859618,40.458886],[-79.860644,40.458842],[-79.860629,40.458594],[-79.867028,40.458547],[-79.868278,40.456351],[-79.865843,40.455745],[-79.86663,40.452077],[-79.866734,40.451341],[-79.86714,40.449392],[-79.867561,40.449389],[-79.867395,40.449097],[-79.868994,40.449061],[-79.869001,40.448992],[-79.869855,40.448363],[-79.870244,40.447983],[-79.872027,40.4468]]]}},{"type":"Feature","properties":{"geoid":"42003513800","name":"Census Tract 5138","land_m2":1458664.0},"geometry":{"type":"Polygon","coordinates":[[[-79.879254,40.404355],[-79.879436,40.404232],[-79.878711,40.403726],[-79.87674,40.402196],[-79.87285,40.398245],[-79.870972,40.39665],[-79.868994,40.395133],[-79.866608,40.393547],[-79.864108,40.392268],[-79.858768,40.398358],[-79.859866,40.398864],[-79.860199,40.399083],[-79.861471,40.400069],[-79.862081,40.400476],[-79.862457,40.400828],[-79.862932,40.401127],[-79.864495,40.402435],[-79.865198,40.403558],[-79.865367,40.404487],[-79.865408,40.404975],[-79.865447,40.406872],[-79.865685,40.40734],[-79.8661,40.407889],[-79.870971,40.411969],[-79.871575,40.411567],[-79.874608,40.407535],[-79.875898,40.406615],[-79.879254,40.404355]]]}},{"type":"Feature","properties":{"geoid":"42003250900","name":"Census Tract 2509","land_m2":643639.0},"geometry":{"type":"Polygon","coordinates":[[[-80.010043,40.4651],[-80.009534,40.463442],[-80.008835,40.462328],[-80.008795,40.462187],[-80.008675,40.46066],[-80.008496,40.459599],[-80.008331,40.459355],[-80.007944,40.459128],[-80.007764,40.458855],[-80.00684,40.459073],[-80.005534,40.458972],[-80.004649,40.458756],[-80.002958,40.458548],[-80.000828,40.458954],[-80.000976,40.45942],[-80.00005,40.459961],[-80.000044,40.459771],[-79.99973,40.459878],[-79.999804,40.462632],[-79.999922,40.464394],[-80.000032,40.464994],[-80.000275,40.465661],[-80.000577,40.466205],[-80.002209,40.468444],[-80.002505,40.467914],[-80.003503,40.467532],[-80.004502,40.467387],[-80.005498,40.46731],[-80.005918,40.467374],[-80.005878,40.46724],[-80.005778,40.467135],[-80.003733,40.466304],[-80.003618,40.466143],[-80.00361,40.465971],[-80.003675,40.465857],[-80.003842,40.465727],[-80.005088,40.465426],[-80.005316,40.465292],[-80.005603,40.465015],[-80.005848,40.465502],[-80.00582,40.465585],[-80.005889,40.465876],[-80.010043,40.4651]]]}},{"type":"Feature","properties":{"geoid":"42003020300","name":"Census Tract 203","land_m2":1590870.0},"geometry":{"type":"Polygon","coordinates":[[[-79.996133,40.448182],[-79.994767,40.446086],[-79.994248,40.445439],[-79.993728,40.44514],[-79.992958,40.444959],[-79.992331,40.44493],[-79.991713,40.445033],[-79.990661,40.445547],[-79.990009,40.445941],[-79.990088,40.445253],[-79.990365,40.444593],[-79.988875,40.445539],[-79.988814,40.445483],[-79.984785,40.448041],[-79.982341,40.449342],[-79.980942,40.449915],[-79.980441,40.450067],[-79.979497,40.450327],[-79.977968,40.450627],[-79.97685,40.450965],[-79.975685,40.451541],[-79.974246,40.452541],[-79.973667,40.452843],[-79.974182,40.453376],[-79.973347,40.454177],[-79.97357,40.454557],[-79.973832,40.454737],[-79.972905,40.455613],[-79.973781,40.45635],[-79.973971,40.456449],[-79.974322,40.456455],[-79.974762,40.456208],[-79.974839,40.4562],[-79.974947,40.456294],[-79.968074,40.461012],[-79.972761,40.464958],[-79.973908,40.46587],[-79.976016,40.463091],[-79.979634,40.460081],[-79.980621,40.45904],[-79.992395,40.450413],[-79.995621,40.448442],[-79.996133,40.448182]]]}},{"type":"Feature","properties":{"geoid":"42003509400","name":"Census Tract 5094","land_m2":2520376.0},"geometry":{"type":"Polygon","coordinates":[[[-79.833691,40.400538],[-79.833681,40.400399],[-79.830774,40.399549],[-79.829912,40.40064],[-79.827806,40.402875],[-79.827795,40.404293],[-79.826675,40.404231],[-79.824512,40.403023],[-79.818682,40.400457],[-79.817805,40.401504],[-79.816976,40.402347],[-79.815194,40.401066],[-79.814758,40.401311],[-79.814147,40.401808],[-79.813425,40.402676],[-79.812723,40.402341],[-79.811775,40.403355],[-79.813048,40.405494],[-79.81521,40.40522],[-79.815433,40.40563],[-79.815233,40.405737],[-79.815038,40.405933],[-79.813021,40.408249],[-79.811992,40.409539],[-79.81178,40.409864],[-79.811618,40.410438],[-79.811529,40.410607],[-79.811037,40.411262],[-79.809555,40.412278],[-79.810181,40.41247],[-79.810701,40.412715],[-79.811592,40.41295],[-79.811489,40.413142],[-79.812275,40.413778],[-79.810652,40.416389],[-79.811658,40.417861],[-79.812089,40.417601],[-79.8132,40.417421],[-79.81378,40.418119],[-79.81363,40.418311],[-79.813644,40.418427],[-79.814208,40.418834],[-79.81499,40.418133],[-79.814859,40.417576],[-79.816094,40.417033],[-79.818514,40.415483],[-79.81904,40.415996],[-79.819368,40.415788],[-79.819889,40.416277],[-79.82035,40.415982],[-79.82087,40.416486],[-79.821804,40.416307],[-79.821305,40.416739],[-79.821829,40.416695],[-79.822598,40.41646],[-79.823218,40.416208],[-79.823448,40.415978],[-79.823603,40.415922],[-79.824507,40.414747],[-79.825071,40.413524],[-79.825038,40.413084],[-79.824826,40.412495],[-79.826704,40.413926],[-79.827208,40.412015],[-79.827413,40.411009],[-79.827477,40.410062],[-79.831202,40.410672],[-79.831915,40.409278],[-79.832647,40.409836],[-79.833352,40.408839],[-79.833279,40.407933],[-79.833288,40.407842],[-79.833357,40.407831],[-79.833382,40.407756],[-79.833455,40.406781],[-79.833254,40.406469],[-79.833493,40.402523],[-79.833691,40.400538]]]}},{"type":"Feature","properties":{"geoid":"42003526301","name":"Census Tract 5263.01","land_m2":4348413.0},"geometry":{"type":"Polygon","coordinates":[[[-79.736034,40.477845],[-79.735872,40.477683],[-79.735567,40.47688],[-79.733722,40.474895],[-79.733666,40.47466],[-79.733702,40.473824],[-79.733498,40.473367],[-79.733102,40.472939],[-79.731833,40.471878],[-79.731611,40.471596],[-79.731347,40.471132],[-79.731222,40.470802],[-79.73115,40.47042],[-79.731167,40.469406],[-79.731071,40.468224],[-79.730998,40.467892],[-79.73075,40.467243],[-79.730682,40.46691],[-79.730621,40.465887],[-79.730504,40.465686],[-79.729132,40.464569],[-79.72651,40.462292],[-79.725737,40.461472],[-79.724394,40.460591],[-79.722011,40.458844],[-79.719322,40.4563],[-79.719026,40.456078],[-79.717517,40.455318],[-79.717514,40.45541],[-79.7182,40.45716],[-79.71905,40.459623],[-79.719211,40.459861],[-79.719555,40.460135],[-79.71966,40.460325],[-79.719656,40.460491],[-79.719545,40.460859],[-79.719563,40.461111],[-79.720032,40.462721],[-79.72071,40.463448],[-79.721245,40.464408],[-79.721443,40.46489],[-79.721418,40.465016],[-79.721275,40.465169],[-79.720484,40.465762],[-79.720772,40.4661],[-79.720971,40.466444],[-79.721023,40.466811],[-79.720902,40.467369],[-79.719986,40.469227],[-79.719925,40.469703],[-79.719999,40.470926],[-79.719932,40.471352],[-79.719612,40.471595],[-79.718995,40.471911],[-79.718622,40.472172],[-79.717374,40.473492],[-79.716547,40.474013],[-79.715962,40.474239],[-79.714969,40.474505],[-79.714355,40.474515],[-79.713807,40.474408],[-79.713157,40.474204],[-79.712215,40.47379],[-79.711873,40.473744],[-79.711527,40.47377],[-79.710997,40.473969],[-79.710782,40.474135],[-79.710645,40.474299],[-79.710133,40.475254],[-79.709844,40.475588],[-79.709507,40.475858],[-79.70876,40.475503],[-79.708311,40.475412],[-79.706095,40.475302],[-79.70526,40.475345],[-79.70486,40.475434],[-79.704228,40.475809],[-79.703602,40.476451],[-79.702485,40.477326],[-79.702245,40.486033],[-79.702246,40.487744],[-79.702142,40.489523],[-79.70406,40.489462],[-79.706211,40.489288],[-79.707635,40.489452],[-79.7081,40.489465],[-79.708572,40.489403],[-79.709054,40.489265],[-79.71148,40.488073],[-79.712208,40.487585],[-79.713367,40.486418],[-79.715127,40.484444],[-79.715456,40.484181],[-79.716075,40.483866],[-79.716682,40.483724],[-79.71812,40.483598],[-79.718587,40.483515],[-79.720124,40.482985],[-79.72493,40.481866],[-79.725237,40.481708],[-79.725846,40.481235],[-79.727003,40.479921],[-79.727442,40.479732],[-79.728136,40.479589],[-79.729814,40.47958],[-79.730544,40.479424],[-79.731901,40.479044],[-79.73408,40.478704],[-79.736034,40.477845]]]}},{"type":"Feature","properties":{"geoid":"42003445500","name":"Census Tract 4455","land_m2":2588391.0},"geometry":{"type":"Polygon","coordinates":[[[-80.19491,40.540646],[-80.195247,40.540459],[-80.19271,40.536464],[-80.191036,40.534477],[-80.189976,40.533785],[-80.188747,40.533304],[-80.186812,40.532356],[-80.183301,40.531203],[-80.178648,40.52994],[-80.175377,40.534778],[-80.172295,40.537606],[-80.169448,40.537017],[-80.168674,40.539631],[-80.167998,40.539506],[-80.166818,40.540195],[-80.164963,40.540654],[-80.164403,40.540934],[-80.163727,40.541373],[-80.162792,40.541644],[-80.162577,40.54175],[-80.16144,40.542609],[-80.161022,40.542837],[-80.160742,40.542883],[-80.160048,40.542814],[-80.158941,40.542897],[-80.157834,40.54278],[-80.156745,40.542592],[-80.15649,40.542591],[-80.156073,40.54269],[-80.155648,40.542866],[-80.155338,40.543117],[-80.154609,40.544171],[-80.154328,40.544708],[-80.157238,40.544588],[-80.156291,40.545613],[-80.156267,40.547519],[-80.158893,40.548288],[-80.158992,40.546135],[-80.15954,40.545306],[-80.160806,40.545252],[-80.161695,40.547445],[-80.162121,40.5475],[-80.16243,40.54775],[-80.163046,40.547651],[-80.163902,40.546709],[-80.162761,40.544071],[-80.164304,40.542554],[-80.166137,40.541547],[-80.166129,40.541146],[-80.168527,40.540576],[-80.168644,40.540827],[-80.168764,40.540781],[-80.168709,40.540565],[-80.168865,40.540641],[-80.169604,40.540708],[-80.170294,40.540879],[-80.171561,40.541274],[-80.172637,40.54076],[-80.172858,40.540532],[-80.174639,40.541615],[-80.17724,40.544262],[-80.176025,40.544948],[-80.174953,40.545642],[-80.174062,40.546555],[-80.173254,40.547148],[-80.173027,40.547594],[-80.173184,40.547967],[-80.173144,40.548828],[-80.171658,40.548389],[-80.171755,40.550696],[-80.17228,40.550463],[-80.17298,40.55075],[-80.173526,40.550019],[-80.173746,40.549977],[-80.174212,40.550096],[-80.174449,40.550009],[-80.174593,40.549861],[-80.174606,40.549736],[-80.174259,40.549157],[-80.174232,40.548133],[-80.174872,40.547622],[-80.175189,40.548066],[-80.175976,40.546608],[-80.176711,40.546715],[-80.176767,40.546687],[-80.176836,40.546371],[-80.177115,40.545863],[-80.178177,40.545344],[-80.178305,40.545311],[-80.181513,40.548595],[-80.183114,40.547671],[-80.189904,40.543532],[-80.190798,40.542849],[-80.191716,40.542409],[-80.193304,40.541445],[-80.19491,40.540646]]]}},{"type":"Feature","properties":{"geoid":"42003403500","name":"Census Tract 4035","land_m2":3185730.0},"geometry":{"type":"Polygon","coordinates":[[[-79.77992,40.60607],[-79.772087,40.601251],[-79.769876,40.599709],[-79.767715,40.598667],[-79.766571,40.597762],[-79.766551,40.597599],[-79.766399,40.597439],[-79.765534,40.596701],[-79.764043,40.59287],[-79.76319,40.593619],[-79.761999,40.594336],[-79.760285,40.595118],[-79.757014,40.59649],[-79.749437,40.598867],[-79.744584,40.599901],[-79.741275,40.600758],[-79.744769,40.603786],[-79.751053,40.608855],[-79.752191,40.608838],[-79.752315,40.609011],[-79.752612,40.608847],[-79.752794,40.609085],[-79.753259,40.608876],[-79.753732,40.609527],[-79.754163,40.609877],[-79.755857,40.60903],[-79.757141,40.610729],[-79.75657,40.611835],[-79.759222,40.614326],[-79.761365,40.614267],[-79.761375,40.614643],[-79.760791,40.615303],[-79.762201,40.61598],[-79.76226,40.616134],[-79.76262,40.616077],[-79.764906,40.616485],[-79.765914,40.616491],[-79.765105,40.615391],[-79.764177,40.614241],[-79.766883,40.614217],[-79.766747,40.609262],[-79.770949,40.609185],[-79.770852,40.606185],[-79.771967,40.606017],[-79.772468,40.606055],[-79.772809,40.606183],[-79.77366,40.606139],[-79.77992,40.60607]]]}},{"type":"Feature","properties":{"geoid":"42003408002","name":"Census Tract 4080.02","land_m2":11667041.0},"geometry":{"type":"Polygon","coordinates":[[[-79.991969,40.631494],[-79.99114,40.614313],[-79.976213,40.614465],[-79.967869,40.614801],[-79.947053,40.615449],[-79.933543,40.615825],[-79.92061,40.61607],[-79.921148,40.62],[-79.921342,40.622266],[-79.921449,40.624801],[-79.92173,40.62815],[-79.922106,40.633838],[-79.922365,40.633827],[-79.922618,40.63948],[-79.922687,40.639276],[-79.92315,40.638978],[-79.924224,40.638432],[-79.924538,40.63837],[-79.925001,40.637952],[-79.925637,40.637567],[-79.926844,40.637049],[-79.927231,40.636765],[-79.928034,40.63601],[-79.928581,40.635888],[-79.929435,40.635469],[-79.931064,40.63483],[-79.931256,40.634634],[-79.931339,40.634101],[-79.93151,40.633728],[-79.932588,40.632371],[-79.932768,40.632272],[-79.932991,40.63229],[-79.934321,40.632855],[-79.935446,40.633164],[-79.935816,40.633122],[-79.936626,40.63279],[-79.937276,40.632599],[-79.937771,40.63288],[-79.938304,40.63332],[-79.938899,40.633842],[-79.939568,40.634624],[-79.939847,40.634811],[-79.940451,40.635116],[-79.940793,40.635213],[-79.941296,40.63531],[-79.941834,40.635344],[-79.943905,40.635095],[-79.947404,40.635107],[-79.94894,40.634878],[-79.949778,40.634604],[-79.950621,40.634229],[-79.952056,40.633345],[-79.952124,40.633234],[-79.954334,40.633157],[-79.955827,40.633507],[-79.956082,40.633543],[-79.956426,40.633509],[-79.958622,40.632687],[-79.959296,40.63239],[-79.960989,40.631339],[-79.961439,40.631133],[-79.961993,40.631031],[-79.963587,40.630917],[-79.965742,40.631156],[-79.966279,40.631131],[-79.967795,40.630167],[-79.968331,40.629963],[-79.968658,40.629939],[-79.97129,40.630154],[-79.97171,40.630273],[-79.972488,40.630678],[-79.972738,40.630763],[-79.975226,40.631381],[-79.97577,40.631451],[-79.976466,40.631273],[-79.977402,40.630802],[-79.978022,40.630667],[-79.97845,40.630673],[-79.980185,40.630973],[-79.980687,40.630978],[-79.981111,40.630914],[-79.981694,40.630706],[-79.98252,40.630173],[-79.98289,40.630004],[-79.983267,40.629898],[-79.983902,40.629851],[-79.984395,40.629912],[-79.986305,40.630353],[-79.986834,40.630612],[-79.987778,40.631254],[-79.988404,40.631488],[-79.989027,40.631547],[-79.991969,40.631494]]]}},{"type":"Feature","properties":{"geoid":"42003427200","name":"Census Tract 4272","land_m2":4775077.0},"geometry":{"type":"Polygon","coordinates":[[[-79.985678,40.502435],[-79.985508,40.499479],[-79.98528,40.493619],[-79.984284,40.493438],[-79.983831,40.493523],[-79.976006,40.493691],[-79.976154,40.495311],[-79.97108,40.495511],[-79.97111,40.495389],[-79.970935,40.494602],[-79.970464,40.492889],[-79.970375,40.491108],[-79.969901,40.485289],[-79.9699,40.48523],[-79.969969,40.48523],[-79.969952,40.484684],[-79.969842,40.483604],[-79.971809,40.483574],[-79.971883,40.483085],[-79.972025,40.482788],[-79.972252,40.482579],[-79.972793,40.482247],[-79.97288,40.482077],[-79.972831,40.481808],[-79.972581,40.481491],[-79.971894,40.481094],[-79.970839,40.480823],[-79.970488,40.480681],[-79.969625,40.480247],[-79.967418,40.478986],[-79.964756,40.477917],[-79.96384,40.479046],[-79.962997,40.479958],[-79.960655,40.482086],[-79.958568,40.483799],[-79.956394,40.485282],[-79.955351,40.485907],[-79.953195,40.486955],[-79.95127,40.487586],[-79.954312,40.490888],[-79.954449,40.490819],[-79.955327,40.491936],[-79.955713,40.491748],[-79.956559,40.493337],[-79.955589,40.493384],[-79.950239,40.496713],[-79.950321,40.496952],[-79.94997,40.496946],[-79.949005,40.497142],[-79.948749,40.497484],[-79.948027,40.498017],[-79.948121,40.498264],[-79.948196,40.499135],[-79.948522,40.499122],[-79.949413,40.500594],[-79.949653,40.500591],[-79.949963,40.50114],[-79.949806,40.50137],[-79.949904,40.501624],[-79.950675,40.502113],[-79.952166,40.502374],[-79.952169,40.502411],[-79.95415,40.501979],[-79.954611,40.502082],[-79.955911,40.50191],[-79.955881,40.501471],[-79.958202,40.501407],[-79.958274,40.503868],[-79.95538,40.503954],[-79.955799,40.504466],[-79.955961,40.504791],[-79.95617,40.505274],[-79.956335,40.505961],[-79.956681,40.506246],[-79.956926,40.506554],[-79.957141,40.506976],[-79.957573,40.507646],[-79.963426,40.507552],[-79.965559,40.5052],[-79.965973,40.504728],[-79.96611,40.504504],[-79.966412,40.504526],[-79.967331,40.504394],[-79.967587,40.504402],[-79.968703,40.504766],[-79.969367,40.504806],[-79.970517,40.504067],[-79.970949,40.503584],[-79.971136,40.503226],[-79.971331,40.503005],[-79.972067,40.502439],[-79.972631,40.502335],[-79.972952,40.502356],[-79.973447,40.502525],[-79.97368,40.502527],[-79.973925,40.502466],[-79.974336,40.50228],[-79.975211,40.501669],[-79.975687,40.501414],[-79.976096,40.501016],[-79.976619,40.500345],[-79.977181,40.500066],[-79.977514,40.499802],[-79.977789,40.498973],[-79.978075,40.49875],[-79.978576,40.499415],[-79.980159,40.499738],[-79.980535,40.50019],[-79.980949,40.501049],[-79.981444,40.501458],[-79.981939,40.50163],[-79.982541,40.501716],[-79.984384,40.501777],[-79.984879,40.50193],[-79.985678,40.502435]]]}},{"type":"Feature","properties":{"geoid":"42003431400","name":"Census Tract 4314","land_m2":689810.0},"geometry":{"type":"Polygon","coordinates":[[[-80.061594,40.505443],[-80.061378,40.501576],[-80.056225,40.500731],[-80.050573,40.497742],[-80.049125,40.500326],[-80.048566,40.501168],[-80.047948,40.502249],[-80.05026,40.503564],[-80.050849,40.503839],[-80.05342,40.505399],[-80.058289,40.508183],[-80.058706,40.507402],[-80.059189,40.506896],[-80.059832,40.506512],[-80.061313,40.505954],[-80.061592,40.505803],[-80.061594,40.505443]]]}},{"type":"Feature","properties":{"geoid":"42003430200","name":"Census Tract 4302","land_m2":1761454.0},"geometry":{"type":"Polygon","coordinates":[[[-80.048116,40.521868],[-80.048038,40.520472],[-80.047799,40.518686],[-80.047565,40.516182],[-80.047599,40.516146],[-80.047315,40.514106],[-80.047366,40.513962],[-80.047321,40.513005],[-80.045024,40.513707],[-80.04314,40.514358],[-80.039946,40.515294],[-80.035094,40.515891],[-80.03272,40.516701],[-80.030176,40.513789],[-80.029517,40.514389],[-80.029446,40.514474],[-80.029382,40.514716],[-80.029409,40.514985],[-80.0298,40.515699],[-80.029764,40.515965],[-80.02966,40.516099],[-80.029025,40.516387],[-80.028785,40.516543],[-80.028003,40.517429],[-80.027408,40.517862],[-80.026765,40.518225],[-80.026164,40.518472],[-80.026097,40.51852],[-80.026114,40.518675],[-80.025807,40.518836],[-80.025482,40.518906],[-80.025406,40.518983],[-80.024963,40.519114],[-80.024826,40.519258],[-80.024898,40.51941],[-80.025883,40.519962],[-80.025286,40.520986],[-80.025956,40.521025],[-80.026694,40.521401],[-80.026878,40.522224],[-80.02881,40.522239],[-80.02891,40.523184],[-80.028951,40.524265],[-80.032287,40.524109],[-80.03504,40.523886],[-80.035243,40.52437],[-80.035481,40.525174],[-80.035597,40.525748],[-80.036569,40.525635],[-80.036739,40.525675],[-80.036915,40.525834],[-80.037042,40.526477],[-80.036817,40.52706],[-80.036847,40.527222],[-80.036996,40.527426],[-80.037297,40.527583],[-80.037601,40.527609],[-80.037864,40.527547],[-80.038664,40.527224],[-80.038905,40.52719],[-80.039269,40.527233],[-80.039604,40.527398],[-80.040099,40.527881],[-80.040904,40.52851],[-80.042243,40.527051],[-80.039969,40.522256],[-80.041152,40.522063],[-80.042369,40.521705],[-80.045809,40.521725],[-80.048116,40.521868]]]}},{"type":"Feature","properties":{"geoid":"42003320400","name":"Census Tract 3204","land_m2":852854.0},"geometry":{"type":"Polygon","coordinates":[[[-79.997398,40.395378],[-79.99722,40.394784],[-79.99734,40.393509],[-79.997306,40.392991],[-79.997122,40.392311],[-79.996759,40.391492],[-79.996667,40.391028],[-79.996672,40.39061],[-79.996896,40.389401],[-79.996843,40.3889],[-79.996759,40.388608],[-79.996415,40.387958],[-79.9952,40.386601],[-79.994893,40.386119],[-79.994823,40.385842],[-79.99481,40.385468],[-79.994887,40.385005],[-79.995049,40.384681],[-79.995784,40.383601],[-79.995962,40.383071],[-79.995977,40.38242],[-79.995868,40.382003],[-79.995715,40.38172],[-79.995474,40.381349],[-79.995088,40.380915],[-79.994162,40.379982],[-79.993577,40.379101],[-79.993198,40.378801],[-79.992881,40.378637],[-79.992506,40.378634],[-79.991127,40.378924],[-79.990226,40.378789],[-79.986032,40.377822],[-79.98582,40.378241],[-79.985725,40.378286],[-79.985306,40.378813],[-79.984828,40.37955],[-79.985454,40.3806],[-79.985565,40.380714],[-79.98492,40.381186],[-79.984226,40.38157],[-79.985629,40.381649],[-79.986556,40.38183],[-79.98691,40.38373],[-79.987205,40.384443],[-79.988185,40.38434],[-79.989261,40.38407],[-79.989724,40.383998],[-79.99189,40.383965],[-79.992883,40.383789],[-79.993369,40.383841],[-79.993549,40.383909],[-79.993293,40.384209],[-79.992932,40.384477],[-79.990345,40.385025],[-79.990558,40.385658],[-79.992015,40.385367],[-79.991993,40.38586],[-79.992235,40.387441],[-79.991319,40.387668],[-79.991135,40.387777],[-79.99126,40.38835],[-79.991144,40.389111],[-79.991289,40.389383],[-79.99218,40.390347],[-79.992484,40.390196],[-79.992912,40.390208],[-79.993209,40.3914],[-79.992809,40.391329],[-79.992882,40.391418],[-79.99301,40.392144],[-79.993423,40.392264],[-79.993505,40.392592],[-79.994381,40.392533],[-79.994474,40.393217],[-79.99533,40.393151],[-79.99549,40.394242],[-79.995547,40.394349],[-79.995765,40.394514],[-79.996298,40.394445],[-79.996328,40.394569],[-79.996966,40.395539],[-79.997125,40.39567],[-79.997182,40.395526],[-79.997398,40.395378]]]}},{"type":"Feature","properties":{"geoid":"42003526302","name":"Census Tract 5263.02","land_m2":4001953.0},"geometry":{"type":"Polygon","coordinates":[[[-79.721442,40.464943],[-79.721245,40.464408],[-79.72071,40.463448],[-79.720032,40.462721],[-79.719563,40.461111],[-79.719545,40.460859],[-79.719656,40.460491],[-79.71966,40.460325],[-79.719555,40.460135],[-79.719211,40.459861],[-79.71905,40.459623],[-79.7182,40.45716],[-79.717514,40.45541],[-79.717517,40.455318],[-79.717001,40.455106],[-79.715822,40.454758],[-79.715443,40.454588],[-79.71494,40.454224],[-79.714606,40.45376],[-79.714528,40.453433],[-79.714532,40.4531],[-79.714748,40.452287],[-79.714873,40.452009],[-79.7154,40.451283],[-79.715276,40.4511],[-79.713571,40.450827],[-79.713866,40.449853],[-79.714052,40.448495],[-79.714032,40.447275],[-79.713846,40.445839],[-79.711791,40.445801],[-79.711109,40.445968],[-79.710599,40.446309],[-79.710255,40.446669],[-79.710052,40.44698],[-79.709526,40.448113],[-79.708889,40.447972],[-79.708142,40.447673],[-79.70789,40.44749],[-79.707745,40.447247],[-79.707652,40.446547],[-79.707523,40.44637],[-79.706611,40.445904],[-79.705841,40.445441],[-79.705088,40.44482],[-79.703973,40.443652],[-79.703718,40.449197],[-79.703393,40.451461],[-79.703358,40.452512],[-79.703491,40.452984],[-79.703331,40.453331],[-79.703143,40.459035],[-79.703042,40.464505],[-79.702764,40.46987],[-79.702485,40.477326],[-79.703602,40.476451],[-79.704228,40.475809],[-79.70486,40.475434],[-79.70526,40.475345],[-79.706048,40.475302],[-79.708311,40.475412],[-79.70876,40.475503],[-79.709507,40.475858],[-79.709844,40.475588],[-79.710133,40.475254],[-79.710645,40.474299],[-79.710782,40.474135],[-79.710997,40.473969],[-79.711282,40.473834],[-79.711613,40.473757],[-79.712172,40.473781],[-79.713564,40.474337],[-79.71406,40.474463],[-79.71462,40.474529],[-79.715222,40.474453],[-79.716363,40.474101],[-79.717136,40.473655],[-79.717582,40.473307],[-79.718622,40.472172],[-79.718995,40.471911],[-79.719612,40.471595],[-79.719932,40.471352],[-79.719999,40.470926],[-79.719925,40.469703],[-79.719986,40.469227],[-79.720902,40.467369],[-79.721023,40.466811],[-79.720971,40.466444],[-79.720772,40.4661],[-79.720484,40.465762],[-79.721275,40.465169],[-79.721442,40.464943]]]}},{"type":"Feature","properties":{"geoid":"42003496200","name":"Census Tract 4962","land_m2":14500164.0},"geometry":{"type":"Polygon","coordinates":[[[-79.842382,40.28512],[-79.842385,40.285083],[-79.841552,40.285113],[-79.841091,40.285033],[-79.839599,40.284438],[-79.838606,40.284199],[-79.837414,40.283605],[-79.83713,40.283371],[-79.835419,40.284027],[-79.834898,40.284107],[-79.833461,40.284195],[-79.832873,40.284302],[-79.831554,40.284747],[-79.830042,40.285489],[-79.829,40.285941],[-79.828123,40.286177],[-79.827613,40.286146],[-79.82653,40.285727],[-79.826105,40.285624],[-79.824745,40.285474],[-79.823279,40.284969],[-79.82194,40.284295],[-79.821473,40.284233],[-79.820131,40.284318],[-79.819572,40.284408],[-79.818868,40.284732],[-79.81749,40.285669],[-79.816906,40.285952],[-79.816096,40.286232],[-79.814961,40.286447],[-79.814788,40.286244],[-79.814436,40.28601],[-79.812907,40.285463],[-79.812542,40.285198],[-79.812051,40.284599],[-79.811927,40.284257],[-79.811817,40.283545],[-79.811089,40.282408],[-79.810154,40.281593],[-79.807574,40.279611],[-79.807373,40.279285],[-79.807094,40.278597],[-79.806866,40.278279],[-79.805067,40.276749],[-79.804753,40.276546],[-79.804157,40.27627],[-79.80221,40.27549],[-79.801807,40.275378],[-79.801185,40.275291],[-79.799711,40.275257],[-79.799424,40.275121],[-79.799184,40.274783],[-79.798599,40.275002],[-79.798281,40.275027],[-79.79827,40.27565],[-79.797927,40.27545],[-79.79729,40.275963],[-79.796738,40.276109],[-79.796241,40.276037],[-79.796426,40.277725],[-79.796516,40.279445],[-79.796298,40.280212],[-79.796059,40.280627],[-79.795796,40.281079],[-79.795421,40.281342],[-79.794715,40.281683],[-79.791851,40.282126],[-79.788927,40.282255],[-79.783629,40.281924],[-79.781215,40.281966],[-79.780117,40.282109],[-79.779595,40.282295],[-79.778933,40.282638],[-79.77643,40.284437],[-79.776,40.284828],[-79.775823,40.285009],[-79.775427,40.285643],[-79.775151,40.286356],[-79.775027,40.287021],[-79.775079,40.287467],[-79.775232,40.28801],[-79.775963,40.28921],[-79.778311,40.291272],[-79.77908,40.29183],[-79.780142,40.292738],[-79.780995,40.293608],[-79.78259,40.294758],[-79.784566,40.296066],[-79.786132,40.296881],[-79.787507,40.297473],[-79.789065,40.297841],[-79.791082,40.298074],[-79.792285,40.298058],[-79.792896,40.297993],[-79.793587,40.29764],[-79.794861,40.296544],[-79.796749,40.294607],[-79.798052,40.293436],[-79.798759,40.292869],[-79.799558,40.292603],[-79.801054,40.292576],[-79.801731,40.292785],[-79.802478,40.293212],[-79.803032,40.293641],[-79.804248,40.294816],[-79.805033,40.295485],[-79.80645,40.297022],[-79.80689,40.297869],[-79.807141,40.298817],[-79.807193,40.299501],[-79.807098,40.300527],[-79.80694,40.301603],[-79.806767,40.302241],[-79.806152,40.302935],[-79.80553,40.303508],[-79.804622,40.304037],[-79.799726,40.305611],[-79.797845,40.306152],[-79.796056,40.30658],[-79.79483,40.307099],[-79.792667,40.308374],[-79.791763,40.309073],[-79.790226,40.310979],[-79.790042,40.312325],[-79.790278,40.313784],[-79.790528,40.314485],[-79.791055,40.315211],[-79.792467,40.316576],[-79.793311,40.317075],[-79.795411,40.317941],[-79.796318,40.318244],[-79.799821,40.319159],[-79.803281,40.319804],[-79.810506,40.320165],[-79.812481,40.320057],[-79.814419,40.319875],[-79.816069,40.319611],[-79.817313,40.319264],[-79.818472,40.318875],[-79.821069,40.317537],[-79.822805,40.316374],[-79.825094,40.314708],[-79.827068,40.313444],[-79.828313,40.312851],[-79.829001,40.312576],[-79.830188,40.312264],[-79.831517,40.312115],[-79.832798,40.312112],[-79.83402,40.312178],[-79.835115,40.312321],[-79.835881,40.312481],[-79.836272,40.312759],[-79.836748,40.313207],[-79.837201,40.313783],[-79.837772,40.314648],[-79.838406,40.314286],[-79.835635,40.308954],[-79.836445,40.30872],[-79.835884,40.307625],[-79.836889,40.30742],[-79.839537,40.302732],[-79.837886,40.301655],[-79.832311,40.299186],[-79.829229,40.298307],[-79.82965,40.297721],[-79.829757,40.296767],[-79.830078,40.295972],[-79.830363,40.29564],[-79.831444,40.294597],[-79.832269,40.293932],[-79.833434,40.292251],[-79.834151,40.291347],[-79.83434,40.291167],[-79.835353,40.290552],[-79.835678,40.29021],[-79.838394,40.289613],[-79.841262,40.285437],[-79.842382,40.28512]]]}},{"type":"Feature","properties":{"geoid":"42003480300","name":"Census Tract 4803","land_m2":2840625.0},"geometry":{"type":"Polygon","coordinates":[[[-79.980006,40.400437],[-79.979936,40.399943],[-79.979739,40.399462],[-79.979395,40.399044],[-79.975788,40.393122],[-79.973903,40.393433],[-79.973638,40.392752],[-79.973226,40.392778],[-79.973035,40.392463],[-79.973565,40.392199],[-79.973246,40.39084],[-79.973083,40.388717],[-79.975413,40.38828],[-79.975756,40.387212],[-79.974081,40.384792],[-79.972539,40.385258],[-79.971024,40.385781],[-79.967131,40.385827],[-79.966946,40.38659],[-79.966749,40.38691],[-79.966441,40.387149],[-79.965765,40.387534],[-79.964113,40.388266],[-79.963883,40.388481],[-79.963768,40.388673],[-79.963553,40.389274],[-79.962653,40.390155],[-79.962275,40.390432],[-79.961783,40.39068],[-79.961393,40.390806],[-79.96064,40.390863],[-79.958667,40.390138],[-79.957543,40.389773],[-79.957159,40.389701],[-79.957195,40.389895],[-79.957735,40.389914],[-79.958046,40.39539],[-79.959924,40.395598],[-79.959512,40.397556],[-79.961057,40.397828],[-79.962565,40.397946],[-79.962989,40.398068],[-79.963476,40.398325],[-79.963904,40.399715],[-79.964795,40.399687],[-79.969054,40.400468],[-79.970865,40.402811],[-79.970834,40.402866],[-79.970871,40.403254],[-79.970961,40.403423],[-79.970736,40.403465],[-79.970106,40.404756],[-79.969503,40.405062],[-79.969061,40.40537],[-79.965887,40.40723],[-79.963884,40.408737],[-79.963563,40.408795],[-79.96303,40.407881],[-79.962227,40.408155],[-79.961354,40.408079],[-79.960909,40.407561],[-79.960489,40.407771],[-79.960393,40.407761],[-79.960098,40.408755],[-79.959311,40.408727],[-79.959292,40.409057],[-79.95907,40.409061],[-79.959048,40.40974],[-79.956582,40.410346],[-79.956131,40.410309],[-79.956203,40.409432],[-79.956112,40.409116],[-79.956644,40.408229],[-79.956625,40.407774],[-79.956283,40.407188],[-79.955971,40.406887],[-79.956032,40.406617],[-79.95492,40.406845],[-79.953288,40.403258],[-79.953492,40.403205],[-79.953201,40.402518],[-79.952921,40.40267],[-79.952555,40.402184],[-79.95284,40.401705],[-79.951517,40.400029],[-79.951053,40.400238],[-79.950608,40.399618],[-79.947379,40.396914],[-79.946078,40.395905],[-79.944933,40.395417],[-79.945308,40.394929],[-79.94439,40.394404],[-79.94387,40.394168],[-79.938156,40.39298],[-79.938793,40.395026],[-79.936713,40.395161],[-79.937112,40.395267],[-79.937496,40.395662],[-79.937758,40.39695],[-79.941109,40.397127],[-79.94259,40.397328],[-79.943941,40.397775],[-79.9455,40.398462],[-79.946805,40.399352],[-79.948135,40.400422],[-79.949021,40.401306],[-79.949915,40.402401],[-79.950849,40.403751],[-79.951621,40.405367],[-79.952201,40.407245],[-79.952613,40.408854],[-79.952955,40.410659],[-79.955668,40.410521],[-79.955976,40.410467],[-79.956366,40.410631],[-79.956782,40.41063],[-79.957264,40.410556],[-79.957811,40.410337],[-79.958292,40.409969],[-79.959055,40.409778],[-79.95949,40.409751],[-79.959693,40.409906],[-79.960142,40.409915],[-79.960549,40.409822],[-79.962001,40.409676],[-79.96283,40.409671],[-79.963584,40.40948],[-79.96377,40.409502],[-79.964419,40.409176],[-79.965259,40.408328],[-79.965212,40.407973],[-79.966455,40.407015],[-79.96889,40.405645],[-79.969312,40.405479],[-79.972225,40.405017],[-79.972606,40.404811],[-79.973135,40.404869],[-79.974847,40.404633],[-79.975308,40.404496],[-79.975872,40.404196],[-79.975946,40.404034],[-79.976555,40.40392],[-79.979305,40.40194],[-79.97981,40.401294],[-79.979963,40.400849],[-79.980006,40.400437]]]}},{"type":"Feature","properties":{"geoid":"42003521100","name":"Census Tract 5211","land_m2":4688466.0},"geometry":{"type":"Polygon","coordinates":[[[-79.797822,40.442077],[-79.79789,40.441933],[-79.793715,40.441956],[-79.791529,40.442023],[-79.78899,40.442214],[-79.786829,40.442471],[-79.774417,40.444464],[-79.772473,40.444664],[-79.771026,40.444676],[-79.769548,40.444578],[-79.76813,40.444358],[-79.766691,40.444004],[-79.764834,40.44584],[-79.764559,40.446271],[-79.764288,40.447104],[-79.764018,40.44748],[-79.762244,40.449183],[-79.761772,40.449699],[-79.761637,40.450119],[-79.761424,40.451995],[-79.760402,40.454039],[-79.760303,40.454445],[-79.760236,40.455405],[-79.760111,40.455799],[-79.759869,40.456162],[-79.759706,40.456314],[-79.758399,40.45715],[-79.75802,40.457577],[-79.757846,40.457933],[-79.757788,40.458175],[-79.757793,40.458552],[-79.757913,40.458895],[-79.758949,40.460306],[-79.760299,40.460477],[-79.760615,40.460842],[-79.761453,40.461591],[-79.761643,40.461707],[-79.762074,40.461814],[-79.767418,40.462066],[-79.768098,40.462016],[-79.769068,40.461094],[-79.769403,40.460865],[-79.772682,40.45982],[-79.773489,40.459656],[-79.773906,40.459653],[-79.774315,40.459719],[-79.776012,40.460277],[-79.779298,40.460953],[-79.779279,40.459892],[-79.77985,40.459802],[-79.780843,40.45922],[-79.780927,40.459132],[-79.781094,40.458945],[-79.781887,40.457559],[-79.782154,40.456904],[-79.782498,40.456519],[-79.783222,40.45599],[-79.784085,40.455582],[-79.785446,40.454461],[-79.785868,40.454253],[-79.787204,40.453137],[-79.788001,40.452729],[-79.789156,40.452399],[-79.792878,40.451566],[-79.794744,40.450837],[-79.79628,40.450107],[-79.796413,40.448955],[-79.79667,40.448677],[-79.796889,40.448073],[-79.796975,40.447972],[-79.796972,40.447665],[-79.796371,40.446888],[-79.796274,40.446426],[-79.796342,40.446163],[-79.796611,40.445594],[-79.796691,40.444803],[-79.797012,40.443875],[-79.797104,40.443678],[-79.797416,40.443493],[-79.797504,40.443272],[-79.797511,40.442778],[-79.797822,40.442077]]]}},{"type":"Feature","properties":{"geoid":"42003496101","name":"Census Tract 4961.01","land_m2":11880402.0},"geometry":{"type":"Polygon","coordinates":[[[-79.855926,40.278497],[-79.855581,40.27686],[-79.855341,40.276392],[-79.855009,40.275961],[-79.853925,40.275071],[-79.853243,40.274651],[-79.852115,40.274125],[-79.851322,40.273837],[-79.850962,40.273606],[-79.849769,40.27218],[-79.849132,40.271617],[-79.847643,40.270028],[-79.846531,40.270848],[-79.8458,40.272011],[-79.845579,40.272282],[-79.844527,40.272728],[-79.844349,40.272764],[-79.844032,40.272645],[-79.843877,40.272508],[-79.843509,40.271965],[-79.843366,40.271843],[-79.843088,40.271718],[-79.842291,40.271691],[-79.840625,40.271821],[-79.839236,40.272053],[-79.837575,40.272645],[-79.837462,40.272731],[-79.837362,40.272957],[-79.835708,40.269537],[-79.835532,40.269269],[-79.833925,40.266102],[-79.833674,40.265701],[-79.83334,40.265339],[-79.831979,40.264453],[-79.83076,40.263415],[-79.830011,40.262889],[-79.829552,40.262586],[-79.827544,40.261539],[-79.825791,40.260031],[-79.825213,40.25932],[-79.825001,40.258884],[-79.824845,40.258404],[-79.82476,40.257906],[-79.824782,40.257739],[-79.825068,40.257131],[-79.825048,40.256987],[-79.824956,40.256861],[-79.819632,40.254602],[-79.818801,40.254368],[-79.818242,40.254289],[-79.817499,40.253717],[-79.817057,40.253656],[-79.814459,40.253666],[-79.811793,40.254325],[-79.80885,40.254752],[-79.808461,40.254703],[-79.804051,40.253694],[-79.803459,40.253662],[-79.802464,40.253731],[-79.80208,40.253805],[-79.800842,40.254252],[-79.800589,40.254424],[-79.799416,40.254815],[-79.798853,40.254966],[-79.797875,40.255069],[-79.797613,40.255215],[-79.797419,40.255505],[-79.796789,40.256989],[-79.796709,40.257311],[-79.796749,40.257509],[-79.796924,40.257777],[-79.797652,40.2585],[-79.797667,40.258726],[-79.797529,40.258873],[-79.796544,40.259242],[-79.794879,40.260122],[-79.794528,40.260266],[-79.792515,40.260583],[-79.792108,40.260696],[-79.791898,40.260972],[-79.791588,40.262264],[-79.791528,40.260755],[-79.791719,40.259575],[-79.791274,40.259217],[-79.790948,40.259125],[-79.790708,40.259116],[-79.790304,40.258713],[-79.789651,40.259203],[-79.78924,40.259592],[-79.787741,40.261847],[-79.787496,40.262503],[-79.787459,40.262873],[-79.787502,40.263242],[-79.788201,40.264501],[-79.788779,40.265312],[-79.794502,40.271336],[-79.795058,40.272189],[-79.795405,40.273335],[-79.796131,40.275225],[-79.796226,40.275678],[-79.796241,40.276037],[-79.796738,40.276109],[-79.79729,40.275963],[-79.797927,40.27545],[-79.79827,40.27565],[-79.798281,40.275027],[-79.798599,40.275002],[-79.799184,40.274783],[-79.799424,40.275121],[-79.799637,40.275238],[-79.799961,40.275279],[-79.801072,40.275281],[-79.801819,40.275381],[-79.802585,40.275628],[-79.804753,40.276546],[-79.805209,40.276865],[-79.806866,40.278279],[-79.807094,40.278597],[-79.807456,40.27945],[-79.807744,40.279768],[-79.809496,40.281071],[-79.810956,40.282259],[-79.81173,40.283379],[-79.811873,40.283718],[-79.811971,40.284431],[-79.812156,40.284743],[-79.812542,40.285198],[-79.812907,40.285463],[-79.814436,40.28601],[-79.814788,40.286244],[-79.814961,40.286447],[-79.816096,40.286232],[-79.816906,40.285952],[-79.81749,40.285669],[-79.818868,40.284732],[-79.819572,40.284408],[-79.820131,40.284318],[-79.821473,40.284233],[-79.82194,40.284295],[-79.823279,40.284969],[-79.824745,40.285474],[-79.826105,40.285624],[-79.82653,40.285727],[-79.827613,40.286146],[-79.828123,40.286177],[-79.829,40.285941],[-79.830042,40.285489],[-79.831554,40.284747],[-79.832873,40.284302],[-79.833461,40.284195],[-79.834898,40.284107],[-79.835419,40.284027],[-79.83713,40.283371],[-79.837414,40.283605],[-79.838606,40.284199],[-79.839599,40.284438],[-79.841091,40.285033],[-79.841552,40.285113],[-79.842385,40.285083],[-79.842382,40.28512],[-79.8437,40.284794],[-79.84448,40.284444],[-79.844976,40.284362],[-79.845798,40.284337],[-79.846145,40.284261],[-79.846432,40.284134],[-79.84662,40.284008],[-79.847002,40.283567],[-79.847339,40.283284],[-79.848662,40.282343],[-79.848805,40.282123],[-79.849054,40.281458],[-79.849255,40.281147],[-79.851024,40.280046],[-79.851501,40.279516],[-79.851651,40.279423],[-79.852373,40.279298],[-79.853162,40.279353],[-79.853412,40.279316],[-79.854333,40.279074],[-79.855304,40.278577],[-79.855926,40.278497]]]}},{"type":"Feature","properties":{"geoid":"42003439000","name":"Census Tract 4390","land_m2":13860454.0},"geometry":{"type":"Polygon","coordinates":[[[-80.208002,40.58806],[-80.207071,40.587146],[-80.206896,40.587031],[-80.204801,40.585091],[-80.199357,40.580305],[-80.199286,40.580285],[-80.197772,40.57887],[-80.197541,40.578756],[-80.195783,40.577214],[-80.18949,40.571434],[-80.18651,40.568902],[-80.181422,40.564372],[-80.181012,40.564613],[-80.181237,40.570217],[-80.181431,40.573131],[-80.181517,40.576121],[-80.170521,40.576211],[-80.156645,40.57705],[-80.156378,40.577312],[-80.156061,40.577508],[-80.155385,40.577771],[-80.15602,40.587929],[-80.143654,40.588179],[-80.138151,40.588168],[-80.133763,40.588242],[-80.158645,40.605241],[-80.158694,40.609282],[-80.160078,40.609577],[-80.160381,40.609599],[-80.160825,40.609491],[-80.161134,40.609318],[-80.162699,40.608347],[-80.163452,40.607686],[-80.163872,40.6074],[-80.164315,40.607157],[-80.164652,40.607065],[-80.164844,40.606957],[-80.164987,40.606775],[-80.165032,40.606414],[-80.165089,40.606351],[-80.165784,40.60603],[-80.16591,40.606046],[-80.166299,40.606326],[-80.166736,40.606313],[-80.166812,40.606677],[-80.166938,40.606715],[-80.167694,40.606711],[-80.16786,40.606873],[-80.168022,40.606869],[-80.168458,40.606653],[-80.168965,40.606568],[-80.169376,40.606618],[-80.169748,40.606795],[-80.169857,40.606918],[-80.169566,40.607171],[-80.169578,40.607305],[-80.169891,40.607668],[-80.170043,40.607757],[-80.170236,40.607793],[-80.170614,40.607685],[-80.170838,40.60777],[-80.171009,40.607995],[-80.172018,40.608152],[-80.172268,40.608053],[-80.172881,40.607954],[-80.173721,40.607705],[-80.174203,40.607885],[-80.174827,40.608029],[-80.17528,40.608221],[-80.176025,40.608113],[-80.176265,40.608219],[-80.17628,40.608323],[-80.176804,40.608574],[-80.176984,40.608725],[-80.177214,40.608801],[-80.177598,40.609041],[-80.177766,40.609193],[-80.177874,40.609482],[-80.17844,40.609437],[-80.178963,40.609199],[-80.179109,40.609183],[-80.179637,40.609347],[-80.179869,40.609496],[-80.180135,40.609476],[-80.180755,40.609107],[-80.180251,40.60857],[-80.180532,40.608241],[-80.180578,40.607936],[-80.180534,40.60759],[-80.180563,40.607344],[-80.181169,40.606734],[-80.181449,40.6064],[-80.181602,40.606113],[-80.18186,40.605831],[-80.183821,40.604753],[-80.184128,40.604491],[-80.184404,40.604155],[-80.184753,40.603585],[-80.18485,40.603077],[-80.184711,40.602638],[-80.184234,40.602097],[-80.183898,40.601479],[-80.183871,40.601309],[-80.184044,40.601132],[-80.186416,40.600824],[-80.187394,40.600545],[-80.18848,40.600046],[-80.188712,40.599753],[-80.188443,40.599439],[-80.188002,40.599181],[-80.185006,40.598028],[-80.184183,40.597326],[-80.184152,40.59714],[-80.184323,40.59692],[-80.18454,40.596834],[-80.185154,40.596716],[-80.185447,40.596714],[-80.185909,40.596574],[-80.186201,40.5963],[-80.186519,40.596126],[-80.187059,40.596098],[-80.188437,40.596296],[-80.190228,40.596182],[-80.191741,40.596456],[-80.192972,40.596892],[-80.193281,40.596933],[-80.194175,40.596793],[-80.194867,40.596776],[-80.194986,40.59672],[-80.195178,40.596452],[-80.195188,40.596247],[-80.195345,40.59585],[-80.196053,40.595143],[-80.196527,40.59477],[-80.197401,40.593769],[-80.198464,40.592655],[-80.198912,40.592331],[-80.199256,40.592156],[-80.200062,40.591922],[-80.2008,40.591447],[-80.202121,40.590936],[-80.202857,40.589925],[-80.203561,40.589503],[-80.203742,40.58932],[-80.203839,40.588988],[-80.204163,40.588568],[-80.20586,40.588175],[-80.206274,40.588125],[-80.207359,40.588205],[-80.208002,40.58806]]]}},{"type":"Feature","properties":{"geoid":"42003521200","name":"Census Tract 5212","land_m2":7329548.0},"geometry":{"type":"Polygon","coordinates":[[[-79.821804,40.416307],[-79.82087,40.416486],[-79.82035,40.415982],[-79.819889,40.416277],[-79.819368,40.415788],[-79.81904,40.415996],[-79.818514,40.415483],[-79.816094,40.417033],[-79.814859,40.417576],[-79.81499,40.418133],[-79.814208,40.418834],[-79.813644,40.418427],[-79.81363,40.418311],[-79.81378,40.418119],[-79.8132,40.417421],[-79.812089,40.417601],[-79.811658,40.417861],[-79.810652,40.416389],[-79.812275,40.413778],[-79.811489,40.413142],[-79.811592,40.41295],[-79.810701,40.412715],[-79.810181,40.41247],[-79.809555,40.412278],[-79.811037,40.411262],[-79.811529,40.410607],[-79.811618,40.410438],[-79.81178,40.409864],[-79.811992,40.409539],[-79.813021,40.408249],[-79.815038,40.405933],[-79.815233,40.405737],[-79.815433,40.40563],[-79.81521,40.40522],[-79.813048,40.405494],[-79.811775,40.403355],[-79.812723,40.402341],[-79.813425,40.402676],[-79.814147,40.401808],[-79.814758,40.401311],[-79.814993,40.401185],[-79.81407,40.400589],[-79.813606,40.401038],[-79.812431,40.39997],[-79.811425,40.399298],[-79.81164,40.399001],[-79.811235,40.398762],[-79.80917,40.397036],[-79.807644,40.396804],[-79.806452,40.396805],[-79.806456,40.396914],[-79.805968,40.397848],[-79.805622,40.398209],[-79.805433,40.398631],[-79.804364,40.398431],[-79.804004,40.400519],[-79.804069,40.400791],[-79.80453,40.401357],[-79.804693,40.40206],[-79.804619,40.40249],[-79.804312,40.40319],[-79.804101,40.403865],[-79.804101,40.404073],[-79.804326,40.405052],[-79.80433,40.40533],[-79.803056,40.407177],[-79.801771,40.408806],[-79.801187,40.409726],[-79.801163,40.409945],[-79.801221,40.410162],[-79.801825,40.411378],[-79.80184,40.411589],[-79.801084,40.412952],[-79.800607,40.414449],[-79.799825,40.415957],[-79.799248,40.416125],[-79.797812,40.416393],[-79.797157,40.416654],[-79.796762,40.416878],[-79.795768,40.417719],[-79.794079,40.419431],[-79.792639,40.420515],[-79.792423,40.421052],[-79.791959,40.422552],[-79.791345,40.42368],[-79.791194,40.423893],[-79.790266,40.424635],[-79.789661,40.425658],[-79.78924,40.42611],[-79.788627,40.426661],[-79.787066,40.428795],[-79.78582,40.430304],[-79.784664,40.431815],[-79.783513,40.433113],[-79.783352,40.433402],[-79.783102,40.434625],[-79.783015,40.43481],[-79.782796,40.435053],[-79.782523,40.435216],[-79.781647,40.435565],[-79.781616,40.43565],[-79.780636,40.436076],[-79.780123,40.436561],[-79.780015,40.436569],[-79.779773,40.436773],[-79.779432,40.436963],[-79.778644,40.437198],[-79.777272,40.437432],[-79.776472,40.437484],[-79.772994,40.436466],[-79.77253,40.436281],[-79.7724,40.436184],[-79.771409,40.436865],[-79.769746,40.437805],[-79.76946,40.438022],[-79.768103,40.439932],[-79.766712,40.441527],[-79.766582,40.441915],[-79.766752,40.443653],[-79.766691,40.444004],[-79.76813,40.444358],[-79.769907,40.444612],[-79.771387,40.44468],[-79.773223,40.444615],[-79.774417,40.444464],[-79.786829,40.442471],[-79.78899,40.442214],[-79.791893,40.442009],[-79.79789,40.441933],[-79.798118,40.441618],[-79.798577,40.441323],[-79.798832,40.441228],[-79.800119,40.441145],[-79.801054,40.440537],[-79.801285,40.440469],[-79.801693,40.440435],[-79.801908,40.440347],[-79.801973,40.440187],[-79.801773,40.44],[-79.80149,40.439909],[-79.800794,40.439813],[-79.800486,40.439698],[-79.80035,40.439509],[-79.800621,40.439264],[-79.800939,40.439062],[-79.801347,40.438925],[-79.801829,40.438865],[-79.802448,40.438682],[-79.802869,40.438484],[-79.803093,40.437724],[-79.803087,40.437369],[-79.802935,40.436672],[-79.802959,40.436493],[-79.80316,40.436249],[-79.803548,40.435942],[-79.804468,40.43493],[-79.804535,40.434744],[-79.804561,40.434232],[-79.804215,40.433549],[-79.803587,40.43296],[-79.802086,40.432012],[-79.802027,40.431845],[-79.802044,40.431458],[-79.802309,40.430975],[-79.802362,40.430732],[-79.802348,40.429862],[-79.802398,40.429501],[-79.802576,40.429091],[-79.802625,40.428862],[-79.802668,40.428289],[-79.802765,40.427898],[-79.803113,40.427208],[-79.803552,40.426832],[-79.805293,40.425984],[-79.806241,40.425641],[-79.806577,40.425616],[-79.80724,40.425445],[-79.807582,40.425324],[-79.808009,40.425088],[-79.808804,40.424363],[-79.809341,40.423634],[-79.809617,40.423501],[-79.809965,40.423442],[-79.810228,40.423256],[-79.810487,40.422975],[-79.810684,40.422876],[-79.810838,40.422816],[-79.811432,40.422743],[-79.811749,40.422579],[-79.816057,40.41981],[-79.816838,40.419116],[-79.817626,40.418192],[-79.817828,40.417881],[-79.818164,40.417647],[-79.81953,40.417045],[-79.820136,40.416877],[-79.821305,40.416739],[-79.821804,40.416307]]]}},{"type":"Feature","properties":{"geoid":"42003110600","name":"Census Tract 1106","land_m2":637590.0},"geometry":{"type":"Polygon","coordinates":[[[-79.920893,40.469973],[-79.921025,40.46969],[-79.916948,40.468581],[-79.916921,40.468439],[-79.916436,40.467641],[-79.916161,40.466991],[-79.914605,40.46741],[-79.914682,40.468299],[-79.914839,40.468832],[-79.912744,40.469226],[-79.912385,40.469355],[-79.912113,40.469521],[-79.911786,40.469842],[-79.91165,40.470092],[-79.911598,40.470314],[-79.910815,40.475132],[-79.912393,40.47516],[-79.912348,40.475365],[-79.913235,40.475476],[-79.913319,40.475186],[-79.914305,40.475281],[-79.913868,40.477472],[-79.913755,40.477614],[-79.913536,40.477678],[-79.913117,40.478207],[-79.913109,40.478322],[-79.913341,40.478718],[-79.913879,40.478634],[-79.914976,40.478808],[-79.915936,40.478835],[-79.918786,40.474502],[-79.920893,40.469973]]]}},{"type":"Feature","properties":{"geoid":"42003477200","name":"Census Tract 4772","land_m2":2899681.0},"geometry":{"type":"Polygon","coordinates":[[[-80.001586,40.374841],[-80.001359,40.373568],[-80.00081,40.371036],[-80.001547,40.370599],[-79.999908,40.370633],[-79.998649,40.370338],[-79.99767,40.370289],[-79.99791,40.369903],[-79.99841,40.369259],[-79.999179,40.367388],[-79.999321,40.366893],[-79.999413,40.366335],[-79.999364,40.365256],[-79.999392,40.364971],[-79.999596,40.364468],[-80.000013,40.363926],[-80.000192,40.363582],[-80.000521,40.361975],[-80.000782,40.360267],[-80.00077,40.359692],[-80.000523,40.3591],[-79.999663,40.357748],[-79.999786,40.357711],[-79.999603,40.357492],[-79.999161,40.356735],[-79.999011,40.356571],[-79.998649,40.356373],[-79.997767,40.356105],[-79.997389,40.355922],[-79.996691,40.35532],[-79.996507,40.355012],[-79.996291,40.354856],[-79.995511,40.354767],[-79.995309,40.354693],[-79.995193,40.354581],[-79.995166,40.354321],[-79.995236,40.354057],[-79.99537,40.353815],[-79.995948,40.353229],[-79.996282,40.35298],[-79.996037,40.352703],[-79.995976,40.35256],[-79.996017,40.352109],[-79.996088,40.351979],[-79.99417,40.351199],[-79.994914,40.350446],[-79.990771,40.349862],[-79.990091,40.349695],[-79.989256,40.349372],[-79.988455,40.348905],[-79.987802,40.348346],[-79.98645,40.346568],[-79.986334,40.346847],[-79.986329,40.347139],[-79.986358,40.347437],[-79.986442,40.347681],[-79.987144,40.348839],[-79.987666,40.349905],[-79.98978,40.353879],[-79.990922,40.355803],[-79.991047,40.356068],[-79.991101,40.356345],[-79.991026,40.356822],[-79.990632,40.35816],[-79.990765,40.359512],[-79.990793,40.360834],[-79.990847,40.361118],[-79.989758,40.361711],[-79.987958,40.362379],[-79.98886,40.363945],[-79.98782,40.365551],[-79.985051,40.368162],[-79.985438,40.368648],[-79.985363,40.368715],[-79.985895,40.369416],[-79.986171,40.370241],[-79.984762,40.372116],[-79.98693,40.375081],[-79.985419,40.37673],[-79.985527,40.376977],[-79.985811,40.377313],[-79.986185,40.377536],[-79.986032,40.377822],[-79.990226,40.378789],[-79.991127,40.378924],[-79.992506,40.378634],[-79.992901,40.378604],[-79.99358,40.378321],[-79.99411,40.376926],[-79.994132,40.376728],[-79.993999,40.375839],[-79.994401,40.375718],[-79.994945,40.375666],[-79.998051,40.376472],[-79.999123,40.377344],[-80.000282,40.376017],[-80.000627,40.375509],[-80.001439,40.374887],[-80.001586,40.374841]]]}},{"type":"Feature","properties":{"geoid":"42003474201","name":"Census Tract 4742.01","land_m2":3307057.0},"geometry":{"type":"Polygon","coordinates":[[[-80.115415,40.33372],[-80.115341,40.333525],[-80.115008,40.333005],[-80.114875,40.332577],[-80.114721,40.332299],[-80.114339,40.331876],[-80.114005,40.331682],[-80.113471,40.331546],[-80.112937,40.333198],[-80.112055,40.33501],[-80.111432,40.336024],[-80.110201,40.337079],[-80.110032,40.337161],[-80.109638,40.337187],[-80.108565,40.336939],[-80.108372,40.336943],[-80.108129,40.337059],[-80.107085,40.3387],[-80.106859,40.338985],[-80.10641,40.339351],[-80.10515,40.340017],[-80.104761,40.340413],[-80.104159,40.341589],[-80.103964,40.342127],[-80.103879,40.342751],[-80.103959,40.343524],[-80.103766,40.34361],[-80.103572,40.343772],[-80.103338,40.343851],[-80.102918,40.343845],[-80.102694,40.343775],[-80.102521,40.343668],[-80.102034,40.343182],[-80.101847,40.343088],[-80.100268,40.342761],[-80.097808,40.341455],[-80.097679,40.341333],[-80.097598,40.341131],[-80.097584,40.340942],[-80.09764,40.340707],[-80.097774,40.34055],[-80.098489,40.34006],[-80.09858,40.339873],[-80.098327,40.339169],[-80.098235,40.338523],[-80.098055,40.338054],[-80.097905,40.337828],[-80.09774,40.337727],[-80.095971,40.337417],[-80.095657,40.337297],[-80.095413,40.337367],[-80.095178,40.337519],[-80.094854,40.337834],[-80.09445,40.33798],[-80.093828,40.337963],[-80.092694,40.337816],[-80.092268,40.337884],[-80.09183,40.33816],[-80.091627,40.338407],[-80.091482,40.338777],[-80.091234,40.338927],[-80.089444,40.338651],[-80.088754,40.338652],[-80.087862,40.338742],[-80.087448,40.338897],[-80.086851,40.339418],[-80.086454,40.339609],[-80.08625,40.339675],[-80.084513,40.339893],[-80.084046,40.339854],[-80.082373,40.339477],[-80.082069,40.339438],[-80.081841,40.339464],[-80.080883,40.339708],[-80.080749,40.33985],[-80.080639,40.340377],[-80.080573,40.340482],[-80.080321,40.340615],[-80.079572,40.340847],[-80.079409,40.340812],[-80.079323,40.34072],[-80.079218,40.340187],[-80.078036,40.340281],[-80.077997,40.340731],[-80.078029,40.340947],[-80.078242,40.341308],[-80.079232,40.342135],[-80.079506,40.342298],[-80.08044,40.34257],[-80.080982,40.34298],[-80.081192,40.343314],[-80.0816,40.344197],[-80.082318,40.34525],[-80.082536,40.34565],[-80.082709,40.346345],[-80.082762,40.347622],[-80.082843,40.347972],[-80.082991,40.348308],[-80.083211,40.348616],[-80.084369,40.349911],[-80.084945,40.350484],[-80.085573,40.351246],[-80.085894,40.351501],[-80.086741,40.351935],[-80.087196,40.352339],[-80.087881,40.35332],[-80.088074,40.354075],[-80.088365,40.354388],[-80.08889,40.35475],[-80.090438,40.355625],[-80.090835,40.355769],[-80.092724,40.356163],[-80.094685,40.356293],[-80.095389,40.356291],[-80.095248,40.35539],[-80.087691,40.352387],[-80.089931,40.350567],[-80.090229,40.350431],[-80.092062,40.351754],[-80.095619,40.353265],[-80.098071,40.350006],[-80.098646,40.349649],[-80.099272,40.349431],[-80.099751,40.349355],[-80.10262,40.349315],[-80.103626,40.349243],[-80.104633,40.349119],[-80.104606,40.348961],[-80.105828,40.348845],[-80.106079,40.348846],[-80.106189,40.348902],[-80.106889,40.350169],[-80.107455,40.350878],[-80.108027,40.351418],[-80.110129,40.351565],[-80.110519,40.351212],[-80.110585,40.351045],[-80.110331,40.350681],[-80.110258,40.349963],[-80.110313,40.349454],[-80.110101,40.348924],[-80.109919,40.348777],[-80.10933,40.348544],[-80.108878,40.348414],[-80.108319,40.348296],[-80.107993,40.348281],[-80.107741,40.348196],[-80.107593,40.348089],[-80.107561,40.347929],[-80.107589,40.347588],[-80.107685,40.347345],[-80.108509,40.346165],[-80.108761,40.345859],[-80.10908,40.345622],[-80.109086,40.345431],[-80.109284,40.34471],[-80.109418,40.344417],[-80.109843,40.343816],[-80.111247,40.34125],[-80.111758,40.340488],[-80.11235,40.339433],[-80.112603,40.338796],[-80.113422,40.33749],[-80.113739,40.337193],[-80.114889,40.335229],[-80.115318,40.334151],[-80.115415,40.33372]]]}},{"type":"Feature","properties":{"geoid":"42003526201","name":"Census Tract 5262.01","land_m2":6188706.0},"geometry":{"type":"Polygon","coordinates":[[[-79.785338,40.491871],[-79.78536,40.491756],[-79.78505,40.49174],[-79.784955,40.491346],[-79.784826,40.491181],[-79.783275,40.490472],[-79.780136,40.489786],[-79.779429,40.489714],[-79.777987,40.489281],[-79.775172,40.48899],[-79.774933,40.488955],[-79.774689,40.488851],[-79.773048,40.487638],[-79.772905,40.48751],[-79.772567,40.487018],[-79.771568,40.486357],[-79.771237,40.486192],[-79.769621,40.485668],[-79.766919,40.484257],[-79.766019,40.483873],[-79.765865,40.483713],[-79.7648,40.481706],[-79.764461,40.481271],[-79.76389,40.480357],[-79.762785,40.47906],[-79.762484,40.478825],[-79.762119,40.478635],[-79.760961,40.478148],[-79.759144,40.477769],[-79.758128,40.478216],[-79.757783,40.47827],[-79.756847,40.478362],[-79.754252,40.478402],[-79.753297,40.478551],[-79.753028,40.478545],[-79.751193,40.478216],[-79.749376,40.47777],[-79.748266,40.477406],[-79.746113,40.477454],[-79.74476,40.477153],[-79.744491,40.477139],[-79.743828,40.477297],[-79.742258,40.477403],[-79.739539,40.477672],[-79.737427,40.477541],[-79.736961,40.477553],[-79.736513,40.477643],[-79.736034,40.477845],[-79.737351,40.478886],[-79.737847,40.479636],[-79.737975,40.47994],[-79.737917,40.482024],[-79.737848,40.482371],[-79.737648,40.482858],[-79.73765,40.483016],[-79.737931,40.483653],[-79.738006,40.484029],[-79.738001,40.484381],[-79.737799,40.484868],[-79.737771,40.485054],[-79.737792,40.485241],[-79.737896,40.485499],[-79.738118,40.485956],[-79.738364,40.486318],[-79.740881,40.48992],[-79.741352,40.490489],[-79.743425,40.492105],[-79.745534,40.493617],[-79.746806,40.49421],[-79.749228,40.494647],[-79.74969,40.494784],[-79.750085,40.494962],[-79.750543,40.495272],[-79.751638,40.496472],[-79.752615,40.496457],[-79.752905,40.496523],[-79.753464,40.497157],[-79.754869,40.498154],[-79.755131,40.498408],[-79.755442,40.498831],[-79.755713,40.499071],[-79.757252,40.499962],[-79.759612,40.501457],[-79.760757,40.502489],[-79.761364,40.503391],[-79.761598,40.503664],[-79.762043,40.50402],[-79.762613,40.504331],[-79.763001,40.504016],[-79.763016,40.503917],[-79.763419,40.503445],[-79.764038,40.503082],[-79.764391,40.502775],[-79.764636,40.502341],[-79.76478,40.502232],[-79.765355,40.50199],[-79.765765,40.501705],[-79.766053,40.501425],[-79.766456,40.501195],[-79.766859,40.500876],[-79.76737,40.500679],[-79.767644,40.500498],[-79.767713,40.500283],[-79.767567,40.500068],[-79.767554,40.499965],[-79.767637,40.499527],[-79.76761,40.499444],[-79.76736,40.499196],[-79.767307,40.499058],[-79.767408,40.49886],[-79.76777,40.498552],[-79.767858,40.498192],[-79.768098,40.497758],[-79.768482,40.497395],[-79.769037,40.497178],[-79.769775,40.49703],[-79.770748,40.496752],[-79.771917,40.496564],[-79.77217,40.496472],[-79.77291,40.496108],[-79.773271,40.495842],[-79.773506,40.495554],[-79.773724,40.495123],[-79.773888,40.494952],[-79.774895,40.494297],[-79.775665,40.493977],[-79.776641,40.493902],[-79.777203,40.493736],[-79.777617,40.493689],[-79.778903,40.493735],[-79.779711,40.493889],[-79.781371,40.494492],[-79.782085,40.494457],[-79.783616,40.494487],[-79.783995,40.49455],[-79.785101,40.493313],[-79.785328,40.49226],[-79.785338,40.491871]]]}},{"type":"Feature","properties":{"geoid":"42003425000","name":"Census Tract 4250","land_m2":1906207.0},"geometry":{"type":"Polygon","coordinates":[[[-79.958274,40.503468],[-79.958202,40.501407],[-79.955881,40.501471],[-79.955911,40.50191],[-79.954611,40.502082],[-79.95415,40.501979],[-79.952169,40.502411],[-79.952166,40.502374],[-79.950675,40.502113],[-79.949904,40.501624],[-79.949806,40.50137],[-79.949963,40.50114],[-79.949653,40.500591],[-79.949413,40.500594],[-79.948522,40.499122],[-79.948196,40.499135],[-79.948121,40.498264],[-79.948027,40.498017],[-79.948749,40.497484],[-79.949005,40.497142],[-79.94997,40.496946],[-79.950321,40.496952],[-79.950239,40.496713],[-79.955589,40.493384],[-79.956559,40.493337],[-79.955713,40.491748],[-79.955327,40.491936],[-79.954449,40.490819],[-79.954312,40.490888],[-79.95127,40.487586],[-79.94933,40.488254],[-79.947837,40.488706],[-79.944669,40.48942],[-79.940911,40.490486],[-79.938355,40.490983],[-79.938982,40.492956],[-79.939129,40.493892],[-79.93944,40.494625],[-79.938609,40.495172],[-79.938826,40.495377],[-79.940182,40.495845],[-79.940458,40.496389],[-79.940477,40.497363],[-79.940439,40.497804],[-79.940505,40.49877],[-79.940547,40.501483],[-79.941886,40.501516],[-79.942488,40.501479],[-79.944151,40.503333],[-79.943674,40.503246],[-79.943532,40.503951],[-79.944788,40.504172],[-79.944575,40.504999],[-79.944634,40.50562],[-79.944503,40.506069],[-79.943228,40.507316],[-79.946139,40.507604],[-79.946148,40.507342],[-79.947655,40.507494],[-79.94798,40.507399],[-79.947974,40.507368],[-79.948133,40.50736],[-79.948185,40.507871],[-79.948618,40.508666],[-79.95212,40.508525],[-79.951888,40.508252],[-79.952451,40.508127],[-79.952044,40.507475],[-79.951775,40.506736],[-79.95161,40.506739],[-79.950757,40.505525],[-79.9562,40.505376],[-79.955799,40.504466],[-79.95538,40.503954],[-79.958274,40.503868],[-79.958274,40.503468]]]}},{"type":"Feature","properties":{"geoid":"42003413500","name":"Census Tract 4135","land_m2":8717229.0},"geometry":{"type":"Polygon","coordinates":[[[-80.037411,40.585941],[-80.037479,40.585838],[-80.033778,40.585031],[-80.032555,40.584601],[-80.031742,40.58418],[-80.031022,40.583648],[-80.030681,40.58337],[-80.030169,40.582809],[-80.02736,40.578563],[-80.027259,40.578629],[-80.024847,40.575001],[-80.024179,40.573955],[-80.023743,40.572942],[-80.023444,40.571835],[-80.023371,40.570969],[-80.023383,40.570362],[-80.023464,40.569749],[-80.024473,40.566171],[-80.023704,40.56626],[-80.023256,40.56618],[-80.022862,40.565992],[-80.022313,40.565475],[-80.022112,40.565365],[-80.020879,40.564952],[-80.019151,40.56414],[-80.0171,40.565284],[-80.016704,40.565572],[-80.016574,40.565737],[-80.016445,40.566035],[-80.016426,40.566336],[-80.016488,40.567167],[-80.007152,40.567402],[-80.006492,40.567335],[-80.005567,40.567148],[-80.000801,40.565829],[-80.000098,40.565779],[-79.99937,40.565901],[-79.998843,40.566143],[-79.998654,40.5663],[-79.998118,40.566949],[-79.996112,40.570494],[-79.995887,40.570806],[-79.99548,40.571239],[-79.995083,40.571562],[-79.994439,40.571839],[-79.993682,40.571903],[-79.993262,40.571808],[-79.989674,40.570331],[-79.989894,40.574956],[-79.990579,40.594705],[-79.99106,40.594722],[-79.991161,40.595141],[-79.991327,40.595338],[-79.99137,40.595475],[-79.991334,40.595701],[-79.991392,40.595838],[-79.992357,40.596052],[-79.992653,40.596304],[-79.992927,40.596787],[-79.99315,40.596924],[-79.993511,40.596963],[-79.993619,40.596924],[-79.994317,40.596248],[-79.994619,40.596155],[-79.994879,40.596155],[-79.995318,40.596341],[-79.995708,40.596627],[-79.99614,40.596863],[-79.99681,40.597005],[-79.997343,40.596963],[-79.997925,40.597626],[-79.997871,40.597515],[-79.998254,40.595729],[-79.998466,40.594959],[-79.999916,40.594589],[-80.002485,40.593221],[-80.003197,40.592957],[-80.004631,40.593056],[-80.005057,40.593463],[-80.005568,40.593864],[-80.005705,40.594117],[-80.005705,40.59444],[-80.005596,40.594847],[-80.005581,40.595209],[-80.005668,40.59555],[-80.005912,40.595874],[-80.006467,40.596182],[-80.006892,40.596226],[-80.007324,40.595924],[-80.007699,40.595831],[-80.007714,40.595419],[-80.007865,40.595326],[-80.008657,40.595282],[-80.009702,40.594948],[-80.00981,40.594964],[-80.010048,40.595316],[-80.010343,40.595349],[-80.010725,40.59519],[-80.010682,40.594998],[-80.01074,40.59491],[-80.010884,40.594866],[-80.011208,40.594959],[-80.012073,40.594372],[-80.012152,40.594169],[-80.012426,40.593796],[-80.012621,40.593659],[-80.012772,40.593455],[-80.01301,40.593258],[-80.013118,40.592967],[-80.01327,40.592775],[-80.015021,40.592292],[-80.01559,40.592336],[-80.016065,40.592133],[-80.017031,40.592101],[-80.017391,40.592002],[-80.017614,40.591887],[-80.017758,40.59175],[-80.017845,40.591578],[-80.017953,40.591096],[-80.018379,40.590608],[-80.01853,40.590525],[-80.018962,40.59041],[-80.019582,40.590043],[-80.020411,40.589862],[-80.021426,40.589478],[-80.021686,40.589159],[-80.02183,40.588566],[-80.022234,40.588177],[-80.022299,40.587704],[-80.022559,40.587056],[-80.02297,40.586782],[-80.023301,40.586425],[-80.023878,40.586019],[-80.024519,40.585695],[-80.025239,40.585201],[-80.025499,40.58513],[-80.026774,40.584949],[-80.027638,40.584895],[-80.029057,40.584911],[-80.029777,40.585032],[-80.030015,40.585115],[-80.030512,40.585005],[-80.030872,40.585],[-80.033451,40.585423],[-80.035676,40.585907],[-80.037261,40.586199],[-80.037411,40.585941]]]}},{"type":"Feature","properties":{"geoid":"42003426300","name":"Census Tract 4263","land_m2":5212411.0},"geometry":{"type":"Polygon","coordinates":[[[-79.988921,40.553938],[-79.988407,40.542787],[-79.988318,40.539457],[-79.98772,40.539169],[-79.987461,40.538966],[-79.987028,40.538219],[-79.986805,40.537884],[-79.986423,40.537445],[-79.986192,40.537039],[-79.985948,40.536962],[-79.985581,40.536995],[-79.985005,40.536913],[-79.984163,40.536919],[-79.983947,40.536809],[-79.983385,40.536326],[-79.983298,40.536178],[-79.983334,40.53581],[-79.983442,40.535546],[-79.983758,40.53514],[-79.983729,40.535035],[-79.983629,40.534931],[-79.982829,40.534536],[-79.982426,40.534179],[-79.981858,40.534114],[-79.98131,40.533911],[-79.980864,40.533691],[-79.97951,40.532868],[-79.978841,40.53261],[-79.978308,40.532517],[-79.977984,40.532396],[-79.97784,40.532237],[-79.977689,40.531897],[-79.977602,40.53138],[-79.977667,40.530897],[-79.977537,40.530743],[-79.977314,40.530678],[-79.975047,40.530717],[-79.974579,40.53064],[-79.974126,40.53036],[-79.973499,40.529559],[-79.972693,40.529026],[-79.972514,40.528726],[-79.972385,40.528928],[-79.972473,40.529209],[-79.972771,40.529697],[-79.973344,40.530162],[-79.973466,40.530324],[-79.973582,40.530573],[-79.973532,40.530706],[-79.971023,40.531801],[-79.968022,40.532519],[-79.970548,40.535682],[-79.969008,40.535717],[-79.968584,40.535636],[-79.968199,40.535473],[-79.967752,40.535065],[-79.967103,40.533978],[-79.966652,40.533392],[-79.965992,40.532858],[-79.965311,40.532512],[-79.963308,40.531841],[-79.963011,40.531806],[-79.962751,40.531853],[-79.962047,40.532166],[-79.961049,40.532789],[-79.960806,40.532838],[-79.960556,40.532822],[-79.960348,40.532748],[-79.960123,40.532557],[-79.960053,40.532397],[-79.960053,40.532218],[-79.960196,40.53187],[-79.959968,40.531804],[-79.959831,40.532066],[-79.959772,40.532396],[-79.959839,40.532698],[-79.96011,40.533119],[-79.960881,40.533854],[-79.963203,40.535634],[-79.963575,40.536009],[-79.96392,40.536455],[-79.963967,40.53679],[-79.963842,40.537049],[-79.962682,40.538353],[-79.962716,40.538838],[-79.962862,40.539301],[-79.963075,40.539734],[-79.964178,40.541173],[-79.964526,40.541816],[-79.964656,40.54226],[-79.964684,40.542641],[-79.964649,40.543114],[-79.96455,40.543469],[-79.964395,40.543823],[-79.964123,40.544241],[-79.963603,40.544794],[-79.961632,40.546591],[-79.961038,40.547186],[-79.960308,40.548197],[-79.959943,40.548852],[-79.959541,40.549759],[-79.959297,40.550509],[-79.958424,40.554263],[-79.962597,40.554217],[-79.967338,40.55406],[-79.971866,40.554154],[-79.971987,40.553932],[-79.979285,40.553796],[-79.979023,40.555067],[-79.982712,40.555142],[-79.982685,40.553955],[-79.988921,40.553938]]]}},{"type":"Feature","properties":{"geoid":"42003429600","name":"Census Tract 4296","land_m2":3443795.0},"geometry":{"type":"Polygon","coordinates":[[[-80.062322,40.515864],[-80.061592,40.505803],[-80.061313,40.505954],[-80.059832,40.506512],[-80.059387,40.506753],[-80.059007,40.507052],[-80.058706,40.507402],[-80.058289,40.508183],[-80.05342,40.505399],[-80.050849,40.503839],[-80.05026,40.503564],[-80.047948,40.502249],[-80.048566,40.501168],[-80.049125,40.500326],[-80.049929,40.498842],[-80.051321,40.496462],[-80.048434,40.495819],[-80.048225,40.495733],[-80.047783,40.495293],[-80.047112,40.494977],[-80.046351,40.494937],[-80.046014,40.494865],[-80.045406,40.494911],[-80.045521,40.495185],[-80.045603,40.495671],[-80.046047,40.496624],[-80.045948,40.497161],[-80.046169,40.498703],[-80.046126,40.499228],[-80.045987,40.499527],[-80.045705,40.49981],[-80.045385,40.500027],[-80.043782,40.500869],[-80.043373,40.501027],[-80.04291,40.501053],[-80.039781,40.500957],[-80.039586,40.501728],[-80.038574,40.504386],[-80.038256,40.505094],[-80.037832,40.505516],[-80.036965,40.506097],[-80.037074,40.507452],[-80.036438,40.509651],[-80.036319,40.510414],[-80.036243,40.510565],[-80.035777,40.510989],[-80.035252,40.511795],[-80.033823,40.512731],[-80.03256,40.513355],[-80.03102,40.513896],[-80.030577,40.514008],[-80.030367,40.513994],[-80.03272,40.516701],[-80.035094,40.515891],[-80.039946,40.515294],[-80.04314,40.514358],[-80.045024,40.513707],[-80.047321,40.513005],[-80.047366,40.513962],[-80.047315,40.514106],[-80.047552,40.515694],[-80.047799,40.518686],[-80.047984,40.519917],[-80.048085,40.521136],[-80.048186,40.521171],[-80.048751,40.521014],[-80.050794,40.520844],[-80.051135,40.520699],[-80.051452,40.520447],[-80.052037,40.518897],[-80.053088,40.516605],[-80.053371,40.517198],[-80.053805,40.517797],[-80.055239,40.51746],[-80.055481,40.517173],[-80.0562,40.517222],[-80.056801,40.516993],[-80.057092,40.517068],[-80.058127,40.517578],[-80.058494,40.517637],[-80.058669,40.517597],[-80.062322,40.515864]]]}},{"type":"Feature","properties":{"geoid":"42003415002","name":"Census Tract 4150.02","land_m2":13037170.0},"geometry":{"type":"Polygon","coordinates":[[[-79.938674,40.552702],[-79.938416,40.548346],[-79.938226,40.543677],[-79.937937,40.539596],[-79.937708,40.534465],[-79.937654,40.534152],[-79.927121,40.534271],[-79.927146,40.535857],[-79.921949,40.535933],[-79.913097,40.536165],[-79.912894,40.536459],[-79.912495,40.536872],[-79.911096,40.537733],[-79.912127,40.538826],[-79.913092,40.540013],[-79.913225,40.54031],[-79.913654,40.540848],[-79.912708,40.540866],[-79.91296,40.546863],[-79.910199,40.546985],[-79.910194,40.5483],[-79.90898,40.547942],[-79.908353,40.547689],[-79.907782,40.547415],[-79.906565,40.546653],[-79.906002,40.546374],[-79.905158,40.546156],[-79.904348,40.546092],[-79.904097,40.542287],[-79.904028,40.539515],[-79.903634,40.539429],[-79.903158,40.538446],[-79.903154,40.538346],[-79.903014,40.538324],[-79.903014,40.538242],[-79.902817,40.538051],[-79.902391,40.538027],[-79.902139,40.537838],[-79.901775,40.539516],[-79.902978,40.53949],[-79.902994,40.539581],[-79.900752,40.543672],[-79.898477,40.542623],[-79.896615,40.546119],[-79.895934,40.546144],[-79.896066,40.548684],[-79.897062,40.548639],[-79.8971,40.549187],[-79.89232,40.549515],[-79.892365,40.550982],[-79.890809,40.55102],[-79.890495,40.550821],[-79.889882,40.550068],[-79.888873,40.549193],[-79.888561,40.549022],[-79.888046,40.548835],[-79.887304,40.548687],[-79.886888,40.548653],[-79.886177,40.54885],[-79.885716,40.549159],[-79.885397,40.549555],[-79.884947,40.550568],[-79.884723,40.550795],[-79.884248,40.551023],[-79.88325,40.551246],[-79.881554,40.551289],[-79.879308,40.551593],[-79.877296,40.551764],[-79.874547,40.552101],[-79.874518,40.550417],[-79.874577,40.549135],[-79.874529,40.54678],[-79.868343,40.546903],[-79.86846,40.55227],[-79.868731,40.554585],[-79.868996,40.560352],[-79.864937,40.560485],[-79.853758,40.560695],[-79.854101,40.560876],[-79.855946,40.56156],[-79.856781,40.561927],[-79.85759,40.562458],[-79.857914,40.562765],[-79.858375,40.563283],[-79.858757,40.563924],[-79.859243,40.565051],[-79.859388,40.565495],[-79.859419,40.56617],[-79.860014,40.566322],[-79.861064,40.566814],[-79.861822,40.567007],[-79.862605,40.567138],[-79.863076,40.567167],[-79.86329,40.567131],[-79.864682,40.566503],[-79.865238,40.566303],[-79.865524,40.566277],[-79.866544,40.565934],[-79.867093,40.565965],[-79.867547,40.566168],[-79.868114,40.566668],[-79.868243,40.566924],[-79.868443,40.567678],[-79.868522,40.567814],[-79.868739,40.568004],[-79.868898,40.568088],[-79.869241,40.568161],[-79.872166,40.568203],[-79.872532,40.568285],[-79.873542,40.569179],[-79.875255,40.570885],[-79.875517,40.571002],[-79.876829,40.571084],[-79.881767,40.570955],[-79.882929,40.570526],[-79.885373,40.570217],[-79.886085,40.570056],[-79.886581,40.569867],[-79.887021,40.569611],[-79.888148,40.568447],[-79.888517,40.568348],[-79.89022,40.56824],[-79.890953,40.568314],[-79.891984,40.568629],[-79.892843,40.568754],[-79.893779,40.569235],[-79.893791,40.569366],[-79.893422,40.569602],[-79.893349,40.569704],[-79.893353,40.57033],[-79.893236,40.570616],[-79.892997,40.570884],[-79.892128,40.57164],[-79.892176,40.571778],[-79.892309,40.571827],[-79.893286,40.571841],[-79.895968,40.569937],[-79.896413,40.569703],[-79.897115,40.569512],[-79.899462,40.56935],[-79.900068,40.569243],[-79.900974,40.568824],[-79.901367,40.568558],[-79.901698,40.568244],[-79.901985,40.567905],[-79.902192,40.567542],[-79.902403,40.565901],[-79.902523,40.565486],[-79.902641,40.565312],[-79.902897,40.565012],[-79.903191,40.564784],[-79.904558,40.564009],[-79.90484,40.563711],[-79.904979,40.563478],[-79.905086,40.563177],[-79.905111,40.562931],[-79.905021,40.561303],[-79.905052,40.561021],[-79.905127,40.560912],[-79.906817,40.559604],[-79.90696,40.559441],[-79.907283,40.558115],[-79.907506,40.556472],[-79.907852,40.555276],[-79.908105,40.555085],[-79.909661,40.554992],[-79.910196,40.554832],[-79.910696,40.554553],[-79.91113,40.554056],[-79.91139,40.553834],[-79.912372,40.553285],[-79.91264,40.55307],[-79.913365,40.552182],[-79.913527,40.551913],[-79.913624,40.551475],[-79.913591,40.550575],[-79.913646,40.55028],[-79.913787,40.54989],[-79.91412,40.549591],[-79.914328,40.549885],[-79.914385,40.55005],[-79.914498,40.551177],[-79.914643,40.551533],[-79.914872,40.551861],[-79.915175,40.552152],[-79.916441,40.553077],[-79.918044,40.55407],[-79.91836,40.554411],[-79.918509,40.554788],[-79.928122,40.554315],[-79.93868,40.554047],[-79.938674,40.552702]]]}},{"type":"Feature","properties":{"geoid":"42003488500","name":"Census Tract 4885","land_m2":9604869.0},"geometry":{"type":"Polygon","coordinates":[[[-79.965145,40.345985],[-79.965376,40.345745],[-79.962492,40.344172],[-79.961293,40.343446],[-79.959572,40.342536],[-79.955938,40.34043],[-79.955569,40.34061],[-79.95525,40.340977],[-79.954904,40.34373],[-79.954751,40.344097],[-79.953714,40.345903],[-79.95353,40.3462],[-79.953292,40.346461],[-79.951819,40.347616],[-79.951536,40.347732],[-79.947299,40.348166],[-79.944833,40.348311],[-79.940473,40.348672],[-79.92708,40.350251],[-79.923537,40.350812],[-79.92289,40.350954],[-79.921698,40.351349],[-79.915776,40.35353],[-79.915507,40.353618],[-79.915404,40.353605],[-79.915179,40.353698],[-79.914941,40.353894],[-79.914413,40.354092],[-79.913466,40.354251],[-79.912728,40.354267],[-79.911992,40.354165],[-79.909911,40.353323],[-79.909509,40.353024],[-79.908985,40.352259],[-79.908835,40.352118],[-79.908445,40.351962],[-79.908128,40.351954],[-79.906919,40.352335],[-79.905953,40.35249],[-79.905375,40.352467],[-79.904225,40.352248],[-79.903502,40.352269],[-79.902519,40.352496],[-79.902231,40.352606],[-79.902046,40.352741],[-79.901382,40.353841],[-79.899955,40.355741],[-79.899463,40.356057],[-79.90013,40.356103],[-79.900367,40.356186],[-79.900589,40.356345],[-79.902392,40.358595],[-79.902989,40.359504],[-79.903311,40.359744],[-79.903568,40.359843],[-79.903993,40.359902],[-79.904873,40.359901],[-79.905528,40.35978],[-79.905878,40.35959],[-79.906045,40.359442],[-79.906575,40.358838],[-79.906894,40.358568],[-79.907239,40.358425],[-79.907606,40.358388],[-79.907711,40.35826],[-79.907685,40.358388],[-79.908656,40.35856],[-79.90824,40.359038],[-79.907878,40.359669],[-79.907663,40.360414],[-79.907616,40.362284],[-79.907438,40.362028],[-79.908208,40.363572],[-79.908629,40.363458],[-79.908669,40.363505],[-79.910821,40.362849],[-79.911292,40.364072],[-79.911898,40.365008],[-79.913313,40.364636],[-79.91373,40.365514],[-79.918452,40.365459],[-79.920665,40.365361],[-79.922285,40.368633],[-79.922377,40.370213],[-79.92236,40.370712],[-79.923438,40.370532],[-79.924682,40.373062],[-79.924982,40.375091],[-79.926577,40.374999],[-79.939439,40.373941],[-79.940625,40.374666],[-79.942057,40.373082],[-79.94324,40.37188],[-79.945768,40.369527],[-79.947868,40.368861],[-79.948297,40.367815],[-79.948771,40.366818],[-79.948852,40.364623],[-79.950259,40.3607],[-79.95154,40.359673],[-79.952029,40.359511],[-79.952447,40.359262],[-79.95368,40.358719],[-79.954472,40.358558],[-79.954654,40.358468],[-79.954827,40.358308],[-79.955143,40.357792],[-79.955569,40.357305],[-79.956262,40.356618],[-79.956901,40.356221],[-79.956595,40.355286],[-79.958216,40.352968],[-79.958977,40.352306],[-79.960665,40.3518],[-79.960608,40.35156],[-79.959991,40.350598],[-79.961291,40.350167],[-79.963428,40.347792],[-79.965145,40.345985]]]}},{"type":"Feature","properties":{"geoid":"42003460002","name":"Census Tract 4600.02","land_m2":7541921.0},"geometry":{"type":"Polygon","coordinates":[[[-80.120858,40.480369],[-80.120837,40.480208],[-80.120458,40.479601],[-80.120343,40.479499],[-80.120281,40.479216],[-80.120016,40.478724],[-80.12004,40.478649],[-80.119943,40.478497],[-80.119867,40.478462],[-80.119599,40.477955],[-80.119541,40.477627],[-80.118879,40.476747],[-80.118728,40.476372],[-80.118641,40.475882],[-80.11808,40.474912],[-80.117791,40.474203],[-80.117259,40.473375],[-80.116639,40.472217],[-80.115861,40.47044],[-80.115674,40.469574],[-80.115515,40.469172],[-80.114824,40.468369],[-80.114222,40.467447],[-80.114059,40.467418],[-80.113891,40.467247],[-80.113721,40.467173],[-80.113677,40.467119],[-80.113782,40.467025],[-80.113774,40.466966],[-80.113463,40.466848],[-80.113471,40.466771],[-80.113406,40.466663],[-80.113216,40.466566],[-80.11313,40.466283],[-80.112981,40.466042],[-80.113015,40.465808],[-80.113126,40.465603],[-80.112809,40.465024],[-80.112681,40.46491],[-80.1123,40.464291],[-80.112104,40.463852],[-80.112071,40.46347],[-80.112388,40.462822],[-80.112364,40.4627],[-80.112437,40.462516],[-80.112649,40.462267],[-80.112837,40.461927],[-80.113093,40.461799],[-80.113088,40.461677],[-80.112981,40.461508],[-80.112971,40.461279],[-80.1131,40.460852],[-80.11339,40.460596],[-80.113618,40.460245],[-80.112571,40.458962],[-80.112354,40.458577],[-80.112262,40.457867],[-80.112269,40.457585],[-80.112531,40.456756],[-80.112555,40.456513],[-80.112383,40.45624],[-80.11185,40.455658],[-80.111875,40.455519],[-80.112479,40.454583],[-80.112671,40.454359],[-80.110476,40.452126],[-80.109925,40.451331],[-80.109686,40.451367],[-80.108765,40.451199],[-80.10845,40.450985],[-80.107638,40.450168],[-80.107326,40.449964],[-80.107258,40.449832],[-80.106714,40.449303],[-80.106365,40.449036],[-80.106134,40.448879],[-80.104476,40.448177],[-80.093375,40.450754],[-80.093599,40.450747],[-80.09418,40.451023],[-80.0945,40.451331],[-80.094654,40.45193],[-80.094552,40.453355],[-80.095328,40.457495],[-80.09523,40.459103],[-80.095033,40.45942],[-80.094611,40.459716],[-80.093457,40.459823],[-80.091864,40.459853],[-80.088024,40.459737],[-80.086782,40.459856],[-80.086118,40.459809],[-80.083702,40.459439],[-80.083157,40.459605],[-80.082273,40.459999],[-80.081453,40.460619],[-80.08089,40.461237],[-80.080249,40.46249],[-80.079934,40.463366],[-80.079397,40.463854],[-80.078059,40.464684],[-80.077697,40.464736],[-80.077649,40.4658],[-80.077991,40.465752],[-80.078652,40.465527],[-80.079498,40.465035],[-80.080064,40.46546],[-80.07981,40.466689],[-80.080917,40.466754],[-80.083464,40.467646],[-80.081912,40.470045],[-80.080256,40.46935],[-80.079625,40.469171],[-80.079523,40.469182],[-80.079422,40.470214],[-80.079856,40.470523],[-80.079147,40.471038],[-80.080117,40.471737],[-80.080796,40.472291],[-80.081722,40.474133],[-80.082121,40.474645],[-80.082613,40.475032],[-80.083506,40.47553],[-80.084362,40.475776],[-80.084865,40.475803],[-80.088222,40.475042],[-80.08859,40.475011],[-80.08992,40.475091],[-80.090554,40.475022],[-80.091447,40.47476],[-80.092515,40.474217],[-80.092803,40.474117],[-80.093218,40.47406],[-80.093768,40.474131],[-80.094172,40.474299],[-80.094962,40.474771],[-80.095523,40.475001],[-80.097938,40.475549],[-80.100024,40.475887],[-80.10084,40.476206],[-80.101165,40.476387],[-80.101733,40.47683],[-80.102978,40.478034],[-80.104388,40.479966],[-80.104704,40.480297],[-80.104988,40.480513],[-80.105305,40.480704],[-80.106023,40.480994],[-80.108857,40.481736],[-80.112646,40.482147],[-80.114238,40.482069],[-80.116201,40.481897],[-80.117106,40.481673],[-80.11927,40.480868],[-80.120858,40.480369]]]}},{"type":"Feature","properties":{"geoid":"42003521402","name":"Census Tract 5214.02","land_m2":5739326.0},"geometry":{"type":"Polygon","coordinates":[[[-79.766083,40.391133],[-79.765883,40.389526],[-79.765726,40.388911],[-79.765342,40.38798],[-79.764702,40.386708],[-79.764575,40.386582],[-79.764322,40.386512],[-79.763898,40.386454],[-79.764009,40.386781],[-79.764475,40.387726],[-79.764895,40.388933],[-79.764806,40.390027],[-79.764557,40.3904],[-79.762068,40.392768],[-79.761388,40.392797],[-79.761127,40.392861],[-79.760548,40.392859],[-79.759807,40.392726],[-79.759277,40.392513],[-79.758609,40.392064],[-79.757269,40.390549],[-79.756616,40.39003],[-79.755979,40.389657],[-79.755738,40.389445],[-79.754625,40.388829],[-79.754212,40.388739],[-79.754135,40.388657],[-79.753776,40.388538],[-79.752043,40.388313],[-79.751262,40.388357],[-79.750979,40.388538],[-79.750938,40.388713],[-79.751004,40.389076],[-79.750907,40.390186],[-79.750776,40.390468],[-79.750682,40.390863],[-79.750316,40.391396],[-79.750049,40.391465],[-79.749552,40.391456],[-79.749205,40.39135],[-79.74858,40.390899],[-79.748262,40.39077],[-79.748024,40.390757],[-79.747829,40.390871],[-79.747517,40.391367],[-79.74717,40.392134],[-79.746322,40.39353],[-79.745273,40.395016],[-79.745175,40.395277],[-79.744634,40.396163],[-79.742891,40.396731],[-79.742521,40.396926],[-79.741905,40.396893],[-79.741498,40.396737],[-79.741126,40.396506],[-79.740934,40.396339],[-79.740715,40.396003],[-79.740335,40.395675],[-79.739995,40.395499],[-79.739392,40.395404],[-79.738677,40.395528],[-79.738376,40.395685],[-79.738264,40.395793],[-79.738598,40.396998],[-79.738736,40.397716],[-79.738683,40.398073],[-79.738177,40.398544],[-79.737689,40.398628],[-79.737335,40.398822],[-79.736658,40.399453],[-79.7364,40.399528],[-79.735833,40.399503],[-79.735723,40.399405],[-79.735564,40.398942],[-79.735368,40.398551],[-79.734913,40.397872],[-79.734759,40.397833],[-79.734514,40.397907],[-79.73426,40.398055],[-79.732523,40.399599],[-79.732361,40.399867],[-79.732309,40.40016],[-79.73236,40.400544],[-79.732213,40.402302],[-79.732269,40.40275],[-79.732197,40.403128],[-79.732063,40.403447],[-79.732245,40.404783],[-79.732261,40.405541],[-79.732162,40.406118],[-79.731997,40.406349],[-79.731981,40.406646],[-79.731651,40.407306],[-79.73142,40.407603],[-79.730796,40.408038],[-79.730521,40.408294],[-79.730431,40.408473],[-79.730111,40.408722],[-79.729838,40.408808],[-79.729193,40.408827],[-79.728817,40.408685],[-79.728384,40.408448],[-79.727776,40.408315],[-79.72826,40.409901],[-79.728817,40.410685],[-79.728837,40.410785],[-79.732103,40.411485],[-79.734843,40.412208],[-79.735736,40.412491],[-79.736554,40.412829],[-79.737717,40.413426],[-79.738243,40.413781],[-79.738746,40.414218],[-79.739005,40.414513],[-79.739815,40.415661],[-79.740354,40.416229],[-79.742728,40.418195],[-79.743506,40.418579],[-79.746322,40.4195],[-79.746698,40.419788],[-79.747283,40.420557],[-79.747705,40.420979],[-79.749452,40.422243],[-79.749665,40.422269],[-79.749697,40.421523],[-79.749474,40.420269],[-79.749505,40.420075],[-79.749685,40.419695],[-79.750431,40.418201],[-79.750576,40.417998],[-79.751005,40.417719],[-79.751816,40.417467],[-79.752072,40.417287],[-79.752225,40.416962],[-79.75217,40.415485],[-79.752193,40.414818],[-79.752281,40.414271],[-79.752817,40.411949],[-79.752964,40.411606],[-79.753234,40.41126],[-79.753534,40.411069],[-79.754938,40.410532],[-79.755366,40.410299],[-79.755737,40.410014],[-79.756033,40.40968],[-79.756477,40.409036],[-79.757149,40.40792],[-79.757278,40.407529],[-79.757321,40.406924],[-79.757066,40.405189],[-79.756932,40.40317],[-79.757008,40.402853],[-79.757137,40.402589],[-79.757533,40.402158],[-79.75809,40.401835],[-79.759654,40.401454],[-79.760783,40.401071],[-79.761512,40.400595],[-79.761895,40.400202],[-79.762288,40.399535],[-79.762652,40.398085],[-79.762855,40.397567],[-79.763161,40.397148],[-79.764369,40.396],[-79.764694,40.39549],[-79.764869,40.39502],[-79.765041,40.394197],[-79.765018,40.393914],[-79.76488,40.393434],[-79.764862,40.393149],[-79.764906,40.392913],[-79.765151,40.392371],[-79.765683,40.391428],[-79.765749,40.391135],[-79.766083,40.391133]]]}},{"type":"Feature","properties":{"geoid":"42003503002","name":"Census Tract 5030.02","land_m2":5396855.0},"geometry":{"type":"Polygon","coordinates":[[[-79.831976,40.358039],[-79.831633,40.357537],[-79.831019,40.357391],[-79.829259,40.356846],[-79.828562,40.356554],[-79.827724,40.356063],[-79.82647,40.355193],[-79.824398,40.354168],[-79.826386,40.352009],[-79.826456,40.351985],[-79.827988,40.352244],[-79.829697,40.351883],[-79.829836,40.35126],[-79.830067,40.350986],[-79.830121,40.350763],[-79.830197,40.349593],[-79.830285,40.34921],[-79.830749,40.348142],[-79.830971,40.347913],[-79.829184,40.345393],[-79.828611,40.344703],[-79.824572,40.344854],[-79.822596,40.344705],[-79.821767,40.34469],[-79.821951,40.343878],[-79.819121,40.34378],[-79.819063,40.342031],[-79.818827,40.338166],[-79.8203,40.338137],[-79.820272,40.33716],[-79.819992,40.333282],[-79.819994,40.332088],[-79.8196,40.330098],[-79.818201,40.327471],[-79.818035,40.327758],[-79.815426,40.330321],[-79.813818,40.332641],[-79.809991,40.336624],[-79.809393,40.337094],[-79.808704,40.337451],[-79.805812,40.338326],[-79.804543,40.338898],[-79.803923,40.339263],[-79.803012,40.339976],[-79.799406,40.343496],[-79.798747,40.343953],[-79.799629,40.345482],[-79.800233,40.347137],[-79.800403,40.347843],[-79.80044,40.349003],[-79.800389,40.349328],[-79.799798,40.350336],[-79.801005,40.350426],[-79.802636,40.350885],[-79.804443,40.351692],[-79.805299,40.352266],[-79.806629,40.353507],[-79.807375,40.354655],[-79.80792,40.35525],[-79.80796,40.355354],[-79.807976,40.356109],[-79.808182,40.35676],[-79.808477,40.357008],[-79.809659,40.357398],[-79.809833,40.357503],[-79.810236,40.358126],[-79.811635,40.359343],[-79.811822,40.359596],[-79.812244,40.360424],[-79.813423,40.360455],[-79.813019,40.36085],[-79.813463,40.360681],[-79.821524,40.361086],[-79.829103,40.361202],[-79.82918,40.361184],[-79.828994,40.360799],[-79.829483,40.360494],[-79.829419,40.360493],[-79.830012,40.360118],[-79.830576,40.359676],[-79.831226,40.359028],[-79.831976,40.358039]]]}},{"type":"Feature","properties":{"geoid":"42003429300","name":"Census Tract 4293","land_m2":8348163.0},"geometry":{"type":"Polygon","coordinates":[[[-80.064723,40.552712],[-80.063976,40.540874],[-80.063777,40.539046],[-80.063348,40.531731],[-80.06273,40.523403],[-80.062637,40.521727],[-80.062621,40.518947],[-80.062322,40.515864],[-80.058669,40.517597],[-80.058494,40.517637],[-80.058127,40.517578],[-80.057092,40.517068],[-80.056801,40.516993],[-80.0562,40.517222],[-80.055481,40.517173],[-80.055239,40.51746],[-80.053805,40.517797],[-80.053371,40.517198],[-80.053088,40.516605],[-80.052037,40.518897],[-80.051452,40.520447],[-80.051135,40.520699],[-80.050794,40.520844],[-80.048751,40.521014],[-80.048235,40.521169],[-80.048085,40.521136],[-80.048117,40.521891],[-80.045809,40.521725],[-80.042369,40.521705],[-80.041152,40.522063],[-80.039969,40.522256],[-80.042243,40.527051],[-80.040904,40.52851],[-80.040099,40.527881],[-80.039604,40.527398],[-80.039269,40.527233],[-80.038905,40.52719],[-80.038664,40.527224],[-80.037864,40.527547],[-80.037601,40.527609],[-80.037297,40.527583],[-80.037083,40.527492],[-80.036893,40.527309],[-80.036826,40.527153],[-80.036843,40.526921],[-80.037042,40.526477],[-80.036935,40.525908],[-80.03685,40.525753],[-80.036569,40.525635],[-80.035597,40.525748],[-80.035499,40.527719],[-80.035406,40.528237],[-80.035091,40.529259],[-80.035057,40.529779],[-80.035168,40.530292],[-80.035657,40.531512],[-80.035812,40.532229],[-80.035959,40.534539],[-80.035975,40.53631],[-80.036283,40.537676],[-80.036341,40.538134],[-80.036338,40.539062],[-80.035945,40.541625],[-80.035914,40.544411],[-80.035969,40.545242],[-80.036064,40.545967],[-80.036166,40.546317],[-80.036724,40.547573],[-80.036965,40.548252],[-80.03704,40.548734],[-80.037099,40.550068],[-80.037258,40.550831],[-80.038216,40.553495],[-80.064723,40.552712]]]}},{"type":"Feature","properties":{"geoid":"42003414102","name":"Census Tract 4141.02","land_m2":18148722.0},"geometry":{"type":"Polygon","coordinates":[[[-79.99114,40.614313],[-79.990929,40.605444],[-79.990579,40.594705],[-79.989894,40.574956],[-79.989674,40.570331],[-79.983929,40.567936],[-79.9826,40.567191],[-79.980984,40.566636],[-79.979981,40.566161],[-79.979711,40.56608],[-79.979135,40.566009],[-79.978248,40.566038],[-79.977083,40.566183],[-79.97679,40.566176],[-79.976171,40.566065],[-79.971873,40.564351],[-79.970116,40.56351],[-79.96899,40.56324],[-79.968402,40.563204],[-79.966927,40.563244],[-79.966387,40.563061],[-79.96639,40.563278],[-79.966322,40.563465],[-79.965465,40.564285],[-79.965735,40.564461],[-79.965352,40.564815],[-79.964949,40.565315],[-79.964517,40.565613],[-79.964634,40.565952],[-79.964741,40.566095],[-79.966732,40.567847],[-79.966918,40.568131],[-79.96695,40.568433],[-79.966514,40.568083],[-79.966271,40.567968],[-79.964878,40.567794],[-79.964475,40.567867],[-79.963567,40.568281],[-79.962679,40.568611],[-79.962191,40.568866],[-79.961898,40.569122],[-79.961814,40.569318],[-79.961423,40.570883],[-79.958898,40.569767],[-79.957478,40.569248],[-79.95688,40.568547],[-79.955934,40.568075],[-79.955414,40.567686],[-79.955356,40.567554],[-79.95538,40.567371],[-79.955647,40.567023],[-79.955705,40.566828],[-79.954867,40.566982],[-79.954552,40.567616],[-79.954423,40.56798],[-79.954243,40.568656],[-79.954173,40.569128],[-79.954193,40.569839],[-79.954674,40.571614],[-79.954762,40.57202],[-79.954802,40.572571],[-79.954692,40.57551],[-79.954568,40.576332],[-79.954455,40.576736],[-79.954086,40.577514],[-79.951782,40.581107],[-79.951343,40.582012],[-79.951082,40.582814],[-79.95058,40.585716],[-79.950327,40.586663],[-79.950184,40.58706],[-79.949777,40.587891],[-79.949114,40.588956],[-79.949026,40.589192],[-79.948381,40.590296],[-79.948219,40.590668],[-79.948035,40.591446],[-79.947679,40.596377],[-79.947708,40.596543],[-79.947467,40.600551],[-79.947307,40.602214],[-79.947187,40.604358],[-79.947122,40.604485],[-79.947311,40.608401],[-79.947409,40.609085],[-79.947533,40.611367],[-79.947552,40.612939],[-79.947454,40.613721],[-79.947363,40.613873],[-79.946986,40.615053],[-79.946785,40.615455],[-79.967869,40.614801],[-79.976213,40.614465],[-79.99114,40.614313]]]}},{"type":"Feature","properties":{"geoid":"42003412002","name":"Census Tract 4120.02","land_m2":8198569.0},"geometry":{"type":"Polygon","coordinates":[[[-80.100002,40.586108],[-80.099958,40.585465],[-80.09978,40.584743],[-80.099613,40.584333],[-80.099139,40.583472],[-80.091302,40.57217],[-80.090866,40.571432],[-80.090569,40.570736],[-80.090367,40.569938],[-80.090095,40.566443],[-80.089849,40.565487],[-80.089581,40.564952],[-80.089133,40.564347],[-80.086137,40.561397],[-80.085747,40.560944],[-80.085218,40.560036],[-80.085014,40.559571],[-80.084863,40.559099],[-80.084671,40.558052],[-80.084718,40.557191],[-80.084788,40.556778],[-80.084993,40.556124],[-80.081221,40.553516],[-80.0746,40.54907],[-80.070412,40.546416],[-80.069128,40.545718],[-80.068076,40.54507],[-80.066945,40.544327],[-80.064048,40.542246],[-80.064278,40.545549],[-80.064247,40.545633],[-80.064666,40.551379],[-80.066701,40.584012],[-80.068557,40.58495],[-80.068717,40.585104],[-80.069041,40.585578],[-80.07042,40.585564],[-80.074323,40.585407],[-80.078033,40.584989],[-80.078465,40.584896],[-80.079313,40.584194],[-80.079428,40.584041],[-80.079448,40.583349],[-80.07933,40.581494],[-80.07937,40.580311],[-80.081332,40.581356],[-80.081739,40.581519],[-80.082162,40.58152],[-80.084583,40.581299],[-80.084925,40.581324],[-80.085131,40.581395],[-80.086363,40.582015],[-80.087057,40.58257],[-80.08892,40.584389],[-80.090179,40.585898],[-80.090195,40.586007],[-80.090634,40.586087],[-80.091683,40.585987],[-80.092801,40.586001],[-80.093814,40.586143],[-80.094522,40.586306],[-80.094794,40.586462],[-80.097715,40.588714],[-80.098149,40.588956],[-80.098765,40.589173],[-80.098839,40.589189],[-80.09924,40.588598],[-80.099678,40.587706],[-80.099904,40.586987],[-80.100002,40.586108]]]}},{"type":"Feature","properties":{"geoid":"42003270100","name":"Census Tract 2701","land_m2":1039814.0},"geometry":{"type":"Polygon","coordinates":[[[-80.053007,40.482302],[-80.053179,40.48217],[-80.051722,40.481287],[-80.049741,40.479143],[-80.048476,40.4773],[-80.048394,40.477106],[-80.043707,40.478603],[-80.043106,40.478859],[-80.042987,40.479003],[-80.042942,40.479144],[-80.043003,40.47969],[-80.04282,40.47967],[-80.041805,40.479892],[-80.035222,40.48147],[-80.033961,40.481707],[-80.035155,40.482407],[-80.035233,40.482496],[-80.03582,40.484311],[-80.03696,40.486856],[-80.037525,40.487006],[-80.040949,40.487647],[-80.043251,40.489569],[-80.046444,40.487163],[-80.046684,40.487029],[-80.046831,40.487165],[-80.047927,40.486299],[-80.048168,40.486375],[-80.048592,40.48642],[-80.049828,40.485624],[-80.049932,40.485387],[-80.049977,40.484843],[-80.050098,40.484678],[-80.050727,40.484176],[-80.050658,40.484132],[-80.050715,40.484085],[-80.053007,40.482302]]]}},{"type":"Feature","properties":{"geoid":"42003191900","name":"Census Tract 1919","land_m2":608784.0},"geometry":{"type":"Polygon","coordinates":[[[-80.031116,40.396624],[-80.031144,40.396613],[-80.030718,40.395355],[-80.030353,40.395277],[-80.028183,40.394395],[-80.027654,40.394251],[-80.027164,40.394189],[-80.026355,40.394269],[-80.025574,40.394541],[-80.024575,40.395131],[-80.024093,40.3955],[-80.023662,40.39623],[-80.023461,40.396176],[-80.017738,40.392116],[-80.017103,40.391883],[-80.016333,40.391768],[-80.015959,40.391774],[-80.015267,40.391899],[-80.01512,40.392683],[-80.01502,40.392952],[-80.015161,40.392853],[-80.015823,40.392683],[-80.016385,40.392661],[-80.014697,40.396306],[-80.016062,40.396623],[-80.017966,40.398],[-80.0187,40.397411],[-80.021173,40.399211],[-80.020744,40.399538],[-80.020274,40.400031],[-80.023032,40.400065],[-80.023814,40.400124],[-80.026234,40.39831],[-80.031116,40.396624]]]}},{"type":"Feature","properties":{"geoid":"42003191800","name":"Census Tract 1918","land_m2":1457192.0},"geometry":{"type":"Polygon","coordinates":[[[-80.03072,40.395277],[-80.030767,40.395007],[-80.028678,40.391263],[-80.027827,40.391598],[-80.018907,40.386816],[-80.018159,40.38645],[-80.017108,40.386314],[-80.016418,40.385129],[-80.014913,40.38607],[-80.013819,40.386562],[-80.013567,40.38609],[-80.01361,40.385706],[-80.014158,40.385765],[-80.013624,40.384233],[-80.013594,40.383983],[-80.01339,40.383481],[-80.012492,40.383399],[-80.012577,40.383067],[-80.012316,40.383029],[-80.01233,40.382974],[-80.013174,40.382835],[-80.012579,40.380889],[-80.010382,40.380442],[-80.010028,40.380921],[-80.009027,40.381016],[-80.008948,40.381137],[-80.008842,40.381138],[-80.008135,40.380874],[-80.007884,40.380959],[-80.007685,40.38113],[-80.007356,40.380898],[-80.007158,40.381531],[-80.007405,40.382129],[-80.007676,40.383012],[-80.006326,40.383472],[-80.006426,40.383456],[-80.006448,40.383503],[-80.005966,40.383612],[-80.005992,40.384035],[-80.006844,40.38577],[-80.007685,40.387224],[-80.007446,40.387519],[-80.007767,40.388234],[-80.007167,40.388372],[-80.007006,40.388471],[-80.007324,40.388696],[-80.008194,40.389907],[-80.008493,40.39012],[-80.009803,40.390839],[-80.009175,40.391069],[-80.008721,40.392161],[-80.00878,40.392384],[-80.014276,40.392111],[-80.015959,40.391774],[-80.016333,40.391768],[-80.017103,40.391883],[-80.017738,40.392116],[-80.023175,40.396001],[-80.023461,40.396176],[-80.023662,40.39623],[-80.024093,40.3955],[-80.024575,40.395131],[-80.025859,40.394411],[-80.026634,40.394222],[-80.027164,40.394189],[-80.027949,40.39432],[-80.030353,40.395277],[-80.030698,40.395351],[-80.03072,40.395277]]]}},{"type":"Feature","properties":{"geoid":"42003192000","name":"Census Tract 1920","land_m2":1360695.0},"geometry":{"type":"Polygon","coordinates":[[[-80.036697,40.400785],[-80.032666,40.401535],[-80.032482,40.401729],[-80.032244,40.401355],[-80.031468,40.400397],[-80.031757,40.400089],[-80.02939,40.397205],[-80.026234,40.39831],[-80.023814,40.400124],[-80.022171,40.40174],[-80.019685,40.403707],[-80.019353,40.404048],[-80.019178,40.404308],[-80.0188,40.405355],[-80.018146,40.407756],[-80.01778,40.408449],[-80.0197,40.409185],[-80.021844,40.410663],[-80.024673,40.410568],[-80.024626,40.409343],[-80.02477,40.408702],[-80.024931,40.40842],[-80.025342,40.407989],[-80.025669,40.40778],[-80.026979,40.407116],[-80.02729,40.407674],[-80.027338,40.408575],[-80.02859,40.408561],[-80.030803,40.409352],[-80.031237,40.409433],[-80.031601,40.409303],[-80.03195,40.409356],[-80.032603,40.4082],[-80.0328,40.407944],[-80.03303,40.407701],[-80.03351,40.407343],[-80.034207,40.406965],[-80.034026,40.406726],[-80.033775,40.406172],[-80.034398,40.405949],[-80.03505,40.405849],[-80.035217,40.405719],[-80.035513,40.405235],[-80.036293,40.405286],[-80.036343,40.404261],[-80.035471,40.404286],[-80.035442,40.404038],[-80.035622,40.401698],[-80.036697,40.400785]]]}},{"type":"Feature","properties":{"geoid":"42003429201","name":"Census Tract 4292.01","land_m2":4689842.0},"geometry":{"type":"Polygon","coordinates":[[[-80.020866,40.553871],[-80.019745,40.551689],[-80.017818,40.547386],[-80.017486,40.546845],[-80.016754,40.545946],[-80.016929,40.54592],[-80.01653,40.545538],[-80.015088,40.544407],[-80.014484,40.543825],[-80.014184,40.543482],[-80.013106,40.541966],[-80.012451,40.540863],[-80.011305,40.537476],[-80.010987,40.536332],[-80.010946,40.535382],[-80.011075,40.534071],[-80.011071,40.533538],[-80.01096,40.532739],[-80.010782,40.532212],[-80.010457,40.531507],[-80.009939,40.530571],[-80.009413,40.530554],[-80.009104,40.530491],[-80.007847,40.529978],[-80.007412,40.52991],[-80.006742,40.529929],[-80.004652,40.53027],[-80.003853,40.530328],[-80.003909,40.531635],[-80.003766,40.532293],[-80.003198,40.531905],[-80.002934,40.531819],[-80.000464,40.531751],[-80.000454,40.53248],[-80.000295,40.532929],[-79.999009,40.533846],[-79.998905,40.533979],[-79.998856,40.534142],[-79.999001,40.535145],[-79.998956,40.535274],[-79.996936,40.536513],[-79.995759,40.537763],[-79.995416,40.53805],[-79.995213,40.538141],[-79.994129,40.538405],[-79.993543,40.538691],[-79.993169,40.538776],[-79.99367,40.53896],[-79.993822,40.539107],[-79.993875,40.539236],[-79.994029,40.543254],[-79.994087,40.54349],[-79.994326,40.543817],[-79.993605,40.543342],[-79.988952,40.543549],[-79.988456,40.543637],[-79.988921,40.553938],[-79.991226,40.553997],[-79.995046,40.554007],[-80.007447,40.553955],[-80.007453,40.554036],[-80.01091,40.553921],[-80.020866,40.553871]]]}},{"type":"Feature","properties":{"geoid":"42003151600","name":"Census Tract 1516","land_m2":819407.0},"geometry":{"type":"Polygon","coordinates":[[[-79.952282,40.425172],[-79.952288,40.424898],[-79.952085,40.424905],[-79.950794,40.425488],[-79.949835,40.425665],[-79.949785,40.425607],[-79.950873,40.425179],[-79.951014,40.425043],[-79.951037,40.424912],[-79.950875,40.425033],[-79.950647,40.425076],[-79.950078,40.424883],[-79.949506,40.425095],[-79.947559,40.421993],[-79.941039,40.418871],[-79.939835,40.418952],[-79.939788,40.426187],[-79.939724,40.429013],[-79.93977,40.42921],[-79.939722,40.429304],[-79.940134,40.429511],[-79.940047,40.429812],[-79.941856,40.430103],[-79.943138,40.429649],[-79.943466,40.429264],[-79.944474,40.429084],[-79.946842,40.428474],[-79.947648,40.428601],[-79.949119,40.429124],[-79.949393,40.428886],[-79.949658,40.429191],[-79.949814,40.428581],[-79.950081,40.428062],[-79.950431,40.427598],[-79.951956,40.426016],[-79.952109,40.425763],[-79.952282,40.425172]]]}},{"type":"Feature","properties":{"geoid":"42003151700","name":"Census Tract 1517","land_m2":1186540.0},"geometry":{"type":"Polygon","coordinates":[[[-79.93984,40.419261],[-79.939835,40.418952],[-79.937605,40.419162],[-79.93383,40.419788],[-79.93369,40.419732],[-79.932308,40.419835],[-79.932211,40.418956],[-79.930698,40.419037],[-79.930694,40.418923],[-79.929157,40.418943],[-79.929137,40.419317],[-79.929215,40.419753],[-79.928168,40.419683],[-79.928132,40.419102],[-79.926774,40.418911],[-79.927057,40.419354],[-79.927151,40.419608],[-79.926096,40.419542],[-79.926285,40.423542],[-79.925732,40.425423],[-79.925789,40.425485],[-79.926231,40.425659],[-79.926457,40.425822],[-79.926703,40.425857],[-79.926686,40.426153],[-79.926734,40.426362],[-79.926869,40.426575],[-79.928158,40.427518],[-79.92676,40.428152],[-79.929439,40.428758],[-79.930494,40.428912],[-79.931674,40.429008],[-79.933223,40.428931],[-79.936031,40.428565],[-79.936979,40.428551],[-79.937488,40.42859],[-79.939045,40.42885],[-79.939722,40.429304],[-79.93977,40.42921],[-79.939724,40.429013],[-79.939767,40.427972],[-79.93984,40.419261]]]}},{"type":"Feature","properties":{"geoid":"42003407001","name":"Census Tract 4070.01","land_m2":48681161.0},"geometry":{"type":"Polygon","coordinates":[[[-79.924177,40.673045],[-79.923883,40.663689],[-79.92328,40.651275],[-79.923194,40.650212],[-79.923152,40.648289],[-79.922894,40.642385],[-79.922637,40.640188],[-79.922365,40.633827],[-79.922106,40.633838],[-79.92173,40.62815],[-79.921449,40.624801],[-79.921342,40.622266],[-79.921148,40.62],[-79.9209,40.618198],[-79.919042,40.619814],[-79.918802,40.619874],[-79.918597,40.619853],[-79.91842,40.619773],[-79.918292,40.619641],[-79.917538,40.620045],[-79.917508,40.620125],[-79.9176,40.620281],[-79.918219,40.620692],[-79.918459,40.620921],[-79.918559,40.621102],[-79.918597,40.621349],[-79.912998,40.619773],[-79.911635,40.619447],[-79.906789,40.618542],[-79.904299,40.618239],[-79.903612,40.618068],[-79.902113,40.619813],[-79.901802,40.620279],[-79.900509,40.622923],[-79.900042,40.623719],[-79.89963,40.624084],[-79.898064,40.62503],[-79.897699,40.62539],[-79.897169,40.62617],[-79.896702,40.626536],[-79.895012,40.627136],[-79.894342,40.627242],[-79.893117,40.627303],[-79.892479,40.627463],[-79.892125,40.627674],[-79.890422,40.628924],[-79.886128,40.630757],[-79.885508,40.630983],[-79.885067,40.631055],[-79.882038,40.631165],[-79.881672,40.631213],[-79.881581,40.630991],[-79.881076,40.631155],[-79.877162,40.632925],[-79.876078,40.633523],[-79.875479,40.633713],[-79.871001,40.633757],[-79.870702,40.633731],[-79.869596,40.633445],[-79.867883,40.632663],[-79.867348,40.632366],[-79.86706,40.632103],[-79.865469,40.630233],[-79.863286,40.628029],[-79.862677,40.627471],[-79.861229,40.626507],[-79.860931,40.626252],[-79.860736,40.625974],[-79.860602,40.625469],[-79.859724,40.625548],[-79.858393,40.625783],[-79.85773,40.626072],[-79.857293,40.626352],[-79.855978,40.628364],[-79.855906,40.628683],[-79.855962,40.629919],[-79.855905,40.630085],[-79.854728,40.631217],[-79.854127,40.632497],[-79.854019,40.632637],[-79.853892,40.632701],[-79.854055,40.632284],[-79.854087,40.63195],[-79.853855,40.631459],[-79.853532,40.631057],[-79.853282,40.630856],[-79.852035,40.630059],[-79.851386,40.629767],[-79.849774,40.628811],[-79.848083,40.627976],[-79.846374,40.626684],[-79.844656,40.625869],[-79.842394,40.62519],[-79.841953,40.624975],[-79.841899,40.625081],[-79.841478,40.624926],[-79.840402,40.624226],[-79.839851,40.623695],[-79.839469,40.623412],[-79.838902,40.623084],[-79.838266,40.622847],[-79.838774,40.62242],[-79.838675,40.621934],[-79.838241,40.6215],[-79.837425,40.62102],[-79.837018,40.620868],[-79.836776,40.620604],[-79.836695,40.620434],[-79.836682,40.620116],[-79.836746,40.619786],[-79.836643,40.619526],[-79.836066,40.619279],[-79.835605,40.619169],[-79.834942,40.618741],[-79.834791,40.61861],[-79.834733,40.618176],[-79.834372,40.617616],[-79.833875,40.617187],[-79.833733,40.617158],[-79.833749,40.617333],[-79.832607,40.617287],[-79.830848,40.617301],[-79.83024,40.617055],[-79.828762,40.61615],[-79.827765,40.615714],[-79.827448,40.615446],[-79.827281,40.615137],[-79.827191,40.613955],[-79.827065,40.613605],[-79.826933,40.613435],[-79.82677,40.613284],[-79.826418,40.613083],[-79.823279,40.612116],[-79.822547,40.611734],[-79.822102,40.611356],[-79.821771,40.610915],[-79.821621,40.610597],[-79.821295,40.609582],[-79.821131,40.609397],[-79.820747,40.609187],[-79.820208,40.609135],[-79.819724,40.609259],[-79.818871,40.60967],[-79.818385,40.610017],[-79.817798,40.610258],[-79.817358,40.610591],[-79.817076,40.610741],[-79.815716,40.611247],[-79.815129,40.611588],[-79.814481,40.612078],[-79.813023,40.612103],[-79.813127,40.613593],[-79.81612,40.635135],[-79.816375,40.638783],[-79.816631,40.656514],[-79.816996,40.671699],[-79.818729,40.671708],[-79.821956,40.671428],[-79.829433,40.671142],[-79.83236,40.671394],[-79.835578,40.671549],[-79.842248,40.67199],[-79.851556,40.672288],[-79.860588,40.672377],[-79.875234,40.672397],[-79.883118,40.672567],[-79.89114,40.672857],[-79.914626,40.673286],[-79.921684,40.673197],[-79.924177,40.673045]]]}},{"type":"Feature","properties":{"geoid":"42003432400","name":"Census Tract 4324","land_m2":710868.0},"geometry":{"type":"Polygon","coordinates":[[[-80.075024,40.50357],[-80.074875,40.501614],[-80.074942,40.501268],[-80.074912,40.500673],[-80.075005,40.498395],[-80.07026,40.494822],[-80.068862,40.493697],[-80.066235,40.490968],[-80.063829,40.493405],[-80.06301,40.493611],[-80.062553,40.493875],[-80.062188,40.494297],[-80.061982,40.494719],[-80.061073,40.495529],[-80.060932,40.495549],[-80.060972,40.496789],[-80.061038,40.497107],[-80.061124,40.498304],[-80.065817,40.500161],[-80.067862,40.501341],[-80.071222,40.502592],[-80.072083,40.503179],[-80.073404,40.503426],[-80.075024,40.50357]]]}},{"type":"Feature","properties":{"geoid":"42003030500","name":"Census Tract 305","land_m2":927620.0},"geometry":{"type":"Polygon","coordinates":[[[-79.993643,40.439085],[-79.993711,40.438921],[-79.977545,40.438229],[-79.977472,40.438328],[-79.975373,40.439202],[-79.976641,40.439268],[-79.977177,40.439361],[-79.977636,40.439383],[-79.977878,40.439348],[-79.978669,40.440312],[-79.97832,40.440652],[-79.978655,40.440843],[-79.978878,40.441075],[-79.978958,40.441232],[-79.979017,40.441761],[-79.979204,40.442162],[-79.979672,40.442698],[-79.979273,40.442872],[-79.980004,40.44387],[-79.980342,40.443632],[-79.982429,40.446493],[-79.982723,40.446369],[-79.983652,40.447642],[-79.983899,40.44852],[-79.984785,40.448041],[-79.988814,40.445483],[-79.988875,40.445539],[-79.990365,40.444593],[-79.990684,40.444068],[-79.991643,40.442824],[-79.992034,40.442203],[-79.993643,40.439085]]]}},{"type":"Feature","properties":{"geoid":"42003040200","name":"Census Tract 402","land_m2":604860.0},"geometry":{"type":"Polygon","coordinates":[[[-79.977502,40.438299],[-79.977545,40.438229],[-79.975483,40.438119],[-79.973258,40.437888],[-79.968796,40.436452],[-79.966925,40.436454],[-79.966492,40.436507],[-79.966209,40.436616],[-79.965907,40.436829],[-79.965336,40.437663],[-79.963932,40.437842],[-79.963408,40.438106],[-79.959902,40.440745],[-79.957438,40.442514],[-79.959333,40.443555],[-79.959878,40.443147],[-79.960838,40.443658],[-79.961119,40.443606],[-79.961988,40.442768],[-79.962881,40.44326],[-79.963202,40.443521],[-79.963323,40.443751],[-79.963381,40.444068],[-79.963252,40.444663],[-79.965757,40.442819],[-79.966063,40.443377],[-79.968016,40.442903],[-79.967903,40.44273],[-79.968509,40.442266],[-79.968066,40.441281],[-79.967901,40.441079],[-79.967618,40.440023],[-79.967553,40.43952],[-79.967681,40.439412],[-79.967858,40.43936],[-79.968356,40.439378],[-79.968713,40.438771],[-79.969781,40.439184],[-79.970078,40.439344],[-79.970488,40.439706],[-79.971322,40.439537],[-79.971684,40.439589],[-79.971904,40.439752],[-79.972075,40.440063],[-79.972278,40.440263],[-79.973239,40.440917],[-79.973524,40.440982],[-79.973948,40.440854],[-79.973814,40.440674],[-79.973209,40.44012],[-79.97302,40.43978],[-79.973406,40.439984],[-79.976208,40.438885],[-79.977502,40.438299]]]}},{"type":"Feature","properties":{"geoid":"42003101800","name":"Census Tract 1018","land_m2":1197215.0},"geometry":{"type":"Polygon","coordinates":[[[-79.948893,40.478279],[-79.948944,40.478173],[-79.947058,40.477612],[-79.946571,40.47759],[-79.946254,40.477696],[-79.944353,40.478677],[-79.943079,40.479954],[-79.940601,40.482014],[-79.940247,40.481957],[-79.934777,40.480588],[-79.934117,40.480344],[-79.933208,40.479855],[-79.933039,40.479641],[-79.932966,40.479369],[-79.932516,40.476915],[-79.931916,40.475217],[-79.931799,40.475391],[-79.93184,40.476084],[-79.931716,40.476482],[-79.93202,40.478584],[-79.929832,40.485388],[-79.92697,40.487686],[-79.925978,40.487617],[-79.925674,40.487937],[-79.925532,40.488308],[-79.927872,40.488849],[-79.929744,40.489115],[-79.931563,40.489144],[-79.932151,40.489025],[-79.932635,40.489026],[-79.933255,40.489062],[-79.933278,40.489145],[-79.935087,40.489142],[-79.946298,40.485158],[-79.944519,40.48359],[-79.944106,40.48359],[-79.94317,40.48318],[-79.943278,40.483011],[-79.943447,40.48297],[-79.944564,40.483041],[-79.94524,40.483157],[-79.945,40.482941],[-79.945686,40.482414],[-79.945024,40.481849],[-79.946673,40.480503],[-79.946922,40.480691],[-79.947546,40.480077],[-79.947115,40.47969],[-79.94666,40.47941],[-79.947693,40.478639],[-79.946973,40.478102],[-79.947146,40.477997],[-79.94774,40.477961],[-79.948722,40.47826],[-79.948867,40.478346],[-79.948893,40.478279]]]}},{"type":"Feature","properties":{"geoid":"42003110200","name":"Census Tract 1102","land_m2":806109.0},"geometry":{"type":"Polygon","coordinates":[[[-79.928583,40.475332],[-79.928314,40.474717],[-79.928349,40.472318],[-79.9264,40.471566],[-79.921025,40.46969],[-79.918786,40.474502],[-79.916175,40.47848],[-79.919679,40.4798],[-79.920295,40.478718],[-79.924041,40.480028],[-79.924608,40.479805],[-79.92734,40.480846],[-79.927493,40.47866],[-79.927628,40.477905],[-79.928583,40.475332]]]}},{"type":"Feature","properties":{"geoid":"42003180700","name":"Census Tract 1807","land_m2":394233.0},"geometry":{"type":"Polygon","coordinates":[[[-80.005613,40.42705],[-80.005611,40.42701],[-80.00517,40.427016],[-80.004945,40.422199],[-80.002745,40.422266],[-80.002514,40.422222],[-80.002467,40.421774],[-79.998462,40.421724],[-79.998253,40.421441],[-79.997401,40.421648],[-79.997543,40.425938],[-79.997548,40.425992],[-79.997758,40.426122],[-79.997466,40.426523],[-79.997453,40.426621],[-79.997574,40.426714],[-79.997691,40.426615],[-79.998035,40.426804],[-79.997963,40.426883],[-79.998035,40.426928],[-79.9981,40.426868],[-79.998284,40.426968],[-79.998232,40.42706],[-79.998839,40.427264],[-79.999165,40.426874],[-80.00073,40.427593],[-80.002072,40.427631],[-80.003838,40.42783],[-80.005613,40.42705]]]}},{"type":"Feature","properties":{"geoid":"42003202200","name":"Census Tract 2022","land_m2":886977.0},"geometry":{"type":"Polygon","coordinates":[[[-80.071998,40.453356],[-80.072157,40.453276],[-80.069439,40.451569],[-80.065883,40.450496],[-80.065401,40.450256],[-80.064565,40.449735],[-80.06284,40.448545],[-80.059958,40.450677],[-80.055247,40.452109],[-80.055173,40.452465],[-80.055103,40.452536],[-80.054523,40.452605],[-80.054579,40.453285],[-80.055744,40.453853],[-80.05838,40.454294],[-80.05826,40.454707],[-80.059557,40.454932],[-80.059341,40.455613],[-80.059638,40.455366],[-80.060258,40.45595],[-80.061101,40.455433],[-80.062073,40.456351],[-80.061307,40.456832],[-80.061071,40.457037],[-80.06162,40.45757],[-80.061892,40.457943],[-80.06193,40.45833],[-80.062091,40.458275],[-80.062165,40.458348],[-80.062077,40.458689],[-80.062326,40.459465],[-80.062547,40.45958],[-80.062761,40.460001],[-80.062591,40.460452],[-80.062461,40.460435],[-80.062821,40.461189],[-80.065203,40.460466],[-80.064818,40.459847],[-80.065006,40.459754],[-80.064934,40.459648],[-80.064987,40.459152],[-80.066966,40.459779],[-80.067455,40.457899],[-80.067217,40.457757],[-80.066901,40.457342],[-80.067343,40.457156],[-80.067093,40.456871],[-80.066962,40.456502],[-80.066913,40.456323],[-80.066949,40.456077],[-80.067008,40.455997],[-80.071998,40.453356]]]}},{"type":"Feature","properties":{"geoid":"42003518001","name":"Census Tract 5180.01","land_m2":2567927.0},"geometry":{"type":"Polygon","coordinates":[[[-79.872347,40.426906],[-79.872053,40.426647],[-79.871674,40.426431],[-79.86953,40.425648],[-79.869077,40.425362],[-79.868701,40.424909],[-79.868253,40.423805],[-79.868091,40.423593],[-79.867706,40.423346],[-79.866394,40.422864],[-79.863879,40.422419],[-79.861363,40.421573],[-79.859701,40.420722],[-79.858203,40.421105],[-79.854525,40.419546],[-79.851519,40.418367],[-79.852382,40.417125],[-79.852248,40.416996],[-79.85117,40.418368],[-79.850612,40.419231],[-79.850611,40.419344],[-79.850542,40.419474],[-79.85003,40.419786],[-79.850282,40.420026],[-79.850845,40.420436],[-79.850153,40.42101],[-79.850023,40.421168],[-79.849771,40.422322],[-79.849524,40.422932],[-79.849547,40.423305],[-79.850242,40.424649],[-79.851774,40.429702],[-79.851887,40.430102],[-79.851867,40.430381],[-79.851586,40.431446],[-79.849771,40.432482],[-79.848793,40.433402],[-79.848451,40.433598],[-79.848616,40.433864],[-79.852007,40.43689],[-79.856088,40.43378],[-79.857369,40.434874],[-79.857628,40.435214],[-79.861347,40.438428],[-79.863859,40.435074],[-79.86675,40.431325],[-79.868845,40.432211],[-79.869428,40.432006],[-79.870064,40.431896],[-79.870643,40.431928],[-79.871131,40.432056],[-79.871207,40.432043],[-79.871567,40.43175],[-79.87046,40.429936],[-79.870863,40.429361],[-79.871152,40.428651],[-79.871205,40.428395],[-79.871047,40.427586],[-79.872347,40.426906]]]}},{"type":"Feature","properties":{"geoid":"42003050600","name":"Census Tract 506","land_m2":804401.0},"geometry":{"type":"Polygon","coordinates":[[[-79.966005,40.455191],[-79.96583,40.454066],[-79.965742,40.453753],[-79.964566,40.452495],[-79.964353,40.45221],[-79.96436,40.451959],[-79.965372,40.450155],[-79.965344,40.449937],[-79.96487,40.448777],[-79.964543,40.44888],[-79.96235,40.448882],[-79.95925,40.448314],[-79.958755,40.448363],[-79.958474,40.448449],[-79.955479,40.450518],[-79.954904,40.450976],[-79.954071,40.453098],[-79.954131,40.453481],[-79.954403,40.454049],[-79.955109,40.456743],[-79.955279,40.457154],[-79.955274,40.4573],[-79.95579,40.458077],[-79.955947,40.458204],[-79.95722,40.458654],[-79.957074,40.458313],[-79.957979,40.458508],[-79.96042,40.45698],[-79.964292,40.455955],[-79.965927,40.455265],[-79.966005,40.455191]]]}},{"type":"Feature","properties":{"geoid":"42003050900","name":"Census Tract 509","land_m2":455034.0},"geometry":{"type":"Polygon","coordinates":[[[-79.983899,40.44852],[-79.983652,40.447642],[-79.982723,40.446369],[-79.972998,40.450493],[-79.972523,40.44962],[-79.970462,40.450491],[-79.968921,40.451149],[-79.969457,40.451997],[-79.966665,40.453175],[-79.966443,40.453177],[-79.965981,40.452975],[-79.964925,40.452883],[-79.965676,40.453665],[-79.965787,40.453844],[-79.966044,40.455448],[-79.96601,40.45566],[-79.967418,40.455211],[-79.968302,40.454997],[-79.972563,40.453339],[-79.974095,40.45263],[-79.975685,40.451541],[-79.97685,40.450965],[-79.977968,40.450627],[-79.979497,40.450327],[-79.980942,40.449915],[-79.982341,40.449342],[-79.983899,40.44852]]]}},{"type":"Feature","properties":{"geoid":"42003484600","name":"Census Tract 4846","land_m2":1202629.0},"geometry":{"type":"Polygon","coordinates":[[[-79.908205,40.389346],[-79.907821,40.387918],[-79.906632,40.388437],[-79.906387,40.388469],[-79.901727,40.387066],[-79.897493,40.386031],[-79.897402,40.385981],[-79.897352,40.385885],[-79.897507,40.38528],[-79.896546,40.385135],[-79.896446,40.385481],[-79.895566,40.385233],[-79.894527,40.385069],[-79.894391,40.386414],[-79.894785,40.387279],[-79.894854,40.387665],[-79.894825,40.388056],[-79.894567,40.389415],[-79.894465,40.389699],[-79.89427,40.38996],[-79.893567,40.3912],[-79.893607,40.391525],[-79.894053,40.391587],[-79.893971,40.392485],[-79.894052,40.392665],[-79.894754,40.393554],[-79.894798,40.393807],[-79.894647,40.394514],[-79.894673,40.394644],[-79.894756,40.394735],[-79.894871,40.394758],[-79.896625,40.394265],[-79.897116,40.394187],[-79.897267,40.394285],[-79.896524,40.394812],[-79.897765,40.395804],[-79.899635,40.39549],[-79.899827,40.39612],[-79.901752,40.397817],[-79.900916,40.398231],[-79.901943,40.399426],[-79.900624,40.400029],[-79.902638,40.401315],[-79.906482,40.399391],[-79.907037,40.400057],[-79.907373,40.399583],[-79.906755,40.399068],[-79.906473,40.398796],[-79.906322,40.398573],[-79.906617,40.398318],[-79.907443,40.396823],[-79.906359,40.396155],[-79.906054,40.396025],[-79.905664,40.395989],[-79.904635,40.396117],[-79.902984,40.394885],[-79.905311,40.393161],[-79.907633,40.389176],[-79.908205,40.389346]]]}},{"type":"Feature","properties":{"geoid":"42003551200","name":"Census Tract 5512","land_m2":1308013.0},"geometry":{"type":"Polygon","coordinates":[[[-79.845436,40.351464],[-79.845423,40.351082],[-79.844863,40.350416],[-79.844482,40.349823],[-79.844366,40.349191],[-79.844145,40.347184],[-79.843393,40.347136],[-79.843287,40.346628],[-79.843298,40.34533],[-79.836701,40.344844],[-79.835858,40.34474],[-79.835727,40.344794],[-79.835681,40.344865],[-79.835699,40.345372],[-79.834438,40.345968],[-79.835091,40.346758],[-79.834327,40.347105],[-79.833471,40.347394],[-79.832714,40.347573],[-79.831145,40.34782],[-79.830794,40.348072],[-79.830285,40.34921],[-79.830197,40.349593],[-79.830121,40.350763],[-79.830067,40.350986],[-79.829836,40.35126],[-79.829697,40.351883],[-79.827988,40.352244],[-79.826456,40.351985],[-79.826386,40.352009],[-79.824398,40.354168],[-79.82647,40.355193],[-79.827724,40.356063],[-79.828562,40.356554],[-79.829259,40.356846],[-79.831019,40.357391],[-79.831633,40.357537],[-79.831976,40.358039],[-79.832691,40.357195],[-79.834217,40.355876],[-79.836339,40.354388],[-79.837452,40.353153],[-79.837937,40.352746],[-79.838345,40.352595],[-79.838704,40.352542],[-79.842468,40.352557],[-79.842806,40.35261],[-79.843842,40.353014],[-79.844726,40.352106],[-79.845396,40.351638],[-79.845436,40.351464]]]}},{"type":"Feature","properties":{"geoid":"42003404000","name":"Census Tract 4040","land_m2":5888503.0},"geometry":{"type":"Polygon","coordinates":[[[-79.796256,40.590127],[-79.796437,40.590122],[-79.796102,40.583532],[-79.795735,40.583303],[-79.79537,40.583152],[-79.793707,40.582982],[-79.793101,40.582858],[-79.791848,40.582969],[-79.790751,40.583296],[-79.788122,40.583363],[-79.787909,40.575568],[-79.787944,40.575567],[-79.787611,40.571831],[-79.785994,40.571917],[-79.785886,40.571879],[-79.784659,40.571877],[-79.78018,40.571933],[-79.775699,40.562828],[-79.773059,40.562888],[-79.772052,40.562955],[-79.77295,40.565041],[-79.773469,40.566403],[-79.774131,40.568376],[-79.774693,40.570746],[-79.774802,40.572804],[-79.774701,40.574971],[-79.774493,40.576738],[-79.774339,40.577586],[-79.773689,40.580839],[-79.773361,40.582087],[-79.772454,40.583824],[-79.771623,40.585629],[-79.77079,40.586698],[-79.769817,40.587771],[-79.76807,40.589544],[-79.76676,40.590678],[-79.764624,40.592346],[-79.764043,40.59287],[-79.765534,40.596701],[-79.766399,40.597439],[-79.766551,40.597599],[-79.766571,40.597762],[-79.767715,40.598667],[-79.769876,40.599709],[-79.772087,40.601251],[-79.77992,40.60607],[-79.789116,40.605965],[-79.788472,40.59014],[-79.789783,40.590144],[-79.791022,40.590241],[-79.796256,40.590127]]]}},{"type":"Feature","properties":{"geoid":"42003475402","name":"Census Tract 4754.02","land_m2":3867976.0},"geometry":{"type":"Polygon","coordinates":[[[-80.033217,40.310316],[-80.033066,40.308842],[-80.032914,40.308407],[-80.032048,40.30657],[-80.030533,40.304283],[-80.030478,40.303935],[-80.03056,40.302327],[-80.030518,40.30186],[-80.029417,40.297292],[-80.029342,40.296322],[-80.029471,40.295659],[-80.029829,40.294944],[-80.030622,40.293764],[-80.030803,40.293317],[-80.030841,40.293027],[-80.030612,40.292245],[-80.030555,40.292097],[-80.03041,40.292006],[-80.029256,40.29297],[-80.026784,40.294895],[-80.026707,40.294856],[-80.026176,40.29604],[-80.026103,40.296371],[-80.025542,40.297879],[-80.02511,40.297784],[-80.024936,40.297809],[-80.023967,40.298233],[-80.023834,40.298393],[-80.023263,40.300578],[-80.022936,40.300874],[-80.02099,40.302199],[-80.021351,40.302527],[-80.021429,40.30272],[-80.020752,40.303385],[-80.021085,40.30352],[-80.02077,40.304044],[-80.020925,40.304074],[-80.020534,40.304697],[-80.020457,40.304665],[-80.019593,40.305857],[-80.019508,40.30579],[-80.017532,40.308794],[-80.015386,40.311939],[-80.009341,40.32112],[-80.009594,40.321358],[-80.010199,40.321793],[-80.01651,40.325465],[-80.017259,40.325961],[-80.017852,40.326459],[-80.021731,40.330303],[-80.022032,40.330536],[-80.021915,40.330061],[-80.021927,40.329663],[-80.022039,40.329306],[-80.022379,40.328823],[-80.022929,40.328424],[-80.025285,40.327422],[-80.025626,40.327168],[-80.025868,40.326857],[-80.025995,40.326473],[-80.025999,40.326298],[-80.025755,40.324773],[-80.025776,40.324486],[-80.025911,40.324087],[-80.026725,40.322475],[-80.026835,40.322115],[-80.027047,40.320829],[-80.026945,40.319262],[-80.027049,40.31887],[-80.028575,40.316151],[-80.028928,40.315644],[-80.029616,40.315015],[-80.03151,40.313481],[-80.031894,40.313053],[-80.032404,40.312279],[-80.032977,40.311159],[-80.033149,40.31073],[-80.033217,40.310316]]]}},{"type":"Feature","properties":{"geoid":"42003191100","name":"Census Tract 1911","land_m2":1604781.0},"geometry":{"type":"Polygon","coordinates":[[[-80.03305,40.437311],[-80.033056,40.436885],[-80.032979,40.436439],[-80.032707,40.435921],[-80.032304,40.435461],[-80.032095,40.435292],[-80.030461,40.434353],[-80.029531,40.433837],[-80.029471,40.433914],[-80.028581,40.433379],[-80.028111,40.432957],[-80.027163,40.431777],[-80.026688,40.431307],[-80.026296,40.43101],[-80.028034,40.430076],[-80.027765,40.429912],[-80.027238,40.429461],[-80.024518,40.426479],[-80.023433,40.425928],[-80.02278,40.425703],[-80.021748,40.425435],[-80.021122,40.425184],[-80.020967,40.425528],[-80.021081,40.425732],[-80.020816,40.425725],[-80.020617,40.426182],[-80.017975,40.434803],[-80.019173,40.434982],[-80.019019,40.435397],[-80.018287,40.436286],[-80.018826,40.43637],[-80.018583,40.437365],[-80.018226,40.437776],[-80.018925,40.438141],[-80.017728,40.439736],[-80.019507,40.440361],[-80.021226,40.441075],[-80.02626,40.442981],[-80.0285,40.443943],[-80.029595,40.442808],[-80.029608,40.442635],[-80.030187,40.442075],[-80.030253,40.442144],[-80.032535,40.439795],[-80.032845,40.439201],[-80.032896,40.438992],[-80.03305,40.437311]]]}},{"type":"Feature","properties":{"geoid":"42003478200","name":"Census Tract 4782","land_m2":2237593.0},"geometry":{"type":"Polygon","coordinates":[[[-79.987958,40.362379],[-79.987742,40.36199],[-79.986914,40.362247],[-79.983331,40.362571],[-79.982662,40.361527],[-79.982341,40.360872],[-79.981763,40.361181],[-79.974847,40.364294],[-79.971117,40.366747],[-79.969877,40.36734],[-79.964883,40.369537],[-79.962096,40.370691],[-79.961621,40.371529],[-79.964227,40.374302],[-79.964016,40.374474],[-79.965094,40.375664],[-79.962774,40.378856],[-79.963721,40.37921],[-79.965788,40.380221],[-79.966755,40.380589],[-79.966524,40.381202],[-79.968427,40.381872],[-79.968763,40.382118],[-79.969062,40.382607],[-79.969241,40.383376],[-79.969257,40.385796],[-79.971024,40.385781],[-79.972539,40.385258],[-79.974081,40.384792],[-79.976472,40.385386],[-79.977495,40.384235],[-79.97765,40.384143],[-79.977009,40.38313],[-79.976611,40.382349],[-79.975926,40.380817],[-79.975512,40.379418],[-79.975413,40.377382],[-79.975542,40.375298],[-79.975544,40.373856],[-79.975155,40.370296],[-79.975199,40.369964],[-79.975348,40.369581],[-79.975741,40.369077],[-79.976073,40.368814],[-79.976648,40.368504],[-79.978944,40.367383],[-79.98029,40.367054],[-79.980688,40.366861],[-79.981824,40.366031],[-79.982633,40.365347],[-79.984087,40.363872],[-79.984537,40.363273],[-79.984877,40.363014],[-79.985489,40.36288],[-79.986767,40.362733],[-79.987958,40.362379]]]}},{"type":"Feature","properties":{"geoid":"42003471000","name":"Census Tract 4710","land_m2":743717.0},"geometry":{"type":"Polygon","coordinates":[[[-80.099103,40.393891],[-80.097455,40.387861],[-80.097,40.388186],[-80.096075,40.388457],[-80.095334,40.388607],[-80.0941,40.388721],[-80.092591,40.38855],[-80.091619,40.387902],[-80.091091,40.387372],[-80.090848,40.387002],[-80.089779,40.38731],[-80.088845,40.387417],[-80.08836,40.387582],[-80.088017,40.387809],[-80.087341,40.388422],[-80.086953,40.388849],[-80.086687,40.389255],[-80.086349,40.39009],[-80.086086,40.391201],[-80.086059,40.392036],[-80.086168,40.392501],[-80.086265,40.392778],[-80.08656,40.393303],[-80.086849,40.393793],[-80.087179,40.394229],[-80.08751,40.394546],[-80.088035,40.394919],[-80.088403,40.395018],[-80.089276,40.395131],[-80.092571,40.395104],[-80.09445,40.394781],[-80.096208,40.394347],[-80.098295,40.393943],[-80.098889,40.393874],[-80.099103,40.393891]]]}},{"type":"Feature","properties":{"geoid":"42003465800","name":"Census Tract 4658","land_m2":1948263.0},"geometry":{"type":"Polygon","coordinates":[[[-80.08668,40.425786],[-80.086698,40.425484],[-80.085442,40.42527],[-80.084993,40.424585],[-80.085542,40.423842],[-80.083598,40.423791],[-80.083346,40.423726],[-80.080519,40.423723],[-80.075503,40.424982],[-80.074313,40.425326],[-80.073882,40.425463],[-80.073589,40.425636],[-80.072681,40.42659],[-80.070567,40.428629],[-80.069504,40.42993],[-80.06858,40.431358],[-80.068022,40.431191],[-80.066444,40.430544],[-80.065546,40.430349],[-80.064364,40.428758],[-80.063173,40.427866],[-80.062166,40.429049],[-80.060008,40.428299],[-80.059787,40.428283],[-80.059706,40.428351],[-80.058492,40.430527],[-80.057907,40.431459],[-80.05752,40.431282],[-80.057285,40.431572],[-80.057565,40.434515],[-80.058025,40.434508],[-80.058103,40.435215],[-80.057988,40.436353],[-80.057918,40.436399],[-80.057963,40.436473],[-80.058521,40.436752],[-80.059123,40.437135],[-80.059324,40.437083],[-80.059993,40.436609],[-80.060117,40.436448],[-80.060197,40.436161],[-80.060299,40.435353],[-80.0604,40.43543],[-80.061191,40.436804],[-80.061255,40.436848],[-80.061541,40.436844],[-80.061587,40.436617],[-80.061719,40.436376],[-80.061235,40.435619],[-80.063852,40.434806],[-80.063691,40.434107],[-80.06567,40.433357],[-80.066444,40.433916],[-80.067315,40.434446],[-80.067409,40.435314],[-80.067632,40.435366],[-80.06766,40.436006],[-80.067566,40.436358],[-80.066962,40.437902],[-80.068681,40.438197],[-80.069051,40.437051],[-80.069538,40.436601],[-80.069734,40.436481],[-80.070912,40.436122],[-80.072071,40.435546],[-80.073682,40.435259],[-80.073958,40.435273],[-80.075065,40.435667],[-80.075843,40.436684],[-80.076453,40.437601],[-80.077669,40.438812],[-80.07806,40.439137],[-80.079593,40.440056],[-80.079811,40.440293],[-80.080208,40.440014],[-80.080612,40.440118],[-80.080749,40.439738],[-80.079647,40.439441],[-80.078855,40.439068],[-80.078129,40.43863],[-80.077955,40.438195],[-80.077265,40.437401],[-80.075549,40.435032],[-80.075374,40.434219],[-80.076386,40.431686],[-80.076921,40.431638],[-80.080377,40.432072],[-80.081869,40.431585],[-80.082357,40.431367],[-80.083765,40.430866],[-80.085297,40.429894],[-80.086335,40.428388],[-80.086552,40.427975],[-80.08668,40.425786]]]}},{"type":"Feature","properties":{"geoid":"42003191500","name":"Census Tract 1915","land_m2":802608.0},"geometry":{"type":"Polygon","coordinates":[[[-80.019594,40.423984],[-80.017782,40.422349],[-80.016635,40.421156],[-80.016397,40.42085],[-80.016259,40.420586],[-80.016114,40.419916],[-80.016238,40.418815],[-80.016142,40.418053],[-80.015679,40.416963],[-80.015275,40.415607],[-80.015147,40.415335],[-80.015003,40.415166],[-80.014523,40.414737],[-80.013802,40.414362],[-80.011045,40.413569],[-80.00997,40.413079],[-80.009563,40.414023],[-80.011361,40.415068],[-80.011097,40.415578],[-80.011025,40.415879],[-80.011228,40.417086],[-80.01072,40.417632],[-80.010736,40.417748],[-80.010677,40.417843],[-80.009868,40.418347],[-80.009339,40.418949],[-80.008549,40.419618],[-80.008391,40.419732],[-80.007761,40.419963],[-80.007677,40.420088],[-80.006389,40.420533],[-80.00606,40.420601],[-80.005111,40.420759],[-80.002486,40.421029],[-80.002368,40.421097],[-80.002514,40.422222],[-80.002745,40.422266],[-80.004945,40.422199],[-80.00517,40.427016],[-80.005657,40.427008],[-80.006593,40.426773],[-80.007807,40.426201],[-80.008248,40.42563],[-80.009118,40.42426],[-80.010268,40.42457],[-80.01062,40.424273],[-80.011679,40.423053],[-80.012341,40.422445],[-80.013832,40.422477],[-80.014875,40.422669],[-80.016307,40.421965],[-80.01721,40.422955],[-80.018603,40.424224],[-80.018862,40.424212],[-80.019594,40.423984]]]}},{"type":"Feature","properties":{"geoid":"42003191600","name":"Census Tract 1916","land_m2":2419037.0},"geometry":{"type":"Polygon","coordinates":[[[-80.031932,40.409387],[-80.03195,40.409356],[-80.031601,40.409303],[-80.031237,40.409433],[-80.030803,40.409352],[-80.02859,40.408561],[-80.027338,40.408575],[-80.02729,40.407674],[-80.026979,40.407116],[-80.025669,40.40778],[-80.025342,40.407989],[-80.024931,40.40842],[-80.02477,40.408702],[-80.024626,40.409343],[-80.024673,40.410568],[-80.021844,40.410663],[-80.0197,40.409185],[-80.01778,40.408449],[-80.015815,40.410228],[-80.015537,40.41043],[-80.015247,40.410578],[-80.012851,40.41117],[-80.011489,40.41168],[-80.01057,40.412245],[-80.010069,40.412868],[-80.00997,40.413079],[-80.011045,40.413569],[-80.013802,40.414362],[-80.014161,40.414519],[-80.014764,40.414925],[-80.015147,40.415335],[-80.015275,40.415607],[-80.015679,40.416963],[-80.016142,40.418053],[-80.016238,40.418815],[-80.016114,40.419916],[-80.016259,40.420586],[-80.016397,40.42085],[-80.016635,40.421156],[-80.017782,40.422349],[-80.019594,40.423984],[-80.021033,40.423429],[-80.021205,40.423417],[-80.021335,40.42349],[-80.021428,40.423667],[-80.021478,40.423996],[-80.021442,40.424599],[-80.021334,40.424868],[-80.021122,40.425184],[-80.021748,40.425435],[-80.02278,40.425703],[-80.023433,40.425928],[-80.024518,40.426479],[-80.027238,40.429461],[-80.027765,40.429912],[-80.028034,40.430076],[-80.02912,40.429426],[-80.029697,40.428926],[-80.030109,40.428464],[-80.030484,40.427897],[-80.030751,40.42733],[-80.030893,40.426965],[-80.031012,40.426428],[-80.031019,40.425612],[-80.030916,40.424915],[-80.030587,40.424742],[-80.030207,40.424398],[-80.030059,40.424192],[-80.029945,40.423933],[-80.029588,40.42243],[-80.029883,40.415917],[-80.029945,40.415088],[-80.030107,40.414286],[-80.031295,40.410775],[-80.031654,40.409884],[-80.031932,40.409387]]]}},{"type":"Feature","properties":{"geoid":"42003474202","name":"Census Tract 4742.02","land_m2":8860748.0},"geometry":{"type":"Polygon","coordinates":[[[-80.118338,40.316845],[-80.118343,40.316738],[-80.11824,40.316451],[-80.117877,40.316089],[-80.116931,40.315813],[-80.116448,40.315533],[-80.116295,40.315196],[-80.116294,40.314897],[-80.116369,40.314595],[-80.11664,40.314126],[-80.116728,40.31371],[-80.116712,40.313489],[-80.116483,40.312903],[-80.116278,40.312659],[-80.109712,40.310276],[-80.105942,40.309131],[-80.099279,40.307266],[-80.098305,40.306933],[-80.096877,40.306568],[-80.095612,40.306184],[-80.094945,40.305907],[-80.093038,40.307426],[-80.09208,40.308379],[-80.091582,40.309072],[-80.091231,40.309818],[-80.087854,40.319031],[-80.087665,40.31945],[-80.086996,40.320636],[-80.086372,40.321454],[-80.085408,40.322462],[-80.084306,40.323377],[-80.083034,40.324199],[-80.082238,40.324616],[-80.075638,40.327298],[-80.074803,40.326957],[-80.074394,40.326885],[-80.073826,40.32698],[-80.07296,40.327324],[-80.072392,40.327432],[-80.067108,40.327795],[-80.06618,40.327759],[-80.066326,40.328244],[-80.066522,40.32855],[-80.06768,40.329717],[-80.069181,40.330998],[-80.070538,40.33267],[-80.071701,40.334012],[-80.073329,40.33532],[-80.074666,40.336135],[-80.075682,40.33704],[-80.076465,40.337983],[-80.077202,40.338468],[-80.077678,40.33889],[-80.077932,40.339208],[-80.078036,40.339443],[-80.078072,40.339814],[-80.078036,40.340281],[-80.079218,40.340187],[-80.079323,40.34072],[-80.079409,40.340812],[-80.079572,40.340847],[-80.080321,40.340615],[-80.080573,40.340482],[-80.080639,40.340377],[-80.080749,40.33985],[-80.080883,40.339708],[-80.081841,40.339464],[-80.082069,40.339438],[-80.082373,40.339477],[-80.084046,40.339854],[-80.084513,40.339893],[-80.08625,40.339675],[-80.086454,40.339609],[-80.086851,40.339418],[-80.087448,40.338897],[-80.087862,40.338742],[-80.088754,40.338652],[-80.089444,40.338651],[-80.091234,40.338927],[-80.091482,40.338777],[-80.091627,40.338407],[-80.09183,40.33816],[-80.092268,40.337884],[-80.092694,40.337816],[-80.093828,40.337963],[-80.09445,40.33798],[-80.094854,40.337834],[-80.095178,40.337519],[-80.095413,40.337367],[-80.095657,40.337297],[-80.095971,40.337417],[-80.09774,40.337727],[-80.097905,40.337828],[-80.098055,40.338054],[-80.098235,40.338523],[-80.098327,40.339169],[-80.09858,40.339873],[-80.098489,40.34006],[-80.097774,40.34055],[-80.09764,40.340707],[-80.097584,40.340942],[-80.097598,40.341131],[-80.097679,40.341333],[-80.097808,40.341455],[-80.100268,40.342761],[-80.101847,40.343088],[-80.102034,40.343182],[-80.102521,40.343668],[-80.102694,40.343775],[-80.103115,40.343864],[-80.1034,40.343839],[-80.103959,40.343524],[-80.103879,40.342751],[-80.103964,40.342127],[-80.104159,40.341589],[-80.104761,40.340413],[-80.10515,40.340017],[-80.10641,40.339351],[-80.106859,40.338985],[-80.107085,40.3387],[-80.108129,40.337059],[-80.108372,40.336943],[-80.108565,40.336939],[-80.109638,40.337187],[-80.110032,40.337161],[-80.110201,40.337079],[-80.111432,40.336024],[-80.112055,40.33501],[-80.112937,40.333198],[-80.113471,40.331546],[-80.112057,40.331441],[-80.109819,40.331517],[-80.108704,40.33147],[-80.107545,40.331684],[-80.10686,40.331959],[-80.104966,40.332509],[-80.103865,40.332501],[-80.102823,40.332683],[-80.102013,40.332739],[-80.10138,40.332622],[-80.101034,40.332489],[-80.10095,40.33233],[-80.100942,40.332099],[-80.101012,40.331837],[-80.101533,40.331395],[-80.10162,40.331243],[-80.101588,40.330951],[-80.101464,40.330645],[-80.101068,40.330052],[-80.101043,40.329812],[-80.101156,40.32959],[-80.101168,40.329268],[-80.100933,40.328531],[-80.100798,40.328403],[-80.100697,40.328154],[-80.100717,40.327963],[-80.100814,40.327751],[-80.100951,40.327537],[-80.101204,40.327281],[-80.101487,40.326754],[-80.101791,40.326437],[-80.102237,40.326077],[-80.102584,40.32589],[-80.103399,40.325221],[-80.103883,40.325191],[-80.104495,40.325068],[-80.10561,40.324986],[-80.106241,40.324792],[-80.106756,40.324541],[-80.107938,40.324246],[-80.108666,40.324091],[-80.110148,40.323926],[-80.110641,40.32399],[-80.111801,40.324548],[-80.112405,40.324586],[-80.112718,40.324559],[-80.113579,40.32408],[-80.114006,40.32353],[-80.114212,40.323064],[-80.114509,40.322938],[-80.115311,40.323022],[-80.115583,40.322936],[-80.115785,40.322627],[-80.115847,40.322353],[-80.115801,40.322054],[-80.115531,40.321438],[-80.11543,40.320808],[-80.115457,40.320467],[-80.115961,40.319133],[-80.115843,40.318754],[-80.115735,40.318666],[-80.115442,40.318596],[-80.115231,40.318476],[-80.115206,40.318145],[-80.115278,40.317963],[-80.115482,40.317809],[-80.115651,40.317775],[-80.115966,40.317769],[-80.116438,40.317889],[-80.117106,40.317787],[-80.117865,40.317482],[-80.118223,40.317138],[-80.118338,40.316845]]]}},{"type":"Feature","properties":{"geoid":"42003521401","name":"Census Tract 5214.01","land_m2":7326082.0},"geometry":{"type":"Polygon","coordinates":[[[-79.758288,40.438935],[-79.757419,40.438307],[-79.756996,40.438117],[-79.756727,40.438036],[-79.755433,40.437913],[-79.754903,40.437707],[-79.754667,40.437535],[-79.754471,40.437312],[-79.753875,40.436367],[-79.75386,40.435583],[-79.752923,40.434375],[-79.752382,40.434072],[-79.751928,40.433017],[-79.751888,40.432626],[-79.751601,40.43197],[-79.751461,40.431375],[-79.751311,40.430549],[-79.751235,40.429771],[-79.75108,40.429169],[-79.751247,40.428464],[-79.75128,40.427858],[-79.751031,40.426979],[-79.75042,40.425343],[-79.750363,40.425027],[-79.750415,40.424196],[-79.75038,40.423833],[-79.750047,40.423051],[-79.749668,40.42236],[-79.749665,40.422269],[-79.749452,40.422243],[-79.747705,40.420979],[-79.747283,40.420557],[-79.746698,40.419788],[-79.746322,40.4195],[-79.743506,40.418579],[-79.742728,40.418195],[-79.740354,40.416229],[-79.739815,40.415661],[-79.739005,40.414513],[-79.738746,40.414218],[-79.738243,40.413781],[-79.737717,40.413426],[-79.736554,40.412829],[-79.735736,40.412491],[-79.734843,40.412208],[-79.732103,40.411485],[-79.728837,40.410785],[-79.728817,40.410685],[-79.72826,40.409901],[-79.727776,40.408315],[-79.727555,40.408239],[-79.727253,40.4082],[-79.72494,40.40864],[-79.724494,40.408608],[-79.724051,40.408515],[-79.723319,40.408271],[-79.723012,40.408293],[-79.722654,40.408393],[-79.722397,40.408569],[-79.722231,40.408743],[-79.72214,40.408943],[-79.72226,40.409295],[-79.722593,40.40995],[-79.724491,40.410977],[-79.724746,40.41118],[-79.724934,40.41146],[-79.725357,40.411828],[-79.726018,40.412156],[-79.727058,40.412132],[-79.727404,40.41229],[-79.727532,40.412429],[-79.727655,40.412987],[-79.727574,40.413418],[-79.72734,40.413913],[-79.727002,40.414397],[-79.726826,40.414473],[-79.723023,40.414957],[-79.722338,40.414919],[-79.721085,40.414249],[-79.720423,40.413982],[-79.71983,40.413832],[-79.719276,40.413724],[-79.718097,40.413607],[-79.717489,40.413671],[-79.717231,40.413789],[-79.716811,40.414136],[-79.716835,40.41447],[-79.717014,40.415045],[-79.716964,40.415272],[-79.716828,40.415448],[-79.716157,40.415728],[-79.716064,40.415827],[-79.715909,40.416328],[-79.71607,40.417215],[-79.716028,40.417413],[-79.715699,40.417495],[-79.715482,40.417418],[-79.715101,40.417502],[-79.714601,40.417683],[-79.712545,40.418647],[-79.712325,40.418842],[-79.712322,40.419298],[-79.712212,40.419472],[-79.712081,40.419567],[-79.711833,40.419684],[-79.711523,40.419748],[-79.710979,40.419794],[-79.710876,40.419912],[-79.710765,40.420355],[-79.710684,40.420471],[-79.709326,40.420992],[-79.706939,40.422319],[-79.706848,40.422453],[-79.706979,40.423348],[-79.706978,40.424016],[-79.706762,40.424631],[-79.706598,40.42489],[-79.706405,40.42507],[-79.705484,40.425362],[-79.705392,40.425448],[-79.705307,40.425583],[-79.705277,40.425749],[-79.705303,40.425937],[-79.705424,40.426112],[-79.705353,40.426226],[-79.705234,40.4263],[-79.704783,40.426324],[-79.70473,40.427562],[-79.705548,40.427887],[-79.709409,40.430043],[-79.710362,40.430357],[-79.711504,40.430537],[-79.712448,40.430506],[-79.712998,40.430416],[-79.713705,40.43021],[-79.721514,40.427445],[-79.722063,40.42721],[-79.722243,40.42727],[-79.723402,40.427157],[-79.724158,40.427238],[-79.724948,40.427412],[-79.72559,40.427645],[-79.726154,40.427931],[-79.727248,40.428786],[-79.731844,40.433572],[-79.73301,40.434613],[-79.734637,40.435731],[-79.735426,40.436164],[-79.737754,40.437269],[-79.738728,40.437629],[-79.73993,40.437992],[-79.741226,40.43831],[-79.742481,40.438486],[-79.744382,40.438657],[-79.758288,40.438935]]]}},{"type":"Feature","properties":{"geoid":"42003526101","name":"Census Tract 5261.01","land_m2":34306561.0},"geometry":{"type":"Polygon","coordinates":[[[-79.836742,40.530454],[-79.836567,40.530409],[-79.83669,40.530259],[-79.83612,40.529932],[-79.836056,40.530026],[-79.83351,40.529774],[-79.833034,40.529847],[-79.832589,40.529648],[-79.832496,40.529434],[-79.831566,40.529134],[-79.831175,40.528847],[-79.830635,40.528716],[-79.829999,40.528721],[-79.829233,40.528353],[-79.82884,40.528254],[-79.828688,40.528173],[-79.828561,40.528007],[-79.828112,40.527992],[-79.828061,40.527952],[-79.827926,40.524571],[-79.823024,40.525622],[-79.820868,40.526167],[-79.820418,40.524982],[-79.820078,40.524295],[-79.819782,40.523858],[-79.819068,40.5231],[-79.819177,40.522836],[-79.819715,40.522127],[-79.819235,40.520947],[-79.819801,40.52048],[-79.819924,40.518942],[-79.820344,40.518101],[-79.819677,40.517364],[-79.819175,40.517975],[-79.818892,40.518194],[-79.818647,40.518303],[-79.818158,40.518391],[-79.817597,40.518369],[-79.81728,40.518276],[-79.816791,40.517936],[-79.816653,40.517711],[-79.816614,40.516661],[-79.816749,40.51486],[-79.816479,40.514537],[-79.816146,40.514322],[-79.815638,40.51416],[-79.815416,40.514219],[-79.815186,40.514361],[-79.814445,40.515201],[-79.813733,40.516277],[-79.813531,40.51642],[-79.813284,40.516516],[-79.813048,40.516536],[-79.812823,40.516492],[-79.811236,40.515869],[-79.810186,40.51574],[-79.809005,40.515904],[-79.808745,40.516116],[-79.808463,40.517197],[-79.808231,40.51771],[-79.808026,40.517944],[-79.807753,40.518129],[-79.807211,40.518369],[-79.807102,40.51835],[-79.806979,40.518148],[-79.806883,40.517378],[-79.806782,40.517103],[-79.806698,40.516651],[-79.806698,40.51588],[-79.806841,40.515397],[-79.806962,40.514547],[-79.80675,40.513607],[-79.806638,40.513493],[-79.806449,40.513478],[-79.806227,40.513528],[-79.805274,40.514012],[-79.804263,40.514413],[-79.804038,40.514574],[-79.803742,40.514579],[-79.802312,40.514332],[-79.801846,40.514114],[-79.801376,40.513795],[-79.800599,40.51312],[-79.800239,40.512339],[-79.800083,40.512122],[-79.799716,40.511785],[-79.799536,40.511008],[-79.79916,40.510455],[-79.798679,40.510238],[-79.79845,40.510194],[-79.798081,40.510242],[-79.797911,40.510459],[-79.797365,40.510902],[-79.796701,40.511001],[-79.796048,40.511244],[-79.795699,40.511513],[-79.795385,40.511685],[-79.794622,40.512011],[-79.794421,40.512014],[-79.794001,40.511849],[-79.79365,40.511476],[-79.79331,40.51083],[-79.793209,40.510606],[-79.793185,40.510238],[-79.792996,40.509794],[-79.792236,40.50857],[-79.791897,40.508182],[-79.791794,40.507943],[-79.791452,40.506281],[-79.791446,40.505808],[-79.791669,40.505484],[-79.791919,40.505255],[-79.791857,40.504631],[-79.792214,40.503914],[-79.792339,40.503773],[-79.792442,40.503474],[-79.792396,40.503147],[-79.792067,40.502565],[-79.791851,40.502285],[-79.791254,40.501775],[-79.790866,40.501575],[-79.790298,40.50158],[-79.790058,40.501526],[-79.789532,40.501212],[-79.789301,40.500974],[-79.788983,40.500392],[-79.788407,40.499844],[-79.788161,40.499547],[-79.788105,40.499386],[-79.788134,40.499195],[-79.788264,40.498969],[-79.788657,40.498636],[-79.788874,40.498362],[-79.788954,40.498096],[-79.789046,40.496648],[-79.788652,40.495689],[-79.787589,40.495175],[-79.786624,40.495396],[-79.786079,40.49546],[-79.784812,40.495415],[-79.784472,40.495246],[-79.784181,40.494959],[-79.784003,40.494728],[-79.783995,40.49455],[-79.783777,40.494491],[-79.782085,40.494457],[-79.781371,40.494492],[-79.779711,40.493889],[-79.779338,40.493795],[-79.77786,40.49369],[-79.777323,40.493714],[-79.776641,40.493902],[-79.775665,40.493977],[-79.775142,40.494174],[-79.773888,40.494952],[-79.773724,40.495123],[-79.773388,40.495719],[-79.773144,40.495944],[-79.77291,40.496108],[-79.77217,40.496472],[-79.771917,40.496564],[-79.770748,40.496752],[-79.769775,40.49703],[-79.769037,40.497178],[-79.768686,40.497293],[-79.768396,40.49745],[-79.768098,40.497758],[-79.76798,40.497949],[-79.767815,40.498306],[-79.76777,40.498552],[-79.767408,40.49886],[-79.767307,40.499058],[-79.76736,40.499196],[-79.76761,40.499444],[-79.767637,40.499527],[-79.767554,40.499965],[-79.767567,40.500068],[-79.767713,40.500283],[-79.767644,40.500498],[-79.76737,40.500679],[-79.766859,40.500876],[-79.766456,40.501195],[-79.766053,40.501425],[-79.765765,40.501705],[-79.765355,40.50199],[-79.76478,40.502232],[-79.764636,40.502341],[-79.764391,40.502775],[-79.764038,40.503082],[-79.763419,40.503445],[-79.763016,40.503917],[-79.763001,40.504016],[-79.762613,40.504331],[-79.762043,40.50402],[-79.761598,40.503664],[-79.761364,40.503391],[-79.760757,40.502489],[-79.759612,40.501457],[-79.757252,40.499962],[-79.755713,40.499071],[-79.755442,40.498831],[-79.755131,40.498408],[-79.754869,40.498154],[-79.753464,40.497157],[-79.752905,40.496523],[-79.752615,40.496457],[-79.751638,40.496472],[-79.749997,40.496569],[-79.748749,40.497],[-79.748314,40.497284],[-79.747784,40.497897],[-79.745876,40.503381],[-79.745615,40.503771],[-79.744701,40.504725],[-79.7443,40.505039],[-79.743608,40.505213],[-79.742563,40.505386],[-79.741799,40.505326],[-79.741367,40.505376],[-79.740192,40.505937],[-79.739854,40.506159],[-79.739386,40.507611],[-79.739231,40.507878],[-79.738948,40.508106],[-79.737834,40.508694],[-79.735353,40.50989],[-79.734374,40.510324],[-79.733364,40.510668],[-79.732947,40.510867],[-79.732627,40.511179],[-79.732257,40.511855],[-79.731624,40.512829],[-79.731489,40.513155],[-79.731287,40.513996],[-79.730597,40.515448],[-79.730372,40.515742],[-79.72943,40.516594],[-79.728995,40.516797],[-79.727849,40.516863],[-79.72672,40.517057],[-79.725739,40.517469],[-79.724049,40.518048],[-79.722962,40.518669],[-79.722229,40.519169],[-79.720961,40.520089],[-79.72074,40.520339],[-79.720505,40.520838],[-79.720182,40.522679],[-79.719962,40.523206],[-79.71973,40.523382],[-79.719012,40.523533],[-79.716902,40.523807],[-79.716381,40.52383],[-79.714316,40.523852],[-79.712047,40.523526],[-79.711713,40.523546],[-79.711255,40.523701],[-79.710859,40.523951],[-79.710557,40.524212],[-79.710134,40.524621],[-79.709924,40.524904],[-79.709652,40.525965],[-79.709537,40.526708],[-79.709658,40.527232],[-79.709879,40.527618],[-79.712619,40.531263],[-79.712722,40.531502],[-79.712782,40.53185],[-79.712848,40.532934],[-79.713421,40.532721],[-79.713642,40.532716],[-79.714373,40.532878],[-79.715071,40.53327],[-79.715619,40.533702],[-79.716958,40.535067],[-79.718005,40.536261],[-79.718403,40.536602],[-79.718594,40.536949],[-79.718709,40.537256],[-79.7187,40.537389],[-79.719416,40.538317],[-79.719892,40.538811],[-79.720088,40.539699],[-79.720425,40.540281],[-79.721128,40.541162],[-79.721644,40.540768],[-79.722136,40.541675],[-79.722379,40.542227],[-79.723711,40.542129],[-79.724608,40.542191],[-79.726886,40.543072],[-79.728091,40.543377],[-79.728712,40.543451],[-79.729562,40.543922],[-79.730193,40.544449],[-79.730297,40.544597],[-79.730479,40.544694],[-79.731934,40.545066],[-79.732628,40.545818],[-79.732677,40.546018],[-79.73244,40.546213],[-79.732406,40.546317],[-79.732447,40.546427],[-79.732582,40.546561],[-79.733001,40.546714],[-79.733922,40.546781],[-79.734044,40.546836],[-79.734779,40.548269],[-79.735374,40.548843],[-79.735595,40.548972],[-79.736183,40.549183],[-79.736649,40.549315],[-79.736886,40.549335],[-79.737845,40.549366],[-79.739269,40.549497],[-79.740518,40.549485],[-79.741518,40.549332],[-79.741945,40.549111],[-79.742332,40.548708],[-79.742539,40.548555],[-79.742656,40.548523],[-79.743762,40.549103],[-79.745356,40.549561],[-79.74573,40.549714],[-79.746295,40.550205],[-79.746397,40.550389],[-79.746614,40.550605],[-79.746804,40.550687],[-79.747793,40.550853],[-79.748493,40.551264],[-79.749987,40.551475],[-79.750644,40.551672],[-79.751346,40.551809],[-79.751701,40.551823],[-79.752508,40.551552],[-79.752842,40.551346],[-79.752893,40.551248],[-79.75284,40.550964],[-79.752928,40.5509],[-79.753503,40.550857],[-79.753645,40.550645],[-79.754048,40.550475],[-79.754254,40.550431],[-79.755565,40.550406],[-79.756482,40.550177],[-79.757132,40.550124],[-79.759519,40.550628],[-79.760069,40.551064],[-79.760995,40.55103],[-79.761693,40.550838],[-79.762186,40.550626],[-79.76509,40.549238],[-79.76414,40.547747],[-79.763834,40.546941],[-79.763698,40.546025],[-79.763775,40.544997],[-79.76426,40.544101],[-79.76474,40.542926],[-79.765306,40.541753],[-79.766091,40.540713],[-79.768478,40.538779],[-79.770008,40.537807],[-79.771508,40.53697],[-79.772762,40.536327],[-79.776618,40.534934],[-79.778908,40.534488],[-79.781489,40.534228],[-79.783753,40.534108],[-79.788162,40.534623],[-79.791796,40.535229],[-79.794789,40.535785],[-79.797532,40.536236],[-79.799818,40.536816],[-79.802525,40.537256],[-79.805012,40.537455],[-79.807566,40.537284],[-79.808549,40.53712],[-79.813647,40.536624],[-79.820606,40.536364],[-79.82234,40.536166],[-79.824757,40.535749],[-79.828537,40.535004],[-79.83082,40.534342],[-79.833191,40.533522],[-79.835272,40.532634],[-79.834731,40.531722],[-79.835911,40.531144],[-79.836742,40.530454]]]}},{"type":"Feature","properties":{"geoid":"42003459202","name":"Census Tract 4592.02","land_m2":195289.0},"geometry":{"type":"Polygon","coordinates":[[[-80.104522,40.428971],[-80.101408,40.42518],[-80.10068,40.425545],[-80.10047,40.425427],[-80.100285,40.425595],[-80.099391,40.426842],[-80.097777,40.428647],[-80.098708,40.429354],[-80.099125,40.429864],[-80.100849,40.430899],[-80.101889,40.430428],[-80.104522,40.428971]]]}},{"type":"Feature","properties":{"geoid":"42003488100","name":"Census Tract 4881","land_m2":1707709.0},"geometry":{"type":"Polygon","coordinates":[[[-79.894853,40.387691],[-79.894723,40.387089],[-79.894391,40.386414],[-79.894597,40.384212],[-79.890914,40.382961],[-79.890888,40.383267],[-79.890474,40.383273],[-79.890352,40.383878],[-79.889976,40.383781],[-79.890013,40.383682],[-79.890013,40.383161],[-79.890071,40.382954],[-79.890819,40.381681],[-79.889376,40.380808],[-79.890247,40.380182],[-79.890952,40.379381],[-79.891145,40.377309],[-79.891307,40.376352],[-79.890696,40.37647],[-79.890053,40.376694],[-79.889473,40.377005],[-79.888195,40.377861],[-79.886773,40.378413],[-79.886383,40.378615],[-79.882012,40.382129],[-79.881509,40.382466],[-79.881113,40.382621],[-79.880459,40.382736],[-79.877933,40.382922],[-79.878775,40.384792],[-79.878966,40.384981],[-79.880041,40.385753],[-79.880261,40.385973],[-79.8807,40.38726],[-79.881188,40.389013],[-79.881658,40.3898],[-79.882329,40.390533],[-79.882646,40.390829],[-79.883622,40.391537],[-79.883846,40.391637],[-79.884953,40.391915],[-79.885195,40.392117],[-79.885706,40.392774],[-79.88701,40.393576],[-79.88766,40.394153],[-79.888097,40.394463],[-79.88951,40.395052],[-79.891401,40.396307],[-79.893679,40.395393],[-79.893513,40.395354],[-79.893703,40.394736],[-79.89389,40.394418],[-79.894273,40.39398],[-79.894322,40.393429],[-79.893653,40.392746],[-79.893649,40.391976],[-79.893567,40.3912],[-79.89427,40.38996],[-79.894465,40.389699],[-79.894607,40.389223],[-79.894825,40.388056],[-79.894853,40.387691]]]}},{"type":"Feature","properties":{"geoid":"42003202300","name":"Census Tract 2023","land_m2":2532238.0},"geometry":{"type":"Polygon","coordinates":[[[-80.051202,40.401943],[-80.045051,40.399041],[-80.041937,40.399386],[-80.041853,40.399433],[-80.042078,40.399746],[-80.039764,40.401319],[-80.036416,40.404277],[-80.036343,40.404261],[-80.036293,40.405286],[-80.035513,40.405235],[-80.035217,40.405719],[-80.03505,40.405849],[-80.034398,40.405949],[-80.033775,40.406172],[-80.034026,40.406726],[-80.034207,40.406965],[-80.03351,40.407343],[-80.03303,40.407701],[-80.0328,40.407944],[-80.032603,40.4082],[-80.031654,40.409884],[-80.030836,40.412104],[-80.030107,40.414286],[-80.030016,40.414707],[-80.029883,40.415917],[-80.029588,40.42243],[-80.029945,40.423933],[-80.030059,40.424192],[-80.030305,40.424499],[-80.030587,40.424742],[-80.030916,40.424915],[-80.030598,40.423663],[-80.030564,40.423128],[-80.030645,40.422476],[-80.030904,40.421811],[-80.031336,40.42126],[-80.031872,40.420788],[-80.032535,40.420423],[-80.032942,40.420269],[-80.033636,40.420101],[-80.03431,40.420029],[-80.03501,40.42004],[-80.035944,40.420129],[-80.039617,40.42067],[-80.049854,40.404127],[-80.049862,40.404018],[-80.050226,40.403525],[-80.051202,40.401943]]]}},{"type":"Feature","properties":{"geoid":"42003051000","name":"Census Tract 510","land_m2":646293.0},"geometry":{"type":"Polygon","coordinates":[[[-79.974918,40.443709],[-79.975045,40.44366],[-79.974521,40.442939],[-79.974392,40.442638],[-79.974331,40.442436],[-79.974287,40.441611],[-79.974235,40.441399],[-79.973948,40.440854],[-79.973578,40.440979],[-79.973239,40.440917],[-79.972278,40.440263],[-79.972075,40.440063],[-79.971904,40.439752],[-79.971684,40.439589],[-79.971322,40.439537],[-79.970488,40.439706],[-79.970078,40.439344],[-79.969781,40.439184],[-79.968713,40.438771],[-79.968356,40.439378],[-79.967858,40.43936],[-79.967681,40.439412],[-79.967553,40.43952],[-79.967618,40.440023],[-79.967901,40.441079],[-79.968066,40.441281],[-79.968509,40.442266],[-79.967903,40.44273],[-79.968016,40.442903],[-79.966063,40.443377],[-79.965757,40.442819],[-79.963252,40.444663],[-79.962783,40.445212],[-79.962546,40.445357],[-79.961947,40.445532],[-79.961583,40.44554],[-79.96114,40.445468],[-79.960888,40.445473],[-79.960599,40.44555],[-79.960427,40.445651],[-79.960279,40.445837],[-79.959964,40.447203],[-79.959817,40.447396],[-79.959543,40.447598],[-79.959196,40.447698],[-79.958907,40.448136],[-79.958474,40.448449],[-79.958755,40.448363],[-79.95925,40.448314],[-79.96235,40.448882],[-79.964543,40.44888],[-79.965165,40.448713],[-79.968957,40.446087],[-79.970873,40.445405],[-79.974918,40.443709]]]}},{"type":"Feature","properties":{"geoid":"42003051100","name":"Census Tract 511","land_m2":194599.0},"geometry":{"type":"Polygon","coordinates":[[[-79.979672,40.442698],[-79.979204,40.442162],[-79.979017,40.441761],[-79.978958,40.441232],[-79.978878,40.441075],[-79.978655,40.440843],[-79.97832,40.440652],[-79.978669,40.440312],[-79.977878,40.439348],[-79.977636,40.439383],[-79.977177,40.439361],[-79.976641,40.439268],[-79.975373,40.439202],[-79.973406,40.439984],[-79.97302,40.43978],[-79.973209,40.44012],[-79.973814,40.440674],[-79.97413,40.441146],[-79.974287,40.441611],[-79.974331,40.442436],[-79.974498,40.442898],[-79.975616,40.444438],[-79.979672,40.442698]]]}},{"type":"Feature","properties":{"geoid":"42003470600","name":"Census Tract 4706","land_m2":1874525.0},"geometry":{"type":"Polygon","coordinates":[[[-80.100532,40.395784],[-80.100503,40.395056],[-80.10027,40.394375],[-80.100076,40.394169],[-80.099647,40.393934],[-80.098889,40.393874],[-80.098295,40.393943],[-80.096208,40.394347],[-80.09445,40.394781],[-80.092571,40.395104],[-80.089276,40.395131],[-80.088403,40.395018],[-80.088035,40.394919],[-80.08751,40.394546],[-80.087179,40.394229],[-80.086849,40.393793],[-80.086265,40.392778],[-80.086168,40.392501],[-80.086059,40.392036],[-80.086086,40.391201],[-80.086349,40.39009],[-80.086687,40.389255],[-80.086953,40.388849],[-80.087341,40.388422],[-80.088017,40.387809],[-80.08836,40.387582],[-80.088845,40.387417],[-80.089779,40.38731],[-80.090202,40.387187],[-80.089294,40.386711],[-80.088929,40.386567],[-80.088269,40.386411],[-80.086489,40.386135],[-80.085431,40.386053],[-80.084613,40.386145],[-80.084172,40.386267],[-80.083559,40.386535],[-80.083046,40.386876],[-80.082613,40.387324],[-80.081283,40.389329],[-80.080914,40.389781],[-80.080345,40.39027],[-80.079735,40.390617],[-80.079027,40.390899],[-80.078295,40.391056],[-80.077539,40.391115],[-80.076403,40.391016],[-80.074878,40.390679],[-80.073805,40.390784],[-80.073981,40.390927],[-80.074157,40.39119],[-80.075308,40.391879],[-80.075859,40.392461],[-80.07618,40.393218],[-80.077112,40.396368],[-80.077183,40.396875],[-80.077117,40.39739],[-80.076923,40.397789],[-80.076722,40.398061],[-80.076177,40.398577],[-80.075783,40.398815],[-80.075427,40.398951],[-80.074296,40.399132],[-80.074259,40.399181],[-80.079881,40.399872],[-80.079913,40.399218],[-80.08668,40.398683],[-80.086979,40.403258],[-80.08712,40.40293],[-80.0874,40.402666],[-80.088064,40.402365],[-80.089686,40.401832],[-80.090585,40.401444],[-80.092315,40.401358],[-80.095257,40.400593],[-80.096921,40.400431],[-80.097765,40.400266],[-80.09854,40.399976],[-80.09881,40.399585],[-80.099398,40.398899],[-80.09943,40.398759],[-80.099783,40.39826],[-80.100167,40.397838],[-80.100263,40.396981],[-80.100532,40.395784]]]}},{"type":"Feature","properties":{"geoid":"42003141100","name":"Census Tract 1411","land_m2":1220859.0},"geometry":{"type":"Polygon","coordinates":[[[-79.916414,40.416586],[-79.916101,40.416085],[-79.915609,40.415703],[-79.914872,40.415569],[-79.914678,40.415482],[-79.911652,40.414972],[-79.911464,40.414838],[-79.910954,40.415002],[-79.907991,40.415466],[-79.905972,40.415707],[-79.903117,40.415907],[-79.901512,40.415879],[-79.899623,40.41545],[-79.898777,40.419277],[-79.898421,40.421362],[-79.897491,40.425932],[-79.896749,40.426261],[-79.896712,40.42646],[-79.896121,40.426256],[-79.895246,40.42604],[-79.894694,40.425664],[-79.894194,40.425554],[-79.893474,40.425632],[-79.892085,40.426291],[-79.891006,40.427197],[-79.891012,40.427241],[-79.891143,40.427389],[-79.89218,40.427888],[-79.892618,40.427567],[-79.892906,40.427075],[-79.893286,40.426772],[-79.893595,40.426631],[-79.894005,40.426527],[-79.894803,40.426444],[-79.895435,40.426545],[-79.896233,40.426926],[-79.897009,40.426492],[-79.897239,40.426477],[-79.897921,40.426614],[-79.898453,40.426587],[-79.898755,40.426829],[-79.898927,40.426907],[-79.899495,40.426962],[-79.900688,40.427208],[-79.901715,40.427208],[-79.902139,40.4271],[-79.902671,40.426672],[-79.903189,40.426362],[-79.90385,40.426152],[-79.904396,40.426121],[-79.904892,40.426211],[-79.905071,40.426317],[-79.905266,40.426328],[-79.905538,40.426267],[-79.905718,40.426134],[-79.906623,40.425971],[-79.906767,40.425869],[-79.906868,40.425699],[-79.906983,40.424889],[-79.907206,40.424612],[-79.907228,40.424094],[-79.907293,40.423977],[-79.907465,40.423925],[-79.907616,40.423949],[-79.907688,40.424071],[-79.907817,40.42414],[-79.908284,40.424032],[-79.908507,40.423926],[-79.909722,40.422545],[-79.909815,40.422263],[-79.910024,40.422107],[-79.911706,40.420055],[-79.912044,40.419856],[-79.913503,40.419428],[-79.914042,40.419199],[-79.914286,40.418949],[-79.914394,40.418729],[-79.914926,40.418423],[-79.915285,40.418134],[-79.915422,40.417941],[-79.915537,40.417596],[-79.915724,40.417278],[-79.91576,40.417057],[-79.916205,40.416814],[-79.916414,40.416586]]]}},{"type":"Feature","properties":{"geoid":"42003562300","name":"Census Tract 5623","land_m2":3115857.0},"geometry":{"type":"Polygon","coordinates":[[[-79.944723,40.411313],[-79.945026,40.411241],[-79.944424,40.408438],[-79.943358,40.40377],[-79.943143,40.403109],[-79.942784,40.40238],[-79.942224,40.401655],[-79.94191,40.401322],[-79.941426,40.400942],[-79.940266,40.40021],[-79.939594,40.399915],[-79.938784,40.399678],[-79.937746,40.399485],[-79.936211,40.399448],[-79.935756,40.399481],[-79.935397,40.396903],[-79.932971,40.397317],[-79.933008,40.397631],[-79.931565,40.39816],[-79.929157,40.399256],[-79.927225,40.400926],[-79.925532,40.402884],[-79.924057,40.404487],[-79.921198,40.408216],[-79.918572,40.410757],[-79.92027,40.412026],[-79.920761,40.411627],[-79.921309,40.41236],[-79.92156,40.41222],[-79.921703,40.411772],[-79.922012,40.41193],[-79.922115,40.41179],[-79.922303,40.411707],[-79.922552,40.411716],[-79.922774,40.411804],[-79.92281,40.412075],[-79.922594,40.412737],[-79.922891,40.412783],[-79.922847,40.41293],[-79.923529,40.413541],[-79.923423,40.413731],[-79.923617,40.413796],[-79.923871,40.414003],[-79.924971,40.415048],[-79.92499,40.415161],[-79.924909,40.415449],[-79.925654,40.416355],[-79.925799,40.416647],[-79.925944,40.417589],[-79.926048,40.417932],[-79.926206,40.418237],[-79.926774,40.418911],[-79.928132,40.419102],[-79.928168,40.419683],[-79.929215,40.419753],[-79.929137,40.419317],[-79.929157,40.418943],[-79.930694,40.418923],[-79.930698,40.419037],[-79.932211,40.418956],[-79.932308,40.419835],[-79.93369,40.419732],[-79.93383,40.419788],[-79.935744,40.418795],[-79.937142,40.417732],[-79.938725,40.415795],[-79.939216,40.41549],[-79.939491,40.413339],[-79.939943,40.412649],[-79.942053,40.411797],[-79.944723,40.411313]]]}},{"type":"Feature","properties":{"geoid":"42003415001","name":"Census Tract 4150.01","land_m2":32452893.0},"geometry":{"type":"Polygon","coordinates":[[[-79.918509,40.554788],[-79.91836,40.554411],[-79.918044,40.55407],[-79.916441,40.553077],[-79.915175,40.552152],[-79.914872,40.551861],[-79.914643,40.551533],[-79.914498,40.551177],[-79.914425,40.550249],[-79.914328,40.549885],[-79.91412,40.549591],[-79.914054,40.549634],[-79.913787,40.54989],[-79.913646,40.55028],[-79.913591,40.550575],[-79.913624,40.551475],[-79.913527,40.551913],[-79.913365,40.552182],[-79.91264,40.55307],[-79.912372,40.553285],[-79.91139,40.553834],[-79.91113,40.554056],[-79.910696,40.554553],[-79.910196,40.554832],[-79.909661,40.554992],[-79.908105,40.555085],[-79.907852,40.555276],[-79.907506,40.556472],[-79.907283,40.558115],[-79.90696,40.559441],[-79.906817,40.559604],[-79.905127,40.560912],[-79.905052,40.561021],[-79.905021,40.561303],[-79.905111,40.562931],[-79.905086,40.563177],[-79.904979,40.563478],[-79.90484,40.563711],[-79.904558,40.564009],[-79.903191,40.564784],[-79.902897,40.565012],[-79.902641,40.565312],[-79.902523,40.565486],[-79.902403,40.565901],[-79.902192,40.567542],[-79.901985,40.567905],[-79.901698,40.568244],[-79.901367,40.568558],[-79.900974,40.568824],[-79.900068,40.569243],[-79.899462,40.56935],[-79.897115,40.569512],[-79.896413,40.569703],[-79.895968,40.569937],[-79.893286,40.571841],[-79.892309,40.571827],[-79.892176,40.571778],[-79.892128,40.57164],[-79.892997,40.570884],[-79.893236,40.570616],[-79.893353,40.57033],[-79.893349,40.569704],[-79.893422,40.569602],[-79.893791,40.569366],[-79.893779,40.569235],[-79.892843,40.568754],[-79.891984,40.568629],[-79.890953,40.568314],[-79.89022,40.56824],[-79.888517,40.568348],[-79.888148,40.568447],[-79.887021,40.569611],[-79.886581,40.569867],[-79.886085,40.570056],[-79.885373,40.570217],[-79.882929,40.570526],[-79.881767,40.570955],[-79.876829,40.571084],[-79.875517,40.571002],[-79.875255,40.570885],[-79.873542,40.569179],[-79.872532,40.568285],[-79.872166,40.568203],[-79.869241,40.568161],[-79.868898,40.568088],[-79.868739,40.568004],[-79.868522,40.567814],[-79.868443,40.567678],[-79.868243,40.566924],[-79.868114,40.566668],[-79.867547,40.566168],[-79.867093,40.565965],[-79.866544,40.565934],[-79.865524,40.566277],[-79.865238,40.566303],[-79.864682,40.566503],[-79.86329,40.567131],[-79.863076,40.567167],[-79.862605,40.567138],[-79.861822,40.567007],[-79.861064,40.566814],[-79.860014,40.566322],[-79.859419,40.56617],[-79.859388,40.565495],[-79.859243,40.565051],[-79.858757,40.563924],[-79.858375,40.563283],[-79.857914,40.562765],[-79.85759,40.562458],[-79.856781,40.561927],[-79.855946,40.56156],[-79.854101,40.560876],[-79.853758,40.560695],[-79.849684,40.56077],[-79.837244,40.561216],[-79.835728,40.561247],[-79.835721,40.56119],[-79.834924,40.561206],[-79.823584,40.561673],[-79.823641,40.56297],[-79.823357,40.563522],[-79.82317,40.564048],[-79.823025,40.56403],[-79.822956,40.564296],[-79.822706,40.564695],[-79.822431,40.564674],[-79.822175,40.566339],[-79.811443,40.566534],[-79.81214,40.584516],[-79.812067,40.58728],[-79.812214,40.588564],[-79.812218,40.590269],[-79.812579,40.599113],[-79.820619,40.599073],[-79.852424,40.598113],[-79.869189,40.597762],[-79.897081,40.596887],[-79.90853,40.596608],[-79.915946,40.596367],[-79.915748,40.589414],[-79.915595,40.587104],[-79.915425,40.581862],[-79.915083,40.554947],[-79.918509,40.554788]]]}},{"type":"Feature","properties":{"geoid":"42003408001","name":"Census Tract 4080.01","land_m2":26228025.0},"geometry":{"type":"Polygon","coordinates":[[[-79.994174,40.673571],[-79.99396,40.669604],[-79.993936,40.66804],[-79.993301,40.657131],[-79.991969,40.631494],[-79.989027,40.631547],[-79.988404,40.631488],[-79.987778,40.631254],[-79.986834,40.630612],[-79.986305,40.630353],[-79.984395,40.629912],[-79.983902,40.629851],[-79.983267,40.629898],[-79.98289,40.630004],[-79.98252,40.630173],[-79.981694,40.630706],[-79.981111,40.630914],[-79.980687,40.630978],[-79.980185,40.630973],[-79.97845,40.630673],[-79.978022,40.630667],[-79.977402,40.630802],[-79.976466,40.631273],[-79.97577,40.631451],[-79.975226,40.631381],[-79.972738,40.630763],[-79.972488,40.630678],[-79.97171,40.630273],[-79.97129,40.630154],[-79.968658,40.629939],[-79.968331,40.629963],[-79.967795,40.630167],[-79.966279,40.631131],[-79.965742,40.631156],[-79.963587,40.630917],[-79.961993,40.631031],[-79.961439,40.631133],[-79.960989,40.631339],[-79.959296,40.63239],[-79.958622,40.632687],[-79.956426,40.633509],[-79.956082,40.633543],[-79.955827,40.633507],[-79.954334,40.633157],[-79.952124,40.633234],[-79.952056,40.633345],[-79.950621,40.634229],[-79.949778,40.634604],[-79.94894,40.634878],[-79.947404,40.635107],[-79.943905,40.635095],[-79.941834,40.635344],[-79.941296,40.63531],[-79.940793,40.635213],[-79.940451,40.635116],[-79.939847,40.634811],[-79.939568,40.634624],[-79.938899,40.633842],[-79.938304,40.63332],[-79.937771,40.63288],[-79.937276,40.632599],[-79.936626,40.63279],[-79.935816,40.633122],[-79.935446,40.633164],[-79.934321,40.632855],[-79.932991,40.63229],[-79.932768,40.632272],[-79.932588,40.632371],[-79.93151,40.633728],[-79.931339,40.634101],[-79.931256,40.634634],[-79.931064,40.63483],[-79.929435,40.635469],[-79.928581,40.635888],[-79.928034,40.63601],[-79.927231,40.636765],[-79.926844,40.637049],[-79.925637,40.637567],[-79.925001,40.637952],[-79.924538,40.63837],[-79.924224,40.638432],[-79.923848,40.638613],[-79.922687,40.639276],[-79.922618,40.63948],[-79.922637,40.640188],[-79.922894,40.642385],[-79.923152,40.648289],[-79.923194,40.650212],[-79.92328,40.651275],[-79.923883,40.663689],[-79.924182,40.673021],[-79.929624,40.672893],[-79.937613,40.672844],[-79.959939,40.67228],[-79.963407,40.672408],[-79.964595,40.672514],[-79.982963,40.673401],[-79.986626,40.67351],[-79.987842,40.673587],[-79.991283,40.673623],[-79.994174,40.673571]]]}},{"type":"Feature","properties":{"geoid":"42003413300","name":"Census Tract 4133","land_m2":5726892.0},"geometry":{"type":"Polygon","coordinates":[[[-80.065605,40.566567],[-80.064723,40.552712],[-80.038354,40.55349],[-80.027467,40.553874],[-80.020866,40.553871],[-80.022301,40.556449],[-80.024649,40.560488],[-80.024965,40.5612],[-80.025189,40.562101],[-80.025227,40.562377],[-80.025206,40.563312],[-80.025089,40.563963],[-80.023464,40.569749],[-80.023383,40.570362],[-80.023371,40.570969],[-80.023444,40.571835],[-80.023515,40.572129],[-80.036953,40.571939],[-80.037404,40.569401],[-80.03803,40.566296],[-80.038281,40.56534],[-80.039092,40.562703],[-80.039408,40.561063],[-80.039719,40.561561],[-80.039973,40.56186],[-80.04125,40.562936],[-80.041404,40.563307],[-80.041438,40.563886],[-80.041547,40.564079],[-80.04364,40.566496],[-80.044052,40.566713],[-80.044317,40.566762],[-80.045777,40.566711],[-80.046724,40.566783],[-80.047184,40.56687],[-80.048783,40.567305],[-80.049305,40.567658],[-80.049522,40.567971],[-80.050386,40.567576],[-80.050732,40.567353],[-80.050991,40.567064],[-80.051629,40.566126],[-80.051879,40.56595],[-80.052383,40.565837],[-80.054186,40.566112],[-80.054627,40.566262],[-80.056273,40.568276],[-80.056524,40.568503],[-80.056743,40.568608],[-80.057226,40.568676],[-80.058152,40.568654],[-80.0586,40.568585],[-80.059015,40.568439],[-80.059371,40.568219],[-80.059652,40.567944],[-80.05984,40.567629],[-80.059911,40.567285],[-80.059869,40.566937],[-80.059426,40.565169],[-80.059406,40.564823],[-80.0595,40.564301],[-80.059651,40.563969],[-80.059864,40.563659],[-80.06054,40.56307],[-80.060686,40.563307],[-80.061013,40.564459],[-80.061249,40.564738],[-80.061433,40.564875],[-80.061811,40.565042],[-80.063262,40.56547],[-80.064292,40.565855],[-80.065605,40.566567]]]}},{"type":"Feature","properties":{"geoid":"42003422000","name":"Census Tract 4220","land_m2":20376878.0},"geometry":{"type":"Polygon","coordinates":[[[-79.915015,40.526998],[-79.914581,40.517626],[-79.914079,40.508597],[-79.91292,40.508643],[-79.912837,40.508258],[-79.912902,40.507761],[-79.911264,40.507769],[-79.911289,40.508672],[-79.908577,40.508737],[-79.908318,40.503806],[-79.902356,40.503978],[-79.90221,40.499748],[-79.901754,40.499911],[-79.901291,40.50018],[-79.90105,40.500391],[-79.901003,40.50035],[-79.900154,40.498993],[-79.900405,40.498899],[-79.899394,40.497146],[-79.899617,40.497008],[-79.899834,40.496794],[-79.900016,40.496101],[-79.899791,40.495812],[-79.898932,40.495402],[-79.898334,40.495219],[-79.897867,40.495135],[-79.896557,40.493802],[-79.896912,40.492614],[-79.894241,40.492172],[-79.889832,40.491527],[-79.88997,40.494805],[-79.890443,40.494777],[-79.891153,40.497034],[-79.890292,40.497361],[-79.888811,40.498156],[-79.887778,40.498537],[-79.887135,40.498721],[-79.885959,40.498933],[-79.885082,40.49886],[-79.883991,40.499118],[-79.883633,40.499245],[-79.883634,40.499182],[-79.878461,40.499498],[-79.878623,40.503694],[-79.87254,40.503881],[-79.87278,40.50971],[-79.871618,40.509748],[-79.872019,40.519351],[-79.872237,40.527164],[-79.871904,40.526609],[-79.871442,40.526075],[-79.867259,40.522247],[-79.867579,40.528512],[-79.85527,40.528789],[-79.855506,40.536414],[-79.8677,40.535942],[-79.867845,40.53729],[-79.86786,40.538633],[-79.868003,40.541855],[-79.868343,40.546903],[-79.874529,40.54678],[-79.874577,40.549135],[-79.874518,40.550417],[-79.874547,40.552101],[-79.877296,40.551764],[-79.879308,40.551593],[-79.881554,40.551289],[-79.88325,40.551246],[-79.884248,40.551023],[-79.884723,40.550795],[-79.884947,40.550568],[-79.885397,40.549555],[-79.885716,40.549159],[-79.886177,40.54885],[-79.886888,40.548653],[-79.887304,40.548687],[-79.888046,40.548835],[-79.888561,40.549022],[-79.888873,40.549193],[-79.889882,40.550068],[-79.890495,40.550821],[-79.890809,40.55102],[-79.892365,40.550982],[-79.89232,40.549515],[-79.8971,40.549187],[-79.897062,40.548639],[-79.896066,40.548684],[-79.895934,40.546144],[-79.896615,40.546119],[-79.898477,40.542623],[-79.900752,40.543672],[-79.902994,40.539581],[-79.902978,40.53949],[-79.901775,40.539516],[-79.902139,40.537838],[-79.902391,40.538027],[-79.902817,40.538051],[-79.903014,40.538242],[-79.903014,40.538324],[-79.903154,40.538346],[-79.903158,40.538446],[-79.903634,40.539429],[-79.904028,40.539515],[-79.904097,40.542287],[-79.904348,40.546092],[-79.905158,40.546156],[-79.906002,40.546374],[-79.906565,40.546653],[-79.907782,40.547415],[-79.908353,40.547689],[-79.90898,40.547942],[-79.910194,40.5483],[-79.910199,40.546985],[-79.91296,40.546863],[-79.912708,40.540866],[-79.913654,40.540848],[-79.913225,40.54031],[-79.913092,40.540013],[-79.912127,40.538826],[-79.911096,40.537733],[-79.912495,40.536872],[-79.912894,40.536459],[-79.913131,40.536107],[-79.913252,40.535777],[-79.914041,40.532274],[-79.914476,40.531035],[-79.911375,40.531123],[-79.911343,40.530566],[-79.911629,40.530559],[-79.911622,40.530399],[-79.913098,40.530358],[-79.913278,40.529923],[-79.913072,40.529571],[-79.912776,40.529397],[-79.912539,40.529125],[-79.912252,40.528944],[-79.911609,40.528736],[-79.911447,40.528109],[-79.911809,40.527092],[-79.915015,40.526998]]]}},{"type":"Feature","properties":{"geoid":"42003191400","name":"Census Tract 1914","land_m2":948673.0},"geometry":{"type":"Polygon","coordinates":[[[-80.021484,40.424191],[-80.021392,40.423554],[-80.02127,40.42344],[-80.021104,40.423412],[-80.019063,40.42416],[-80.018603,40.424224],[-80.01721,40.422955],[-80.016307,40.421965],[-80.014875,40.422669],[-80.013832,40.422477],[-80.012341,40.422445],[-80.011679,40.423053],[-80.01062,40.424273],[-80.010268,40.42457],[-80.009118,40.42426],[-80.008248,40.42563],[-80.007807,40.426201],[-80.006788,40.426705],[-80.005611,40.42701],[-80.005613,40.42705],[-80.003242,40.42808],[-80.00265,40.42848],[-80.002002,40.428597],[-80.001531,40.428919],[-80.001344,40.428927],[-80.000333,40.428626],[-79.999664,40.428121],[-79.999483,40.428138],[-79.998936,40.428467],[-79.998436,40.428439],[-79.998034,40.428303],[-79.997548,40.428393],[-79.997076,40.428214],[-79.996786,40.428194],[-79.99806,40.428916],[-79.998296,40.429006],[-79.998657,40.428914],[-79.99878,40.428955],[-80.00096,40.429757],[-80.00271,40.430533],[-80.003047,40.430302],[-80.004097,40.430116],[-80.005344,40.430695],[-80.005571,40.430751],[-80.005843,40.430747],[-80.006472,40.430514],[-80.005922,40.43115],[-80.005939,40.431186],[-80.009903,40.43334],[-80.010475,40.431469],[-80.010716,40.430895],[-80.012763,40.430523],[-80.013613,40.43027],[-80.015082,40.429125],[-80.017029,40.427081],[-80.017408,40.426762],[-80.018175,40.426311],[-80.019058,40.426001],[-80.019931,40.425819],[-80.020617,40.426182],[-80.020816,40.425725],[-80.021081,40.425732],[-80.021024,40.42569],[-80.020974,40.425456],[-80.021334,40.424868],[-80.021442,40.424599],[-80.021484,40.424191]]]}},{"type":"Feature","properties":{"geoid":"42003310200","name":"Census Tract 3102","land_m2":2542386.0},"geometry":{"type":"Polygon","coordinates":[[[-79.926827,40.376252],[-79.926768,40.375635],[-79.926577,40.374999],[-79.924982,40.375091],[-79.924682,40.373062],[-79.923438,40.370532],[-79.92236,40.370712],[-79.922377,40.370213],[-79.922285,40.368633],[-79.920665,40.365361],[-79.918452,40.365459],[-79.91373,40.365514],[-79.913313,40.364636],[-79.911898,40.365008],[-79.911292,40.364072],[-79.910821,40.362849],[-79.908669,40.363505],[-79.908629,40.363458],[-79.908208,40.363572],[-79.907181,40.361514],[-79.905908,40.362068],[-79.904944,40.362165],[-79.905252,40.362861],[-79.900295,40.365255],[-79.901317,40.367513],[-79.903438,40.371889],[-79.90854,40.370452],[-79.911818,40.372805],[-79.908844,40.376692],[-79.909336,40.376895],[-79.908347,40.378153],[-79.910293,40.378546],[-79.910477,40.378375],[-79.910534,40.378588],[-79.91113,40.379178],[-79.911394,40.379542],[-79.911484,40.379576],[-79.911689,40.380541],[-79.913305,40.380934],[-79.913979,40.380878],[-79.918153,40.379386],[-79.919824,40.378165],[-79.920063,40.378044],[-79.920255,40.37803],[-79.920663,40.378134],[-79.921376,40.378487],[-79.92183,40.378656],[-79.923034,40.378879],[-79.923491,40.379139],[-79.923913,40.379061],[-79.925507,40.379607],[-79.925747,40.3792],[-79.926559,40.377509],[-79.92678,40.37678],[-79.926827,40.376252]]]}},{"type":"Feature","properties":{"geoid":"42003488300","name":"Census Tract 4883","land_m2":6211256.0},"geometry":{"type":"Polygon","coordinates":[[[-79.911818,40.372805],[-79.90854,40.370452],[-79.903438,40.371889],[-79.901317,40.367513],[-79.900295,40.365255],[-79.905252,40.362861],[-79.904944,40.362165],[-79.905908,40.362068],[-79.907181,40.361514],[-79.907616,40.362284],[-79.907663,40.360414],[-79.907764,40.360004],[-79.90804,40.35935],[-79.90824,40.359038],[-79.908656,40.35856],[-79.907685,40.358388],[-79.907711,40.35826],[-79.907606,40.358388],[-79.907239,40.358425],[-79.906894,40.358568],[-79.906575,40.358838],[-79.906045,40.359442],[-79.905878,40.35959],[-79.905528,40.35978],[-79.904873,40.359901],[-79.903993,40.359902],[-79.903568,40.359843],[-79.903311,40.359744],[-79.902989,40.359504],[-79.902392,40.358595],[-79.901837,40.357866],[-79.900837,40.356622],[-79.90048,40.356253],[-79.90013,40.356103],[-79.898218,40.356016],[-79.897574,40.356288],[-79.895983,40.356795],[-79.89465,40.357491],[-79.894293,40.357633],[-79.892009,40.357826],[-79.888454,40.358947],[-79.887283,40.359226],[-79.884371,40.359419],[-79.882865,40.359802],[-79.881079,40.359964],[-79.880906,40.360015],[-79.88063,40.360201],[-79.880261,40.36063],[-79.879995,40.361104],[-79.879453,40.361856],[-79.879254,40.362341],[-79.879297,40.363077],[-79.87963,40.364212],[-79.879628,40.364598],[-79.87981,40.365288],[-79.879226,40.365534],[-79.87872,40.36582],[-79.876954,40.366964],[-79.876442,40.367404],[-79.874581,40.369676],[-79.873243,40.372189],[-79.872938,40.372502],[-79.872565,40.372791],[-79.870274,40.37428],[-79.869668,40.37451],[-79.869131,40.374644],[-79.86814,40.374743],[-79.86674,40.37476],[-79.865737,40.374591],[-79.863479,40.374019],[-79.862875,40.373955],[-79.862189,40.37401],[-79.861587,40.374155],[-79.86093,40.374476],[-79.860723,40.374634],[-79.861938,40.37587],[-79.861674,40.376095],[-79.864689,40.378584],[-79.866401,40.379857],[-79.866909,40.37968],[-79.867607,40.379605],[-79.868185,40.379666],[-79.868693,40.379848],[-79.86935,40.380313],[-79.871675,40.382181],[-79.87266,40.3827],[-79.87327,40.382897],[-79.874149,40.383017],[-79.877601,40.382944],[-79.880459,40.382736],[-79.881113,40.382621],[-79.881509,40.382466],[-79.882012,40.382129],[-79.886383,40.378615],[-79.886773,40.378413],[-79.888195,40.377861],[-79.889473,40.377005],[-79.890053,40.376694],[-79.890921,40.376418],[-79.891566,40.376319],[-79.892241,40.376319],[-79.892937,40.376406],[-79.894176,40.376672],[-79.894496,40.376689],[-79.895376,40.376595],[-79.896031,40.3764],[-79.896483,40.376179],[-79.897667,40.375263],[-79.898201,40.375166],[-79.902216,40.37539],[-79.905264,40.375396],[-79.905932,40.375558],[-79.908844,40.376692],[-79.911818,40.372805]]]}},{"type":"Feature","properties":{"geoid":"42003456001","name":"Census Tract 4560.01","land_m2":14474742.0},"geometry":{"type":"Polygon","coordinates":[[[-80.187194,40.384417],[-80.184813,40.384249],[-80.183093,40.384055],[-80.182297,40.383875],[-80.181904,40.383736],[-80.181186,40.383367],[-80.178984,40.381558],[-80.178448,40.381281],[-80.177556,40.381026],[-80.17686,40.381022],[-80.172942,40.381224],[-80.172206,40.379462],[-80.17195,40.377627],[-80.171557,40.376474],[-80.171552,40.376179],[-80.171812,40.37374],[-80.171788,40.372687],[-80.17172,40.372226],[-80.171373,40.371144],[-80.171129,40.370552],[-80.169674,40.367801],[-80.16945,40.367121],[-80.169293,40.366274],[-80.169187,40.366037],[-80.167363,40.363281],[-80.164584,40.359724],[-80.161143,40.356252],[-80.160358,40.355602],[-80.159869,40.355121],[-80.159265,40.354624],[-80.15918,40.354501],[-80.159175,40.354362],[-80.159235,40.354229],[-80.159662,40.353803],[-80.159772,40.353629],[-80.160211,40.351795],[-80.16056,40.35117],[-80.160823,40.350523],[-80.16135,40.349851],[-80.161391,40.349624],[-80.160933,40.348096],[-80.159162,40.348404],[-80.156724,40.348706],[-80.156197,40.348706],[-80.155612,40.348515],[-80.154986,40.34769],[-80.154751,40.347531],[-80.154564,40.347477],[-80.155261,40.347426],[-80.155499,40.347359],[-80.15547,40.347225],[-80.155184,40.347057],[-80.154835,40.346405],[-80.154682,40.345303],[-80.15454,40.345123],[-80.154279,40.345119],[-80.153696,40.345295],[-80.150711,40.346393],[-80.150363,40.34639],[-80.150226,40.346356],[-80.150032,40.346225],[-80.148852,40.346576],[-80.148488,40.346579],[-80.148274,40.346483],[-80.147826,40.346026],[-80.147598,40.34598],[-80.146425,40.346467],[-80.145033,40.346834],[-80.144183,40.347454],[-80.143797,40.347791],[-80.143476,40.348614],[-80.143249,40.349706],[-80.143145,40.349936],[-80.142971,40.350164],[-80.142704,40.350324],[-80.141352,40.350723],[-80.140877,40.350775],[-80.136327,40.350787],[-80.133112,40.351236],[-80.132711,40.351175],[-80.131928,40.350931],[-80.131182,40.350488],[-80.130891,40.350391],[-80.129415,40.350241],[-80.12919,40.350287],[-80.129079,40.350367],[-80.128859,40.350745],[-80.128652,40.351225],[-80.128519,40.351695],[-80.128259,40.352168],[-80.128219,40.352368],[-80.128326,40.352575],[-80.129179,40.353239],[-80.129316,40.353433],[-80.129317,40.353677],[-80.129152,40.353865],[-80.127754,40.355049],[-80.126335,40.356033],[-80.125289,40.356878],[-80.125002,40.357041],[-80.124657,40.35703],[-80.124477,40.356932],[-80.123827,40.355982],[-80.12352,40.355702],[-80.123222,40.355602],[-80.122989,40.355602],[-80.121671,40.355946],[-80.121153,40.356129],[-80.120796,40.356417],[-80.120556,40.356697],[-80.120329,40.356981],[-80.120335,40.357084],[-80.119644,40.356796],[-80.116699,40.355359],[-80.11526,40.354787],[-80.114899,40.354735],[-80.114733,40.354774],[-80.114446,40.355035],[-80.114328,40.35521],[-80.115392,40.355771],[-80.117613,40.357903],[-80.118031,40.358134],[-80.118654,40.358176],[-80.119334,40.358126],[-80.119926,40.358263],[-80.120433,40.358798],[-80.120603,40.359183],[-80.120637,40.359585],[-80.120554,40.360026],[-80.120326,40.360655],[-80.120276,40.360945],[-80.120176,40.361051],[-80.120241,40.36101],[-80.120196,40.361385],[-80.11985,40.362631],[-80.119868,40.362853],[-80.119801,40.363062],[-80.119745,40.364295],[-80.119762,40.364786],[-80.11987,40.365031],[-80.119803,40.3658],[-80.119954,40.367779],[-80.120079,40.368173],[-80.120282,40.368342],[-80.120827,40.368631],[-80.121018,40.368682],[-80.12159,40.369164],[-80.12202,40.369683],[-80.122186,40.370006],[-80.122222,40.370318],[-80.122204,40.370481],[-80.122054,40.370739],[-80.121749,40.370983],[-80.121108,40.371336],[-80.120064,40.371763],[-80.119494,40.372204],[-80.119687,40.372291],[-80.120157,40.37231],[-80.120308,40.372257],[-80.120544,40.372307],[-80.120921,40.372284],[-80.121776,40.372537],[-80.122661,40.372589],[-80.122975,40.372656],[-80.12334,40.372901],[-80.12429,40.37305],[-80.124746,40.373009],[-80.124983,40.372933],[-80.125395,40.372593],[-80.126091,40.372579],[-80.126798,40.372472],[-80.127632,40.372185],[-80.128691,40.372121],[-80.129265,40.371999],[-80.129791,40.372031],[-80.129967,40.372116],[-80.130276,40.372152],[-80.130524,40.372483],[-80.131953,40.372784],[-80.1328,40.373215],[-80.133533,40.373677],[-80.133607,40.373799],[-80.134366,40.374297],[-80.134911,40.374586],[-80.135227,40.374845],[-80.135686,40.375102],[-80.136062,40.37542],[-80.136803,40.375893],[-80.137403,40.37614],[-80.137835,40.376427],[-80.138402,40.376582],[-80.138737,40.376779],[-80.139133,40.376828],[-80.139363,40.376943],[-80.139762,40.376981],[-80.140768,40.377246],[-80.142032,40.37739],[-80.143752,40.377761],[-80.144301,40.377993],[-80.147669,40.378889],[-80.147843,40.378896],[-80.150394,40.379616],[-80.157222,40.380271],[-80.16388,40.382354],[-80.168675,40.383763],[-80.170105,40.390726],[-80.169809,40.395094],[-80.168723,40.401803],[-80.169286,40.401137],[-80.169121,40.400715],[-80.169123,40.400533],[-80.169348,40.400032],[-80.169425,40.399754],[-80.169473,40.399274],[-80.16959,40.398937],[-80.170198,40.398107],[-80.170253,40.397924],[-80.170495,40.397807],[-80.170699,40.397762],[-80.170891,40.397782],[-80.171206,40.397979],[-80.171548,40.397919],[-80.171727,40.398002],[-80.171917,40.398181],[-80.172147,40.398266],[-80.172203,40.398431],[-80.172126,40.398876],[-80.172241,40.39987],[-80.172367,40.400546],[-80.172507,40.40092],[-80.172717,40.401081],[-80.173196,40.401256],[-80.173629,40.401272],[-80.174696,40.401105],[-80.175533,40.400883],[-80.176662,40.400096],[-80.177456,40.399722],[-80.177828,40.399477],[-80.179451,40.398849],[-80.179275,40.398722],[-80.182102,40.397661],[-80.181531,40.39684],[-80.181105,40.396353],[-80.184229,40.394937],[-80.183189,40.392259],[-80.18312,40.391874],[-80.183126,40.391561],[-80.1832,40.391265],[-80.183932,40.389907],[-80.184054,40.388856],[-80.184235,40.388349],[-80.184459,40.388004],[-80.185415,40.387125],[-80.185707,40.386646],[-80.185856,40.386131],[-80.185969,40.385196],[-80.186228,40.384856],[-80.186458,40.384673],[-80.186826,40.384505],[-80.187194,40.384417]]]}},{"type":"Feature","properties":{"geoid":"42003459101","name":"Census Tract 4591.01","land_m2":6225779.0},"geometry":{"type":"Polygon","coordinates":[[[-80.155221,40.496772],[-80.155204,40.496345],[-80.154883,40.495765],[-80.154633,40.49544],[-80.154185,40.495298],[-80.153259,40.49551],[-80.152843,40.495481],[-80.152199,40.495126],[-80.151863,40.495045],[-80.151523,40.494851],[-80.151333,40.494688],[-80.151166,40.4942],[-80.151028,40.49406],[-80.150041,40.493596],[-80.149704,40.493313],[-80.149167,40.492259],[-80.149113,40.491721],[-80.149196,40.491438],[-80.149474,40.491311],[-80.150298,40.491155],[-80.149649,40.490364],[-80.14939,40.490329],[-80.14912,40.490466],[-80.14889,40.490769],[-80.148511,40.491609],[-80.148396,40.491682],[-80.148264,40.49169],[-80.148157,40.491658],[-80.146192,40.489927],[-80.145982,40.489617],[-80.145691,40.488752],[-80.145488,40.488402],[-80.144342,40.487512],[-80.144116,40.487272],[-80.144014,40.48704],[-80.143996,40.486865],[-80.144055,40.485973],[-80.143936,40.485271],[-80.143639,40.484567],[-80.143368,40.484247],[-80.143166,40.484113],[-80.142705,40.483966],[-80.142208,40.483934],[-80.141728,40.484039],[-80.140033,40.484593],[-80.13934,40.484663],[-80.138657,40.484588],[-80.137709,40.484282],[-80.137311,40.484094],[-80.133501,40.481877],[-80.132169,40.481415],[-80.131888,40.481278],[-80.126144,40.482099],[-80.125179,40.482275],[-80.124673,40.482278],[-80.123873,40.482],[-80.123552,40.481787],[-80.123274,40.48146],[-80.12271,40.480567],[-80.1224,40.480262],[-80.122029,40.480125],[-80.121609,40.480147],[-80.120858,40.480369],[-80.121076,40.480686],[-80.121069,40.480849],[-80.121249,40.481108],[-80.121623,40.481935],[-80.122639,40.483659],[-80.123036,40.484684],[-80.123376,40.485313],[-80.123453,40.485646],[-80.123993,40.486331],[-80.124245,40.486836],[-80.124286,40.487079],[-80.124493,40.487588],[-80.124914,40.488276],[-80.125049,40.488412],[-80.125909,40.48997],[-80.122642,40.494445],[-80.121227,40.496477],[-80.119616,40.499012],[-80.115923,40.50396],[-80.119009,40.504534],[-80.120993,40.504825],[-80.124889,40.505694],[-80.126923,40.506281],[-80.133207,40.508509],[-80.134164,40.508905],[-80.134976,40.509309],[-80.13594,40.509969],[-80.138102,40.511297],[-80.141232,40.512623],[-80.143707,40.513462],[-80.147897,40.514501],[-80.149008,40.514706],[-80.149637,40.514918],[-80.149798,40.514518],[-80.149803,40.514325],[-80.149613,40.514091],[-80.149204,40.513319],[-80.149053,40.512962],[-80.149019,40.512656],[-80.149028,40.512252],[-80.149306,40.511348],[-80.149206,40.511096],[-80.148905,40.510813],[-80.14831,40.510491],[-80.148303,40.510307],[-80.148386,40.510051],[-80.148736,40.509228],[-80.148747,40.508885],[-80.148568,40.508696],[-80.147594,40.508462],[-80.14729,40.508302],[-80.146755,40.507813],[-80.146586,40.507255],[-80.14613,40.506725],[-80.14593,40.506589],[-80.145677,40.506261],[-80.145393,40.505632],[-80.144485,40.504395],[-80.144247,40.503839],[-80.143954,40.503678],[-80.143471,40.503671],[-80.143216,40.503597],[-80.142905,40.50327],[-80.142566,40.503102],[-80.142493,40.502989],[-80.142389,40.502965],[-80.142127,40.503032],[-80.141603,40.50285],[-80.141483,40.502686],[-80.141325,40.502123],[-80.141225,40.501998],[-80.141128,40.501507],[-80.141123,40.501365],[-80.141254,40.500851],[-80.141279,40.499793],[-80.141649,40.499293],[-80.141883,40.49916],[-80.142288,40.499145],[-80.142726,40.499298],[-80.143105,40.499533],[-80.144133,40.500465],[-80.144525,40.50068],[-80.144638,40.500949],[-80.144624,40.501195],[-80.144766,40.501306],[-80.144924,40.5013],[-80.145808,40.500858],[-80.146307,40.500055],[-80.146684,40.49967],[-80.147034,40.499479],[-80.147288,40.499526],[-80.147905,40.500066],[-80.148505,40.500132],[-80.149977,40.499839],[-80.151109,40.499692],[-80.151611,40.499577],[-80.151812,40.499415],[-80.152187,40.499319],[-80.152708,40.499422],[-80.153379,40.499233],[-80.153548,40.499137],[-80.15349,40.498779],[-80.154267,40.498028],[-80.155104,40.49702],[-80.155221,40.496772]]]}},{"type":"Feature","properties":{"geoid":"42003431500","name":"Census Tract 4315","land_m2":1001061.0},"geometry":{"type":"Polygon","coordinates":[[[-80.066235,40.490968],[-80.066067,40.490799],[-80.063596,40.488932],[-80.061515,40.487486],[-80.059312,40.486137],[-80.054641,40.48297],[-80.053179,40.48217],[-80.0511,40.483782],[-80.05116,40.483814],[-80.051299,40.483727],[-80.054721,40.485601],[-80.057345,40.487301],[-80.056472,40.48792],[-80.057693,40.488796],[-80.057351,40.489006],[-80.055624,40.49032],[-80.055077,40.490933],[-80.055789,40.491469],[-80.054627,40.492175],[-80.052423,40.494018],[-80.052681,40.494145],[-80.050573,40.497742],[-80.056225,40.500731],[-80.061378,40.501576],[-80.061038,40.497107],[-80.060972,40.496789],[-80.060932,40.495549],[-80.061073,40.495529],[-80.061982,40.494719],[-80.062188,40.494297],[-80.062553,40.493875],[-80.06301,40.493611],[-80.063829,40.493405],[-80.066235,40.490968]]]}},{"type":"Feature","properties":{"geoid":"42003477100","name":"Census Tract 4771","land_m2":2161099.0},"geometry":{"type":"Polygon","coordinates":[[[-80.017084,40.359027],[-80.011622,40.351993],[-80.01152,40.351743],[-80.011477,40.350488],[-80.010669,40.350452],[-80.010923,40.351343],[-80.010404,40.351598],[-80.010492,40.351694],[-80.009442,40.352322],[-80.009163,40.352254],[-80.009037,40.352367],[-80.007388,40.352873],[-80.006767,40.352323],[-80.005369,40.352851],[-80.003103,40.35079],[-80.003426,40.350631],[-80.00352,40.350742],[-80.003776,40.350601],[-80.003704,40.350494],[-80.004175,40.350313],[-80.003903,40.349984],[-80.004145,40.349876],[-80.00372,40.349362],[-80.004276,40.349398],[-80.004122,40.348162],[-79.99974,40.35019],[-79.999296,40.35034],[-79.99931,40.350375],[-79.998234,40.350632],[-79.998201,40.350569],[-79.997473,40.350662],[-79.997478,40.350703],[-79.996791,40.350737],[-79.99547,40.35066],[-79.994914,40.350446],[-79.99417,40.351199],[-79.996088,40.351979],[-79.996017,40.352109],[-79.995976,40.35256],[-79.996037,40.352703],[-79.996282,40.35298],[-79.995948,40.353229],[-79.99537,40.353815],[-79.995236,40.354057],[-79.995166,40.354321],[-79.995193,40.354581],[-79.995309,40.354693],[-79.995511,40.354767],[-79.996291,40.354856],[-79.996507,40.355012],[-79.996691,40.35532],[-79.997389,40.355922],[-79.997767,40.356105],[-79.998649,40.356373],[-79.999037,40.356593],[-79.999603,40.357492],[-79.999786,40.357711],[-79.999663,40.357748],[-80.000523,40.3591],[-80.00077,40.359692],[-80.000782,40.360267],[-80.00025,40.3634],[-80.000118,40.36376],[-79.999596,40.364468],[-79.999392,40.364971],[-79.999364,40.365256],[-79.999413,40.366335],[-79.999273,40.367078],[-79.999097,40.367624],[-79.9985,40.369085],[-79.99767,40.370289],[-79.998649,40.370338],[-79.999908,40.370633],[-80.001547,40.370599],[-80.003919,40.369165],[-80.007897,40.366614],[-80.004877,40.36479],[-80.009643,40.360267],[-80.011219,40.362034],[-80.012817,40.361979],[-80.015941,40.359953],[-80.016086,40.359827],[-80.016287,40.35954],[-80.016409,40.358997],[-80.017084,40.359027]]]}},{"type":"Feature","properties":{"geoid":"42003480400","name":"Census Tract 4804","land_m2":5019302.0},"geometry":{"type":"Polygon","coordinates":[[[-79.969257,40.385796],[-79.969241,40.383376],[-79.969062,40.382607],[-79.968763,40.382118],[-79.968427,40.381872],[-79.966524,40.381202],[-79.966755,40.380589],[-79.965788,40.380221],[-79.963721,40.37921],[-79.962774,40.378856],[-79.965094,40.375664],[-79.964016,40.374474],[-79.964227,40.374302],[-79.961621,40.371529],[-79.962096,40.370691],[-79.962624,40.37047],[-79.958449,40.369725],[-79.958315,40.369608],[-79.958056,40.369523],[-79.95774,40.369506],[-79.956891,40.369658],[-79.95647,40.369546],[-79.955832,40.369265],[-79.955477,40.369008],[-79.95436,40.367726],[-79.95386,40.367318],[-79.953213,40.36705],[-79.951629,40.366514],[-79.950023,40.366028],[-79.949812,40.366009],[-79.949771,40.366139],[-79.949489,40.36633],[-79.949366,40.366541],[-79.949182,40.367589],[-79.949074,40.367876],[-79.948955,40.368036],[-79.948758,40.368102],[-79.948144,40.368165],[-79.947868,40.368861],[-79.945768,40.369527],[-79.94324,40.37188],[-79.942057,40.373082],[-79.940625,40.374666],[-79.942734,40.375965],[-79.943666,40.374965],[-79.9455,40.376079],[-79.943332,40.378157],[-79.94406,40.378574],[-79.943152,40.379484],[-79.942889,40.379325],[-79.942535,40.37967],[-79.938278,40.38016],[-79.935473,40.38095],[-79.93553,40.382501],[-79.935384,40.383613],[-79.936124,40.3888],[-79.942093,40.388214],[-79.943647,40.389101],[-79.943841,40.389031],[-79.944395,40.390177],[-79.945171,40.390254],[-79.94634,40.390268],[-79.947073,40.390171],[-79.947282,40.390049],[-79.949202,40.390591],[-79.949154,40.391229],[-79.949502,40.39124],[-79.949522,40.390726],[-79.949774,40.390816],[-79.950099,40.390801],[-79.95187,40.390293],[-79.952436,40.390183],[-79.954023,40.39016],[-79.954207,40.390103],[-79.954353,40.389979],[-79.95492,40.389821],[-79.957195,40.389895],[-79.957159,40.389701],[-79.957543,40.389773],[-79.958667,40.390138],[-79.96064,40.390863],[-79.961393,40.390806],[-79.961783,40.39068],[-79.962275,40.390432],[-79.962653,40.390155],[-79.963553,40.389274],[-79.963768,40.388673],[-79.963883,40.388481],[-79.964113,40.388266],[-79.965765,40.387534],[-79.966441,40.387149],[-79.966749,40.38691],[-79.966946,40.38659],[-79.967131,40.385827],[-79.969257,40.385796]]]}},{"type":"Feature","properties":{"geoid":"42003520002","name":"Census Tract 5200.02","land_m2":2720572.0},"geometry":{"type":"Polygon","coordinates":[[[-79.847161,40.428566],[-79.844051,40.4251],[-79.843593,40.424496],[-79.843017,40.422108],[-79.842802,40.421791],[-79.841449,40.42017],[-79.840898,40.41931],[-79.841521,40.419014],[-79.841288,40.41865],[-79.84066,40.418914],[-79.839645,40.417224],[-79.840525,40.416917],[-79.840088,40.416208],[-79.840055,40.416175],[-79.8392,40.416477],[-79.838541,40.415332],[-79.83871,40.415236],[-79.838974,40.414873],[-79.838377,40.415077],[-79.837282,40.413309],[-79.837012,40.412945],[-79.835227,40.411247],[-79.834724,40.410837],[-79.834646,40.410596],[-79.834423,40.410388],[-79.833961,40.409459],[-79.83897,40.405792],[-79.838885,40.405713],[-79.838956,40.405665],[-79.838263,40.405174],[-79.838189,40.404108],[-79.837153,40.402464],[-79.833322,40.405327],[-79.833254,40.406469],[-79.833439,40.406724],[-79.833462,40.406968],[-79.833382,40.407756],[-79.833357,40.407831],[-79.833288,40.407842],[-79.833279,40.407933],[-79.833352,40.408839],[-79.832647,40.409836],[-79.831915,40.409278],[-79.831202,40.410672],[-79.827477,40.410062],[-79.827413,40.411009],[-79.827208,40.412015],[-79.826704,40.413926],[-79.824826,40.412495],[-79.825038,40.413084],[-79.825071,40.413524],[-79.824507,40.414747],[-79.823603,40.415922],[-79.823448,40.415978],[-79.823218,40.416208],[-79.822598,40.41646],[-79.821829,40.416695],[-79.820865,40.416793],[-79.820183,40.417779],[-79.82066,40.417502],[-79.822119,40.416821],[-79.822548,40.416567],[-79.822806,40.416522],[-79.823059,40.416629],[-79.823345,40.416916],[-79.822672,40.41737],[-79.821615,40.41779],[-79.821827,40.417929],[-79.821988,40.41796],[-79.82303,40.417719],[-79.823526,40.417716],[-79.823809,40.41777],[-79.824251,40.417942],[-79.824617,40.418197],[-79.824785,40.418389],[-79.826806,40.421589],[-79.82705,40.422165],[-79.827108,40.422547],[-79.827084,40.422929],[-79.826404,40.425017],[-79.826349,40.425398],[-79.826374,40.425719],[-79.828114,40.425376],[-79.828801,40.42584],[-79.82969,40.423168],[-79.831319,40.422944],[-79.830961,40.423917],[-79.829921,40.427494],[-79.830627,40.428524],[-79.831806,40.430437],[-79.832552,40.430306],[-79.833037,40.429392],[-79.833724,40.428726],[-79.833887,40.427683],[-79.834557,40.428666],[-79.843884,40.428124],[-79.844834,40.429304],[-79.847161,40.428566]]]}},{"type":"Feature","properties":{"geoid":"42003523502","name":"Census Tract 5235.02","land_m2":4730234.0},"geometry":{"type":"Polygon","coordinates":[[[-79.811238,40.460463],[-79.811087,40.460224],[-79.810897,40.460059],[-79.810433,40.459759],[-79.810113,40.459631],[-79.809724,40.45953],[-79.807889,40.459478],[-79.806301,40.45899],[-79.804604,40.458734],[-79.803308,40.458261],[-79.802632,40.457855],[-79.801909,40.457137],[-79.800851,40.456395],[-79.800362,40.455811],[-79.800191,40.45532],[-79.800136,40.454662],[-79.80017,40.454519],[-79.800587,40.453793],[-79.800629,40.453519],[-79.800566,40.453344],[-79.797605,40.450291],[-79.79717,40.449559],[-79.797098,40.448938],[-79.797017,40.448822],[-79.796856,40.448723],[-79.79667,40.448677],[-79.796413,40.448955],[-79.79628,40.450107],[-79.794744,40.450837],[-79.792878,40.451566],[-79.789156,40.452399],[-79.788001,40.452729],[-79.787204,40.453137],[-79.785868,40.454253],[-79.785446,40.454461],[-79.784085,40.455582],[-79.783222,40.45599],[-79.782498,40.456519],[-79.782154,40.456904],[-79.781887,40.457559],[-79.781094,40.458945],[-79.780927,40.459132],[-79.780843,40.45922],[-79.77985,40.459802],[-79.779279,40.459892],[-79.779313,40.461039],[-79.779202,40.462767],[-79.778366,40.463212],[-79.777878,40.463541],[-79.77754,40.464037],[-79.777477,40.465021],[-79.777161,40.465452],[-79.776787,40.465825],[-79.776949,40.466387],[-79.777604,40.469601],[-79.778398,40.475976],[-79.779763,40.476534],[-79.779999,40.476529],[-79.780435,40.476404],[-79.780902,40.476394],[-79.782538,40.476619],[-79.786159,40.477885],[-79.790887,40.475064],[-79.791204,40.474914],[-79.791557,40.474881],[-79.793478,40.475379],[-79.799619,40.477538],[-79.799856,40.477218],[-79.799859,40.477091],[-79.79977,40.476907],[-79.797471,40.475405],[-79.797329,40.475172],[-79.796525,40.472887],[-79.796357,40.472291],[-79.79634,40.472081],[-79.796374,40.471929],[-79.796477,40.471787],[-79.796519,40.47155],[-79.796498,40.471114],[-79.796401,40.470684],[-79.796178,40.470054],[-79.795687,40.469384],[-79.795801,40.468632],[-79.7959,40.468366],[-79.796049,40.468151],[-79.796958,40.468177],[-79.797563,40.468143],[-79.797913,40.468097],[-79.79819,40.467963],[-79.79832,40.467812],[-79.79852,40.467331],[-79.798965,40.466537],[-79.799055,40.465679],[-79.799218,40.465265],[-79.799489,40.464886],[-79.800004,40.464443],[-79.800447,40.464162],[-79.800936,40.463931],[-79.801896,40.463584],[-79.803165,40.462931],[-79.803779,40.462738],[-79.804062,40.462569],[-79.804278,40.462114],[-79.804471,40.461016],[-79.804594,40.460803],[-79.804874,40.460574],[-79.805269,40.460434],[-79.805571,40.460397],[-79.807158,40.460375],[-79.809531,40.460159],[-79.810308,40.460201],[-79.811238,40.460463]]]}},{"type":"Feature","properties":{"geoid":"42003523702","name":"Census Tract 5237.02","land_m2":7029186.0},"geometry":{"type":"Polygon","coordinates":[[[-79.820986,40.487964],[-79.82096,40.486838],[-79.820695,40.485922],[-79.82032,40.485369],[-79.819247,40.484202],[-79.818425,40.484731],[-79.817792,40.484975],[-79.817329,40.484905],[-79.815218,40.484009],[-79.814541,40.483849],[-79.813843,40.483839],[-79.812687,40.484021],[-79.811745,40.483971],[-79.811043,40.483779],[-79.810441,40.483496],[-79.809912,40.483135],[-79.809226,40.482461],[-79.808887,40.482209],[-79.807868,40.481642],[-79.807622,40.48155],[-79.804552,40.481363],[-79.802896,40.481072],[-79.801481,40.480951],[-79.801,40.480838],[-79.800784,40.480716],[-79.800539,40.48047],[-79.799811,40.477917],[-79.799619,40.477538],[-79.793074,40.475256],[-79.791557,40.474881],[-79.791174,40.474923],[-79.786159,40.477885],[-79.782317,40.47657],[-79.780593,40.476387],[-79.779999,40.476529],[-79.779763,40.476534],[-79.778866,40.476175],[-79.778611,40.476553],[-79.77845,40.476487],[-79.778107,40.478246],[-79.77992,40.478466],[-79.779633,40.480068],[-79.77874,40.480864],[-79.780385,40.481785],[-79.780339,40.481934],[-79.780812,40.482179],[-79.780915,40.483663],[-79.781025,40.483926],[-79.781388,40.484357],[-79.781617,40.48476],[-79.7824,40.485352],[-79.783628,40.486418],[-79.783635,40.486528],[-79.783806,40.486674],[-79.783766,40.486765],[-79.78386,40.486853],[-79.78396,40.486856],[-79.784069,40.486964],[-79.784044,40.487172],[-79.783892,40.487257],[-79.78391,40.4873],[-79.784154,40.487325],[-79.784095,40.487483],[-79.784178,40.487721],[-79.784088,40.487861],[-79.784089,40.488096],[-79.783851,40.488246],[-79.783614,40.488519],[-79.783561,40.488667],[-79.783568,40.488938],[-79.783638,40.48912],[-79.783616,40.489163],[-79.783676,40.489189],[-79.783363,40.489876],[-79.783988,40.490269],[-79.784349,40.490385],[-79.784831,40.490718],[-79.785222,40.491009],[-79.785431,40.491305],[-79.785434,40.491546],[-79.785338,40.491871],[-79.785328,40.49226],[-79.785101,40.493313],[-79.783995,40.49455],[-79.784003,40.494728],[-79.784472,40.495246],[-79.784812,40.495415],[-79.786079,40.49546],[-79.786624,40.495396],[-79.787589,40.495175],[-79.788652,40.495689],[-79.789046,40.496648],[-79.788954,40.498096],[-79.788874,40.498362],[-79.788657,40.498636],[-79.788264,40.498969],[-79.788134,40.499195],[-79.788105,40.499386],[-79.788161,40.499547],[-79.788407,40.499844],[-79.788983,40.500392],[-79.789301,40.500974],[-79.789532,40.501212],[-79.790058,40.501526],[-79.790298,40.50158],[-79.790866,40.501575],[-79.791254,40.501775],[-79.791851,40.502285],[-79.792067,40.502565],[-79.792396,40.503147],[-79.792442,40.503474],[-79.792339,40.503773],[-79.792214,40.503914],[-79.791857,40.504631],[-79.791919,40.505255],[-79.791669,40.505484],[-79.791446,40.505808],[-79.791452,40.506281],[-79.791794,40.507943],[-79.791897,40.508182],[-79.792236,40.50857],[-79.792996,40.509794],[-79.793185,40.510238],[-79.793209,40.510606],[-79.79365,40.511476],[-79.794001,40.511849],[-79.794421,40.512014],[-79.794622,40.512011],[-79.795385,40.511685],[-79.795699,40.511513],[-79.796048,40.511244],[-79.796701,40.511001],[-79.797365,40.510902],[-79.797911,40.510459],[-79.798081,40.510242],[-79.79845,40.510194],[-79.798679,40.510238],[-79.79916,40.510455],[-79.799536,40.511008],[-79.799716,40.511785],[-79.800083,40.512122],[-79.800239,40.512339],[-79.800599,40.51312],[-79.801376,40.513795],[-79.801846,40.514114],[-79.802312,40.514332],[-79.803742,40.514579],[-79.804038,40.514574],[-79.804263,40.514413],[-79.805062,40.514085],[-79.803958,40.513648],[-79.801584,40.512542],[-79.801253,40.512256],[-79.800678,40.511484],[-79.799673,40.51035],[-79.799455,40.510137],[-79.799256,40.510029],[-79.798961,40.509955],[-79.797893,40.509921],[-79.796491,40.510154],[-79.795689,40.509869],[-79.795477,40.509686],[-79.793502,40.507433],[-79.793674,40.507074],[-79.793816,40.506958],[-79.794099,40.506904],[-79.795673,40.506896],[-79.796456,40.506949],[-79.798606,40.507315],[-79.799024,40.5073],[-79.801679,40.506627],[-79.802372,40.506344],[-79.802986,40.50597],[-79.806321,40.503515],[-79.806623,40.503285],[-79.806744,40.503114],[-79.806774,40.502947],[-79.806739,40.502789],[-79.806397,40.501873],[-79.806108,40.5007],[-79.806082,40.500365],[-79.806155,40.499323],[-79.806115,40.498989],[-79.805935,40.498331],[-79.805938,40.498002],[-79.806002,40.497817],[-79.806208,40.497524],[-79.807699,40.496067],[-79.808594,40.494935],[-79.80942,40.494179],[-79.809744,40.493747],[-79.810544,40.493184],[-79.811095,40.492608],[-79.811574,40.492279],[-79.812128,40.492026],[-79.813317,40.49161],[-79.814032,40.491187],[-79.814783,40.490847],[-79.815921,40.490375],[-79.816437,40.49021],[-79.819928,40.489474],[-79.820279,40.489147],[-79.820827,40.488485],[-79.820943,40.488271],[-79.820986,40.487964]]]}},{"type":"Feature","properties":{"geoid":"42003526202","name":"Census Tract 5262.02","land_m2":11353167.0},"geometry":{"type":"Polygon","coordinates":[[[-79.785434,40.491546],[-79.785431,40.491305],[-79.785222,40.491009],[-79.784349,40.490385],[-79.783988,40.490269],[-79.783363,40.489876],[-79.783676,40.489189],[-79.783616,40.489163],[-79.783638,40.48912],[-79.783568,40.488938],[-79.783561,40.488667],[-79.783614,40.488519],[-79.783851,40.488246],[-79.784089,40.488096],[-79.784088,40.487861],[-79.784178,40.487721],[-79.784095,40.487483],[-79.784154,40.487325],[-79.78391,40.4873],[-79.783892,40.487257],[-79.784044,40.487172],[-79.784069,40.486964],[-79.78396,40.486856],[-79.78386,40.486853],[-79.783766,40.486765],[-79.783806,40.486674],[-79.783635,40.486528],[-79.783628,40.486418],[-79.7824,40.485352],[-79.781617,40.48476],[-79.781388,40.484357],[-79.781025,40.483926],[-79.780915,40.483663],[-79.780812,40.482179],[-79.780339,40.481934],[-79.780385,40.481785],[-79.77874,40.480864],[-79.779633,40.480068],[-79.77992,40.478466],[-79.778107,40.478246],[-79.77845,40.476487],[-79.778611,40.476553],[-79.778866,40.476175],[-79.778398,40.475976],[-79.777604,40.469601],[-79.776949,40.466387],[-79.776787,40.465825],[-79.777161,40.465452],[-79.777477,40.465021],[-79.77754,40.464037],[-79.777878,40.463541],[-79.778366,40.463212],[-79.779202,40.462767],[-79.779298,40.460953],[-79.776012,40.460277],[-79.774315,40.459719],[-79.773906,40.459653],[-79.773489,40.459656],[-79.772682,40.45982],[-79.769403,40.460865],[-79.769068,40.461094],[-79.768098,40.462016],[-79.767418,40.462066],[-79.762074,40.461814],[-79.761643,40.461707],[-79.761453,40.461591],[-79.760615,40.460842],[-79.760299,40.460477],[-79.758949,40.460306],[-79.758598,40.459863],[-79.758526,40.459913],[-79.75833,40.459899],[-79.757708,40.459719],[-79.757048,40.459643],[-79.756606,40.459652],[-79.755956,40.459763],[-79.754272,40.460285],[-79.753767,40.460324],[-79.753513,40.460279],[-79.753107,40.460092],[-79.75177,40.45919],[-79.749476,40.458199],[-79.748371,40.457356],[-79.748016,40.457158],[-79.747393,40.45698],[-79.745622,40.456649],[-79.745185,40.456599],[-79.744611,40.456627],[-79.74369,40.456885],[-79.739582,40.457795],[-79.739109,40.457814],[-79.738863,40.457761],[-79.73641,40.456529],[-79.73609,40.456262],[-79.735658,40.455639],[-79.735039,40.455154],[-79.733249,40.45439],[-79.731741,40.453496],[-79.731411,40.453344],[-79.730423,40.453058],[-79.729041,40.452444],[-79.727516,40.451495],[-79.726079,40.450771],[-79.725084,40.450335],[-79.724313,40.450056],[-79.723286,40.449414],[-79.72202,40.448794],[-79.720584,40.447804],[-79.719879,40.447429],[-79.719317,40.447187],[-79.717132,40.446495],[-79.71592,40.446254],[-79.714626,40.445906],[-79.713846,40.445839],[-79.714032,40.447275],[-79.714052,40.448495],[-79.713866,40.449853],[-79.713571,40.450827],[-79.715276,40.4511],[-79.7154,40.451283],[-79.714873,40.452009],[-79.714748,40.452287],[-79.714565,40.452934],[-79.714528,40.453433],[-79.714606,40.45376],[-79.71469,40.453916],[-79.715109,40.454371],[-79.715627,40.45468],[-79.717199,40.455178],[-79.719026,40.456078],[-79.719466,40.456427],[-79.722011,40.458844],[-79.724394,40.460591],[-79.725737,40.461472],[-79.72651,40.462292],[-79.729132,40.464569],[-79.730504,40.465686],[-79.730621,40.465887],[-79.730682,40.46691],[-79.73075,40.467243],[-79.730998,40.467892],[-79.731071,40.468224],[-79.731167,40.469406],[-79.73115,40.47042],[-79.731222,40.470802],[-79.731347,40.471132],[-79.731611,40.471596],[-79.731833,40.471878],[-79.733102,40.472939],[-79.733498,40.473367],[-79.733702,40.473824],[-79.733666,40.47466],[-79.733722,40.474895],[-79.735567,40.47688],[-79.735872,40.477683],[-79.736034,40.477845],[-79.736513,40.477643],[-79.736961,40.477553],[-79.737427,40.477541],[-79.739539,40.477672],[-79.742258,40.477403],[-79.743828,40.477297],[-79.744491,40.477139],[-79.74476,40.477153],[-79.746113,40.477454],[-79.748266,40.477406],[-79.749376,40.47777],[-79.751193,40.478216],[-79.753028,40.478545],[-79.753297,40.478551],[-79.754252,40.478402],[-79.756847,40.478362],[-79.757783,40.47827],[-79.758128,40.478216],[-79.759144,40.477769],[-79.760961,40.478148],[-79.762119,40.478635],[-79.762484,40.478825],[-79.762785,40.47906],[-79.76389,40.480357],[-79.764461,40.481271],[-79.7648,40.481706],[-79.765865,40.483713],[-79.766019,40.483873],[-79.766919,40.484257],[-79.769621,40.485668],[-79.771237,40.486192],[-79.771568,40.486357],[-79.772567,40.487018],[-79.772905,40.48751],[-79.773048,40.487638],[-79.774689,40.488851],[-79.774933,40.488955],[-79.775172,40.48899],[-79.777987,40.489281],[-79.779429,40.489714],[-79.780136,40.489786],[-79.783275,40.490472],[-79.784826,40.491181],[-79.784955,40.491346],[-79.78505,40.49174],[-79.78536,40.491756],[-79.785434,40.491546]]]}},{"type":"Feature","properties":{"geoid":"42003080200","name":"Census Tract 802","land_m2":344564.0},"geometry":{"type":"Polygon","coordinates":[[[-79.955936,40.460303],[-79.955264,40.459687],[-79.954046,40.458268],[-79.953453,40.457844],[-79.952991,40.457629],[-79.952534,40.4575],[-79.951806,40.457384],[-79.947515,40.456873],[-79.947391,40.458011],[-79.948236,40.458457],[-79.9471,40.460516],[-79.947093,40.460615],[-79.952554,40.463547],[-79.952782,40.463611],[-79.954185,40.462184],[-79.955936,40.460303]]]}},{"type":"Feature","properties":{"geoid":"42003080400","name":"Census Tract 804","land_m2":430386.0},"geometry":{"type":"Polygon","coordinates":[[[-79.95148,40.457344],[-79.951001,40.455925],[-79.949775,40.453114],[-79.949688,40.452585],[-79.943082,40.454566],[-79.944272,40.45525],[-79.941985,40.455939],[-79.941493,40.45504],[-79.938591,40.45591],[-79.938767,40.456149],[-79.939055,40.456313],[-79.947093,40.460615],[-79.9471,40.460516],[-79.948236,40.458457],[-79.947391,40.458011],[-79.947515,40.456873],[-79.95148,40.457344]]]}},{"type":"Feature","properties":{"geoid":"42003080900","name":"Census Tract 809","land_m2":380225.0},"geometry":{"type":"Polygon","coordinates":[[[-79.949861,40.462183],[-79.949866,40.462087],[-79.943729,40.458812],[-79.943218,40.462342],[-79.941596,40.462204],[-79.941347,40.464099],[-79.941271,40.464153],[-79.937337,40.463403],[-79.937224,40.463373],[-79.937287,40.463269],[-79.935825,40.462921],[-79.935108,40.464734],[-79.939382,40.464533],[-79.942858,40.464968],[-79.948068,40.465698],[-79.948317,40.464649],[-79.948482,40.464223],[-79.949861,40.462183]]]}},{"type":"Feature","properties":{"geoid":"42003130200","name":"Census Tract 1302","land_m2":348488.0},"geometry":{"type":"Polygon","coordinates":[[[-79.898493,40.457994],[-79.898528,40.457906],[-79.888093,40.455527],[-79.887726,40.45651],[-79.888374,40.45791],[-79.891072,40.458522],[-79.890448,40.460111],[-79.892687,40.46063],[-79.892593,40.460914],[-79.892663,40.460974],[-79.897556,40.462082],[-79.897553,40.460394],[-79.898493,40.457994]]]}},{"type":"Feature","properties":{"geoid":"42003130600","name":"Census Tract 1306","land_m2":1400161.0},"geometry":{"type":"Polygon","coordinates":[[[-79.885944,40.455074],[-79.885468,40.453436],[-79.885372,40.453168],[-79.885172,40.452868],[-79.885258,40.452696],[-79.885213,40.452548],[-79.884899,40.452131],[-79.884778,40.451852],[-79.884029,40.448918],[-79.882899,40.449151],[-79.882185,40.449189],[-79.881614,40.449379],[-79.881472,40.44931],[-79.881216,40.449352],[-79.878312,40.449922],[-79.872685,40.449367],[-79.86714,40.449392],[-79.866734,40.451341],[-79.86663,40.452077],[-79.865843,40.455745],[-79.872644,40.457455],[-79.872556,40.457643],[-79.87162,40.458389],[-79.871695,40.460565],[-79.870632,40.460752],[-79.869222,40.460526],[-79.869102,40.460973],[-79.870573,40.46119],[-79.871378,40.461108],[-79.872284,40.460884],[-79.87266,40.460736],[-79.87314,40.460427],[-79.874504,40.459263],[-79.875344,40.459791],[-79.87521,40.459905],[-79.875272,40.459945],[-79.875644,40.459955],[-79.875531,40.461549],[-79.876902,40.461607],[-79.876295,40.459701],[-79.877399,40.45983],[-79.877493,40.459408],[-79.877281,40.459384],[-79.877366,40.45896],[-79.879241,40.459152],[-79.879203,40.458874],[-79.878793,40.458292],[-79.878194,40.457694],[-79.877686,40.457094],[-79.878039,40.456826],[-79.879634,40.455376],[-79.879931,40.455244],[-79.880866,40.455048],[-79.883014,40.455405],[-79.884086,40.455485],[-79.885944,40.455074]]]}},{"type":"Feature","properties":{"geoid":"42003492700","name":"Census Tract 4927","land_m2":3847041.0},"geometry":{"type":"Polygon","coordinates":[[[-79.900763,40.312059],[-79.899946,40.311136],[-79.894698,40.30558],[-79.896985,40.303279],[-79.899548,40.301929],[-79.897577,40.300457],[-79.895365,40.29889],[-79.893238,40.299422],[-79.892636,40.29962],[-79.891228,40.299871],[-79.889923,40.300483],[-79.889186,40.300709],[-79.888786,40.300471],[-79.88492,40.298701],[-79.884388,40.298462],[-79.883958,40.298346],[-79.883584,40.298364],[-79.881749,40.298674],[-79.880374,40.299131],[-79.879526,40.299311],[-79.878414,40.299316],[-79.877269,40.299085],[-79.880436,40.296455],[-79.88057,40.296327],[-79.880682,40.296111],[-79.87814,40.29483],[-79.874601,40.294807],[-79.874605,40.294521],[-79.873291,40.294267],[-79.875493,40.289635],[-79.877347,40.286162],[-79.878161,40.284927],[-79.876178,40.283596],[-79.875027,40.284195],[-79.873809,40.285313],[-79.872086,40.286611],[-79.870686,40.287896],[-79.869633,40.28928],[-79.86832,40.291141],[-79.867749,40.292621],[-79.867325,40.294413],[-79.8671,40.295992],[-79.867309,40.298298],[-79.86778,40.300231],[-79.868453,40.302003],[-79.869734,40.303502],[-79.871528,40.305112],[-79.873394,40.306531],[-79.874826,40.307706],[-79.876217,40.308706],[-79.876862,40.30906],[-79.878429,40.30964],[-79.880572,40.310178],[-79.884511,40.311574],[-79.89139,40.314728],[-79.892237,40.315397],[-79.895009,40.317783],[-79.896003,40.318867],[-79.896675,40.319746],[-79.898454,40.319484],[-79.898627,40.319526],[-79.89859,40.319422],[-79.898617,40.319304],[-79.899138,40.318922],[-79.899253,40.318654],[-79.900468,40.318973],[-79.900425,40.318403],[-79.900586,40.318261],[-79.900379,40.317408],[-79.900467,40.317195],[-79.899744,40.31702],[-79.899209,40.31636],[-79.898853,40.316569],[-79.897958,40.315082],[-79.897776,40.314891],[-79.89774,40.314752],[-79.8973,40.314253],[-79.899589,40.312099],[-79.900204,40.312503],[-79.900483,40.312241],[-79.900763,40.312059]]]}},{"type":"Feature","properties":{"geoid":"42003488400","name":"Census Tract 4884","land_m2":3730322.0},"geometry":{"type":"Polygon","coordinates":[[[-79.885887,40.359296],[-79.884817,40.357396],[-79.883114,40.357573],[-79.881367,40.357571],[-79.8812,40.357189],[-79.880319,40.357361],[-79.87724,40.357706],[-79.876676,40.354337],[-79.874883,40.354742],[-79.872957,40.355101],[-79.866627,40.355993],[-79.863389,40.356311],[-79.860618,40.356414],[-79.855544,40.356404],[-79.853111,40.356448],[-79.850476,40.356599],[-79.847944,40.356932],[-79.847508,40.358611],[-79.846969,40.360337],[-79.84811,40.360509],[-79.850227,40.360952],[-79.85331,40.361426],[-79.854323,40.361126],[-79.854614,40.361622],[-79.855674,40.36397],[-79.856627,40.36532],[-79.856795,40.365627],[-79.859515,40.36702],[-79.859632,40.367915],[-79.859561,40.368113],[-79.858247,40.367882],[-79.857774,40.369198],[-79.857816,40.369377],[-79.857829,40.370494],[-79.857288,40.370852],[-79.859196,40.372899],[-79.859133,40.372935],[-79.860723,40.374634],[-79.86093,40.374476],[-79.861587,40.374155],[-79.862189,40.37401],[-79.862875,40.373955],[-79.863479,40.374019],[-79.866215,40.374689],[-79.867329,40.374782],[-79.869131,40.374644],[-79.869668,40.37451],[-79.870274,40.37428],[-79.872565,40.372791],[-79.872938,40.372502],[-79.873243,40.372189],[-79.874581,40.369676],[-79.876442,40.367404],[-79.876954,40.366964],[-79.87872,40.36582],[-79.879226,40.365534],[-79.87981,40.365288],[-79.879628,40.364598],[-79.87963,40.364212],[-79.879297,40.363077],[-79.879254,40.362341],[-79.879453,40.361856],[-79.879995,40.361104],[-79.880261,40.36063],[-79.88063,40.360201],[-79.880812,40.360062],[-79.881079,40.359964],[-79.882865,40.359802],[-79.884371,40.359419],[-79.885887,40.359296]]]}},{"type":"Feature","properties":{"geoid":"42003476100","name":"Census Tract 4761","land_m2":2420999.0},"geometry":{"type":"Polygon","coordinates":[[[-80.037904,40.369038],[-80.038411,40.368771],[-80.032549,40.363546],[-80.032813,40.363303],[-80.030367,40.362236],[-80.030997,40.361162],[-80.031643,40.36139],[-80.033058,40.362016],[-80.033356,40.362315],[-80.033535,40.362695],[-80.035722,40.3608],[-80.037086,40.356366],[-80.036259,40.35621],[-80.036687,40.354879],[-80.035067,40.354979],[-80.032928,40.355189],[-80.030354,40.35552],[-80.028218,40.355858],[-80.02868,40.358184],[-80.028737,40.360469],[-80.0286,40.360848],[-80.028156,40.361588],[-80.027642,40.362631],[-80.027394,40.362949],[-80.027073,40.363225],[-80.026322,40.363698],[-80.02413,40.364657],[-80.023687,40.364686],[-80.022648,40.364454],[-80.022407,40.364438],[-80.020445,40.364668],[-80.017424,40.365345],[-80.015098,40.366225],[-80.014671,40.366494],[-80.013474,40.367506],[-80.012536,40.368216],[-80.010178,40.370486],[-80.005538,40.374458],[-80.00457,40.374218],[-80.004977,40.374461],[-80.005606,40.374678],[-80.007467,40.37498],[-80.00786,40.374996],[-80.007921,40.376657],[-80.007871,40.376707],[-80.007899,40.378237],[-80.013188,40.379636],[-80.014089,40.378574],[-80.014981,40.378934],[-80.015398,40.378591],[-80.016823,40.376845],[-80.013676,40.376601],[-80.012353,40.37574],[-80.011906,40.376115],[-80.010758,40.375365],[-80.011208,40.375083],[-80.0112,40.374988],[-80.011728,40.374471],[-80.014037,40.372323],[-80.014814,40.373002],[-80.015932,40.37429],[-80.019113,40.376021],[-80.021214,40.376594],[-80.022459,40.375226],[-80.018433,40.371713],[-80.021714,40.369568],[-80.024189,40.369057],[-80.027581,40.368151],[-80.027921,40.367983],[-80.028309,40.368251],[-80.030216,40.369276],[-80.031935,40.370415],[-80.033129,40.369742],[-80.03363,40.3702],[-80.034238,40.369823],[-80.037904,40.369038]]]}},{"type":"Feature","properties":{"geoid":"42003470300","name":"Census Tract 4703","land_m2":3429047.0},"geometry":{"type":"Polygon","coordinates":[[[-80.099834,40.385227],[-80.099852,40.385176],[-80.099678,40.384697],[-80.09943,40.384441],[-80.099211,40.384304],[-80.09894,40.384262],[-80.098512,40.384299],[-80.097691,40.384497],[-80.096682,40.385008],[-80.096229,40.385136],[-80.095146,40.385202],[-80.093509,40.385071],[-80.092379,40.384677],[-80.092147,40.384536],[-80.092771,40.383535],[-80.093079,40.38314],[-80.093241,40.38255],[-80.092898,40.382212],[-80.091716,40.382277],[-80.091368,40.38243],[-80.091157,40.382719],[-80.091086,40.383005],[-80.091102,40.384012],[-80.091027,40.384089],[-80.090783,40.384134],[-80.090813,40.383914],[-80.09078,40.383682],[-80.090378,40.382455],[-80.09193,40.380339],[-80.093034,40.378485],[-80.093535,40.377357],[-80.094378,40.374788],[-80.092743,40.37446],[-80.09215,40.374182],[-80.091203,40.373303],[-80.090549,40.372775],[-80.084137,40.368318],[-80.083422,40.371043],[-80.083217,40.371359],[-80.082983,40.371555],[-80.082558,40.371759],[-80.082104,40.371819],[-80.081637,40.371768],[-80.081007,40.371525],[-80.080318,40.37138],[-80.080051,40.371397],[-80.0792,40.371632],[-80.079624,40.372149],[-80.079378,40.372282],[-80.079716,40.372667],[-80.079467,40.372802],[-80.084111,40.377106],[-80.083968,40.37758],[-80.079034,40.376392],[-80.077587,40.376495],[-80.077426,40.376731],[-80.075281,40.377406],[-80.069566,40.378235],[-80.068513,40.37637],[-80.068406,40.376428],[-80.068123,40.376058],[-80.067481,40.37645],[-80.068359,40.377297],[-80.069164,40.378494],[-80.067215,40.379826],[-80.067526,40.380325],[-80.067639,40.380815],[-80.0676,40.38138],[-80.068577,40.382547],[-80.068875,40.382785],[-80.06875,40.382957],[-80.069414,40.3833],[-80.069078,40.386789],[-80.071555,40.385451],[-80.073715,40.387233],[-80.073901,40.387511],[-80.07397,40.387968],[-80.073985,40.388176],[-80.0689,40.38889],[-80.06876,40.39195],[-80.071545,40.391535],[-80.072051,40.391397],[-80.073501,40.390859],[-80.074181,40.390743],[-80.074942,40.390685],[-80.076403,40.391016],[-80.077539,40.391115],[-80.078295,40.391056],[-80.079181,40.390846],[-80.079735,40.390617],[-80.080345,40.39027],[-80.080914,40.389781],[-80.081283,40.389329],[-80.082407,40.3876],[-80.082805,40.387102],[-80.083046,40.386876],[-80.083858,40.38639],[-80.084613,40.386145],[-80.085077,40.386075],[-80.086139,40.386091],[-80.088595,40.386474],[-80.089294,40.386711],[-80.090202,40.387187],[-80.090848,40.387002],[-80.091091,40.387372],[-80.091619,40.387902],[-80.092591,40.38855],[-80.094179,40.388721],[-80.095334,40.388607],[-80.096075,40.388457],[-80.097,40.388186],[-80.098849,40.386984],[-80.099278,40.386411],[-80.099834,40.385227]]]}},{"type":"Feature","properties":{"geoid":"42003474101","name":"Census Tract 4741.01","land_m2":4058871.0},"geometry":{"type":"Polygon","coordinates":[[[-80.099032,40.357583],[-80.098655,40.357094],[-80.098194,40.357],[-80.097142,40.356513],[-80.096474,40.356291],[-80.096237,40.356261],[-80.094685,40.356293],[-80.092724,40.356163],[-80.090835,40.355769],[-80.090438,40.355625],[-80.088531,40.354514],[-80.088074,40.354075],[-80.087881,40.35332],[-80.087063,40.35219],[-80.086741,40.351935],[-80.085894,40.351501],[-80.085573,40.351246],[-80.084945,40.350484],[-80.084369,40.349911],[-80.08311,40.348488],[-80.082908,40.348143],[-80.082762,40.347622],[-80.082709,40.346345],[-80.082634,40.345933],[-80.082437,40.345448],[-80.082181,40.345057],[-80.079881,40.34575],[-80.079592,40.345903],[-80.078924,40.346427],[-80.077644,40.347016],[-80.076615,40.347772],[-80.076025,40.348123],[-80.075411,40.348394],[-80.074502,40.348586],[-80.07399,40.34885],[-80.073828,40.352354],[-80.073499,40.355227],[-80.07332,40.355583],[-80.073014,40.355852],[-80.072619,40.356034],[-80.071648,40.356215],[-80.07147,40.356382],[-80.071426,40.356595],[-80.071479,40.356951],[-80.071854,40.358307],[-80.071031,40.357815],[-80.069644,40.357654],[-80.067804,40.358091],[-80.065804,40.358268],[-80.06561,40.358222],[-80.065523,40.358096],[-80.065645,40.357419],[-80.065596,40.357228],[-80.064356,40.355099],[-80.06335,40.352757],[-80.061433,40.349946],[-80.061053,40.34974],[-80.058809,40.34917],[-80.058435,40.349025],[-80.056626,40.347646],[-80.056174,40.347419],[-80.055055,40.347018],[-80.05463,40.34665],[-80.053576,40.348997],[-80.052877,40.350735],[-80.05117,40.351043],[-80.050924,40.353007],[-80.058476,40.357817],[-80.064343,40.361749],[-80.072496,40.364064],[-80.072816,40.363434],[-80.081414,40.36428],[-80.081825,40.363059],[-80.082828,40.363009],[-80.084826,40.363164],[-80.085146,40.363157],[-80.085684,40.36304],[-80.086303,40.36384],[-80.086937,40.363981],[-80.087661,40.363721],[-80.087302,40.362753],[-80.087675,40.362834],[-80.087513,40.362244],[-80.088334,40.361922],[-80.0891,40.361812],[-80.092466,40.362084],[-80.092485,40.36203],[-80.093033,40.362073],[-80.092923,40.362398],[-80.093257,40.362511],[-80.093498,40.362563],[-80.094262,40.362539],[-80.0943,40.362425],[-80.094461,40.362517],[-80.094996,40.362962],[-80.095105,40.363097],[-80.095029,40.363196],[-80.095043,40.363298],[-80.095124,40.363381],[-80.095184,40.363368],[-80.09513,40.363215],[-80.09536,40.363166],[-80.094956,40.362694],[-80.095389,40.362092],[-80.097762,40.357526],[-80.099032,40.357583]]]}},{"type":"Feature","properties":{"geoid":"42003170600","name":"Census Tract 1706","land_m2":840252.0},"geometry":{"type":"Polygon","coordinates":[[[-79.999268,40.429147],[-79.998657,40.428914],[-79.998296,40.429006],[-79.99806,40.428916],[-79.997181,40.428441],[-79.996143,40.427799],[-79.995848,40.427691],[-79.994823,40.427456],[-79.994521,40.427332],[-79.994043,40.427013],[-79.993755,40.426621],[-79.993565,40.4265],[-79.993404,40.426447],[-79.992638,40.426428],[-79.992118,40.426305],[-79.990785,40.425569],[-79.990517,40.425321],[-79.990353,40.425053],[-79.990191,40.424911],[-79.989485,40.424871],[-79.989051,40.424932],[-79.988199,40.424936],[-79.988027,40.424916],[-79.987939,40.424853],[-79.987728,40.424866],[-79.987808,40.424252],[-79.988096,40.423732],[-79.988546,40.42331],[-79.988691,40.422843],[-79.988312,40.422875],[-79.988288,40.422783],[-79.988238,40.421771],[-79.988189,40.421606],[-79.988224,40.42139],[-79.988191,40.420843],[-79.988141,40.420604],[-79.988157,40.419907],[-79.988118,40.419795],[-79.988102,40.419188],[-79.988034,40.418977],[-79.988082,40.418853],[-79.988097,40.418535],[-79.988183,40.41851],[-79.986362,40.417556],[-79.980602,40.41772],[-79.978869,40.417957],[-79.979368,40.418031],[-79.979385,40.418173],[-79.979393,40.419916],[-79.97934,40.420099],[-79.979161,40.420216],[-79.979172,40.421132],[-79.979479,40.420951],[-79.97951,40.421008],[-79.979609,40.42095],[-79.97987,40.421365],[-79.978372,40.422256],[-79.97779,40.423004],[-79.977724,40.423183],[-79.977693,40.423827],[-79.977579,40.423746],[-79.97664,40.423537],[-79.976711,40.423956],[-79.976607,40.425126],[-79.982954,40.425491],[-79.986272,40.425753],[-79.98749,40.42604],[-79.988592,40.426395],[-79.989022,40.426634],[-79.991071,40.427323],[-79.992295,40.427679],[-79.992552,40.427665],[-79.992896,40.427772],[-79.998803,40.429749],[-79.999268,40.429147]]]}},{"type":"Feature","properties":{"geoid":"42003496102","name":"Census Tract 4961.02","land_m2":32616397.0},"geometry":{"type":"Polygon","coordinates":[[[-79.884236,40.268906],[-79.883879,40.268358],[-79.883663,40.26812],[-79.882797,40.267363],[-79.882103,40.266932],[-79.88023,40.265987],[-79.879227,40.265245],[-79.878811,40.26478],[-79.878681,40.264564],[-79.87843,40.263931],[-79.8783,40.263388],[-79.878278,40.262729],[-79.879069,40.256998],[-79.879135,40.256129],[-79.879112,40.255714],[-79.878963,40.25489],[-79.878041,40.251378],[-79.877774,40.250195],[-79.877497,40.249474],[-79.877048,40.248803],[-79.876457,40.248223],[-79.873696,40.24624],[-79.873322,40.245931],[-79.872702,40.245304],[-79.872192,40.24462],[-79.871795,40.243895],[-79.871257,40.242276],[-79.870862,40.241553],[-79.870793,40.241174],[-79.870581,40.240733],[-79.870238,40.240332],[-79.869892,40.240098],[-79.869802,40.239855],[-79.86957,40.239635],[-79.867771,40.239471],[-79.867125,40.239224],[-79.866988,40.239357],[-79.864938,40.239256],[-79.86475,40.239323],[-79.862497,40.240629],[-79.861267,40.240868],[-79.86014,40.240928],[-79.859804,40.240335],[-79.859558,40.240005],[-79.857399,40.237474],[-79.855984,40.235728],[-79.855877,40.235341],[-79.855734,40.233785],[-79.855819,40.23272],[-79.855778,40.232235],[-79.855634,40.231883],[-79.855132,40.231116],[-79.854968,40.230767],[-79.854182,40.228285],[-79.853828,40.227599],[-79.853381,40.22698],[-79.853009,40.226532],[-79.852422,40.225985],[-79.850562,40.224569],[-79.850165,40.224212],[-79.849769,40.223744],[-79.849145,40.222641],[-79.848601,40.222396],[-79.846956,40.221217],[-79.846445,40.221],[-79.84426,40.21984],[-79.842275,40.218353],[-79.842026,40.217228],[-79.84198,40.216447],[-79.841755,40.214896],[-79.840945,40.212663],[-79.840858,40.212342],[-79.840717,40.211199],[-79.84039,40.210574],[-79.83925,40.208755],[-79.81442,40.21668],[-79.800608,40.221738],[-79.782588,40.227626],[-79.786944,40.227967],[-79.787692,40.228182],[-79.788766,40.228732],[-79.78917,40.228883],[-79.790305,40.229169],[-79.795338,40.229926],[-79.797265,40.230337],[-79.799291,40.230876],[-79.802964,40.231489],[-79.803455,40.231611],[-79.804386,40.231949],[-79.805603,40.232548],[-79.806627,40.233586],[-79.806854,40.233935],[-79.807112,40.23452],[-79.80745,40.236048],[-79.807431,40.236894],[-79.807258,40.237667],[-79.806898,40.238618],[-79.806079,40.240262],[-79.805507,40.241014],[-79.805354,40.24112],[-79.804034,40.241485],[-79.803364,40.241803],[-79.802915,40.242164],[-79.802261,40.242865],[-79.800347,40.245188],[-79.799109,40.246966],[-79.798665,40.247833],[-79.798401,40.248496],[-79.798126,40.249592],[-79.797936,40.250097],[-79.797399,40.251096],[-79.797108,40.251766],[-79.797085,40.251975],[-79.796885,40.252434],[-79.796653,40.252833],[-79.795813,40.253972],[-79.793955,40.255761],[-79.792964,40.256507],[-79.791373,40.257888],[-79.790304,40.258713],[-79.790708,40.259116],[-79.790948,40.259125],[-79.791274,40.259217],[-79.791719,40.259575],[-79.791528,40.260755],[-79.791588,40.262264],[-79.791898,40.260972],[-79.792108,40.260696],[-79.792515,40.260583],[-79.794528,40.260266],[-79.794879,40.260122],[-79.79637,40.259323],[-79.797426,40.258922],[-79.797605,40.258815],[-79.797686,40.258664],[-79.797652,40.2585],[-79.796924,40.257777],[-79.796749,40.257509],[-79.796709,40.257311],[-79.796789,40.256989],[-79.797419,40.255505],[-79.797613,40.255215],[-79.797875,40.255069],[-79.799044,40.254927],[-79.800589,40.254424],[-79.800842,40.254252],[-79.801896,40.253863],[-79.802661,40.253712],[-79.803659,40.253655],[-79.804051,40.253694],[-79.808461,40.254703],[-79.80885,40.254752],[-79.811793,40.254325],[-79.814459,40.253666],[-79.817057,40.253656],[-79.817499,40.253717],[-79.818242,40.254289],[-79.818801,40.254368],[-79.819632,40.254602],[-79.824956,40.256861],[-79.825048,40.256987],[-79.825068,40.257131],[-79.824782,40.257739],[-79.82476,40.257906],[-79.824845,40.258404],[-79.825001,40.258884],[-79.825213,40.25932],[-79.825791,40.260031],[-79.827544,40.261539],[-79.829552,40.262586],[-79.830011,40.262889],[-79.83076,40.263415],[-79.831979,40.264453],[-79.83334,40.265339],[-79.833674,40.265701],[-79.833925,40.266102],[-79.835532,40.269269],[-79.835708,40.269537],[-79.837362,40.272957],[-79.837462,40.272731],[-79.837575,40.272645],[-79.839236,40.272053],[-79.840625,40.271821],[-79.842291,40.271691],[-79.843088,40.271718],[-79.843366,40.271843],[-79.843509,40.271965],[-79.843877,40.272508],[-79.844032,40.272645],[-79.844349,40.272764],[-79.844527,40.272728],[-79.845579,40.272282],[-79.8458,40.272011],[-79.846531,40.270848],[-79.847643,40.270028],[-79.849132,40.271617],[-79.849769,40.27218],[-79.850962,40.273606],[-79.851322,40.273837],[-79.852115,40.274125],[-79.853243,40.274651],[-79.853925,40.275071],[-79.855009,40.275961],[-79.855341,40.276392],[-79.855581,40.27686],[-79.855926,40.278497],[-79.856768,40.27849],[-79.85823,40.278157],[-79.859726,40.277934],[-79.860758,40.277615],[-79.861957,40.277401],[-79.862196,40.277468],[-79.86302,40.27807],[-79.864933,40.278973],[-79.865824,40.279259],[-79.866215,40.279256],[-79.866557,40.279182],[-79.866817,40.279034],[-79.868861,40.277184],[-79.869601,40.276679],[-79.870282,40.276463],[-79.871011,40.276345],[-79.871736,40.276361],[-79.873096,40.276899],[-79.87348,40.277134],[-79.873964,40.277566],[-79.874604,40.27834],[-79.875348,40.278859],[-79.87451,40.279645],[-79.875759,40.280978],[-79.877761,40.28263],[-79.878351,40.282248],[-79.880538,40.280631],[-79.88272,40.279409],[-79.879194,40.275937],[-79.881292,40.274967],[-79.880981,40.274364],[-79.87941,40.27383],[-79.879023,40.273609],[-79.880774,40.27239],[-79.881122,40.272039],[-79.882009,40.271633],[-79.883191,40.270685],[-79.883337,40.270456],[-79.884141,40.269701],[-79.884236,40.268906]]]}},{"type":"Feature","properties":{"geoid":"42003523501","name":"Census Tract 5235.01","land_m2":4584875.0},"geometry":{"type":"Polygon","coordinates":[[[-79.825993,40.466457],[-79.826123,40.466202],[-79.82563,40.465919],[-79.82505,40.465473],[-79.824835,40.465255],[-79.824431,40.464701],[-79.824005,40.464989],[-79.824552,40.465346],[-79.824706,40.46555],[-79.824728,40.465703],[-79.824645,40.465878],[-79.824476,40.466018],[-79.82331,40.466311],[-79.821782,40.466041],[-79.820978,40.46556],[-79.820802,40.465377],[-79.820302,40.464663],[-79.819662,40.464187],[-79.819204,40.464026],[-79.816722,40.463617],[-79.816344,40.463413],[-79.815737,40.462924],[-79.813729,40.461598],[-79.813284,40.461389],[-79.812397,40.461088],[-79.811297,40.460484],[-79.810846,40.460328],[-79.810308,40.460201],[-79.809531,40.460159],[-79.807158,40.460375],[-79.805571,40.460397],[-79.805026,40.460506],[-79.804874,40.460574],[-79.804573,40.460832],[-79.80446,40.461048],[-79.804343,40.461849],[-79.804215,40.46231],[-79.804124,40.462494],[-79.803977,40.462635],[-79.803165,40.462931],[-79.801896,40.463584],[-79.800687,40.464041],[-79.800217,40.464296],[-79.799665,40.464717],[-79.799339,40.465069],[-79.799124,40.465469],[-79.799017,40.465893],[-79.798965,40.466537],[-79.798263,40.467891],[-79.798,40.468069],[-79.797563,40.468143],[-79.796958,40.468177],[-79.796049,40.468151],[-79.795885,40.468389],[-79.795801,40.468632],[-79.795687,40.469384],[-79.796178,40.470054],[-79.796401,40.470684],[-79.796498,40.471114],[-79.796519,40.47155],[-79.796477,40.471787],[-79.796374,40.471929],[-79.79634,40.472081],[-79.796357,40.472291],[-79.796525,40.472887],[-79.797329,40.475172],[-79.797471,40.475405],[-79.79977,40.476907],[-79.799859,40.477091],[-79.799856,40.477218],[-79.799619,40.477538],[-79.799811,40.477917],[-79.800458,40.48025],[-79.800573,40.480543],[-79.800784,40.480716],[-79.801224,40.48091],[-79.802896,40.481072],[-79.804552,40.481363],[-79.807622,40.48155],[-79.807868,40.481642],[-79.808887,40.482209],[-79.809226,40.482461],[-79.809912,40.483135],[-79.810256,40.483383],[-79.810831,40.483699],[-79.811293,40.483865],[-79.811977,40.483997],[-79.812687,40.484021],[-79.813843,40.483839],[-79.814541,40.483849],[-79.815218,40.484009],[-79.817329,40.484905],[-79.817792,40.484975],[-79.818425,40.484731],[-79.819247,40.484202],[-79.819282,40.483851],[-79.819507,40.483405],[-79.820675,40.482195],[-79.822243,40.480989],[-79.82241,40.480762],[-79.822536,40.480386],[-79.822505,40.478742],[-79.822444,40.478346],[-79.822315,40.477944],[-79.821738,40.476774],[-79.821623,40.476356],[-79.821663,40.476085],[-79.822103,40.475168],[-79.822081,40.47485],[-79.821954,40.474309],[-79.821682,40.474029],[-79.81984,40.472651],[-79.819702,40.472504],[-79.819548,40.472166],[-79.819586,40.471786],[-79.819808,40.471458],[-79.820169,40.471209],[-79.822289,40.470473],[-79.822744,40.470216],[-79.823037,40.469988],[-79.82556,40.467477],[-79.825754,40.467132],[-79.825993,40.466457]]]}},{"type":"Feature","properties":{"geoid":"42003414200","name":"Census Tract 4142","land_m2":14189799.0},"geometry":{"type":"Polygon","coordinates":[[[-79.989674,40.570331],[-79.989125,40.558899],[-79.988992,40.558238],[-79.988922,40.556214],[-79.988921,40.553938],[-79.982685,40.553955],[-79.982712,40.555142],[-79.979023,40.555067],[-79.979285,40.553796],[-79.971987,40.553932],[-79.971866,40.554154],[-79.967338,40.55406],[-79.962597,40.554217],[-79.958104,40.554266],[-79.950217,40.554543],[-79.950168,40.553618],[-79.949621,40.553568],[-79.949646,40.553917],[-79.948482,40.553869],[-79.944278,40.553902],[-79.928122,40.554315],[-79.915083,40.554947],[-79.915425,40.581862],[-79.915526,40.584894],[-79.915716,40.584829],[-79.916442,40.584415],[-79.917215,40.58376],[-79.919032,40.583189],[-79.919364,40.583029],[-79.919852,40.582637],[-79.920392,40.581809],[-79.920545,40.581739],[-79.921631,40.581585],[-79.922152,40.581661],[-79.925772,40.581625],[-79.929958,40.581466],[-79.931674,40.581724],[-79.932433,40.581747],[-79.933109,40.581659],[-79.934051,40.581444],[-79.934805,40.581383],[-79.935176,40.581435],[-79.935874,40.581657],[-79.936437,40.581694],[-79.937898,40.581373],[-79.939095,40.581244],[-79.949352,40.58096],[-79.949802,40.580684],[-79.9503,40.580286],[-79.951018,40.579955],[-79.95161,40.579534],[-79.951951,40.579372],[-79.952471,40.579235],[-79.952663,40.579116],[-79.953268,40.57846],[-79.953447,40.578079],[-79.953779,40.578013],[-79.954086,40.577514],[-79.954455,40.576736],[-79.954649,40.575923],[-79.954692,40.57551],[-79.954802,40.572571],[-79.954762,40.57202],[-79.954674,40.571614],[-79.954193,40.569839],[-79.954173,40.569128],[-79.954243,40.568656],[-79.954423,40.56798],[-79.954552,40.567616],[-79.954867,40.566982],[-79.955705,40.566828],[-79.955647,40.567023],[-79.95538,40.567371],[-79.955356,40.567554],[-79.955414,40.567686],[-79.955934,40.568075],[-79.95688,40.568547],[-79.957478,40.569248],[-79.958898,40.569767],[-79.961423,40.570883],[-79.961814,40.569318],[-79.961898,40.569122],[-79.962191,40.568866],[-79.962679,40.568611],[-79.963567,40.568281],[-79.964475,40.567867],[-79.964878,40.567794],[-79.966271,40.567968],[-79.966514,40.568083],[-79.96695,40.568433],[-79.966918,40.568131],[-79.966732,40.567847],[-79.964741,40.566095],[-79.964634,40.565952],[-79.964517,40.565613],[-79.964949,40.565315],[-79.965352,40.564815],[-79.965735,40.564461],[-79.965465,40.564285],[-79.966322,40.563465],[-79.96639,40.563278],[-79.966387,40.563061],[-79.966927,40.563244],[-79.968697,40.563213],[-79.969279,40.563286],[-79.969843,40.563422],[-79.970373,40.56362],[-79.971873,40.564351],[-79.976171,40.566065],[-79.97679,40.566176],[-79.977083,40.566183],[-79.978248,40.566038],[-79.979135,40.566009],[-79.979711,40.56608],[-79.979981,40.566161],[-79.980984,40.566636],[-79.9826,40.567191],[-79.983929,40.567936],[-79.989674,40.570331]]]}},{"type":"Feature","properties":{"geoid":"42003413202","name":"Census Tract 4132.02","land_m2":4146674.0},"geometry":{"type":"Polygon","coordinates":[[[-80.067424,40.59585],[-80.067364,40.594218],[-80.066804,40.58608],[-80.066657,40.583118],[-80.065605,40.566567],[-80.064292,40.565855],[-80.063262,40.56547],[-80.061811,40.565042],[-80.061433,40.564875],[-80.061249,40.564738],[-80.061013,40.564459],[-80.060686,40.563307],[-80.06054,40.56307],[-80.059999,40.563518],[-80.059749,40.56381],[-80.0595,40.564301],[-80.059423,40.564647],[-80.059408,40.564999],[-80.059458,40.565349],[-80.059904,40.567111],[-80.05984,40.567629],[-80.059511,40.568098],[-80.059201,40.568337],[-80.058813,40.568521],[-80.058152,40.568654],[-80.057226,40.568676],[-80.056743,40.568608],[-80.056524,40.568503],[-80.056273,40.568276],[-80.054627,40.566262],[-80.054186,40.566112],[-80.052609,40.565857],[-80.05212,40.565866],[-80.051879,40.56595],[-80.051629,40.566126],[-80.050991,40.567064],[-80.050732,40.567353],[-80.050386,40.567576],[-80.049522,40.567971],[-80.049639,40.568376],[-80.049436,40.570379],[-80.049509,40.57094],[-80.049696,40.571355],[-80.049866,40.571598],[-80.051658,40.573321],[-80.052841,40.574831],[-80.053393,40.5752],[-80.053698,40.575319],[-80.054438,40.5755],[-80.054574,40.575585],[-80.054573,40.575742],[-80.054344,40.576246],[-80.054378,40.576421],[-80.054484,40.57655],[-80.05476,40.576667],[-80.055889,40.57686],[-80.056551,40.581506],[-80.055883,40.581452],[-80.05511,40.581503],[-80.043388,40.583216],[-80.042902,40.583176],[-80.042454,40.583029],[-80.041707,40.582488],[-80.041236,40.582302],[-80.038426,40.58203],[-80.038136,40.582053],[-80.038389,40.582459],[-80.038681,40.582799],[-80.039416,40.583382],[-80.040318,40.583808],[-80.042883,40.584706],[-80.043778,40.585217],[-80.044124,40.585482],[-80.04448,40.585878],[-80.044723,40.585794],[-80.045047,40.586008],[-80.045313,40.586255],[-80.045659,40.58681],[-80.045832,40.586931],[-80.046098,40.586953],[-80.046242,40.58703],[-80.046279,40.587112],[-80.046185,40.587244],[-80.046185,40.587354],[-80.046307,40.587414],[-80.04661,40.58737],[-80.046783,40.587502],[-80.047056,40.587551],[-80.047229,40.587722],[-80.047496,40.587749],[-80.047596,40.587848],[-80.047625,40.588095],[-80.047733,40.588221],[-80.048021,40.588392],[-80.048626,40.588612],[-80.048713,40.588776],[-80.04854,40.588941],[-80.048497,40.589062],[-80.048633,40.589106],[-80.048763,40.589029],[-80.0489,40.58904],[-80.048943,40.589117],[-80.048922,40.589199],[-80.04877,40.589353],[-80.048821,40.589441],[-80.049138,40.589507],[-80.049354,40.589457],[-80.049541,40.589485],[-80.050023,40.589984],[-80.050031,40.590056],[-80.049987,40.590083],[-80.049462,40.590028],[-80.049397,40.590078],[-80.049663,40.59049],[-80.049836,40.590556],[-80.050304,40.590578],[-80.050391,40.590825],[-80.050571,40.590951],[-80.050852,40.590896],[-80.051248,40.590726],[-80.051536,40.590781],[-80.051896,40.59122],[-80.052091,40.59138],[-80.052444,40.591539],[-80.05276,40.591808],[-80.052948,40.591907],[-80.05307,40.592044],[-80.053409,40.592258],[-80.053704,40.592692],[-80.054006,40.592961],[-80.054748,40.593302],[-80.055094,40.593587],[-80.055188,40.593554],[-80.055281,40.593423],[-80.055512,40.593428],[-80.055699,40.593252],[-80.055829,40.593231],[-80.056319,40.593445],[-80.05647,40.593318],[-80.056585,40.593291],[-80.057471,40.593379],[-80.058033,40.593379],[-80.058588,40.593599],[-80.058955,40.593544],[-80.059099,40.593566],[-80.059402,40.593714],[-80.059993,40.593796],[-80.060439,40.593967],[-80.060792,40.593961],[-80.060871,40.594027],[-80.060944,40.594208],[-80.061066,40.594285],[-80.061469,40.59423],[-80.06273,40.594461],[-80.063105,40.594346],[-80.0634,40.59434],[-80.064041,40.594499],[-80.064272,40.594664],[-80.06461,40.594713],[-80.064906,40.594906],[-80.065129,40.594983],[-80.066599,40.595263],[-80.067153,40.595543],[-80.067424,40.59585]]]}},{"type":"Feature","properties":{"geoid":"42003429202","name":"Census Tract 4292.02","land_m2":4349598.0},"geometry":{"type":"Polygon","coordinates":[[[-80.009778,40.530575],[-80.009939,40.530571],[-80.009259,40.529799],[-80.008768,40.529393],[-80.007028,40.52818],[-80.006152,40.527191],[-80.005765,40.526463],[-80.005631,40.526023],[-80.005538,40.525038],[-80.005483,40.522821],[-80.005376,40.521922],[-80.005174,40.520777],[-80.004622,40.516764],[-80.004195,40.514038],[-79.999745,40.513344],[-79.998857,40.513122],[-79.998287,40.512863],[-79.997081,40.51207],[-79.996156,40.511603],[-79.995356,40.511313],[-79.993695,40.510824],[-79.993077,40.510542],[-79.991583,40.509741],[-79.991268,40.509509],[-79.990874,40.509108],[-79.9903,40.508179],[-79.98953,40.507677],[-79.989304,40.50739],[-79.989241,40.507156],[-79.989252,40.506989],[-79.989391,40.506697],[-79.989649,40.506466],[-79.99017,40.506216],[-79.990318,40.506066],[-79.990396,40.505886],[-79.990401,40.505735],[-79.990354,40.50568],[-79.989867,40.505293],[-79.989722,40.505393],[-79.989149,40.505611],[-79.988091,40.505959],[-79.986674,40.506049],[-79.986629,40.506272],[-79.986769,40.50846],[-79.986751,40.508734],[-79.986854,40.509853],[-79.986983,40.514483],[-79.987224,40.516574],[-79.988117,40.523181],[-79.988252,40.524582],[-79.988288,40.52613],[-79.988214,40.528172],[-79.988223,40.53581],[-79.988456,40.543637],[-79.988952,40.543549],[-79.993605,40.543342],[-79.994326,40.543817],[-79.994087,40.54349],[-79.994029,40.543254],[-79.993875,40.539236],[-79.993822,40.539107],[-79.99367,40.53896],[-79.993169,40.538776],[-79.993543,40.538691],[-79.994129,40.538405],[-79.995213,40.538141],[-79.995416,40.53805],[-79.995759,40.537763],[-79.996936,40.536513],[-79.998956,40.535274],[-79.999001,40.535145],[-79.998856,40.534142],[-79.998905,40.533979],[-79.999009,40.533846],[-80.000295,40.532929],[-80.000454,40.53248],[-80.000464,40.531751],[-80.002934,40.531819],[-80.003198,40.531905],[-80.003766,40.532293],[-80.003909,40.531635],[-80.003853,40.530328],[-80.004652,40.53027],[-80.006742,40.529929],[-80.007412,40.52991],[-80.007847,40.529978],[-80.009104,40.530491],[-80.009778,40.530575]]]}},{"type":"Feature","properties":{"geoid":"42003260200","name":"Census Tract 2602","land_m2":1349071.0},"geometry":{"type":"Polygon","coordinates":[[[-80.027808,40.4958],[-80.027802,40.493333],[-80.027738,40.492207],[-80.027768,40.491024],[-80.027653,40.490699],[-80.027035,40.489844],[-80.026882,40.489308],[-80.026706,40.488917],[-80.025113,40.485979],[-80.025048,40.485739],[-80.025118,40.485248],[-80.024224,40.485821],[-80.024785,40.485825],[-80.02514,40.486855],[-80.024611,40.487029],[-80.024491,40.486677],[-80.023144,40.487179],[-80.023108,40.487487],[-80.022369,40.48917],[-80.022134,40.489115],[-80.02211,40.48917],[-80.022007,40.489148],[-80.021747,40.489771],[-80.02159,40.489864],[-80.021592,40.490037],[-80.022074,40.490064],[-80.021554,40.491328],[-80.020967,40.491162],[-80.020886,40.491369],[-80.02036,40.491238],[-80.019784,40.490319],[-80.020595,40.490371],[-80.020453,40.490705],[-80.021159,40.490884],[-80.021412,40.490276],[-80.021428,40.489899],[-80.020403,40.489831],[-80.020414,40.490282],[-80.019725,40.490239],[-80.019214,40.490002],[-80.019953,40.489542],[-80.019826,40.489381],[-80.020324,40.488292],[-80.020153,40.487715],[-80.020243,40.487676],[-80.020237,40.487615],[-80.018875,40.486726],[-80.017583,40.486723],[-80.017517,40.486799],[-80.01704,40.486819],[-80.016825,40.486069],[-80.016444,40.486092],[-80.01708,40.485],[-80.017657,40.483586],[-80.017997,40.483189],[-80.018137,40.482689],[-80.017996,40.482661],[-80.017757,40.482337],[-80.014441,40.483864],[-80.014475,40.483912],[-80.013934,40.4843],[-80.01466,40.484354],[-80.014986,40.484459],[-80.015269,40.484605],[-80.015472,40.484796],[-80.015739,40.485338],[-80.016233,40.486781],[-80.016293,40.487053],[-80.016274,40.487832],[-80.016416,40.488018],[-80.018206,40.489236],[-80.018348,40.489509],[-80.014872,40.488039],[-80.011259,40.487727],[-80.010925,40.487597],[-80.01074,40.487457],[-80.009745,40.486341],[-80.010012,40.487813],[-80.010436,40.489685],[-80.01079,40.490986],[-80.011203,40.492203],[-80.011368,40.493055],[-80.01174,40.493996],[-80.012505,40.496706],[-80.013546,40.496516],[-80.014001,40.496478],[-80.01443,40.496585],[-80.01606,40.497371],[-80.016288,40.497438],[-80.016587,40.497436],[-80.017226,40.497327],[-80.017703,40.497343],[-80.017868,40.497246],[-80.01783,40.497353],[-80.020079,40.497709],[-80.019966,40.49723],[-80.019944,40.496781],[-80.020047,40.496227],[-80.02025,40.495702],[-80.020595,40.495113],[-80.020977,40.494615],[-80.021308,40.494312],[-80.021983,40.493839],[-80.022906,40.495292],[-80.024164,40.495045],[-80.024595,40.495484],[-80.025426,40.495332],[-80.025898,40.4968],[-80.027794,40.496492],[-80.027808,40.4958]]]}},{"type":"Feature","properties":{"geoid":"42003462100","name":"Census Tract 4621","land_m2":4048132.0},"geometry":{"type":"Polygon","coordinates":[[[-80.099958,40.495586],[-80.099947,40.495032],[-80.099882,40.494841],[-80.091415,40.491742],[-80.087605,40.486357],[-80.087503,40.485692],[-80.083925,40.480406],[-80.083456,40.479782],[-80.082896,40.480081],[-80.082967,40.479612],[-80.081698,40.479419],[-80.080225,40.47869],[-80.07766,40.478679],[-80.077219,40.478591],[-80.076075,40.478174],[-80.075549,40.477909],[-80.074743,40.477387],[-80.073107,40.475908],[-80.071638,40.474905],[-80.071232,40.47469],[-80.071004,40.47462],[-80.070311,40.474681],[-80.069547,40.475062],[-80.068591,40.475729],[-80.068032,40.476016],[-80.067066,40.476399],[-80.066362,40.476572],[-80.066105,40.476533],[-80.065857,40.476362],[-80.065261,40.475723],[-80.062531,40.475761],[-80.059693,40.475735],[-80.052558,40.475848],[-80.047862,40.475814],[-80.048476,40.4773],[-80.049741,40.479143],[-80.051722,40.481287],[-80.053179,40.48217],[-80.054641,40.48297],[-80.059312,40.486137],[-80.061515,40.487486],[-80.062058,40.487863],[-80.063596,40.488932],[-80.066067,40.490799],[-80.067526,40.492271],[-80.069883,40.491894],[-80.0719,40.491736],[-80.073814,40.491522],[-80.075777,40.491226],[-80.07818,40.4911],[-80.081037,40.491511],[-80.083251,40.492561],[-80.086954,40.494499],[-80.091615,40.496614],[-80.093318,40.497151],[-80.096025,40.498257],[-80.097502,40.498742],[-80.099135,40.49943],[-80.099627,40.498394],[-80.099697,40.498159],[-80.099753,40.496847],[-80.099958,40.495586]]]}},{"type":"Feature","properties":{"geoid":"42003473300","name":"Census Tract 4733","land_m2":3299040.0},"geometry":{"type":"Polygon","coordinates":[[[-80.044439,40.380721],[-80.044453,40.380679],[-80.042931,40.380305],[-80.040724,40.377713],[-80.040514,40.377707],[-80.038148,40.376524],[-80.036502,40.376041],[-80.036455,40.375421],[-80.036348,40.37507],[-80.035271,40.373972],[-80.033991,40.372793],[-80.033385,40.371929],[-80.032368,40.370748],[-80.031537,40.370121],[-80.030798,40.369635],[-80.030216,40.369276],[-80.028309,40.368251],[-80.027921,40.367983],[-80.027581,40.368151],[-80.024189,40.369057],[-80.021714,40.369568],[-80.018433,40.371713],[-80.022459,40.375226],[-80.021214,40.376594],[-80.023451,40.377457],[-80.022757,40.380759],[-80.020169,40.383733],[-80.020219,40.386701],[-80.023131,40.38711],[-80.022282,40.38815],[-80.021606,40.387794],[-80.021313,40.388118],[-80.027827,40.391598],[-80.028678,40.391263],[-80.028696,40.391296],[-80.029551,40.39105],[-80.033625,40.389801],[-80.032506,40.388312],[-80.032792,40.388242],[-80.033733,40.388188],[-80.034388,40.388403],[-80.034506,40.388402],[-80.034524,40.387179],[-80.034803,40.387184],[-80.035815,40.384839],[-80.035971,40.384611],[-80.036762,40.384342],[-80.036271,40.383774],[-80.038864,40.383017],[-80.039079,40.384108],[-80.039309,40.384493],[-80.039624,40.38481],[-80.040621,40.385641],[-80.041245,40.386305],[-80.040593,40.38673],[-80.041699,40.387969],[-80.042342,40.387682],[-80.04292,40.388366],[-80.043544,40.387532],[-80.043933,40.385994],[-80.043996,40.385621],[-80.043979,40.385183],[-80.043751,40.383923],[-80.043788,40.383559],[-80.044439,40.380721]]]}},{"type":"Feature","properties":{"geoid":"42003424000","name":"Census Tract 4240","land_m2":1384723.0},"geometry":{"type":"Polygon","coordinates":[[[-79.940458,40.496389],[-79.940182,40.495845],[-79.938826,40.495377],[-79.938609,40.495172],[-79.93944,40.494625],[-79.939129,40.493892],[-79.938982,40.492956],[-79.938355,40.490983],[-79.937113,40.491255],[-79.935572,40.491491],[-79.933987,40.491593],[-79.93218,40.491689],[-79.92944,40.491627],[-79.927922,40.491538],[-79.923567,40.490717],[-79.921036,40.490036],[-79.907352,40.4872],[-79.907659,40.490824],[-79.907701,40.492337],[-79.909324,40.493376],[-79.909162,40.494192],[-79.908771,40.495104],[-79.909282,40.495275],[-79.912231,40.495836],[-79.917628,40.49662],[-79.925416,40.497292],[-79.925491,40.49905],[-79.927368,40.498991],[-79.927363,40.497671],[-79.931239,40.497378],[-79.936068,40.497203],[-79.938004,40.496906],[-79.940458,40.496389]]]}},{"type":"Feature","properties":{"geoid":"42003290400","name":"Census Tract 2904","land_m2":1604552.0},"geometry":{"type":"Polygon","coordinates":[[[-79.993497,40.383968],[-79.993549,40.383909],[-79.993369,40.383841],[-79.992883,40.383789],[-79.99189,40.383965],[-79.989724,40.383998],[-79.989261,40.38407],[-79.988185,40.38434],[-79.987205,40.384443],[-79.98691,40.38373],[-79.986556,40.38183],[-79.985629,40.381649],[-79.984226,40.38157],[-79.98492,40.381186],[-79.985565,40.380714],[-79.985454,40.3806],[-79.984828,40.37955],[-79.983342,40.381516],[-79.982754,40.381487],[-79.981947,40.380642],[-79.978928,40.381649],[-79.978028,40.381847],[-79.977854,40.381833],[-79.977645,40.381743],[-79.977345,40.381307],[-79.977093,40.381226],[-79.976755,40.381141],[-79.976142,40.381301],[-79.976845,40.382844],[-79.97765,40.384143],[-79.977495,40.384235],[-79.976472,40.385386],[-79.974081,40.384792],[-79.975756,40.387212],[-79.975413,40.38828],[-79.973083,40.388717],[-79.973246,40.39084],[-79.973565,40.392199],[-79.973035,40.392463],[-79.973226,40.392778],[-79.973638,40.392752],[-79.973903,40.393433],[-79.975788,40.393122],[-79.978109,40.39697],[-79.978684,40.396966],[-79.978648,40.39663],[-79.978917,40.395417],[-79.979211,40.394872],[-79.979423,40.394321],[-79.979762,40.393842],[-79.980548,40.392469],[-79.981174,40.391773],[-79.981512,40.391302],[-79.982387,40.390672],[-79.982463,40.390571],[-79.983108,40.389469],[-79.983798,40.387325],[-79.984572,40.388002],[-79.984982,40.388514],[-79.985871,40.390162],[-79.98651,40.391048],[-79.986606,40.391331],[-79.990031,40.391241],[-79.990425,40.391603],[-79.991254,40.393453],[-79.993059,40.393206],[-79.993093,40.39261],[-79.993505,40.392592],[-79.993423,40.392264],[-79.99301,40.392144],[-79.992882,40.391418],[-79.992809,40.391329],[-79.993209,40.3914],[-79.992912,40.390208],[-79.992484,40.390196],[-79.99218,40.390347],[-79.991289,40.389383],[-79.991144,40.389111],[-79.99126,40.38835],[-79.991135,40.387777],[-79.991319,40.387668],[-79.992235,40.387441],[-79.991993,40.38586],[-79.992015,40.385367],[-79.990558,40.385658],[-79.990345,40.385025],[-79.992932,40.384477],[-79.993293,40.384209],[-79.993497,40.383968]]]}},{"type":"Feature","properties":{"geoid":"42003459201","name":"Census Tract 4592.01","land_m2":23636112.0},"geometry":{"type":"Polygon","coordinates":[[[-80.172714,40.435604],[-80.172669,40.435323],[-80.17234,40.434906],[-80.17224,40.434611],[-80.172241,40.434466],[-80.172166,40.434397],[-80.172161,40.43431],[-80.171959,40.434208],[-80.171757,40.433876],[-80.17159,40.433721],[-80.171629,40.433531],[-80.171592,40.433449],[-80.171117,40.432869],[-80.170552,40.432474],[-80.170534,40.432294],[-80.170428,40.432124],[-80.170532,40.431932],[-80.170434,40.431775],[-80.17035,40.431728],[-80.170258,40.431435],[-80.170246,40.431093],[-80.17001,40.431048],[-80.169921,40.430938],[-80.16997,40.430901],[-80.169945,40.430726],[-80.170067,40.43024],[-80.169849,40.42986],[-80.169906,40.429474],[-80.169815,40.42912],[-80.16965,40.428804],[-80.169418,40.428528],[-80.169007,40.428321],[-80.169026,40.428087],[-80.168741,40.427933],[-80.168614,40.427664],[-80.1686,40.427594],[-80.168678,40.427492],[-80.168712,40.427323],[-80.168598,40.427079],[-80.168714,40.426721],[-80.168502,40.42637],[-80.168752,40.426247],[-80.168774,40.426162],[-80.168604,40.425528],[-80.168519,40.425399],[-80.168526,40.425129],[-80.168369,40.424992],[-80.168361,40.424847],[-80.168512,40.424514],[-80.168497,40.42415],[-80.168822,40.423965],[-80.168865,40.423752],[-80.168813,40.423562],[-80.168661,40.42334],[-80.168379,40.423174],[-80.168276,40.422979],[-80.168099,40.422871],[-80.168139,40.422454],[-80.168073,40.422276],[-80.168053,40.421914],[-80.163507,40.424809],[-80.155383,40.432336],[-80.155001,40.432507],[-80.154752,40.432455],[-80.154429,40.432494],[-80.152909,40.432959],[-80.151656,40.433402],[-80.15123,40.433449],[-80.150799,40.433402],[-80.149144,40.433007],[-80.148887,40.432885],[-80.148234,40.432431],[-80.147236,40.432059],[-80.146924,40.432042],[-80.146184,40.432165],[-80.145781,40.432162],[-80.140411,40.431225],[-80.139548,40.430948],[-80.139426,40.430852],[-80.139139,40.430434],[-80.138488,40.430401],[-80.138044,40.430496],[-80.137482,40.430507],[-80.136298,40.430145],[-80.135346,40.430195],[-80.135049,40.430069],[-80.134114,40.43062],[-80.130955,40.429717],[-80.129374,40.428622],[-80.128916,40.428384],[-80.126384,40.427746],[-80.125399,40.427123],[-80.124215,40.426582],[-80.123784,40.426474],[-80.122651,40.426303],[-80.120644,40.42575],[-80.119767,40.425624],[-80.118935,40.425607],[-80.118117,40.425685],[-80.116262,40.426134],[-80.115506,40.426186],[-80.114616,40.426089],[-80.115018,40.424462],[-80.111508,40.42426],[-80.110768,40.421285],[-80.110192,40.421022],[-80.108915,40.4208],[-80.109242,40.418284],[-80.10978,40.418136],[-80.109551,40.417696],[-80.107908,40.416311],[-80.105962,40.413331],[-80.105858,40.413099],[-80.099895,40.411031],[-80.099985,40.411649],[-80.097236,40.416148],[-80.098332,40.416997],[-80.097859,40.41727],[-80.098004,40.417357],[-80.098311,40.417763],[-80.09883,40.418162],[-80.09943,40.421273],[-80.096479,40.421262],[-80.096353,40.422423],[-80.095276,40.429989],[-80.092338,40.428465],[-80.090384,40.430924],[-80.092724,40.432345],[-80.091229,40.437088],[-80.089565,40.436278],[-80.088767,40.436993],[-80.088445,40.437449],[-80.087783,40.437785],[-80.086935,40.437761],[-80.086005,40.438355],[-80.085666,40.438835],[-80.086501,40.439457],[-80.086361,40.43957],[-80.08524,40.439605],[-80.083781,40.440011],[-80.082793,40.439386],[-80.082729,40.439225],[-80.081183,40.439226],[-80.080375,40.439637],[-80.081809,40.440045],[-80.082883,40.440437],[-80.083241,40.440825],[-80.083575,40.441363],[-80.084068,40.441929],[-80.084914,40.442092],[-80.085574,40.442324],[-80.088103,40.442951],[-80.089237,40.443333],[-80.090165,40.444162],[-80.090399,40.44541],[-80.090108,40.446579],[-80.090273,40.447522],[-80.091024,40.44905],[-80.089534,40.449836],[-80.089517,40.450427],[-80.08994,40.451018],[-80.090238,40.45124],[-80.090713,40.451421],[-80.09112,40.451424],[-80.091513,40.451342],[-80.0927,40.45079],[-80.093375,40.450754],[-80.104476,40.448177],[-80.106134,40.448879],[-80.106365,40.449036],[-80.106714,40.449303],[-80.107258,40.449832],[-80.107326,40.449964],[-80.107638,40.450168],[-80.10845,40.450985],[-80.108765,40.451199],[-80.109686,40.451367],[-80.109925,40.451331],[-80.110476,40.452126],[-80.112671,40.454359],[-80.112479,40.454583],[-80.111875,40.455519],[-80.11185,40.455658],[-80.112383,40.45624],[-80.112555,40.456513],[-80.112531,40.456756],[-80.112269,40.457585],[-80.112287,40.458078],[-80.112738,40.458095],[-80.113063,40.458168],[-80.113678,40.458602],[-80.114127,40.458687],[-80.115091,40.458706],[-80.117312,40.45936],[-80.119936,40.46003],[-80.120459,40.46014],[-80.121165,40.460215],[-80.122144,40.460309],[-80.122417,40.460211],[-80.123254,40.459111],[-80.123577,40.458857],[-80.124498,40.458308],[-80.125228,40.457761],[-80.125316,40.457558],[-80.12543,40.457034],[-80.125561,40.456871],[-80.125722,40.456789],[-80.129567,40.456014],[-80.130942,40.455794],[-80.131875,40.455755],[-80.133727,40.455922],[-80.134261,40.455885],[-80.134702,40.455783],[-80.136306,40.455161],[-80.136859,40.455925],[-80.137175,40.456165],[-80.138093,40.456354],[-80.139786,40.457115],[-80.14092,40.457529],[-80.141332,40.457566],[-80.143596,40.457518],[-80.143993,40.457425],[-80.144718,40.457102],[-80.144977,40.457043],[-80.145209,40.457095],[-80.145753,40.457397],[-80.145988,40.457437],[-80.146618,40.457438],[-80.147518,40.457352],[-80.147693,40.457488],[-80.147703,40.458021],[-80.147831,40.45835],[-80.149167,40.460205],[-80.149341,40.460333],[-80.149779,40.460523],[-80.151321,40.460994],[-80.151661,40.461198],[-80.151953,40.461473],[-80.152129,40.461807],[-80.152203,40.462171],[-80.152201,40.464176],[-80.152242,40.464641],[-80.15238,40.465001],[-80.152616,40.465316],[-80.15283,40.465504],[-80.153166,40.465709],[-80.153536,40.465859],[-80.155541,40.466358],[-80.155881,40.466401],[-80.156013,40.466227],[-80.156335,40.466111],[-80.156715,40.466198],[-80.157925,40.466629],[-80.158694,40.466605],[-80.159465,40.466668],[-80.160048,40.466585],[-80.160781,40.466243],[-80.161345,40.465863],[-80.16234,40.464004],[-80.161429,40.462932],[-80.161037,40.462334],[-80.159531,40.460575],[-80.15948,40.460403],[-80.160125,40.460087],[-80.160246,40.459946],[-80.160505,40.459621],[-80.160662,40.459015],[-80.160922,40.458634],[-80.161104,40.458547],[-80.161453,40.45863],[-80.161698,40.458782],[-80.162005,40.458694],[-80.162479,40.458775],[-80.162563,40.45888],[-80.162596,40.459075],[-80.162549,40.459128],[-80.16209,40.459233],[-80.161761,40.459389],[-80.161748,40.45978],[-80.162008,40.460319],[-80.161959,40.460593],[-80.161797,40.460871],[-80.161654,40.461344],[-80.16188,40.461488],[-80.162658,40.461555],[-80.16344,40.461475],[-80.163657,40.46137],[-80.164504,40.461386],[-80.165313,40.461605],[-80.16757,40.462397],[-80.168136,40.462472],[-80.168852,40.462264],[-80.169034,40.46191],[-80.169068,40.461567],[-80.168856,40.461297],[-80.168213,40.460874],[-80.167499,40.460293],[-80.167488,40.460091],[-80.168066,40.459648],[-80.168376,40.459249],[-80.168695,40.45895],[-80.169897,40.458808],[-80.170685,40.458879],[-80.170964,40.458854],[-80.171525,40.458659],[-80.172286,40.458288],[-80.172102,40.447763],[-80.17202,40.446201],[-80.17206,40.445987],[-80.172026,40.444007],[-80.172293,40.443659],[-80.172139,40.44278],[-80.172016,40.442582],[-80.17189,40.442477],[-80.171884,40.442317],[-80.171702,40.442093],[-80.171597,40.44183],[-80.171549,40.441638],[-80.171594,40.44148],[-80.171058,40.439926],[-80.171185,40.439617],[-80.171129,40.439526],[-80.171264,40.439062],[-80.171258,40.438785],[-80.171502,40.437829],[-80.171513,40.43764],[-80.171495,40.437338],[-80.17138,40.437232],[-80.171222,40.437243],[-80.171187,40.43717],[-80.171459,40.436822],[-80.171511,40.43659],[-80.172176,40.43634],[-80.172609,40.435897],[-80.172714,40.435604]],[[-80.102408,40.426398],[-80.104522,40.428971],[-80.101889,40.430428],[-80.100849,40.430899],[-80.099125,40.429864],[-80.098708,40.429354],[-80.097777,40.428647],[-80.099391,40.426842],[-80.100285,40.425595],[-80.10047,40.425427],[-80.10068,40.425545],[-80.101408,40.42518],[-80.102408,40.426398]]]}},{"type":"Feature","properties":{"geoid":"42003490002","name":"Census Tract 4900.02","land_m2":8249911.0},"geometry":{"type":"Polygon","coordinates":[[[-80.032941,40.288096],[-80.033269,40.28754],[-80.026632,40.285445],[-80.021579,40.284017],[-80.002852,40.278435],[-80.002672,40.278952],[-80.002481,40.27926],[-80.002278,40.279457],[-80.001233,40.280217],[-80.00128,40.280374],[-80.001257,40.28086],[-80.001305,40.281056],[-80.001713,40.281787],[-80.002063,40.282269],[-80.001923,40.282488],[-79.999944,40.284105],[-79.999466,40.284375],[-79.998855,40.28461],[-79.998703,40.284733],[-79.997986,40.286506],[-79.997904,40.286612],[-79.997591,40.286741],[-79.997107,40.286763],[-79.9964,40.286884],[-79.996251,40.286968],[-79.996201,40.287049],[-79.996217,40.287213],[-79.996789,40.288344],[-79.996936,40.289292],[-79.997235,40.289864],[-79.997224,40.290384],[-79.996675,40.292211],[-79.996539,40.292529],[-79.995752,40.293724],[-79.994681,40.295193],[-79.994541,40.295507],[-79.994484,40.295839],[-79.99446,40.298233],[-79.99454,40.298871],[-79.995357,40.302246],[-79.996279,40.304124],[-79.996374,40.304451],[-79.996451,40.306678],[-79.997065,40.306702],[-79.997853,40.306824],[-79.998729,40.307105],[-79.999236,40.307353],[-79.999774,40.30771],[-80.001022,40.308753],[-80.00167,40.309329],[-80.002299,40.309976],[-80.005096,40.313442],[-80.005442,40.314004],[-80.008697,40.320303],[-80.009341,40.32112],[-80.015386,40.311939],[-80.017532,40.308794],[-80.019508,40.30579],[-80.019593,40.305857],[-80.020457,40.304665],[-80.020534,40.304697],[-80.020925,40.304074],[-80.02077,40.304044],[-80.021085,40.30352],[-80.020752,40.303385],[-80.021429,40.30272],[-80.021351,40.302527],[-80.02099,40.302199],[-80.02314,40.300725],[-80.023263,40.300578],[-80.023351,40.300356],[-80.023851,40.298368],[-80.024048,40.298178],[-80.024936,40.297809],[-80.02511,40.297784],[-80.025542,40.297879],[-80.026103,40.296371],[-80.026176,40.29604],[-80.026707,40.294856],[-80.026784,40.294895],[-80.029256,40.29297],[-80.030389,40.292012],[-80.030472,40.29199],[-80.032099,40.289549],[-80.032941,40.288096]]]}},{"type":"Feature","properties":{"geoid":"42003504100","name":"Census Tract 5041","land_m2":8709648.0},"geometry":{"type":"Polygon","coordinates":[[[-79.853443,40.388406],[-79.849793,40.38516],[-79.84668,40.383043],[-79.843939,40.38091],[-79.841155,40.378408],[-79.839148,40.375883],[-79.838281,40.374113],[-79.837189,40.371649],[-79.836716,40.369484],[-79.836439,40.367083],[-79.836374,40.364988],[-79.834186,40.361458],[-79.833783,40.361342],[-79.833404,40.361857],[-79.833434,40.362215],[-79.833204,40.362674],[-79.832059,40.362172],[-79.832136,40.362651],[-79.832129,40.363006],[-79.830819,40.363074],[-79.830813,40.362567],[-79.830741,40.362176],[-79.830473,40.3622],[-79.829876,40.361674],[-79.829376,40.361607],[-79.82918,40.361184],[-79.828108,40.361183],[-79.826927,40.361795],[-79.826025,40.362394],[-79.825526,40.362885],[-79.823704,40.365016],[-79.822903,40.365667],[-79.821753,40.366294],[-79.818981,40.367256],[-79.817707,40.367783],[-79.816616,40.368342],[-79.815972,40.368857],[-79.815694,40.36915],[-79.815438,40.369468],[-79.81523,40.369877],[-79.81502,40.370575],[-79.814884,40.372774],[-79.814036,40.376715],[-79.813878,40.377082],[-79.816682,40.378599],[-79.816506,40.380152],[-79.816454,40.380211],[-79.816175,40.38007],[-79.815588,40.380781],[-79.815682,40.380871],[-79.816123,40.380944],[-79.813244,40.384666],[-79.812142,40.38429],[-79.811596,40.386541],[-79.811517,40.386687],[-79.814379,40.38987],[-79.814448,40.390963],[-79.814404,40.39292],[-79.812998,40.39513],[-79.81631,40.39709],[-79.815968,40.397919],[-79.816166,40.398483],[-79.817345,40.399808],[-79.818176,40.400153],[-79.818751,40.400494],[-79.824512,40.403023],[-79.826675,40.404231],[-79.827795,40.404293],[-79.827806,40.402875],[-79.829912,40.40064],[-79.830774,40.399549],[-79.830103,40.399337],[-79.8301,40.398347],[-79.833073,40.396325],[-79.834304,40.395079],[-79.835554,40.394313],[-79.835848,40.393993],[-79.836252,40.393386],[-79.836487,40.39211],[-79.837107,40.390888],[-79.838026,40.390738],[-79.839986,40.391124],[-79.841008,40.391739],[-79.845659,40.393187],[-79.846231,40.393555],[-79.846531,40.393677],[-79.846633,40.393702],[-79.84671,40.393618],[-79.847686,40.393769],[-79.84977,40.394277],[-79.851742,40.394513],[-79.852345,40.39431],[-79.852952,40.393739],[-79.853208,40.393044],[-79.852875,40.392733],[-79.851784,40.392525],[-79.851661,40.392152],[-79.851799,40.391695],[-79.851916,40.390725],[-79.852031,40.390205],[-79.852439,40.389852],[-79.853443,40.388406]]]}},{"type":"Feature","properties":{"geoid":"42003551300","name":"Census Tract 5513","land_m2":3951643.0},"geometry":{"type":"Polygon","coordinates":[[[-79.840241,40.327366],[-79.839728,40.326459],[-79.839491,40.325944],[-79.839313,40.325394],[-79.839059,40.324143],[-79.83885,40.323545],[-79.838387,40.322859],[-79.836993,40.321586],[-79.832792,40.324236],[-79.832386,40.323112],[-79.831703,40.320859],[-79.830779,40.320584],[-79.830013,40.320448],[-79.828122,40.320552],[-79.82718,40.320419],[-79.825607,40.321703],[-79.824925,40.322194],[-79.823576,40.323034],[-79.822979,40.322728],[-79.822383,40.321794],[-79.821489,40.320555],[-79.820007,40.318095],[-79.818472,40.318875],[-79.817313,40.319264],[-79.816069,40.319611],[-79.816735,40.320655],[-79.817696,40.322001],[-79.817691,40.322441],[-79.817478,40.322899],[-79.816396,40.324049],[-79.816242,40.324275],[-79.815834,40.326891],[-79.815887,40.327352],[-79.816018,40.327675],[-79.816321,40.328077],[-79.816687,40.328369],[-79.817146,40.328632],[-79.818035,40.327758],[-79.818201,40.327471],[-79.8196,40.330098],[-79.819994,40.332088],[-79.819992,40.333282],[-79.820272,40.33716],[-79.8203,40.338137],[-79.818827,40.338166],[-79.819063,40.342031],[-79.819121,40.34378],[-79.821951,40.343878],[-79.821767,40.34469],[-79.822596,40.344705],[-79.824572,40.344854],[-79.828611,40.344703],[-79.829184,40.345393],[-79.830971,40.347913],[-79.831224,40.347796],[-79.832714,40.347573],[-79.833471,40.347394],[-79.834327,40.347105],[-79.835091,40.346758],[-79.834438,40.345968],[-79.835699,40.345372],[-79.835669,40.344946],[-79.835727,40.344794],[-79.83593,40.344736],[-79.836394,40.344796],[-79.836814,40.340756],[-79.836769,40.340669],[-79.836864,40.340285],[-79.836782,40.340188],[-79.831699,40.33773],[-79.831072,40.33622],[-79.831182,40.335127],[-79.831637,40.335153],[-79.831749,40.334134],[-79.831831,40.334056],[-79.834509,40.334216],[-79.834946,40.334077],[-79.835043,40.334238],[-79.83518,40.332943],[-79.835853,40.332099],[-79.835968,40.331448],[-79.835403,40.329029],[-79.836743,40.328119],[-79.837571,40.328093],[-79.838054,40.328019],[-79.840241,40.327366]]]}},{"type":"Feature","properties":{"geoid":"42003523100","name":"Census Tract 5231","land_m2":6801262.0},"geometry":{"type":"Polygon","coordinates":[[[-79.889997,40.461869],[-79.889992,40.461829],[-79.887339,40.461127],[-79.884861,40.460543],[-79.879314,40.459112],[-79.879241,40.459152],[-79.878971,40.45915],[-79.877366,40.45896],[-79.877281,40.459384],[-79.877493,40.459408],[-79.877399,40.45983],[-79.876295,40.459701],[-79.876902,40.461607],[-79.875531,40.461549],[-79.875644,40.459955],[-79.875272,40.459945],[-79.87521,40.459905],[-79.875344,40.459791],[-79.874504,40.459263],[-79.87314,40.460427],[-79.87266,40.460736],[-79.872284,40.460884],[-79.871378,40.461108],[-79.870573,40.46119],[-79.869102,40.460973],[-79.869222,40.460526],[-79.870632,40.460752],[-79.871695,40.460565],[-79.87162,40.458389],[-79.872556,40.457643],[-79.872644,40.457455],[-79.868278,40.456351],[-79.867028,40.458547],[-79.865381,40.458561],[-79.865995,40.459335],[-79.86627,40.459817],[-79.866423,40.460491],[-79.866408,40.460913],[-79.86576,40.46285],[-79.865419,40.465687],[-79.865284,40.46601],[-79.864819,40.466452],[-79.864318,40.466827],[-79.862848,40.467462],[-79.861738,40.467736],[-79.860571,40.468398],[-79.860081,40.468786],[-79.859942,40.468965],[-79.859609,40.469636],[-79.859197,40.47018],[-79.859144,40.470378],[-79.859289,40.470914],[-79.859291,40.471297],[-79.859127,40.471821],[-79.858929,40.47218],[-79.858515,40.472521],[-79.857804,40.472815],[-79.857365,40.473054],[-79.856545,40.473719],[-79.8558,40.473836],[-79.853243,40.473558],[-79.852598,40.473549],[-79.852186,40.473601],[-79.851004,40.47417],[-79.848497,40.47554],[-79.848415,40.476117],[-79.848124,40.477282],[-79.848052,40.477744],[-79.848085,40.478205],[-79.84815,40.47843],[-79.848362,40.478866],[-79.848804,40.479479],[-79.850896,40.482116],[-79.851543,40.482799],[-79.852073,40.483146],[-79.852833,40.483492],[-79.856627,40.485014],[-79.856899,40.485171],[-79.857461,40.485246],[-79.859541,40.487052],[-79.861166,40.486352],[-79.862776,40.485809],[-79.865498,40.485069],[-79.870501,40.484196],[-79.872888,40.483715],[-79.874992,40.483385],[-79.877252,40.48317],[-79.882128,40.483081],[-79.883807,40.483212],[-79.88436,40.480493],[-79.884665,40.479312],[-79.884983,40.478813],[-79.885361,40.478592],[-79.886561,40.478184],[-79.887722,40.473142],[-79.888283,40.470037],[-79.889997,40.461869]]]}},{"type":"Feature","properties":{"geoid":"42003474102","name":"Census Tract 4741.02","land_m2":4788201.0},"geometry":{"type":"Polygon","coordinates":[[[-80.082181,40.345057],[-80.0816,40.344197],[-80.0811,40.34314],[-80.080836,40.342834],[-80.08044,40.34257],[-80.079506,40.342298],[-80.079232,40.342135],[-80.078396,40.341452],[-80.078121,40.341149],[-80.078029,40.340947],[-80.077997,40.340731],[-80.078072,40.339814],[-80.078036,40.339443],[-80.077932,40.339208],[-80.077678,40.33889],[-80.077202,40.338468],[-80.076465,40.337983],[-80.075682,40.33704],[-80.074666,40.336135],[-80.073329,40.33532],[-80.071701,40.334012],[-80.070538,40.33267],[-80.069181,40.330998],[-80.06768,40.329717],[-80.066522,40.32855],[-80.066326,40.328244],[-80.065898,40.326752],[-80.065375,40.325284],[-80.06537,40.32507],[-80.065489,40.324744],[-80.067273,40.323953],[-80.067763,40.323643],[-80.068395,40.323119],[-80.069173,40.322351],[-80.070725,40.321249],[-80.070999,40.320975],[-80.071747,40.319783],[-80.071887,40.319481],[-80.072199,40.318421],[-80.072198,40.318099],[-80.072116,40.317783],[-80.070939,40.315417],[-80.070602,40.314936],[-80.070124,40.314607],[-80.069745,40.314458],[-80.069294,40.314369],[-80.068102,40.314276],[-80.067693,40.314137],[-80.066008,40.318153],[-80.065816,40.318756],[-80.064648,40.321474],[-80.062777,40.326235],[-80.061865,40.328378],[-80.059962,40.332614],[-80.058743,40.335781],[-80.057491,40.339894],[-80.056691,40.341744],[-80.055932,40.342102],[-80.056514,40.34282],[-80.055905,40.343111],[-80.056008,40.343237],[-80.05463,40.34665],[-80.055055,40.347018],[-80.056174,40.347419],[-80.056626,40.347646],[-80.058435,40.349025],[-80.058809,40.34917],[-80.061053,40.34974],[-80.061433,40.349946],[-80.06335,40.352757],[-80.064356,40.355099],[-80.065596,40.357228],[-80.065645,40.357419],[-80.065523,40.358096],[-80.06561,40.358222],[-80.065804,40.358268],[-80.067804,40.358091],[-80.069644,40.357654],[-80.071031,40.357815],[-80.071854,40.358307],[-80.071479,40.356951],[-80.071426,40.356595],[-80.07147,40.356382],[-80.071648,40.356215],[-80.072619,40.356034],[-80.073014,40.355852],[-80.07332,40.355583],[-80.073499,40.355227],[-80.073828,40.352354],[-80.07399,40.34885],[-80.074502,40.348586],[-80.075411,40.348394],[-80.076025,40.348123],[-80.076615,40.347772],[-80.077644,40.347016],[-80.078924,40.346427],[-80.079592,40.345903],[-80.079881,40.34575],[-80.082181,40.345057]]]}},{"type":"Feature","properties":{"geoid":"42003426400","name":"Census Tract 4264","land_m2":3493080.0},"geometry":{"type":"Polygon","coordinates":[[[-79.97358,40.530612],[-79.973547,40.530471],[-79.973344,40.530162],[-79.972735,40.529651],[-79.972382,40.528982],[-79.972407,40.52885],[-79.972514,40.528726],[-79.972433,40.528515],[-79.972476,40.52829],[-79.972779,40.527911],[-79.973102,40.527631],[-79.97326,40.527428],[-79.973202,40.526769],[-79.973145,40.526599],[-79.972612,40.526143],[-79.972173,40.525891],[-79.971676,40.525353],[-79.971359,40.525232],[-79.970956,40.52493],[-79.970963,40.523744],[-79.97102,40.52337],[-79.970797,40.523003],[-79.970286,40.522426],[-79.970171,40.52236],[-79.969948,40.522338],[-79.969386,40.522448],[-79.969048,40.522459],[-79.968818,40.52241],[-79.968595,40.522284],[-79.968415,40.522092],[-79.968098,40.521543],[-79.96786,40.520598],[-79.967666,40.520274],[-79.96745,40.520132],[-79.967198,40.520055],[-79.966874,40.520033],[-79.966464,40.520181],[-79.966104,40.520494],[-79.965842,40.520923],[-79.964635,40.521342],[-79.964287,40.521394],[-79.963944,40.521346],[-79.963623,40.521151],[-79.963516,40.521008],[-79.963461,40.520772],[-79.963521,40.519662],[-79.963285,40.518565],[-79.962781,40.517817],[-79.962452,40.517444],[-79.962144,40.51692],[-79.961928,40.516342],[-79.961828,40.515548],[-79.962174,40.514637],[-79.962173,40.514309],[-79.961837,40.513875],[-79.961258,40.513475],[-79.960972,40.513377],[-79.960616,40.513367],[-79.960524,40.513264],[-79.960411,40.51287],[-79.960433,40.512644],[-79.960595,40.512298],[-79.961349,40.511649],[-79.961503,40.511471],[-79.961662,40.511127],[-79.961548,40.510845],[-79.961464,40.510757],[-79.959898,40.509782],[-79.96025,40.508925],[-79.960264,40.508733],[-79.960128,40.508563],[-79.959912,40.508437],[-79.958818,40.508239],[-79.958336,40.508091],[-79.95789,40.507893],[-79.957573,40.507646],[-79.957141,40.506976],[-79.956926,40.506554],[-79.956681,40.506246],[-79.956335,40.505961],[-79.9562,40.505376],[-79.950757,40.505525],[-79.95161,40.506739],[-79.951775,40.506736],[-79.952044,40.507475],[-79.952451,40.508127],[-79.951888,40.508252],[-79.95212,40.508525],[-79.948618,40.508666],[-79.948185,40.507871],[-79.948133,40.50736],[-79.947974,40.507368],[-79.94798,40.507399],[-79.947655,40.507494],[-79.947496,40.507477],[-79.947878,40.50934],[-79.948228,40.510135],[-79.948501,40.510435],[-79.949135,40.510892],[-79.951502,40.511952],[-79.952142,40.512442],[-79.954757,40.515563],[-79.954875,40.515753],[-79.955027,40.516251],[-79.955072,40.516509],[-79.95502,40.516889],[-79.954907,40.517244],[-79.953481,40.520087],[-79.953231,40.520483],[-79.95293,40.520786],[-79.952483,40.521135],[-79.950474,40.522041],[-79.949841,40.522452],[-79.949238,40.523148],[-79.949052,40.523471],[-79.948959,40.523871],[-79.948908,40.524224],[-79.948946,40.524713],[-79.949178,40.52522],[-79.951512,40.528482],[-79.95187,40.528958],[-79.952223,40.529302],[-79.95271,40.529621],[-79.953429,40.529913],[-79.953734,40.530003],[-79.955897,40.530323],[-79.956796,40.530599],[-79.957591,40.530936],[-79.962226,40.535839],[-79.962472,40.536158],[-79.962643,40.536584],[-79.962682,40.538353],[-79.963842,40.537049],[-79.963967,40.53679],[-79.96392,40.536455],[-79.963575,40.536009],[-79.963203,40.535634],[-79.960881,40.533854],[-79.96011,40.533119],[-79.959839,40.532698],[-79.959772,40.532396],[-79.959831,40.532066],[-79.959968,40.531804],[-79.960196,40.53187],[-79.960053,40.532218],[-79.960053,40.532397],[-79.960123,40.532557],[-79.960348,40.532748],[-79.960556,40.532822],[-79.960806,40.532838],[-79.961049,40.532789],[-79.962047,40.532166],[-79.962751,40.531853],[-79.963011,40.531806],[-79.963308,40.531841],[-79.965311,40.532512],[-79.965992,40.532858],[-79.966652,40.533392],[-79.967103,40.533978],[-79.967752,40.535065],[-79.968199,40.535473],[-79.968584,40.535636],[-79.969008,40.535717],[-79.970548,40.535682],[-79.968022,40.532519],[-79.971217,40.531735],[-79.973373,40.530801],[-79.973532,40.530706],[-79.97358,40.530612]]]}},{"type":"Feature","properties":{"geoid":"42003420000","name":"Census Tract 4200","land_m2":767755.0},"geometry":{"type":"Polygon","coordinates":[[[-79.865864,40.495565],[-79.865807,40.494152],[-79.865508,40.493387],[-79.865826,40.493373],[-79.865621,40.486797],[-79.865498,40.485069],[-79.862776,40.485809],[-79.861166,40.486352],[-79.859138,40.487227],[-79.857784,40.48809],[-79.856537,40.488976],[-79.85312,40.491824],[-79.851113,40.493601],[-79.85355,40.495647],[-79.856864,40.498169],[-79.859175,40.496435],[-79.859216,40.497693],[-79.860057,40.497663],[-79.860046,40.497549],[-79.86077,40.497537],[-79.860766,40.497448],[-79.861335,40.497435],[-79.861337,40.497475],[-79.861416,40.49748],[-79.862105,40.497462],[-79.862146,40.497665],[-79.862811,40.49765],[-79.862771,40.497035],[-79.865864,40.495565]]]}},{"type":"Feature","properties":{"geoid":"42003486800","name":"Census Tract 4868","land_m2":1282175.0},"geometry":{"type":"Polygon","coordinates":[[[-79.85963,40.367939],[-79.859515,40.36702],[-79.856795,40.365627],[-79.855933,40.365793],[-79.856107,40.366026],[-79.855644,40.36629],[-79.855436,40.366326],[-79.854905,40.366229],[-79.854534,40.365884],[-79.854145,40.365828],[-79.853791,40.365891],[-79.853668,40.365985],[-79.852575,40.367534],[-79.852455,40.367851],[-79.851807,40.368196],[-79.85119,40.367554],[-79.85033,40.367982],[-79.850189,40.367913],[-79.845284,40.369124],[-79.84512,40.368726],[-79.842778,40.369296],[-79.842495,40.36932],[-79.842136,40.367896],[-79.84192,40.366541],[-79.841864,40.365722],[-79.841933,40.364683],[-79.842055,40.364159],[-79.842332,40.363411],[-79.842586,40.362903],[-79.842833,40.362472],[-79.843239,40.361917],[-79.843982,40.361159],[-79.844442,40.360764],[-79.845303,40.360169],[-79.84408,40.35774],[-79.843281,40.357971],[-79.841117,40.359046],[-79.840026,40.359643],[-79.838959,40.360378],[-79.837906,40.361278],[-79.837186,40.362117],[-79.836816,40.363211],[-79.836374,40.364988],[-79.836439,40.367083],[-79.836716,40.369484],[-79.837189,40.371649],[-79.838281,40.374113],[-79.838773,40.375117],[-79.83982,40.374766],[-79.841417,40.374359],[-79.841679,40.374389],[-79.84441,40.373734],[-79.844885,40.373676],[-79.857183,40.370767],[-79.857288,40.370852],[-79.857829,40.370494],[-79.857816,40.369377],[-79.857774,40.369198],[-79.858247,40.367882],[-79.859561,40.368113],[-79.85963,40.367939]]]}},{"type":"Feature","properties":{"geoid":"42003523600","name":"Census Tract 5236","land_m2":5034901.0},"geometry":{"type":"Polygon","coordinates":[[[-79.828364,40.444355],[-79.82761,40.445058],[-79.82732,40.444994],[-79.820032,40.443189],[-79.802667,40.43858],[-79.801829,40.438865],[-79.801347,40.438925],[-79.800939,40.439062],[-79.800621,40.439264],[-79.80035,40.439509],[-79.800486,40.439698],[-79.800794,40.439813],[-79.80149,40.439909],[-79.801773,40.44],[-79.801973,40.440187],[-79.801908,40.440347],[-79.801693,40.440435],[-79.801285,40.440469],[-79.801054,40.440537],[-79.800119,40.441145],[-79.798832,40.441228],[-79.798263,40.441494],[-79.798118,40.441618],[-79.797921,40.44188],[-79.797606,40.44249],[-79.797511,40.442778],[-79.797504,40.443272],[-79.797416,40.443493],[-79.797104,40.443678],[-79.797012,40.443875],[-79.796691,40.444803],[-79.796611,40.445594],[-79.796342,40.446163],[-79.79627,40.446527],[-79.796371,40.446888],[-79.796972,40.447665],[-79.796975,40.447972],[-79.796889,40.448073],[-79.79667,40.448677],[-79.796944,40.448766],[-79.797072,40.448889],[-79.79717,40.449559],[-79.797412,40.450015],[-79.797605,40.450291],[-79.80036,40.453098],[-79.800614,40.453448],[-79.800632,40.453611],[-79.800587,40.453793],[-79.80017,40.454519],[-79.800136,40.454662],[-79.800191,40.45532],[-79.800362,40.455811],[-79.800851,40.456395],[-79.801909,40.457137],[-79.802632,40.457855],[-79.803308,40.458261],[-79.804604,40.458734],[-79.806301,40.45899],[-79.807889,40.459478],[-79.809724,40.45953],[-79.810412,40.459748],[-79.810897,40.460059],[-79.811087,40.460224],[-79.811238,40.460463],[-79.812397,40.461088],[-79.813284,40.461389],[-79.813729,40.461598],[-79.815737,40.462924],[-79.816437,40.463472],[-79.816722,40.463617],[-79.81944,40.464095],[-79.819662,40.464187],[-79.820078,40.464467],[-79.820468,40.464851],[-79.82095,40.465535],[-79.821575,40.465931],[-79.822058,40.46612],[-79.82331,40.466311],[-79.824476,40.466018],[-79.824645,40.465878],[-79.824728,40.465703],[-79.824706,40.46555],[-79.824626,40.465417],[-79.824005,40.464989],[-79.824431,40.464701],[-79.82424,40.464236],[-79.824119,40.463645],[-79.824043,40.461626],[-79.823961,40.460996],[-79.82383,40.460589],[-79.823434,40.459764],[-79.823278,40.459145],[-79.823267,40.457457],[-79.823211,40.457038],[-79.822975,40.456144],[-79.822948,40.455723],[-79.82298,40.455515],[-79.823239,40.454839],[-79.823685,40.454312],[-79.824071,40.454013],[-79.82583,40.452963],[-79.826131,40.452697],[-79.826391,40.452244],[-79.827966,40.44613],[-79.828364,40.444355]]]}},{"type":"Feature","properties":{"geoid":"42003523800","name":"Census Tract 5238","land_m2":4795646.0},"geometry":{"type":"Polygon","coordinates":[[[-79.859541,40.487052],[-79.857461,40.485246],[-79.856899,40.485171],[-79.856627,40.485014],[-79.852446,40.483329],[-79.851702,40.482916],[-79.851264,40.482538],[-79.848496,40.479076],[-79.84815,40.47843],[-79.848085,40.478205],[-79.848052,40.477744],[-79.848124,40.477282],[-79.848415,40.476117],[-79.848497,40.47554],[-79.847969,40.475923],[-79.846448,40.477701],[-79.846127,40.477917],[-79.84555,40.477974],[-79.843803,40.477548],[-79.843535,40.477519],[-79.842561,40.477641],[-79.839983,40.478408],[-79.839828,40.478378],[-79.839427,40.47841],[-79.839072,40.478508],[-79.838969,40.478482],[-79.838743,40.478247],[-79.838428,40.478064],[-79.838145,40.47802],[-79.837719,40.478101],[-79.836951,40.478392],[-79.834343,40.479662],[-79.834269,40.479951],[-79.833818,40.479982],[-79.833416,40.480073],[-79.832255,40.480568],[-79.830765,40.480979],[-79.829146,40.481561],[-79.828492,40.48186],[-79.826367,40.48207],[-79.824122,40.483044],[-79.823516,40.483243],[-79.819247,40.484202],[-79.819366,40.48429],[-79.820529,40.485636],[-79.820762,40.486069],[-79.82096,40.486838],[-79.820986,40.487964],[-79.820943,40.488271],[-79.820827,40.488485],[-79.820279,40.489147],[-79.819862,40.489499],[-79.820133,40.49005],[-79.82037,40.49002],[-79.821881,40.49014],[-79.82227,40.490236],[-79.822999,40.490517],[-79.823388,40.490586],[-79.826714,40.490576],[-79.82716,40.490673],[-79.827449,40.490931],[-79.827618,40.491959],[-79.82757,40.492428],[-79.827303,40.493151],[-79.82725,40.493468],[-79.827356,40.494406],[-79.827446,40.494615],[-79.827949,40.494839],[-79.829553,40.49522],[-79.82996,40.495225],[-79.830775,40.495136],[-79.832196,40.494852],[-79.833359,40.494996],[-79.833651,40.495086],[-79.833945,40.49536],[-79.834542,40.496249],[-79.834946,40.497115],[-79.835176,40.498085],[-79.835749,40.498933],[-79.835901,40.49924],[-79.836181,40.500148],[-79.836262,40.501368],[-79.836366,40.501552],[-79.836663,40.501775],[-79.837158,40.501965],[-79.83767,40.501543],[-79.837829,40.502234],[-79.838173,40.502663],[-79.838493,40.502869],[-79.839828,40.503489],[-79.840302,40.503677],[-79.840691,40.503716],[-79.841405,40.503438],[-79.842891,40.50336],[-79.843319,40.502305],[-79.843186,40.500794],[-79.843242,40.500176],[-79.843391,40.499565],[-79.844111,40.497324],[-79.84445,40.496763],[-79.845118,40.495976],[-79.850339,40.49594],[-79.851113,40.493601],[-79.85312,40.491824],[-79.856537,40.488976],[-79.857784,40.48809],[-79.859138,40.487227],[-79.859541,40.487052]]]}},{"type":"Feature","properties":{"geoid":"42003520001","name":"Census Tract 5200.01","land_m2":4378087.0},"geometry":{"type":"Polygon","coordinates":[[[-79.830008,40.43091],[-79.830047,40.430812],[-79.829195,40.429315],[-79.827693,40.429696],[-79.827661,40.429645],[-79.826927,40.4275],[-79.826386,40.425807],[-79.826359,40.425591],[-79.826404,40.425017],[-79.827084,40.422929],[-79.827108,40.422547],[-79.82705,40.422165],[-79.826806,40.421589],[-79.824785,40.418389],[-79.824617,40.418197],[-79.824251,40.417942],[-79.823809,40.41777],[-79.823526,40.417716],[-79.82303,40.417719],[-79.821988,40.41796],[-79.821827,40.417929],[-79.821615,40.41779],[-79.822672,40.41737],[-79.823345,40.416916],[-79.823059,40.416629],[-79.822891,40.416539],[-79.822716,40.41652],[-79.822548,40.416567],[-79.822119,40.416821],[-79.82066,40.417502],[-79.820183,40.417779],[-79.820865,40.416793],[-79.820136,40.416877],[-79.81953,40.417045],[-79.818164,40.417647],[-79.817828,40.417881],[-79.817626,40.418192],[-79.816838,40.419116],[-79.816378,40.419554],[-79.815827,40.419967],[-79.811749,40.422579],[-79.811432,40.422743],[-79.810838,40.422816],[-79.810684,40.422876],[-79.810487,40.422975],[-79.810228,40.423256],[-79.809965,40.423442],[-79.809617,40.423501],[-79.809341,40.423634],[-79.808804,40.424363],[-79.808009,40.425088],[-79.807582,40.425324],[-79.80724,40.425445],[-79.806577,40.425616],[-79.806241,40.425641],[-79.805293,40.425984],[-79.803552,40.426832],[-79.803113,40.427208],[-79.802765,40.427898],[-79.802668,40.428289],[-79.802625,40.428862],[-79.802576,40.429091],[-79.802398,40.429501],[-79.802348,40.429862],[-79.802362,40.430732],[-79.802309,40.430975],[-79.802044,40.431458],[-79.802027,40.431845],[-79.802086,40.432012],[-79.803587,40.43296],[-79.804215,40.433549],[-79.804535,40.434152],[-79.804562,40.43442],[-79.804535,40.434744],[-79.804468,40.43493],[-79.803548,40.435942],[-79.80316,40.436249],[-79.802959,40.436493],[-79.802935,40.436672],[-79.803087,40.437369],[-79.803093,40.437724],[-79.802869,40.438484],[-79.802667,40.43858],[-79.820032,40.443189],[-79.82732,40.444994],[-79.828139,40.441674],[-79.824713,40.440901],[-79.824956,40.439983],[-79.826146,40.439067],[-79.822769,40.435975],[-79.822269,40.435466],[-79.821906,40.43463],[-79.82115,40.434181],[-79.82097,40.433872],[-79.820987,40.433703],[-79.820884,40.433298],[-79.821043,40.432909],[-79.8223,40.431698],[-79.823373,40.430865],[-79.824577,40.430559],[-79.824806,40.431281],[-79.825632,40.431521],[-79.827027,40.432015],[-79.827221,40.431989],[-79.828929,40.431396],[-79.828883,40.431345],[-79.828949,40.431293],[-79.830008,40.43091]]]}},{"type":"Feature","properties":{"geoid":"42003552400","name":"Census Tract 5524","land_m2":2045381.0},"geometry":{"type":"Polygon","coordinates":[[[-79.862038,40.342463],[-79.862119,40.342414],[-79.861366,40.341689],[-79.859899,40.340044],[-79.861405,40.338816],[-79.860849,40.338398],[-79.859827,40.337896],[-79.858882,40.337351],[-79.858269,40.336766],[-79.857579,40.336211],[-79.85583,40.334222],[-79.85502,40.333487],[-79.853366,40.332372],[-79.848388,40.329443],[-79.846979,40.328721],[-79.84603,40.327988],[-79.844543,40.326536],[-79.843968,40.325546],[-79.84319,40.324463],[-79.842756,40.323658],[-79.841725,40.321157],[-79.84117,40.320149],[-79.840466,40.3203],[-79.838928,40.320809],[-79.836993,40.321586],[-79.838387,40.322859],[-79.83885,40.323545],[-79.839059,40.324143],[-79.839313,40.325394],[-79.839491,40.325944],[-79.839728,40.326459],[-79.840241,40.327366],[-79.838054,40.328019],[-79.837571,40.328093],[-79.836743,40.328119],[-79.835403,40.329029],[-79.835968,40.331448],[-79.835853,40.332099],[-79.83518,40.332943],[-79.835043,40.334238],[-79.834946,40.334077],[-79.834509,40.334216],[-79.831873,40.334055],[-79.831764,40.334093],[-79.831637,40.335153],[-79.831182,40.335127],[-79.831073,40.336147],[-79.831699,40.33773],[-79.833587,40.338651],[-79.835707,40.337741],[-79.836069,40.338537],[-79.838082,40.338257],[-79.83942,40.337907],[-79.839309,40.338091],[-79.839597,40.338092],[-79.839712,40.338037],[-79.840046,40.337606],[-79.840366,40.337388],[-79.840935,40.337256],[-79.841568,40.337328],[-79.841871,40.337414],[-79.842433,40.337666],[-79.842656,40.337945],[-79.842746,40.338273],[-79.850091,40.337764],[-79.855741,40.33908],[-79.856342,40.338409],[-79.856934,40.338747],[-79.857838,40.339794],[-79.858233,40.339578],[-79.860562,40.342175],[-79.86133,40.3429],[-79.862038,40.342463]]]}},{"type":"Feature","properties":{"geoid":"42003141400","name":"Census Tract 1414","land_m2":2053937.0},"geometry":{"type":"Polygon","coordinates":[[[-79.927909,40.427622],[-79.928158,40.427518],[-79.927097,40.426764],[-79.926828,40.426525],[-79.926686,40.426153],[-79.926703,40.425857],[-79.926457,40.425822],[-79.926231,40.425659],[-79.925789,40.425485],[-79.925732,40.425423],[-79.926285,40.423542],[-79.926096,40.419542],[-79.927151,40.419608],[-79.927057,40.419354],[-79.926817,40.41896],[-79.92625,40.418296],[-79.926048,40.417932],[-79.925944,40.417589],[-79.925799,40.416647],[-79.925654,40.416355],[-79.924909,40.415449],[-79.92499,40.415161],[-79.924971,40.415048],[-79.923871,40.414003],[-79.923617,40.413796],[-79.923423,40.413731],[-79.923529,40.413541],[-79.922847,40.41293],[-79.922891,40.412783],[-79.922594,40.412737],[-79.92281,40.412075],[-79.922774,40.411804],[-79.922552,40.411716],[-79.922303,40.411707],[-79.922115,40.41179],[-79.922012,40.41193],[-79.921703,40.411772],[-79.92156,40.41222],[-79.921309,40.41236],[-79.920761,40.411627],[-79.92027,40.412026],[-79.918572,40.410757],[-79.91727,40.411908],[-79.915403,40.413226],[-79.913314,40.41424],[-79.911464,40.414838],[-79.911652,40.414972],[-79.914678,40.415482],[-79.914872,40.415569],[-79.915609,40.415703],[-79.916101,40.416085],[-79.916414,40.416586],[-79.916205,40.416814],[-79.91576,40.417057],[-79.915724,40.417278],[-79.915537,40.417596],[-79.915422,40.417941],[-79.915285,40.418134],[-79.914926,40.418423],[-79.914394,40.418729],[-79.914286,40.418949],[-79.914042,40.419199],[-79.913503,40.419428],[-79.912044,40.419856],[-79.911706,40.420055],[-79.910024,40.422107],[-79.909815,40.422263],[-79.909722,40.422545],[-79.908507,40.423926],[-79.908284,40.424032],[-79.907817,40.42414],[-79.907688,40.424071],[-79.907616,40.423949],[-79.907465,40.423925],[-79.907293,40.423977],[-79.907228,40.424094],[-79.907206,40.424612],[-79.906983,40.424889],[-79.906868,40.425699],[-79.906767,40.425869],[-79.906623,40.425971],[-79.906117,40.426076],[-79.90621,40.4263],[-79.906196,40.426428],[-79.905766,40.427509],[-79.905807,40.427652],[-79.906009,40.427762],[-79.906517,40.427797],[-79.906836,40.427692],[-79.907027,40.427456],[-79.907158,40.427018],[-79.907464,40.426485],[-79.907793,40.42632],[-79.908804,40.426405],[-79.910062,40.426122],[-79.911266,40.426287],[-79.911925,40.426314],[-79.912489,40.426473],[-79.91327,40.427079],[-79.913861,40.427658],[-79.91423,40.427884],[-79.914582,40.428],[-79.914853,40.428018],[-79.915556,40.427877],[-79.915992,40.427897],[-79.917537,40.428152],[-79.920157,40.428901],[-79.923485,40.429738],[-79.923608,40.429579],[-79.927909,40.427622]]]}},{"type":"Feature","properties":{"geoid":"42003484300","name":"Census Tract 4843","land_m2":2224257.0},"geometry":{"type":"Polygon","coordinates":[[[-79.907451,40.408744],[-79.902702,40.403273],[-79.901324,40.403785],[-79.899598,40.399411],[-79.899629,40.399394],[-79.900624,40.400029],[-79.901943,40.399426],[-79.900916,40.398231],[-79.901752,40.397817],[-79.899827,40.39612],[-79.899635,40.39549],[-79.897735,40.395781],[-79.896524,40.394812],[-79.897267,40.394285],[-79.897116,40.394187],[-79.896625,40.394265],[-79.894871,40.394758],[-79.89471,40.394702],[-79.894647,40.394514],[-79.894774,40.394002],[-79.894765,40.393586],[-79.894653,40.393381],[-79.894052,40.392665],[-79.893971,40.392485],[-79.894053,40.391587],[-79.893607,40.391525],[-79.893653,40.392746],[-79.894322,40.393429],[-79.894273,40.39398],[-79.89384,40.394485],[-79.893616,40.394951],[-79.893513,40.395354],[-79.893709,40.395424],[-79.895154,40.397135],[-79.896119,40.398444],[-79.890286,40.400805],[-79.890525,40.401065],[-79.88851,40.401644],[-79.884246,40.403017],[-79.884363,40.403941],[-79.886771,40.405787],[-79.887278,40.40612],[-79.887541,40.406454],[-79.887053,40.407037],[-79.885403,40.406524],[-79.884511,40.407191],[-79.889878,40.409886],[-79.890624,40.4104],[-79.894308,40.412686],[-79.896183,40.413994],[-79.897893,40.414954],[-79.899936,40.41554],[-79.901512,40.415879],[-79.903117,40.415907],[-79.905972,40.415707],[-79.90528,40.413745],[-79.903881,40.410442],[-79.903332,40.409024],[-79.907451,40.408744]]]}},{"type":"Feature","properties":{"geoid":"42003469000","name":"Census Tract 4690","land_m2":5375269.0},"geometry":{"type":"Polygon","coordinates":[[[-80.074715,40.4129],[-80.074716,40.412865],[-80.07409,40.412549],[-80.07022,40.410785],[-80.066679,40.409064],[-80.057867,40.405071],[-80.051392,40.401993],[-80.051202,40.401943],[-80.050226,40.403525],[-80.049862,40.404018],[-80.049854,40.404127],[-80.044967,40.412047],[-80.039023,40.421631],[-80.038517,40.422351],[-80.037394,40.424267],[-80.034827,40.428358],[-80.037463,40.428545],[-80.038371,40.427846],[-80.040698,40.428683],[-80.04169,40.428987],[-80.042491,40.428618],[-80.04315,40.428044],[-80.042705,40.428674],[-80.043289,40.428193],[-80.044628,40.429062],[-80.046643,40.42942],[-80.046809,40.427372],[-80.046592,40.427031],[-80.047396,40.42701],[-80.047381,40.425957],[-80.047803,40.425735],[-80.048611,40.426338],[-80.04946,40.426812],[-80.050568,40.427071],[-80.05146,40.427138],[-80.052137,40.427385],[-80.052282,40.42739],[-80.053773,40.427938],[-80.054002,40.427719],[-80.05434,40.42754],[-80.056411,40.426705],[-80.057235,40.426439],[-80.063787,40.426363],[-80.064048,40.426226],[-80.064665,40.425714],[-80.065514,40.425117],[-80.067058,40.423056],[-80.067202,40.422776],[-80.067211,40.422458],[-80.066882,40.420621],[-80.066608,40.419384],[-80.066096,40.417499],[-80.066123,40.417228],[-80.06643,40.416776],[-80.067282,40.416221],[-80.068046,40.416003],[-80.070202,40.415851],[-80.071526,40.415814],[-80.071775,40.415724],[-80.071908,40.415617],[-80.072461,40.414673],[-80.072948,40.414105],[-80.074225,40.413152],[-80.074714,40.413042],[-80.074715,40.4129]]]}},{"type":"Feature","properties":{"geoid":"42003040400","name":"Census Tract 404","land_m2":194956.0},"geometry":{"type":"Polygon","coordinates":[[[-79.952724,40.448358],[-79.95192,40.446629],[-79.951911,40.446476],[-79.951703,40.446615],[-79.951334,40.446737],[-79.950588,40.4468],[-79.950366,40.445158],[-79.94877,40.445275],[-79.948654,40.44444],[-79.946903,40.444514],[-79.946584,40.444911],[-79.946517,40.445082],[-79.946542,40.445354],[-79.947361,40.447106],[-79.947691,40.447976],[-79.948751,40.450392],[-79.950738,40.4498],[-79.952724,40.448358]]]}},{"type":"Feature","properties":{"geoid":"42003497000","name":"Census Tract 4970","land_m2":12431396.0},"geometry":{"type":"Polygon","coordinates":[[[-79.884113,40.31155],[-79.884177,40.311453],[-79.880572,40.310178],[-79.878429,40.30964],[-79.876862,40.30906],[-79.876217,40.308706],[-79.874826,40.307706],[-79.873394,40.306531],[-79.871528,40.305112],[-79.869734,40.303502],[-79.868453,40.302003],[-79.86778,40.300231],[-79.867309,40.298298],[-79.8671,40.295992],[-79.867325,40.294413],[-79.867749,40.292621],[-79.86832,40.291141],[-79.869633,40.28928],[-79.870686,40.287896],[-79.872086,40.286611],[-79.873809,40.285313],[-79.875027,40.284195],[-79.876612,40.283371],[-79.877761,40.28263],[-79.875759,40.280978],[-79.87451,40.279645],[-79.875348,40.278859],[-79.874604,40.27834],[-79.873964,40.277566],[-79.87348,40.277134],[-79.873096,40.276899],[-79.871736,40.276361],[-79.871011,40.276345],[-79.870282,40.276463],[-79.869601,40.276679],[-79.868861,40.277184],[-79.866817,40.279034],[-79.866557,40.279182],[-79.866322,40.27924],[-79.865824,40.279259],[-79.864933,40.278973],[-79.86302,40.27807],[-79.862196,40.277468],[-79.861957,40.277401],[-79.860758,40.277615],[-79.859726,40.277934],[-79.85823,40.278157],[-79.856768,40.27849],[-79.855824,40.278492],[-79.855378,40.278554],[-79.854333,40.279074],[-79.853412,40.279316],[-79.853162,40.279353],[-79.852373,40.279298],[-79.85187,40.279356],[-79.851619,40.279439],[-79.851501,40.279516],[-79.851024,40.280046],[-79.849255,40.281147],[-79.849054,40.281458],[-79.848805,40.282123],[-79.848662,40.282343],[-79.847339,40.283284],[-79.847002,40.283567],[-79.84662,40.284008],[-79.846432,40.284134],[-79.846145,40.284261],[-79.845798,40.284337],[-79.844976,40.284362],[-79.84448,40.284444],[-79.8437,40.284794],[-79.842512,40.285068],[-79.841262,40.285437],[-79.838394,40.289613],[-79.835678,40.29021],[-79.835353,40.290552],[-79.834311,40.291191],[-79.833434,40.292251],[-79.832269,40.293932],[-79.831444,40.294597],[-79.830363,40.29564],[-79.830078,40.295972],[-79.829757,40.296767],[-79.82965,40.297721],[-79.829229,40.298307],[-79.832311,40.299186],[-79.837886,40.301655],[-79.839537,40.302732],[-79.836889,40.30742],[-79.835884,40.307625],[-79.836445,40.30872],[-79.835635,40.308954],[-79.838406,40.314286],[-79.837772,40.314648],[-79.838088,40.315141],[-79.838409,40.315865],[-79.839321,40.317201],[-79.839853,40.317733],[-79.840311,40.318454],[-79.84117,40.320149],[-79.843819,40.318946],[-79.846082,40.317999],[-79.8475,40.317289],[-79.852298,40.317939],[-79.853576,40.319282],[-79.855348,40.319279],[-79.855825,40.319099],[-79.856929,40.320035],[-79.856802,40.320811],[-79.856833,40.320784],[-79.858162,40.321132],[-79.85833,40.320816],[-79.859542,40.319234],[-79.858375,40.318718],[-79.858163,40.318991],[-79.85774,40.318806],[-79.858481,40.317746],[-79.860138,40.318475],[-79.860774,40.317605],[-79.859957,40.317325],[-79.860195,40.315678],[-79.860165,40.315366],[-79.860032,40.314994],[-79.860351,40.315044],[-79.860299,40.315095],[-79.861869,40.316113],[-79.86238,40.315465],[-79.864514,40.316331],[-79.863903,40.317364],[-79.864917,40.31789],[-79.865461,40.318229],[-79.867076,40.319518],[-79.868291,40.317835],[-79.870014,40.316022],[-79.872191,40.315951],[-79.873874,40.31754],[-79.876219,40.316334],[-79.875824,40.315453],[-79.876176,40.314647],[-79.877823,40.313095],[-79.879762,40.31411],[-79.881828,40.314958],[-79.882964,40.313344],[-79.884113,40.31155]]]}},{"type":"Feature","properties":{"geoid":"42003413201","name":"Census Tract 4132.01","land_m2":3779879.0},"geometry":{"type":"Polygon","coordinates":[[[-80.056551,40.581506],[-80.055889,40.57686],[-80.05476,40.576667],[-80.054484,40.57655],[-80.054378,40.576421],[-80.054344,40.576246],[-80.054573,40.575742],[-80.054574,40.575585],[-80.054438,40.5755],[-80.053698,40.575319],[-80.053393,40.5752],[-80.052841,40.574831],[-80.051658,40.573321],[-80.050025,40.571778],[-80.049777,40.571485],[-80.049509,40.57094],[-80.049441,40.570567],[-80.049639,40.568376],[-80.049553,40.568027],[-80.049305,40.567658],[-80.048979,40.567405],[-80.048572,40.567227],[-80.046955,40.566822],[-80.045777,40.566711],[-80.044356,40.566765],[-80.044052,40.566713],[-80.043815,40.566615],[-80.043478,40.566327],[-80.041547,40.564079],[-80.041438,40.563886],[-80.041404,40.563307],[-80.04125,40.562936],[-80.039973,40.56186],[-80.039719,40.561561],[-80.039408,40.561063],[-80.039092,40.562703],[-80.038281,40.56534],[-80.03803,40.566296],[-80.037404,40.569401],[-80.036953,40.571939],[-80.023515,40.572129],[-80.023906,40.573392],[-80.024179,40.573955],[-80.027259,40.578629],[-80.02736,40.578563],[-80.030169,40.582809],[-80.030681,40.58337],[-80.031742,40.58418],[-80.032555,40.584601],[-80.033778,40.585031],[-80.037479,40.585838],[-80.037563,40.58571],[-80.037866,40.585644],[-80.041093,40.586381],[-80.041647,40.58632],[-80.042332,40.585596],[-80.042483,40.585557],[-80.04339,40.585695],[-80.043736,40.586019],[-80.044132,40.585997],[-80.04448,40.585878],[-80.044124,40.585482],[-80.043514,40.585043],[-80.042883,40.584706],[-80.040318,40.583808],[-80.039416,40.583382],[-80.038681,40.582799],[-80.038389,40.582459],[-80.038136,40.582053],[-80.038426,40.58203],[-80.041236,40.582302],[-80.041707,40.582488],[-80.042454,40.583029],[-80.042902,40.583176],[-80.043388,40.583216],[-80.05511,40.581503],[-80.055883,40.581452],[-80.056551,40.581506]]]}},{"type":"Feature","properties":{"geoid":"42003451102","name":"Census Tract 4511.02","land_m2":5963556.0},"geometry":{"type":"Polygon","coordinates":[[[-80.221435,40.516977],[-80.22117,40.516705],[-80.2208,40.516428],[-80.219666,40.515912],[-80.218395,40.514797],[-80.218197,40.514701],[-80.217686,40.514577],[-80.217397,40.51441],[-80.212864,40.510382],[-80.207557,40.505457],[-80.205378,40.507084],[-80.202954,40.508806],[-80.202179,40.509425],[-80.199885,40.512496],[-80.198446,40.514605],[-80.197847,40.515787],[-80.197344,40.516329],[-80.197621,40.516563],[-80.197839,40.516924],[-80.197594,40.517345],[-80.196876,40.518335],[-80.196552,40.518621],[-80.192584,40.520654],[-80.191116,40.521468],[-80.190975,40.521408],[-80.190892,40.52131],[-80.190562,40.520316],[-80.190194,40.519681],[-80.189986,40.519547],[-80.188697,40.519169],[-80.188446,40.519052],[-80.185633,40.521492],[-80.185349,40.521675],[-80.184693,40.521946],[-80.183954,40.522064],[-80.182178,40.522214],[-80.180633,40.522516],[-80.179142,40.5225],[-80.17858,40.522657],[-80.177545,40.523074],[-80.176743,40.522574],[-80.17522,40.521856],[-80.173818,40.523751],[-80.171257,40.527397],[-80.172347,40.527798],[-80.175358,40.528623],[-80.176301,40.528954],[-80.178648,40.52994],[-80.183301,40.531203],[-80.186812,40.532356],[-80.187964,40.53292],[-80.189957,40.53102],[-80.190889,40.531701],[-80.191509,40.532282],[-80.193556,40.5345],[-80.194676,40.535981],[-80.195032,40.536381],[-80.19544,40.536736],[-80.195991,40.537096],[-80.196491,40.537349],[-80.197195,40.5376],[-80.198033,40.537827],[-80.199348,40.538054],[-80.200075,40.537964],[-80.200601,40.537764],[-80.200922,40.537553],[-80.20129,40.537173],[-80.201651,40.53662],[-80.201894,40.535928],[-80.202155,40.534919],[-80.202336,40.534569],[-80.202693,40.534105],[-80.203017,40.533808],[-80.203762,40.533295],[-80.204027,40.533061],[-80.204372,40.532653],[-80.204586,40.532237],[-80.204709,40.531829],[-80.20497,40.529891],[-80.205061,40.529542],[-80.205442,40.528781],[-80.205695,40.528413],[-80.206056,40.528029],[-80.206377,40.527731],[-80.207741,40.52688],[-80.208474,40.526613],[-80.209989,40.526229],[-80.210947,40.525893],[-80.213218,40.52483],[-80.216038,40.523683],[-80.216512,40.52338],[-80.216898,40.523046],[-80.217206,40.522665],[-80.217457,40.52222],[-80.217579,40.52175],[-80.217575,40.520463],[-80.217801,40.519809],[-80.219252,40.518174],[-80.219776,40.517836],[-80.221435,40.516977]]]}},{"type":"Feature","properties":{"geoid":"42003519000","name":"Census Tract 5190","land_m2":5666780.0},"geometry":{"type":"Polygon","coordinates":[[[-79.865108,40.437452],[-79.861498,40.438222],[-79.861347,40.438428],[-79.857628,40.435214],[-79.857369,40.434874],[-79.856088,40.43378],[-79.852007,40.43689],[-79.848616,40.433864],[-79.84833,40.433436],[-79.848294,40.433164],[-79.848349,40.432812],[-79.848794,40.431407],[-79.84887,40.431057],[-79.848868,40.430708],[-79.848742,40.430393],[-79.84852,40.430079],[-79.847161,40.428566],[-79.844834,40.429304],[-79.843884,40.428124],[-79.834557,40.428666],[-79.833887,40.427683],[-79.833724,40.428726],[-79.833037,40.429392],[-79.832552,40.430306],[-79.831806,40.430437],[-79.830627,40.428524],[-79.829921,40.427494],[-79.830961,40.423917],[-79.831319,40.422944],[-79.82969,40.423168],[-79.828801,40.42584],[-79.828114,40.425376],[-79.826374,40.425719],[-79.826927,40.4275],[-79.827693,40.429696],[-79.829195,40.429315],[-79.830047,40.430812],[-79.830008,40.43091],[-79.828949,40.431293],[-79.828883,40.431345],[-79.828929,40.431396],[-79.827221,40.431989],[-79.827027,40.432015],[-79.825632,40.431521],[-79.824806,40.431281],[-79.824577,40.430559],[-79.823373,40.430865],[-79.8223,40.431698],[-79.821043,40.432909],[-79.820884,40.433298],[-79.820987,40.433703],[-79.82097,40.433872],[-79.82115,40.434181],[-79.821906,40.43463],[-79.822269,40.435466],[-79.822769,40.435975],[-79.826146,40.439067],[-79.824956,40.439983],[-79.824713,40.440901],[-79.828139,40.441674],[-79.82732,40.444994],[-79.82761,40.445058],[-79.828364,40.444355],[-79.8294,40.444693],[-79.82952,40.444314],[-79.835346,40.44507],[-79.840227,40.449789],[-79.84374,40.45074],[-79.844323,40.449646],[-79.854219,40.452819],[-79.854044,40.445815],[-79.858501,40.445163],[-79.857886,40.442868],[-79.862095,40.44153],[-79.861605,40.439392],[-79.862838,40.438659],[-79.865108,40.437452]]]}},{"type":"Feature","properties":{"geoid":"42003191700","name":"Census Tract 1917","land_m2":1865135.0},"geometry":{"type":"Polygon","coordinates":[[[-80.023814,40.400124],[-80.023032,40.400065],[-80.020274,40.400031],[-80.020744,40.399538],[-80.021173,40.399211],[-80.0187,40.397411],[-80.017966,40.398],[-80.016062,40.396623],[-80.014697,40.396306],[-80.016385,40.392661],[-80.016044,40.392657],[-80.015161,40.392853],[-80.01502,40.392952],[-80.01499,40.393106],[-80.014662,40.393814],[-80.014104,40.395848],[-80.013672,40.396449],[-80.013389,40.396684],[-80.01155,40.397622],[-80.009681,40.399025],[-80.009022,40.399434],[-80.008554,40.399578],[-80.007663,40.399723],[-80.007499,40.399787],[-80.006603,40.400382],[-80.00461,40.40086],[-80.001918,40.401859],[-80.00161,40.401913],[-80.001778,40.402238],[-80.002291,40.40356],[-80.002656,40.404134],[-80.003262,40.404642],[-80.00517,40.406017],[-80.005572,40.406496],[-80.005767,40.407095],[-80.005626,40.408256],[-80.005655,40.408718],[-80.005984,40.409278],[-80.006318,40.409539],[-80.007279,40.410057],[-80.007815,40.410655],[-80.00823,40.411637],[-80.008429,40.411956],[-80.008954,40.412498],[-80.00997,40.413079],[-80.010069,40.412868],[-80.01057,40.412245],[-80.011489,40.41168],[-80.012851,40.41117],[-80.015247,40.410578],[-80.015537,40.41043],[-80.015815,40.410228],[-80.01767,40.40856],[-80.01793,40.408199],[-80.018146,40.407756],[-80.0188,40.405355],[-80.019178,40.404308],[-80.019353,40.404048],[-80.019685,40.403707],[-80.022171,40.40174],[-80.023814,40.400124]]]}},{"type":"Feature","properties":{"geoid":"42003260700","name":"Census Tract 2607","land_m2":671347.0},"geometry":{"type":"Polygon","coordinates":[[[-80.018348,40.489509],[-80.018206,40.489236],[-80.016416,40.488018],[-80.016274,40.487832],[-80.016293,40.487053],[-80.016233,40.486781],[-80.015739,40.485338],[-80.015472,40.484796],[-80.015269,40.484605],[-80.01466,40.484354],[-80.013934,40.4843],[-80.013647,40.484236],[-80.012951,40.483657],[-80.012899,40.483447],[-80.012932,40.483292],[-80.013621,40.482417],[-80.013778,40.482143],[-80.013792,40.482014],[-80.013351,40.480894],[-80.013071,40.480417],[-80.013686,40.479992],[-80.013197,40.479801],[-80.013163,40.479845],[-80.012993,40.479771],[-80.012703,40.480195],[-80.012111,40.480032],[-80.011923,40.47993],[-80.011751,40.479718],[-80.01196,40.478689],[-80.012662,40.478733],[-80.012736,40.478352],[-80.012793,40.478352],[-80.012855,40.478148],[-80.013435,40.478102],[-80.01358,40.478039],[-80.014381,40.477313],[-80.014556,40.477266],[-80.015222,40.477248],[-80.015452,40.477178],[-80.015685,40.477],[-80.01587,40.47672],[-80.015874,40.47647],[-80.015785,40.476321],[-80.01496,40.475795],[-80.01443,40.47477],[-80.014289,40.474834],[-80.013911,40.474857],[-80.011249,40.47495],[-80.01177,40.475327],[-80.012106,40.475654],[-80.012073,40.475823],[-80.012151,40.476141],[-80.011522,40.476268],[-80.01056,40.476343],[-80.007759,40.476707],[-80.007815,40.476997],[-80.00779,40.477583],[-80.007549,40.479895],[-80.007508,40.4808],[-80.007554,40.481681],[-80.007846,40.483127],[-80.008453,40.483253],[-80.008762,40.483374],[-80.00898,40.483482],[-80.009186,40.483734],[-80.009745,40.486341],[-80.01074,40.487457],[-80.010925,40.487597],[-80.011259,40.487727],[-80.014872,40.488039],[-80.018348,40.489509]]]}},{"type":"Feature","properties":{"geoid":"42003475401","name":"Census Tract 4754.01","land_m2":5916213.0},"geometry":{"type":"Polygon","coordinates":[[[-80.028482,40.357064],[-80.02816,40.355625],[-80.027249,40.353657],[-80.027127,40.353474],[-80.02592,40.352658],[-80.023467,40.35131],[-80.023174,40.35101],[-80.023061,40.350731],[-80.023059,40.350372],[-80.023192,40.349856],[-80.023518,40.349129],[-80.023703,40.348839],[-80.023866,40.348677],[-80.024302,40.348459],[-80.026337,40.348042],[-80.026674,40.347886],[-80.02686,40.347681],[-80.026962,40.347477],[-80.027232,40.346511],[-80.027376,40.344886],[-80.027367,40.344505],[-80.027222,40.344047],[-80.026147,40.342494],[-80.026052,40.342286],[-80.025868,40.341513],[-80.025786,40.340961],[-80.025781,40.3405],[-80.026123,40.339017],[-80.026113,40.338729],[-80.025989,40.338209],[-80.025843,40.337942],[-80.025564,40.337587],[-80.024558,40.336536],[-80.024198,40.335861],[-80.02407,40.335237],[-80.024083,40.333595],[-80.023951,40.333278],[-80.02293,40.331895],[-80.022032,40.330536],[-80.021731,40.330303],[-80.017852,40.326459],[-80.017259,40.325961],[-80.01651,40.325465],[-80.010199,40.321793],[-80.009594,40.321358],[-80.009341,40.32112],[-79.998059,40.338248],[-79.998175,40.338284],[-80.001598,40.340578],[-80.005624,40.342983],[-80.006404,40.344243],[-80.006658,40.344751],[-80.006882,40.344688],[-80.006999,40.344945],[-80.008528,40.347396],[-80.010669,40.350452],[-80.011477,40.350488],[-80.01152,40.351743],[-80.011622,40.351993],[-80.017084,40.359027],[-80.022301,40.359284],[-80.022896,40.359083],[-80.022673,40.35745],[-80.028482,40.357064]]]}},{"type":"Feature","properties":{"geoid":"42003429500","name":"Census Tract 4295","land_m2":4117962.0},"geometry":{"type":"Polygon","coordinates":[[[-80.034923,40.55362],[-80.034783,40.551613],[-80.034597,40.550735],[-80.034546,40.549938],[-80.034475,40.549592],[-80.034266,40.548999],[-80.033482,40.547681],[-80.031259,40.545116],[-80.031152,40.545017],[-80.030722,40.54528],[-80.029288,40.543904],[-80.027564,40.542445],[-80.019968,40.535089],[-80.019533,40.534602],[-80.019074,40.533934],[-80.018662,40.533007],[-80.018142,40.531286],[-80.01808,40.530624],[-80.018128,40.529145],[-80.018101,40.528879],[-80.017934,40.528361],[-80.017099,40.52687],[-80.015528,40.524548],[-80.015214,40.523835],[-80.015056,40.523314],[-80.014176,40.520069],[-80.013836,40.519443],[-80.012803,40.517884],[-80.012483,40.517562],[-80.011913,40.517109],[-80.009674,40.515692],[-80.008305,40.514951],[-80.007377,40.514597],[-80.006703,40.514417],[-80.004195,40.514038],[-80.004622,40.516764],[-80.005174,40.520777],[-80.005376,40.521922],[-80.005483,40.522821],[-80.005538,40.525038],[-80.005631,40.526023],[-80.005765,40.526463],[-80.006152,40.527191],[-80.007028,40.52818],[-80.008768,40.529393],[-80.009259,40.529799],[-80.009939,40.530571],[-80.010149,40.530906],[-80.010782,40.532212],[-80.011038,40.533096],[-80.011075,40.534071],[-80.010946,40.535382],[-80.010987,40.536332],[-80.011305,40.537476],[-80.012451,40.540863],[-80.013106,40.541966],[-80.014184,40.543482],[-80.014484,40.543825],[-80.015088,40.544407],[-80.01653,40.545538],[-80.016929,40.54592],[-80.016754,40.545946],[-80.017486,40.546845],[-80.017818,40.547386],[-80.019745,40.551689],[-80.020866,40.553871],[-80.027467,40.553874],[-80.034923,40.55362]]]}},{"type":"Feature","properties":{"geoid":"42003475304","name":"Census Tract 4753.04","land_m2":4349270.0},"geometry":{"type":"Polygon","coordinates":[[[-80.069306,40.29992],[-80.069255,40.298589],[-80.069202,40.298298],[-80.063287,40.296477],[-80.039181,40.289387],[-80.033269,40.28754],[-80.032099,40.289549],[-80.030472,40.29199],[-80.03041,40.292006],[-80.030555,40.292097],[-80.030612,40.292245],[-80.030841,40.293027],[-80.030803,40.293317],[-80.030622,40.293764],[-80.029674,40.295213],[-80.029471,40.295659],[-80.029359,40.296133],[-80.029417,40.297292],[-80.030518,40.30186],[-80.03056,40.302327],[-80.030478,40.303935],[-80.030533,40.304283],[-80.032048,40.30657],[-80.032769,40.308106],[-80.035087,40.307438],[-80.035098,40.306279],[-80.035978,40.305197],[-80.036073,40.305132],[-80.03673,40.305109],[-80.039912,40.305277],[-80.040126,40.305198],[-80.040407,40.3039],[-80.040442,40.302762],[-80.040674,40.301994],[-80.040792,40.301371],[-80.041421,40.300216],[-80.041547,40.29923],[-80.041386,40.297649],[-80.041399,40.297389],[-80.041476,40.297153],[-80.041554,40.297151],[-80.04181,40.296971],[-80.042201,40.297253],[-80.042413,40.297324],[-80.043308,40.297457],[-80.046809,40.298156],[-80.047398,40.299323],[-80.048108,40.299413],[-80.048532,40.299517],[-80.049974,40.299982],[-80.051062,40.300411],[-80.053459,40.301762],[-80.05488,40.30287],[-80.056503,40.303726],[-80.056975,40.304303],[-80.057953,40.304997],[-80.058142,40.305304],[-80.05835,40.308282],[-80.058602,40.309336],[-80.058751,40.30962],[-80.058961,40.309823],[-80.059282,40.310016],[-80.061342,40.311092],[-80.061979,40.311315],[-80.064289,40.311937],[-80.065256,40.311808],[-80.065882,40.311612],[-80.066721,40.311215],[-80.067372,40.310716],[-80.067584,40.310468],[-80.068089,40.309507],[-80.068126,40.308806],[-80.068059,40.308164],[-80.067431,40.304766],[-80.067392,40.30437],[-80.067436,40.303804],[-80.067564,40.303365],[-80.067751,40.302977],[-80.068622,40.301725],[-80.069086,40.300944],[-80.069253,40.300375],[-80.069306,40.29992]]]}},{"type":"Feature","properties":{"geoid":"42003413100","name":"Census Tract 4131","land_m2":15950009.0},"geometry":{"type":"Polygon","coordinates":[[[-80.068057,40.612536],[-80.067819,40.60707],[-80.067614,40.603786],[-80.06766,40.602604],[-80.067424,40.59585],[-80.067341,40.595724],[-80.067045,40.595471],[-80.066599,40.595263],[-80.065129,40.594983],[-80.064906,40.594906],[-80.06461,40.594713],[-80.064272,40.594664],[-80.064041,40.594499],[-80.063285,40.594329],[-80.06273,40.594461],[-80.061469,40.59423],[-80.061066,40.594285],[-80.060944,40.594208],[-80.060871,40.594027],[-80.060792,40.593961],[-80.060439,40.593967],[-80.059993,40.593796],[-80.059402,40.593714],[-80.059099,40.593566],[-80.058955,40.593544],[-80.058588,40.593599],[-80.058033,40.593379],[-80.057471,40.593379],[-80.056585,40.593291],[-80.05647,40.593318],[-80.056319,40.593445],[-80.055829,40.593231],[-80.055699,40.593252],[-80.055512,40.593428],[-80.055281,40.593423],[-80.055188,40.593554],[-80.055094,40.593587],[-80.054748,40.593302],[-80.054006,40.592961],[-80.053704,40.592692],[-80.053409,40.592258],[-80.05307,40.592044],[-80.052948,40.591907],[-80.05276,40.591808],[-80.052444,40.591539],[-80.052091,40.59138],[-80.051896,40.59122],[-80.051536,40.590781],[-80.051248,40.590726],[-80.050852,40.590896],[-80.050571,40.590951],[-80.050391,40.590825],[-80.050304,40.590578],[-80.049836,40.590556],[-80.049663,40.59049],[-80.049397,40.590078],[-80.049462,40.590028],[-80.049987,40.590083],[-80.050031,40.590056],[-80.050023,40.589984],[-80.049541,40.589485],[-80.049354,40.589457],[-80.049138,40.589507],[-80.048821,40.589441],[-80.04877,40.589353],[-80.048922,40.589199],[-80.048943,40.589117],[-80.0489,40.58904],[-80.048763,40.589029],[-80.048633,40.589106],[-80.048497,40.589062],[-80.04854,40.588941],[-80.048713,40.588776],[-80.048626,40.588612],[-80.048021,40.588392],[-80.047733,40.588221],[-80.047625,40.588095],[-80.047596,40.587848],[-80.047496,40.587749],[-80.047229,40.587722],[-80.047056,40.587551],[-80.046783,40.587502],[-80.04661,40.58737],[-80.046307,40.587414],[-80.046185,40.587354],[-80.046185,40.587244],[-80.046279,40.587112],[-80.046242,40.58703],[-80.046098,40.586953],[-80.045832,40.586931],[-80.045659,40.58681],[-80.045313,40.586255],[-80.045047,40.586008],[-80.044723,40.585794],[-80.044132,40.585997],[-80.043815,40.586035],[-80.04365,40.585969],[-80.04339,40.585695],[-80.042483,40.585557],[-80.042332,40.585596],[-80.041647,40.58632],[-80.041093,40.586381],[-80.037866,40.585644],[-80.037563,40.58571],[-80.037261,40.586199],[-80.035676,40.585907],[-80.033451,40.585423],[-80.030872,40.585],[-80.030512,40.585005],[-80.030015,40.585115],[-80.029777,40.585032],[-80.029057,40.584911],[-80.027638,40.584895],[-80.026774,40.584949],[-80.025268,40.585192],[-80.024519,40.585695],[-80.023618,40.586195],[-80.023301,40.586425],[-80.02297,40.586782],[-80.022559,40.587056],[-80.022299,40.587704],[-80.022234,40.588177],[-80.02183,40.588566],[-80.021686,40.589159],[-80.021426,40.589478],[-80.020411,40.589862],[-80.019582,40.590043],[-80.018962,40.59041],[-80.01853,40.590525],[-80.018379,40.590608],[-80.017953,40.591096],[-80.017845,40.591578],[-80.017758,40.59175],[-80.017614,40.591887],[-80.017261,40.592052],[-80.017031,40.592101],[-80.016065,40.592133],[-80.01559,40.592336],[-80.015021,40.592292],[-80.013371,40.592731],[-80.013162,40.59289],[-80.012981,40.593291],[-80.012426,40.593796],[-80.012152,40.594169],[-80.012073,40.594372],[-80.011374,40.594877],[-80.011208,40.594959],[-80.010884,40.594866],[-80.01074,40.59491],[-80.010682,40.594998],[-80.010725,40.59519],[-80.010343,40.595349],[-80.010048,40.595316],[-80.00981,40.594964],[-80.009702,40.594948],[-80.008657,40.595282],[-80.007865,40.595326],[-80.007714,40.595419],[-80.007699,40.595831],[-80.007324,40.595924],[-80.006892,40.596226],[-80.006467,40.596182],[-80.006251,40.596094],[-80.005912,40.595874],[-80.005711,40.595616],[-80.005581,40.595209],[-80.005596,40.594847],[-80.005705,40.59444],[-80.005705,40.594117],[-80.005568,40.593864],[-80.005057,40.593463],[-80.004631,40.593056],[-80.003197,40.592957],[-80.002485,40.593221],[-79.999916,40.594589],[-79.998466,40.594959],[-79.998254,40.595729],[-79.997871,40.597515],[-79.997925,40.597626],[-79.997343,40.596963],[-79.99681,40.597005],[-79.99614,40.596863],[-79.995708,40.596627],[-79.995318,40.596341],[-79.994879,40.596155],[-79.994619,40.596155],[-79.994317,40.596248],[-79.993619,40.596924],[-79.993511,40.596963],[-79.99315,40.596924],[-79.992927,40.596787],[-79.992653,40.596304],[-79.992357,40.596052],[-79.991392,40.595838],[-79.991334,40.595701],[-79.99137,40.595475],[-79.991327,40.595338],[-79.991161,40.595141],[-79.99106,40.594722],[-79.990579,40.594705],[-79.990929,40.605444],[-79.99114,40.614313],[-80.032958,40.613286],[-80.068057,40.612536]]]}},{"type":"Feature","properties":{"geoid":"42003421200","name":"Census Tract 4212","land_m2":9247662.0},"geometry":{"type":"MultiPolygon","coordinates":[[[[-79.93772,40.534121],[-79.93736,40.526264],[-79.937254,40.525848],[-79.937126,40.522053],[-79.936625,40.512225],[-79.936265,40.502842],[-79.936285,40.502167],[-79.936231,40.502035],[-79.936219,40.500238],[-79.936068,40.497203],[-79.931239,40.497378],[-79.927363,40.497671],[-79.927368,40.498991],[-79.925491,40.49905],[-79.925416,40.497292],[-79.917628,40.49662],[-79.911757,40.495756],[-79.909919,40.495424],[-79.908771,40.495104],[-79.908777,40.495579],[-79.907835,40.495377],[-79.908065,40.500071],[-79.902229,40.50024],[-79.902356,40.503978],[-79.908318,40.503806],[-79.908577,40.508737],[-79.911289,40.508672],[-79.911264,40.507769],[-79.912902,40.507761],[-79.912837,40.508258],[-79.91292,40.508643],[-79.914079,40.508597],[-79.914581,40.517626],[-79.915015,40.526998],[-79.911809,40.527092],[-79.911447,40.528109],[-79.911588,40.528701],[-79.911643,40.528768],[-79.912252,40.528944],[-79.912539,40.529125],[-79.912776,40.529397],[-79.913072,40.529571],[-79.913278,40.529923],[-79.913098,40.530358],[-79.911622,40.530399],[-79.911629,40.530559],[-79.911343,40.530566],[-79.911375,40.531123],[-79.914476,40.531035],[-79.914041,40.532274],[-79.913252,40.535777],[-79.913097,40.536165],[-79.921949,40.535933],[-79.927146,40.535857],[-79.927121,40.534271],[-79.937654,40.534152],[-79.93772,40.534121]]],[[[-79.902145,40.499766],[-79.901977,40.496882],[-79.902006,40.49667],[-79.901964,40.495797],[-79.901907,40.495563],[-79.901787,40.493673],[-79.900862,40.493453],[-79.898959,40.493147],[-79.897649,40.492996],[-79.896813,40.493005],[-79.896557,40.493802],[-79.89764,40.49492],[-79.897867,40.495135],[-79.898334,40.495219],[-79.898932,40.495402],[-79.899791,40.495812],[-79.900016,40.496101],[-79.899834,40.496794],[-79.899617,40.497008],[-79.899394,40.497146],[-79.900405,40.498899],[-79.900154,40.498993],[-79.901003,40.50035],[-79.90105,40.500391],[-79.901541,40.500031],[-79.902145,40.499766]]]]}},{"type":"Feature","properties":{"geoid":"42003407002","name":"Census Tract 4070.02","land_m2":26237441.0},"geometry":{"type":"Polygon","coordinates":[[[-79.920841,40.618258],[-79.9209,40.618198],[-79.92061,40.61607],[-79.920425,40.610943],[-79.920123,40.606704],[-79.920099,40.604973],[-79.919796,40.598341],[-79.919748,40.596318],[-79.916119,40.596361],[-79.90853,40.596608],[-79.897081,40.596887],[-79.869189,40.597762],[-79.852424,40.598113],[-79.820619,40.599073],[-79.812579,40.599113],[-79.813012,40.604729],[-79.813023,40.612103],[-79.814481,40.612078],[-79.815129,40.611588],[-79.815716,40.611247],[-79.817076,40.610741],[-79.817358,40.610591],[-79.817798,40.610258],[-79.818385,40.610017],[-79.818871,40.60967],[-79.819724,40.609259],[-79.819958,40.609178],[-79.820428,40.609128],[-79.820939,40.609268],[-79.821179,40.60944],[-79.82131,40.609608],[-79.821621,40.610597],[-79.82187,40.611067],[-79.822102,40.611356],[-79.822547,40.611734],[-79.823279,40.612116],[-79.826418,40.613083],[-79.82677,40.613284],[-79.826933,40.613435],[-79.827065,40.613605],[-79.827191,40.613955],[-79.827281,40.615137],[-79.827448,40.615446],[-79.827765,40.615714],[-79.828762,40.61615],[-79.83024,40.617055],[-79.830848,40.617301],[-79.832607,40.617287],[-79.833749,40.617333],[-79.833733,40.617158],[-79.833875,40.617187],[-79.834372,40.617616],[-79.834733,40.618176],[-79.834791,40.61861],[-79.834942,40.618741],[-79.835605,40.619169],[-79.836066,40.619279],[-79.836643,40.619526],[-79.836746,40.619786],[-79.836682,40.620116],[-79.836695,40.620434],[-79.836776,40.620604],[-79.837018,40.620868],[-79.837425,40.62102],[-79.838241,40.6215],[-79.838675,40.621934],[-79.838774,40.62242],[-79.838266,40.622847],[-79.838902,40.623084],[-79.839469,40.623412],[-79.839851,40.623695],[-79.840402,40.624226],[-79.841478,40.624926],[-79.841899,40.625081],[-79.841953,40.624975],[-79.842394,40.62519],[-79.844656,40.625869],[-79.846374,40.626684],[-79.848083,40.627976],[-79.849774,40.628811],[-79.851386,40.629767],[-79.852035,40.630059],[-79.853282,40.630856],[-79.853532,40.631057],[-79.853855,40.631459],[-79.854087,40.63195],[-79.854055,40.632284],[-79.853892,40.632701],[-79.854019,40.632637],[-79.854127,40.632497],[-79.854728,40.631217],[-79.855905,40.630085],[-79.855962,40.629919],[-79.855897,40.629013],[-79.85592,40.628533],[-79.855978,40.628364],[-79.856288,40.627865],[-79.857342,40.626302],[-79.85773,40.626072],[-79.858393,40.625783],[-79.859724,40.625548],[-79.860602,40.625469],[-79.860736,40.625974],[-79.860931,40.626252],[-79.861229,40.626507],[-79.862677,40.627471],[-79.863286,40.628029],[-79.865469,40.630233],[-79.867198,40.632245],[-79.867515,40.632474],[-79.868899,40.633139],[-79.869596,40.633445],[-79.870702,40.633731],[-79.871445,40.633764],[-79.875479,40.633713],[-79.876078,40.633523],[-79.877162,40.632925],[-79.881268,40.631081],[-79.881581,40.630991],[-79.881672,40.631213],[-79.882038,40.631165],[-79.885067,40.631055],[-79.885508,40.630983],[-79.886128,40.630757],[-79.890422,40.628924],[-79.892125,40.627674],[-79.892479,40.627463],[-79.893117,40.627303],[-79.894342,40.627242],[-79.895012,40.627136],[-79.896702,40.626536],[-79.897169,40.62617],[-79.897699,40.62539],[-79.898064,40.62503],[-79.89963,40.624084],[-79.900042,40.623719],[-79.900509,40.622923],[-79.901802,40.620279],[-79.902113,40.619813],[-79.903612,40.618068],[-79.904299,40.618239],[-79.906789,40.618542],[-79.911635,40.619447],[-79.912998,40.619773],[-79.918597,40.621349],[-79.918559,40.621102],[-79.918459,40.620921],[-79.918219,40.620692],[-79.9176,40.620281],[-79.917508,40.620125],[-79.917538,40.620045],[-79.918292,40.619641],[-79.91842,40.619773],[-79.918597,40.619853],[-79.918802,40.619874],[-79.919042,40.619814],[-79.920841,40.618258]]]}},{"type":"Feature","properties":{"geoid":"42003488600","name":"Census Tract 4886","land_m2":12634746.0},"geometry":{"type":"Polygon","coordinates":[[[-79.955911,40.340439],[-79.950691,40.337446],[-79.94908,40.336851],[-79.948373,40.336531],[-79.947937,40.336273],[-79.947328,40.335706],[-79.937294,40.329957],[-79.934153,40.32804],[-79.932351,40.327277],[-79.931465,40.32685],[-79.931315,40.325459],[-79.930913,40.325202],[-79.929135,40.325885],[-79.928274,40.325555],[-79.927853,40.325345],[-79.92738,40.324959],[-79.927056,40.324479],[-79.926238,40.324568],[-79.925802,40.325599],[-79.898454,40.319484],[-79.896675,40.319746],[-79.897402,40.321015],[-79.897623,40.321845],[-79.897558,40.323401],[-79.897495,40.324271],[-79.897214,40.32576],[-79.897084,40.327005],[-79.896799,40.328799],[-79.896489,40.330435],[-79.896376,40.330889],[-79.896294,40.330882],[-79.896364,40.33093],[-79.895813,40.332782],[-79.895431,40.333741],[-79.894975,40.334628],[-79.893851,40.33646],[-79.891884,40.33899],[-79.893858,40.339983],[-79.893437,40.340744],[-79.895634,40.341251],[-79.895911,40.341451],[-79.896232,40.341835],[-79.895009,40.344338],[-79.89699,40.345696],[-79.897294,40.346216],[-79.89727,40.346301],[-79.906232,40.352448],[-79.906919,40.352335],[-79.908128,40.351954],[-79.908445,40.351962],[-79.908835,40.352118],[-79.908985,40.352259],[-79.909509,40.353024],[-79.909911,40.353323],[-79.911962,40.354155],[-79.912728,40.354267],[-79.913466,40.354251],[-79.914413,40.354092],[-79.914941,40.353894],[-79.915179,40.353698],[-79.915404,40.353605],[-79.915507,40.353618],[-79.915776,40.35353],[-79.921698,40.351349],[-79.92289,40.350954],[-79.923537,40.350812],[-79.92708,40.350251],[-79.940473,40.348672],[-79.944833,40.348311],[-79.947299,40.348166],[-79.951536,40.347732],[-79.951819,40.347616],[-79.953292,40.346461],[-79.95353,40.3462],[-79.953714,40.345903],[-79.954751,40.344097],[-79.954904,40.34373],[-79.95525,40.340977],[-79.955569,40.34061],[-79.955911,40.340439]]]}},{"type":"Feature","properties":{"geoid":"42003080600","name":"Census Tract 806","land_m2":404923.0},"geometry":{"type":"Polygon","coordinates":[[[-79.94371,40.458882],[-79.943729,40.458812],[-79.938767,40.456149],[-79.938591,40.45591],[-79.936565,40.456515],[-79.93649,40.456565],[-79.937034,40.457532],[-79.937058,40.457675],[-79.936074,40.462976],[-79.937287,40.463269],[-79.937224,40.463373],[-79.937337,40.463403],[-79.941271,40.464153],[-79.941347,40.464099],[-79.941596,40.462204],[-79.943218,40.462342],[-79.943627,40.45935],[-79.943675,40.459358],[-79.943652,40.45917],[-79.94371,40.458882]]]}},{"type":"Feature","properties":{"geoid":"42003491200","name":"Census Tract 4912","land_m2":10322674.0},"geometry":{"type":"Polygon","coordinates":[[[-79.940482,40.317215],[-79.938697,40.313235],[-79.936857,40.308978],[-79.936479,40.308318],[-79.935514,40.306841],[-79.935042,40.306154],[-79.934648,40.305698],[-79.930619,40.301983],[-79.93002,40.301557],[-79.929438,40.301247],[-79.928509,40.300931],[-79.927424,40.300763],[-79.924848,40.300789],[-79.923836,40.3007],[-79.922875,40.300437],[-79.922439,40.300241],[-79.921979,40.299962],[-79.921495,40.299521],[-79.920373,40.297968],[-79.920218,40.297892],[-79.919666,40.297035],[-79.917927,40.294572],[-79.917247,40.293826],[-79.916638,40.293291],[-79.916068,40.292884],[-79.914283,40.29142],[-79.913717,40.291241],[-79.913193,40.290979],[-79.912972,40.290997],[-79.912887,40.290961],[-79.912911,40.290745],[-79.912456,40.290779],[-79.911809,40.290906],[-79.911341,40.291093],[-79.910861,40.291427],[-79.909395,40.292828],[-79.908527,40.294278],[-79.908374,40.294472],[-79.908148,40.2946],[-79.907383,40.294546],[-79.906319,40.294651],[-79.904221,40.294448],[-79.903818,40.294264],[-79.903004,40.293666],[-79.902845,40.293616],[-79.900669,40.293816],[-79.900139,40.293801],[-79.90037,40.29563],[-79.899255,40.295858],[-79.898308,40.296182],[-79.897503,40.29655],[-79.896882,40.296957],[-79.896169,40.297051],[-79.895448,40.297084],[-79.893391,40.296941],[-79.892929,40.297066],[-79.891814,40.297088],[-79.889929,40.297257],[-79.88943,40.297249],[-79.887781,40.297432],[-79.883666,40.298136],[-79.888786,40.300471],[-79.889186,40.300709],[-79.889923,40.300483],[-79.891228,40.299871],[-79.892636,40.29962],[-79.893238,40.299422],[-79.895365,40.29889],[-79.897577,40.300457],[-79.899548,40.301929],[-79.896985,40.303279],[-79.894698,40.30558],[-79.899946,40.311136],[-79.900763,40.312059],[-79.900483,40.312241],[-79.900204,40.312503],[-79.899589,40.312099],[-79.8973,40.314253],[-79.89774,40.314752],[-79.897776,40.314891],[-79.897958,40.315082],[-79.898853,40.316569],[-79.899209,40.31636],[-79.899744,40.31702],[-79.900467,40.317195],[-79.900379,40.317408],[-79.900586,40.318261],[-79.900425,40.318403],[-79.900468,40.318973],[-79.899253,40.318654],[-79.899138,40.318922],[-79.898617,40.319304],[-79.89859,40.319422],[-79.898627,40.319526],[-79.925802,40.325599],[-79.926238,40.324568],[-79.927056,40.324479],[-79.92738,40.324959],[-79.927853,40.325345],[-79.928274,40.325555],[-79.929135,40.325885],[-79.930913,40.325202],[-79.931315,40.325459],[-79.931465,40.32685],[-79.932351,40.327277],[-79.934153,40.32804],[-79.937307,40.329938],[-79.938182,40.328683],[-79.938482,40.32782],[-79.938755,40.327312],[-79.939031,40.326459],[-79.940276,40.323784],[-79.940415,40.323374],[-79.94007,40.323339],[-79.93688,40.31854],[-79.940482,40.317215]]]}},{"type":"Feature","properties":{"geoid":"42003040500","name":"Census Tract 405","land_m2":473356.0},"geometry":{"type":"Polygon","coordinates":[[[-79.96201,40.439175],[-79.962071,40.439131],[-79.95842,40.436187],[-79.958198,40.435953],[-79.958171,40.435819],[-79.956408,40.435124],[-79.956174,40.435774],[-79.956176,40.43595],[-79.952335,40.439672],[-79.951551,40.439221],[-79.951068,40.43912],[-79.950563,40.439279],[-79.950838,40.439814],[-79.950144,40.440408],[-79.949675,40.440718],[-79.949482,40.440934],[-79.949244,40.441345],[-79.950343,40.441956],[-79.951675,40.442408],[-79.952289,40.442237],[-79.95266,40.441809],[-79.953037,40.442027],[-79.953545,40.443175],[-79.955389,40.442684],[-79.956438,40.441949],[-79.957438,40.442514],[-79.96201,40.439175]]]}},{"type":"Feature","properties":{"geoid":"42003060500","name":"Census Tract 605","land_m2":663515.0},"geometry":{"type":"Polygon","coordinates":[[[-79.974947,40.456294],[-79.974839,40.4562],[-79.974762,40.456208],[-79.974322,40.456455],[-79.973971,40.456449],[-79.973781,40.45635],[-79.972905,40.455613],[-79.973832,40.454737],[-79.97357,40.454557],[-79.973347,40.454177],[-79.974182,40.453376],[-79.973667,40.452843],[-79.972563,40.453339],[-79.968302,40.454997],[-79.967418,40.455211],[-79.96601,40.45566],[-79.966044,40.455448],[-79.966005,40.455191],[-79.965927,40.455265],[-79.964292,40.455955],[-79.96042,40.45698],[-79.957979,40.458508],[-79.957074,40.458313],[-79.957217,40.458608],[-79.957156,40.458934],[-79.955936,40.460303],[-79.956133,40.460446],[-79.956595,40.460646],[-79.9571,40.460767],[-79.957695,40.460843],[-79.958195,40.460816],[-79.966079,40.459437],[-79.96664,40.460607],[-79.967155,40.460552],[-79.968074,40.461012],[-79.974947,40.456294]]]}},{"type":"Feature","properties":{"geoid":"42003070300","name":"Census Tract 703","land_m2":428546.0},"geometry":{"type":"Polygon","coordinates":[[[-79.940948,40.451316],[-79.938838,40.447686],[-79.935724,40.447927],[-79.929646,40.449827],[-79.932568,40.454746],[-79.936805,40.452707],[-79.940948,40.451316]]]}},{"type":"Feature","properties":{"geoid":"42003070500","name":"Census Tract 705","land_m2":412753.0},"geometry":{"type":"Polygon","coordinates":[[[-79.934057,40.457262],[-79.930979,40.452062],[-79.928475,40.45288],[-79.925341,40.454161],[-79.925043,40.459954],[-79.934057,40.457262]]]}},{"type":"Feature","properties":{"geoid":"42003070800","name":"Census Tract 708","land_m2":446681.0},"geometry":{"type":"Polygon","coordinates":[[[-79.925179,40.457681],[-79.925198,40.457378],[-79.922454,40.456791],[-79.922577,40.456006],[-79.922546,40.455862],[-79.920712,40.452894],[-79.912593,40.453979],[-79.912424,40.454037],[-79.919334,40.458802],[-79.919935,40.459141],[-79.921229,40.460045],[-79.922172,40.460438],[-79.922622,40.460555],[-79.922723,40.460656],[-79.925043,40.459954],[-79.925179,40.457681]]]}},{"type":"Feature","properties":{"geoid":"42003090200","name":"Census Tract 902","land_m2":446356.0},"geometry":{"type":"Polygon","coordinates":[[[-79.96229,40.468707],[-79.958233,40.465445],[-79.957961,40.465182],[-79.952848,40.466054],[-79.95193,40.46617],[-79.951905,40.466429],[-79.951696,40.466919],[-79.951802,40.467364],[-79.953094,40.467942],[-79.954408,40.468641],[-79.955031,40.469052],[-79.954389,40.469636],[-79.95539,40.470359],[-79.954618,40.470998],[-79.954548,40.470964],[-79.954153,40.471294],[-79.956294,40.472815],[-79.956421,40.472709],[-79.958046,40.473859],[-79.95963,40.471696],[-79.96091,40.469796],[-79.96229,40.468707]]]}},{"type":"Feature","properties":{"geoid":"42003090300","name":"Census Tract 903","land_m2":258047.0},"geometry":{"type":"Polygon","coordinates":[[[-79.957961,40.465182],[-79.95717,40.462383],[-79.956455,40.462534],[-79.953963,40.462902],[-79.953635,40.462757],[-79.952782,40.463611],[-79.952377,40.46346],[-79.949866,40.462087],[-79.949861,40.462183],[-79.948482,40.464223],[-79.948317,40.464649],[-79.948068,40.465698],[-79.951377,40.466148],[-79.95193,40.46617],[-79.952848,40.466054],[-79.957961,40.465182]]]}},{"type":"Feature","properties":{"geoid":"42003100500","name":"Census Tract 1005","land_m2":714843.0},"geometry":{"type":"Polygon","coordinates":[[[-79.944353,40.478677],[-79.944414,40.478645],[-79.942514,40.47734],[-79.938371,40.474117],[-79.938207,40.474095],[-79.93794,40.474157],[-79.936529,40.474268],[-79.936519,40.474101],[-79.934937,40.472542],[-79.935367,40.472602],[-79.935453,40.472562],[-79.93484,40.472336],[-79.934542,40.472147],[-79.932906,40.470678],[-79.932787,40.470637],[-79.931716,40.472041],[-79.931524,40.473857],[-79.931463,40.473909],[-79.932516,40.476915],[-79.933039,40.479641],[-79.933208,40.479855],[-79.933531,40.480039],[-79.934117,40.480344],[-79.934777,40.480588],[-79.937951,40.481408],[-79.940601,40.482014],[-79.943079,40.479954],[-79.944353,40.478677]]]}},{"type":"Feature","properties":{"geoid":"42003101100","name":"Census Tract 1011","land_m2":1049825.0},"geometry":{"type":"Polygon","coordinates":[[[-79.960655,40.482086],[-79.96069,40.482055],[-79.960535,40.481872],[-79.959827,40.481329],[-79.955954,40.478516],[-79.95439,40.477466],[-79.95414,40.477343],[-79.953981,40.4773],[-79.953593,40.477332],[-79.952386,40.477633],[-79.950908,40.47741],[-79.950113,40.477713],[-79.949207,40.478161],[-79.948944,40.478173],[-79.948867,40.478346],[-79.948722,40.47826],[-79.94774,40.477961],[-79.947146,40.477997],[-79.946973,40.478102],[-79.947693,40.478639],[-79.94666,40.47941],[-79.947115,40.47969],[-79.947546,40.480077],[-79.946922,40.480691],[-79.946673,40.480503],[-79.945024,40.481849],[-79.945686,40.482414],[-79.945,40.482941],[-79.94524,40.483157],[-79.944564,40.483041],[-79.943447,40.48297],[-79.943278,40.483011],[-79.94317,40.48318],[-79.944106,40.48359],[-79.944519,40.48359],[-79.946298,40.485158],[-79.937156,40.488429],[-79.938012,40.491067],[-79.940911,40.490486],[-79.944669,40.48942],[-79.947837,40.488706],[-79.94933,40.488254],[-79.953195,40.486955],[-79.955351,40.485907],[-79.956394,40.485282],[-79.958568,40.483799],[-79.960655,40.482086]]]}},{"type":"Feature","properties":{"geoid":"42003140100","name":"Census Tract 1401","land_m2":1467607.0},"geometry":{"type":"Polygon","coordinates":[[[-79.949156,40.441446],[-79.949244,40.441345],[-79.948409,40.44086],[-79.948186,40.440799],[-79.947342,40.441431],[-79.947155,40.441492],[-79.942243,40.440482],[-79.942176,40.440444],[-79.94231,40.440172],[-79.942088,40.440107],[-79.941554,40.439794],[-79.940846,40.438967],[-79.940568,40.4388],[-79.940185,40.438699],[-79.939604,40.438684],[-79.938993,40.43855],[-79.936508,40.437704],[-79.935949,40.437579],[-79.935648,40.437563],[-79.934428,40.437711],[-79.933088,40.437703],[-79.930921,40.43782],[-79.927714,40.438039],[-79.927683,40.438106],[-79.927925,40.444121],[-79.930237,40.445197],[-79.934012,40.44685],[-79.937291,40.447792],[-79.947361,40.447106],[-79.946542,40.445354],[-79.946521,40.445054],[-79.946671,40.444779],[-79.947009,40.444391],[-79.947565,40.443406],[-79.94878,40.442029],[-79.949156,40.441446]]]}},{"type":"Feature","properties":{"geoid":"42003140200","name":"Census Tract 1402","land_m2":759494.0},"geometry":{"type":"Polygon","coordinates":[[[-79.937212,40.447798],[-79.937291,40.447792],[-79.934012,40.44685],[-79.930237,40.445197],[-79.927925,40.444121],[-79.927182,40.444061],[-79.920513,40.443851],[-79.921586,40.44751],[-79.921503,40.447904],[-79.920269,40.450957],[-79.92023,40.451218],[-79.920712,40.452894],[-79.922075,40.452686],[-79.927772,40.450423],[-79.931964,40.449071],[-79.935724,40.447927],[-79.937212,40.447798]]]}},{"type":"Feature","properties":{"geoid":"42003060300","name":"Census Tract 603","land_m2":1116677.0},"geometry":{"type":"Polygon","coordinates":[[[-79.973908,40.46587],[-79.972761,40.464958],[-79.968074,40.461012],[-79.967155,40.460552],[-79.96664,40.460607],[-79.966079,40.459437],[-79.958195,40.460816],[-79.957695,40.460843],[-79.9571,40.460767],[-79.956595,40.460646],[-79.956133,40.460446],[-79.955936,40.460303],[-79.953635,40.462757],[-79.953963,40.462902],[-79.956455,40.462534],[-79.95717,40.462383],[-79.958012,40.46526],[-79.963846,40.469936],[-79.966573,40.471568],[-79.968685,40.47275],[-79.969312,40.471826],[-79.970036,40.471108],[-79.970767,40.470658],[-79.97156,40.468988],[-79.973908,40.46587]]]}},{"type":"Feature","properties":{"geoid":"42003070900","name":"Census Tract 709","land_m2":805691.0},"geometry":{"type":"Polygon","coordinates":[[[-79.949688,40.452585],[-79.947691,40.447976],[-79.947361,40.447106],[-79.938838,40.447686],[-79.940948,40.451316],[-79.936805,40.452707],[-79.932568,40.454746],[-79.934057,40.457262],[-79.941493,40.45504],[-79.941985,40.455939],[-79.944272,40.45525],[-79.943082,40.454566],[-79.949688,40.452585]]]}},{"type":"Feature","properties":{"geoid":"42003111300","name":"Census Tract 1113","land_m2":540629.0},"geometry":{"type":"Polygon","coordinates":[[[-79.932787,40.470637],[-79.927517,40.46875],[-79.928123,40.467723],[-79.928008,40.467648],[-79.924257,40.466297],[-79.923475,40.466061],[-79.922408,40.465877],[-79.921635,40.465681],[-79.919904,40.46507],[-79.919455,40.465739],[-79.919053,40.46612],[-79.917798,40.466604],[-79.916161,40.466991],[-79.916436,40.467641],[-79.916921,40.468439],[-79.916948,40.468581],[-79.921241,40.469756],[-79.926574,40.471629],[-79.931194,40.473437],[-79.93131,40.473511],[-79.931463,40.473909],[-79.931524,40.473857],[-79.931716,40.472041],[-79.932787,40.470637]]]}},{"type":"Feature","properties":{"geoid":"42003111400","name":"Census Tract 1114","land_m2":327621.0},"geometry":{"type":"Polygon","coordinates":[[[-79.936408,40.464731],[-79.936441,40.464676],[-79.934518,40.464772],[-79.930673,40.463493],[-79.927517,40.46875],[-79.932787,40.470637],[-79.936408,40.464731]]]}},{"type":"Feature","properties":{"geoid":"42003120300","name":"Census Tract 1203","land_m2":1079674.0},"geometry":{"type":"Polygon","coordinates":[[[-79.908813,40.467964],[-79.908741,40.467391],[-79.908509,40.466912],[-79.905932,40.463372],[-79.905711,40.462955],[-79.905617,40.462596],[-79.904188,40.463314],[-79.898909,40.464704],[-79.898018,40.465625],[-79.897438,40.467107],[-79.896602,40.468385],[-79.896047,40.468749],[-79.899249,40.472722],[-79.898741,40.472831],[-79.898474,40.473251],[-79.898082,40.473547],[-79.898281,40.473738],[-79.898471,40.474303],[-79.898371,40.474968],[-79.898438,40.47588],[-79.89872,40.476038],[-79.898944,40.476082],[-79.899177,40.476061],[-79.901212,40.475591],[-79.902099,40.475208],[-79.903643,40.474179],[-79.903948,40.474066],[-79.904563,40.474025],[-79.908275,40.474216],[-79.908813,40.467964]]]}},{"type":"Feature","properties":{"geoid":"42003980400","name":"Census Tract 9804","land_m2":1106319.0},"geometry":{"type":"Polygon","coordinates":[[[-80.027297,40.476728],[-80.026761,40.476423],[-80.026632,40.476472],[-80.026847,40.476594],[-80.026729,40.476704],[-80.026461,40.476541],[-80.026241,40.476647],[-80.026124,40.476553],[-80.026611,40.476337],[-80.026349,40.476195],[-80.026161,40.476358],[-80.025818,40.476211],[-80.025326,40.476207],[-80.024629,40.47657],[-80.022932,40.476569],[-80.022731,40.476661],[-80.02169,40.476668],[-80.021533,40.476614],[-80.021524,40.476519],[-80.019715,40.476589],[-80.018869,40.476989],[-80.018531,40.477265],[-80.015727,40.477327],[-80.015255,40.477421],[-80.014216,40.477444],[-80.01358,40.478039],[-80.013435,40.478102],[-80.012855,40.478148],[-80.012793,40.478352],[-80.012736,40.478352],[-80.012662,40.478733],[-80.01196,40.478689],[-80.011751,40.479718],[-80.011923,40.47993],[-80.012111,40.480032],[-80.012703,40.480195],[-80.012993,40.479771],[-80.013163,40.479845],[-80.013197,40.479801],[-80.013686,40.479992],[-80.013071,40.480417],[-80.013351,40.480894],[-80.013584,40.481441],[-80.013786,40.481963],[-80.013778,40.482143],[-80.013621,40.482417],[-80.012985,40.483208],[-80.012899,40.483447],[-80.012951,40.483657],[-80.013048,40.483776],[-80.013647,40.484236],[-80.013934,40.4843],[-80.014475,40.483912],[-80.014441,40.483864],[-80.017757,40.482337],[-80.017996,40.482661],[-80.018137,40.482689],[-80.017997,40.483189],[-80.017657,40.483586],[-80.01708,40.485],[-80.016444,40.486092],[-80.016825,40.486069],[-80.01704,40.486819],[-80.017517,40.486799],[-80.017583,40.486723],[-80.018875,40.486726],[-80.020237,40.487615],[-80.020243,40.487676],[-80.020153,40.487715],[-80.020324,40.488292],[-80.019826,40.489381],[-80.019953,40.489542],[-80.019214,40.490002],[-80.019725,40.490239],[-80.020414,40.490282],[-80.020403,40.489831],[-80.021428,40.489899],[-80.021412,40.490276],[-80.021159,40.490884],[-80.020453,40.490705],[-80.020595,40.490371],[-80.019784,40.490319],[-80.02036,40.491238],[-80.020886,40.491369],[-80.020967,40.491162],[-80.021554,40.491328],[-80.022074,40.490064],[-80.021592,40.490037],[-80.02159,40.489864],[-80.021747,40.489771],[-80.022007,40.489148],[-80.02211,40.48917],[-80.022134,40.489115],[-80.022369,40.48917],[-80.023108,40.487487],[-80.023144,40.487179],[-80.024491,40.486677],[-80.024611,40.487029],[-80.02514,40.486855],[-80.024785,40.485825],[-80.024224,40.485821],[-80.025118,40.485248],[-80.025677,40.482748],[-80.02498,40.481761],[-80.024924,40.48177],[-80.023509,40.479397],[-80.026001,40.479369],[-80.025974,40.478965],[-80.025808,40.478975],[-80.025803,40.478892],[-80.026996,40.477683],[-80.026584,40.477454],[-80.027297,40.476728]]]}},{"type":"Feature","properties":{"geoid":"42003980500","name":"Census Tract 9805","land_m2":1611394.0},"geometry":{"type":"Polygon","coordinates":[[[-79.949891,40.434039],[-79.949658,40.429191],[-79.949393,40.428886],[-79.949119,40.429124],[-79.947648,40.428601],[-79.947178,40.428519],[-79.946842,40.428474],[-79.944474,40.429084],[-79.943466,40.429264],[-79.943138,40.429649],[-79.941856,40.430103],[-79.940047,40.429812],[-79.940134,40.429511],[-79.939722,40.429304],[-79.939045,40.42885],[-79.937862,40.428627],[-79.936979,40.428551],[-79.936031,40.428565],[-79.933223,40.428931],[-79.932993,40.430235],[-79.933046,40.430228],[-79.933073,40.43028],[-79.932605,40.431378],[-79.932663,40.432019],[-79.93347,40.431955],[-79.933888,40.431969],[-79.93452,40.432025],[-79.934946,40.432126],[-79.934436,40.432326],[-79.934199,40.432503],[-79.933556,40.433225],[-79.933227,40.433398],[-79.933045,40.433435],[-79.934011,40.43739],[-79.934033,40.437707],[-79.934803,40.437681],[-79.935648,40.437563],[-79.935949,40.437579],[-79.936508,40.437704],[-79.938993,40.43855],[-79.939604,40.438684],[-79.940346,40.438735],[-79.940568,40.4388],[-79.940846,40.438967],[-79.941554,40.439794],[-79.942088,40.440107],[-79.94231,40.440172],[-79.942176,40.440444],[-79.942243,40.440482],[-79.947009,40.441483],[-79.947155,40.441492],[-79.947342,40.441431],[-79.948186,40.440799],[-79.948409,40.44086],[-79.948953,40.44118],[-79.94948,40.440574],[-79.949788,40.440008],[-79.949861,40.43931],[-79.949581,40.436505],[-79.949599,40.436021],[-79.949891,40.434039]]]}},{"type":"Feature","properties":{"geoid":"42003980300","name":"Census Tract 9803","land_m2":1294128.0},"geometry":{"type":"Polygon","coordinates":[[[-79.915304,40.429969],[-79.915334,40.429887],[-79.915144,40.429836],[-79.914457,40.42948],[-79.907897,40.426581],[-79.907464,40.426485],[-79.907158,40.427018],[-79.907027,40.427456],[-79.906836,40.427692],[-79.906517,40.427797],[-79.905882,40.427722],[-79.905807,40.427652],[-79.905766,40.427509],[-79.906196,40.426428],[-79.90621,40.4263],[-79.906117,40.426076],[-79.905718,40.426134],[-79.905538,40.426267],[-79.905266,40.426328],[-79.905071,40.426317],[-79.904892,40.426211],[-79.904396,40.426121],[-79.90385,40.426152],[-79.903189,40.426362],[-79.902671,40.426672],[-79.902139,40.4271],[-79.901852,40.427192],[-79.901368,40.42723],[-79.898672,40.435568],[-79.89899,40.436443],[-79.89896,40.436566],[-79.899042,40.437734],[-79.89934,40.438212],[-79.899769,40.438712],[-79.900267,40.439516],[-79.9014,40.439459],[-79.902184,40.439293],[-79.904815,40.438189],[-79.905345,40.438088],[-79.911475,40.438013],[-79.911511,40.437854],[-79.909382,40.437223],[-79.909082,40.437051],[-79.908902,40.436812],[-79.908829,40.436459],[-79.908925,40.436178],[-79.909166,40.435939],[-79.909416,40.435809],[-79.909072,40.433968],[-79.911174,40.432876],[-79.911915,40.433139],[-79.912871,40.432588],[-79.91405,40.432052],[-79.915105,40.431393],[-79.915092,40.430969],[-79.915189,40.430965],[-79.915215,40.430307],[-79.915304,40.429969]]]}},{"type":"Feature","properties":{"geoid":"42003982200","name":"Census Tract 9822","land_m2":505672.0},"geometry":{"type":"Polygon","coordinates":[[[-79.96336,40.4443],[-79.963354,40.443846],[-79.963202,40.443521],[-79.962881,40.44326],[-79.961988,40.442768],[-79.961119,40.443606],[-79.961002,40.443654],[-79.960748,40.443632],[-79.959878,40.443147],[-79.959333,40.443555],[-79.956438,40.441949],[-79.955389,40.442684],[-79.953545,40.443175],[-79.953037,40.442027],[-79.95266,40.441809],[-79.952289,40.442237],[-79.951675,40.442408],[-79.950343,40.441956],[-79.949244,40.441345],[-79.94878,40.442029],[-79.947565,40.443406],[-79.946903,40.444514],[-79.948654,40.44444],[-79.94877,40.445275],[-79.950366,40.445158],[-79.950588,40.4468],[-79.951334,40.446737],[-79.951703,40.446615],[-79.951911,40.446476],[-79.95192,40.446629],[-79.952724,40.448358],[-79.95638,40.445703],[-79.956701,40.445966],[-79.956964,40.445808],[-79.957435,40.445661],[-79.958541,40.445013],[-79.959722,40.444157],[-79.959868,40.444112],[-79.95998,40.444182],[-79.959979,40.444253],[-79.959648,40.444619],[-79.95908,40.445916],[-79.959016,40.446175],[-79.958947,40.447287],[-79.958863,40.447827],[-79.958647,40.448238],[-79.958474,40.448449],[-79.958907,40.448136],[-79.959196,40.447698],[-79.959543,40.447598],[-79.959817,40.447396],[-79.959964,40.447203],[-79.960243,40.445943],[-79.960427,40.445651],[-79.960599,40.44555],[-79.960888,40.445473],[-79.961947,40.445532],[-79.962546,40.445357],[-79.962783,40.445212],[-79.963252,40.444663],[-79.96336,40.4443]]]}},{"type":"Feature","properties":{"geoid":"42003980700","name":"Census Tract 9807","land_m2":620570.0},"geometry":{"type":"Polygon","coordinates":[[[-80.0285,40.443943],[-80.02626,40.442981],[-80.021226,40.441075],[-80.019507,40.440361],[-80.017504,40.439658],[-80.016477,40.43922],[-80.016393,40.438128],[-80.015367,40.437677],[-80.013822,40.437589],[-80.013584,40.437277],[-80.013443,40.43719],[-80.013614,40.436995],[-80.012582,40.4361],[-80.011607,40.435756],[-80.005805,40.432073],[-80.00561,40.431716],[-80.003101,40.430711],[-80.00096,40.429757],[-79.999268,40.429147],[-79.997457,40.43169],[-79.996738,40.432801],[-79.997657,40.43288],[-79.997974,40.433052],[-80.000205,40.433996],[-80.002019,40.43509],[-80.0102,40.438628],[-80.014217,40.4407],[-80.01629,40.443207],[-80.023004,40.444529],[-80.02709,40.446199],[-80.028155,40.444291],[-80.02828,40.444256],[-80.02775,40.443935],[-80.028299,40.443979],[-80.0285,40.443943]]]}},{"type":"Feature","properties":{"geoid":"42003562700","name":"Census Tract 5627","land_m2":909691.0},"geometry":{"type":"Polygon","coordinates":[[[-80.019429,40.453102],[-80.018068,40.448883],[-80.015887,40.448826],[-80.015041,40.44833],[-80.01179,40.448251],[-80.01125,40.448288],[-80.010658,40.448253],[-80.010682,40.4483],[-80.010439,40.448291],[-80.010371,40.448855],[-80.010323,40.448907],[-80.00873,40.449242],[-80.008948,40.449953],[-80.008312,40.449689],[-80.00741,40.449492],[-80.006547,40.449438],[-80.005909,40.449472],[-80.004693,40.449657],[-80.001205,40.450367],[-80.00134,40.450776],[-80.000906,40.450857],[-80.002621,40.456219],[-80.014568,40.453966],[-80.019429,40.453102]]]}},{"type":"Feature","properties":{"geoid":"42003981000","name":"Census Tract 9810","land_m2":1378279.0},"geometry":{"type":"Polygon","coordinates":[[[-79.957978,40.473955],[-79.958046,40.473859],[-79.956421,40.472709],[-79.956294,40.472815],[-79.954153,40.471294],[-79.954548,40.470964],[-79.954618,40.470998],[-79.95539,40.470359],[-79.954389,40.469636],[-79.955031,40.469052],[-79.954408,40.468641],[-79.953094,40.467942],[-79.951802,40.467364],[-79.951696,40.466919],[-79.951905,40.466429],[-79.95193,40.46617],[-79.951377,40.466148],[-79.946446,40.465466],[-79.946116,40.466964],[-79.946746,40.467453],[-79.947243,40.467973],[-79.947357,40.468214],[-79.947382,40.468447],[-79.947333,40.468679],[-79.946955,40.469387],[-79.946463,40.469997],[-79.945669,40.470753],[-79.944495,40.471634],[-79.943705,40.471945],[-79.941728,40.472353],[-79.94015,40.472897],[-79.939082,40.473081],[-79.937816,40.473056],[-79.93665,40.472855],[-79.935453,40.472562],[-79.935367,40.472602],[-79.934937,40.472542],[-79.936519,40.474101],[-79.936529,40.474268],[-79.93794,40.474157],[-79.938207,40.474095],[-79.938371,40.474117],[-79.942514,40.47734],[-79.944414,40.478645],[-79.946254,40.477696],[-79.946571,40.47759],[-79.947058,40.477612],[-79.949106,40.47819],[-79.950435,40.477572],[-79.950908,40.47741],[-79.952386,40.477633],[-79.953805,40.477297],[-79.954047,40.477315],[-79.95439,40.477466],[-79.955699,40.478347],[-79.956947,40.477013],[-79.957605,40.476188],[-79.957763,40.474289],[-79.957978,40.473955]]]}},{"type":"Feature","properties":{"geoid":"42003981200","name":"Census Tract 9812","land_m2":461252.0},"geometry":{"type":"Polygon","coordinates":[[[-80.018068,40.448883],[-80.017715,40.447582],[-80.01629,40.443207],[-80.015379,40.443083],[-80.011121,40.443947],[-80.009327,40.444358],[-80.009323,40.444303],[-80.003344,40.445648],[-80.003872,40.44706],[-80.004693,40.449657],[-80.005909,40.449472],[-80.006547,40.449438],[-80.00741,40.449492],[-80.008312,40.449689],[-80.008948,40.449953],[-80.00873,40.449242],[-80.010323,40.448907],[-80.010371,40.448855],[-80.010439,40.448291],[-80.010682,40.4483],[-80.010658,40.448253],[-80.015041,40.44833],[-80.015887,40.448826],[-80.018068,40.448883]]]}},{"type":"Feature","properties":{"geoid":"42003470501","name":"Census Tract 4705.01","land_m2":1128817.0},"geometry":{"type":"Polygon","coordinates":[[[-80.066339,40.395354],[-80.066326,40.394925],[-80.066258,40.394639],[-80.065692,40.393257],[-80.065408,40.393295],[-80.064301,40.393243],[-80.063486,40.393059],[-80.063005,40.392851],[-80.059344,40.390975],[-80.059135,40.390814],[-80.058936,40.390984],[-80.056734,40.391453],[-80.056983,40.392372],[-80.054803,40.392654],[-80.054211,40.392922],[-80.056237,40.395597],[-80.054119,40.39649],[-80.054892,40.400954],[-80.052911,40.401156],[-80.051705,40.400668],[-80.051387,40.401465],[-80.051481,40.401498],[-80.051283,40.401872],[-80.05124,40.401858],[-80.051202,40.401943],[-80.051392,40.401993],[-80.056021,40.404201],[-80.056653,40.40388],[-80.060488,40.402872],[-80.061482,40.402504],[-80.062239,40.40205],[-80.064275,40.400449],[-80.064587,40.400167],[-80.065097,40.399544],[-80.065486,40.398779],[-80.066339,40.395354]]]}},{"type":"Feature","properties":{"geoid":"42003980800","name":"Census Tract 9808","land_m2":346128.0},"geometry":{"type":"Polygon","coordinates":[[[-79.973406,40.434265],[-79.973502,40.433877],[-79.960296,40.428635],[-79.960197,40.428542],[-79.957739,40.42995],[-79.956625,40.428868],[-79.956272,40.429113],[-79.958003,40.430929],[-79.959092,40.431771],[-79.959935,40.432218],[-79.966131,40.434924],[-79.967568,40.43546],[-79.968672,40.435759],[-79.970049,40.436025],[-79.971557,40.436237],[-79.972916,40.436322],[-79.973406,40.434265]]]}},{"type":"Feature","properties":{"geoid":"42003980600","name":"Census Tract 9806","land_m2":981768.0},"geometry":{"type":"Polygon","coordinates":[[[-80.037337,40.461105],[-80.035853,40.452696],[-80.028228,40.446664],[-80.023004,40.444529],[-80.01629,40.443207],[-80.017715,40.447582],[-80.018334,40.44978],[-80.018897,40.451518],[-80.024991,40.450414],[-80.025171,40.450833],[-80.026642,40.450565],[-80.026802,40.451056],[-80.027283,40.450976],[-80.027499,40.451399],[-80.030635,40.460983],[-80.032131,40.462062],[-80.032742,40.46189],[-80.035599,40.461358],[-80.037337,40.461105]]]}},{"type":"Feature","properties":{"geoid":"42003980900","name":"Census Tract 9809","land_m2":1464152.0},"geometry":{"type":"Polygon","coordinates":[[[-80.051115,40.466345],[-80.051178,40.465599],[-80.050366,40.465676],[-80.050418,40.464668],[-80.045952,40.460611],[-80.035853,40.452696],[-80.037337,40.461105],[-80.035599,40.461358],[-80.032742,40.46189],[-80.032131,40.462062],[-80.031345,40.461532],[-80.031341,40.461742],[-80.030776,40.462125],[-80.030836,40.462277],[-80.031486,40.462989],[-80.031736,40.462879],[-80.032257,40.463663],[-80.033893,40.46583],[-80.035414,40.467504],[-80.035686,40.467986],[-80.036311,40.469388],[-80.037709,40.47177],[-80.038192,40.472698],[-80.040081,40.475192],[-80.043033,40.47893],[-80.043106,40.478859],[-80.043707,40.478603],[-80.048394,40.477106],[-80.047876,40.475868],[-80.047566,40.47492],[-80.047126,40.474031],[-80.046942,40.473155],[-80.046841,40.472395],[-80.047097,40.471687],[-80.047771,40.471147],[-80.04965,40.469976],[-80.050265,40.469281],[-80.050642,40.468297],[-80.050963,40.467254],[-80.051115,40.466345]]]}},{"type":"Feature","properties":{"geoid":"42003401100","name":"Census Tract 4011","land_m2":13179430.0},"geometry":{"type":"Polygon","coordinates":[[[-79.735185,40.634517],[-79.734371,40.632997],[-79.733864,40.632481],[-79.732984,40.631988],[-79.730389,40.6307],[-79.728003,40.629407],[-79.7277,40.629333],[-79.727332,40.629312],[-79.722112,40.629457],[-79.722027,40.627204],[-79.721952,40.627044],[-79.72154,40.626771],[-79.719312,40.626014],[-79.718411,40.625439],[-79.715166,40.624249],[-79.714979,40.624141],[-79.71477,40.623925],[-79.714696,40.623755],[-79.714675,40.623549],[-79.714766,40.623259],[-79.71598,40.622005],[-79.716437,40.621374],[-79.715961,40.621638],[-79.715525,40.621952],[-79.714072,40.621119],[-79.712477,40.620076],[-79.712073,40.619131],[-79.711776,40.619292],[-79.70774,40.622481],[-79.703334,40.625695],[-79.700012,40.628992],[-79.698955,40.63037],[-79.694353,40.635127],[-79.691283,40.639375],[-79.690278,40.640873],[-79.689528,40.642744],[-79.689226,40.643845],[-79.688975,40.645435],[-79.689208,40.647852],[-79.689922,40.649759],[-79.691082,40.652468],[-79.692349,40.654404],[-79.694192,40.657506],[-79.694891,40.658941],[-79.695434,40.660191],[-79.695822,40.661505],[-79.695946,40.664032],[-79.69582,40.664794],[-79.695554,40.665528],[-79.695463,40.665765],[-79.694924,40.666505],[-79.694038,40.667442],[-79.692904,40.66825],[-79.692878,40.669611],[-79.694938,40.669681],[-79.707546,40.669851],[-79.719752,40.669594],[-79.720378,40.663732],[-79.721306,40.661729],[-79.724698,40.655567],[-79.732341,40.638856],[-79.734265,40.635501],[-79.735185,40.634517]]]}},{"type":"Feature","properties":{"geoid":"42003510000","name":"Census Tract 5100","land_m2":1003868.0},"geometry":{"type":"Polygon","coordinates":[[[-79.846604,40.393733],[-79.846633,40.393702],[-79.846231,40.393555],[-79.845659,40.393187],[-79.841008,40.391739],[-79.839986,40.391124],[-79.838026,40.390738],[-79.837107,40.390888],[-79.836487,40.39211],[-79.836252,40.393386],[-79.835848,40.393993],[-79.835554,40.394313],[-79.834304,40.395079],[-79.833073,40.396325],[-79.8301,40.398347],[-79.830103,40.399337],[-79.833681,40.400399],[-79.833493,40.402523],[-79.833322,40.405327],[-79.837939,40.401841],[-79.837835,40.40056],[-79.840446,40.399044],[-79.84444,40.397855],[-79.846335,40.394103],[-79.846604,40.393733]]]}},{"type":"Feature","properties":{"geoid":"42003512000","name":"Census Tract 5120","land_m2":1280505.0},"geometry":{"type":"Polygon","coordinates":[[[-79.85292,40.405504],[-79.852898,40.405403],[-79.852613,40.405044],[-79.852378,40.404833],[-79.850395,40.403615],[-79.847561,40.402846],[-79.84637,40.401769],[-79.845857,40.399539],[-79.845504,40.399054],[-79.847421,40.395052],[-79.847941,40.394609],[-79.847639,40.394389],[-79.847116,40.39414],[-79.846419,40.393965],[-79.84444,40.397855],[-79.840446,40.399044],[-79.837835,40.40056],[-79.837939,40.401841],[-79.837153,40.402464],[-79.838189,40.404108],[-79.838263,40.405174],[-79.838956,40.405665],[-79.838885,40.405713],[-79.83897,40.405792],[-79.842639,40.408861],[-79.843126,40.409233],[-79.84319,40.409186],[-79.843836,40.409651],[-79.844219,40.412245],[-79.845292,40.412076],[-79.845279,40.41161],[-79.846062,40.412007],[-79.849042,40.411725],[-79.850951,40.410447],[-79.851813,40.40981],[-79.851752,40.409505],[-79.85292,40.405504]]]}},{"type":"Feature","properties":{"geoid":"42003514000","name":"Census Tract 5140","land_m2":1121696.0},"geometry":{"type":"Polygon","coordinates":[[[-79.88989,40.411528],[-79.890624,40.4104],[-79.889878,40.409886],[-79.881203,40.405551],[-79.879436,40.404232],[-79.875898,40.406615],[-79.874608,40.407535],[-79.871575,40.411567],[-79.871335,40.411718],[-79.871932,40.412223],[-79.872048,40.412664],[-79.873407,40.413372],[-79.874351,40.413713],[-79.87548,40.413958],[-79.8771,40.414151],[-79.878219,40.414365],[-79.879938,40.414927],[-79.881192,40.415528],[-79.882214,40.415927],[-79.883193,40.415994],[-79.884713,40.4164],[-79.887327,40.416888],[-79.888684,40.415087],[-79.88816,40.414797],[-79.88989,40.411528]]]}},{"type":"Feature","properties":{"geoid":"42003515100","name":"Census Tract 5151","land_m2":1101841.0},"geometry":{"type":"Polygon","coordinates":[[[-79.887329,40.420687],[-79.88711,40.419884],[-79.886786,40.41932],[-79.886269,40.418668],[-79.886955,40.417507],[-79.887085,40.41684],[-79.884713,40.4164],[-79.883193,40.415994],[-79.882214,40.415927],[-79.881192,40.415528],[-79.879938,40.414927],[-79.878329,40.414392],[-79.8771,40.414151],[-79.875245,40.413918],[-79.874351,40.413713],[-79.873407,40.413372],[-79.872849,40.413111],[-79.872048,40.412664],[-79.872022,40.412568],[-79.869181,40.414272],[-79.867986,40.414528],[-79.86769,40.415125],[-79.868697,40.41585],[-79.87011,40.416403],[-79.87068,40.416807],[-79.871154,40.416875],[-79.871983,40.416683],[-79.872078,40.417394],[-79.872393,40.417834],[-79.873995,40.420692],[-79.873964,40.421553],[-79.87382,40.422213],[-79.873517,40.422841],[-79.876408,40.422343],[-79.877285,40.422351],[-79.877377,40.421664],[-79.878423,40.421942],[-79.878934,40.422],[-79.880167,40.421798],[-79.880262,40.421736],[-79.883693,40.422741],[-79.883757,40.422645],[-79.884516,40.422806],[-79.885093,40.422849],[-79.885191,40.422932],[-79.885573,40.423012],[-79.885142,40.424281],[-79.886001,40.424518],[-79.886185,40.423963],[-79.886362,40.424198],[-79.886868,40.422699],[-79.887135,40.421628],[-79.887199,40.421135],[-79.887159,40.420749],[-79.887329,40.420687]]]}},{"type":"Feature","properties":{"geoid":"42003515200","name":"Census Tract 5152","land_m2":545335.0},"geometry":{"type":"Polygon","coordinates":[[[-79.885678,40.425492],[-79.886001,40.424518],[-79.885142,40.424281],[-79.885573,40.423012],[-79.885191,40.422932],[-79.885093,40.422849],[-79.884516,40.422806],[-79.883757,40.422645],[-79.883693,40.422741],[-79.880262,40.421736],[-79.880167,40.421798],[-79.878934,40.422],[-79.878423,40.421942],[-79.877377,40.421664],[-79.877285,40.422351],[-79.876408,40.422343],[-79.873517,40.422841],[-79.873406,40.423054],[-79.873808,40.423656],[-79.874475,40.42498],[-79.875826,40.428079],[-79.876269,40.42788],[-79.87818,40.428947],[-79.879852,40.428519],[-79.881494,40.426073],[-79.882859,40.426754],[-79.885212,40.426901],[-79.885678,40.425492]]]}},{"type":"Feature","properties":{"geoid":"42003515300","name":"Census Tract 5153","land_m2":868385.0},"geometry":{"type":"Polygon","coordinates":[[[-79.899272,40.417056],[-79.899623,40.41545],[-79.897893,40.414954],[-79.896183,40.413994],[-79.894308,40.412686],[-79.890624,40.4104],[-79.889882,40.411542],[-79.88816,40.414797],[-79.888684,40.415087],[-79.887327,40.416888],[-79.887085,40.41684],[-79.886955,40.417507],[-79.886269,40.418668],[-79.886786,40.41932],[-79.88711,40.419884],[-79.887329,40.420687],[-79.887159,40.420749],[-79.887199,40.421135],[-79.887135,40.421628],[-79.886868,40.422699],[-79.886362,40.424198],[-79.886453,40.424315],[-79.886737,40.424377],[-79.886645,40.424645],[-79.887743,40.425008],[-79.88801,40.424678],[-79.887623,40.424239],[-79.891032,40.422908],[-79.897418,40.42011],[-79.898468,40.418808],[-79.898872,40.41885],[-79.899272,40.417056]]]}},{"type":"Feature","properties":{"geoid":"42003516100","name":"Census Tract 5161","land_m2":713472.0},"geometry":{"type":"Polygon","coordinates":[[[-79.894484,40.433563],[-79.894563,40.43353],[-79.892733,40.431019],[-79.892102,40.429576],[-79.892386,40.428475],[-79.892375,40.428281],[-79.890923,40.42756],[-79.890272,40.426806],[-79.888392,40.425085],[-79.88801,40.424678],[-79.887743,40.425008],[-79.886645,40.424645],[-79.886737,40.424377],[-79.886453,40.424315],[-79.886185,40.423963],[-79.885212,40.426901],[-79.885463,40.426936],[-79.884767,40.429097],[-79.884627,40.430376],[-79.884659,40.430998],[-79.88486,40.432254],[-79.885782,40.436843],[-79.885966,40.436855],[-79.889579,40.435613],[-79.894484,40.433563]]]}},{"type":"Feature","properties":{"geoid":"42003516200","name":"Census Tract 5162","land_m2":809167.0},"geometry":{"type":"Polygon","coordinates":[[[-79.885782,40.436843],[-79.88486,40.432254],[-79.884659,40.430998],[-79.884627,40.430376],[-79.884767,40.429097],[-79.885463,40.426936],[-79.882859,40.426754],[-79.881494,40.426073],[-79.879852,40.428519],[-79.87818,40.428947],[-79.876269,40.42788],[-79.875161,40.428365],[-79.87514,40.428791],[-79.875086,40.42897],[-79.87471,40.429335],[-79.874764,40.429374],[-79.874292,40.430076],[-79.873685,40.430849],[-79.873296,40.432004],[-79.872623,40.432892],[-79.872194,40.43375],[-79.874031,40.434192],[-79.874237,40.435016],[-79.87418,40.435264],[-79.876363,40.434782],[-79.877533,40.435505],[-79.879181,40.43399],[-79.882656,40.436087],[-79.885782,40.436843]]]}},{"type":"Feature","properties":{"geoid":"42003517000","name":"Census Tract 5170","land_m2":2454360.0},"geometry":{"type":"Polygon","coordinates":[[[-79.875826,40.428079],[-79.874475,40.42498],[-79.873808,40.423656],[-79.873406,40.423054],[-79.87382,40.422213],[-79.873964,40.421553],[-79.873995,40.420692],[-79.872393,40.417834],[-79.872078,40.417394],[-79.871983,40.416683],[-79.871154,40.416875],[-79.87068,40.416807],[-79.87011,40.416403],[-79.868697,40.41585],[-79.86769,40.415125],[-79.867986,40.414528],[-79.869181,40.414272],[-79.869512,40.414043],[-79.864517,40.411392],[-79.86094,40.411745],[-79.86055,40.409023],[-79.852959,40.408972],[-79.850951,40.410447],[-79.849034,40.411699],[-79.849868,40.413917],[-79.850681,40.414324],[-79.849915,40.414612],[-79.849997,40.415324],[-79.849896,40.415543],[-79.850594,40.415774],[-79.851126,40.416085],[-79.852614,40.416783],[-79.851519,40.418367],[-79.854525,40.419546],[-79.858203,40.421105],[-79.859701,40.420722],[-79.861363,40.421573],[-79.863879,40.422419],[-79.866394,40.422864],[-79.867706,40.423346],[-79.868091,40.423593],[-79.868253,40.423805],[-79.868701,40.424909],[-79.869077,40.425362],[-79.86953,40.425648],[-79.871674,40.426431],[-79.872053,40.426647],[-79.872347,40.426906],[-79.871047,40.427586],[-79.871205,40.428395],[-79.871152,40.428651],[-79.870863,40.429361],[-79.87046,40.429936],[-79.871567,40.43175],[-79.871207,40.432043],[-79.871131,40.432056],[-79.870643,40.431928],[-79.870064,40.431896],[-79.869428,40.432006],[-79.868845,40.432211],[-79.871996,40.433543],[-79.871925,40.433681],[-79.872194,40.43375],[-79.872623,40.432892],[-79.873296,40.432004],[-79.873685,40.430849],[-79.874292,40.430076],[-79.874764,40.429374],[-79.87471,40.429335],[-79.875086,40.42897],[-79.87514,40.428791],[-79.875161,40.428365],[-79.875826,40.428079]]]}},{"type":"Feature","properties":{"geoid":"42003522000","name":"Census Tract 5220","land_m2":1309388.0},"geometry":{"type":"Polygon","coordinates":[[[-79.785007,40.400469],[-79.785057,40.400418],[-79.784243,40.400652],[-79.783102,40.400898],[-79.777957,40.401779],[-79.777716,40.400967],[-79.778099,40.401072],[-79.778243,40.400783],[-79.778473,40.400502],[-79.776265,40.400089],[-79.775253,40.400022],[-79.774181,40.400566],[-79.775221,40.401867],[-79.775275,40.401868],[-79.775376,40.402217],[-79.775341,40.402219],[-79.77514,40.402168],[-79.772924,40.400863],[-79.772433,40.400516],[-79.771664,40.399859],[-79.770634,40.400422],[-79.771741,40.401371],[-79.772291,40.401698],[-79.77024,40.403622],[-79.769805,40.404055],[-79.769731,40.404232],[-79.769419,40.405979],[-79.769962,40.407067],[-79.770085,40.407632],[-79.769868,40.408022],[-79.770735,40.409215],[-79.771486,40.410405],[-79.772572,40.409829],[-79.773383,40.41037],[-79.773712,40.409813],[-79.773067,40.409631],[-79.773228,40.409553],[-79.774311,40.409916],[-79.774243,40.410199],[-79.774742,40.410354],[-79.774797,40.410075],[-79.775818,40.410433],[-79.772754,40.414545],[-79.775666,40.413974],[-79.77599,40.414351],[-79.776535,40.416019],[-79.776496,40.41672],[-79.776306,40.417186],[-79.776763,40.417302],[-79.776532,40.417964],[-79.776102,40.418569],[-79.775869,40.419039],[-79.776182,40.419253],[-79.775914,40.41984],[-79.777381,40.420208],[-79.779861,40.422399],[-79.781298,40.419025],[-79.777527,40.418115],[-79.778361,40.416131],[-79.777479,40.41585],[-79.777445,40.416194],[-79.777853,40.416197],[-79.777837,40.416555],[-79.777577,40.416555],[-79.777439,40.416761],[-79.777043,40.416926],[-79.776973,40.416883],[-79.777045,40.416771],[-79.777079,40.416188],[-79.777231,40.416193],[-79.777401,40.415824],[-79.778309,40.41354],[-79.77964,40.410552],[-79.77888,40.410572],[-79.779445,40.40925],[-79.779177,40.40923],[-79.779883,40.407606],[-79.782421,40.404931],[-79.78309,40.404343],[-79.782788,40.404065],[-79.782726,40.403867],[-79.783005,40.403092],[-79.783341,40.402539],[-79.782823,40.402158],[-79.783264,40.401861],[-79.785007,40.400469]]]}},{"type":"Feature","properties":{"geoid":"42003523400","name":"Census Tract 5234","land_m2":3253596.0},"geometry":{"type":"Polygon","coordinates":[[[-79.844783,40.453201],[-79.84475,40.452976],[-79.844644,40.452776],[-79.844428,40.452542],[-79.84392,40.452181],[-79.843822,40.452031],[-79.843798,40.451937],[-79.843863,40.451421],[-79.843736,40.450902],[-79.84374,40.45074],[-79.840227,40.449789],[-79.835346,40.44507],[-79.82952,40.444314],[-79.8294,40.444693],[-79.828364,40.444355],[-79.827966,40.44613],[-79.826391,40.452244],[-79.826131,40.452697],[-79.82583,40.452963],[-79.824071,40.454013],[-79.823685,40.454312],[-79.823239,40.454839],[-79.82298,40.455515],[-79.822948,40.455723],[-79.822975,40.456144],[-79.823211,40.457038],[-79.823267,40.457457],[-79.823278,40.459145],[-79.823361,40.459561],[-79.82383,40.460589],[-79.824003,40.461208],[-79.824119,40.463645],[-79.824161,40.463942],[-79.824355,40.464587],[-79.824601,40.46496],[-79.82505,40.465473],[-79.82563,40.465919],[-79.826123,40.466202],[-79.827171,40.465504],[-79.828441,40.464882],[-79.829293,40.464762],[-79.830293,40.464706],[-79.830622,40.46476],[-79.831178,40.464992],[-79.832188,40.465668],[-79.832428,40.465947],[-79.832932,40.46675],[-79.833104,40.466945],[-79.83344,40.46716],[-79.833855,40.467293],[-79.834636,40.467421],[-79.83541,40.4674],[-79.83574,40.467347],[-79.836415,40.467129],[-79.837602,40.466622],[-79.837909,40.466432],[-79.838826,40.465713],[-79.839607,40.464416],[-79.839734,40.463852],[-79.839873,40.463491],[-79.840871,40.462279],[-79.841067,40.461485],[-79.841185,40.461276],[-79.841581,40.460938],[-79.84267,40.460214],[-79.842688,40.459796],[-79.842996,40.458597],[-79.843052,40.457918],[-79.843841,40.457222],[-79.844137,40.456794],[-79.84457,40.455115],[-79.844783,40.453201]]]}},{"type":"Feature","properties":{"geoid":"42003524000","name":"Census Tract 5240","land_m2":1312704.0},"geometry":{"type":"Polygon","coordinates":[[[-79.850312,40.496007],[-79.850339,40.49594],[-79.845118,40.495976],[-79.84445,40.496763],[-79.844111,40.497324],[-79.843391,40.499565],[-79.843242,40.500176],[-79.843186,40.500794],[-79.843319,40.502305],[-79.842891,40.50336],[-79.841405,40.503438],[-79.840691,40.503716],[-79.840302,40.503677],[-79.838493,40.502869],[-79.838173,40.502663],[-79.837787,40.502206],[-79.836916,40.502083],[-79.836402,40.501863],[-79.834983,40.501491],[-79.834432,40.501213],[-79.834226,40.501046],[-79.834084,40.500846],[-79.833792,40.500852],[-79.833801,40.501349],[-79.833456,40.501382],[-79.833748,40.510312],[-79.83402,40.512712],[-79.834144,40.512421],[-79.834418,40.512035],[-79.834878,40.511783],[-79.835635,40.511483],[-79.836451,40.511489],[-79.836965,40.511728],[-79.837799,40.511805],[-79.84138,40.511907],[-79.841897,40.511855],[-79.842529,40.511507],[-79.843409,40.511297],[-79.844442,40.511181],[-79.845178,40.510128],[-79.845856,40.508809],[-79.846527,40.50819],[-79.847532,40.507751],[-79.849451,40.507425],[-79.849163,40.506036],[-79.848853,40.503658],[-79.84892,40.502441],[-79.849063,40.500963],[-79.849375,40.498864],[-79.84968,40.497589],[-79.850312,40.496007]]]}},{"type":"Feature","properties":{"geoid":"42003525100","name":"Census Tract 5251","land_m2":1357813.0},"geometry":{"type":"Polygon","coordinates":[[[-79.838635,40.512055],[-79.838652,40.511824],[-79.836965,40.511728],[-79.836451,40.511489],[-79.835635,40.511483],[-79.835489,40.511525],[-79.834418,40.512035],[-79.834144,40.512421],[-79.833907,40.512981],[-79.833677,40.51336],[-79.83343,40.513644],[-79.8323,40.513516],[-79.832107,40.51344],[-79.831004,40.512791],[-79.829471,40.512021],[-79.829046,40.511913],[-79.827854,40.512044],[-79.827556,40.512114],[-79.826058,40.512857],[-79.825894,40.513481],[-79.825804,40.513635],[-79.82536,40.514051],[-79.825064,40.514657],[-79.824898,40.514877],[-79.824763,40.515288],[-79.824531,40.515576],[-79.824111,40.515797],[-79.823725,40.515811],[-79.823574,40.515717],[-79.82309,40.515334],[-79.822869,40.514923],[-79.822558,40.514547],[-79.822388,40.514507],[-79.821798,40.514822],[-79.821249,40.515007],[-79.820773,40.515236],[-79.82053,40.515483],[-79.820354,40.515775],[-79.820153,40.516948],[-79.819968,40.517177],[-79.819741,40.517329],[-79.819707,40.517397],[-79.820344,40.518101],[-79.819924,40.518942],[-79.819801,40.52048],[-79.819235,40.520947],[-79.819715,40.522127],[-79.819177,40.522836],[-79.819068,40.5231],[-79.819782,40.523858],[-79.820078,40.524295],[-79.820418,40.524982],[-79.820868,40.526167],[-79.821474,40.526015],[-79.821141,40.525218],[-79.82129,40.525168],[-79.821345,40.525098],[-79.821295,40.522943],[-79.82283,40.522928],[-79.822752,40.520379],[-79.827772,40.520295],[-79.83757,40.52098],[-79.838283,40.514986],[-79.838527,40.514574],[-79.838629,40.514257],[-79.838469,40.513558],[-79.838635,40.512055]]]}},{"type":"Feature","properties":{"geoid":"42003525300","name":"Census Tract 5253","land_m2":1621773.0},"geometry":{"type":"Polygon","coordinates":[[[-79.849206,40.523951],[-79.849434,40.523553],[-79.847367,40.522958],[-79.838152,40.521021],[-79.827772,40.520295],[-79.822752,40.520379],[-79.82283,40.522928],[-79.821295,40.522943],[-79.821345,40.525098],[-79.82129,40.525168],[-79.821141,40.525218],[-79.821474,40.526015],[-79.823024,40.525622],[-79.827926,40.524571],[-79.828061,40.527952],[-79.828112,40.527992],[-79.828561,40.528007],[-79.828688,40.528173],[-79.82884,40.528254],[-79.829233,40.528353],[-79.829999,40.528721],[-79.830635,40.528716],[-79.831175,40.528847],[-79.831566,40.529134],[-79.832496,40.529434],[-79.832589,40.529648],[-79.833034,40.529847],[-79.83351,40.529774],[-79.836056,40.530026],[-79.83612,40.529932],[-79.83669,40.530259],[-79.836567,40.530409],[-79.836742,40.530454],[-79.835911,40.531144],[-79.834731,40.531722],[-79.835272,40.532634],[-79.838172,40.531501],[-79.840311,40.530761],[-79.842302,40.529804],[-79.84397,40.528775],[-79.845167,40.527872],[-79.846466,40.526973],[-79.847433,40.526198],[-79.848426,40.525126],[-79.849206,40.523951]]]}},{"type":"Feature","properties":{"geoid":"42003550900","name":"Census Tract 5509","land_m2":989679.0},"geometry":{"type":"Polygon","coordinates":[[[-79.860987,40.348813],[-79.860965,40.346746],[-79.859612,40.346702],[-79.859369,40.346637],[-79.857909,40.345605],[-79.858435,40.343106],[-79.857923,40.342747],[-79.856112,40.342217],[-79.854634,40.345208],[-79.854721,40.346558],[-79.847902,40.345641],[-79.843298,40.34533],[-79.843287,40.346628],[-79.843393,40.347136],[-79.844145,40.347184],[-79.844366,40.349191],[-79.844482,40.349823],[-79.844863,40.350416],[-79.845324,40.350946],[-79.84544,40.351146],[-79.845396,40.351638],[-79.844726,40.352106],[-79.843842,40.353014],[-79.844866,40.353414],[-79.845533,40.353431],[-79.847586,40.352899],[-79.847575,40.352831],[-79.848517,40.352551],[-79.849172,40.352273],[-79.851326,40.352037],[-79.854781,40.351829],[-79.856585,40.351622],[-79.856261,40.350288],[-79.859548,40.350162],[-79.859515,40.348829],[-79.860987,40.348813]]]}},{"type":"Feature","properties":{"geoid":"42003552000","name":"Census Tract 5520","land_m2":639467.0},"geometry":{"type":"Polygon","coordinates":[[[-79.846055,40.342873],[-79.846035,40.34006],[-79.844419,40.340264],[-79.844167,40.338171],[-79.842746,40.338273],[-79.842656,40.337945],[-79.842433,40.337666],[-79.841871,40.337414],[-79.841568,40.337328],[-79.840935,40.337256],[-79.840366,40.337388],[-79.840046,40.337606],[-79.839712,40.338037],[-79.839597,40.338092],[-79.839309,40.338091],[-79.83942,40.337907],[-79.838082,40.338257],[-79.836069,40.338537],[-79.835707,40.337741],[-79.833587,40.338651],[-79.836836,40.340218],[-79.836864,40.340285],[-79.836769,40.340669],[-79.836814,40.340756],[-79.836394,40.344796],[-79.845992,40.345509],[-79.84599,40.342874],[-79.846055,40.342873]]]}},{"type":"Feature","properties":{"geoid":"42003552100","name":"Census Tract 5521","land_m2":692361.0},"geometry":{"type":"Polygon","coordinates":[[[-79.86989,40.349164],[-79.869958,40.348765],[-79.86981,40.348098],[-79.868509,40.344772],[-79.8675,40.342998],[-79.866876,40.342219],[-79.864895,40.340631],[-79.862689,40.339544],[-79.861405,40.338816],[-79.859899,40.340044],[-79.861366,40.341689],[-79.862119,40.342414],[-79.860652,40.343327],[-79.859768,40.342491],[-79.858593,40.341222],[-79.85831,40.341049],[-79.857878,40.340872],[-79.857526,40.341578],[-79.857825,40.341664],[-79.857374,40.342582],[-79.858019,40.342784],[-79.858447,40.343136],[-79.857909,40.345605],[-79.859369,40.346637],[-79.859612,40.346702],[-79.860965,40.346746],[-79.860987,40.348813],[-79.859515,40.348829],[-79.859529,40.349678],[-79.864017,40.349605],[-79.864647,40.349529],[-79.864752,40.349999],[-79.86863,40.349513],[-79.86989,40.349164]]]}},{"type":"Feature","properties":{"geoid":"42003552200","name":"Census Tract 5522","land_m2":809820.0},"geometry":{"type":"Polygon","coordinates":[[[-79.885612,40.345168],[-79.881796,40.343386],[-79.880966,40.341771],[-79.880129,40.342509],[-79.87964,40.34283],[-79.878515,40.3437],[-79.874375,40.347009],[-79.87344,40.347605],[-79.872527,40.347618],[-79.871628,40.34774],[-79.870913,40.348596],[-79.869958,40.348765],[-79.86989,40.349164],[-79.869999,40.349467],[-79.869943,40.349864],[-79.869996,40.350492],[-79.870638,40.355436],[-79.872957,40.355101],[-79.876551,40.354393],[-79.878293,40.353641],[-79.879572,40.352747],[-79.880256,40.352178],[-79.880846,40.351649],[-79.881408,40.351046],[-79.882333,40.349564],[-79.884959,40.346041],[-79.884915,40.346052],[-79.885612,40.345168]]]}},{"type":"Feature","properties":{"geoid":"42003560400","name":"Census Tract 5604","land_m2":511709.0},"geometry":{"type":"Polygon","coordinates":[[[-79.894344,40.441253],[-79.894363,40.441175],[-79.894272,40.441237],[-79.892213,40.441258],[-79.891502,40.441216],[-79.886931,40.439694],[-79.886393,40.439687],[-79.886548,40.440502],[-79.887688,40.444658],[-79.887128,40.444464],[-79.887182,40.444611],[-79.887134,40.444811],[-79.88593,40.446907],[-79.888366,40.447735],[-79.888547,40.447844],[-79.889005,40.44833],[-79.889816,40.449051],[-79.890444,40.449459],[-79.891768,40.450098],[-79.892423,40.450266],[-79.893163,40.44685],[-79.893584,40.444589],[-79.894344,40.441253]]]}},{"type":"Feature","properties":{"geoid":"42003560500","name":"Census Tract 5605","land_m2":464334.0},"geometry":{"type":"Polygon","coordinates":[[[-79.895568,40.434962],[-79.894563,40.43353],[-79.889579,40.435613],[-79.885966,40.436855],[-79.885782,40.436843],[-79.886393,40.439687],[-79.886931,40.439694],[-79.891502,40.441216],[-79.892213,40.441258],[-79.894272,40.441237],[-79.894363,40.441175],[-79.894915,40.438842],[-79.894842,40.438647],[-79.895568,40.434962]]]}},{"type":"Feature","properties":{"geoid":"42003552300","name":"Census Tract 5523","land_m2":830981.0},"geometry":{"type":"Polygon","coordinates":[[[-79.86133,40.3429],[-79.860562,40.342175],[-79.858233,40.339578],[-79.857838,40.339794],[-79.856934,40.338747],[-79.856342,40.338409],[-79.855741,40.33908],[-79.850091,40.337764],[-79.844167,40.338171],[-79.844419,40.340264],[-79.846035,40.34006],[-79.846056,40.342812],[-79.846055,40.342873],[-79.84599,40.342874],[-79.845992,40.345509],[-79.847902,40.345641],[-79.854721,40.346558],[-79.854634,40.345208],[-79.856112,40.342217],[-79.857374,40.342582],[-79.857825,40.341664],[-79.857526,40.341578],[-79.857878,40.340872],[-79.85831,40.341049],[-79.858593,40.341222],[-79.859768,40.342491],[-79.860652,40.343327],[-79.86133,40.3429]]]}},{"type":"Feature","properties":{"geoid":"42003475200","name":"Census Tract 4752","land_m2":4720556.0},"geometry":{"type":"Polygon","coordinates":[[[-80.07396,40.299837],[-80.074013,40.299716],[-80.069202,40.298298],[-80.069255,40.298589],[-80.069304,40.300006],[-80.069253,40.300375],[-80.069086,40.300944],[-80.068622,40.301725],[-80.067751,40.302977],[-80.067564,40.303365],[-80.067436,40.303804],[-80.067392,40.30437],[-80.067431,40.304766],[-80.068059,40.308164],[-80.068128,40.309157],[-80.068089,40.309507],[-80.067754,40.310199],[-80.067372,40.310716],[-80.06705,40.310994],[-80.066721,40.311215],[-80.066133,40.31151],[-80.065256,40.311808],[-80.059993,40.312582],[-80.05294,40.313756],[-80.052002,40.314039],[-80.051001,40.31459],[-80.048355,40.316532],[-80.047577,40.317476],[-80.04714,40.318087],[-80.046983,40.318629],[-80.046898,40.319144],[-80.047506,40.321728],[-80.047833,40.323483],[-80.047699,40.324098],[-80.047259,40.324898],[-80.04677,40.325323],[-80.04594,40.3258],[-80.044079,40.32625],[-80.042907,40.326455],[-80.041896,40.326698],[-80.041177,40.326925],[-80.038485,40.328274],[-80.038971,40.328261],[-80.040192,40.328017],[-80.04066,40.327882],[-80.040969,40.327732],[-80.041269,40.32834],[-80.041554,40.328674],[-80.042461,40.32926],[-80.042662,40.32959],[-80.042742,40.329929],[-80.043678,40.334861],[-80.043771,40.335044],[-80.044029,40.335322],[-80.04612,40.337206],[-80.046268,40.337294],[-80.046458,40.337095],[-80.046713,40.33694],[-80.048796,40.336254],[-80.050684,40.33535],[-80.05118,40.335201],[-80.051146,40.337099],[-80.051172,40.337409],[-80.051406,40.3383],[-80.051637,40.338976],[-80.052298,40.340452],[-80.053801,40.345203],[-80.053999,40.345698],[-80.05463,40.34665],[-80.056008,40.343237],[-80.055905,40.343111],[-80.056514,40.34282],[-80.055932,40.342102],[-80.056691,40.341744],[-80.057491,40.339894],[-80.058743,40.335781],[-80.059962,40.332614],[-80.061865,40.328378],[-80.062777,40.326235],[-80.064648,40.321474],[-80.065816,40.318756],[-80.066008,40.318153],[-80.067693,40.314137],[-80.069395,40.309802],[-80.07096,40.306084],[-80.07396,40.299837]]]}},{"type":"Feature","properties":{"geoid":"42003475301","name":"Census Tract 4753.01","land_m2":3387769.0},"geometry":{"type":"Polygon","coordinates":[[[-80.047833,40.323483],[-80.047506,40.321728],[-80.046898,40.319144],[-80.046983,40.318629],[-80.04714,40.318087],[-80.047365,40.317754],[-80.046481,40.317429],[-80.044575,40.316389],[-80.044178,40.316243],[-80.041079,40.316533],[-80.040774,40.31651],[-80.040154,40.315797],[-80.03772,40.314239],[-80.037607,40.314025],[-80.03754,40.313549],[-80.03743,40.313396],[-80.037255,40.313265],[-80.035169,40.311912],[-80.034544,40.311559],[-80.034002,40.311365],[-80.032997,40.311113],[-80.032312,40.312437],[-80.031649,40.313344],[-80.029204,40.31537],[-80.028776,40.31584],[-80.027596,40.317841],[-80.027049,40.31887],[-80.026945,40.319262],[-80.027047,40.320829],[-80.026835,40.322115],[-80.026725,40.322475],[-80.025911,40.324087],[-80.025776,40.324486],[-80.025755,40.324773],[-80.025999,40.326298],[-80.025995,40.326473],[-80.025868,40.326857],[-80.025626,40.327168],[-80.025285,40.327422],[-80.022739,40.328533],[-80.022244,40.328974],[-80.022039,40.329306],[-80.021927,40.329663],[-80.021915,40.330061],[-80.022032,40.330536],[-80.02293,40.331895],[-80.023777,40.332994],[-80.024076,40.333565],[-80.024107,40.333964],[-80.02407,40.335237],[-80.024111,40.335552],[-80.024335,40.336181],[-80.02468,40.336694],[-80.025691,40.337737],[-80.025989,40.338209],[-80.026113,40.338729],[-80.026123,40.339017],[-80.025854,40.340121],[-80.025772,40.340682],[-80.025824,40.341255],[-80.025941,40.341836],[-80.026554,40.341652],[-80.027491,40.340823],[-80.028358,40.340328],[-80.028604,40.340029],[-80.028652,40.339797],[-80.028658,40.338743],[-80.028606,40.337932],[-80.028742,40.337093],[-80.028875,40.336789],[-80.029082,40.336503],[-80.029575,40.335469],[-80.031177,40.334231],[-80.034824,40.330364],[-80.035584,40.32974],[-80.036739,40.329083],[-80.03783,40.328595],[-80.037818,40.328548],[-80.038129,40.328422],[-80.038368,40.328264],[-80.038485,40.328274],[-80.041177,40.326925],[-80.041896,40.326698],[-80.042907,40.326455],[-80.044079,40.32625],[-80.045581,40.325907],[-80.04618,40.325693],[-80.04677,40.325323],[-80.047259,40.324898],[-80.047699,40.324098],[-80.047833,40.323483]]]}},{"type":"Feature","properties":{"geoid":"42003495000","name":"Census Tract 4950","land_m2":49019305.0},"geometry":{"type":"Polygon","coordinates":[[[-79.971298,40.229478],[-79.971281,40.228172],[-79.970916,40.226893],[-79.969316,40.22467],[-79.968817,40.224124],[-79.966849,40.222088],[-79.95794,40.214259],[-79.956036,40.213296],[-79.954889,40.212767],[-79.953181,40.212249],[-79.950382,40.211559],[-79.944331,40.210656],[-79.942192,40.210202],[-79.936574,40.208986],[-79.93288,40.20795],[-79.929289,40.207081],[-79.926806,40.206025],[-79.924598,40.204954],[-79.922748,40.203655],[-79.921578,40.202699],[-79.920872,40.202022],[-79.918712,40.200279],[-79.916416,40.198973],[-79.913776,40.197903],[-79.910783,40.196977],[-79.905058,40.195712],[-79.900334,40.194841],[-79.897362,40.194465],[-79.894771,40.194285],[-79.891251,40.19448],[-79.888739,40.194733],[-79.885599,40.195377],[-79.881115,40.196647],[-79.877877,40.197034],[-79.874857,40.197221],[-79.871696,40.197301],[-79.867067,40.198837],[-79.850066,40.204684],[-79.847937,40.205452],[-79.83925,40.208755],[-79.84039,40.210574],[-79.840717,40.211199],[-79.840858,40.212342],[-79.840945,40.212663],[-79.841755,40.214896],[-79.84198,40.216447],[-79.842026,40.217228],[-79.842275,40.218353],[-79.84426,40.21984],[-79.846445,40.221],[-79.846956,40.221217],[-79.848601,40.222396],[-79.849145,40.222641],[-79.849769,40.223744],[-79.850165,40.224212],[-79.850562,40.224569],[-79.852422,40.225985],[-79.853009,40.226532],[-79.853381,40.22698],[-79.853828,40.227599],[-79.854182,40.228285],[-79.854968,40.230767],[-79.855132,40.231116],[-79.855634,40.231883],[-79.855778,40.232235],[-79.855819,40.23272],[-79.855734,40.233785],[-79.855877,40.235341],[-79.855984,40.235728],[-79.857399,40.237474],[-79.859558,40.240005],[-79.859804,40.240335],[-79.86014,40.240928],[-79.861267,40.240868],[-79.862497,40.240629],[-79.86475,40.239323],[-79.864938,40.239256],[-79.866988,40.239357],[-79.867125,40.239224],[-79.867771,40.239471],[-79.86957,40.239635],[-79.869802,40.239855],[-79.869892,40.240098],[-79.870238,40.240332],[-79.870581,40.240733],[-79.870793,40.241174],[-79.870862,40.241553],[-79.871257,40.242276],[-79.871795,40.243895],[-79.872192,40.24462],[-79.872702,40.245304],[-79.873322,40.245931],[-79.873696,40.24624],[-79.876457,40.248223],[-79.877048,40.248803],[-79.877497,40.249474],[-79.877774,40.250195],[-79.878041,40.251378],[-79.878963,40.25489],[-79.879112,40.255714],[-79.879135,40.256129],[-79.879069,40.256998],[-79.878278,40.262729],[-79.8783,40.263388],[-79.87843,40.263931],[-79.878681,40.264564],[-79.878811,40.26478],[-79.879227,40.265245],[-79.88023,40.265987],[-79.882103,40.266932],[-79.882797,40.267363],[-79.883663,40.26812],[-79.884249,40.268894],[-79.88653,40.266887],[-79.887384,40.267483],[-79.889761,40.265494],[-79.890305,40.265194],[-79.890376,40.265177],[-79.890452,40.265236],[-79.890913,40.264969],[-79.890983,40.26503],[-79.891231,40.265303],[-79.890759,40.265571],[-79.890868,40.265689],[-79.891979,40.265244],[-79.892306,40.265028],[-79.891581,40.264385],[-79.893979,40.263564],[-79.894191,40.264434],[-79.894638,40.264288],[-79.894801,40.264981],[-79.894913,40.265172],[-79.894985,40.26559],[-79.894933,40.266061],[-79.894987,40.26649],[-79.894937,40.266874],[-79.894888,40.266954],[-79.894898,40.267156],[-79.896313,40.267921],[-79.897632,40.266973],[-79.898695,40.266077],[-79.89995,40.265138],[-79.901136,40.264114],[-79.902754,40.262914],[-79.903453,40.262426],[-79.906027,40.260981],[-79.906927,40.260423],[-79.908773,40.259137],[-79.909652,40.25846],[-79.911444,40.256757],[-79.912083,40.256019],[-79.913225,40.254485],[-79.914743,40.251979],[-79.915923,40.250824],[-79.917498,40.249446],[-79.921944,40.246706],[-79.925256,40.245061],[-79.930754,40.242973],[-79.934153,40.242132],[-79.93759,40.241519],[-79.943009,40.241095],[-79.950632,40.240844],[-79.954066,40.240547],[-79.956834,40.240198],[-79.959065,40.239688],[-79.962593,40.238768],[-79.966839,40.236544],[-79.968111,40.235414],[-79.970042,40.233304],[-79.970691,40.232005],[-79.970865,40.231504],[-79.971115,40.230731],[-79.971298,40.229478]]]}},{"type":"Feature","properties":{"geoid":"42003521302","name":"Census Tract 5213.02","land_m2":7972525.0},"geometry":{"type":"Polygon","coordinates":[[[-79.804693,40.40206],[-79.80453,40.401357],[-79.804069,40.400791],[-79.804004,40.400519],[-79.804493,40.397667],[-79.804533,40.396796],[-79.803627,40.396499],[-79.80209,40.395646],[-79.802162,40.395583],[-79.801488,40.395131],[-79.801804,40.394809],[-79.801468,40.394633],[-79.80145,40.394102],[-79.800244,40.393963],[-79.798513,40.393942],[-79.797249,40.394074],[-79.796484,40.394312],[-79.794248,40.395257],[-79.793515,40.395801],[-79.793191,40.396454],[-79.79303,40.397298],[-79.792032,40.397859],[-79.790853,40.397631],[-79.790658,40.397396],[-79.790157,40.397357],[-79.789757,40.397531],[-79.789237,40.397875],[-79.788861,40.397952],[-79.788517,40.397816],[-79.788344,40.39727],[-79.788398,40.396982],[-79.788544,40.396646],[-79.788539,40.396479],[-79.788285,40.39634],[-79.787446,40.396474],[-79.787196,40.396455],[-79.786481,40.396563],[-79.784793,40.396497],[-79.784001,40.396326],[-79.783037,40.396437],[-79.781527,40.396865],[-79.780708,40.397629],[-79.779239,40.398648],[-79.778967,40.398939],[-79.778871,40.398946],[-79.777933,40.399426],[-79.777553,40.400098],[-79.777553,40.40033],[-79.778473,40.400502],[-79.778243,40.400783],[-79.778099,40.401072],[-79.777716,40.400967],[-79.777957,40.401779],[-79.783102,40.400898],[-79.784243,40.400652],[-79.785057,40.400418],[-79.783264,40.401861],[-79.782823,40.402158],[-79.783341,40.402539],[-79.783005,40.403092],[-79.782726,40.403867],[-79.782788,40.404065],[-79.78309,40.404343],[-79.782421,40.404931],[-79.779883,40.407606],[-79.779177,40.40923],[-79.779445,40.40925],[-79.77888,40.410572],[-79.77964,40.410552],[-79.778309,40.41354],[-79.777401,40.415824],[-79.777231,40.416193],[-79.777079,40.416188],[-79.777045,40.416771],[-79.776973,40.416883],[-79.777043,40.416926],[-79.777439,40.416761],[-79.777577,40.416555],[-79.777837,40.416555],[-79.777853,40.416197],[-79.777445,40.416194],[-79.777479,40.41585],[-79.778361,40.416131],[-79.777527,40.418115],[-79.781298,40.419025],[-79.779861,40.422399],[-79.777381,40.420208],[-79.775914,40.41984],[-79.776182,40.419253],[-79.775869,40.419039],[-79.77567,40.419371],[-79.774534,40.420672],[-79.774009,40.421471],[-79.773256,40.422335],[-79.772231,40.423874],[-79.771934,40.424705],[-79.771786,40.424867],[-79.770352,40.425861],[-79.769654,40.426542],[-79.768575,40.427169],[-79.76807,40.42762],[-79.767724,40.427729],[-79.766028,40.42789],[-79.765531,40.42802],[-79.765247,40.428141],[-79.763524,40.429122],[-79.762357,40.430118],[-79.761945,40.430407],[-79.761659,40.430525],[-79.761436,40.43075],[-79.761224,40.431068],[-79.760877,40.432057],[-79.760307,40.432985],[-79.760232,40.433285],[-79.761317,40.43306],[-79.761825,40.43309],[-79.762998,40.433612],[-79.764426,40.434061],[-79.771637,40.435866],[-79.771994,40.435981],[-79.77253,40.436281],[-79.772994,40.436466],[-79.776472,40.437484],[-79.777272,40.437432],[-79.779144,40.437076],[-79.779773,40.436773],[-79.780015,40.436569],[-79.780123,40.436561],[-79.780636,40.436076],[-79.781616,40.43565],[-79.781647,40.435565],[-79.782523,40.435216],[-79.782796,40.435053],[-79.783015,40.43481],[-79.783102,40.434625],[-79.783352,40.433402],[-79.783513,40.433113],[-79.784664,40.431815],[-79.78582,40.430304],[-79.787066,40.428795],[-79.788627,40.426661],[-79.78924,40.42611],[-79.789661,40.425658],[-79.790266,40.424635],[-79.791194,40.423893],[-79.791345,40.42368],[-79.791959,40.422552],[-79.792423,40.421052],[-79.792639,40.420515],[-79.794079,40.419431],[-79.795768,40.417719],[-79.796762,40.416878],[-79.797157,40.416654],[-79.797812,40.416393],[-79.799248,40.416125],[-79.799825,40.415957],[-79.800607,40.414449],[-79.801084,40.412952],[-79.80184,40.411589],[-79.801825,40.411378],[-79.801221,40.410162],[-79.801163,40.409945],[-79.801187,40.409726],[-79.801771,40.408806],[-79.803056,40.407177],[-79.80433,40.40533],[-79.804326,40.405052],[-79.804101,40.404073],[-79.804101,40.403865],[-79.804312,40.40319],[-79.804619,40.40249],[-79.804693,40.40206]]]}},{"type":"Feature","properties":{"geoid":"42003523701","name":"Census Tract 5237.01","land_m2":6548443.0},"geometry":{"type":"Polygon","coordinates":[[[-79.837829,40.502234],[-79.83767,40.501543],[-79.837158,40.501965],[-79.836663,40.501775],[-79.836421,40.501615],[-79.836331,40.501498],[-79.836262,40.501368],[-79.836181,40.500148],[-79.835901,40.49924],[-79.835749,40.498933],[-79.835176,40.498085],[-79.834946,40.497115],[-79.834542,40.496249],[-79.834166,40.495656],[-79.833805,40.495193],[-79.833651,40.495086],[-79.833359,40.494996],[-79.832196,40.494852],[-79.830775,40.495136],[-79.82996,40.495225],[-79.829553,40.49522],[-79.828563,40.495012],[-79.827731,40.494764],[-79.827446,40.494615],[-79.827333,40.49425],[-79.827261,40.493356],[-79.82757,40.492428],[-79.827618,40.491959],[-79.827449,40.490931],[-79.82716,40.490673],[-79.826714,40.490576],[-79.823192,40.490563],[-79.821881,40.49014],[-79.82037,40.49002],[-79.820133,40.49005],[-79.819862,40.489499],[-79.816437,40.49021],[-79.815921,40.490375],[-79.814783,40.490847],[-79.814032,40.491187],[-79.813317,40.49161],[-79.812128,40.492026],[-79.811574,40.492279],[-79.811095,40.492608],[-79.810544,40.493184],[-79.809744,40.493747],[-79.80942,40.494179],[-79.808594,40.494935],[-79.807699,40.496067],[-79.806208,40.497524],[-79.806002,40.497817],[-79.805938,40.498002],[-79.805935,40.498331],[-79.806115,40.498989],[-79.806155,40.499323],[-79.806082,40.500365],[-79.806108,40.5007],[-79.806397,40.501873],[-79.806739,40.502789],[-79.806774,40.502947],[-79.806744,40.503114],[-79.806623,40.503285],[-79.806321,40.503515],[-79.802986,40.50597],[-79.802372,40.506344],[-79.801679,40.506627],[-79.799024,40.5073],[-79.798412,40.507289],[-79.796456,40.506949],[-79.795673,40.506896],[-79.794295,40.506888],[-79.793876,40.506939],[-79.793751,40.506995],[-79.793502,40.507433],[-79.795477,40.509686],[-79.795796,40.509929],[-79.796491,40.510154],[-79.797893,40.509921],[-79.798961,40.509955],[-79.799256,40.510029],[-79.799455,40.510137],[-79.799673,40.51035],[-79.800678,40.511484],[-79.801253,40.512256],[-79.801584,40.512542],[-79.803958,40.513648],[-79.804967,40.514054],[-79.805062,40.514085],[-79.805274,40.514012],[-79.806227,40.513528],[-79.806449,40.513478],[-79.806638,40.513493],[-79.80675,40.513607],[-79.806962,40.514547],[-79.806841,40.515397],[-79.806698,40.51588],[-79.806698,40.516651],[-79.806782,40.517103],[-79.806883,40.517378],[-79.806979,40.518148],[-79.807102,40.51835],[-79.807211,40.518369],[-79.807753,40.518129],[-79.808026,40.517944],[-79.808231,40.51771],[-79.808463,40.517197],[-79.808745,40.516116],[-79.809005,40.515904],[-79.810186,40.51574],[-79.811236,40.515869],[-79.812823,40.516492],[-79.813048,40.516536],[-79.813284,40.516516],[-79.813531,40.51642],[-79.813733,40.516277],[-79.814445,40.515201],[-79.815186,40.514361],[-79.815416,40.514219],[-79.815638,40.51416],[-79.816146,40.514322],[-79.816479,40.514537],[-79.816749,40.51486],[-79.816614,40.516661],[-79.816653,40.517711],[-79.816791,40.517936],[-79.81728,40.518276],[-79.817597,40.518369],[-79.818158,40.518391],[-79.818647,40.518303],[-79.818892,40.518194],[-79.819175,40.517975],[-79.819677,40.517364],[-79.819707,40.517397],[-79.819741,40.517329],[-79.819968,40.517177],[-79.820153,40.516948],[-79.820354,40.515775],[-79.82053,40.515483],[-79.820702,40.515299],[-79.821008,40.515113],[-79.821798,40.514822],[-79.822388,40.514507],[-79.822558,40.514547],[-79.822688,40.514692],[-79.822869,40.514923],[-79.82309,40.515334],[-79.823725,40.515811],[-79.824111,40.515797],[-79.824531,40.515576],[-79.824763,40.515288],[-79.824898,40.514877],[-79.825064,40.514657],[-79.82536,40.514051],[-79.825804,40.513635],[-79.825894,40.513481],[-79.826058,40.512857],[-79.827556,40.512114],[-79.828556,40.511942],[-79.829101,40.511915],[-79.829471,40.512021],[-79.831004,40.512791],[-79.832107,40.51344],[-79.8323,40.513516],[-79.83343,40.513644],[-79.833677,40.51336],[-79.83402,40.512712],[-79.833748,40.510312],[-79.833456,40.501382],[-79.833801,40.501349],[-79.833792,40.500852],[-79.834084,40.500846],[-79.834226,40.501046],[-79.834432,40.501213],[-79.834983,40.501491],[-79.836402,40.501863],[-79.836916,40.502083],[-79.837829,40.502234]]]}},{"type":"Feature","properties":{"geoid":"42003525200","name":"Census Tract 5252","land_m2":1121761.0},"geometry":{"type":"Polygon","coordinates":[[[-79.850962,40.517304],[-79.850969,40.515864],[-79.850844,40.51419],[-79.849944,40.509179],[-79.849581,40.507754],[-79.849451,40.507425],[-79.847532,40.507751],[-79.846527,40.50819],[-79.845856,40.508809],[-79.845178,40.510128],[-79.844442,40.511181],[-79.843409,40.511297],[-79.842529,40.511507],[-79.841897,40.511855],[-79.841689,40.511893],[-79.840865,40.511921],[-79.838652,40.511824],[-79.838469,40.513558],[-79.838629,40.514257],[-79.838527,40.514574],[-79.838283,40.514986],[-79.83757,40.52098],[-79.838152,40.521021],[-79.8388,40.521133],[-79.847367,40.522958],[-79.849434,40.523553],[-79.850196,40.521716],[-79.850583,40.52016],[-79.850656,40.519856],[-79.850962,40.517304]]]}},{"type":"Feature","properties":{"geoid":"42003565300","name":"Census Tract 5653","land_m2":6565373.0},"geometry":{"type":"Polygon","coordinates":[[[-79.970961,40.403423],[-79.970871,40.403254],[-79.970834,40.402866],[-79.970865,40.402811],[-79.969054,40.400468],[-79.964795,40.399687],[-79.963904,40.399715],[-79.963476,40.398325],[-79.962989,40.398068],[-79.962565,40.397946],[-79.961057,40.397828],[-79.959512,40.397556],[-79.959924,40.395598],[-79.958046,40.39539],[-79.957735,40.389914],[-79.95492,40.389821],[-79.954353,40.389979],[-79.954207,40.390103],[-79.954023,40.39016],[-79.952436,40.390183],[-79.95187,40.390293],[-79.950099,40.390801],[-79.949774,40.390816],[-79.949522,40.390726],[-79.949502,40.39124],[-79.949154,40.391229],[-79.949202,40.390591],[-79.947282,40.390049],[-79.947073,40.390171],[-79.94634,40.390268],[-79.945171,40.390254],[-79.944395,40.390177],[-79.943841,40.389031],[-79.943647,40.389101],[-79.942093,40.388214],[-79.936124,40.3888],[-79.935384,40.383613],[-79.93553,40.382501],[-79.935473,40.38095],[-79.938278,40.38016],[-79.942535,40.37967],[-79.942889,40.379325],[-79.943152,40.379484],[-79.94406,40.378574],[-79.943332,40.378157],[-79.9455,40.376079],[-79.943666,40.374965],[-79.942734,40.375965],[-79.939439,40.373941],[-79.926577,40.374999],[-79.926768,40.375635],[-79.926818,40.376024],[-79.926817,40.376513],[-79.926719,40.37705],[-79.926482,40.377679],[-79.925747,40.3792],[-79.925507,40.379607],[-79.923913,40.379061],[-79.923491,40.379139],[-79.923034,40.378879],[-79.92183,40.378656],[-79.921376,40.378487],[-79.920663,40.378134],[-79.920255,40.37803],[-79.920063,40.378044],[-79.919824,40.378165],[-79.918153,40.379386],[-79.916241,40.380079],[-79.917314,40.381597],[-79.916084,40.382113],[-79.9174,40.38451],[-79.917163,40.384709],[-79.917651,40.387341],[-79.917866,40.388033],[-79.918466,40.388475],[-79.916785,40.390778],[-79.917091,40.390913],[-79.916688,40.391502],[-79.91637,40.391363],[-79.9149,40.39339],[-79.916912,40.393921],[-79.913306,40.396972],[-79.9164,40.398784],[-79.916598,40.398607],[-79.918244,40.399306],[-79.929619,40.389731],[-79.929701,40.389745],[-79.932357,40.391499],[-79.932971,40.397317],[-79.935397,40.396903],[-79.937277,40.396645],[-79.937729,40.396786],[-79.937496,40.395662],[-79.937112,40.395267],[-79.936713,40.395161],[-79.938793,40.395026],[-79.938156,40.39298],[-79.94387,40.394168],[-79.94439,40.394404],[-79.945308,40.394929],[-79.944933,40.395417],[-79.946078,40.395905],[-79.947379,40.396914],[-79.950608,40.399618],[-79.951053,40.400238],[-79.951517,40.400029],[-79.95284,40.401705],[-79.952555,40.402184],[-79.952921,40.40267],[-79.953201,40.402518],[-79.953492,40.403205],[-79.953288,40.403258],[-79.95492,40.406845],[-79.956032,40.406617],[-79.955971,40.406887],[-79.956283,40.407188],[-79.956625,40.407774],[-79.956644,40.408229],[-79.956112,40.409116],[-79.956203,40.409432],[-79.956131,40.410309],[-79.956582,40.410346],[-79.959048,40.40974],[-79.95907,40.409061],[-79.959292,40.409057],[-79.959311,40.408727],[-79.960098,40.408755],[-79.960393,40.407761],[-79.960489,40.407771],[-79.960909,40.407561],[-79.961354,40.408079],[-79.962227,40.408155],[-79.96303,40.407881],[-79.963563,40.408795],[-79.963884,40.408737],[-79.965887,40.40723],[-79.969061,40.40537],[-79.969503,40.405062],[-79.970106,40.404756],[-79.970736,40.403465],[-79.970961,40.403423]]]}},{"type":"Feature","properties":{"geoid":"42003458002","name":"Census Tract 4580.02","land_m2":17644419.0},"geometry":{"type":"Polygon","coordinates":[[[-80.168664,40.402486],[-80.168703,40.401997],[-80.168514,40.402149],[-80.168004,40.403135],[-80.167142,40.404313],[-80.167055,40.404417],[-80.166917,40.404479],[-80.166633,40.404953],[-80.166531,40.405194],[-80.16656,40.405399],[-80.166674,40.405576],[-80.166676,40.405699],[-80.16638,40.40608],[-80.166192,40.406491],[-80.165988,40.406754],[-80.165394,40.407041],[-80.165135,40.407335],[-80.165072,40.407616],[-80.165127,40.407804],[-80.165595,40.408298],[-80.165766,40.408609],[-80.165538,40.409413],[-80.165514,40.409736],[-80.165029,40.409964],[-80.163551,40.410104],[-80.163262,40.410321],[-80.162722,40.410578],[-80.162581,40.41056],[-80.162472,40.410619],[-80.161721,40.410524],[-80.161494,40.410448],[-80.161419,40.410132],[-80.161465,40.409949],[-80.16135,40.408956],[-80.161201,40.408757],[-80.161061,40.408739],[-80.159817,40.409125],[-80.158582,40.409259],[-80.158473,40.409317],[-80.158238,40.409288],[-80.157832,40.409381],[-80.15586,40.410218],[-80.155345,40.410153],[-80.155157,40.410104],[-80.155149,40.410049],[-80.154876,40.409876],[-80.154603,40.409806],[-80.153501,40.409187],[-80.153135,40.409041],[-80.152979,40.408876],[-80.152761,40.408776],[-80.152192,40.408089],[-80.152232,40.407478],[-80.152484,40.406786],[-80.152844,40.406252],[-80.152788,40.406163],[-80.152938,40.406047],[-80.15297,40.405906],[-80.15308,40.405847],[-80.153316,40.405008],[-80.153485,40.404835],[-80.153162,40.404521],[-80.151277,40.402008],[-80.15035,40.400868],[-80.145979,40.395758],[-80.145316,40.395078],[-80.144951,40.394793],[-80.144676,40.39462],[-80.144322,40.394481],[-80.143333,40.394255],[-80.138426,40.393782],[-80.136892,40.393718],[-80.136195,40.393794],[-80.135332,40.393999],[-80.134911,40.394158],[-80.133618,40.394843],[-80.131428,40.396118],[-80.130595,40.396501],[-80.129806,40.396759],[-80.128023,40.397111],[-80.122595,40.397881],[-80.121686,40.397943],[-80.1207,40.397793],[-80.120065,40.397573],[-80.119775,40.397425],[-80.117253,40.395442],[-80.116911,40.395212],[-80.116262,40.394894],[-80.115178,40.394565],[-80.114314,40.394461],[-80.113528,40.394463],[-80.112474,40.394621],[-80.111942,40.39478],[-80.111021,40.395146],[-80.110504,40.395479],[-80.109395,40.396405],[-80.107925,40.397988],[-80.107418,40.398447],[-80.106521,40.399103],[-80.105814,40.399424],[-80.105465,40.398893],[-80.10403,40.397037],[-80.101953,40.394514],[-80.101116,40.393336],[-80.100167,40.391576],[-80.098288,40.387337],[-80.097455,40.387861],[-80.099103,40.393891],[-80.099647,40.393934],[-80.100076,40.394169],[-80.10027,40.394375],[-80.100503,40.395056],[-80.100532,40.395784],[-80.100263,40.396981],[-80.100167,40.397838],[-80.099783,40.39826],[-80.09943,40.398759],[-80.099398,40.398899],[-80.09881,40.399585],[-80.09854,40.399976],[-80.099612,40.409092],[-80.099895,40.411031],[-80.105858,40.413099],[-80.105962,40.413331],[-80.107908,40.416311],[-80.109551,40.417696],[-80.10978,40.418136],[-80.109242,40.418284],[-80.108915,40.4208],[-80.110192,40.421022],[-80.110768,40.421285],[-80.111508,40.42426],[-80.115018,40.424462],[-80.114616,40.426089],[-80.115201,40.426169],[-80.115758,40.426186],[-80.116445,40.426106],[-80.118117,40.425685],[-80.118935,40.425607],[-80.119767,40.425624],[-80.120644,40.42575],[-80.122883,40.426356],[-80.123784,40.426474],[-80.124554,40.426714],[-80.125399,40.427123],[-80.126384,40.427746],[-80.128916,40.428384],[-80.129374,40.428622],[-80.130955,40.429717],[-80.134127,40.430623],[-80.135049,40.430069],[-80.135346,40.430195],[-80.136298,40.430145],[-80.137482,40.430507],[-80.138044,40.430496],[-80.138488,40.430401],[-80.139139,40.430434],[-80.139426,40.430852],[-80.139548,40.430948],[-80.140411,40.431225],[-80.145781,40.432162],[-80.146184,40.432165],[-80.146924,40.432042],[-80.147236,40.432059],[-80.148234,40.432431],[-80.148887,40.432885],[-80.149378,40.433093],[-80.151067,40.433443],[-80.151656,40.433402],[-80.152909,40.432959],[-80.154429,40.432494],[-80.154752,40.432455],[-80.155001,40.432507],[-80.155383,40.432336],[-80.163507,40.424809],[-80.168053,40.421914],[-80.167891,40.421368],[-80.167654,40.420954],[-80.167731,40.420788],[-80.168038,40.420819],[-80.168118,40.420365],[-80.168186,40.420282],[-80.167971,40.418733],[-80.167926,40.418503],[-80.167732,40.418167],[-80.167616,40.418147],[-80.16749,40.418257],[-80.167361,40.418202],[-80.168664,40.402486]]]}},{"type":"Feature","properties":{"geoid":"42003458001","name":"Census Tract 4580.01","land_m2":17613048.0},"geometry":{"type":"Polygon","coordinates":[[[-80.170069,40.391443],[-80.170105,40.390726],[-80.168675,40.383763],[-80.16388,40.382354],[-80.157222,40.380271],[-80.150394,40.379616],[-80.147843,40.378896],[-80.147669,40.378889],[-80.144301,40.377993],[-80.143752,40.377761],[-80.142032,40.37739],[-80.140768,40.377246],[-80.139762,40.376981],[-80.139363,40.376943],[-80.139133,40.376828],[-80.138737,40.376779],[-80.138402,40.376582],[-80.137835,40.376427],[-80.137403,40.37614],[-80.136803,40.375893],[-80.136062,40.37542],[-80.135686,40.375102],[-80.135227,40.374845],[-80.134911,40.374586],[-80.134366,40.374297],[-80.133607,40.373799],[-80.133533,40.373677],[-80.1328,40.373215],[-80.131953,40.372784],[-80.130524,40.372483],[-80.130276,40.372152],[-80.129967,40.372116],[-80.129791,40.372031],[-80.129265,40.371999],[-80.128691,40.372121],[-80.127632,40.372185],[-80.126798,40.372472],[-80.126091,40.372579],[-80.125395,40.372593],[-80.124983,40.372933],[-80.124746,40.373009],[-80.12429,40.37305],[-80.12334,40.372901],[-80.122975,40.372656],[-80.122661,40.372589],[-80.121776,40.372537],[-80.120921,40.372284],[-80.120544,40.372307],[-80.120308,40.372257],[-80.120157,40.37231],[-80.119687,40.372291],[-80.119494,40.372204],[-80.120064,40.371763],[-80.121108,40.371336],[-80.121749,40.370983],[-80.122054,40.370739],[-80.122204,40.370481],[-80.122222,40.370318],[-80.122186,40.370006],[-80.12202,40.369683],[-80.12159,40.369164],[-80.121018,40.368682],[-80.120827,40.368631],[-80.120282,40.368342],[-80.120079,40.368173],[-80.119978,40.367935],[-80.119803,40.3658],[-80.11987,40.365031],[-80.119762,40.364786],[-80.119745,40.364295],[-80.119801,40.363062],[-80.119868,40.362853],[-80.11985,40.362631],[-80.119943,40.362245],[-80.11853,40.3634],[-80.11721,40.367445],[-80.113355,40.366789],[-80.113593,40.366293],[-80.113629,40.366047],[-80.113603,40.365634],[-80.113411,40.365355],[-80.11271,40.364872],[-80.111894,40.364455],[-80.110226,40.363857],[-80.109903,40.363781],[-80.108594,40.363653],[-80.107613,40.363348],[-80.106959,40.363289],[-80.106514,40.363373],[-80.10551,40.363451],[-80.104418,40.363736],[-80.104282,40.363685],[-80.103961,40.363267],[-80.10383,40.363172],[-80.103641,40.363137],[-80.103189,40.363174],[-80.102635,40.363367],[-80.101748,40.363546],[-80.099568,40.363464],[-80.098431,40.363632],[-80.097602,40.363649],[-80.096581,40.36376],[-80.095786,40.364031],[-80.095286,40.364127],[-80.094685,40.364319],[-80.094512,40.364559],[-80.094296,40.365549],[-80.094274,40.366315],[-80.094414,40.36686],[-80.094492,40.368109],[-80.094657,40.368881],[-80.094766,40.369138],[-80.09509,40.369608],[-80.09564,40.370138],[-80.095854,40.370266],[-80.09667,40.371145],[-80.096868,40.371572],[-80.096942,40.372024],[-80.09708,40.372253],[-80.098214,40.373429],[-80.098205,40.374032],[-80.098122,40.374255],[-80.097651,40.374982],[-80.097296,40.375289],[-80.097065,40.375653],[-80.096636,40.376107],[-80.095491,40.377178],[-80.094734,40.377623],[-80.094372,40.37808],[-80.093413,40.380287],[-80.09337,40.381767],[-80.093241,40.38255],[-80.093079,40.38314],[-80.092771,40.383535],[-80.092147,40.384536],[-80.092379,40.384677],[-80.093509,40.385071],[-80.095146,40.385202],[-80.096345,40.385106],[-80.096682,40.385008],[-80.097691,40.384497],[-80.098512,40.384299],[-80.09894,40.384262],[-80.099211,40.384304],[-80.09943,40.384441],[-80.099678,40.384697],[-80.099852,40.385176],[-80.099278,40.386411],[-80.098926,40.386911],[-80.098292,40.387347],[-80.100167,40.391576],[-80.101116,40.393336],[-80.101953,40.394514],[-80.10403,40.397037],[-80.105465,40.398893],[-80.105814,40.399424],[-80.106521,40.399103],[-80.107418,40.398447],[-80.107925,40.397988],[-80.109395,40.396405],[-80.110504,40.395479],[-80.111021,40.395146],[-80.111942,40.39478],[-80.112474,40.394621],[-80.113528,40.394463],[-80.114314,40.394461],[-80.115178,40.394565],[-80.116262,40.394894],[-80.116911,40.395212],[-80.117253,40.395442],[-80.119775,40.397425],[-80.120065,40.397573],[-80.1207,40.397793],[-80.121686,40.397943],[-80.122595,40.397881],[-80.128023,40.397111],[-80.129806,40.396759],[-80.130595,40.396501],[-80.131428,40.396118],[-80.133618,40.394843],[-80.134911,40.394158],[-80.135332,40.393999],[-80.136195,40.393794],[-80.136892,40.393718],[-80.138426,40.393782],[-80.143333,40.394255],[-80.143908,40.394362],[-80.144676,40.39462],[-80.144951,40.394793],[-80.145316,40.395078],[-80.145979,40.395758],[-80.15035,40.400868],[-80.151277,40.402008],[-80.153162,40.404521],[-80.153485,40.404835],[-80.153316,40.405008],[-80.15308,40.405847],[-80.15297,40.405906],[-80.152938,40.406047],[-80.152788,40.406163],[-80.152844,40.406252],[-80.152484,40.406786],[-80.152232,40.407478],[-80.152192,40.408089],[-80.152761,40.408776],[-80.152979,40.408876],[-80.153135,40.409041],[-80.153501,40.409187],[-80.154603,40.409806],[-80.154876,40.409876],[-80.155149,40.410049],[-80.155157,40.410104],[-80.15586,40.410218],[-80.157832,40.409381],[-80.158238,40.409288],[-80.158473,40.409317],[-80.158582,40.409259],[-80.159817,40.409125],[-80.161061,40.408739],[-80.161201,40.408757],[-80.16135,40.408956],[-80.161465,40.409949],[-80.161419,40.410132],[-80.161494,40.410448],[-80.161721,40.410524],[-80.162472,40.410619],[-80.162581,40.41056],[-80.162722,40.410578],[-80.163262,40.410321],[-80.163551,40.410104],[-80.165029,40.409964],[-80.165514,40.409736],[-80.165538,40.409413],[-80.165766,40.408609],[-80.165595,40.408298],[-80.165127,40.407804],[-80.165072,40.407616],[-80.165135,40.407335],[-80.165394,40.407041],[-80.165988,40.406754],[-80.166192,40.406491],[-80.16638,40.40608],[-80.166676,40.405699],[-80.166674,40.405576],[-80.16656,40.405399],[-80.166531,40.405194],[-80.166633,40.404953],[-80.166917,40.404479],[-80.167055,40.404417],[-80.167142,40.404313],[-80.168004,40.403135],[-80.168514,40.402149],[-80.168703,40.401997],[-80.169809,40.395094],[-80.170069,40.391443]]]}},{"type":"Feature","properties":{"geoid":"42003101900","name":"Census Tract 1019","land_m2":857102.0},"geometry":{"type":"Polygon","coordinates":[[[-79.947372,40.468533],[-79.947357,40.468214],[-79.947243,40.467973],[-79.946746,40.467453],[-79.946116,40.466964],[-79.946446,40.465466],[-79.939382,40.464533],[-79.936441,40.464676],[-79.932787,40.470637],[-79.93297,40.470724],[-79.934542,40.472147],[-79.93484,40.472336],[-79.935299,40.472514],[-79.93665,40.472855],[-79.937816,40.473056],[-79.938642,40.473093],[-79.939413,40.473044],[-79.940335,40.472844],[-79.942058,40.472258],[-79.943705,40.471945],[-79.944495,40.471634],[-79.945669,40.470753],[-79.946463,40.469997],[-79.946955,40.469387],[-79.947372,40.468533]]]}},{"type":"Feature","properties":{"geoid":"42003120900","name":"Census Tract 1209","land_m2":1153119.0},"geometry":{"type":"Polygon","coordinates":[[[-79.919804,40.465197],[-79.919904,40.46507],[-79.918938,40.464719],[-79.918354,40.464335],[-79.916953,40.46298],[-79.916376,40.462265],[-79.916071,40.46167],[-79.915809,40.460871],[-79.915681,40.460106],[-79.915771,40.459858],[-79.91644,40.458742],[-79.916739,40.45809],[-79.917412,40.457481],[-79.912424,40.454037],[-79.912284,40.454091],[-79.909403,40.45684],[-79.906056,40.461349],[-79.905791,40.461785],[-79.905595,40.462259],[-79.905617,40.462596],[-79.905711,40.462955],[-79.905932,40.463372],[-79.908337,40.466647],[-79.908728,40.467348],[-79.908819,40.467896],[-79.908622,40.470281],[-79.909237,40.470245],[-79.909546,40.470181],[-79.910349,40.469467],[-79.911133,40.4689],[-79.911707,40.468605],[-79.914271,40.467531],[-79.914935,40.4673],[-79.917798,40.466604],[-79.918799,40.466237],[-79.919229,40.465988],[-79.919455,40.465739],[-79.919804,40.465197]]]}},{"type":"Feature","properties":{"geoid":"42003130700","name":"Census Tract 1307","land_m2":1277523.0},"geometry":{"type":"Polygon","coordinates":[[[-79.909547,40.456691],[-79.907886,40.456061],[-79.907501,40.45597],[-79.906138,40.4558],[-79.90531,40.455482],[-79.905264,40.455556],[-79.902909,40.454892],[-79.902754,40.454906],[-79.902224,40.455693],[-79.901115,40.45849],[-79.898528,40.457906],[-79.897553,40.460394],[-79.897556,40.462082],[-79.892663,40.460974],[-79.892593,40.460914],[-79.892687,40.46063],[-79.890448,40.460111],[-79.891072,40.458522],[-79.888374,40.45791],[-79.887726,40.45651],[-79.888093,40.455527],[-79.886111,40.455076],[-79.885837,40.455095],[-79.884052,40.455486],[-79.883014,40.455405],[-79.880818,40.455055],[-79.879931,40.455244],[-79.879634,40.455376],[-79.878039,40.456826],[-79.877686,40.457094],[-79.878194,40.457694],[-79.878793,40.458292],[-79.879203,40.458874],[-79.879241,40.459152],[-79.879314,40.459112],[-79.889992,40.461829],[-79.889993,40.461679],[-79.893095,40.462408],[-79.894351,40.462573],[-79.894453,40.462543],[-79.896197,40.464035],[-79.898976,40.464668],[-79.904188,40.463314],[-79.905617,40.462596],[-79.905595,40.462259],[-79.905791,40.461785],[-79.906056,40.461349],[-79.909127,40.457189],[-79.909547,40.456691]]]}},{"type":"Feature","properties":{"geoid":"42003141200","name":"Census Tract 1412","land_m2":1396263.0},"geometry":{"type":"Polygon","coordinates":[[[-79.911304,40.44715],[-79.911435,40.446978],[-79.908285,40.44594],[-79.908444,40.445654],[-79.908191,40.44557],[-79.90873,40.444495],[-79.905877,40.44436],[-79.905196,40.445013],[-79.90528,40.445045],[-79.904786,40.445864],[-79.904431,40.445815],[-79.904109,40.445858],[-79.903365,40.446373],[-79.903227,40.446333],[-79.903112,40.446407],[-79.899555,40.445237],[-79.900134,40.444315],[-79.898771,40.443838],[-79.898743,40.443746],[-79.899329,40.442368],[-79.89938,40.441836],[-79.899505,40.441459],[-79.899735,40.441256],[-79.899777,40.441129],[-79.900036,40.441164],[-79.900286,40.440979],[-79.900251,40.440865],[-79.899879,40.440795],[-79.899924,40.44064],[-79.899879,40.440396],[-79.899681,40.440056],[-79.89958,40.43975],[-79.899485,40.43969],[-79.899485,40.439557],[-79.900267,40.439516],[-79.899769,40.438712],[-79.89934,40.438212],[-79.899042,40.437734],[-79.89896,40.436566],[-79.89899,40.436443],[-79.898672,40.435568],[-79.901368,40.42723],[-79.900688,40.427208],[-79.899495,40.426962],[-79.898927,40.426907],[-79.898755,40.426829],[-79.898453,40.426587],[-79.897921,40.426614],[-79.897239,40.426477],[-79.897009,40.426492],[-79.896233,40.426926],[-79.895608,40.426614],[-79.895177,40.426484],[-79.894803,40.426444],[-79.894207,40.426493],[-79.893595,40.426631],[-79.893286,40.426772],[-79.893006,40.426977],[-79.892906,40.427075],[-79.892639,40.427545],[-79.89218,40.427888],[-79.892328,40.427972],[-79.892313,40.428057],[-79.892878,40.428265],[-79.893762,40.426922],[-79.894251,40.427015],[-79.895096,40.428166],[-79.896629,40.427511],[-79.897111,40.427609],[-79.896643,40.430135],[-79.895568,40.434962],[-79.894864,40.438534],[-79.894842,40.438647],[-79.894915,40.438842],[-79.894231,40.441638],[-79.893584,40.444589],[-79.893225,40.446494],[-79.908192,40.451487],[-79.911304,40.44715]]]}},{"type":"Feature","properties":{"geoid":"42003130800","name":"Census Tract 1308","land_m2":1002798.0},"geometry":{"type":"Polygon","coordinates":[[[-79.9053,40.455496],[-79.903743,40.454774],[-79.902674,40.454339],[-79.894439,40.451112],[-79.892784,40.450302],[-79.892601,40.450561],[-79.892423,40.450455],[-79.892423,40.450266],[-79.891768,40.450098],[-79.891154,40.449821],[-79.890444,40.449459],[-79.889816,40.449051],[-79.889005,40.44833],[-79.888547,40.447844],[-79.888366,40.447735],[-79.88593,40.446907],[-79.884576,40.449303],[-79.884087,40.449144],[-79.884778,40.451852],[-79.884899,40.452131],[-79.885213,40.452548],[-79.885258,40.452696],[-79.885172,40.452868],[-79.885372,40.453168],[-79.885468,40.453436],[-79.885944,40.455074],[-79.886111,40.455076],[-79.901115,40.45849],[-79.902224,40.455693],[-79.902754,40.454906],[-79.902909,40.454892],[-79.905264,40.455556],[-79.9053,40.455496]]]}},{"type":"Feature","properties":{"geoid":"42003564800","name":"Census Tract 5648","land_m2":811955.0},"geometry":{"type":"Polygon","coordinates":[[[-79.887176,40.444646],[-79.887128,40.444464],[-79.877717,40.441348],[-79.875266,40.445748],[-79.873802,40.446136],[-79.872043,40.44679],[-79.870244,40.447983],[-79.869855,40.448363],[-79.869001,40.448992],[-79.868994,40.449061],[-79.867395,40.449097],[-79.867561,40.449389],[-79.872685,40.449367],[-79.878312,40.449922],[-79.881216,40.449352],[-79.881472,40.44931],[-79.881614,40.449379],[-79.882185,40.449189],[-79.882899,40.449151],[-79.884029,40.448918],[-79.884087,40.449144],[-79.884576,40.449303],[-79.887134,40.444811],[-79.887176,40.444646]]]}},{"type":"Feature","properties":{"geoid":"42003010302","name":"Census Tract 103.02","land_m2":580660.0},"geometry":{"type":"Polygon","coordinates":[[[-79.994576,40.435873],[-79.994623,40.435796],[-79.99447,40.43573],[-79.992678,40.435175],[-79.991293,40.434877],[-79.988473,40.434861],[-79.986771,40.434982],[-79.981525,40.435728],[-79.977806,40.436175],[-79.973961,40.436564],[-79.972874,40.436527],[-79.972643,40.437695],[-79.973546,40.437948],[-79.975887,40.438147],[-79.993711,40.438921],[-79.994011,40.438129],[-79.994476,40.436138],[-79.994576,40.435873]]]}},{"type":"Feature","properties":{"geoid":"42003010301","name":"Census Tract 103.01","land_m2":276652.0},"geometry":{"type":"Polygon","coordinates":[[[-79.996738,40.432801],[-79.994527,40.432609],[-79.994077,40.432629],[-79.993415,40.432558],[-79.993405,40.432613],[-79.98811,40.432601],[-79.982926,40.433365],[-79.97915,40.433811],[-79.975474,40.434369],[-79.973502,40.433877],[-79.972874,40.436527],[-79.973961,40.436564],[-79.976005,40.436368],[-79.981525,40.435728],[-79.986771,40.434982],[-79.988473,40.434861],[-79.991293,40.434877],[-79.992678,40.435175],[-79.994623,40.435796],[-79.99568,40.434158],[-79.996205,40.433602],[-79.996738,40.432801]]]}},{"type":"Feature","properties":{"geoid":"42003564700","name":"Census Tract 5647","land_m2":942558.0},"geometry":{"type":"Polygon","coordinates":[[[-79.887639,40.444642],[-79.887688,40.444658],[-79.886548,40.440502],[-79.885782,40.436843],[-79.882656,40.436087],[-79.879181,40.43399],[-79.877533,40.435505],[-79.876363,40.434782],[-79.87418,40.435264],[-79.874237,40.435016],[-79.874031,40.434192],[-79.871925,40.433681],[-79.871996,40.433543],[-79.86675,40.431325],[-79.865552,40.432888],[-79.866176,40.433248],[-79.868532,40.434384],[-79.87108,40.43551],[-79.871502,40.435648],[-79.872539,40.436173],[-79.873513,40.437085],[-79.874041,40.437985],[-79.875158,40.438926],[-79.875861,40.439322],[-79.87628,40.439757],[-79.876638,40.440842],[-79.8768,40.441008],[-79.877717,40.441348],[-79.887639,40.444642]]]}},{"type":"Feature","properties":{"geoid":"42003412004","name":"Census Tract 4120.04","land_m2":18597920.0},"geometry":{"type":"Polygon","coordinates":[[[-80.158691,40.609232],[-80.158645,40.605241],[-80.133763,40.588242],[-80.134502,40.588227],[-80.12942,40.585497],[-80.124085,40.582201],[-80.104285,40.569102],[-80.098534,40.565063],[-80.093947,40.562057],[-80.092801,40.561407],[-80.090962,40.560068],[-80.084993,40.556124],[-80.084788,40.556778],[-80.084718,40.557191],[-80.084671,40.558052],[-80.084863,40.559099],[-80.085014,40.559571],[-80.085218,40.560036],[-80.085747,40.560944],[-80.086137,40.561397],[-80.089133,40.564347],[-80.089581,40.564952],[-80.089849,40.565487],[-80.090095,40.566443],[-80.090367,40.569938],[-80.090569,40.570736],[-80.090866,40.571432],[-80.091302,40.57217],[-80.099139,40.583472],[-80.099613,40.584333],[-80.09978,40.584743],[-80.099926,40.585283],[-80.1,40.585859],[-80.09997,40.586587],[-80.099904,40.586987],[-80.099678,40.587706],[-80.09924,40.588598],[-80.095285,40.594293],[-80.094739,40.595165],[-80.094197,40.596296],[-80.093834,40.59744],[-80.093721,40.598022],[-80.093638,40.599115],[-80.0937,40.600293],[-80.095701,40.615772],[-80.145188,40.614749],[-80.14511,40.613447],[-80.145491,40.613473],[-80.147224,40.612424],[-80.147691,40.612207],[-80.1484,40.612075],[-80.150004,40.61206],[-80.150139,40.611886],[-80.150872,40.611615],[-80.15113,40.611475],[-80.151642,40.611145],[-80.15172,40.610431],[-80.151685,40.610219],[-80.151915,40.60953],[-80.152062,40.609399],[-80.152508,40.609441],[-80.152836,40.609329],[-80.153287,40.608951],[-80.153515,40.608586],[-80.153647,40.608457],[-80.15377,40.608407],[-80.154352,40.608464],[-80.154568,40.608354],[-80.154795,40.608061],[-80.155013,40.608013],[-80.155876,40.608178],[-80.156361,40.608371],[-80.157008,40.608714],[-80.157916,40.608981],[-80.158401,40.609042],[-80.158691,40.609232]]]}},{"type":"Feature","properties":{"geoid":"42003513000","name":"Census Tract 5130","land_m2":2584742.0},"geometry":{"type":"Polygon","coordinates":[[[-79.872022,40.412568],[-79.871932,40.412223],[-79.871335,40.411718],[-79.870971,40.411969],[-79.8661,40.407889],[-79.865685,40.40734],[-79.865447,40.406872],[-79.865408,40.404975],[-79.865367,40.404487],[-79.865198,40.403558],[-79.864495,40.402435],[-79.862932,40.401127],[-79.862457,40.400828],[-79.862081,40.400476],[-79.861471,40.400069],[-79.860199,40.399083],[-79.859866,40.398864],[-79.858768,40.398358],[-79.864108,40.392268],[-79.853443,40.388406],[-79.852439,40.389852],[-79.852031,40.390205],[-79.851916,40.390725],[-79.851799,40.391695],[-79.851661,40.392152],[-79.851784,40.392525],[-79.852875,40.392733],[-79.853208,40.393044],[-79.852952,40.393739],[-79.852345,40.39431],[-79.851697,40.394513],[-79.84977,40.394277],[-79.847897,40.393804],[-79.84671,40.393618],[-79.846419,40.393965],[-79.847116,40.39414],[-79.847639,40.394389],[-79.847941,40.394609],[-79.847421,40.395052],[-79.845504,40.399054],[-79.845857,40.399539],[-79.84637,40.401769],[-79.847561,40.402846],[-79.850395,40.403615],[-79.852378,40.404833],[-79.852613,40.405044],[-79.852898,40.405403],[-79.85292,40.405504],[-79.852737,40.406168],[-79.851752,40.409505],[-79.851813,40.40981],[-79.852959,40.408972],[-79.86055,40.409023],[-79.86094,40.411745],[-79.864517,40.411392],[-79.869512,40.414043],[-79.870457,40.413537],[-79.872022,40.412568]]]}},{"type":"Feature","properties":{"geoid":"42003411002","name":"Census Tract 4110.02","land_m2":11741810.0},"geometry":{"type":"Polygon","coordinates":[[[-80.098122,40.635427],[-80.097855,40.632482],[-80.095701,40.615772],[-80.071835,40.616268],[-80.068301,40.616286],[-80.068713,40.622754],[-80.068861,40.623336],[-80.068916,40.625057],[-80.069179,40.628701],[-80.069356,40.632872],[-80.070928,40.632862],[-80.07893,40.632606],[-80.078967,40.631663],[-80.078735,40.629645],[-80.084227,40.629515],[-80.088412,40.629308],[-80.088739,40.635803],[-80.096047,40.635506],[-80.096534,40.637835],[-80.096522,40.638332],[-80.08885,40.638616],[-80.088915,40.640853],[-80.087524,40.640953],[-80.08757,40.642009],[-80.082349,40.642157],[-80.083224,40.645013],[-80.083166,40.646011],[-80.081651,40.645925],[-80.08057,40.645662],[-80.079649,40.645061],[-80.079582,40.642329],[-80.069778,40.642567],[-80.069963,40.64715],[-80.070819,40.662409],[-80.071434,40.674935],[-80.095724,40.674179],[-80.094821,40.672065],[-80.094427,40.670992],[-80.093939,40.669254],[-80.093399,40.666835],[-80.092521,40.663588],[-80.092314,40.662534],[-80.092129,40.661054],[-80.092107,40.659598],[-80.092212,40.658401],[-80.092676,40.656257],[-80.097228,40.643083],[-80.097776,40.640648],[-80.098093,40.638077],[-80.098122,40.635427]]]}},{"type":"Feature","properties":{"geoid":"42003411001","name":"Census Tract 4110.01","land_m2":28251911.0},"geometry":{"type":"Polygon","coordinates":[[[-80.148497,40.673769],[-80.148379,40.670284],[-80.147786,40.661158],[-80.147153,40.649531],[-80.146693,40.64234],[-80.146581,40.639106],[-80.145188,40.614749],[-80.095701,40.615772],[-80.097888,40.632764],[-80.098115,40.635057],[-80.098093,40.638077],[-80.097776,40.640648],[-80.097228,40.643083],[-80.092676,40.656257],[-80.092212,40.658401],[-80.092091,40.660307],[-80.092221,40.661894],[-80.092491,40.663453],[-80.093399,40.666835],[-80.093939,40.669254],[-80.094427,40.670992],[-80.094821,40.672065],[-80.095724,40.674179],[-80.101438,40.673983],[-80.11994,40.673788],[-80.127791,40.673604],[-80.148497,40.673769]]]}},{"type":"Feature","properties":{"geoid":"42003409002","name":"Census Tract 4090.02","land_m2":19790372.0},"geometry":{"type":"Polygon","coordinates":[[[-80.071393,40.674174],[-80.070819,40.662409],[-80.070397,40.655154],[-80.069671,40.655061],[-80.068113,40.654719],[-80.061673,40.652842],[-80.060019,40.65256],[-80.055271,40.65247],[-80.046429,40.652422],[-80.045191,40.652362],[-80.043968,40.652203],[-80.04301,40.652002],[-80.041816,40.651661],[-80.040708,40.651235],[-80.039666,40.650722],[-80.038663,40.650105],[-80.037762,40.649416],[-80.031671,40.644369],[-80.03071,40.643775],[-80.029579,40.64333],[-80.028474,40.643094],[-80.027791,40.643032],[-80.027048,40.643034],[-80.02607,40.643153],[-80.020265,40.644301],[-80.019029,40.644373],[-80.018287,40.644331],[-80.017555,40.644227],[-80.016446,40.643946],[-80.015744,40.643675],[-80.010609,40.640961],[-80.009547,40.64047],[-80.008398,40.640129],[-80.007184,40.639947],[-80.006193,40.639925],[-79.99887,40.640486],[-79.998137,40.640455],[-79.996861,40.640222],[-79.995798,40.639823],[-79.994846,40.639258],[-79.994364,40.638867],[-79.992719,40.637346],[-79.992723,40.637495],[-79.99225,40.637064],[-79.993301,40.657131],[-79.993936,40.66804],[-79.99396,40.669604],[-79.994174,40.673571],[-80.021006,40.674061],[-80.071393,40.674174]]]}},{"type":"Feature","properties":{"geoid":"42003412003","name":"Census Tract 4120.03","land_m2":8272797.0},"geometry":{"type":"Polygon","coordinates":[[[-80.098839,40.589189],[-80.098149,40.588956],[-80.097715,40.588714],[-80.094794,40.586462],[-80.094522,40.586306],[-80.093814,40.586143],[-80.092801,40.586001],[-80.091683,40.585987],[-80.090634,40.586087],[-80.090195,40.586007],[-80.090179,40.585898],[-80.08892,40.584389],[-80.087057,40.58257],[-80.086363,40.582015],[-80.085131,40.581395],[-80.084925,40.581324],[-80.084583,40.581299],[-80.082162,40.58152],[-80.081739,40.581519],[-80.081332,40.581356],[-80.07937,40.580311],[-80.07933,40.581494],[-80.079448,40.583349],[-80.079428,40.584041],[-80.079313,40.584194],[-80.078465,40.584896],[-80.078033,40.584989],[-80.074019,40.585429],[-80.069041,40.585578],[-80.068717,40.585104],[-80.068557,40.58495],[-80.066701,40.584012],[-80.066804,40.58608],[-80.067364,40.594218],[-80.06766,40.602604],[-80.067614,40.603786],[-80.067819,40.60707],[-80.068057,40.612536],[-80.068301,40.616286],[-80.071835,40.616268],[-80.095701,40.615772],[-80.0937,40.600293],[-80.093638,40.599115],[-80.093721,40.598022],[-80.093834,40.59744],[-80.094197,40.596296],[-80.094739,40.595165],[-80.095285,40.594293],[-80.098839,40.589189]]]}},{"type":"Feature","properties":{"geoid":"42003563201","name":"Census Tract 5632.01","land_m2":315777.0},"geometry":{"type":"Polygon","coordinates":[[[-80.004693,40.449657],[-80.003872,40.44706],[-80.003344,40.445648],[-80.0,40.446601],[-79.997924,40.447273],[-79.995621,40.448442],[-79.992395,40.450413],[-79.990791,40.451588],[-79.993442,40.453819],[-79.995614,40.452402],[-79.996355,40.451975],[-79.996759,40.451676],[-79.997578,40.451272],[-80.001205,40.450367],[-80.004693,40.449657]]]}},{"type":"Feature","properties":{"geoid":"42003409001","name":"Census Tract 4090.01","land_m2":24155865.0},"geometry":{"type":"Polygon","coordinates":[[[-80.070397,40.655154],[-80.069839,40.644724],[-80.069594,40.637735],[-80.069533,40.636592],[-80.069498,40.636537],[-80.069179,40.628701],[-80.068916,40.625057],[-80.068861,40.623336],[-80.068713,40.622754],[-80.068057,40.612536],[-80.032958,40.613286],[-79.99114,40.614313],[-79.99225,40.637064],[-79.992723,40.637495],[-79.992719,40.637346],[-79.994682,40.639131],[-79.995226,40.639512],[-79.995798,40.639823],[-79.996861,40.640222],[-79.997678,40.640393],[-79.998638,40.640485],[-79.999338,40.640476],[-80.006193,40.639925],[-80.007184,40.639947],[-80.008398,40.640129],[-80.009547,40.64047],[-80.010609,40.640961],[-80.015744,40.643675],[-80.016843,40.644064],[-80.017555,40.644227],[-80.018287,40.644331],[-80.019029,40.644373],[-80.019772,40.644352],[-80.020508,40.64427],[-80.026556,40.643075],[-80.027791,40.643032],[-80.02911,40.643207],[-80.030254,40.643566],[-80.030913,40.643883],[-80.031671,40.644369],[-80.037762,40.649416],[-80.038663,40.650105],[-80.039666,40.650722],[-80.040708,40.651235],[-80.041816,40.651661],[-80.042774,40.651946],[-80.044211,40.652239],[-80.045191,40.652362],[-80.046429,40.652422],[-80.055271,40.65247],[-80.060019,40.65256],[-80.061673,40.652842],[-80.068113,40.654719],[-80.069671,40.655061],[-80.070397,40.655154]]]}},{"type":"Feature","properties":{"geoid":"42003241300","name":"Census Tract 2413","land_m2":1906191.0},"geometry":{"type":"Polygon","coordinates":[[[-79.995483,40.458216],[-79.995477,40.458101],[-79.994827,40.458211],[-79.994586,40.458175],[-79.991304,40.456734],[-79.993099,40.455788],[-79.994669,40.455404],[-79.994611,40.455153],[-79.994449,40.454832],[-79.993764,40.455206],[-79.993431,40.455261],[-79.992928,40.455228],[-79.992281,40.454771],[-79.993442,40.453819],[-79.990791,40.451588],[-79.980621,40.45904],[-79.979634,40.460081],[-79.976016,40.463091],[-79.97156,40.468988],[-79.970767,40.470658],[-79.971745,40.47047],[-79.972852,40.470341],[-79.973398,40.470087],[-79.974109,40.469563],[-79.974678,40.469436],[-79.977261,40.470884],[-79.978792,40.47161],[-79.978857,40.471487],[-79.979695,40.470771],[-79.981146,40.469894],[-79.981813,40.469343],[-79.983019,40.467312],[-79.98296,40.467263],[-79.983868,40.466322],[-79.985881,40.471901],[-79.987097,40.474687],[-79.988092,40.476763],[-79.988931,40.47704],[-79.992688,40.477387],[-79.993328,40.47742],[-79.995023,40.477361],[-79.993414,40.476661],[-79.993286,40.474592],[-79.992274,40.473556],[-79.991456,40.473601],[-79.990812,40.47265],[-79.990709,40.472358],[-79.990512,40.472051],[-79.990054,40.471541],[-79.989844,40.471087],[-79.989688,40.470895],[-79.989265,40.470867],[-79.988713,40.470685],[-79.988337,40.47043],[-79.987973,40.470023],[-79.987834,40.469503],[-79.987736,40.468594],[-79.987056,40.467766],[-79.986664,40.46633],[-79.986913,40.464319],[-79.98704,40.463835],[-79.987304,40.463693],[-79.988339,40.462102],[-79.988984,40.462488],[-79.989009,40.462459],[-79.988847,40.462177],[-79.990206,40.461589],[-79.990363,40.461757],[-79.991257,40.461469],[-79.991619,40.46147],[-79.992177,40.461114],[-79.992302,40.461727],[-79.992708,40.46152],[-79.993186,40.461223],[-79.99395,40.460536],[-79.994459,40.459954],[-79.994721,40.459588],[-79.995483,40.458216]]]}},{"type":"Feature","properties":{"geoid":"42003563202","name":"Census Tract 5632.02","land_m2":609332.0},"geometry":{"type":"Polygon","coordinates":[[[-80.002621,40.456219],[-80.000906,40.450857],[-80.00134,40.450776],[-80.001205,40.450367],[-79.997578,40.451272],[-79.996759,40.451676],[-79.996355,40.451975],[-79.995614,40.452402],[-79.993442,40.453819],[-79.992281,40.454771],[-79.992928,40.455228],[-79.993431,40.455261],[-79.993764,40.455206],[-79.994449,40.454832],[-79.994611,40.455153],[-79.994669,40.455404],[-79.993099,40.455788],[-79.991304,40.456734],[-79.994586,40.458175],[-79.994827,40.458211],[-79.995477,40.458101],[-79.995435,40.458331],[-79.994643,40.459719],[-79.99395,40.460536],[-79.993186,40.461223],[-79.993358,40.461166],[-79.993786,40.460815],[-79.99518,40.459948],[-79.996469,40.459303],[-79.996868,40.459233],[-79.997456,40.459011],[-79.999403,40.458605],[-79.999617,40.459298],[-79.99973,40.459878],[-80.000044,40.459771],[-80.00005,40.459961],[-80.000976,40.45942],[-80.000828,40.458954],[-80.002238,40.458682],[-80.002123,40.458133],[-80.001567,40.456413],[-80.002621,40.456219]]]}},{"type":"Feature","properties":{"geoid":"42003565200","name":"Census Tract 5652","land_m2":1284592.0},"geometry":{"type":"Polygon","coordinates":[[[-80.031314,40.461659],[-80.031345,40.461532],[-80.030635,40.460983],[-80.030582,40.460885],[-80.028268,40.453679],[-80.027425,40.45121],[-80.027283,40.450976],[-80.026802,40.451056],[-80.026642,40.450565],[-80.025171,40.450833],[-80.024991,40.450414],[-80.018897,40.451518],[-80.020109,40.4552],[-80.018251,40.455555],[-80.018075,40.455769],[-80.017775,40.455769],[-80.017475,40.455869],[-80.016511,40.455883],[-80.015348,40.456096],[-80.016394,40.459252],[-80.018347,40.46043],[-80.018796,40.461268],[-80.019244,40.461882],[-80.019624,40.462261],[-80.020386,40.462843],[-80.020834,40.463127],[-80.021049,40.463194],[-80.021586,40.463253],[-80.022035,40.46338],[-80.022707,40.463783],[-80.026809,40.462995],[-80.028889,40.462759],[-80.029053,40.462868],[-80.029106,40.462832],[-80.029415,40.463079],[-80.031341,40.461742],[-80.031314,40.461659]]]}},{"type":"Feature","properties":{"geoid":"42003565100","name":"Census Tract 5651","land_m2":672618.0},"geometry":{"type":"Polygon","coordinates":[[[-80.020109,40.4552],[-80.019429,40.453102],[-80.014568,40.453966],[-80.001567,40.456413],[-80.002123,40.458133],[-80.002238,40.458682],[-80.002958,40.458548],[-80.004649,40.458756],[-80.005534,40.458972],[-80.00684,40.459073],[-80.007764,40.458855],[-80.007944,40.459128],[-80.008331,40.459355],[-80.008496,40.459599],[-80.008736,40.461217],[-80.009072,40.461141],[-80.009969,40.460037],[-80.010202,40.459896],[-80.012172,40.460072],[-80.012892,40.460258],[-80.012951,40.460208],[-80.015449,40.459736],[-80.015359,40.459466],[-80.01642,40.459273],[-80.015348,40.456096],[-80.016511,40.455883],[-80.017475,40.455869],[-80.017775,40.455769],[-80.018075,40.455769],[-80.018251,40.455555],[-80.020109,40.4552]]]}},{"type":"Feature","properties":{"geoid":"42003261300","name":"Census Tract 2613","land_m2":1957399.0},"geometry":{"type":"Polygon","coordinates":[[[-80.01783,40.497353],[-80.017868,40.497246],[-80.017703,40.497343],[-80.017226,40.497327],[-80.016443,40.497447],[-80.016155,40.49741],[-80.01443,40.496585],[-80.014001,40.496478],[-80.013546,40.496516],[-80.012505,40.496706],[-80.01174,40.493996],[-80.011368,40.493055],[-80.011203,40.492203],[-80.01079,40.490986],[-80.010436,40.489685],[-80.010012,40.487813],[-80.009745,40.486341],[-80.009186,40.483734],[-80.00898,40.483482],[-80.008762,40.483374],[-80.008453,40.483253],[-80.007846,40.483127],[-80.007554,40.481681],[-80.007509,40.480859],[-80.007549,40.479895],[-80.007815,40.476997],[-80.007658,40.47636],[-80.007463,40.47589],[-80.007236,40.475523],[-80.005964,40.473731],[-80.004997,40.472209],[-80.002868,40.473201],[-80.00055,40.473292],[-80.0005,40.474176],[-79.999213,40.474314],[-79.997696,40.474594],[-79.997282,40.474573],[-79.996431,40.474429],[-79.996084,40.474456],[-79.995833,40.474536],[-79.995987,40.477332],[-79.995346,40.477361],[-79.996517,40.479186],[-79.998539,40.478906],[-79.998778,40.479814],[-80.001683,40.480082],[-80.001767,40.482428],[-80.003188,40.482376],[-80.003703,40.490625],[-80.003992,40.496288],[-80.003932,40.496285],[-80.003951,40.497455],[-80.004022,40.497788],[-80.005009,40.49715],[-80.006336,40.49739],[-80.00746,40.497957],[-80.00776,40.497978],[-80.007789,40.497519],[-80.009124,40.497541],[-80.009228,40.498475],[-80.008913,40.499142],[-80.010681,40.499096],[-80.010817,40.501037],[-80.011166,40.500754],[-80.011673,40.500214],[-80.011933,40.499778],[-80.012209,40.499171],[-80.012258,40.498879],[-80.012373,40.498756],[-80.013336,40.498719],[-80.015759,40.499909],[-80.016551,40.499773],[-80.016984,40.499834],[-80.017245,40.498936],[-80.01783,40.497353]]]}},{"type":"Feature","properties":{"geoid":"42003271600","name":"Census Tract 2716","land_m2":1789995.0},"geometry":{"type":"Polygon","coordinates":[[[-80.037863,40.47286],[-80.037181,40.47199],[-80.037436,40.471775],[-80.037709,40.47177],[-80.036311,40.469388],[-80.035686,40.467986],[-80.035414,40.467504],[-80.033893,40.46583],[-80.032257,40.463663],[-80.031736,40.462879],[-80.031486,40.462989],[-80.030836,40.462277],[-80.030776,40.462125],[-80.029415,40.463079],[-80.029106,40.462832],[-80.029053,40.462868],[-80.028889,40.462759],[-80.026809,40.462995],[-80.0231,40.463685],[-80.022707,40.463783],[-80.023891,40.464703],[-80.024801,40.465645],[-80.02533,40.469015],[-80.025828,40.470612],[-80.023693,40.47117],[-80.022622,40.472168],[-80.020603,40.472173],[-80.017176,40.472311],[-80.017371,40.477294],[-80.018531,40.477265],[-80.018869,40.476989],[-80.019715,40.476589],[-80.021524,40.476519],[-80.021533,40.476614],[-80.02169,40.476668],[-80.022731,40.476661],[-80.022932,40.476569],[-80.024629,40.47657],[-80.025326,40.476207],[-80.025818,40.476211],[-80.026161,40.476358],[-80.026349,40.476195],[-80.026611,40.476337],[-80.026124,40.476553],[-80.026241,40.476647],[-80.026461,40.476541],[-80.026729,40.476704],[-80.026847,40.476594],[-80.026632,40.476472],[-80.026761,40.476423],[-80.027297,40.476728],[-80.026584,40.477454],[-80.026996,40.477683],[-80.025803,40.478892],[-80.025808,40.478975],[-80.025974,40.478965],[-80.026001,40.479369],[-80.023509,40.479397],[-80.024924,40.48177],[-80.02498,40.481761],[-80.025677,40.482748],[-80.025582,40.480738],[-80.026681,40.480261],[-80.027289,40.479868],[-80.027875,40.478345],[-80.028113,40.478134],[-80.029511,40.477527],[-80.029883,40.477116],[-80.030087,40.476585],[-80.030212,40.476476],[-80.030561,40.476437],[-80.031876,40.476498],[-80.032434,40.476461],[-80.03311,40.476276],[-80.034163,40.475795],[-80.035117,40.475091],[-80.034862,40.474143],[-80.036495,40.47262],[-80.036501,40.472813],[-80.036286,40.47316],[-80.035275,40.474087],[-80.035243,40.474167],[-80.035303,40.47428],[-80.035782,40.474677],[-80.036528,40.474903],[-80.037863,40.47286]]]}},{"type":"Feature","properties":{"geoid":"42003562901","name":"Census Tract 5629.01","land_m2":2251624.0},"geometry":{"type":"Polygon","coordinates":[[[-79.959543,40.428917],[-79.960197,40.428542],[-79.955973,40.424569],[-79.954573,40.420769],[-79.952317,40.411237],[-79.953093,40.411183],[-79.952613,40.408854],[-79.952201,40.407245],[-79.951621,40.405367],[-79.950849,40.403751],[-79.949915,40.402401],[-79.949021,40.401306],[-79.948135,40.400422],[-79.946805,40.399352],[-79.9455,40.398462],[-79.943941,40.397775],[-79.94259,40.397328],[-79.941109,40.397127],[-79.937758,40.39695],[-79.937729,40.396786],[-79.937277,40.396645],[-79.935397,40.396903],[-79.935756,40.399481],[-79.936211,40.399448],[-79.937746,40.399485],[-79.938784,40.399678],[-79.939594,40.399915],[-79.940266,40.40021],[-79.941426,40.400942],[-79.94191,40.401322],[-79.942633,40.402152],[-79.943143,40.403109],[-79.943444,40.404091],[-79.945026,40.411241],[-79.942053,40.411797],[-79.939943,40.412649],[-79.939491,40.413339],[-79.939216,40.41549],[-79.938725,40.415795],[-79.937257,40.417609],[-79.936902,40.417935],[-79.935744,40.418795],[-79.93383,40.419788],[-79.937605,40.419162],[-79.941039,40.418871],[-79.947559,40.421993],[-79.949506,40.425095],[-79.950078,40.424883],[-79.950647,40.425076],[-79.950875,40.425033],[-79.951037,40.424912],[-79.951014,40.425043],[-79.950873,40.425179],[-79.949785,40.425607],[-79.949835,40.425665],[-79.950794,40.425488],[-79.952036,40.424917],[-79.952288,40.424898],[-79.952236,40.425429],[-79.951956,40.426016],[-79.950431,40.427598],[-79.951078,40.427453],[-79.952371,40.427393],[-79.953058,40.427463],[-79.953919,40.427659],[-79.954412,40.427837],[-79.955076,40.428166],[-79.95578,40.428651],[-79.956272,40.429113],[-79.956625,40.428868],[-79.957739,40.42995],[-79.959543,40.428917]]]}},{"type":"Feature","properties":{"geoid":"42003161000","name":"Census Tract 1610","land_m2":2646060.0},"geometry":{"type":"Polygon","coordinates":[[[-79.982259,40.417667],[-79.982185,40.416083],[-79.981887,40.416106],[-79.981571,40.410415],[-79.980801,40.409485],[-79.980876,40.408877],[-79.981091,40.40784],[-79.980479,40.40716],[-79.97925,40.406702],[-79.978612,40.406378],[-79.978262,40.406149],[-79.977877,40.405707],[-79.975892,40.404375],[-79.976555,40.40392],[-79.975946,40.404034],[-79.975872,40.404196],[-79.975308,40.404496],[-79.974847,40.404633],[-79.973135,40.404869],[-79.972606,40.404811],[-79.972225,40.405017],[-79.969312,40.405479],[-79.96889,40.405645],[-79.966455,40.407015],[-79.965212,40.407973],[-79.965259,40.408328],[-79.964419,40.409176],[-79.96377,40.409502],[-79.963584,40.40948],[-79.96283,40.409671],[-79.962001,40.409676],[-79.960549,40.409822],[-79.960142,40.409915],[-79.959693,40.409906],[-79.95949,40.409751],[-79.959055,40.409778],[-79.958292,40.409969],[-79.957811,40.410337],[-79.957264,40.410556],[-79.956782,40.41063],[-79.956366,40.410631],[-79.955976,40.410467],[-79.955098,40.410546],[-79.955252,40.411062],[-79.955836,40.410947],[-79.955754,40.414277],[-79.955901,40.415388],[-79.956414,40.417],[-79.957386,40.418443],[-79.957899,40.419006],[-79.958163,40.419221],[-79.961288,40.421257],[-79.961429,40.421121],[-79.961618,40.42124],[-79.962728,40.420321],[-79.962568,40.420188],[-79.962724,40.420099],[-79.96304,40.419286],[-79.963596,40.419024],[-79.964039,40.418266],[-79.965105,40.417431],[-79.966441,40.417208],[-79.967064,40.417184],[-79.970376,40.417633],[-79.970902,40.417649],[-79.975699,40.417128],[-79.976025,40.417165],[-79.976582,40.417682],[-79.976754,40.417751],[-79.978348,40.417923],[-79.978869,40.417957],[-79.980602,40.41772],[-79.982259,40.417667]]]}}]}